label,seed,prompt,quality,dynamic_degree,motion_smoothness,temporal_flickering,imaging_quality,aesthetic_quality,subject_consistency,background_consistency,subject_inclip,subject_clip2clip,background_inclip,background_clip2clip
sf,0,0,0.7887540545703403,0.21666666666666667,0.992203982995887,0.984958602875666,0.599957047363122,0.5638895476857821,0.970826497038907,0.9613278959994017,0.9810286219882708,0.6619002164294154,0.9638510427167339,0.7241209050861456
sf,0,1,0.7713518459387567,0.18333333333333332,0.9934096908248551,0.9889773682052015,0.6465825400551161,0.4376344213883082,0.9489150294970913,0.9567995422274804,0.9718789395145192,0.4692124134971429,0.9602120348202284,0.6270594826694262
sf,0,2,0.7924778091090765,0.26666666666666666,0.9899898275985222,0.9863394829338673,0.58404628576835,0.571318240960439,0.9779159800973358,0.9637307499847803,0.9827382548842379,0.7449513265894632,0.9705954931115592,0.6863518397686845
sf,0,3,0.7339785672039709,0.0,0.991947301626684,0.9881355236558353,0.5141962451736133,0.40681084046761196,0.9597953205942886,0.9615957971448152,0.9847103871485238,0.517351778216218,0.9689117103494624,0.6417477321574243
sf,0,4,0.7827146604616844,0.016666666666666666,0.9928519299761244,0.9906714678044412,0.6062064816355706,0.5798994864026705,0.9802373224243476,0.9685862136650818,0.9848358741050126,0.7672924336235402,0.9738342941448253,0.787752530079777
sf,0,5,0.7712493716656129,0.016666666666666666,0.9932529768544704,0.9893133047047784,0.7211913497646649,0.4071945572892825,0.9719966979590648,0.9649936791612723,0.9851027408274272,0.6511412955567999,0.969391591061828,0.7559667724674031
sf,0,6,0.7935497704103316,0.23333333333333334,0.9909867260528975,0.9831159746335222,0.7015404033660889,0.48431793302297593,0.974741012391662,0.9653075054899625,0.9799936857114557,0.718014372607409,0.9692909158686155,0.7638323461100206
sf,0,7,0.7910069111241219,0.26666666666666666,0.9905802061657404,0.9866488818639245,0.6443950068255264,0.48979858607053756,0.9818064146685593,0.9668276786237558,0.9837855556639293,0.8029850064697912,0.9714846375168009,0.7733461371922897
sf,0,8,0.8221053045430883,0.2833333333333333,0.9936443756124542,0.9924538414969164,0.7117566985885303,0.588914097348849,0.9795954478290246,0.9695951311844593,0.987552990307731,0.7320401063031059,0.981109159736223,0.71267031638299
sf,0,9,0.7908758821384528,0.5333333333333333,0.9867112328018222,0.9775015563590853,0.6194378849466643,0.45398039470116297,0.9608218406014088,0.9587902888388908,0.9813980598443297,0.5430366108904324,0.9626034316196238,0.6541801492794085
sf,0,10,0.7619624918122662,0.0,0.9924849770344245,0.9910855856674171,0.6137351436416308,0.4589652597904205,0.969417877514704,0.9683378032269828,0.9874935735778141,0.5979890384537688,0.9802295971942204,0.6799035754244206
sf,0,11,0.7442654778394865,0.0,0.9925171966031634,0.9889650590279524,0.4651911130646864,0.4873965084552765,0.9828172008399861,0.9646440050662899,0.9888756260436068,0.7765383669885538,0.9650594075520833,0.8015983440613342
sf,0,12,0.8121103070153646,0.45,0.9837246767995095,0.9797746251455319,0.6250395879248778,0.6070278619726499,0.9714223968645421,0.9681981642906935,0.9675025952599382,0.7651219489210743,0.9750787550403227,0.763770943981106
sf,0,13,0.7992953465503698,0.25,0.9914947630224338,0.9864806593399422,0.6606937352617581,0.5530568758646647,0.9712548503573963,0.9611603424381528,0.9810748349755042,0.67057954014863,0.9642311670446908,0.7128019781183388
sf,0,14,0.812535140891461,0.65,0.9850089629536524,0.979464484227249,0.6592360318303108,0.5046913832426071,0.9554265726364846,0.9579087673990413,0.9611154181662426,0.5921754603810861,0.9581989247311828,0.7035913851301548
sf,0,15,0.7830506577211218,0.0,0.9918604409211601,0.989918830106461,0.7140722060203551,0.4801604298253854,0.9803144785111751,0.9742962434624565,0.9945926825686165,0.6961735404270181,0.9860255743867608,0.7801506688534203
sf,0,16,0.8491036955632165,0.8333333333333334,0.9857768111803867,0.9787697354952495,0.6872825056711832,0.6018263747294744,0.9691069862657798,0.9609104206515297,0.9661405022907001,0.7359265015792038,0.9627587103074596,0.7282775653115774
sf,0,17,0.7991002720307498,0.36666666666666664,0.9909484146420765,0.9842058251418319,0.6544055037299792,0.5077695439259211,0.9748216410601219,0.9580642208651671,0.9771163598664344,0.7399724974786326,0.9603474934895834,0.6678394513615107
sf,0,18,0.7753091181610536,0.2,0.9926724284890684,0.9909565988085628,0.6212096668084464,0.43279083346327146,0.9774109848577448,0.9652331995716066,0.9915732395905319,0.6816531996226917,0.9747433898269491,0.6668118590773162
sf,0,19,0.788540649338525,0.05,0.992961185991268,0.9880464036791932,0.7258043602705001,0.5142503172159195,0.9678336776450812,0.9600843746009017,0.9863549997569412,0.5906341694989952,0.9656404884912634,0.6464337174922733
sf,0,20,0.7782365041222603,0.11666666666666667,0.9915892893844384,0.9868690283703647,0.6832553764184316,0.4619301944971085,0.963336824950544,0.9657768210173442,0.9792554934338858,0.577566926130804,0.9734630953881049,0.7128180746557349
sf,0,21,0.6563933721561234,0.95,0.8733216358119249,0.8535205546547384,0.46992248892784116,0.378256560365359,0.8729244966159037,0.9360117260146819,0.824338252979621,0.4463226575467546,0.9238072549143144,0.5368253058927545
sf,0,22,0.7936544267253223,0.55,0.9906106147395745,0.9858561454723084,0.6045878791213036,0.44647944619258245,0.9613594578140372,0.9554922949067415,0.9689517802128229,0.6136884871175734,0.9564714329217071,0.6461487622079203
sf,0,23,0.75521500967204,0.03333333333333333,0.9921139033128387,0.9888150508925805,0.6070658740997315,0.4293069660663605,0.9606600670130432,0.9635063037119225,0.980462539676697,0.546297307363001,0.9729342552923387,0.6382392511024313
sf,0,24,0.8231575516514107,0.85,0.9802326778582843,0.964756313336441,0.6773972029685975,0.5218278566996256,0.9521775651281632,0.9531936824367002,0.9350844834120042,0.7166868267675578,0.9490281628024194,0.6972676538309809
sf,0,25,0.7930995313965625,0.03333333333333333,0.9951376168463588,0.9934330259662829,0.7320131892164549,0.5065636252363522,0.9728062887901385,0.9686676450318606,0.98889100852833,0.6349681182685545,0.9814065912718416,0.6704727519871825
sf,0,26,0.788514235215946,0.2,0.9882380963135788,0.9805171236804887,0.7050503690441448,0.5067252506812413,0.9604747556946399,0.9587846717135603,0.9743994564619116,0.5717477934845423,0.960931199596774,0.6828617985218258
sf,0,27,0.7857716829336014,0.0,0.9921941439636753,0.9914850862158671,0.7380035797158878,0.48647421101729077,0.9670372414251764,0.9725403540167625,0.9907201521499183,0.5568168305365716,0.9890250913558468,0.6727865272659367
sf,0,28,0.7292654625835342,0.9666666666666667,0.9055057355930709,0.8728343751695422,0.5528000923494498,0.5588119606177012,0.902231013672236,0.939754389620704,0.8506523813611718,0.6139087898467305,0.9249264952956989,0.6474529435952842
sf,0,29,0.8072606659479623,0.2,0.9921254071838107,0.9892728040810504,0.6436768103241921,0.621106110016505,0.9746930511723225,0.9700369613940243,0.9860151698031732,0.6822992964821347,0.9807607999411961,0.7332700662693735
sf,0,30,0.812267743621877,0.6833333333333333,0.9883388276980277,0.9851509499939439,0.626739205300808,0.46928381522496543,0.9662555638175789,0.9653331633810104,0.9804715397377168,0.6012295935997518,0.9764267788138441,0.6409867356010412
sf,0,31,0.7738066302259262,0.2833333333333333,0.9923944529802514,0.9831193188125013,0.5823646826346714,0.4629806230465571,0.9673480243749233,0.9586634195311735,0.9815178558550854,0.6106364073515949,0.958697050361223,0.7212953287161002
sf,0,32,0.7713708102933311,0.016666666666666666,0.9925648350214373,0.9904691395650501,0.5632553083499272,0.5318279832601547,0.9876169364833879,0.9761005107816642,0.9940191193133272,0.8144449786109439,0.9866897418934814,0.8307220284211434
sf,0,33,0.8034891441676767,0.35,0.986997908229056,0.9823731794076809,0.6689281299114228,0.5525194148222605,0.9683550010837171,0.9607660511947947,0.9803363078063535,0.6316569951378693,0.9652580015120968,0.6767696013390008
sf,0,34,0.7869429098185207,0.75,0.9698810246321493,0.9623149609409906,0.5941325252056122,0.44564022570848466,0.9623752820691442,0.9563032726592386,0.96953623211512,0.6218879025871471,0.957810531123992,0.6512664052641998
sf,0,35,0.7493458374396961,0.11666666666666667,0.9611814002440215,0.9457938031589284,0.6970783988436062,0.5458488707741102,0.9369139767806722,0.9366326861236354,0.9120484578433214,0.6727422220727145,0.9149679204469086,0.7160552520368059
sf,0,36,0.7878048159882959,0.05,0.9936887182273045,0.9899485165231369,0.72811826556921,0.4997571041186651,0.9744018207677047,0.9542329399580487,0.9774419541320495,0.7297017864756665,0.9466964885752688,0.7680249156083091
sf,0,37,0.7687410973709148,0.016666666666666666,0.955393483338774,0.9477344923705056,0.6565815194845199,0.7142289727926254,0.9684446586247358,0.9557425376251355,0.9554362282797854,0.8161516526745538,0.9522999096942205,0.730371118096982
sf,0,38,0.7474417427736503,0.15,0.9917105457257394,0.9894952132810955,0.509610553920269,0.42220244854688643,0.958973931477564,0.9614562684291494,0.9766843811959348,0.5484599447098829,0.9672934255292337,0.6649691467568025
sf,0,39,0.7847343588792257,0.13333333333333333,0.9915246131100974,0.9889749511940026,0.6619223288297653,0.4966665344933669,0.9745881832766863,0.9671521958613003,0.9905394368274238,0.6496380906615217,0.9778668147261425,0.6797498511308331
sf,0,40,0.7995716916204854,0.25,0.989912702153511,0.9855613285731646,0.6620330400069555,0.550060831507047,0.9741610085152238,0.9670362072179876,0.9835449089286148,0.689733892616074,0.9767454742103496,0.696348203062001
sf,0,41,0.8111440885137549,0.6333333333333333,0.9825884738020921,0.9712599691222695,0.6885520947178205,0.5026441127061844,0.9561100887846415,0.9591333485075891,0.9592478220341026,0.6092830909005666,0.9596343665994624,0.7213363768690724
sf,0,42,0.7581150085649202,0.016666666666666666,0.9929228696560829,0.9905989588787352,0.5228040113449096,0.49831677476565045,0.9801845679986445,0.9723536504367617,0.9917774327339666,0.7125464459344492,0.9827245568716398,0.7700624905400357
sf,0,43,0.7887767194506037,0.65,0.9709844852926628,0.9604676019755842,0.6824086767236391,0.44111083646615346,0.949047257976112,0.9525969027837478,0.9541103493141869,0.5591997054042452,0.949812300487231,0.6607550135103323
sf,0,44,0.79394580840607,0.03333333333333333,0.9930611103546357,0.990998847850787,0.7408573842247327,0.5120762407779693,0.9757552081020365,0.9696868283716705,0.9908334655947582,0.662493239172687,0.9821455760668681,0.69353074214216
sf,0,45,0.7881837345908657,0.45,0.9900829617729688,0.9871920790274937,0.5927284605602423,0.4611789142092069,0.9616569306533491,0.9624772924848981,0.974836584108491,0.5851330753668385,0.9695538264448925,0.66109648845711
sf,0,46,0.78221288916057,0.05,0.9921518816053397,0.9886155656661864,0.6094953003525734,0.5655747875571251,0.9801688857880914,0.9679477016440363,0.986584922735409,0.7508662499613681,0.9758114394321236,0.7492850093265712
sf,0,47,0.7865669042791362,0.6333333333333333,0.9705733800005937,0.9632155485402525,0.5882875958482426,0.49797370930512747,0.9645181640172995,0.9578440454349278,0.971298697975374,0.6433876120185448,0.9590433100218413,0.6829634537383661
sf,0,48,0.7758838935198914,0.0,0.9928713542575891,0.9923597461179969,0.5930839410622915,0.5431951463222504,0.9839777998791145,0.9721002322164518,0.9942735925477038,0.7501388134087547,0.9862824470766128,0.710118731957371
sf,0,49,0.7830582956909422,0.016666666666666666,0.9946780161148179,0.9930995475194033,0.5815400397777558,0.5965015023946763,0.9794032477521749,0.9674493074516259,0.9861375755840733,0.7412201779878745,0.9757511918262769,0.7296550143825806
sf,0,50,0.7786267114169306,0.18333333333333332,0.9926167673288154,0.9891406039864408,0.592288669725259,0.4895752395192782,0.9808489239706313,0.9675206450773485,0.9877814395132885,0.7525457599026671,0.9740903792842741,0.7603187280691276
sf,0,51,0.770513115557364,0.05,0.9927068687423479,0.9899657813396329,0.5911967450777688,0.5259103501836458,0.9663700335109265,0.9624310432769919,0.9800805185430792,0.6065823209740347,0.9695417506720431,0.6597008085099317
sf,0,52,0.7820119829507204,0.0,0.993661374426388,0.9915450632844875,0.6411909228364627,0.5374648829301198,0.9829825090352151,0.9707037880354208,0.9881385017947486,0.7853101739438914,0.9763825447328629,0.8221727410110377
sf,0,53,0.813423944730176,0.08333333333333333,0.9942873385179541,0.9916042799887315,0.7109046015739439,0.6306642085313797,0.9792420752721274,0.9719384662083254,0.9877001932872239,0.7260803754551935,0.9815648889028898,0.7758148461580276
sf,0,54,0.7982347201837003,0.3,0.9909668253192035,0.985103554811353,0.6415347840189936,0.5364807019631068,0.9692864963629969,0.9697804400144002,0.9839406154809459,0.6181724341744084,0.9822320753528225,0.6964013392137269
sf,0,55,0.7729809551360041,0.11666666666666667,0.9924720599727902,0.990115866513034,0.5249923051098981,0.5589668869972229,0.9742361042611801,0.9676324192183086,0.9881166932563626,0.6594318846019648,0.9778846658686154,0.6978653053105888
sf,0,56,0.7870833921787218,0.0,0.9929564111329034,0.9905760887011982,0.618007470448812,0.6152330428361893,0.9762536965585359,0.9642735013400141,0.9833695297119439,0.7158770775896007,0.9685368363575269,0.7478387671507011
sf,0,57,0.8371887921325776,0.6333333333333333,0.9915459832900396,0.9860529440212872,0.6574640662670136,0.5990395307540893,0.9784295171822419,0.9644559860291103,0.9794868697242071,0.7817125896276054,0.9695256058887768,0.7349294371018975
sf,0,58,0.8092795723474204,0.38333333333333336,0.989416523747364,0.9845493478245206,0.6744546628395717,0.534251318871975,0.9797429798077288,0.9653500084617624,0.9837184269582072,0.7682347865933079,0.9710919123823927,0.7399530511791423
sf,0,59,0.7715493879202031,0.0,0.9942029517489421,0.993706946185991,0.6634803044994673,0.45136969139178595,0.972683166454025,0.970830880711122,0.9923749813149052,0.6094471024886027,0.9861780966481855,0.66256689583346
sf,0,60,0.76126445876627,0.016666666666666666,0.9898538900185103,0.9876205446205888,0.6293706392049789,0.45126952802141507,0.9674998819275717,0.9681970671899056,0.9867896803444433,0.5831629271516419,0.9812107537382393,0.6574977035239592
sf,0,61,0.8032942009789212,0.1,0.9907492279877289,0.9863346848378775,0.6992462890346846,0.6033978809913,0.9769482586273519,0.9673504797830964,0.9824199417425739,0.7306006158054885,0.9767712008568548,0.7103024337251308
sf,0,62,0.7613635714829947,0.06666666666666667,0.9944723369482676,0.9928320257024829,0.5373112005790074,0.4857291132211685,0.9748648421773737,0.9642946670815272,0.981091835469969,0.712827854363595,0.9692007413474462,0.7349798830889039
sf,0,63,0.7771928658814518,0.05,0.9881776581310053,0.9842280623842687,0.6639441733856996,0.5181704685091972,0.965498952455014,0.9701459586014657,0.9742254982712447,0.635451997993356,0.9766295730426748,0.7916266516608707
sf,0,64,0.7941253489147854,0.2,0.9938662834827664,0.9918754618308124,0.6640543412367503,0.493076720337073,0.981528157827619,0.9709776086132293,0.985867756765376,0.7802587879537526,0.9841707619287633,0.7072335058602236
sf,0,65,0.772055300737809,0.1,0.9900836334540493,0.9874460405384013,0.584883065611124,0.4988773539662361,0.9845309196951372,0.9719551570894771,0.9900553637294359,0.7954302798893492,0.9837981193296371,0.7498382643117742
sf,0,66,0.7831864367596404,0.0,0.99483613472551,0.9935267507250793,0.7161228476564089,0.47120714833339056,0.9755559369587119,0.9694351676369449,0.99040732587217,0.6628045052037401,0.979750504032258,0.7292094120787362
sf,0,67,0.8071877623421669,1.0,0.9638429183898303,0.9440718819736654,0.6684217984080315,0.48371523718039194,0.9481222125215194,0.9421590571677217,0.9346127671259705,0.6718144846164574,0.9274478379116261,0.6864172341459889
sf,0,68,0.7895543027829335,0.0,0.9943528331205019,0.9936239143524295,0.6194436149597167,0.5957222367326419,0.9825800830964617,0.9744010072579543,0.9905267164111139,0.7599086916800273,0.986109842279906,0.781385343837536
sf,0,69,0.7805983097305431,0.15,0.991683187646349,0.9872564044029885,0.6553824889063835,0.4709803953766823,0.9758069552343281,0.9669105688970773,0.9823333305216605,0.7167474015031831,0.9755735992103495,0.7152743244827804
sf,0,70,0.7672193269199116,0.15,0.9907301236662757,0.9894280985056185,0.5407145255208016,0.4900374879439672,0.9773108523243121,0.9700840677217452,0.9918024113261571,0.679267340671208,0.9813645885836694,0.7241014862212084
sf,0,71,0.7263631548633911,0.85,0.9341739919746687,0.9199199801566553,0.4662952891315023,0.48542805314064025,0.8895518701345395,0.9315140909365209,0.8439982832699854,0.5191104839855837,0.9127567414314516,0.570601966547764
sf,0,72,0.8047084456337928,0.6,0.9784189948980095,0.96993905902688,0.7042908892234166,0.48952121982971825,0.956251613428247,0.9516893744058585,0.9617745305101075,0.5957661372120098,0.9461942939348119,0.6922874228428986
sf,0,73,0.7869470988314978,0.5333333333333333,0.9892117109670318,0.985171196001028,0.5531160706281661,0.49823936969041827,0.9391849072142623,0.9533254533201744,0.9553478278460041,0.45433299993243764,0.9547041698168681,0.6007745586714502
sf,0,74,0.7846406898233417,0.23333333333333334,0.9913974084715645,0.985465013801662,0.6588892377018929,0.4857523093620936,0.964602897342545,0.9560291763568747,0.9767710208732596,0.6046416209537094,0.9546164892053092,0.6996234745039778
sf,0,75,0.798512964011593,0.55,0.9802490611412537,0.975059697316363,0.6751106054385504,0.4922385628024737,0.9462385684523091,0.9537781508009034,0.9492928125364805,0.5561736411083553,0.9558005712365591,0.5976258297845468
sf,0,76,0.8202922483814183,0.85,0.9572621191400794,0.9468503376393537,0.7316267241438228,0.6123818586270015,0.9311035110414918,0.9446116031989331,0.9236933245133326,0.5327448884056787,0.9374695480510753,0.597594239954221
sf,0,77,0.7490938515327739,0.0,0.9883700067057183,0.9877357552799525,0.6815116118987399,0.32160690824190774,0.9710071671217637,0.9736751838756839,0.9941405300651828,0.580683377082065,0.991501937373992,0.6690363000004979
sf,0,78,0.6752334883666505,0.5166666666666667,0.9125146329188428,0.9082636331421098,0.4318971929252147,0.4211682553092639,0.9094599062380584,0.9428958679490443,0.8776593352597888,0.5484439359930486,0.9297673051075267,0.6722179932551364
sf,0,79,0.8167526958679138,0.4166666666666667,0.9778107135250825,0.9724937002175775,0.7481910195151964,0.5665811171134313,0.9795258690517961,0.9641921687603857,0.9866891345830374,0.7385063381013224,0.9698632024949595,0.719554934208676
sf,0,80,0.7694741292796182,0.016666666666666666,0.9901750367545223,0.984172308670929,0.6908489891290664,0.4455640474955241,0.970227118893757,0.9701142199974316,0.990381299295733,0.5933900649375203,0.9817000850554435,0.7196678948604455
sf,0,81,0.5040848774439651,0.7833333333333333,0.7115683328038005,0.7507275239782396,0.43031435929735495,0.3505658765633901,0.8659217994805939,0.9367671827827745,0.8146810965191933,0.42822051040386244,0.9238996608282931,0.5586935999661179
sf,0,82,0.6898186134752512,0.5833333333333334,0.9429023908078633,0.9246251343589982,0.45054466196397935,0.3305513563255469,0.9078168636505414,0.9332812320810954,0.8766607663724373,0.5356123455942182,0.9154161678847448,0.588163731051451
sf,0,83,0.804791284996591,0.25,0.9935444853413973,0.9876825280399885,0.7520211971402169,0.48279938797156013,0.9690778602986388,0.9662778478371231,0.9801358331435471,0.6453494094943596,0.9705079437584004,0.7711980787374205
sf,0,84,0.7874721991294584,0.1,0.9914539116107922,0.9888056535035177,0.6500277420878411,0.5702089061339696,0.9575077554633105,0.9623661770833143,0.9849359069299956,0.48600466110569945,0.9716424101142473,0.6222523837271383
sf,0,85,0.8008407475919803,0.4666666666666667,0.9774962235437266,0.9668522722113366,0.7425307491620381,0.519303393860658,0.9443276508797935,0.9509234475317128,0.9485030500358472,0.5425391215515338,0.9477024529569892,0.6393078782800901
sf,0,86,0.7322805139687648,0.11666666666666667,0.9939565536012303,0.9934029099208856,0.45641166514158255,0.3537989983956019,0.9676501793387083,0.9698106954092611,0.983543743561673,0.5994906969273747,0.9842287781418012,0.6609520154484247
sf,0,87,0.7577975830321448,0.06666666666666667,0.9900543835678117,0.9875088624393238,0.677740408718586,0.3957446083426476,0.9460226962810739,0.9566681609504336,0.9697831951682605,0.4495487405792258,0.9635009109332997,0.5621484946143829
sf,0,88,0.7565887046108322,0.16666666666666666,0.9867154861431159,0.9807151769345103,0.5509141722023487,0.4859411398569743,0.9548241894998922,0.9553715149390143,0.9569782777819584,0.6066734331139063,0.9537104124663979,0.6889037136304177
sf,0,89,0.7910580622043036,0.43333333333333335,0.9894953362598748,0.9863149241684309,0.6398097354968388,0.4641290654738744,0.9506324593399017,0.9582525981597649,0.9684962609762786,0.5007416525129544,0.9621996807795699,0.6422313091866041
sf,0,90,0.7746620448619199,0.0,0.9948392628059654,0.9941860114359388,0.5548082817097505,0.5759097218513489,0.9790783455930262,0.9659558921871405,0.9874802259507999,0.725406578536761,0.9729964717741936,0.7259064792829045
sf,0,91,0.7999691021772287,0.7,0.9920038609014801,0.9844463498140473,0.5149245126346746,0.5227749814589818,0.9510857089251771,0.9484541528394667,0.9332049718146683,0.7148317282987853,0.9415883054015457,0.6596954098697436
sf,0,92,0.7802543740973351,0.0,0.9935462230745663,0.9932094787070954,0.6205850366155307,0.5435948356986046,0.980048402693725,0.9724710976901719,0.9948714997338992,0.692031909096039,0.9859138734879032,0.72773155544774
sf,0,93,0.7951260168554529,0.18333333333333332,0.9923791574362115,0.9891496723228032,0.6836149851381779,0.5347653200229009,0.9624651572438465,0.962389145671379,0.9781533094663772,0.5732691048060433,0.9714536605342743,0.6260495606367871
sf,0,94,0.7694326249484552,0.16666666666666666,0.9900576451407218,0.9868855436798794,0.559162618180116,0.5015778869390488,0.9727094516119581,0.9631567043543076,0.9861400927426994,0.6533381173987005,0.9687591880880378,0.7021773309778359
sf,0,95,0.7475767320408466,0.016666666666666666,0.9923831393228439,0.988348601873404,0.4742274138430755,0.49755112727483114,0.9818950447008903,0.9625775362027423,0.9832470226832616,0.8095338531469894,0.9608257991011424,0.8038630053653555
sf,0,96,0.797988664528789,0.6333333333333333,0.9827741596649046,0.9772108549502939,0.5767964893082779,0.5100293656190237,0.9560789116183579,0.9607628536680803,0.9596841847864531,0.6049771774718065,0.9674382035450269,0.6383872268311048
sf,0,97,0.8380641802169385,0.6166666666666667,0.9857822899682339,0.9788454700451271,0.716249484181404,0.6009313434362411,0.9690851230082236,0.9670451746798905,0.982625136933019,0.6246113020737293,0.9774227675571235,0.6833126822770652
sf,0,98,0.7658887559889732,0.03333333333333333,0.9836298703270184,0.9791754750566545,0.7200161426464717,0.4409882381558418,0.9616098094583552,0.9625786702833277,0.9785143735267783,0.5624338078580923,0.9719033518145161,0.6249065886614686
sf,0,99,0.7839790844496247,0.15,0.9886110101871056,0.9835411828639461,0.6880503547787665,0.5039060379068057,0.9644395710915948,0.9597152010881231,0.9680968409584414,0.6636814679634773,0.9627676358786963,0.6832389260752726
sf,0,100,0.7886258254090328,0.016666666666666666,0.9913796138527526,0.9898625349219329,0.7048799125353498,0.5318261673053105,0.9723557534552358,0.9717518895688622,0.9876215029467817,0.6384749366444046,0.9828277259744626,0.7569746160406178
sf,0,101,0.7650922183911587,0.03333333333333333,0.9936375198138374,0.9923044089787926,0.5642342817783356,0.5237621337175369,0.9568115754638543,0.9653127214082636,0.9735463258239531,0.542137235655623,0.9736841345346103,0.6875051864880627
sf,0,102,0.7978947625797084,0.5666666666666667,0.9878792981042726,0.9795777041070601,0.5580653634170692,0.5375294034679731,0.9610603763472413,0.9564953913859944,0.9693966107663289,0.6071400195360184,0.9577137936827959,0.6590035183955048
sf,0,103,0.781936393850044,0.06666666666666667,0.9936232987194908,0.9920028251448489,0.6547816759149233,0.5052313680450121,0.9689801752067252,0.970787886522432,0.9816798063055162,0.6307703771517944,0.9840645738827284,0.7012325383849063
sf,0,104,0.8312755417053861,0.9166666666666666,0.9836775877424214,0.9760952507748325,0.6360597736835477,0.5048840860525767,0.9720902169653965,0.9620458138525685,0.97275908408306,0.7301078562514257,0.9652364751344086,0.7249349075353752
sf,0,105,0.6400757253285624,0.75,0.8950383431427831,0.8748279025313122,0.35455537802974385,0.3743954469760259,0.8596357865294292,0.9336109943448017,0.7956878763733692,0.45805069816819693,0.9197513703377017,0.5278875603956186
sf,0,106,0.6728442071918146,0.1,0.9335364994885061,0.9280660931580988,0.5104050494382778,0.37590165187915164,0.9273853056434243,0.9525197247508623,0.9202302425138412,0.5146974694867761,0.9487437258484542,0.6771637951418504
sf,0,107,0.8074795800308066,0.15,0.9919311979159393,0.9888474617440715,0.6573178828159969,0.646823666493098,0.9723814623763345,0.9638227565861848,0.9870451442817207,0.6432496497439126,0.9709504158266129,0.6837341213377855
sf,0,108,0.8278488693847622,0.9333333333333333,0.9805760386844077,0.9719886617177452,0.6909617964426678,0.4550760219494502,0.9623708749672174,0.9601263489385947,0.9674075723655763,0.6405834620029239,0.961656008484543,0.720760781886214
sf,0,109,0.7839224542558969,0.06666666666666667,0.9935589076691188,0.9918097990790223,0.6067280971010526,0.5533103148142496,0.9795048574756069,0.971747018121188,0.9910032796763605,0.7087923175955223,0.9841417538222447,0.7341572495840364
sf,0,110,0.7814042778869363,0.16666666666666666,0.9914668877938907,0.9892433096614539,0.6309291496276855,0.48182404935359957,0.9821672411448872,0.9657643492609097,0.9921950958428843,0.7365146491487148,0.9728615381384407,0.7218988734786793
sf,0,111,0.7576361262379678,0.85,0.9835150387497265,0.9778364672769908,0.3797368336121241,0.3961100394527117,0.9191599616637771,0.9455243761128362,0.9044904361008315,0.5091346988801734,0.9381875315020162,0.6184666427010197
sf,0,112,0.6362751134558978,0.4166666666666667,0.9071605815964949,0.8965649182500403,0.3601282758216064,0.339574733376503,0.9013471540276103,0.94995638832609,0.8604260775270642,0.5527077591899088,0.9467875819052419,0.6228227317333221
sf,0,113,0.7503684433468083,0.3,0.9921267451342629,0.9872840370695575,0.504792912820975,0.3951844419042269,0.948652578285876,0.955906446821771,0.9619227002625181,0.5205713249269431,0.95996828797043,0.5989808157338934
sf,0,114,0.7848329875406639,0.21666666666666667,0.9874354749261856,0.9804291095063575,0.7017057367960612,0.4964042564233144,0.9484224123304242,0.9576851548873233,0.9714905902182542,0.46655972949150254,0.9619593466481856,0.6274463973813138
sf,0,115,0.7011702613394337,0.75,0.8938612339365353,0.8863736798015295,0.5024697011212509,0.49030054012934365,0.9324858454384928,0.9490181710853,0.9029685999957785,0.6741453652917329,0.9416717857442877,0.6784186503392154
sf,0,116,0.7660717014249226,0.15,0.992962109960541,0.9904919090457991,0.5739823279380797,0.4654018064339956,0.9633703732321751,0.9624843480845803,0.9778074920818369,0.5884952155589047,0.9701300508232527,0.6519521833476374
sf,0,117,0.7729755936826652,0.016666666666666666,0.9905528451222755,0.9873314933761271,0.6682453982830048,0.4753454784552256,0.9753548590420456,0.9699352038356343,0.9861415578793454,0.6886291633975707,0.9836097635248655,0.6765242785341659
sf,0,118,0.7704256396012243,0.1,0.9928918552508997,0.9901263281527688,0.6262539897561074,0.4730338712533315,0.9599855015312344,0.9614419934937755,0.9794635294746327,0.544431804229458,0.9673043199764784,0.6642695708295047
sf,0,119,0.7816703624147983,0.0,0.9909391362527175,0.9880176272111781,0.6404084053635598,0.560443522532781,0.9829595904085252,0.9666158363633245,0.9889739791712453,0.7781634952052164,0.9755377656670026,0.7052449794896578
sf,0,120,0.7953325484464344,1.0,0.9507062527822293,0.9307572807673536,0.5537409428954125,0.5568630675474803,0.9723190143437098,0.9548001175956008,0.9725789704950907,0.7357979078414076,0.9474491242439514,0.7730036019268682
sf,0,121,0.7873300034023593,0.31666666666666665,0.9911015852960963,0.9872915809138928,0.6347841032147409,0.5082508901755015,0.9424783290808526,0.9556015607999543,0.9468398616358797,0.5302667966333486,0.9594684559811827,0.5973046783168438
sf,0,122,0.8093340946253373,0.8,0.9860322396844392,0.9773688492587969,0.6036272693673771,0.4643394847710927,0.9549533267862824,0.9600141879540309,0.9622940476222706,0.5788703765720129,0.9614860288558467,0.719886811355413
sf,0,123,0.8035654867610885,0.4,0.985657735095834,0.9781268734402124,0.6697920937140782,0.5509702151020368,0.9612030277546668,0.961216859893151,0.9713417020376011,0.5969823568633174,0.9661085559475805,0.6777005041554823
sf,0,124,0.7596545518098611,0.06666666666666667,0.9920347825002213,0.989629549201018,0.5991563908457755,0.45151616682608925,0.9551503878724129,0.9652919985120733,0.978121803893197,0.49686188771689344,0.9789306640624998,0.5960646870277696
sf,0,125,0.7936723843919302,0.08333333333333333,0.9909814341763089,0.9877661856093437,0.7109330689311028,0.5344052945574125,0.975181894619549,0.9677256027366717,0.982511036706868,0.7076855755205882,0.9764234973538308,0.7277216431448015
sf,0,126,0.7869766666698789,1.0,0.9719386260973258,0.9545640280667472,0.5562388376394909,0.43741966784000397,0.9266411399089224,0.9393450728864441,0.8944727722996024,0.6506820290775622,0.9192319808467742,0.736556080438323
sf,0,127,0.7816770796019216,0.0,0.9940147849231245,0.990885207201141,0.6689632939894995,0.5034993941585223,0.9842902278343364,0.9729578685895094,0.9930391634664228,0.7665790301763405,0.980861343876008,0.8227103395482241
rf+rule,0,0,0.8424070262624704,1.0,0.9847572464963551,0.9495442968256333,0.6497829757531484,0.6044558435678482,0.9699075103251131,0.9530874480857252,0.9658986157947972,0.7525457232180288,0.9415816112231182,0.8098021397146128
rf+rule,0,1,0.8622067887913304,0.9333333333333333,0.9897230092585317,0.9758689290401982,0.724778292576472,0.6304595311482747,0.9464692768323535,0.9534093903236294,0.9586552927731185,0.5126896045975766,0.9478079847110216,0.7274485149626004
rf+rule,0,2,0.8584859368171686,1.0,0.9752558064617258,0.9569002836514143,0.7440145760377246,0.6313877562681834,0.9692668323406205,0.9507621165922433,0.95013840286642,0.8929581455254959,0.9321795719926075,0.8726389519238876
rf+rule,0,3,0.825814844808465,0.43333333333333335,0.9875694772165604,0.9681998272503124,0.7167892742355665,0.656392561395963,0.9670438393703792,0.9530302721177987,0.9696564387089464,0.68790525223239,0.9459886120211695,0.7490492200447341
rf+rule,0,4,0.8185213393233386,0.03333333333333333,0.9932102729181506,0.9910948650587618,0.6992683184146882,0.680512465039889,0.9894442411035007,0.9815692949969435,0.9865020389518429,0.9527812776929241,0.9851309171286962,0.9569289194325269
rf+rule,0,5,0.8795246508342605,0.9333333333333333,0.9895179754309874,0.9781610787304398,0.743414854168892,0.6482625583807627,0.9856985505959595,0.9716502741376863,0.9810868071772718,0.9289603748563993,0.9656819661458335,0.9548920403092594
rf+rule,0,6,0.8162802772617606,0.2833333333333333,0.9905254000482108,0.9814962078777014,0.7326866244872411,0.5537900557120641,0.9870568999941117,0.9753933723547628,0.9865317348991669,0.8776699006557465,0.9786030430947581,0.9065660344342054
rf+rule,0,7,0.8541967579839708,1.0,0.9804234753565036,0.964830947327458,0.7668615745703381,0.5224528208374977,0.9753774641120164,0.9595721913555606,0.967168962939452,0.8316851399712644,0.946503407468078,0.9126726151522944
rf+rule,0,8,0.8359398789080412,0.3333333333333333,0.9950262753484733,0.9917329429216634,0.7393898650010428,0.6257412761449814,0.9831267973026679,0.9648188044295979,0.9852678056365699,0.8128054058652813,0.9642588625672043,0.8286490324190108
rf+rule,0,9,0.8483915472418017,0.8666666666666667,0.9871563187592525,0.9690295842114616,0.7540356972416241,0.5658276225129764,0.9560704310340273,0.949656693920555,0.9553211464516577,0.6359022918899181,0.9341449040238576,0.8247992628711766
rf+rule,0,10,0.7821888057898547,0.08333333333333333,0.9908030860051463,0.9888282113916734,0.6295089957118034,0.5677042643229167,0.9646668347106078,0.9555731070607988,0.9561343430511414,0.7458790606361324,0.9462994319136424,0.8180419267234156
rf+rule,0,11,0.7890349653487472,0.18333333333333332,0.994867707864173,0.991792790313172,0.6390307431419691,0.48066253662109376,0.9885898486859365,0.9718640468777002,0.9899391386617897,0.8709343040393571,0.9705051873319892,0.9199658147359299
rf+rule,0,12,0.8987136166988849,1.0,0.9816923511460023,0.9707490664837407,0.7192307394941647,0.8131735652685166,0.9809304238486753,0.973934703737146,0.970849868302704,0.9379845978850025,0.9701645717825941,0.9553435752957554
rf+rule,0,13,0.8667225503935886,0.95,0.9885783964692092,0.9700121874279446,0.7260806284944216,0.6675290465354919,0.9569429112702844,0.9461026385284538,0.9527974875543707,0.6671331623348139,0.9279460948000671,0.8022862561678482
rf+rule,0,14,0.8499855100417145,0.9833333333333333,0.9886769330056632,0.9791228773547153,0.692235558172067,0.5326167886455854,0.9624064529479054,0.9549541436011891,0.9382658418227907,0.8626291125507678,0.9433551747311828,0.8438276986954576
rf+rule,0,15,0.7964203680266368,0.016666666666666666,0.9912013979084038,0.986337616513757,0.7296342452963194,0.5645926743745804,0.9851294792805717,0.9631135452925129,0.98744081917309,0.8257329206345445,0.9576990927419354,0.8645415164656558
rf+rule,0,16,0.8643511945954733,1.0,0.9757538176041725,0.9520504138672273,0.7095767440199852,0.6954657475153605,0.9693925057446464,0.965318974282837,0.9519836704096485,0.8655298680572187,0.9597309727822582,0.8931618171223139
rf+rule,0,17,0.836532092907654,1.0,0.9765283609876021,0.9375514243942459,0.7196186616222063,0.5946212957302729,0.9444031230212854,0.9473750236902901,0.9283936676318927,0.659754841762074,0.9345116399949599,0.7514807687977613
rf+rule,0,18,0.8467820290161084,0.95,0.9895667621935111,0.9777257383415122,0.6997495663960775,0.5067667543888092,0.9804264200591412,0.9503686441828489,0.9750399672055756,0.854075854107485,0.9336345713625671,0.8508518883737467
rf+rule,0,19,0.8420140626855813,0.7833333333333333,0.9884789453648714,0.9675363089835721,0.7146144419312477,0.6118419080972671,0.9522556175240714,0.9478687657205563,0.9590520504822014,0.5660349359199152,0.9395757203461022,0.6747225035550231
rf+rule,0,20,0.8126349471066943,0.36666666666666664,0.9884829329759859,0.9757920075397865,0.7589005599021912,0.5209707016746203,0.9664539511228984,0.9663610625054415,0.9613770829093071,0.7310846147395796,0.9644256919942877,0.8624036675792629
rf+rule,0,21,0.8251232172084411,0.95,0.9733568784965166,0.9443004223412159,0.7319725414911906,0.5488307515780131,0.9365380865211088,0.9371575471675148,0.91156981116341,0.6710282051462239,0.9164965557795698,0.707982006972119
rf+rule,0,22,0.8337945609585959,1.0,0.9840106163107158,0.9680116110845327,0.7064036478400232,0.4688612605134646,0.956226072787265,0.9470029358252182,0.9419604586817883,0.72424832441039,0.9292665543094757,0.8145101807885251
rf+rule,0,23,0.8172880263419185,0.55,0.985737504487936,0.9650104982556862,0.7363695307175319,0.5620081355174382,0.9463469350412708,0.9531599643529337,0.9524784881261088,0.5428754901987011,0.9458215200772849,0.7547446118067886
rf+rule,0,24,0.8236429539670118,1.0,0.9629048947524463,0.920827369378283,0.693657859881719,0.6068786482016245,0.9498311854384961,0.9587605091228713,0.9128493117709314,0.8656635456166025,0.9471078524025536,0.8878670132766335
rf+rule,0,25,0.823955256311192,0.48333333333333334,0.9930831735315357,0.9806068827280031,0.7727869288921357,0.4865772952636083,0.9785167743812372,0.9610862856548652,0.9729566206694932,0.8371350085836345,0.9573167370211695,0.81833941603111
rf+rule,0,26,0.8537914499317915,0.8833333333333333,0.9804157586524787,0.9493036359431696,0.7711289314627645,0.6518030295769374,0.961910539768131,0.9446302136801532,0.9509165338210522,0.7432898227441109,0.9252203828545027,0.7980130999270132
rf+rule,0,27,0.806781464194795,0.06666666666666667,0.9927698362041576,0.9897962625353943,0.7784235628445945,0.5766123414039612,0.9578367806562067,0.9622226723314047,0.9838979156107032,0.4943098277169264,0.9707877866683466,0.6314353137198141
rf+rule,0,28,0.8141135109360088,1.0,0.9449551251646788,0.8946496661192451,0.6273493762214977,0.7355619609355927,0.9600051140299709,0.95577840116617,0.9321540745035293,0.8827716748593217,0.9426875945060486,0.8676916295188969
rf+rule,0,29,0.8698369426397622,0.8166666666666667,0.989030265643621,0.9818655132312402,0.7390415120919546,0.6431530853112538,0.9849955938090035,0.9696928038468331,0.9886873633310358,0.815082796549393,0.9727214854250672,0.8453085781153986
rf+rule,0,30,0.8546227921584091,1.0,0.986506963650919,0.9759127766010809,0.674709906299909,0.5790339956680933,0.9627700645147919,0.9613017612943289,0.9576339232184553,0.708070517849114,0.9561392179099463,0.8426429957656537
rf+rule,0,31,0.8109716721167856,0.15,0.9930640710503545,0.9857268036580553,0.6928574221332869,0.6438006351391474,0.9756034046173772,0.95713221840524,0.9800963570193577,0.7281269580125809,0.9516912644909273,0.7802123710260553
rf+rule,0,32,0.7922379289423069,0.016666666666666666,0.9871330253678217,0.98101582823236,0.6755695631305377,0.5879421532154083,0.9913767316563209,0.9812253201630146,0.9932377794737459,0.9149766438088175,0.9887711063508065,0.9247557212740688
rf+rule,0,33,0.7969180291732825,1.0,0.9698370345930394,0.9358460778504413,0.5453664169311523,0.5491880133748055,0.944610930355545,0.9396251090920286,0.9212963425183809,0.7082095954377773,0.918765882266465,0.7545679544998427
rf+rule,0,34,0.7942054611117311,1.0,0.9532520005829226,0.9266305981430354,0.5985811740159989,0.5289630482594172,0.9585762009668087,0.950537971380807,0.9399457079108042,0.7804023830567376,0.9362399193548386,0.8176883474244909
rf+rule,0,35,0.7837388397522228,0.8666666666666667,0.9479877037646581,0.9232868643679649,0.6446482931772869,0.5304731170336405,0.949690496072392,0.9420770318880485,0.920449390110149,0.7947384146815639,0.9195935977402555,0.809063854358964
rf+rule,0,36,0.8492133319099465,0.8166666666666667,0.9903222105586804,0.9829278730722811,0.7865685225725174,0.4783833240469297,0.9778636404583531,0.9580574348205089,0.9674937758714922,0.8894783521102647,0.9478996030745968,0.861654324046636
rf+rule,0,37,0.8253038063783638,0.016666666666666666,0.9951838911321295,0.9926574660009808,0.7545019774039585,0.683785859743754,0.9902367998798369,0.968274974903902,0.9881369725029956,0.9521087448475725,0.9663437710013443,0.8841638746908156
rf+rule,0,38,0.8561849070108092,0.8166666666666667,0.9873406633293008,0.9790624763918857,0.7591176211436589,0.5682668974002202,0.9764273261350366,0.9619127077700445,0.9730308753187938,0.8029530146869562,0.9544049006636423,0.8735269646523363
rf+rule,0,39,0.8602480360966122,0.9333333333333333,0.984153006247905,0.9679685487622529,0.7784799774487812,0.604173835615317,0.953510076814252,0.9475204595212424,0.9567667202603433,0.5940440698700437,0.9374241326444894,0.7035513356075449
rf+rule,0,40,0.8779126816507771,1.0,0.9767720266515024,0.9524395697101268,0.7561664922237394,0.7255748540163041,0.9733243527631322,0.9670196743806653,0.9591760925548051,0.8755111552901187,0.9626808740759408,0.8969728370844308
rf+rule,0,41,0.8168839742795633,0.48333333333333334,0.9841152801999538,0.9656188747306277,0.7120433844923973,0.5409803221623103,0.9889938814236122,0.9753410455388642,0.9879378736019134,0.924537303084034,0.9752617292506721,0.9411364819033671
rf+rule,0,42,0.8310958848616955,0.5166666666666667,0.9901897965793928,0.9796673542066336,0.7097732375860212,0.5665655086437861,0.9827763675410526,0.9760366326938615,0.978111598103918,0.8748903481637017,0.9781070175991265,0.9277597559710681
rf+rule,0,43,0.7987826454554697,0.9833333333333333,0.9588088834982743,0.9148253559910395,0.6490228616595267,0.5089016616344452,0.9626627801463934,0.9621332602932819,0.9517015510829545,0.749609308475155,0.9624345020581319,0.768614565416918
rf+rule,0,44,0.8391466766074228,0.65,0.9925806779518251,0.9781949013198902,0.6992074623505273,0.6070512801408767,0.9667267541988718,0.954111629061613,0.9692513063870452,0.6866943044430118,0.9478037844422043,0.753753727017823
rf+rule,0,45,0.8583057302545976,0.8833333333333333,0.987583109492981,0.9709777116931342,0.7959370472033818,0.5443932394186656,0.9736931696056482,0.9557730573731936,0.9656029014657903,0.8185172176967233,0.9436095535114248,0.8590246317750316
rf+rule,0,46,0.8353756601189617,0.6666666666666666,0.9879429177897417,0.9758045935942455,0.6852731317083041,0.6003758847713471,0.9698900881921635,0.9588512150646233,0.9643470786592012,0.7657872014126536,0.9535140498991935,0.8006935129731388
rf+rule,0,47,0.7743309234010005,1.0,0.9536120820473251,0.8991688471526103,0.5654662355581919,0.5171028087536494,0.9532816371353913,0.9467253790525938,0.9319957873513622,0.7592313527050665,0.9284994802167339,0.8208223631826498
rf+rule,0,48,0.8281918828866176,0.016666666666666666,0.9941161552492704,0.9879262463329664,0.7798625144163766,0.6789086163043976,0.992737411508052,0.9769791109933621,0.9914247131796295,0.9759077389361495,0.9750354397681451,0.9621879094738072
rf+rule,0,49,0.8107708736598168,0.36666666666666664,0.9940726702047896,0.987817188228657,0.7154129809339841,0.4996862545609474,0.976592994161664,0.9583597575803111,0.978005147028354,0.7639410452822507,0.9525729271673388,0.7998146192502167
rf+rule,0,50,0.836579607710591,0.9833333333333333,0.9840406772222628,0.9624262478772331,0.663413970073064,0.49370249758164086,0.9903411909940879,0.9614714219340492,0.9917811531533478,0.9035286938740035,0.9505197832661291,0.909934364132962
rf+rule,0,51,0.8295503337761362,0.43333333333333335,0.9843107083825041,0.9750318546388662,0.7134927172859509,0.6686227560043335,0.9666281534326271,0.959368924731933,0.9620968828598658,0.7284339300151599,0.9544672484038977,0.8025431304664935
rf+rule,0,52,0.7949749034442068,0.05,0.9940487745170778,0.9889825092850167,0.6314923415382702,0.6034355888764064,0.9880819051647239,0.9726224295956403,0.9926370098545987,0.8310283887184272,0.9742683656754031,0.8937486036349152
rf+rule,0,53,0.8248392528647653,0.18333333333333332,0.9927867251727671,0.9848433694496653,0.7427065231005351,0.6313056081533432,0.9853226715018683,0.9778616098072053,0.9827815244915665,0.8829079043057005,0.9800059328797043,0.9432190495022272
rf+rule,0,54,0.8755875109212155,1.0,0.991190996949513,0.9784003070444841,0.7118383503754934,0.635031846165657,0.9726233102171269,0.9678188993009548,0.9772251295947261,0.70890073983346,0.9691576885920699,0.8428538401248091
rf+rule,0,55,0.8670584076544796,0.9833333333333333,0.9893441313363547,0.9828350853764153,0.7363368368148803,0.5389269664883614,0.9844846668723224,0.9714970741151862,0.9788785248994827,0.9252323376930366,0.9696617208501345,0.9211189231630099
rf+rule,0,56,0.8167962950455048,0.2,0.994057646024489,0.9860456961276485,0.7190176756381987,0.6181423177321752,0.9790121932866246,0.9601577698848289,0.9849826101654319,0.7444952034344108,0.9484327746975806,0.9023311673584631
rf+rule,0,57,0.8855385692457636,1.0,0.9886843300042595,0.9787844039412106,0.7440050861636798,0.6577648798624675,0.9854750314175204,0.969512125937344,0.9804697154189949,0.9313590673066802,0.9681498865927419,0.8928865578215001
rf+rule,0,58,0.856083491296218,0.95,0.9821107426893925,0.9604835727168066,0.6938237832983335,0.6276940474907557,0.9805343107049185,0.963234933110448,0.9780079704298767,0.8274127719766002,0.9600562310987903,0.8419670598991846
rf+rule,0,59,0.7911096900532828,0.31666666666666665,0.9953059579786628,0.990910230976304,0.5836290827393532,0.5185879687468211,0.9717865909792481,0.9606781257667654,0.9809648016127208,0.6779437829124726,0.9576230941280243,0.7928240165366964
rf+rule,0,60,0.8572257099503375,0.9,0.988965101802681,0.9722034898147085,0.69595879838864,0.6289490212996801,0.9581782468630101,0.9633005787424842,0.9344378480827937,0.8194854158466145,0.963981251050067,0.780673025523202
rf+rule,0,61,0.8296791383655892,0.5166666666666667,0.9862928168148194,0.966324474063574,0.742827321867148,0.6006410708030064,0.9763640707394821,0.9616611830769989,0.9724921161449084,0.8067247074539379,0.9592718308971775,0.7981904856229233
rf+rule,0,62,0.8258220164559725,0.6333333333333333,0.9926818410691676,0.9867788125175276,0.6011919346253077,0.5785701860984166,0.9787467831878149,0.9619680852308702,0.9712258658421937,0.8594249224258681,0.9570484448504704,0.8482914642762329
rf+rule,0,63,0.8323102150980594,0.0,0.9950716148160949,0.9928082832051257,0.7373290823300679,0.7253365645805995,0.9942366475129965,0.9865829392639861,0.9959537253104233,0.9545785299802231,0.9910699659778227,0.980568388255976
rf+rule,0,64,0.8825812132246724,1.0,0.990956178622179,0.9807137707012151,0.7209845149715741,0.6654390662908554,0.978161214776812,0.9633762676582769,0.9673253491681109,0.9053016289816065,0.9559545373403897,0.8922419553085909
rf+rule,0,65,0.8287334854770989,0.13333333333333333,0.9888210743398589,0.9840575469397251,0.7481961426734924,0.6808181494474411,0.9928727457875277,0.9794800834553697,0.9927225385622311,0.9629300388239198,0.982040044312836,0.9512356241880837
rf+rule,0,66,0.8105900914769225,0.18333333333333332,0.9944773028603209,0.9895614699756398,0.7134869504372279,0.5714893072843552,0.9797523849064689,0.9663508406692612,0.9873792920542019,0.7363905467219272,0.9657241000924061,0.8494901455054849
rf+rule,0,67,0.7609335764281439,1.0,0.9424952700755486,0.896529372595494,0.582063486735026,0.48069455921649934,0.9453392841149607,0.9373371396641773,0.9294004492541795,0.6692736984814628,0.9126577725974463,0.7706522734488471
rf+rule,0,68,0.8110162715149538,0.0,0.9927296144055616,0.9903710938668718,0.6960421102841696,0.6557277341683706,0.9914493892120171,0.979462742306972,0.990084898231491,0.9585518210621203,0.9822060861895162,0.9501848387516151
rf+rule,0,69,0.7941327697959957,0.11666666666666667,0.98974973503357,0.9792503511360268,0.6921274196108181,0.5270847712953886,0.9946957815326544,0.9801282409541514,0.9952223798600577,0.9768078564587286,0.9834382087953629,0.9507024449817205
rf+rule,0,70,0.8661629317109529,0.9666666666666667,0.9823602282133621,0.9723360393561568,0.7341226390202842,0.6071343968311945,0.9842399032901665,0.9634377508434144,0.9814483241047911,0.8681552879891153,0.9567016601562499,0.8835853388753988
rf+rule,0,71,0.7728800784370051,1.0,0.9573995526611643,0.9259541420531429,0.4987417634924253,0.5614538739124934,0.9069974024724313,0.9333611726487784,0.8547278184163313,0.653271198020143,0.9140237787718415,0.6156803902428029
rf+rule,0,72,0.8263978316261562,0.7,0.9828402443619304,0.9584156863829668,0.7767779517968496,0.5106432328621546,0.967676190854349,0.9516223760940318,0.9611450215340942,0.7555333949246649,0.939649225050403,0.7904968579946938
rf+rule,0,73,0.7967959243527731,0.95,0.9678397002342455,0.9416936498218111,0.642514862795671,0.4836167871952057,0.9268213354007627,0.9429796713401309,0.9393140812073985,0.420561953305693,0.9321489887852823,0.6339059131125272
rf+rule,0,74,0.8215219001783798,1.0,0.9749687012546143,0.9349088826210671,0.628206753075123,0.602268767853578,0.9466905646448748,0.9444195716459318,0.9181432889514072,0.7643581967232591,0.9247622910366264,0.798635473695852
rf+rule,0,75,0.8539548862981842,0.9166666666666666,0.9838255059074913,0.9513278599346385,0.7544197067022326,0.6285962929328283,0.9594608569104991,0.9520321940847918,0.9471712361740809,0.7330445500753694,0.9389922767557124,0.8230347466670861
rf+rule,0,76,0.8259936855052156,1.0,0.9624736072996388,0.9266195618249231,0.7079687605698903,0.6131324201822281,0.941482108084633,0.9516327593654654,0.9365413000747081,0.5708955455634553,0.9529000231014785,0.5728733110225807
rf+rule,0,77,0.7832029372015185,0.48333333333333334,0.9878618132257799,0.9739904172669829,0.6501759350498517,0.4440341338515282,0.941251949804044,0.9460729811075499,0.9274542113705987,0.6205323345769765,0.9342067267305108,0.7104507045725644
rf+rule,0,78,0.7148188665732129,1.0,0.8994685629141703,0.8758703387640661,0.40587717572351306,0.5450023144483567,0.9387402037789229,0.9544675985329026,0.9175660913189252,0.6569348545902867,0.945425513482863,0.7894434888484114
rf+rule,0,79,0.8356320940355082,1.0,0.952697794703188,0.9326082170399186,0.759013901968797,0.6111077090104421,0.9721859245116004,0.9479765203814117,0.9697622383954705,0.7596638995712086,0.9318149361559142,0.7996711756213236
rf+rule,0,80,0.7956012122752589,0.4166666666666667,0.979782934150705,0.952823895878262,0.6846996276179949,0.5472936208049456,0.973732484669932,0.9629922082993709,0.9753581089518403,0.7362244303448725,0.9652758526545698,0.757382729801081
rf+rule,0,81,0.4359630577449829,0.9833333333333333,0.6662029194496234,0.6705296121235765,0.3928153077910344,0.397880885998408,0.7550759110581713,0.8992425565976224,0.6079217310844651,0.3633802744986142,0.8509283906670028,0.5295027424975977
rf+rule,0,82,0.7835792235555702,0.9166666666666666,0.9874026741442808,0.9686369222285702,0.5122041306495667,0.38864918847878777,0.9525108631102353,0.9327547182826337,0.9361674011875226,0.7141479842238507,0.9075162497899865,0.7112948106507123
rf+rule,0,83,0.8128620674554697,0.35,0.9930646276307887,0.9834295031759475,0.7677944757143658,0.49139994581540425,0.9725604908961263,0.9567706911568669,0.9752326418475439,0.7204663384768922,0.9496618783602152,0.7952985566551403
rf+rule,0,84,0.8084882820178111,0.35,0.9888363773504565,0.9815378831258786,0.6726047460337481,0.6221113781134288,0.9420263120519771,0.9504338844749951,0.9628644171261018,0.4449379889262935,0.9505621797295025,0.5714266274945211
rf+rule,0,85,0.7797304374394268,1.0,0.9554611596091873,0.9132212959551345,0.6679025211830932,0.48708364566167195,0.8926103059857001,0.9389629174978247,0.8623707927603235,0.4531935040791661,0.9288613596270161,0.5502486042046951
rf+rule,0,86,0.8274612602758591,0.7666666666666667,0.990439405725268,0.985959267990262,0.7158257680137953,0.4137463316321373,0.9793045293185145,0.9645002067335096,0.975657014004005,0.8266604676590128,0.9627083070816532,0.8403458570019674
rf+rule,0,87,0.8209318914855254,0.6666666666666666,0.9844008962524499,0.9662201874708037,0.7692588499585786,0.5255736336112022,0.9348653393577796,0.9410977734966038,0.9500681518707224,0.4383064407097586,0.9334929435483872,0.543574743604256
rf+rule,0,88,0.8129571933026956,1.0,0.9590587060393216,0.941356073578978,0.647484074016412,0.5423174247145652,0.9478265732316494,0.959825199898733,0.9189812588595575,0.7757809394496983,0.9559870894237231,0.7916429891424664
rf+rule,0,89,0.808447566112373,0.95,0.9929804050714987,0.9834032207143071,0.4953256189574799,0.4896210918823878,0.9390687817692787,0.9457965252004394,0.9383911873624527,0.540376547408306,0.9322089738743279,0.7348775638867233
rf+rule,0,90,0.7988821043785279,0.0,0.9953703036223245,0.9939229538744573,0.684659393131733,0.5890337288379669,0.9890535675460128,0.9671816663179108,0.9909109659893538,0.8700587991940774,0.9645906838037634,0.8776493673607454
rf+rule,0,91,0.7996075878001707,0.3,0.9943192848426763,0.9872686222098233,0.6709835266272227,0.5069035912553469,0.9745956353747345,0.9590666942515839,0.9706674080542339,0.7909707240128921,0.9533363260248654,0.8164079280222877
rf+rule,0,92,0.801653539176763,0.016666666666666666,0.9944912162946553,0.9914114420982746,0.7418011097113291,0.5406758079926173,0.9915232060898865,0.9729386137309635,0.9933026306411272,0.919266878548315,0.9748494466145833,0.8941815106545464
rf+rule,0,93,0.8406059315776991,0.9,0.9871015671952393,0.972309485681696,0.6942294165492059,0.536178058385849,0.9641632464342318,0.9526432318560799,0.9537210587852747,0.7596210127664824,0.9397752331149195,0.8307214253029581
rf+rule,0,94,0.8112948661298547,0.13333333333333333,0.99180068692697,0.9871141061284183,0.7238508526484172,0.5962214152018229,0.9873413758506365,0.9673705317379823,0.9858139762314418,0.9029284144862223,0.9591107768397176,0.9426088494769598
rf+rule,0,95,0.7787789675555463,0.0,0.9953793860118092,0.9933950215694952,0.7101739364465078,0.4195129091540972,0.9930243561443836,0.9746243836382841,0.9934064722189341,0.9562346212944742,0.9699844852570565,0.9644626621472634
rf+rule,0,96,0.8420369187341505,0.9833333333333333,0.9820028461187863,0.9437255511564366,0.688850114663442,0.6327625046173732,0.9405783741104833,0.9516479869782424,0.9186953739613616,0.6770212647773451,0.9412917926747313,0.7704369668233193
rf+rule,0,97,0.8610780877799591,0.9,0.9898838191214877,0.9777962536749497,0.7283434847990672,0.5726632426182429,0.9806413385862605,0.9665450135908794,0.986875424846526,0.7575859854281959,0.9701883295530914,0.7834506191439548
rf+rule,0,98,0.795229964223664,0.03333333333333333,0.9916705504515284,0.9833253955841065,0.7995923540194829,0.49036579132080077,0.9826339009603925,0.961368503431183,0.9887821583497907,0.7741573975752976,0.9578433457241264,0.819582564850985
rf+rule,0,99,0.8233676512737291,0.9666666666666667,0.9822306333234118,0.9558478551752427,0.6904835195044676,0.5054152419169744,0.932824837501376,0.9430042979444772,0.9131883652139735,0.6048707320528516,0.927350312920027,0.7217555051132784
rf+rule,0,100,0.8293567671650681,0.5333333333333333,0.9790557480494572,0.9548451438137129,0.7127232136726379,0.6711416830619176,0.9729196223430423,0.9683096267730195,0.966313108337182,0.8002298774860673,0.9674462103074596,0.8706298349267345
rf+rule,0,101,0.7740971643048393,0.5333333333333333,0.9959588657974764,0.9923731190589518,0.39048811827600005,0.5449656943480173,0.9349385410209154,0.9494677609159804,0.9357710464987704,0.5113055764113442,0.9417774487567203,0.6915355511641098
rf+rule,0,102,0.8198311882213726,0.45,0.9862934432455763,0.9620026253251467,0.7431474953492483,0.6224352727333705,0.9670439240531241,0.9393435842731978,0.9658685686447286,0.7102753052772102,0.9185453681535619,0.7502680436029272
rf+rule,0,103,0.7895435071963642,0.06666666666666667,0.9942976249799244,0.9898160947382061,0.6697244817813236,0.5291890238722166,0.9829672958050095,0.9691256718624861,0.9798364161804158,0.857431197065418,0.9729741578461021,0.8267895271212368
rf+rule,0,104,0.8626973482750432,1.0,0.982691444866616,0.9637567603666019,0.6966486242810884,0.6234312812487285,0.9769847790576692,0.9726607513144633,0.96572915897254,0.889600881075455,0.9718836630544353,0.9222233760154853
rf+rule,0,105,0.801818485248635,1.0,0.9811224127558342,0.9624087373727286,0.38651732195417077,0.6215813279151916,0.9411142873497138,0.9485121283536895,0.9166238243220955,0.6939697396957268,0.9362487136676748,0.7582235305996264
rf+rule,0,106,0.745023570000677,0.9833333333333333,0.9256751966326949,0.9036882091971005,0.49427581587433816,0.4925908401608467,0.9441779522783633,0.9525206979012099,0.9241515816539845,0.6867055178193723,0.9402144237231183,0.8173908828678778
rf+rule,0,107,0.8798469205239324,0.9,0.9885580693452297,0.9793575706980585,0.6886415484150252,0.7286367148160935,0.9834805399959046,0.9685660854871512,0.9788390745238592,0.8874966673931833,0.9633392662130377,0.9259435600143368
rf+rule,0,108,0.8280366599841856,0.9666666666666667,0.9736073762900814,0.9457307178054759,0.6885612169702847,0.5123810355861982,0.9774464557249737,0.9650980213057189,0.9752377474179831,0.801410361871881,0.9587305212533601,0.89787639854318
rf+rule,0,109,0.8957946528896887,0.8833333333333333,0.9890932274900552,0.9811919871966044,0.7817571076154709,0.7242449283599853,0.9874887557034854,0.9772736379316943,0.9865019432158881,0.894752305443004,0.9777393628192205,0.9506482103113401
rf+rule,0,110,0.7983202235731947,0.2,0.991001545141071,0.9845891382102093,0.7429300004641216,0.4757819339632988,0.9925151650247606,0.9579066067701961,0.9926033744248012,0.9533282083980108,0.943603515625,0.9069318619825072
rf+rule,0,111,0.7902667678510805,1.0,0.9635344135147828,0.941417950742385,0.5209652995169163,0.5318175956606865,0.940018848172934,0.9473848266723688,0.9148938188629766,0.6916160540560544,0.9347174531670028,0.7486625227887752
rf+rule,0,112,0.756031568900017,1.0,0.9463010268135627,0.8984203416537615,0.578342355410258,0.41760451992352804,0.9456182502055798,0.9494962033593207,0.9341316387778328,0.638616354157359,0.9357013661374328,0.787288341986931
rf+rule,0,113,0.8150479419413608,0.9166666666666666,0.98485275650918,0.9637997855859644,0.6424146132469176,0.48105922242005666,0.9407413356427253,0.9456838285811376,0.9375190656512016,0.5591219164178534,0.9358651766213038,0.6629006082223634
rf+rule,0,114,0.8163279355404492,0.9833333333333333,0.9702886286540673,0.9300831995446699,0.7282533785502117,0.5813632304469745,0.9042315419795126,0.9253912643816726,0.8965458644894504,0.40970892957964183,0.8975610876596104,0.6243799753108267
rf+rule,0,115,0.676105444044405,1.0,0.8721462735474799,0.8230417009740095,0.5430267358372609,0.49254852483669914,0.8942031493759803,0.9190718734324838,0.8056552377589529,0.8252682759095047,0.8757944414692541,0.7764657538826183
rf+rule,0,116,0.8357853273248419,1.0,0.9846132262782398,0.9724425160962771,0.6351329819162687,0.5586286003390948,0.9380124836265087,0.9482994560098633,0.9209093481782945,0.6210751654738087,0.9349499117943548,0.7668914047338194
rf+rule,0,117,0.7917884982173562,0.06666666666666667,0.9920996050579983,0.9811393312379426,0.705414458056291,0.5353506470719973,0.9804231980279492,0.9740495349616258,0.974338817308026,0.8621786696425939,0.9789758169522852,0.8700469444363804
rf+rule,0,118,0.7895657042711011,0.06666666666666667,0.9946574680454595,0.990383311868493,0.7306107793649039,0.4731161390741666,0.9815364081125332,0.9648735333930658,0.9889831840030608,0.7543245066525572,0.9662661972866263,0.7891594706955603
rf+rule,0,119,0.8319737591621469,0.65,0.982702089297851,0.9673571997062833,0.6910900531609854,0.6085219393173854,0.9818506605544871,0.9581244404182232,0.9738256237519684,0.9215785891322766,0.9494747038810483,0.8467767162848328
rf+rule,0,120,0.7805819851043871,1.0,0.9295686227448304,0.88189899855969,0.5962488817969958,0.6085739364226659,0.9801164230546617,0.9585541398541572,0.9705104807211508,0.9188640673281783,0.9441473191784273,0.9166829116263632
rf+rule,0,121,0.8507219074966154,0.9833333333333333,0.985997730613717,0.9724728262658214,0.71259669816494,0.5751248300075531,0.9415490628284648,0.9501365813124025,0.9424011837410671,0.5454413237965713,0.9453655283938172,0.6530619602082139
rf+rule,0,122,0.7895439937587414,1.0,0.9526690223056964,0.9156255048240711,0.6894765993754068,0.47027025669813155,0.9384823135788494,0.9451614978148299,0.90509244991887,0.7341304335553768,0.9239742155997984,0.8411018878726636
rf+rule,0,123,0.8194887356815944,0.31666666666666665,0.9868664835268747,0.9762081641776889,0.7223254531025887,0.6290113886197408,0.9744516569379694,0.9612945936775559,0.9654722902883766,0.8299783026262865,0.9611738963793682,0.7646909767793397
rf+rule,0,124,0.8221804667948163,0.38333333333333336,0.9881386157248839,0.9775594033135309,0.7255684211154778,0.619696295261383,0.957603048130569,0.9627417024787693,0.9705507826340456,0.5621953129263247,0.9730812647009409,0.6106026336803274
rf+rule,0,125,0.8077548201084538,0.21666666666666667,0.9932170848702877,0.9880280732251461,0.7045279235045115,0.5626768519481024,0.9708039372136027,0.9675442491017597,0.9805679885610457,0.6665867142758127,0.9753435032342072,0.7426420894719786
rf+rule,0,126,0.7460291495900372,1.0,0.9597731072111892,0.929581839430566,0.4095924983819326,0.41603218019008636,0.9298038842186993,0.9447337447522219,0.8903443394008502,0.7166428106316065,0.9273997973370296,0.771546404240495
rf+rule,0,127,0.799115401549759,0.16666666666666666,0.9936380159562489,0.9869173568837782,0.7266127967039745,0.48419527113437655,0.9911824932678636,0.9697041174922139,0.9926504025055517,0.9187177096383047,0.9656945669522848,0.9251133597503274
idf_sf,0,0,0.8425710353447348,1.0,0.979557461884549,0.9298253346112819,0.7031990571022033,0.619088010986646,0.9734254447582817,0.9530352846671987,0.9757487323495652,0.7280749617996862,0.9412329889112903,0.8177395175069065
idf_sf,0,1,0.8598322222794409,0.8833333333333333,0.9903710898039623,0.9722768064106211,0.7299116295774777,0.6291716694831848,0.9510557078967903,0.959180695566721,0.9666704808512041,0.5207761748993801,0.9595239782846101,0.7246484147795176
idf_sf,0,2,0.8549176570088731,1.0,0.976990601396512,0.9600282732957328,0.7244428392648695,0.6140448768933614,0.9664037869434786,0.9527448145452657,0.9506549031503739,0.8211232918803975,0.937159646967406,0.8627133990748453
idf_sf,0,3,0.7912758394944428,0.016666666666666666,0.9918274160770522,0.9778726916531332,0.6843520518143973,0.6094513694445293,0.9749042375615745,0.9628533107691718,0.9811135067253985,0.7131761845390675,0.9615054550991264,0.8009811480671672
idf_sf,0,4,0.8251738327263296,0.08333333333333333,0.9933005751359038,0.9907287081705978,0.680588647186756,0.7206277042627335,0.9903986680207909,0.9788853949404887,0.9886023477200538,0.9501965712692778,0.9805133778561828,0.953001324908208
idf_sf,0,5,0.8698376061328583,0.9833333333333333,0.9887489205350201,0.9743565348706215,0.7433834855556489,0.5780370682477951,0.9862208923471658,0.9676481099908187,0.9840058683868378,0.8938664253485404,0.9599882392473117,0.9403482650296163
idf_sf,0,6,0.8270583450910883,0.75,0.9709568084534385,0.9575363273558273,0.7167278178532919,0.540932892759641,0.9858373398730269,0.9744579110422207,0.9854311291248566,0.8591409037678929,0.9789030997983871,0.8807028062262777
idf_sf,0,7,0.8460929348423796,0.8,0.9849009718054333,0.9697793826869888,0.7621881655057271,0.5340452045202255,0.9808951228352191,0.9634379539464532,0.9767169938292555,0.846525578680685,0.9566285492271506,0.8849006103257001
idf_sf,0,8,0.8028126383534046,0.0,0.9958153463770063,0.9950814125272962,0.7119163429737091,0.5875289176901182,0.9849083938672529,0.9671813060269213,0.9906581025130006,0.7968367631152525,0.9682605374243951,0.8379830892308283
idf_sf,0,9,0.7962057201973871,0.25,0.9879738101841669,0.9737662186186299,0.6465634303092956,0.5883087565501531,0.9771029799155273,0.959922266934342,0.9856212353674315,0.7125038873341124,0.9531529580393147,0.8456748107732353
idf_sf,0,10,0.8531203861208921,0.8166666666666667,0.9886672171807498,0.9843826181904163,0.6656392463246981,0.6268298357725144,0.9722804768719574,0.9626147173786745,0.9738733754202884,0.7254762391922838,0.9568722960769489,0.8629641133849904
idf_sf,0,11,0.7660060892354217,0.03333333333333333,0.994022166264862,0.9902078212787903,0.638912017782529,0.43281092792749404,0.9830744720641246,0.962203511981581,0.9889736280005467,0.7801539309449115,0.9590983072916667,0.8273668354850704
idf_sf,0,12,0.8921898283567167,0.9833333333333333,0.9837961734781459,0.9751892594418495,0.721579010128975,0.7509184132019678,0.9857539529156856,0.9746665698036325,0.9790902430972745,0.9532027512283648,0.9717042328209006,0.9549460895990921
idf_sf,0,13,0.8604750575189116,1.0,0.9833285745173396,0.9519711223614762,0.7282853368520736,0.6747695277134578,0.955198708307311,0.9414251418333615,0.9495518010790629,0.6643955775741803,0.9187510500672043,0.7990139146982613
idf_sf,0,14,0.859889548741256,1.0,0.9869720126967128,0.975168477070877,0.7221752384702366,0.5579293648401896,0.9723554018485262,0.9591298291822311,0.9583014524591866,0.861058104341313,0.9483775149109542,0.8789312117180582
idf_sf,0,15,0.8066136513268407,0.03333333333333333,0.9920632474049983,0.9872752464986316,0.7322099494139354,0.5969182640314102,0.9901992463250392,0.971678577076878,0.9917052680766709,0.8996150619902853,0.9712926064768144,0.9048892653594582
idf_sf,0,16,0.820016935217966,1.0,0.9493034222075581,0.9071333170872108,0.6814378046790759,0.6497057676315308,0.9672873326805923,0.9653921794212008,0.9467341258961668,0.8824941652306055,0.9599995274697581,0.8921308184074144
idf_sf,0,17,0.8536434977881615,1.0,0.98213408826308,0.9548671405455644,0.7640695405006409,0.5789021174112956,0.9530342489216242,0.9521323466453762,0.9384100850871815,0.7062860429286957,0.9418892809139785,0.7769218026581457
idf_sf,0,18,0.8348688563558553,0.8333333333333334,0.9845867368253985,0.9774660520693834,0.643175605515639,0.5425385380784671,0.9871332314020537,0.9589568852209768,0.9850534605723554,0.9092954654814833,0.9513591807375672,0.8438474051022934
idf_sf,0,19,0.8282046545791473,0.16666666666666666,0.9924018809688823,0.9808381158074523,0.7782436050573984,0.6708132048447927,0.9760263172937672,0.9617451510899531,0.9809218129163148,0.7282546407590478,0.9625339959257392,0.7603695268853236
idf_sf,0,20,0.809056953503238,0.38333333333333336,0.9858976862544341,0.9692817721024056,0.7595997858047486,0.51808809141318,0.9676455463252885,0.9631325115604535,0.973950083681973,0.669983022293802,0.9610224241851478,0.8261562626240617
idf_sf,0,21,0.8457383866270016,1.0,0.9831103658627952,0.9550792320413527,0.7503021652897199,0.5649855385224024,0.948037288878656,0.9360567187710844,0.9350429686327134,0.6664933625419261,0.9144764889952958,0.7039941157829963
idf_sf,0,22,0.808625252020499,1.0,0.979111219930829,0.964255729376101,0.637386943757534,0.4284268120924632,0.935880427617795,0.9445064835252186,0.9178271604161109,0.6145516487501436,0.9314256237399194,0.7029047370967219
idf_sf,0,23,0.8599423254460277,1.0,0.9872734468395621,0.9737589037652109,0.6864544524947802,0.6078305006027221,0.9652243886097108,0.9571234515011625,0.9732975937025521,0.6390572527455072,0.9513081212197582,0.783816154730522
idf_sf,0,24,0.8052154988190883,1.0,0.9403530991307225,0.9032318113987742,0.6783671069145203,0.6188202699025472,0.952027126549864,0.9630653167363417,0.9164173449239423,0.878751581503173,0.9544601604502688,0.8996063581967758
idf_sf,0,25,0.8297653257026258,0.6166666666666667,0.9922673797138604,0.9742049497716566,0.7833148546814919,0.47577593723932904,0.9735683825348407,0.9590453664379355,0.9709814611141401,0.7712777337785495,0.9530507077452958,0.8224472676293325
idf_sf,0,26,0.8599661420494871,1.0,0.9805651687543935,0.9315989661995883,0.788630765080452,0.6687561720609665,0.9622890882930103,0.9403109974461458,0.9545677359866839,0.721231707324416,0.9180744130124326,0.7799293388754635
idf_sf,0,27,0.805180777352092,0.06666666666666667,0.9949366402984062,0.9919213911988377,0.7743233282168706,0.5524372975031535,0.9607391798885043,0.963186701768764,0.992300510742972,0.4824548044510312,0.9729242796538979,0.6280638295210014
idf_sf,0,28,0.8037841558265721,1.0,0.9300306202378418,0.8814805310068565,0.651249358246724,0.7279015620549519,0.9620709710413576,0.9564608053948539,0.9369190157260948,0.8705865377086704,0.9448864352318548,0.8599911786742129
idf_sf,0,29,0.8612964592167482,0.8666666666666667,0.9891580307831673,0.9772481816578533,0.7231825185418128,0.5997069150209426,0.979646921711924,0.9675319366591507,0.9857559686706913,0.7488527371216629,0.9676786689348117,0.8536206271688817
idf_sf,0,30,0.8579073857182116,1.0,0.9855304961140438,0.9713161090152715,0.6805245495239893,0.5902180383602779,0.9737530837853297,0.9666464709570726,0.9748733630744358,0.7409029542389562,0.9644199166246641,0.8677268730381787
idf_sf,0,31,0.8169261175421271,0.31666666666666665,0.9928327409366969,0.9871786084440021,0.6410963777899741,0.6301419496536255,0.9798407744542524,0.9665145182827132,0.9835931926164574,0.7706941320734509,0.964228016843078,0.8670621044554953
idf_sf,0,32,0.8145809868744448,0.3,0.9861424263207479,0.9768417791603438,0.6912777290145555,0.5922397534052531,0.9906921653388102,0.9804996878849798,0.9920164298786912,0.9121970281762591,0.9863962481098789,0.9339235733121128
idf_sf,0,33,0.7966382310944495,1.0,0.9692327000324703,0.9457472708022672,0.584297627468904,0.4906713287035624,0.9365673331892718,0.9415093654789451,0.9324138419842848,0.545568573714818,0.9268586189516129,0.674691528334456
idf_sf,0,34,0.7973250264880009,1.0,0.956825168981336,0.9320669769461638,0.5426081837018332,0.5654959668715794,0.9641175971860743,0.9551934266247274,0.9592424899179448,0.714991859207719,0.9457473590809813,0.8112295729629064
idf_sf,0,35,0.7780493227352365,1.0,0.9424409236950508,0.9108878906100405,0.6374157071709633,0.5141449625293414,0.932468824572597,0.9365816278979658,0.8948304927236933,0.721837955321801,0.9158348821824596,0.6963890540902897
idf_sf,0,36,0.8247121467386942,0.55,0.9908948543122882,0.9843351754020241,0.7940075741211573,0.4326265548666318,0.9836100881993289,0.9579851352979541,0.9815587825031691,0.8522943624500501,0.9463294900873656,0.8761055959483325
idf_sf,0,37,0.8281256942961222,0.05,0.9946895924801396,0.9928565086375656,0.764516326824824,0.6743245631456375,0.989000607329737,0.9710289841429068,0.9884764000933656,0.9151483814595109,0.972986364877352,0.869560182599698
idf_sf,0,38,0.8573361760922218,0.9666666666666667,0.9846218619435251,0.9748354190782784,0.7266292094786961,0.5341835394501686,0.9825075600510983,0.9712646874668985,0.9876386039199367,0.7817470454058405,0.9724629063760081,0.8816643635095176
idf_sf,0,39,0.8927910281777542,1.0,0.9904117298098163,0.9796435765970767,0.7789098079204559,0.6628422876199086,0.9868909037840262,0.9674863700309063,0.9897260046774341,0.8369005110304234,0.9651848905829973,0.877827320058467
idf_sf,0,40,0.8768832805102615,1.0,0.9743691698038573,0.9502171463124892,0.7794160432815552,0.7064838439226151,0.9744824741858656,0.9685204570214997,0.9615556196339669,0.8742629880622282,0.9655735467069895,0.8978919801065477
idf_sf,0,41,0.7936433232512068,0.18333333333333332,0.9877784050195635,0.9752332015754349,0.6725033811132113,0.5411630243062973,0.9887759209411364,0.9753752282319893,0.9898894126537026,0.8792549381821843,0.9781486265120968,0.9121820168980097
idf_sf,0,42,0.8274915815159465,0.6333333333333333,0.9849505036417018,0.9731922790427613,0.6887890749573707,0.56265103717645,0.9771779313785537,0.9650589249729803,0.9792805426063076,0.7631687814906493,0.9601152973790322,0.8805208630481008
idf_sf,0,43,0.8200360938931807,0.9833333333333333,0.9599585988562092,0.9309917379516401,0.6597705779870352,0.561525230606397,0.9830581338635859,0.9645952974236098,0.9812199383333167,0.8449616634239585,0.9644541750672044,0.8144149547916347
idf_sf,0,44,0.7986197597465795,0.05,0.9944455607185003,0.9857986389733608,0.7128521345456442,0.5744002709786097,0.9802558580392791,0.9635838138124374,0.987111519196982,0.7476434285862971,0.9622739730342743,0.8195823496681148
idf_sf,0,45,0.8013586175865536,0.15,0.9899881559696677,0.9742466209293189,0.7941258223454158,0.4978237877289454,0.9874808098394343,0.9643941263466406,0.9886132552418658,0.8603623756917856,0.9581315891717069,0.8910489769305213
idf_sf,0,46,0.8238186575635004,0.5333333333333333,0.9854421658095218,0.9729901819758945,0.6865572574536004,0.598480028907458,0.9722837489250047,0.9629317270732876,0.9754871652331404,0.7155262393466497,0.9619422830561157,0.7960030966896122
idf_sf,0,47,0.7799995137587297,1.0,0.9439281171697519,0.9127919756197461,0.5833283240993818,0.5204474533597628,0.9606616029810922,0.9492856425526354,0.9460727734270917,0.7644503535860676,0.9334996377268145,0.823026250479585
idf_sf,0,48,0.8322842123331944,0.31666666666666665,0.986108948409685,0.9684796230465758,0.761267549276352,0.6641017744938532,0.9896900922692483,0.9721783034720317,0.988103920397579,0.9410304507966769,0.9739939043598791,0.8869641913195788
idf_sf,0,49,0.8344992920745534,0.8,0.9914236082161377,0.9838041872526307,0.6976073746879895,0.501982107758522,0.9600111671771987,0.9527561471813606,0.9529694507038721,0.7019253416081607,0.944815424437164,0.7572359326532332
idf_sf,0,50,0.8504780740967159,1.0,0.9837644957603917,0.9705415821387098,0.7096169240673383,0.5053148979942004,0.9858628057811721,0.9677428477695745,0.9862601774514363,0.8499922944327533,0.9651019352738575,0.8873409275281228
idf_sf,0,51,0.8119578188128358,0.13333333333333333,0.9830559231116919,0.9784073269445133,0.7327027796109516,0.6646910429000854,0.9752671178349568,0.9633944587210395,0.9799062146454728,0.7251029135817189,0.9616646715389785,0.8239892953533238
idf_sf,0,52,0.8121136684200221,0.1,0.9954362819909094,0.9936740827015024,0.6657931620478632,0.6202570229768753,0.993905760323979,0.9807774967343402,0.9969041450529968,0.9366909891872083,0.9828730101226479,0.9605839323189299
idf_sf,0,53,0.8419888661799957,0.48333333333333334,0.9929425075873032,0.9850180952377569,0.7247143503030142,0.6216979861259461,0.9794659873940855,0.974114516264543,0.9775109867895803,0.8159217836998277,0.975999270203293,0.9072142142360493
idf_sf,0,54,0.8418685308562993,0.65,0.9892712048355073,0.9748883241453979,0.6962121441960336,0.6278891444206238,0.9691379991553083,0.9668865310867473,0.9714894797853245,0.7000071204314797,0.9692602014028897,0.8079929392216569
idf_sf,0,55,0.8118600264746021,0.08333333333333333,0.9920010075925402,0.987019113871007,0.7638274346192677,0.5795446197191875,0.985589209343486,0.9725363379191815,0.9807069872015268,0.9312477419942112,0.9747993059055778,0.8853659695487911
idf_sf,0,56,0.8041418276771416,0.016666666666666666,0.9950831184979483,0.9914045336589314,0.6952892251809437,0.6037890921036403,0.989195780697642,0.9731502186857314,0.9922819463956741,0.8575657338409101,0.9743064306115592,0.9038965929362733
idf_sf,0,57,0.8849642173800283,0.9333333333333333,0.9925552781618344,0.9854645334427653,0.7256429256598156,0.6642417709032694,0.9872934830769642,0.9754613049316576,0.9848714462531512,0.9187353122032295,0.9818148048975135,0.8698944020069251
idf_sf,0,58,0.841244714849142,0.6666666666666666,0.9852447519262484,0.9602241112827474,0.746319721698761,0.5990488449732463,0.9883579981687771,0.9648220553903339,0.9887667886352026,0.8844255284737732,0.957767609627016,0.9022430196657019
idf_sf,0,59,0.8059997647226719,0.31666666666666665,0.9944398100941173,0.9911499995733398,0.5815859951178232,0.591402201851209,0.9835134228724545,0.9714631932390666,0.9902128142374819,0.7770200480343932,0.9729867586525537,0.8796041764445224
idf_sf,0,60,0.8420663023245337,0.8333333333333334,0.9910701265197882,0.9841531071008421,0.6258109530011813,0.5910444175203641,0.9593528828730524,0.9647903011546984,0.9438443260007008,0.7616034829515522,0.9679465673303089,0.7667505033945633
idf_sf,0,61,0.8413038711699454,0.9833333333333333,0.9603443900073088,0.9308144407334671,0.7398791067004203,0.6375733484824498,0.9721296790611582,0.9601927273373734,0.9681141805424485,0.7711894592996371,0.9558634440104167,0.8081987727496583
idf_sf,0,62,0.8299221939644309,0.5,0.9949384670847358,0.9905559576025198,0.6785191755890846,0.5667066519459089,0.9824100151898104,0.9661280258599348,0.9840412241156382,0.8113232419147329,0.9654970230594757,0.8465746368392039
idf_sf,0,63,0.8403293694486093,0.016666666666666666,0.9947645518486806,0.9926671717291562,0.7811884464820227,0.7300361295541128,0.9933430693913583,0.9848939024561233,0.9973759887840159,0.9111108072733475,0.9888565555695565,0.9747176705780676
idf_sf,0,64,0.8702942953069921,1.0,0.9921141788699246,0.9875924679344775,0.7092685056328775,0.5703072478373845,0.9806902297675598,0.964478307171709,0.9781626394519243,0.8285014652094599,0.9594156901041668,0.8749365869720104
idf_sf,0,65,0.8204955946424684,0.08333333333333333,0.9917767410209277,0.9888073516671176,0.7141585061550141,0.657478392124176,0.9936410015718405,0.983156866904728,0.9949309145090399,0.9523039783461619,0.9872998309391801,0.9627948701381683
idf_sf,0,66,0.8040015420935701,0.0,0.9963681570141857,0.9952043840737124,0.7244663093090059,0.5627523725231488,0.9894409311476681,0.9763517234353671,0.9935994783716817,0.8483742126974009,0.9824305380544355,0.885357719861855
idf_sf,0,67,0.7686667301467549,1.0,0.9475363812383037,0.9038046108819302,0.611258902947108,0.46428522070248923,0.9457978833462586,0.9373540704475487,0.9281432749282931,0.6827305085578207,0.912586630544355,0.7724865250668284
idf_sf,0,68,0.8062139168274758,0.0,0.9923239907999495,0.987798804153804,0.7055646744171777,0.632292914390564,0.9903969566279441,0.9737468310810659,0.990918633758381,0.9215714916334314,0.9749591786374326,0.9113379807795509
idf_sf,0,69,0.799909695309909,0.05,0.9916563787717574,0.9827010509858722,0.7177236628929774,0.5582380920648575,0.9931077086815902,0.9802348685539681,0.9953907044664506,0.935658853437941,0.9855992471018145,0.9364031381526235
idf_sf,0,70,0.8124550373050556,0.6666666666666666,0.9906455155736471,0.9821568109163271,0.6417999702890714,0.4683654134472211,0.9768498234545583,0.9528996576786603,0.984012573845284,0.7192263060202033,0.9471415858114919,0.7217465674473067
idf_sf,0,71,0.7832907095074262,1.0,0.9611196748312187,0.9386978067136279,0.5066509105165798,0.5471556817491849,0.9226116192327763,0.9397351233829062,0.8890229571490519,0.6300064239461544,0.9244068432879704,0.6555677132081177
idf_sf,0,72,0.8124145674165705,1.0,0.9649907310229409,0.9201579163744559,0.7559173902273177,0.46545064250628154,0.9578699853974385,0.9524234638144453,0.9342412536663394,0.8164783872790256,0.9427713373655915,0.7716843718189305
idf_sf,0,73,0.7436530374565108,1.0,0.936068014793168,0.9186582254895976,0.46762150287628174,0.4780975977579753,0.9117430479067056,0.9420773060568169,0.9062619864059391,0.42838700121994744,0.9322154055359543,0.600609242158421
idf_sf,0,74,0.8200889675685585,0.7166666666666667,0.9823862779794074,0.9595473071017296,0.6593293603062629,0.5725705752770106,0.9725011275998384,0.9509088773387384,0.958584394762593,0.8611551760616949,0.9349479429183469,0.8480524920811088
idf_sf,0,75,0.842482292142414,1.0,0.9731621808837495,0.9336294536029592,0.731386283059915,0.6012382954359055,0.9718552741034024,0.9549568048714391,0.9651377954309985,0.7914224898411055,0.9402610204553092,0.8762438403347791
idf_sf,0,76,0.7986008685111933,1.0,0.9486841665837454,0.917837159337561,0.6526673132181168,0.5831087614099185,0.9254936233766691,0.9494132534246272,0.9052346558460304,0.5674363670207686,0.9487905850974461,0.5659779825453031
idf_sf,0,77,0.7640521015737243,0.11666666666666667,0.9873537127232183,0.9828848568130941,0.7292552075386048,0.3369300315777461,0.9790523312596585,0.9611044424776218,0.9861636167892845,0.7347449233471337,0.9570459509408601,0.8246976495799372
idf_sf,0,78,0.6997598999232247,1.0,0.8596631815807252,0.8310119416978625,0.5356927404155333,0.5643217037121455,0.9447067298270508,0.9570945602823797,0.9055884650397685,0.8343384538666677,0.9495549027637769,0.8110561694129038
idf_sf,0,79,0.8125007040435052,1.0,0.9412189060376049,0.9238378367704503,0.7321023732225099,0.5370493322610855,0.9756382812578903,0.9550735152399363,0.9740207884580859,0.7807910018048044,0.9435422179519488,0.844517381514533
idf_sf,0,80,0.7817651017491123,0.16666666666666666,0.974571829396897,0.9585184522080267,0.656581790626049,0.5831150025129318,0.9899819466755041,0.971001267859857,0.9897276104137462,0.9277032692048509,0.968439442624328,0.9235357157254623
idf_sf,0,81,0.7422202645783051,1.0,0.9103408410246518,0.880309464947071,0.6600227156430483,0.4786715825398763,0.9134944115251983,0.9327485671282033,0.8867301683792823,0.5431060546030433,0.9095812069472445,0.6702399215960907
idf_sf,0,82,0.748826904519428,0.9333333333333333,0.97431971523719,0.9543687024303511,0.4790419507424036,0.31987649699052173,0.9140643278776549,0.9298840322839449,0.893829257890422,0.5128156250910991,0.9093104208669355,0.5750986004279832
idf_sf,0,83,0.846730012078807,0.8833333333333333,0.992850479801815,0.9838586023118762,0.7263873423337935,0.46991076370080315,0.9813827363021351,0.9609177189448671,0.988157166588691,0.7596505031747333,0.95717038390457,0.8120695756653608
idf_sf,0,84,0.8488063232381312,0.9,0.9823462277807163,0.9700397129308164,0.6700043676892915,0.6595108797152837,0.9446282752436485,0.9522821680866415,0.9562792253269945,0.5023925828479104,0.9536997805359543,0.583428069570307
idf_sf,0,85,0.7728519462226763,1.0,0.946436070588759,0.9039577338898103,0.6711808929642042,0.48012969791889193,0.9082803886207002,0.9364241562941424,0.8953049385739912,0.44522833874670126,0.9224354733702957,0.5740166142330332
idf_sf,0,86,0.7889816752087165,0.2833333333333333,0.9946258861054956,0.9930857684020123,0.6967569283445676,0.3789575720826785,0.9846999096123404,0.9685629997609879,0.9850978965720824,0.8396325313438804,0.9730182606686827,0.7991577280780017
idf_sf,0,87,0.8173203701615042,0.8833333333333333,0.9788694306533154,0.9497369169098101,0.7144929184516272,0.4926445871591568,0.9450986729166359,0.9465200233487756,0.966697906470427,0.45749303809035635,0.940238312752016,0.6174476392946001
idf_sf,0,88,0.806097384351107,1.0,0.9476786140868236,0.9347605679705253,0.6867185343106588,0.5251182888944944,0.9431061483543136,0.9566765597452197,0.9127549298988875,0.7481455868583614,0.9498948620211694,0.788936585693036
idf_sf,0,89,0.798327347796516,1.0,0.9914195177425494,0.9834228558945501,0.4293039835790794,0.5143097286423047,0.9104441200910586,0.937953268227485,0.8814155551454713,0.5387324235575685,0.9192705708165322,0.6828284364635662
idf_sf,0,90,0.7866404164042903,0.0,0.9962509919647761,0.9963364123402079,0.6511509892344474,0.5236358945568402,0.9907102248570621,0.9729886095353593,0.995008419309893,0.8610886678857318,0.9763091712869624,0.8764248116541717
idf_sf,0,91,0.7995506971404626,0.5833333333333334,0.9913104580800595,0.9825622992811638,0.6373884005844593,0.4371321424841881,0.9668472845074968,0.9542095080602693,0.9605666910448382,0.7452514858569129,0.9454721102150537,0.7838962335707778
idf_sf,0,92,0.7995227540488755,0.1,0.9950018830164573,0.9923375979669732,0.7136478581229845,0.5158709968129794,0.9902839759549924,0.9689820749962983,0.9923512320364676,0.8891800288426674,0.9660924111643145,0.9021760028297618
idf_sf,0,93,0.8293508682424252,0.9333333333333333,0.9821088378878974,0.9628933814460157,0.7094794948697091,0.4939042652646701,0.9529733866154702,0.9473509023883177,0.9414794887586307,0.688095822930336,0.9321705151629704,0.7796447380619534
idf_sf,0,94,0.8101005271577145,0.25,0.9920801147776895,0.9857673008223764,0.7252420045932134,0.5396098280946414,0.9814454105978221,0.9664134438880813,0.9857103419079577,0.780194813164614,0.9608826339885753,0.9031964545532808
idf_sf,0,95,0.7808010714198196,0.0,0.9952491227139895,0.9929116778475006,0.71003163309892,0.4386204088727633,0.9898690268131585,0.9743473348040531,0.9937818390066905,0.855761645709054,0.9745192004788307,0.929951865794295
idf_sf,0,96,0.8530728244655065,0.9666666666666667,0.9884107507051225,0.9656806123334597,0.7088372342387836,0.5999633009235065,0.9457753553282889,0.955771362591402,0.9386558555627382,0.6086139536257518,0.9492022114415323,0.7763121772115513
idf_sf,0,97,0.8360146541572522,0.8333333333333334,0.9801130380176911,0.9643815314224343,0.7075620065132777,0.5450263639291127,0.9726659177929732,0.9649845463940167,0.9801689038994491,0.6917133641950155,0.9703128937752017,0.7409019167140379
idf_sf,0,98,0.7820594788082192,0.0,0.9910047976617344,0.9767544847376207,0.7850744733015697,0.4570541630188624,0.9811303382801592,0.9618548901953983,0.9909382580268769,0.7294556357092776,0.9582423712617606,0.8301828453096293
idf_sf,0,99,0.8061637804907273,0.65,0.9781119296757165,0.9613062711946326,0.722075850725174,0.4811971401174863,0.9569572289831992,0.9505916321925449,0.953429570057059,0.6603270019009962,0.9384480794270833,0.7818093168533454
idf_sf,0,100,0.8201995421120315,0.6166666666666667,0.9616560763561568,0.9410350581243925,0.6807385311921439,0.6838432759046554,0.9790245080382132,0.9741352165303738,0.9755828032250043,0.8232951639062267,0.9786048807123656,0.8763955978013701
idf_sf,0,101,0.7688254633300408,0.2,0.9961754598134065,0.9927161607477399,0.45160324607292807,0.574683545033137,0.9602637199200748,0.957028145414322,0.9648305163268118,0.6258612416558347,0.9535017116095431,0.7554497314711749
idf_sf,0,102,0.8463314532914763,0.9666666666666667,0.9703816594241418,0.9429720322602716,0.7408417659600575,0.6334301441907882,0.9691102318730304,0.9457920978361039,0.9769629652141243,0.6690411245671369,0.9304751816616262,0.7618073065907268
idf_sf,0,103,0.7907988451253757,0.15,0.9933608626453015,0.9876549068697138,0.6517320020000141,0.5438433016339937,0.9758917234689621,0.9596448071110134,0.9769960244817116,0.7610617823014825,0.9574616462953629,0.7685764280416197
idf_sf,0,104,0.8466096955417431,1.0,0.9762581797324522,0.9558819423002355,0.6781290334065754,0.5838753839333852,0.9725883572205798,0.9741138304697614,0.9567933376758329,0.8926926164303796,0.9751886183215726,0.9176614951279204
idf_sf,0,105,0.801152893120904,1.0,0.9784910222441601,0.9541917120864967,0.4318716548979283,0.6025538136561711,0.9423920811713199,0.9478057865363084,0.9263958638073294,0.6479100082385338,0.9340979135164651,0.7656171402688754
idf_sf,0,106,0.7280326546166815,0.8833333333333333,0.9070695242053226,0.895419556175182,0.44965085195501653,0.5226743335525195,0.96923633162006,0.9605586378939551,0.9639118896056247,0.7591624174077632,0.9540148006972445,0.8508495173211825
idf_sf,0,107,0.8810798262518472,0.95,0.9886920262434419,0.9830724572044571,0.7253626271883646,0.6551335175832113,0.9879395694856404,0.971588484306435,0.986722349431566,0.9082557175119045,0.969711205267137,0.9225159464246135
idf_sf,0,108,0.8401370140287424,0.8,0.9850843131072169,0.9693189979067035,0.6782639015913009,0.558339054385821,0.9883403518668351,0.9728979877242513,0.988221546542901,0.894385660098771,0.9732469128024194,0.9115206973027374
idf_sf,0,109,0.8674888568875507,0.5333333333333333,0.9903366212083125,0.9843401001013959,0.7840980632305145,0.7002599408229192,0.9890626719309039,0.9758373179762612,0.9887659963100187,0.9120361522092657,0.9794665921118951,0.9069085853584742
idf_sf,0,110,0.8049613206710838,0.35,0.98887278341061,0.9840999805537702,0.7114366045594216,0.473228723804156,0.9916573163924212,0.9666510486748573,0.9938130373595864,0.9147116582272417,0.9664317141297043,0.8480601154141507
idf_sf,0,111,0.8032938366649073,1.0,0.9620363317255322,0.9472978024700889,0.5674473498761653,0.5356278394659361,0.949873673172796,0.9563347646312176,0.9470866576638274,0.6065921654640618,0.9530016171034946,0.74113146430355
idf_sf,0,112,0.7172997204556176,1.0,0.8763325766105944,0.8465446600571178,0.6283895908991498,0.4506605789065361,0.9743861942788011,0.9579257858896931,0.970606236320029,0.7879994324708389,0.9469821068548386,0.8676940030970816
idf_sf,0,113,0.8271196353483667,0.9666666666666667,0.9841259561194788,0.9656177520128637,0.6138476851781208,0.5399659792582194,0.9560325621622286,0.9477558629582359,0.9549863120240548,0.6383684127260063,0.9383474042338709,0.6917136341838513
idf_sf,0,114,0.7896005858718522,1.0,0.954235482294547,0.912238610710194,0.6651691985726358,0.5736741577585538,0.8898326063004076,0.9318790251900827,0.872739570067134,0.39086877059002045,0.9106319304435483,0.6228377010862706
idf_sf,0,115,0.832981069923387,1.0,0.9785388571787481,0.9498866665285397,0.6551641724705697,0.5636369784673055,0.9689000949126352,0.9499544929272861,0.9504597730854507,0.872903823347415,0.9342054141465055,0.833085359658225
idf_sf,0,116,0.8531624945170044,0.9833333333333333,0.9895854360113436,0.9780298750696618,0.6707240113615989,0.5664780527353287,0.9683526298052192,0.9558168209542145,0.9669596437324761,0.7195833158695092,0.9482973160282259,0.7877347156152887
idf_sf,0,117,0.8097797239396918,0.4166666666666667,0.9889548901626773,0.9764392026421292,0.6955062004327776,0.5180679837862651,0.9778288893799029,0.9708293344601908,0.9755961284041406,0.8051293371087413,0.9778972666750673,0.793301602036266
idf_sf,0,118,0.7786278623255103,0.016666666666666666,0.9919895588315305,0.9843772734380235,0.6561467789808907,0.5163568576176961,0.9884980796027633,0.9665926068999158,0.9928579492434377,0.8378152599779226,0.9613703902049731,0.9013750750129506
idf_sf,0,119,0.7765102602690095,0.11666666666666667,0.9821020799110094,0.9732166132506203,0.6143811033964156,0.5677903975049655,0.9820865555969142,0.9651919809452508,0.9825282546781724,0.8175248637542887,0.9660983177923386,0.8028815345743955
idf_sf,0,120,0.7965188631514176,1.0,0.9302000776114696,0.8993014481488397,0.6378938187162081,0.6139924744764964,0.9836422813428977,0.9609805307756359,0.97898251902993,0.8908755178168669,0.9501880932879704,0.9007860745413828
idf_sf,0,121,0.8351963680349891,1.0,0.9792243106799492,0.9663226648405487,0.6573914932608604,0.5822323888540268,0.9272682484383695,0.9467406559910135,0.9185222604101704,0.5227844434774528,0.9340703492523521,0.7354866867348299
idf_sf,0,122,0.783834759465785,1.0,0.9471997254176038,0.9120028023937947,0.6811243048310279,0.45614517082770667,0.9439285339621932,0.950717788580434,0.9100254378652061,0.785350665197534,0.93441897156418,0.8500078860986031
idf_sf,0,123,0.8096019675476669,0.4,0.983779158640026,0.9701365069158715,0.7143384444713591,0.5633854279915492,0.9698271624086997,0.9613453585763999,0.9712795282563855,0.7112236904390787,0.9566139795446907,0.8376716890577542
idf_sf,0,124,0.825868423421187,0.5833333333333334,0.9786632652439984,0.9686475537804996,0.7217795872092247,0.612355762720108,0.9549934774704062,0.9588303049971327,0.9551815455879573,0.6190691393310741,0.960275432627688,0.6980079402357845
idf_sf,0,125,0.808428332356483,0.16666666666666666,0.9929320785078929,0.9900146384469044,0.6855169429977735,0.5915195256471634,0.9798442067878399,0.9709240886718564,0.9830014306851612,0.7759125293311426,0.9769042968749999,0.8206869212247557
idf_sf,0,126,0.7412233109379138,1.0,0.956810401940854,0.9251616612602684,0.433505742629369,0.3966135889291763,0.9211151081938553,0.9421722671870179,0.8743992198539038,0.7075289002919601,0.9223229849210349,0.7707403620420876
idf_sf,0,127,0.8001898218923114,0.05,0.9938345548083907,0.9898031130101946,0.695476207713286,0.5599990546703338,0.9920860271290998,0.9779256718275163,0.9950292403819742,0.90799721418801,0.9822423135080647,0.9240170196961548
idf_sf+rule,0,0,0.8551951996683331,1.0,0.9840093517092854,0.9466945880067114,0.717813198884328,0.6233915338913599,0.9740689298844087,0.9542219793854351,0.9723584477138778,0.7683217267868883,0.9415368521085349,0.8485500090203043
idf_sf+rule,0,1,0.846814512320228,0.7166666666666667,0.9918070685827899,0.9803460816152735,0.7293966241677601,0.6004489759604136,0.9527986939368139,0.9586051319933121,0.9669273730727935,0.5337208708337808,0.9584155010920699,0.723959627040362
idf_sf+rule,0,2,0.8559200765445731,1.0,0.9770782754476881,0.9607287226782903,0.7230193304022152,0.6187164147694906,0.9691882251474991,0.9511320543688275,0.9502982391945777,0.8867183090266535,0.9315230174731183,0.8917616161249452
idf_sf+rule,0,3,0.7979130085637036,0.0,0.9910527706458148,0.9761926128661711,0.7024839353561401,0.6338356087605158,0.9830212849611468,0.9677580352157968,0.9850356527554093,0.8129567008907512,0.9687901650705644,0.8461327694230161
idf_sf+rule,0,4,0.8275298807233342,0.05,0.9934655056514534,0.9912292008072722,0.7025074500242869,0.7252862403790156,0.9910562471264633,0.9808922926908902,0.989423188535116,0.9568700234768754,0.9827025054603494,0.9632490019677049
idf_sf+rule,0,5,0.8778046916533069,1.0,0.9883397130725065,0.9746715769736595,0.7431049524148305,0.6209750304619471,0.9873757563902832,0.9676441359509951,0.9839930345454524,0.9348318400019306,0.9568925098706317,0.9589605553675506
idf_sf+rule,0,6,0.8083173927126506,0.2833333333333333,0.9858460408258151,0.9758462439798843,0.7071407176852226,0.5599632839361827,0.9869088414451971,0.9747149628588904,0.9864608415192175,0.8732277695405282,0.9784439579133065,0.8938285743786116
idf_sf+rule,0,7,0.8574361991388307,0.9833333333333333,0.9845841335534097,0.9687917338788901,0.7536363846858342,0.5266225904226303,0.9807778730755705,0.9648613959981769,0.9761219114385626,0.8497129698931161,0.9573373445900537,0.9094050602387573
idf_sf+rule,0,8,0.8095375128599862,0.0,0.995900788531076,0.9948204507040822,0.7411246887048085,0.5948531736930212,0.9893311274577878,0.9689610045078385,0.9920139667327686,0.8637838626311998,0.9674206149193547,0.8894454766128023
idf_sf+rule,0,9,0.8025778739222218,0.26666666666666666,0.9851256746124227,0.9686850770002875,0.6781493714650472,0.6088197559118271,0.9778073052718326,0.9626113654467512,0.9798602005326622,0.7681387475991653,0.9551209152385752,0.8822967470702479
idf_sf+rule,0,10,0.8684637380521529,0.9666666666666667,0.988459403793346,0.9837985602391313,0.7124350102742514,0.6075478245814642,0.9725484079068629,0.9620185184807547,0.9720940731385704,0.7441523464049323,0.9562671948504703,0.8573905704385143
idf_sf+rule,0,11,0.7646511906840312,0.0,0.9950800375699157,0.9926423733530482,0.6228592230280241,0.43646451234817507,0.9849223266618838,0.9680363760615737,0.9908075124025346,0.7957136403706114,0.965901823966734,0.8835332166340392
idf_sf+rule,0,12,0.8915715433262617,0.9833333333333333,0.9840449482898127,0.9749291779324901,0.7139436173041661,0.7550105959177017,0.9855272939387718,0.9743992283651199,0.9780770996084776,0.9616214971421129,0.970613738029234,0.9578557494333235
idf_sf+rule,0,13,0.864111029461547,0.9833333333333333,0.9845695119853349,0.9597022739422868,0.717579075217247,0.6790314008792241,0.9612834798713372,0.9459833277591901,0.9513551823073818,0.7287620992983802,0.926412602906586,0.831247721688222
idf_sf+rule,0,14,0.856346381044343,1.0,0.9865604623534184,0.9748100693864761,0.7266405496994655,0.5397264013687769,0.9678560237233214,0.9579154145169643,0.9506776373873475,0.8461822347115662,0.94552001953125,0.8860357888674332
idf_sf+rule,0,15,0.8082539307226208,0.03333333333333333,0.9922988151158046,0.9894921872272989,0.7234462093512216,0.6068237781524658,0.991019996256433,0.9729858782631371,0.9924155499986423,0.9170222595586615,0.9731949344758064,0.914375149597556
idf_sf+rule,0,16,0.826061278964782,1.0,0.9551922136202238,0.9178422869888008,0.678740607937177,0.6447599391142528,0.9672404003503584,0.9638384009791946,0.9475935121217081,0.8665103447639336,0.9573734406502016,0.8859025356123003
idf_sf+rule,0,17,0.8521914188437418,1.0,0.9781347920143543,0.951174148889928,0.7706065712372462,0.56762715280056,0.966727380808773,0.9543061038968161,0.9578544568310503,0.7670109178555213,0.944745857484879,0.7950761447013435
idf_sf+rule,0,18,0.8407837300720266,0.8666666666666667,0.9894085593521893,0.9829365409433453,0.6684905007680259,0.5064844737450281,0.9854107295793679,0.9613481732175129,0.9812354964274232,0.9162985025826147,0.9546132077452956,0.8604344952914674
idf_sf+rule,0,19,0.8458767637236094,0.4166666666666667,0.9921546802225607,0.9783607230311127,0.7452826173106829,0.7041319986184438,0.9731629766854549,0.9620372937756001,0.9756797637830499,0.7252168003785409,0.9615699029737904,0.7791799890287852
idf_sf+rule,0,20,0.8102155621120097,0.38333333333333336,0.9865169379649413,0.9728650926764495,0.7554682423671086,0.5041402777036031,0.9764392445010963,0.965732109437795,0.9694201527263531,0.830268410807949,0.9623619161626344,0.8698436042009774
idf_sf+rule,0,21,0.8430259619686111,0.9333333333333333,0.981570088728749,0.9525518509297587,0.7415900769631069,0.5908429622650146,0.9514807427964915,0.9409500023166265,0.9385666741158372,0.6877126506829666,0.9234197801159275,0.7189148603859594
idf_sf+rule,0,22,0.8096065385421608,1.0,0.9790807876771317,0.9645752514733208,0.6425355913837751,0.42567363133033115,0.9361860449858196,0.9466240600540442,0.9150904602261,0.6402182344157817,0.9342083018313172,0.7279172196226605
idf_sf+rule,0,23,0.8278149127785007,0.45,0.9899527922890131,0.9769370666048883,0.728914500117302,0.6084411809841792,0.9669712347188024,0.9595532157124356,0.9737147781477179,0.6587084462329492,0.9549903131300402,0.79929941412756
idf_sf+rule,0,24,0.8166534702386776,1.0,0.9455217260179832,0.9112870677623875,0.7038702197273571,0.6246243953704834,0.9534414323652606,0.9644847883587936,0.9189918292946714,0.8833916313567404,0.9563838835685483,0.9119797783382868
idf_sf+rule,0,25,0.8188209272242966,0.48333333333333334,0.9924282443521835,0.9750660395466423,0.7827992943723997,0.47613064497709273,0.9717133590067735,0.955343170204841,0.9598123668823191,0.832000233359256,0.9459869056619624,0.8131994716191696
idf_sf+rule,0,26,0.8560112555473331,0.9833333333333333,0.9803503718695009,0.9346147978851218,0.7795969139734903,0.6527053703864415,0.9598850194075689,0.9426212579278703,0.9476923257753413,0.7359643586106219,0.9215657552083333,0.7918704167260961
idf_sf+rule,0,27,0.8047541241610011,0.0,0.9956715848371193,0.994994334668116,0.796618020494779,0.5495286643505096,0.9590194132913316,0.9649424546438655,0.9927299153260004,0.4663583036172756,0.9732629263272851,0.6826142721762092
idf_sf+rule,0,28,0.7939318080686303,1.0,0.9273621771741103,0.8788051606471242,0.6421599264343579,0.7069633543491364,0.9542217375572987,0.9502219037634068,0.9214605805854643,0.8676010036872606,0.9332025999663979,0.8522092735363265
idf_sf+rule,0,29,0.8573124697590486,0.75,0.9902301032814449,0.9825757631601071,0.7351264356374742,0.5889563972751299,0.9859422836921088,0.9718308924896282,0.9902317001614519,0.8175822269108336,0.9731031848538306,0.8902212416721602
idf_sf+rule,0,30,0.8541672805162466,1.0,0.985555984484398,0.9731428260740891,0.6658189559181532,0.5792150835196177,0.9714808155584345,0.9659404904406212,0.971524254464975,0.730250857896724,0.9625618227066532,0.8723403902377113
idf_sf+rule,0,31,0.8077047217759113,0.2,0.9933159737424468,0.9880515332549227,0.6590365025997162,0.6177694936593373,0.974229683228001,0.9631070415216043,0.9789911501990851,0.7178916582616709,0.9615368258568548,0.8124706240023597
idf_sf+rule,0,32,0.812052600297413,0.26666666666666666,0.9857124573827928,0.9761531643150678,0.6892578502297403,0.59870718618234,0.9900685303463741,0.9803871786124557,0.9904809704551133,0.9176175139718137,0.9856404622395833,0.9388460016856759
idf_sf+rule,0,33,0.787433990708811,1.0,0.959212366427533,0.9275534788144181,0.5760781625111898,0.5057518189152082,0.9465150119835238,0.9452867765771349,0.9356056330825694,0.641210479251409,0.932619418892809,0.7106838064678644
idf_sf+rule,0,34,0.794316968808627,1.0,0.9549544301965207,0.9300979798759509,0.5374777855475744,0.5643210570017497,0.9635686432448529,0.9545472985399743,0.9581686094082813,0.7148453338166415,0.9438697076612903,0.8258320128513594
idf_sf+rule,0,35,0.7838999460954117,0.9833333333333333,0.9474312178425205,0.9200554471857406,0.6452434637347857,0.5028261139988899,0.9356220625117067,0.9397649624321429,0.8970617750719669,0.7552765777050439,0.9200091618363576,0.7379742774922969
idf_sf+rule,0,36,0.824102470777624,0.5,0.9908875235125656,0.9848543575542426,0.7893334346214931,0.4487935130794843,0.9860504881904699,0.9619070208847723,0.9828383637371882,0.9102166886046782,0.9517513808383736,0.9048627145209555
idf_sf+rule,0,37,0.8282868584468785,0.016666666666666666,0.9949791813051936,0.993322544619928,0.7697254540522892,0.6866562734047572,0.9904322657514449,0.9682566304281547,0.9887246804852641,0.9495974668001724,0.9648471627184139,0.8995694305937169
idf_sf+rule,0,38,0.8491401875837951,0.8,0.9839192159634063,0.9728050305952434,0.7502727949023246,0.5437246109048526,0.9847244716266801,0.9728641687419526,0.9824644952531784,0.8676187254614749,0.9720045520413306,0.925219364590564
idf_sf+rule,0,39,0.8916614441924009,0.95,0.9899047727271403,0.9816513083183688,0.7786415003140769,0.6866846799850463,0.9840655220404386,0.9628455480443932,0.986348738785713,0.8185091084342891,0.957791498655914,0.8586623390852395
idf_sf+rule,0,40,0.8823007207221522,1.0,0.9746977569303333,0.9536889813304728,0.7772024474143983,0.730299100279808,0.9764664807663451,0.969107650377756,0.9632516074885603,0.9180926948280658,0.9651126984627019,0.9184580728159113
idf_sf+rule,0,41,0.8091756438762135,0.3333333333333333,0.987755805796173,0.9762944045409657,0.6915528734922408,0.5445140639940897,0.9888156228162229,0.975912766829084,0.9891280565050341,0.8953693968764806,0.9781256562920027,0.9249688684940338
idf_sf+rule,0,42,0.8399318081225768,0.65,0.986578176374865,0.9762770097707613,0.6977629354198774,0.5979654212792714,0.9850343627552806,0.9688496615775644,0.98284433266168,0.8706154616202338,0.9645816269741263,0.9186472407842087
idf_sf+rule,0,43,0.7886026934780368,1.0,0.9441804575774398,0.912265251758052,0.6098832861383756,0.5221392129858334,0.9695702236016597,0.9624273171962269,0.9648595036518189,0.7562889850745766,0.9621240759408604,0.7817637137437271
idf_sf+rule,0,44,0.8136797383715895,0.0,0.9947264434824113,0.9888705527003295,0.7541295230388642,0.6170862764120102,0.9913398490221073,0.975912440378945,0.9925563876346875,0.9257843888412087,0.9782976047967069,0.92316044286146
idf_sf+rule,0,45,0.8012242138690446,0.1,0.9920585195644913,0.9828307705611186,0.7954549660682679,0.48606787671645485,0.9893941505632703,0.9659103627405555,0.9913349648156475,0.8751309579711849,0.9586072696152553,0.9198473732350236
idf_sf+rule,0,46,0.8159723425034299,0.3333333333333333,0.988784056087416,0.978538149618635,0.7023712707757951,0.5908952494462331,0.9815355201895617,0.9655187452751743,0.9830324189637296,0.8049186435291322,0.9664195070984543,0.8105226406606577
idf_sf+rule,0,47,0.7806024569184626,1.0,0.9471976797298335,0.9153377077937906,0.5806503406961759,0.5083291947841644,0.9609318190329909,0.9495184052949486,0.9453251814169268,0.7746177841041048,0.9335892872143817,0.8299082962133116
idf_sf+rule,0,48,0.8209016017884017,0.05,0.9910129049871224,0.9825705036384608,0.7646477709213894,0.6491386274496714,0.9931819009824159,0.9810438759293235,0.9924259073151055,0.9750594648264223,0.9840749432963709,0.9569558046631894
idf_sf+rule,0,49,0.8221092656247136,0.4666666666666667,0.9930620078581796,0.9881949449364655,0.7163100506067275,0.520058507223924,0.9779452136676701,0.9607927697625214,0.9768005039743197,0.7962013733083919,0.9564861338625672,0.8235344866574821
idf_sf+rule,0,50,0.8257897054028389,0.9833333333333333,0.9762590194710956,0.9402675052561792,0.6772668355902037,0.49676018456617993,0.9894929114214073,0.9617810348064961,0.9895705611314825,0.9130878281795373,0.9505835748487905,0.9169026638491679
idf_sf+rule,0,51,0.8293488214408742,0.38333333333333336,0.9830238177962008,0.9764862707861108,0.723053678492705,0.6560076614220937,0.9812981648826552,0.9667934841064751,0.9760520548910224,0.8625972937729399,0.9636780441448253,0.8792447301290803
idf_sf+rule,0,52,0.8077329941037839,0.0,0.9961860181046391,0.9955658101412206,0.6760984585483869,0.6167393088340759,0.9952816044754247,0.984803416662799,0.9980018581754417,0.9551425884335728,0.9878603043094756,0.9793202397176775
idf_sf+rule,0,53,0.818598105367956,0.2,0.9933796328701086,0.9868997353354311,0.7229697748819988,0.6006104240814845,0.9842867675895239,0.9742896234810304,0.9844155000743045,0.8380353263879227,0.9744964927755376,0.9289804479833377
idf_sf+rule,0,54,0.855058440437412,0.8,0.9893452902712604,0.9756227388568951,0.6885138632059099,0.6374771505594253,0.9732121963796769,0.9682435528453726,0.9746225902149754,0.7335025044315953,0.9703170940440188,0.8388180571087336
idf_sf+rule,0,55,0.8201964000018673,0.2,0.9918368178191861,0.9864458189291112,0.7715498479207359,0.5713927666346232,0.9854275099554608,0.9714889236969447,0.9801243162123107,0.9344850440146559,0.9703298261088711,0.9127609214540255
idf_sf+rule,0,56,0.8117002152856416,0.0,0.9948386008208631,0.9912939772730558,0.7192224752108256,0.6341756453116735,0.9903875174299397,0.9752802807779831,0.9905301643315182,0.9278491326307846,0.9754995694724463,0.9381698875103966
idf_sf+rule,0,57,0.8812711022946567,0.9666666666666667,0.9905689151334947,0.981167326659159,0.7076366502642633,0.6662566393613816,0.9852502383670299,0.9725952112336922,0.9798734201218492,0.9331908948340658,0.974726326234879,0.8887781925120596
idf_sf+rule,0,58,0.831566929532128,0.48333333333333334,0.9860382381854541,0.9659403690014011,0.732762050787608,0.6196355233589809,0.9880170308491482,0.9677680468263066,0.9865241098788476,0.9148688316345215,0.9622519216229839,0.9206133292893232
idf_sf+rule,0,59,0.8027239093604055,0.25,0.994817797968398,0.9923981480193295,0.566166269381841,0.6185254077116649,0.9848957401078015,0.967072125541458,0.9889801504631196,0.8115561364565865,0.9636391916582662,0.8895110518245374
idf_sf+rule,0,60,0.8502341150522311,0.9,0.9886981177982084,0.9783358843342153,0.6557375902732213,0.6031376188000043,0.9617935316736107,0.9638367685028933,0.9391034124999916,0.8413137697567374,0.9643922211021505,0.7871924866054018
idf_sf+rule,0,61,0.8445156391158625,0.9333333333333333,0.9675758331849479,0.9432623353658939,0.7386217950383823,0.6164180864890416,0.9770782829917192,0.9632249822238843,0.9738147289041551,0.8076927874047878,0.9615192372311829,0.8204460937087819
idf_sf+rule,0,62,0.8049676950837559,0.23333333333333334,0.9926019743390441,0.9912664227236331,0.6551611392299335,0.5663305838902791,0.9836725474660171,0.965746469567952,0.9845500561659056,0.8255729051464695,0.9664094002016129,0.8232439771547155
idf_sf+rule,0,63,0.8388163507223962,0.0,0.9941361928359159,0.9908419977294074,0.7771422474384307,0.7374506185452143,0.9945776175053103,0.9854578725181724,0.9974865351473131,0.9449235195830717,0.9868958175823253,0.9853444286322189
idf_sf+rule,0,64,0.8770700420607176,1.0,0.9919312694792423,0.9870669643707526,0.7082701854109764,0.6174678176641464,0.9788258368414495,0.9660356707450919,0.9760308102093718,0.8173530541234098,0.9612813970094085,0.8921739772214727
idf_sf+rule,0,65,0.8192433219095824,0.03333333333333333,0.9914518771210408,0.9884986827887741,0.7078961041371028,0.6794351051251094,0.9946432455301895,0.9845889471900672,0.9956280703185706,0.9729468231484041,0.9879306588121639,0.976501535056001
idf_sf+rule,0,66,0.8074789898930916,0.06666666666666667,0.9960735891987819,0.9940522223009781,0.7260678450663887,0.5555390000343323,0.989237936996043,0.9757891804293327,0.9925687144360233,0.8551847262907837,0.981297384282594,0.8855020575604197
idf_sf+rule,0,67,0.7684130472407045,1.0,0.9478061076880597,0.90442674568276,0.6025839268167813,0.4625779618819555,0.9499909425608607,0.9382540546100756,0.9353924574550762,0.6887416066759724,0.9132947696152554,0.786522449578269
idf_sf+rule,0,68,0.816850398399863,0.016666666666666666,0.9927800432362076,0.9906540904403514,0.7121805963118871,0.6661156853040059,0.992325565480742,0.9802746768133185,0.9916931488661356,0.9610600809929735,0.9838951192876344,0.9497905989824715
idf_sf+rule,0,69,0.8019999351022018,0.13333333333333333,0.9899232594191374,0.979851824925616,0.7042069111267726,0.5561327824989954,0.9931115065856014,0.9810982457838092,0.9939496479047242,0.9512546865616814,0.9832640288978495,0.962252391596972
idf_sf+rule,0,70,0.8569575411800179,0.8166666666666667,0.9916744352583599,0.9888740355360742,0.7150305793881417,0.5531017566720645,0.9887485599895509,0.9681962018181767,0.990960862944203,0.8625058274147874,0.9716496293262769,0.8146237912824599
idf_sf+rule,0,71,0.7775765421197967,1.0,0.9590277144666034,0.936394211887534,0.510981105208397,0.5258325949311257,0.917703914237728,0.938988935042731,0.8820804895172196,0.6114093277413967,0.9241017987651211,0.6349685164326329
idf_sf+rule,0,72,0.809869109868184,1.0,0.9636671814591072,0.9198731543971042,0.7538599317073822,0.45400451074043907,0.9590291859772455,0.9530948142058051,0.9355546830001699,0.8235547567828226,0.943678201654906,0.7792977645235547
idf_sf+rule,0,73,0.7596954932015673,1.0,0.9409136448382771,0.9204070040135601,0.5396088116765021,0.48748915394147235,0.9130431286318035,0.9421022724640599,0.906837317163265,0.4364409346322892,0.9322272187920027,0.6014461062722287
idf_sf+rule,0,74,0.8228563255368864,0.9666666666666667,0.9763634190012664,0.9395067360198576,0.6516852385997773,0.5720478763182958,0.9568522088052658,0.9466301832445907,0.9342999692725881,0.7991077223066556,0.9270990843413978,0.8387107687481379
idf_sf+rule,0,75,0.844774501912701,1.0,0.9786917090256538,0.9386354387507718,0.727793227314949,0.5975417733192444,0.9671002108729901,0.9514746831495097,0.9601800782225466,0.7536130163629177,0.9333913495463708,0.875136687593945
idf_sf+rule,0,76,0.8105954327444748,1.0,0.954376097885884,0.9193676959767061,0.6854910229643186,0.6051790128151576,0.9261820211947462,0.9483862257847573,0.9055850549931487,0.5732823932322405,0.9473657751596102,0.5553165409019438
idf_sf+rule,0,77,0.7656870917934913,0.15,0.9898182835747071,0.9843946451299331,0.6673405964871246,0.3827684516708056,0.9726862736089288,0.9647714751402042,0.9725189215353418,0.7428425611075709,0.9654248309391801,0.7993332493608281
idf_sf+rule,0,78,0.7229248927745395,1.0,0.8800683749373,0.855543386172625,0.5400405783553919,0.5692444026470185,0.9486820163914997,0.9574411067300777,0.9149326185866069,0.823054117418952,0.9500626102570564,0.8171487107115277
idf_sf+rule,0,79,0.8107381003258471,1.0,0.9437272730595532,0.9250615645389931,0.7275158285101253,0.5204812561472257,0.9745968285914949,0.9543433767565825,0.9714470654245346,0.7846773266792297,0.9413557155157932,0.853089727082495
idf_sf+rule,0,80,0.7847573251746311,0.15,0.9792074936274219,0.964063470161039,0.6618683663209279,0.57667931218942,0.9905973318078802,0.9690443248736447,0.9901002150549683,0.9390268032833681,0.9653366252940186,0.9140643674438282
idf_sf+rule,0,81,0.7524416301712713,1.0,0.9145919885760574,0.8831096103144628,0.6844551270206769,0.4826887046297391,0.925008853893442,0.9344957581750147,0.9041488475937356,0.567991717639616,0.9112883537046371,0.705448241051981
idf_sf+rule,0,82,0.6995267109384297,0.8333333333333334,0.9288509879787324,0.9056561222886728,0.4860667136063178,0.35143869519233706,0.9016676792204484,0.9246185928985514,0.8476440205128601,0.6258152536416458,0.8947690902217743,0.6452986156031236
idf_sf+rule,0,83,0.8192540111681199,0.2,0.9942106459841921,0.9867798805236817,0.7591990361213684,0.5727916195988655,0.9867319080903358,0.9672455161572597,0.9879448977048679,0.8506187589491828,0.9642091156334006,0.8855188766778526
idf_sf+rule,0,84,0.8458776226950934,0.6666666666666666,0.987714112991098,0.9803500050189449,0.7056882811188697,0.6632029702266057,0.9522070056689588,0.9546083716084443,0.9709000781899498,0.5066381054535761,0.9570761403729838,0.6050306288367611
idf_sf+rule,0,85,0.7712866625979481,1.0,0.9495235476508237,0.906275328467874,0.6649156880279381,0.47384064743916193,0.8954497286127834,0.9368406659404407,0.8771138482596925,0.4184210313389362,0.9241995862735214,0.5564283023951417
idf_sf+rule,0,86,0.7997299389791822,0.45,0.9933198450672853,0.9913933855334138,0.72549882654349,0.34577651172876356,0.9823002718193173,0.9706499030175324,0.9814131268250044,0.8282908650778108,0.976200226814516,0.8235376643932472
idf_sf+rule,0,87,0.8116659354600172,0.45,0.9899604444380435,0.9767601050115098,0.7440075474977494,0.5231638277570406,0.946575116991968,0.951840107651667,0.9668278334842574,0.47079996053539847,0.9499908119119624,0.6319502307954481
idf_sf+rule,0,88,0.8070751216090343,1.0,0.9533505035180472,0.9415952534145778,0.666911756237348,0.5055528829495112,0.9468347685833985,0.9592358679659593,0.9174224421221723,0.7720779026463881,0.9545989005796371,0.7951857988107003
idf_sf+rule,0,89,0.8033715777199871,1.0,0.9923528965153249,0.9842561513536118,0.4432751768926779,0.48511459976434707,0.9357745705537153,0.9474752290868488,0.9269938360539175,0.5617176302535049,0.9356531943044356,0.7329107717437259
idf_sf+rule,0,90,0.7778125001520798,0.0,0.995444238999538,0.9946315565179377,0.6063630920251212,0.5242318893472354,0.9888604458989535,0.9702883440445839,0.9922388520452287,0.8501850412053577,0.9735566826276881,0.8500412091360254
idf_sf+rule,0,91,0.8192559264677157,0.7333333333333333,0.9921663135526646,0.984585682021247,0.6548957624435425,0.45787912209828696,0.9690260620484307,0.9570774542599954,0.9651876983463124,0.7429374246779135,0.9498548282090054,0.8032062877032716
idf_sf+rule,0,92,0.8000885522242606,0.0,0.9953543506793149,0.993618350800346,0.7288566843271255,0.5526220470666885,0.9922064479236039,0.9651433793087458,0.9932723905450555,0.9396018729371539,0.9562976467993954,0.9279993130999097
idf_sf+rule,0,93,0.8349948004326214,0.9166666666666666,0.9829446335814862,0.9644658293755225,0.7217546806136766,0.510931913057963,0.9600474110785654,0.9475884481763145,0.9486772807855759,0.7300738745321662,0.9310370988743281,0.7996997999942909
idf_sf+rule,0,94,0.8238435815456087,0.35,0.9916364578678099,0.985271524557101,0.7308814048369726,0.5658603549003601,0.985982687916913,0.9700949369577317,0.9859927852307596,0.8559542379136813,0.9640533119119624,0.9461597562846491
idf_sf+rule,0,95,0.7757451294147397,0.0,0.9951959306386223,0.9927493741543464,0.6954350768725077,0.42288980235656104,0.9911613494699067,0.9718144528037747,0.9921032233904767,0.9274177894753924,0.9656290690104167,0.9568878967883223
idf_sf+rule,0,96,0.8582415395951765,0.9833333333333333,0.9846475673641369,0.9578738498687743,0.730492890338103,0.6301275283098221,0.9527015638427974,0.9552547470137106,0.9448684857256952,0.660888168013702,0.9462761991767473,0.8017039000988007
idf_sf+rule,0,97,0.8416711438122662,0.8166666666666667,0.9846246716969376,0.9701073961164436,0.7255983401139577,0.533993524312973,0.9775633176188934,0.9660462349709669,0.9830582899432028,0.7358807734513687,0.9700751848118279,0.7706658708847175
idf_sf+rule,0,98,0.7995314903194062,0.0,0.9915494012278762,0.9833303116972929,0.7947923560539881,0.522284064690272,0.9893865605888019,0.9687547645249527,0.9914210125803946,0.8731344241206929,0.9662386330225133,0.8962336015903344
idf_sf+rule,0,99,0.8252646437604126,0.6666666666666666,0.9851410200656562,0.9736026143560222,0.7362771780888241,0.5176826025048892,0.9578536339178514,0.9556145144419477,0.9482492329933311,0.7048430268542242,0.9462046633484543,0.8221605505983708
idf_sf+rule,0,100,0.8070141120413458,0.1,0.985944090537598,0.9765702912542555,0.6407584629058838,0.6992246647675832,0.987391570089214,0.9802251150876052,0.9873628072040056,0.8744800267583233,0.9875750798051076,0.9156074741129148
idf_sf+rule,0,101,0.7800321465237405,0.3,0.9966438952287349,0.9945207266168655,0.4557258818944296,0.5937700788180034,0.956301343920293,0.9554035670181044,0.9605719987903873,0.6011527611289994,0.9505545667422716,0.7516585207086498
idf_sf+rule,0,102,0.8430525572466574,0.8166666666666667,0.9772839887283706,0.9567812929901423,0.7253932941555977,0.6260167787472407,0.9748851245807602,0.9523313306833525,0.9782969310559253,0.7305715510905799,0.9410047305527555,0.7915520274032981
idf_sf+rule,0,103,0.7952957455563274,0.11666666666666667,0.9940996798435957,0.9900451404284809,0.6800687944491703,0.536988091468811,0.9837939013196983,0.9642066738756544,0.9798539093264971,0.8805987405574928,0.9608849966397849,0.8550236487792711
idf_sf+rule,0,104,0.8555661242195873,1.0,0.9783623410055945,0.9598303363214132,0.6934097602367401,0.608084257443746,0.9732117087213744,0.974208003231372,0.9587231961629724,0.8800002866882389,0.9747662287886424,0.9244439505924613
idf_sf+rule,0,105,0.7988365587939122,1.0,0.9766153010721292,0.952857362429301,0.44064974717299144,0.5873951683441798,0.9423029081128482,0.948886274038976,0.925286303716962,0.6535684764385223,0.9373497091313843,0.7537959718098075
idf_sf+rule,0,106,0.7449229355288508,0.8833333333333333,0.9246721662975939,0.9103700677709642,0.46346875000993415,0.5187827194730441,0.9702531095985732,0.9590467416114915,0.962790626047119,0.7844318777827893,0.949840127268145,0.8620059722560948
idf_sf+rule,0,107,0.8679454908514381,0.6666666666666666,0.9879992970488438,0.9821475233283697,0.7279796957572302,0.7170780221621196,0.9874374832892627,0.969514410299691,0.9855259453737609,0.9118419264332723,0.9639669438844086,0.9381780917361632
idf_sf+rule,0,108,0.8439851755083482,0.85,0.9840941633629058,0.9668285911535126,0.6839721291263898,0.5555695086717606,0.9898053725445446,0.9769400524812375,0.9895742610417386,0.9243096108153716,0.9798058950772851,0.9288909253427537
idf_sf+rule,0,109,0.8519705163680631,0.35,0.9912586772932552,0.9851296749925301,0.7727587331136069,0.6966565857330959,0.9890126138091434,0.9762107546005491,0.9888336713756285,0.9088987859628969,0.97890625,0.92303453764673
idf_sf+rule,0,110,0.7961365396288312,0.13333333333333333,0.9883765411550275,0.984273566124486,0.7353490098714829,0.5028288662433624,0.9919735357698723,0.9654129181895239,0.9936054844849854,0.9294918987710598,0.9636519237231183,0.8515496971243519
idf_sf+rule,0,111,0.8235710007760648,1.0,0.9720459917603823,0.9560625588036832,0.6087614860236645,0.5652515585223834,0.9527689600711231,0.9559584222032729,0.9527468291662072,0.6077180562888161,0.9513787382392473,0.7552429422483606
idf_sf+rule,0,112,0.7241230298685687,1.0,0.8922783595437521,0.858785350899291,0.6116336940924325,0.42479114333788554,0.9727830454778528,0.9587614099489886,0.9653753727514257,0.8063101889723439,0.9480342741935484,0.8743233958543357
idf_sf+rule,0,113,0.8126960054292598,0.7666666666666667,0.9903018712619931,0.9791934950055641,0.5882717575629554,0.5041838109493255,0.9673019674813883,0.94524259968946,0.975106312430674,0.654576515999891,0.9330793483282929,0.6985971326545134
idf_sf+rule,0,114,0.7947685775291189,1.0,0.9586627797613437,0.9125062374040191,0.6893164081772168,0.5597177758812905,0.8950341077582983,0.9329121912664025,0.8770700169987576,0.4147101396347507,0.9105336179015459,0.659225116089239
idf_sf+rule,0,115,0.8269278515680394,1.0,0.9764013266215051,0.9459968427271624,0.6513732992013296,0.5476405471563339,0.9678871922632102,0.9495511120523096,0.9480636376206594,0.8801873588966111,0.9328514837449596,0.8398102390564094
idf_sf+rule,0,116,0.8625769226744935,0.9833333333333333,0.9896349711135493,0.9784987410221224,0.6725715898474057,0.6170356432596843,0.9720321196630154,0.9580650545904087,0.9667295506724749,0.781415852449708,0.9508287655409947,0.8272318400568881
idf_sf+rule,0,117,0.792399507945134,0.15,0.9906048552084206,0.978524320483987,0.6822918067375819,0.5294828782478969,0.9805189005424207,0.9765347825477239,0.972972533427259,0.8864882649001429,0.98218508484543,0.8929719364238997
idf_sf+rule,0,118,0.7779937416630455,0.0,0.9946561633035516,0.9913283507340874,0.6415938812891642,0.4950065741936366,0.9920227280421724,0.9725651879749002,0.9955140198110253,0.8960004787323839,0.9691443002352151,0.9451042777400905
idf_sf+rule,0,119,0.7823152276729325,0.15,0.9773479338437507,0.9663213311768825,0.6600223862330119,0.5841696163018545,0.9777787644943651,0.9644538570015524,0.9701188159245319,0.8497560923382387,0.9626051379788306,0.8404855228076547
idf_sf+rule,0,120,0.7980359059753872,1.0,0.931693600214228,0.9006097634010068,0.6379924254814783,0.6149062315622965,0.9834656850972681,0.961277676102329,0.978558632186664,0.8924549312914832,0.9506305653561828,0.9029225100905208
idf_sf+rule,0,121,0.8425742863529624,1.0,0.9819487586929211,0.9696003345103047,0.6619874165256817,0.6050646841526032,0.929977994603841,0.946125011466853,0.9254547529964038,0.5143918666546627,0.9329373267389112,0.7332604002144377
idf_sf+rule,0,122,0.7824359936605997,1.0,0.9474729250679083,0.912148369807823,0.6726221887866656,0.4558620750904083,0.944730068736418,0.9488158160100374,0.9126801058810244,0.776723661160065,0.9298753307711695,0.8572578526149361
idf_sf+rule,0,123,0.8161479312369999,0.4,0.984322321560539,0.971958505437265,0.728720600783825,0.5721680968999863,0.9756064613308933,0.9656557359093549,0.977969915716238,0.7462627337140552,0.9645824145245296,0.8461748164589122
idf_sf+rule,0,124,0.8211227643902136,0.5,0.9805834310423184,0.9708364812377233,0.7256685739954313,0.6051180919011434,0.9558511283475472,0.9593265904351083,0.9519566846150226,0.6559798225002774,0.9608251428091398,0.7081906252493293
idf_sf+rule,0,125,0.8099156067710845,0.25,0.9924346298340235,0.9893974559642131,0.6776390656232834,0.5749640097220738,0.9803842318555884,0.9673593039322981,0.9767171168679832,0.8368510472572456,0.968761944514449,0.8361959376577603
idf_sf+rule,0,126,0.7454099800191911,1.0,0.9576662645636068,0.9258073685839285,0.4396643336812655,0.40286639084418613,0.9277021502434404,0.943951359384901,0.8833246376085025,0.7359817563477209,0.9247706915742608,0.7857209595583253
idf_sf+rule,0,127,0.7991596458718335,0.1,0.9936785305981217,0.9897759943460327,0.6828851538499198,0.5403845737377803,0.9931748382085245,0.9778093867848773,0.9946114210832504,0.9456135287123212,0.9796972131216398,0.9446517815024166
longlive,0,0,0.8202611955190048,0.5333333333333333,0.9863664923063539,0.9734276832318771,0.6433690567612647,0.6099543005228043,0.9816053166131894,0.9579996916774546,0.9747307588015832,0.8948485128960367,0.9432437363491263,0.9141097679986792
longlive,0,1,0.8295462574815546,0.3,0.9922855079856165,0.9856373403430766,0.7466006596287091,0.6419141054153442,0.9727275218683258,0.9572493826113422,0.967348979109077,0.7875236550630149,0.9487517326108871,0.8336195081977521
longlive,0,2,0.8840623442524793,0.9666666666666667,0.9891979234894932,0.9784654412705915,0.7535179397265116,0.678663236896197,0.975904551178153,0.9598878497433511,0.9620384591721719,0.9197721127736367,0.9484734648017473,0.8964981254884752
longlive,0,3,0.8164881131995931,0.0,0.9929958896980268,0.985725416420332,0.7704746354818345,0.6355947385231654,0.9924494683209865,0.9733441397501281,0.9936363515193744,0.9408947512254877,0.9734679519489248,0.9199334943698625
longlive,0,4,0.8178660748614637,0.016666666666666666,0.9957344352416297,0.9942094610017889,0.6700369188785552,0.6965334961811701,0.991818424931896,0.9796806598867416,0.9904671483462856,0.9671536749702389,0.9834517284106183,0.9445678329063674
longlive,0,5,0.8096295446991586,0.08333333333333333,0.9913102563738875,0.9838455092829038,0.7277450683116914,0.6184960931539536,0.9859133915963221,0.9675025925870336,0.9819713027887446,0.9212351966712434,0.9573828912550404,0.9549114714234562
longlive,0,6,0.7922647977124453,0.06666666666666667,0.9934074952785751,0.9883608389368245,0.6860856953263282,0.5197651435931524,0.9882454211915846,0.9776542004299034,0.9849887472967946,0.9432707550161976,0.9806858513944892,0.9341036945076312
longlive,0,7,0.840918499913599,0.5666666666666667,0.99009596121405,0.9815953018151079,0.7622026931444804,0.5591809590657552,0.9867360626791275,0.9644314270103719,0.9846791023528705,0.9015272456710621,0.9535013178343413,0.9407238914804944
longlive,0,8,0.8184445170991269,0.016666666666666666,0.9958535470441887,0.994832629838021,0.7037860341072083,0.6878483295440674,0.9905476665514455,0.9635035260134729,0.9894545943025622,0.9446461382558791,0.9489784158686156,0.9570386616860406
longlive,0,9,0.8083045506937496,0.11666666666666667,0.9885216766688721,0.9783301463469961,0.7043473078409831,0.654124108950297,0.9787452809213609,0.9640543180973463,0.975276518909521,0.8215484103914035,0.957102523311492,0.8939986153174255
longlive,0,10,0.8121755127181929,0.08333333333333333,0.9935655645401559,0.9911154335932015,0.7080257294774054,0.6493796736001969,0.9704882421467254,0.964624487973058,0.9612690914061762,0.8018882077629284,0.95814944031418,0.8947871797165629
longlive,0,11,0.7885561555618117,0.0,0.9953021249467559,0.9926699113651039,0.678532748142878,0.5278580352663994,0.9915937776414057,0.9677891454144628,0.9929640032911814,0.927487029362533,0.9587981193296371,0.950502984099469
longlive,0,12,0.8672554200138071,0.65,0.9884049214618479,0.9830317570493113,0.5907440272569656,0.8432162721951802,0.9872755583428787,0.9779023877493582,0.9823398394930746,0.9504164765446873,0.9776519447244625,0.9576888170282719
longlive,0,13,0.8421175331970377,0.3333333333333333,0.991220509874623,0.9832983786140393,0.724215514977773,0.7392399698495865,0.9769238310323847,0.9536707110652093,0.9718180540268141,0.8202708499916529,0.9350844516549058,0.9075970952793703
longlive,0,14,0.8567990719323665,0.95,0.987578141587906,0.9796481455541124,0.734902835826079,0.5485859846075376,0.9616712264537516,0.9590394840576114,0.9493485096161083,0.7533419258513693,0.9458859679519487,0.9066968863293275
longlive,0,15,0.7729676877693963,0.0,0.9868183971369441,0.9787195037704668,0.716017069220543,0.4861059953769048,0.9832632978733218,0.9526025784312181,0.978170247712443,0.8920887557126708,0.9376764112903224,0.8550275149991957
longlive,0,16,0.8577186605296846,0.7,0.9875883724016524,0.9776123577940697,0.669186184167862,0.723357684413592,0.9780973863240259,0.9650508999603692,0.968144057194392,0.8862296282234838,0.9597620810231855,0.8865529975648654
longlive,0,17,0.8243252604362756,0.8833333333333333,0.9664492233652275,0.9390174575257145,0.7046842712958654,0.5801239902774493,0.9719502885209884,0.9523809161762122,0.9577712488591029,0.8577975736836255,0.9399344495547715,0.8174043807942989
longlive,0,18,0.8486664485119467,0.7666666666666667,0.9918223630721279,0.9846237083977342,0.7194250313838323,0.5436137611667315,0.9875454649307268,0.9597542276399399,0.9859272881060518,0.90838246072753,0.9468408728158603,0.913006076873359
longlive,0,19,0.8284894847312606,0.18333333333333332,0.9864097929417641,0.9704856416602541,0.7933257973591488,0.6956533521413804,0.9799014726687162,0.9599283531386714,0.977589431308931,0.8215447467262462,0.9527103547127017,0.8512795630653026
longlive,0,20,0.7884263064258459,0.03333333333333333,0.9887387278578186,0.9770588825107399,0.7616255273421607,0.49983641852935157,0.9802151940413506,0.9717573872046336,0.9724064035281058,0.8857545392998194,0.969977528561828,0.9232649020219253
longlive,0,21,0.8223237167036459,0.5833333333333334,0.9832518204981275,0.9622617496540344,0.7568908551534015,0.5528787891070048,0.9634116939367161,0.9536242949630284,0.9556221536410752,0.7286960108805511,0.9473705004620298,0.7452503998400801
longlive,0,22,0.82979692448761,1.0,0.9873166177648944,0.9773248869609211,0.6598676246205967,0.48043878773848214,0.9295173320987417,0.9498027585264237,0.9071031328490985,0.6002966354964143,0.9348273164482526,0.8157880477986094
longlive,0,23,0.7745948204275943,0.0,0.9882893785648906,0.9776124555145215,0.6634256733258564,0.5452660838762919,0.9754616821856106,0.9607890835062051,0.9795088583903928,0.7300467907877292,0.9491116431451613,0.9104862591977847
longlive,0,24,0.8568240390557741,0.9833333333333333,0.9741945755765508,0.951397681953081,0.7025782410701116,0.6600233405828476,0.9749687619789288,0.9671109201127194,0.9613446067097366,0.8973740521123854,0.962843765751008,0.89713827533237
longlive,0,25,0.7874711307101365,0.1,0.9916947840255373,0.9838148085821687,0.7622009209990501,0.4458112398783366,0.9799523241707557,0.9613076616403018,0.9745255187394157,0.8492294011984841,0.9550900695144489,0.8549932908203642
longlive,0,26,0.8207757313548523,0.18333333333333332,0.9860948703946647,0.9649712912864934,0.7672735956907271,0.6861506849527359,0.9820296091350025,0.9591003349008951,0.9758003379708976,0.8899293471190889,0.9464089014196909,0.9010506353135836
longlive,0,27,0.8158456781157264,0.0,0.9966949024248528,0.997165712100618,0.7887966672976813,0.5717958807945251,0.983148836647438,0.9797272212980513,0.9954479101043874,0.7264928696519237,0.9934752761676747,0.8364725077556352
longlive,0,28,0.873423081721225,1.0,0.975804755939205,0.948393379597882,0.6677652211785315,0.7931490461031596,0.9775601786104471,0.9676967208077959,0.9629215282938811,0.9502484207436189,0.9620739352318549,0.9209835438405053
longlive,0,29,0.8467673562031781,0.55,0.9929556340326078,0.9892812890554565,0.7474648825327554,0.5693310737609864,0.9933279805461225,0.9737911780310767,0.9937666254819081,0.9595704947487783,0.9683353547127016,0.9643475544654717
longlive,0,30,0.8663302877325056,0.9666666666666667,0.9936459411892725,0.9898207214377285,0.6108078930179278,0.6379319469134013,0.980836851916082,0.9720841984928298,0.980317775472518,0.8154559039463432,0.9732642389112904,0.8931380333536763
longlive,0,31,0.7854273513619601,0.0,0.9921286340570475,0.9844431680947348,0.5838176573316256,0.6504614442586899,0.9795857658123472,0.9669899914998829,0.9797195169073281,0.7995472565545874,0.9618576213877688,0.9057028399685682
longlive,0,32,0.826946725543023,0.35,0.9922023101850397,0.9856770736641354,0.6912578398386638,0.6086766531070074,0.987897846339432,0.9787349585851772,0.9853110525556791,0.9314126665309325,0.9817581012684812,0.9431806782544669
longlive,0,33,0.8387495001760689,0.95,0.9844690858496323,0.9652342613070619,0.5984627266526222,0.6317183862129847,0.9619830986915517,0.9480866515008533,0.9502093139034445,0.7509076796093229,0.9320694461945566,0.7990920874526946
longlive,0,34,0.8217029407793207,0.8833333333333333,0.975827940572745,0.950831588545656,0.6474140496452648,0.5500332117080688,0.9682849941462126,0.9601832166596742,0.9579071641449005,0.7922547888957848,0.9581050749747984,0.7749294542660148
longlive,0,35,0.7914663214859933,0.5833333333333334,0.9752106084659201,0.953445605421378,0.5775742982228597,0.5775373031695684,0.9646350226993713,0.9565932313026742,0.9489349076023664,0.8076314951403666,0.951644536500336,0.7658832765231698
longlive,0,36,0.7941439311230133,0.016666666666666666,0.9939007591521889,0.991299812575571,0.7769405285120011,0.47586853355169295,0.988158697310757,0.9634287613957421,0.9853196612449101,0.9378192066136053,0.952270245295699,0.9337765761351181
longlive,0,37,0.8270614145162688,0.0,0.9955619126404718,0.9941031218354219,0.7259135927756628,0.7261307030916214,0.9918672820467265,0.9674589588897883,0.9895005549474429,0.9772978985713701,0.959493132560484,0.9411675066260968
longlive,0,38,0.8333057088624715,0.45,0.9923010837092434,0.9870767641301248,0.7197622367143632,0.5831962088743846,0.9856465461359151,0.9690100876947217,0.9831245555672593,0.8883236682010909,0.9627576602402553,0.9400293791698198
longlive,0,39,0.8286507663127569,0.2,0.988935586560865,0.9786449218185898,0.7129212230443954,0.7231948832670848,0.9829685117257827,0.9682811839489351,0.981707640713261,0.8388273114875212,0.9686879147765456,0.8584158925686852
longlive,0,40,0.9042829104052958,1.0,0.9874785431090617,0.9783333373225592,0.7740398446718852,0.7523361533880234,0.9841620898486073,0.9725571350350959,0.9771659698858055,0.9398229334313991,0.9707834551411292,0.9313980977414018
longlive,0,41,0.7838825158312991,0.0,0.99377943121849,0.9901423317466685,0.629450311422348,0.5373550097147624,0.9939783922995971,0.981418832632269,0.9950104180843601,0.9607257676326623,0.9840271652385754,0.9614399903911656
longlive,0,42,0.8058937096989699,0.03333333333333333,0.993592536642506,0.9885842899169796,0.7180432775815327,0.6010122855504354,0.9883429934555374,0.9707846874057892,0.9872273898092649,0.9139029131097308,0.9663192256804436,0.9399241628283161
longlive,0,43,0.7674068381995958,0.11666666666666667,0.9864981340078766,0.9686902439204698,0.5521919466853142,0.588399663567543,0.9635923381126328,0.9660768806961149,0.9498870739052374,0.781122200569864,0.9683413925991263,0.7941633836697723
longlive,0,44,0.8643802165906724,0.7833333333333333,0.9892810127212981,0.9779610781809861,0.7608768566846847,0.6099223832289378,0.9840128859560522,0.9722160301309754,0.9788325007243822,0.9089305067466478,0.9736388503864248,0.8922015398235644
longlive,0,45,0.8042932569074867,0.15,0.9919174429850287,0.9845735670616425,0.7549912321170171,0.5067737013101578,0.9912918281084464,0.9720152949018327,0.9905761445562045,0.9482846244917078,0.9672603484122984,0.9504510002621149
longlive,0,46,0.8053345747802164,0.21666666666666667,0.9893334331262628,0.9786783635694218,0.638522900323073,0.652462883790334,0.9717171370433594,0.9660396179903953,0.962936217217676,0.8091220545061564,0.9663079374579974,0.8339177440788786
longlive,0,47,0.8230662494612111,0.95,0.9839093748799822,0.9636237623800639,0.5676103757023812,0.5419408018390338,0.972314645072688,0.9575783919191243,0.9618876029727279,0.8252033444784456,0.9464789934055778,0.8659244290852951
longlive,0,48,0.8210993075994129,0.0,0.9938829920501706,0.9894546353271585,0.7681936581929525,0.6555784632762273,0.9932039290301564,0.9720762794530297,0.9924164147306513,0.9754642581535597,0.9646859774025537,0.9658101923384909
longlive,0,49,0.7913650788670752,0.05,0.994387470792047,0.9902064075812795,0.6969215119282405,0.5214958320061366,0.9857194700444505,0.9662345500024844,0.9812652926130961,0.9266393826169482,0.9604007844002017,0.904942288742227
longlive,0,50,0.8009965152357341,0.4666666666666667,0.987610948130662,0.9722068384114434,0.6963737844427428,0.44680591821670534,0.9909492081336272,0.9626794797129478,0.9927164120539543,0.9087221051676798,0.9512543052755376,0.9292099041453863
longlive,0,51,0.8216345463478055,0.13333333333333333,0.9919887215587059,0.9846788229038512,0.7177768669327099,0.6993210196495057,0.9707200182508668,0.9641020555314703,0.963815840437848,0.7837081900087454,0.9614606959845431,0.8463663504285327
longlive,0,52,0.8175501355548386,0.0,0.9964343506327625,0.9958421135240911,0.71349283293883,0.6322177360455196,0.9981823813525613,0.9891929569362841,0.9989292341695037,0.9942807459225089,0.9926554361979165,0.9895905791702917
longlive,0,53,0.8287997976797352,0.2833333333333333,0.9929690709092429,0.9873906395715827,0.7137826912601788,0.6421394566694896,0.9764724803059697,0.975426123357639,0.9672182203460765,0.8530628782207683,0.9765904580393147,0.9307579362796525
longlive,0,54,0.870209826624075,0.9833333333333333,0.9896726146365774,0.978399186742072,0.6703439198931059,0.657205127676328,0.9688296203387075,0.9695578567739872,0.9650298165057295,0.7408732627913103,0.9701454080561155,0.8686249816821794
longlive,0,55,0.8341902826650498,0.43333333333333335,0.9939156258692193,0.9910973665605184,0.7695311339298885,0.5315122589468956,0.9835642602093677,0.970525673640438,0.9768684388649079,0.9281074975506735,0.9660494896673387,0.9376214641635701
longlive,0,56,0.7959022872764402,0.0,0.9953974887816148,0.9921165612865896,0.6647993747790655,0.5909801363945008,0.9907735926904224,0.9681490351550298,0.9903269711200909,0.9404744207859039,0.9614147555443548,0.9365220772007764
longlive,0,57,0.8430539103687387,0.3333333333333333,0.9935045764290404,0.9882635196984982,0.7322517892519632,0.6897443264722825,0.9843215195253029,0.9667066168964509,0.97825503999828,0.930205995248536,0.9626151136172717,0.89224298677202
longlive,0,58,0.8101440077226825,0.18333333333333332,0.9845216748140526,0.9710756465500476,0.7498330490191777,0.6271049042542776,0.9740975531004992,0.9632360938009664,0.9779761063475761,0.7225390283738152,0.9606152606266801,0.8349701454073696
longlive,0,59,0.8083044923149972,0.2,0.9959945624618852,0.9942163824255948,0.6229329878886539,0.6068425158659617,0.9848032679131785,0.9725048813433192,0.9854068208606014,0.8384979882482755,0.9724475491431451,0.9116855142480236
longlive,0,60,0.8282405136954183,0.5166666666666667,0.9890505877704981,0.9755632932669197,0.6686055177251498,0.6346799343824386,0.9668545073474004,0.967263855620876,0.9485500744674152,0.8472830256668188,0.9683236727150538,0.839236258450201
longlive,0,61,0.7946170864153961,0.05,0.9831745902485374,0.9669098366631402,0.6341411439776421,0.7038635750611623,0.9860910271683871,0.9680264800479182,0.9802694373714026,0.9473432433807244,0.9638769006216399,0.9064584919961832
longlive,0,62,0.7906050732515644,0.0,0.9961549313033023,0.9957315827701606,0.6301236084898314,0.5646738668282827,0.9907969848336695,0.9786153803000232,0.9893828324092332,0.9504145873805224,0.9811316049227151,0.945897396338188
longlive,0,63,0.8304524352427667,0.0,0.9946829434248027,0.9925435012617922,0.7623336495161056,0.693184585372607,0.9947648901551297,0.9839987594219916,0.9967217885198133,0.9584723256402097,0.9844019079721102,0.9842911347494288
longlive,0,64,0.8832615807414865,0.9833333333333333,0.9918878158066705,0.9867913115414141,0.727509934147199,0.6363844911257426,0.9832267573350831,0.9705848844833127,0.9772796655534416,0.908571262985973,0.9667893932711695,0.9318577328980979
longlive,0,65,0.830375304374753,0.0,0.994369686181987,0.99303343680949,0.775969562848409,0.6771583328644435,0.9938866307148003,0.9859710163352958,0.9936084303484168,0.9767749572204332,0.9904149865591397,0.9780811738159697
longlive,0,66,0.7793042081425366,0.0,0.9959902951294329,0.9945277816836351,0.6618415326476097,0.4718699519832929,0.991648200506923,0.9715594239390298,0.9930208328750826,0.9283705429505493,0.9696723527805778,0.922314063977387
longlive,0,67,0.8024538979751623,1.0,0.9724030139108558,0.946686439015507,0.6031126826604205,0.4627402698000272,0.9622959281897093,0.9440012558227647,0.9463905567603726,0.7882777316085363,0.9268029653897849,0.7626596891273887
longlive,0,68,0.8258873671875603,0.0,0.995243234894786,0.9953488669598024,0.7588241487344105,0.6576242635647456,0.9954162172766996,0.9833667316957316,0.9961448345293282,0.981039780176292,0.9824178059895832,0.9860785280243826
longlive,0,69,0.8019370077691009,0.1,0.9906983922242181,0.9831940223266875,0.7028163811763126,0.562945685784022,0.9932094256409172,0.9803933866627079,0.9938160533065437,0.9557021396645045,0.9854801957325269,0.9403384236966149
longlive,0,70,0.877610234953462,0.9833333333333333,0.9912595534081838,0.9842098908798367,0.7179184497992197,0.6189163327217102,0.9902543107678111,0.9640963455523381,0.9878894114045687,0.9559237093238507,0.9531263125840055,0.9382198422642077
longlive,0,71,0.8444203210981042,1.0,0.9830938332086603,0.9618460762422848,0.5952141128381093,0.6584668755531311,0.9585007876852977,0.9527368945177519,0.9295508971137386,0.8750785326553603,0.9410057806199598,0.8069839528051473
longlive,0,72,0.8003857888985125,0.31666666666666665,0.9779120897066387,0.9559626438415127,0.7581356028318406,0.5598739415407181,0.9732546045287512,0.9582614284303971,0.9727269519881536,0.7511682280544507,0.9501177387852823,0.8418534418283883
longlive,0,73,0.8157117603087432,0.75,0.978626286026415,0.9589623607685365,0.7227729397416116,0.5115257312854131,0.9448418540642145,0.9504325212221955,0.9609212388594945,0.48081961675089296,0.9441478442120294,0.6840726273544764
longlive,0,74,0.7788242234515832,0.23333333333333334,0.988787501218362,0.9777098752626406,0.5488595015803973,0.5669938157002131,0.9755950852151442,0.9619226970205184,0.9633533458235441,0.8824281409635382,0.9555183656754032,0.8626861294447365
longlive,0,75,0.8298569534110994,0.5833333333333334,0.9875184261703257,0.9709614168428907,0.686531773587068,0.6062540620565414,0.9780375635438527,0.9615370149277316,0.9717744865885346,0.8396182989670058,0.9569893785702285,0.8377689507048008
longlive,0,76,0.8397571739813073,0.8666666666666667,0.9720274877167302,0.9489229327557136,0.7166703484058381,0.6402551005283992,0.9556693007202736,0.9595702314112973,0.9524947706409679,0.6508762866763745,0.9633884881132394,0.6673255830498065
longlive,0,77,0.7724316364971251,0.0,0.9941926273140874,0.9919322857942456,0.6479401214520136,0.44555451919635136,0.9936546931496102,0.9762589564772423,0.9942784803368714,0.9631589363187046,0.9736070858534945,0.9621082756478908
longlive,0,78,0.7492458283972915,1.0,0.9302621591750868,0.8966036124634587,0.4495731034676234,0.5590547010302543,0.9459350544905477,0.9515369424648417,0.9370372070740628,0.6192116141319275,0.9423908192624328,0.7570626452817755
longlive,0,79,0.8594158072953952,1.0,0.9822416303267507,0.9645271817998949,0.7483955463767054,0.5539255619049073,0.9859251107043392,0.9618951723292533,0.9813384836399428,0.9317510107816276,0.9519507623487905,0.9017234868922476
longlive,0,80,0.7627476236858394,0.03333333333333333,0.9777135942526197,0.9518594525842106,0.6312537257671357,0.5738181998332341,0.9842249266076516,0.9648023984168194,0.9793000591538287,0.9081263244152069,0.9626061880460348,0.849770654561156
longlive,0,81,0.7946157703110518,1.0,0.9657488963459909,0.9343763196234609,0.5868402402202287,0.495441206296285,0.9503005514011178,0.9460011167319574,0.9475498896452688,0.609963946044445,0.9277729649697583,0.8016133242744511
longlive,0,82,0.7391744402673134,0.25,0.9909918089058689,0.9818072921388288,0.5179139946401119,0.3348953227202098,0.972942757003976,0.9482445238138041,0.9676646428643374,0.7884327001490835,0.9317695207493281,0.8138597832392838
longlive,0,83,0.8316332534130565,0.36666666666666664,0.9927247275706489,0.9830173202979019,0.7591406249403952,0.6024033586184184,0.9816710935046001,0.9589397421367148,0.9772130169695422,0.857795713816659,0.9472838699176748,0.8905336720458532
longlive,0,84,0.8161405900943272,0.45,0.9891047211449722,0.9802390811061545,0.6715855849981308,0.612680783867836,0.9481524826894578,0.9545677569724994,0.9658458538193215,0.48749863397393184,0.9556815198672716,0.6281426281242047
longlive,0,85,0.7891841584933931,1.0,0.9710054910878466,0.9414442185482947,0.6635991330643496,0.4025630344947179,0.9092390890166103,0.9399506819628001,0.8857873968219244,0.5001255110916445,0.9286539713541665,0.5898630166962996
longlive,0,86,0.7978166188329787,0.05,0.9955037222337147,0.994484461993953,0.716079973459244,0.49514187276363375,0.9933591308619725,0.9845588481711083,0.9941290995126129,0.955518052234488,0.9895333238827284,0.9665948056568534
longlive,0,87,0.8141941442914243,0.8166666666666667,0.9740442539035589,0.9465207970687766,0.7377867389718694,0.5023654599984487,0.9472457408926436,0.9485229652013769,0.9522113752220908,0.5527526901056201,0.9404577767977149,0.6820961282414905
longlive,0,88,0.856277178083137,1.0,0.9874614310820334,0.9774018177487491,0.6729831706484156,0.5589615727464358,0.9809906446743234,0.9641973669251486,0.9754501186872042,0.8624478027982226,0.9580061061407931,0.8874280094090155
longlive,0,89,0.8267061693568307,0.9833333333333333,0.9897642148388766,0.9806742916231842,0.5036665175457796,0.5541930809617043,0.9705164932099066,0.9536715363255018,0.9669952615134177,0.7537914969153323,0.9421771305863575,0.8247527250293958
longlive,0,90,0.7943608603975076,0.0,0.9966927109773605,0.9969963600900439,0.6886249727805455,0.5217905933658282,0.9937669996575001,0.9786591064463297,0.9952454503986143,0.9514596709760569,0.9776468256468414,0.9671744168814966
longlive,0,91,0.8072335142943718,0.0,0.9950656257455646,0.9921764209457471,0.7191672108968099,0.6170995225509007,0.989515990104108,0.964911222342764,0.9880355992785065,0.9378023198095419,0.9578882360971103,0.9030550955715826
longlive,0,92,0.8007492512412451,0.0,0.9956980055307082,0.9946465024098851,0.725185992916425,0.5432199647029241,0.9934396168031515,0.9739836140188893,0.9955902963396042,0.9411561716411073,0.9715170583417337,0.9483593333575685
longlive,0,93,0.8023728708791766,0.21666666666666667,0.9930132638801603,0.9864543715255711,0.7092559113502503,0.5342595914999644,0.9789723179266906,0.955790241883485,0.9739611790705751,0.8360974424976414,0.9433761760752689,0.8615531497082468
longlive,0,94,0.80025690563745,0.05,0.9940040839962677,0.9907997420722363,0.7076397998332979,0.5601110075910886,0.9911814205087861,0.96754969130132,0.9929679777833724,0.9127041581323592,0.9602435368363574,0.93626732492851
longlive,0,95,0.7754070000357681,0.0,0.9955014712901573,0.9937142370066614,0.66084072103103,0.45374524742364886,0.9930702323509544,0.9686051830874013,0.9948445551818417,0.9412253382852522,0.9593911447832663,0.9559423812365128
longlive,0,96,0.8199000802791944,0.4166666666666667,0.9899910228551595,0.9752613288281011,0.6320605171521506,0.6556089510520299,0.9739906397834487,0.9677316724302092,0.9605388456134386,0.8749159286587925,0.9656979796706989,0.8775640983702773
longlive,0,97,0.8130053992403491,0.21666666666666667,0.9907235408716402,0.9839942584629929,0.7479740885496141,0.564132758975029,0.9817789881156368,0.9644485540449034,0.9847264375577691,0.7938137852539451,0.9655472950268816,0.7878676577139709
longlive,0,98,0.7958406299875722,0.13333333333333333,0.9876624291822617,0.9760381185463051,0.7723091561396916,0.5065166344245274,0.9825353752055559,0.9603532272572309,0.9796007530903945,0.850043414381601,0.9518277732274866,0.8677790902428708
longlive,0,99,0.7932965243319668,0.65,0.9744588860659263,0.9482576880112193,0.6798608303268752,0.47815500348806383,0.9583620334232241,0.9562827830044629,0.9448270409337937,0.7343521497007144,0.9511121524277553,0.7650499101412498
longlive,0,100,0.8151060170816388,0.2,0.9826140087102326,0.9697357845462228,0.6609069909652074,0.7180272847414017,0.9841343459559887,0.9782473520642159,0.9802608414362836,0.8854677879204185,0.9833179761004706,0.9193870723247528
longlive,0,101,0.7658404521046567,0.05,0.9967076551094678,0.9948351100691004,0.40614198763171827,0.6553504208723704,0.9645591908812196,0.9628024896338014,0.9684707857107602,0.6621621549129486,0.9600400863155242,0.8313809529704562
longlive,0,102,0.7906061303683292,0.0,0.9827422855217586,0.9659037371242748,0.6739174615542095,0.6923301756381989,0.9796988494498117,0.9550064996760972,0.9774127400850737,0.819960271908065,0.9443485383064516,0.8326046769901857
longlive,0,103,0.7928182539325038,0.0,0.9957665088069743,0.9941901673210991,0.6729776593645413,0.5587285906076431,0.9855507179819567,0.9705746846790391,0.9812561001989148,0.9210628862098112,0.9672211021505377,0.9273618156627074
longlive,0,104,0.8541609957687074,0.7833333333333333,0.9881361607184421,0.9759636577126247,0.7050979741414388,0.6100105126698812,0.9804228961591174,0.9742736598432102,0.9732984450715845,0.876985153909457,0.9751568537886424,0.9217270198514906
longlive,0,105,0.8323724680635701,1.0,0.9814011980315928,0.9623812560162512,0.5225244944294294,0.6339743077754975,0.9689698711419179,0.9608399588355189,0.9616090533874366,0.7728066138796887,0.9549568422379033,0.8460950179625366
longlive,0,106,0.8045216906034602,0.9666666666666667,0.9768020845771533,0.9577251955107148,0.551628502637148,0.5115716164310773,0.9461642944393887,0.9490118205215766,0.9250237905370292,0.7037394983788668,0.9320924164146506,0.8358832875550803
longlive,0,107,0.8268492859871164,0.4,0.9911382741253107,0.986055111838322,0.6552843168377877,0.6374834438165029,0.9860491684647463,0.9686389431520863,0.9827660463990704,0.9115272432060565,0.9659186250420028,0.8969794764357099
longlive,0,108,0.8234169677754313,0.9166666666666666,0.9724078677736229,0.9429561196433173,0.6440362143317859,0.5841050763924917,0.9619165806330453,0.9632974056629013,0.9461289117893864,0.7843420578766678,0.9631761120211694,0.7885466639773321
longlive,0,109,0.8577065328795637,0.2,0.9913783605329894,0.986219283178741,0.7836974271933238,0.7863920976718267,0.9927406390724544,0.9790861828656976,0.9923483266144669,0.9660959567053843,0.9822201308383736,0.9448669254779816
longlive,0,110,0.858675179326833,0.9833333333333333,0.9914178800423452,0.9843099845468608,0.6767713196277618,0.5249991690119108,0.9949720988890147,0.9682671269933837,0.9960671075089004,0.9745998231031127,0.9606472876764112,0.9444091456421351
longlive,0,111,0.8313043836391937,1.0,0.9722789769804527,0.9474253855811224,0.6926611471573512,0.5310221085945765,0.9655877541536548,0.9619279625950311,0.9589480390311569,0.737300581851248,0.9602111160114247,0.7913301566899833
longlive,0,112,0.7812651455393541,0.9166666666666666,0.9609638508141711,0.9214889998217812,0.6211734277109305,0.4400829498966535,0.967781537374535,0.9508888157171442,0.9698628335309927,0.6944574130288625,0.9399735645581317,0.768351393988577
longlive,0,113,0.8391380332496035,0.9166666666666666,0.9798625901842366,0.9588732168721218,0.6798243402441343,0.585224516193072,0.9688220403721438,0.9549374658666446,0.9603784169721349,0.7808693091748125,0.9488651398689516,0.7608731065766287
longlive,0,114,0.8422399724436531,1.0,0.9778488298307066,0.9533299699484133,0.7360079437096914,0.599164642393589,0.9333163774770017,0.9341260868570022,0.9285194994781606,0.5302446877299729,0.9115059801327285,0.6845167317127777
longlive,0,115,0.8431021330303753,0.9,0.9864469697921903,0.9701301636103712,0.6297157550851503,0.598038250207901,0.9806731802979171,0.9583048163862932,0.9705528687886013,0.9352690234022626,0.9471364667338711,0.874143347396689
longlive,0,116,0.8127626526238905,0.4,0.9927994373204826,0.9875778854438683,0.6254417843818666,0.6120674779017766,0.9603281528429833,0.9568334417259347,0.9601334370432362,0.6607553790939056,0.9469448294690861,0.846081391734592
longlive,0,117,0.7876160970871866,0.1,0.9875543510902848,0.9734233575708726,0.7077488200068474,0.5398874958356221,0.9747373958863158,0.9684429645675011,0.9695599452141791,0.8037862176612273,0.9711438907090054,0.8335581280417361
longlive,0,118,0.7958658249363031,0.1,0.99342050336457,0.9887350663951799,0.7338977704842886,0.4839182292421659,0.9884780478286616,0.9728157321852897,0.9912492615721559,0.8528287686028723,0.9712125388524867,0.9322152506496947
longlive,0,119,0.7777146779536727,0.03333333333333333,0.9891505326932678,0.9803923867418873,0.631330405731996,0.550928977628549,0.9861246459029274,0.9660343489347706,0.9820292263582188,0.927427809117204,0.9620168378276209,0.8814030072446597
longlive,0,120,0.83481553904418,1.0,0.9771826829317612,0.9548214552760904,0.5578265837232272,0.6299311230580013,0.9841900313402951,0.9620656784718259,0.978467308433466,0.9222080141811048,0.9519170289398523,0.9069970179412324
longlive,0,121,0.8342668641827261,0.75,0.9890375688974544,0.9803811418464761,0.6901212627887726,0.6034293125073115,0.919542102735333,0.9485808730986931,0.90944129327933,0.4842855762374603,0.940621587281586,0.6813610223895412
longlive,0,122,0.8497386787916875,0.9666666666666667,0.9837420581827075,0.9679282827314988,0.6650187123616537,0.5958536128203075,0.9686091679911687,0.9627614855302096,0.951935546853209,0.8483777945324525,0.960075919858871,0.8298996510141987
longlive,0,123,0.7928610070426027,0.11666666666666667,0.9876309739628429,0.9792597027230107,0.6870431111256282,0.5971415768067042,0.9629384589264178,0.9588591208849999,0.9492829828813513,0.7751014043213957,0.9530096238659274,0.8135012686252594
longlive,0,124,0.8393427655599209,0.7666666666666667,0.9790479922269241,0.9612257157120051,0.739165226538976,0.6041676153739294,0.9563165182601414,0.9616888908726037,0.960128902812158,0.6052404729239012,0.9678726688508064,0.662947295075756
longlive,0,125,0.8004776024368284,0.11666666666666667,0.9937066813328339,0.9880413497507182,0.6577232187787693,0.5915267586708068,0.9826789035550499,0.9712582558104133,0.9767700822443091,0.8972580468250533,0.976056892641129,0.8425804881726281
longlive,0,126,0.792551055154328,1.0,0.984958828559246,0.9686470638536941,0.4875544818838437,0.43227104594310123,0.9481831031585758,0.9409544192955938,0.9238956235749748,0.7394697994498883,0.9195323000672044,0.7769414747165422
longlive,0,127,0.7892737737325084,0.016666666666666666,0.9939459318497104,0.9915735230180952,0.7299128129879634,0.46092556913693744,0.9934933198876447,0.9805421958633098,0.9938607022166253,0.96589408436064,0.9819644394741264,0.9635012720601034
longlive+rule,0,0,0.8404430458648373,0.7666666666666667,0.9855023486489058,0.9715272187874987,0.657414971212546,0.6139572282632192,0.9811728616338231,0.9617395945566493,0.973213566503217,0.9078000930406279,0.949806393859207,0.9246851165415877
longlive+rule,0,1,0.8424292715556038,0.5,0.9906934266431229,0.9826948292270983,0.7419851934909821,0.6576314687728881,0.966520750222553,0.9523063659700755,0.9578501842996126,0.7640177062002279,0.9385204028057796,0.8378633139497143
longlive+rule,0,2,0.8800159787849631,1.0,0.988010194837521,0.977083395664988,0.7506652993758518,0.6608208338419597,0.9679953070272422,0.9560427213868227,0.947379230010894,0.8977866268764108,0.9424158896169356,0.8764424349291849
longlive+rule,0,3,0.8146219507250628,0.05,0.99142791365604,0.9832327653535831,0.7701906389594079,0.6140509754419327,0.9917894414259697,0.9715524757640337,0.9912700895179984,0.9517329774670682,0.9691478442120295,0.9276639869657614
longlive+rule,0,4,0.8133388290714851,0.0,0.9953647141090233,0.9936397488405503,0.6463341029882431,0.6988486588001251,0.9922183863701288,0.9816233841696388,0.9903525766666218,0.9761654088052653,0.984100801201277,0.9636745589264368
longlive+rule,0,5,0.8176259534494268,0.21666666666666667,0.9894612887519086,0.980937109196108,0.7229287056525548,0.6236993094285329,0.9834868624850095,0.9689454818792502,0.9780703634183895,0.9035681420463627,0.9587176579301074,0.9638566637443284
longlive+rule,0,6,0.7897573485707526,0.05,0.9934440625589177,0.9892467632948185,0.6794039938052497,0.517921069264412,0.9872892564493332,0.9770377514970289,0.9826894167610395,0.9471099103911448,0.9778763965893816,0.9465984292959763
longlive+rule,0,7,0.8661045031954184,0.9666666666666667,0.9881742384729147,0.9782254173864726,0.7674801474809647,0.5305050144592921,0.9866590649795833,0.9665589141552595,0.984434872272835,0.903196287357201,0.957048838625672,0.9456858185388274
longlive+rule,0,8,0.8230038169040651,0.08333333333333333,0.995867917596986,0.9949107835027906,0.7057821854948998,0.6843548546234767,0.9902559801882928,0.9619386047540118,0.9882141948226959,0.9515840987027702,0.9454885175151211,0.9589235439138898
longlive+rule,0,9,0.8016221702151463,0.1,0.9868760045848227,0.9765498292368222,0.7058701178232829,0.6293261627356211,0.9767963380356276,0.9647217579800511,0.9735075959755528,0.8053436976368145,0.9575149372059811,0.9029758708961939
longlive+rule,0,10,0.8156011001641071,0.15,0.9926316126244984,0.9894697927104102,0.7291816310485206,0.6382422695557276,0.9657595286634941,0.9587874954345194,0.9554083122521319,0.7708893014212786,0.9469196278561829,0.8910379995734005
longlive+rule,0,11,0.788316687374023,0.0,0.995032359542152,0.9924742604236977,0.6684335956573487,0.5388562113046647,0.9911046331817597,0.9674720059503069,0.9920390373596581,0.9265813186007031,0.9564479376680107,0.959485686936621
longlive+rule,0,12,0.8550656122033445,0.5333333333333333,0.9866105544142959,0.9802980810832355,0.5879694079756737,0.8360995242993037,0.9882680068333686,0.9789056805224765,0.9835377099693462,0.9622205955497289,0.9779012044270831,0.9687648753998643
longlive+rule,0,13,0.855850142347018,0.48333333333333334,0.9903904060258214,0.9825542272617614,0.7432756849527358,0.7376241475343704,0.9782877448955369,0.9537262968593557,0.972802931775329,0.8337563882439823,0.9341190461189517,0.9211306602267896
longlive+rule,0,14,0.8513193573259742,0.9666666666666667,0.9853401447181139,0.9768971539478676,0.7349586518009503,0.5324240783850352,0.9550471194047429,0.955355540626174,0.9387995737855153,0.7292816671779601,0.9392127908686156,0.8981529959177567
longlive+rule,0,15,0.7733809427154815,0.016666666666666666,0.984242411933167,0.9728957166547089,0.723304430425167,0.5006018271048863,0.9820241808143972,0.9515451716728349,0.9756488537435891,0.8930530088432764,0.935363244497648,0.8569716316158489
longlive+rule,0,16,0.8736584114332608,0.8666666666666667,0.9847096373842302,0.9725850502338286,0.7081657809813818,0.7298892885446548,0.9759629349966141,0.9655686194401362,0.9629432975765196,0.9050332797785937,0.959840573546707,0.8964511156082153
longlive+rule,0,17,0.8306986747669323,0.9833333333333333,0.9647744972820711,0.9384202089185029,0.7190199896295865,0.5738167653481165,0.9648364408173772,0.951706681751568,0.9447003482971141,0.8456352721836607,0.9389706191196238,0.8064156199915934
longlive+rule,0,18,0.8349908440014173,0.48333333333333334,0.9918543095205051,0.9851268609053169,0.7443119837443033,0.5604086190462112,0.9901051774252102,0.9646493796886464,0.9895798231645296,0.9332342849949659,0.9537283948672715,0.9421885685395386
longlive+rule,0,19,0.8345326832172126,0.2,0.987784831780231,0.9676366705676309,0.7955651097297668,0.7202732453743617,0.9838467508618157,0.9617270976165047,0.9804261479326474,0.8714627886222581,0.9528255995883737,0.8908120610956418
longlive+rule,0,20,0.7921620937009899,0.03333333333333333,0.9879686452026947,0.9761464853847728,0.7679115271568301,0.5235076730449995,0.9795078553164299,0.9719471057476778,0.9695378539542999,0.9142651618537256,0.9698794785366264,0.9282677577713788
longlive+rule,0,21,0.8205871827905862,0.55,0.9799054540860147,0.9549514412412456,0.7720565199057261,0.5610036253929138,0.9706747558453475,0.9571558348088359,0.9601628902298149,0.8142435293076402,0.950502194640457,0.7941144528025288
longlive+rule,0,22,0.8304246731999447,1.0,0.9857177155162131,0.9752447547787935,0.6762096491456031,0.4742125615477562,0.9329175860475067,0.9505992465112485,0.9121898486889819,0.6130572201336845,0.9348372920866935,0.8412675837338981
longlive+rule,0,23,0.7832631539643283,0.0,0.9884688779643653,0.9788800431076999,0.6758529124061267,0.5797034064928691,0.974494685573818,0.9656461717775053,0.9740808914265325,0.7619477482670445,0.9570636708249328,0.9304508132449651
longlive+rule,0,24,0.8509542584325837,1.0,0.9710094859945849,0.9462139905667772,0.6885216251214346,0.6542029897371928,0.9740829122389179,0.9666217890099398,0.9595375016652129,0.8981650633327032,0.9611711399529572,0.9050003012358132
longlive+rule,0,25,0.7974081306612206,0.08333333333333333,0.9930301043761521,0.9869061853215584,0.7855843951702118,0.4687902182340622,0.9850993562753296,0.9669297476378962,0.9796518131449657,0.9321900429361958,0.9607114730342742,0.919027309801619
longlive+rule,0,26,0.8480721819717332,0.5333333333333333,0.984075714174633,0.9620703971152212,0.7612072725892067,0.7096964955329895,0.978294589590548,0.9621091717066216,0.9678146941206788,0.9011843553033926,0.9522258799563172,0.9038748751252385
longlive+rule,0,27,0.8149585350148593,0.0,0.9962416470746802,0.9964631105599061,0.796618059794108,0.5608224352200826,0.9841214761453803,0.9795032181310571,0.993365305934542,0.7617220921536624,0.9932220787130376,0.8340782437284114
longlive+rule,0,28,0.8755753391214376,1.0,0.9718883923100491,0.9405946939131794,0.7131180398464204,0.8003321558237075,0.9786260399075883,0.9637666517724865,0.9642400138160233,0.962616694680715,0.9532273815524194,0.931167236324084
longlive+rule,0,29,0.8544602266000793,0.65,0.9910680158878752,0.9861832104788887,0.7476595445871353,0.5847737421592076,0.991134598315996,0.9750969937779654,0.9915367577024685,0.9345067103030318,0.9719446982106853,0.9581937749507063
longlive+rule,0,30,0.8645194475737618,0.9833333333333333,0.9934976305261985,0.9894895621140799,0.5997767017881075,0.6317265868186951,0.9793345839491866,0.9723016014783085,0.9770480763687882,0.8173546871896518,0.9726660943800404,0.9030959050534135
longlive+rule,0,31,0.7920960602157515,0.0,0.9935692863810855,0.9867784147480734,0.6326065990924835,0.627375861008962,0.9826488686647429,0.9690680378102451,0.9824637086320949,0.825842984146991,0.9646724577872984,0.9224934668864234
longlive+rule,0,32,0.8332885291719119,0.45,0.990846934645178,0.9836458231265248,0.6948228612542152,0.6079835593700409,0.9881500710890516,0.9773935029350693,0.9846287868195964,0.944949862815566,0.9780434885332663,0.9503111005839655
longlive+rule,0,33,0.8334449274257614,1.0,0.9773047381838538,0.9516794880387051,0.611296537041664,0.6291378130515416,0.9603265446736491,0.9431757149424225,0.9422098483609898,0.7902257439948744,0.9224206411710348,0.7961657188706479
longlive+rule,0,34,0.815921216977742,0.9833333333333333,0.9652587755441384,0.9348987508287618,0.6389976287086804,0.5542571147282919,0.9668700224846216,0.9583420195454748,0.9553866606085532,0.7894819479877666,0.9529535765288979,0.7927784500485759
longlive+rule,0,35,0.8174644462228149,0.9333333333333333,0.970514557416776,0.9480827626371695,0.625536728322506,0.5648019383351008,0.9595525926805532,0.9531150550924692,0.9383901759982108,0.8108664043879105,0.94425048828125,0.7700079522900662
longlive+rule,0,36,0.7969415979244203,0.05,0.992863442110136,0.989825077010136,0.7760058982769648,0.4886653115351995,0.9875871301773993,0.9618500354921373,0.9836948890198943,0.9430453292394089,0.9486876785114248,0.9377191662788391
longlive+rule,0,37,0.8279904359086916,0.0,0.9953432103966201,0.9937449680590162,0.7427385969956715,0.7192816764116288,0.9907274905814136,0.9668046810349733,0.9876009672880173,0.9744253805128195,0.9579944241431452,0.942501196921882
longlive+rule,0,38,0.8309011384307698,0.38333333333333336,0.9913205675413269,0.9849587336163116,0.7455084978342056,0.5870365619659423,0.9851766655042794,0.9673445049458774,0.9819708480790097,0.8926726468538834,0.9583481655325942,0.9475925488997314
longlive+rule,0,39,0.8321200556473022,0.08333333333333333,0.9920067858901038,0.9842735820658067,0.712902497669061,0.7602402249972026,0.9906762420976829,0.9750087877105289,0.9909641920879324,0.9302096543675762,0.9770897649949598,0.9162674495729349
longlive+rule,0,40,0.9041592578079894,1.0,0.9865259984530076,0.9765017899033289,0.7842767091592153,0.7526516338189443,0.9839021710716518,0.9704574720385408,0.976468423457556,0.9416222400584463,0.965771484375,0.9389347065303285
longlive+rule,0,41,0.7793587490097704,0.0,0.9926422190210218,0.9878365901404736,0.624583176871141,0.5263764937718709,0.9929632536956283,0.9797581976555171,0.9933544015211445,0.9552877858533697,0.9813991095430108,0.957502739914393
longlive+rule,0,42,0.8079409149931981,0.03333333333333333,0.9934730169396669,0.9890882266502755,0.7228530719677607,0.6059788117806116,0.9885148580741082,0.9725421821607648,0.9865766362477374,0.9310186020398544,0.9674573672715053,0.9549360921827413
longlive+rule,0,43,0.7650004425351947,0.06666666666666667,0.9827866140399802,0.9647951115502252,0.5791021761298182,0.5934037754933039,0.9635791383266733,0.9665934906911064,0.9439135885687285,0.8286875769243403,0.9677945701024865,0.8288992294820688
longlive+rule,0,44,0.8309792558148176,0.25,0.9924955142716363,0.9858147042794942,0.7561122057835262,0.6190214802821478,0.9906728771062304,0.9760652247922958,0.9886983282944207,0.956304632001004,0.9758015950520833,0.947508454827939
longlive+rule,0,45,0.8016719590084953,0.05,0.991296816234952,0.9833841719346889,0.7752912531296413,0.5183709541956584,0.9923565597011342,0.9758221371757076,0.9917142519707322,0.9622368206412105,0.9721536615843412,0.9659702661684004
longlive+rule,0,46,0.8189388949005784,0.2833333333333333,0.9896848989865267,0.979541257300408,0.6685594843427338,0.6854321291049321,0.963983853212614,0.9642767820228725,0.9568661255701895,0.7280713492783449,0.9628387779317877,0.8332231883275307
longlive+rule,0,47,0.8228455860636684,1.0,0.9766601789660843,0.9477341259227081,0.5952080084482827,0.5505675236384074,0.9763320890081464,0.9578504780025209,0.9664309707860794,0.859019258769892,0.944486097110215,0.8957606023651058
longlive+rule,0,48,0.8241443175050105,0.0,0.9944928283692541,0.9917835886338177,0.7723602540095647,0.6582565893729527,0.9941106133428183,0.974669342945988,0.993475011295529,0.9816737250756409,0.9683526808215727,0.9750267878427343
longlive+rule,0,49,0.7953305193531125,0.08333333333333333,0.9939980535923565,0.989580934951508,0.715104155043761,0.5166314040621122,0.9850955271645948,0.9658981242767161,0.9798676935735569,0.9291823183075857,0.95922116515457,0.9118468089629028
longlive+rule,0,50,0.8191824638043249,0.6,0.987604599825225,0.9730748862690395,0.714994403362274,0.473141048848629,0.9920989207019293,0.9648357515596884,0.9938727965117782,0.9292109239909608,0.9531872164818547,0.9485986222655086
longlive+rule,0,51,0.8287298797683402,0.18333333333333332,0.9925440217928931,0.9870729899951836,0.7111447401046752,0.7155329992373785,0.9680899692382938,0.9687226583249964,0.9571025618782607,0.7960854357076903,0.9677261844758064,0.877022852331905
longlive+rule,0,52,0.8182703856171023,0.0,0.9962159371224897,0.9955016883409101,0.7150607293049492,0.6332766195138295,0.9981606741236658,0.9919607626114669,0.9989345978985552,0.9941719613843045,0.9936989404821909,0.993067918692605
longlive+rule,0,53,0.826140527934996,0.25,0.9923259733838484,0.9866468008515101,0.7161967401504516,0.6414548148711522,0.9777328082394684,0.9757131132145752,0.9690357589273043,0.8612920374183332,0.9763178343413977,0.9386094833834696
longlive+rule,0,54,0.8711852443443668,1.0,0.9877517657664027,0.9754295789805892,0.6709485753178598,0.6663307577371598,0.9713971521268328,0.9694616737493494,0.9636241866055354,0.796942403761007,0.9674725932459677,0.8977517520977278
longlive+rule,0,55,0.8268667139280381,0.35,0.9931008307591347,0.9897697973640914,0.7718656073411305,0.5295720448096594,0.9834793000548455,0.9706328660760821,0.9763767533565079,0.9326263994483625,0.9654564642137096,0.9438641859313189
longlive+rule,0,56,0.7962550033465211,0.0,0.9953237853004894,0.9922077301982183,0.6713980361223221,0.5849323213100434,0.9911546139249245,0.9691108929604267,0.9908864836058309,0.9424835731417446,0.9608680643061156,0.9535055029190193
longlive+rule,0,57,0.8441940177254108,0.35,0.9931416751733784,0.9879503255731918,0.7331999318202337,0.6873330185810725,0.9847870426970543,0.968246470256883,0.9792199794162987,0.9297045373310477,0.9641314106602823,0.9090684854378135
longlive+rule,0,58,0.8180465976791477,0.3,0.9829777583749103,0.968205076541776,0.7590229819615684,0.6223002711931864,0.9757580242205183,0.9630466700166742,0.9775528009700519,0.7530267261347529,0.9585933562247982,0.8547456128112341
longlive+rule,0,59,0.8015756065891758,0.16666666666666666,0.996064125014693,0.9942575106394839,0.6125423967838288,0.5965248674154282,0.9824934876567131,0.9695456079403161,0.9826556770231132,0.8223606254589759,0.9657541582661291,0.921167436292616
longlive+rule,0,60,0.8298503442124306,0.5166666666666667,0.9889514747270288,0.9770810550490237,0.6668970269362131,0.6350228468577067,0.9715099276509412,0.969200634981626,0.9539068118538907,0.9074465602131213,0.9699390698504705,0.8639340597694203
longlive+rule,0,61,0.8080254800741724,0.2833333333333333,0.9803025424157229,0.9595748181124917,0.6274305581649144,0.709773447116216,0.9868567577653995,0.9680496296098456,0.9812264613727089,0.954139558945672,0.963718996765793,0.9093320960715666
longlive+rule,0,62,0.7880967725252375,0.016666666666666666,0.9958932735550446,0.9952221654793795,0.6222100777626038,0.5520863751570384,0.9906431609289903,0.9773715447319831,0.9885592903020562,0.957379335063999,0.9778505386844759,0.951091286489519
longlive+rule,0,63,0.8294658103970755,0.0,0.9942979130188547,0.9914604178596946,0.7601540356079738,0.6914722979068756,0.9952483844962677,0.9848518292110282,0.9974268565094601,0.9642816009157795,0.9841991137432795,0.9890297388626357
longlive+rule,0,64,0.8802308481334811,0.9,0.9915567821040899,0.9867980526942832,0.7268155742486316,0.6598738253116607,0.983423531172386,0.9706283812597306,0.976169211361357,0.9338251190670466,0.9642339234711022,0.9517733419345598
longlive+rule,0,65,0.8288019231992525,0.016666666666666666,0.9933146124212684,0.9908866910607207,0.7681749531030654,0.6757576694091161,0.9940294100353025,0.9858811096158373,0.9935704847978009,0.9792204393168628,0.989319110173051,0.9814302446478504
longlive+rule,0,66,0.7752291654150107,0.0,0.9960688248692461,0.99500374813485,0.6373159775535264,0.45920317570368446,0.9939657395446798,0.9763130055836354,0.9949963494013716,0.9604023553557315,0.9743186376428092,0.9584978440050351
longlive+rule,0,67,0.7988392135885237,1.0,0.9680745359459666,0.9397965031667471,0.6072908632357915,0.46862394362688065,0.9632849094355882,0.9430557056483567,0.9500366958398974,0.7745712894504353,0.9248777984290995,0.7629804343490277
longlive+rule,0,68,0.824346727931398,0.0,0.9947914262893252,0.9947083657317692,0.759867160320282,0.653592519958814,0.9947342502378643,0.9811889538944779,0.9948133648403228,0.980688666893264,0.9784763787382393,0.985050524695445
longlive+rule,0,69,0.8005143392702114,0.13333333333333333,0.9891948573054579,0.9802835746528277,0.7113344059785208,0.5471138894557953,0.9908048687627211,0.9783442005008557,0.9923976843876223,0.9092779103982247,0.9814233923471103,0.9400468680818203
longlive+rule,0,70,0.8812365249255336,1.0,0.9910157393114385,0.9839097587267559,0.7179196513096493,0.6326764484246572,0.990873659556181,0.9658664413198821,0.988657369680943,0.9648582935333252,0.955456280451949,0.9471419680926759
longlive+rule,0,71,0.843237996474161,1.0,0.9811420548331216,0.9605744647044763,0.6075370675524077,0.6625701665878296,0.9521905810153252,0.9478667171853185,0.9163095150903988,0.8866016440472361,0.9311700636340726,0.8091291977187335
longlive+rule,0,72,0.8236901127311632,0.7166666666666667,0.9746499994508279,0.9466211789885377,0.7668346048394841,0.5407785048087438,0.9694598491267314,0.9602622610074442,0.9649853190587413,0.7527302925364446,0.9550965011760753,0.8295512174145651
longlive+rule,0,73,0.8120536360117565,0.7166666666666667,0.9799361805286425,0.9627002129679412,0.7163654429515203,0.5015906194845835,0.945384838964827,0.9460152892005399,0.9615392475198674,0.48266179676530724,0.9346704626596104,0.697293693105043
longlive+rule,0,74,0.7885059900399238,0.16666666666666666,0.9887835735542883,0.9786950085209866,0.5983521142800649,0.6116625517606735,0.973815681305632,0.9630626057127494,0.9596149412374343,0.8856201187028723,0.9549475228914649,0.8954468541226145
longlive+rule,0,75,0.843445801545561,0.7333333333333333,0.9879299760226384,0.969843012834686,0.7123339417775472,0.5982756376266479,0.9780970152853439,0.9593505439175439,0.970810514880765,0.8492681722519762,0.9530209120883736,0.8327978157390983
longlive+rule,0,76,0.8420357972302472,0.95,0.9701914819666441,0.9454208384308161,0.7115617167154945,0.6424779911835988,0.9515488461012649,0.9570607099165576,0.9439404701753971,0.6526499698727818,0.9587758054015457,0.6601184646962053
longlive+rule,0,77,0.7770006425590261,0.0,0.9938968434280615,0.9912468930591943,0.6850534175435701,0.4413311983148257,0.9944002764800076,0.9753719604810073,0.9953938501176014,0.9710439989122294,0.9700526083669355,0.9733631348205825
longlive+rule,0,78,0.7341461488951384,1.0,0.919731774375675,0.8866154772939244,0.4048491803010305,0.5662515123685201,0.9449314150850378,0.9542128943811582,0.9294559522101316,0.6597225792327169,0.9459912371891799,0.7779548733921374
longlive+rule,0,79,0.8559970036169695,1.0,0.980153148647131,0.9580127696118325,0.7578164912859598,0.5466382086277009,0.9852756396987551,0.962739087786623,0.9785072178129227,0.9486472096483586,0.9528045982442878,0.9130812090332225
longlive+rule,0,80,0.7765885862993185,0.23333333333333334,0.9753298945996963,0.9478233519566606,0.632395883599917,0.5845133334398269,0.9827148510236822,0.9640363944687148,0.9768256749997856,0.8976222610069533,0.9594712124075941,0.8652208083767002
longlive+rule,0,81,0.7923387777593478,1.0,0.9630031063717923,0.9297249534706664,0.5766024790207545,0.5072903806964556,0.9553750082507003,0.9457144290627777,0.9544466471399672,0.6309876313148919,0.9266033213625672,0.8173437123581514
longlive+rule,0,82,0.743693013309633,0.2833333333333333,0.9916690149700668,0.9837152045380836,0.5236594713727633,0.3300995320081711,0.9730328875562162,0.951330603315356,0.9663777373010113,0.8017111266568556,0.937915760983703,0.8147115826101626
longlive+rule,0,83,0.8296807874280698,0.35,0.992055394175343,0.9817169221709757,0.763199051618576,0.589046045144399,0.9862511713480847,0.962913587334798,0.983053753404848,0.9137146786107855,0.9523240612399193,0.9229072807198864
longlive+rule,0,84,0.8318408303789652,0.6333333333333333,0.9884657404316042,0.978660578673182,0.6966747008562088,0.6142638713121414,0.9455339658424119,0.9495679639150629,0.9638563289757697,0.4744653683234701,0.9454158003612231,0.63244701694634
longlive+rule,0,85,0.7819005956758449,1.0,0.9669152903287235,0.9339896421183168,0.6719938746094704,0.3897790163755417,0.8994255619756802,0.9419306609833008,0.8624862004351872,0.5240128961375962,0.9325212376092068,0.591288923459538
longlive+rule,0,86,0.8003095367250425,0.1,0.9949550556671356,0.9937490936470966,0.722197160800298,0.4848747586210569,0.9932142714582628,0.9841079972542051,0.9936253328477184,0.9584077707791733,0.988140147219422,0.9698685518765854
longlive+rule,0,87,0.7933864584397601,0.7333333333333333,0.9676155940208765,0.9366698406256881,0.7311485375960668,0.4826402723789215,0.9368304881891607,0.9438013315128725,0.9378920140245589,0.5219252511101254,0.9314207671790995,0.6750886584237471
longlive+rule,0,88,0.8631449812565696,0.9833333333333333,0.9855325712570759,0.9746693088494094,0.7123689076503117,0.5793364862600963,0.9814893056348514,0.9690844519844527,0.9751577153161008,0.8821450406211918,0.9666224325856855,0.8985596829551762
longlive+rule,0,89,0.8327766868732824,1.0,0.9880602497001739,0.9774457160320157,0.5178803516228994,0.5792612185080847,0.9732082637880014,0.9560681708722283,0.967118356833535,0.7981256706229711,0.9441906344506047,0.8591142748877153
longlive+rule,0,90,0.7912498520212666,0.0,0.996310636600987,0.9962880466810241,0.6726462576985359,0.5215653861562412,0.993183811795766,0.9785755684279532,0.9940732917478009,0.9515377424531064,0.977439437373992,0.9674429393420785
longlive+rule,0,91,0.8036396041980177,0.0,0.9948564508915061,0.9915167901562711,0.7260583487153053,0.590458619594574,0.9875527344925985,0.9657869227941747,0.9850216065523446,0.9251143502987037,0.9591019825268816,0.9105531739986549
longlive+rule,0,92,0.8057553929318216,0.016666666666666666,0.9951052621267376,0.9936017486316705,0.7493319840828578,0.5499806304772695,0.9933768615209715,0.9726729122638663,0.9944338109704757,0.9518830841880733,0.9677968014952956,0.9545279003806033
longlive+rule,0,93,0.8007392270215021,0.18333333333333332,0.9934067297181663,0.9878161321356406,0.7146520672837894,0.5262146045764288,0.9815727164646432,0.9562539126978202,0.9755359311097411,0.878211040618056,0.9423704742103494,0.8829325018292766
longlive+rule,0,94,0.8006339923412266,0.13333333333333333,0.9936457223933021,0.9901027740528382,0.7303142782449722,0.502280471722285,0.987794359579449,0.9697777517782364,0.9861067359806388,0.9143427761934572,0.9630449848790322,0.9487826081655794
longlive+rule,0,95,0.776594344827475,0.0,0.9952361392279935,0.9932671235121933,0.6594987887342771,0.46811437606811523,0.9916423372004703,0.9674821519491613,0.9931506116704275,0.9259670210086693,0.9575041740171372,0.9540625472190016
longlive+rule,0,96,0.841848104954716,0.48333333333333334,0.9924227002855986,0.9804692612442315,0.703684541384379,0.6711559544006983,0.9731629692136606,0.9682754559819042,0.9590847485168006,0.8709467533281294,0.9651016727570565,0.8977389638706789
longlive+rule,0,97,0.8252590499589658,0.4166666666666667,0.9896139294548836,0.9825094111292969,0.744563376267751,0.5625623921553294,0.9797757684306886,0.9605995871654288,0.9832860213774506,0.7722384788222232,0.9578211630544353,0.7881456052852889
longlive+rule,0,98,0.7979152342332144,0.03333333333333333,0.9885856968389801,0.9800268263442843,0.7906863917509716,0.5224281181891759,0.9883326163964039,0.9666150025332552,0.986440188093211,0.9275123835620234,0.9601377425655243,0.9183284867618043
longlive+rule,0,99,0.7941706791706177,0.75,0.9648341433257628,0.9290886720644882,0.7374553640087445,0.45974323550860086,0.9575384299125862,0.9579017078136212,0.9422822359749066,0.7423243121070376,0.9518747637348792,0.7961295878483077
longlive+rule,0,100,0.8197374041241433,0.3,0.9799069346793648,0.9655920718542111,0.6680555527011554,0.7109228571256002,0.984317672011921,0.978476244972683,0.97985670276547,0.9012612311516778,0.9833475092405916,0.9239745917966811
longlive+rule,0,101,0.7655469499877235,0.0,0.9964906687882892,0.9939806482799692,0.44911609434088073,0.6518715620040894,0.9550383003831456,0.9611759858376933,0.955174506095148,0.6195701921390275,0.9572908791162635,0.8228329985828723
longlive+rule,0,102,0.7876395633437041,0.0,0.9758614497538837,0.9531103680180568,0.7211046030720075,0.6807742695013682,0.9826033057987,0.9548592327610942,0.9794275244237275,0.8536785118660685,0.940379415532594,0.8725732620489799
longlive+rule,0,103,0.7925103204854538,0.0,0.9955521607993268,0.9937008959756177,0.680367577890555,0.5485567937294642,0.9883363249243567,0.9702592695904031,0.9853454132554352,0.9415361113467459,0.9651327809979838,0.9408937793667034
longlive+rule,0,104,0.8651125931327641,0.95,0.9863986698834328,0.972995547328899,0.7073767731587093,0.6116743872563044,0.9786934837998152,0.9742014439738026,0.9680123084334918,0.9123241446786008,0.9740450951360887,0.931648295309584
longlive+rule,0,105,0.8385398414492522,1.0,0.9811101176806638,0.9616094549964456,0.5593882242242495,0.6436462054649988,0.9702606802102166,0.9572368391792991,0.9627767705148265,0.7846614758847124,0.946365454889113,0.8606660825721288
longlive+rule,0,106,0.8155314856731605,0.8666666666666667,0.9805386223331333,0.9663975941277797,0.5839236895839373,0.553209763765335,0.9517991479371016,0.9525696421929241,0.9335585170535631,0.7214156093738847,0.9365394510248656,0.8652047151226109
longlive+rule,0,107,0.8332212346596162,0.48333333333333334,0.9902482666965766,0.9845466411347484,0.6526493835051855,0.6489744653304418,0.9860607356987905,0.967164757999518,0.9826116620212472,0.9148661524562512,0.9617028677335351,0.912493058685529
longlive+rule,0,108,0.819853162845609,0.9666666666666667,0.9671120429106322,0.9342866658229454,0.6766106229027113,0.5562580282489459,0.9587040813408741,0.9577030494593178,0.9419183244948747,0.7662024604061902,0.9531347131216399,0.7751046184260967
longlive+rule,0,109,0.876714533475684,0.5166666666666667,0.989779772159784,0.9833685291203017,0.7831300830443699,0.7652800679206848,0.9921216148122767,0.9796749644183742,0.9906513686301888,0.9724436745805255,0.981647712953629,0.9553298606710919
longlive+rule,0,110,0.8591100276070466,1.0,0.990558589993081,0.9819368677357442,0.6703564019997914,0.5351934979359309,0.9949798799759988,0.9683071502646012,0.9952295660491912,0.9815004473015413,0.9596539241011424,0.9514463518635702
longlive+rule,0,111,0.8197234313741452,1.0,0.9665713631389017,0.9369117248136234,0.6837501366933186,0.5208454087376595,0.9591134551162739,0.9614377724988274,0.9454904869038572,0.7418131015058291,0.9610635080645161,0.7684264339632907
longlive+rule,0,112,0.7662073835221435,0.75,0.9593233614742193,0.9173973580902698,0.6463853379686673,0.4141530563433965,0.9715819703668483,0.9496998493963215,0.9660005637795055,0.7800593958315203,0.934592757686492,0.8167325811365903
longlive+rule,0,113,0.8374561542012754,0.9333333333333333,0.9767536244774501,0.9537815079034543,0.6976938113768896,0.5743415762980779,0.9711412567957163,0.951564271555436,0.9619648906812873,0.8074712500733844,0.940377709173387,0.7819635676125348
longlive+rule,0,114,0.8308834113272936,1.0,0.9692037006450699,0.9375156940510071,0.7338260382413865,0.6208834757407506,0.9243009176287844,0.926388533835423,0.9078506065152024,0.5457305732672497,0.8965611611643145,0.6757086894269717
longlive+rule,0,115,0.846362071287093,1.0,0.9833435403762942,0.9639203116784689,0.6415026995539665,0.5903688649336497,0.9791046088085752,0.9555777639277566,0.9676555900804459,0.9322740511368897,0.9417089318716398,0.8738322939913151
longlive+rule,0,116,0.8360443924515762,0.75,0.9918575540181647,0.986249710827871,0.6175229145884514,0.6175765698154767,0.9520341382700411,0.9533398684202167,0.9518917406278272,0.602412000045938,0.9410531649025538,0.8321390076208923
longlive+rule,0,117,0.806491510372031,0.4666666666666667,0.9825689870604879,0.9651058025921092,0.699283904592196,0.5361788834134738,0.969893987546131,0.9660376895209553,0.9601914870803074,0.800873530365653,0.9666620726226479,0.8292818059355526
longlive+rule,0,118,0.7926677190666969,0.0,0.9947183279558115,0.9921466912007798,0.7452977370818454,0.47770194709300995,0.9924507965892333,0.9770400869555791,0.9957074799204385,0.9089460822485261,0.9743807228662634,0.9673613516961114
longlive+rule,0,119,0.7797248934927113,0.03333333333333333,0.9884557452454065,0.9797661493806278,0.6475134451190632,0.5508566826581955,0.9856429764912542,0.9672105077870135,0.9800109342541746,0.9410180959661129,0.9625748172883064,0.9018165888422627
longlive+rule,0,120,0.8270669721780798,1.0,0.9745481780289278,0.9511535228779113,0.5334701585372289,0.6212810188531875,0.9849561606852634,0.9625648244145514,0.9786748100352544,0.9406460124557301,0.9516812888524864,0.922333603188143
longlive+rule,0,121,0.838828463138036,0.9,0.9873041179903822,0.9778567749378728,0.6837666307489078,0.6007288604974746,0.9046409434150748,0.9440868179015917,0.8935314591533392,0.4244044243784274,0.9322411321824597,0.6705421158822916
longlive+rule,0,122,0.8457059219427401,1.0,0.9808886585421207,0.964110870548323,0.6697081595857938,0.5755614439646403,0.9666724395540417,0.9591266065460677,0.9464245206886723,0.8668876007451849,0.951953387516801,0.8404488316026785
longlive+rule,0,123,0.7860334496736324,0.016666666666666666,0.9862726426334423,0.9775809367341933,0.6897881321907043,0.6035268276929855,0.9672339011964691,0.959337721660284,0.9526376934301468,0.818851421445103,0.9516592374411963,0.8500039683560193
longlive+rule,0,124,0.8321112836023445,0.6833333333333333,0.9787038464702565,0.9615721030640447,0.7283774511218072,0.6132969210545222,0.9539800521194336,0.9611743351664016,0.9551203015831208,0.6081386319661545,0.9666131132392474,0.6670344037524725
longlive+rule,0,125,0.8035191240720665,0.15,0.9930120908849946,0.9873344855994183,0.6646373362342517,0.5905045290788015,0.9817257153736243,0.9731912010288497,0.9741813254452522,0.9103576162103879,0.977472645749328,0.8680659805314016
longlive+rule,0,126,0.7835874225968242,1.0,0.9802752006878399,0.9615597832436654,0.45563378988703096,0.4356659114360809,0.9494589373373138,0.9438743670525037,0.9203934007754889,0.7909763718055467,0.9234339560231856,0.8035369247703229
longlive+rule,0,127,0.7952082912116676,0.06666666666666667,0.9932379392867366,0.9905112823395947,0.730421381910642,0.47834366410970686,0.9935381956060886,0.9811990400816952,0.9937194294506503,0.970667988567029,0.9820870348202285,0.9712163790807886
