label,seed,prompt,quality,dynamic_degree,motion_smoothness,temporal_flickering,imaging_quality,aesthetic_quality,subject_consistency,background_consistency,subject_inclip,subject_clip2clip,background_inclip,background_clip2clip
rf+rule,0,0,0.8483724720977731,1.0,0.9843817563421008,0.9487148182844024,0.6914569922884305,0.6130961894989013,0.966400859214805,0.9502027767251076,0.9654452382957424,0.7041116833937269,0.9360091014574933,0.8053742389218146
rf+rule,0,1,0.8499406637386866,0.825,0.9901082957495972,0.9749562285928164,0.7125914325217406,0.6116486574212711,0.948999751337585,0.9560762401199415,0.9649141495987293,0.5032472756041699,0.9555709346648186,0.6819949170120624
rf+rule,0,2,0.8693523696769637,1.0,0.9824201933242062,0.9666298257837108,0.7272180692255497,0.6654763425389926,0.9695396900498515,0.952383931154763,0.9508352316275079,0.8896675179986393,0.9352581065188172,0.8745717005569393
rf+rule,0,3,0.8209964754235572,0.475,0.9893220225399856,0.9746575370099809,0.6581645858287811,0.6431242401401202,0.9632571663602091,0.9535788909976755,0.9674225657697647,0.6522795173550854,0.9486259214339717,0.7197227427939407
rf+rule,0,4,0.8287898092974691,0.21666666666666667,0.9915738165178302,0.987963316931444,0.6952971143722534,0.6814215819040934,0.9874568325563368,0.97752953301987,0.9830696383551244,0.9466628099189085,0.9782100554435483,0.9508633548472109
rf+rule,0,5,0.8791378235277545,0.9416666666666667,0.9890912537038201,0.9779798166268793,0.7454000216325125,0.6419310559829076,0.9869164146936716,0.9703148750661316,0.983807728175194,0.9241162691296649,0.9614962670110887,0.9635914020678576
rf+rule,0,6,0.8329696685768103,0.6583333333333333,0.9806684762122664,0.9679399938754787,0.6985469962557157,0.5855024755001068,0.9846262104361142,0.9729111856838217,0.9815576859539556,0.8798921095723865,0.9773605510752688,0.8639305531978607
rf+rule,0,7,0.8406800708272718,0.8333333333333334,0.979945118345853,0.9598616887385548,0.7678288213213286,0.5196894340217113,0.9810208236106035,0.9637871034711344,0.9745676879040016,0.8755377095286586,0.9546705676663306,0.9159645185250194
rf+rule,0,8,0.8365227953977065,0.3416666666666667,0.9950744665902628,0.9915623624924741,0.7706726315617562,0.5951113472382228,0.9820179910585395,0.9652345511300027,0.9859979463600984,0.7869849982632309,0.9645084504158266,0.8362449575372103
rf+rule,0,9,0.8472536937797805,0.9583333333333334,0.9821528657998767,0.963215055122874,0.7557133225500583,0.5475189069906871,0.9552394840420892,0.9476071466461107,0.9476772511998811,0.6791570419523897,0.9315401466943884,0.7918262163631055
rf+rule,0,10,0.7913081233082292,0.15,0.9894562755437749,0.9864384492160448,0.6466302974720796,0.5816670951743921,0.9692880074893092,0.955951601182823,0.9675182054920862,0.7277969753040987,0.9513731597572244,0.7551417189235446
rf+rule,0,11,0.8087683281699258,0.24166666666666667,0.9949836270785617,0.9916552603829142,0.6742628130416075,0.5434822921951612,0.9893647130090656,0.971948349947605,0.9910977270734568,0.8786488388265882,0.9696065923219087,0.9310205706528255
rf+rule,0,12,0.887018361116788,0.9416666666666667,0.9838048932940491,0.9736266907056171,0.6914135796626408,0.773184027771155,0.9838502048434971,0.97579914671535,0.9752650632733298,0.9534414868895748,0.9727949901293683,0.9613920525342476
rf+rule,0,13,0.8697495515534925,0.9583333333333334,0.9856934805565449,0.9661364987239339,0.703382074902455,0.7167013958096504,0.9633984698906964,0.9474510822395555,0.9570214821766782,0.7197652987572325,0.9306914955057124,0.8011949144992507
rf+rule,0,14,0.8462996914256872,0.9833333333333333,0.9869005997268105,0.9756137670177261,0.7076620532472929,0.5097665456434091,0.9663769674851679,0.9508004238281041,0.9453075640624569,0.874993577975185,0.9339188114289314,0.8565299601114097
rf+rule,0,15,0.7949438743579287,0.025,0.9913344022294786,0.9864029264411116,0.7414458898504575,0.5358619302511215,0.9867351706132907,0.9635877564168839,0.984963434357797,0.8954524565644625,0.9568988759030578,0.8854244183592436
rf+rule,0,16,0.8675573866157245,1.0,0.9751388972446691,0.9536221360692791,0.734397131860256,0.6899596586823463,0.972249653328213,0.9624012986663105,0.9576133176764493,0.8664955191251611,0.9545063634072581,0.8857750218956411
rf+rule,0,17,0.8479000457266701,1.0,0.9818738076565207,0.9515357138128843,0.7178535023530325,0.5963700458407402,0.9558093162077907,0.9506887058600412,0.9443266963606239,0.7036468709717277,0.9382441038726479,0.7857335828432516
rf+rule,0,18,0.8469463621092354,0.9916666666666667,0.9863064955271935,0.9746848163963142,0.7138084802130857,0.4969751834869385,0.9762836127792736,0.9505217531496416,0.96844888516171,0.8375947004606744,0.9336724394111223,0.8534820615744391
rf+rule,0,19,0.8339915120662441,0.5583333333333333,0.9906468324118881,0.9741779008410335,0.7233810730477174,0.6325745875636737,0.9540049978436966,0.9504179333666599,0.964582775292858,0.5570925960332906,0.943408465641801,0.6992113009220412
rf+rule,0,20,0.820931640988451,0.5666666666666667,0.9870313578322993,0.9711271242846071,0.7420333739519119,0.5223181846241156,0.9607611825621665,0.9616933287227122,0.9556399809336791,0.6953876202597338,0.9588917065692205,0.8075900430939779
rf+rule,0,21,0.8346441471998607,0.9833333333333333,0.9711331691363407,0.9382539133620418,0.7622916922966638,0.5767887691656749,0.9418490141252964,0.9406000141633545,0.9219514831299743,0.6725354447585195,0.9221049647177418,0.7288094200506932
rf+rule,0,22,0.8403450418584995,0.9916666666666667,0.9864060683767958,0.9717509831322564,0.704109238465627,0.4937324742476145,0.9586923597599298,0.94919952038791,0.9438273005267626,0.7490244060754776,0.9324361821656585,0.8362720794036609
rf+rule,0,23,0.8132409870009746,0.4583333333333333,0.9880103366803006,0.9702087580144794,0.7099369294047354,0.5747054914633433,0.9529829477871197,0.9558707408862896,0.9592018386609451,0.573182309938579,0.9521844679309476,0.7387955611368188
rf+rule,0,24,0.8137813759209761,1.0,0.9509812052061075,0.9088661476210051,0.7106046003798644,0.600222118695577,0.9475709938257052,0.9598150301866709,0.9095541522227307,0.8514292670899078,0.9486376690608199,0.89388279403959
rf+rule,0,25,0.8219819483589235,0.44166666666666665,0.9924613504719387,0.9795335310853385,0.7759021936158338,0.5044879332184792,0.9720881485454329,0.9607458470602747,0.9629978372124575,0.8141850857611965,0.956143024403562,0.8280983498366941
rf+rule,0,26,0.8597403359744357,0.9166666666666666,0.9800628923525281,0.9543640905891367,0.7585588386058807,0.6735510056217512,0.9607268208222058,0.9459366665747224,0.9467680933254381,0.7603162093823698,0.9255154517389114,0.8412233010059645
rf+rule,0,27,0.797963637217219,0.058333333333333334,0.9910351696319777,0.988987861805492,0.7725927618940671,0.5328601976235707,0.9592735319741698,0.9643514230930245,0.9846655172125626,0.5095465820940102,0.9739573488953293,0.6504537744932816
rf+rule,0,28,0.8299593468781485,1.0,0.962059178327299,0.9033360581616171,0.6475642578303814,0.7349222352107366,0.9622981333987982,0.9547657061499526,0.9370855934196902,0.8762618280759379,0.9413202757476479,0.8616161949995185
rf+rule,0,29,0.8733324491369555,0.875,0.9914275271771072,0.9818250620988459,0.7480365523695947,0.6213536029060681,0.9793439300872326,0.9732842994216829,0.9869775716095203,0.7326859567596131,0.9790409211189516,0.8550170487215539
rf+rule,0,30,0.8548742551946309,1.0,0.9852142592945372,0.9701366083138908,0.6965975214342276,0.5804187700152397,0.9610815728693328,0.9615648074548466,0.9564840905368327,0.6943492156868222,0.9560176726310485,0.8509423079109993
rf+rule,0,31,0.805065009636896,0.275,0.991558155092447,0.9817420959160998,0.719253097186486,0.5563032592336337,0.961159713885544,0.9519926867338024,0.9696826066621528,0.6063860933132031,0.9431264569682459,0.7592701328401806
rf+rule,0,32,0.7972266750946589,0.016666666666666666,0.9884730302925495,0.9814031491871752,0.6981873141626518,0.5955768639842669,0.9908622021824338,0.9791097072813515,0.9914006588519901,0.9291888535523615,0.9831377583165323,0.9383615305443772
rf+rule,0,33,0.796695744156461,1.0,0.9699775469873075,0.9377683614749533,0.5598469501535097,0.5266906899710496,0.9404175930077998,0.9439200301216483,0.9196495336710766,0.6682307856047854,0.9283733408938172,0.7367498859637925
rf+rule,0,34,0.7981717693262877,1.0,0.9645733930443393,0.9320586748684153,0.567496408611536,0.5297167959312598,0.9572958743162937,0.9535882811336859,0.9406031743413017,0.7532867943288899,0.9422707834551413,0.8199808024057821
rf+rule,0,35,0.7999358678407649,0.875,0.9555595835944629,0.930475902027554,0.6733480037848154,0.5633294855554899,0.9453685525976605,0.9415240653816868,0.9160578067905158,0.7602704689532769,0.9229389149655579,0.7497798825512413
rf+rule,0,36,0.8463976610543269,0.7583333333333333,0.989876003079146,0.9822230124239827,0.7872886859973272,0.49676306918263435,0.9803961173836733,0.952319979314512,0.9725961998024936,0.8888123954544548,0.935898910030242,0.866508440059774
rf+rule,0,37,0.8134890678456644,0.016666666666666666,0.994178903178637,0.9902828960675819,0.7510383893052737,0.6230917513370514,0.9892886666364655,0.9670384772198491,0.9882925346653948,0.9285273258926487,0.9649573541456653,0.8700041828536186
rf+rule,0,38,0.8375763107373226,0.8166666666666667,0.9875970432921432,0.9788477089046653,0.6665095686912537,0.5389900272091229,0.9768375878503494,0.9620222798928383,0.9794251178140922,0.7559718359418276,0.9590196178805444,0.8221711035536117
rf+rule,0,39,0.8777374751029524,0.9666666666666667,0.9888776964039341,0.976901128073923,0.7684768324693043,0.6350317865610122,0.9713322858737439,0.9585840590173544,0.9725359753335034,0.7219723485598043,0.9557907268565188,0.7643341412063406
rf+rule,0,40,0.8782882600069812,1.0,0.9721103535373373,0.9485876658695196,0.7729117016394933,0.7399018729726473,0.9717796128654084,0.9666956158509293,0.9556085045459449,0.8844524276356737,0.9608280961231518,0.9116970698873536
rf+rule,0,41,0.8152133056338509,0.4,0.9863268317161489,0.969886539761537,0.7165702415406705,0.5454716791709264,0.9908707033661703,0.9757041369517642,0.9890774015617627,0.956528457523394,0.9742463142641129,0.9525016343393246
rf+rule,0,42,0.8252188917938418,0.44166666666666665,0.9898621934565167,0.9811061170833564,0.6959422395924728,0.5837123791376749,0.9822105695006039,0.9715236607796812,0.9784927707766333,0.8554341540116221,0.9686199229250672,0.9322938318012142
rf+rule,0,43,0.7920063358344809,0.9916666666666667,0.9453928703536405,0.9115747710614422,0.6415963411231835,0.5199759438633919,0.9653413963977081,0.9619819455605038,0.9551979101553397,0.7661661928942224,0.9612781155493952,0.7813222924200427
rf+rule,0,44,0.8283086221382262,0.4166666666666667,0.9925864182274063,0.9806344396265504,0.7495460393627486,0.5887133883933227,0.9709215980670768,0.9561091925000728,0.973915319385067,0.7082265805171317,0.950010500672043,0.7739953455053458
rf+rule,0,45,0.8325290224840227,0.5416666666666666,0.9905149833160799,0.9766432714462281,0.7925096988081931,0.522417235126098,0.9774057930467107,0.9550334035687361,0.9759077991609291,0.7944813909149971,0.9443609422253024,0.8331135438770807
rf+rule,0,46,0.8322236050633479,0.7666666666666667,0.986471767504114,0.9731917823140139,0.6649147738615672,0.5690674039224783,0.9650964064301772,0.9580301148716585,0.9593278617067362,0.7265880730222253,0.9510664088751679,0.8216012975498408
rf+rule,0,47,0.7692439795255298,1.0,0.9499649806247729,0.89555301769107,0.52674141921103,0.5368708506226539,0.9595090358543885,0.94736303745041,0.9424438392362929,0.7749296520687953,0.9301971763692876,0.8083537203424117
rf+rule,0,48,0.8301829938906143,0.14166666666666666,0.9926439462308176,0.9819848513291551,0.7597388682961463,0.674009096622467,0.9912914683006835,0.9756770525291053,0.989410376781097,0.9672359410955125,0.9753213861937163,0.9454314227865523
rf+rule,0,49,0.7947788904312484,0.15,0.9936892779500215,0.9881785567134036,0.7099814381400744,0.5066420336564382,0.9768410821988899,0.9605095670939555,0.9828487037891341,0.7263906794686278,0.958358863092238,0.7810708968078389
rf+rule,0,50,0.8246224465226395,0.975,0.9781949945202811,0.9467518218670016,0.6572828849156698,0.495163494348526,0.9865212445584632,0.9599400523812307,0.9866102975622941,0.8613186633887411,0.949891580561156,0.8802698860649302
rf+rule,0,51,0.8301486553643845,0.35833333333333334,0.9865808509137497,0.9779027259505652,0.7136479161977768,0.694718133409818,0.9669828298966673,0.9587713665258374,0.9616210434225297,0.7383458449685273,0.954416057627688,0.7856682075672791
rf+rule,0,52,0.7940495363028154,0.1,0.9938419020687275,0.9873894538462553,0.6249970312913259,0.5881882498661677,0.9852073952339023,0.9719589578432651,0.9895706759505375,0.811790901948424,0.9726541498655915,0.8961734168168878
rf+rule,0,53,0.8182811744848185,0.225,0.9933172663552897,0.9852780715702406,0.7153380931218466,0.5960755094885826,0.9819139428153406,0.977963091514174,0.9826305328597944,0.8143203741862994,0.9821980794270834,0.925264607958433
rf+rule,0,54,0.8715922485659411,0.9583333333333334,0.990667207324748,0.9783238819377875,0.7074185499250889,0.6347900097568829,0.9722458773553633,0.9692743856852231,0.976003861555489,0.7119133839336764,0.9740147088163642,0.8084698887933203
rf+rule,0,55,0.80408622343426,0.18333333333333332,0.9906093774494529,0.9854142337453131,0.7589428511361281,0.5055600240826607,0.9836633994054371,0.96492859817231,0.9778626824739158,0.9140067230753538,0.9626050723496304,0.8523162686023391
rf+rule,0,56,0.818865461468289,0.3333333333333333,0.9937272896238194,0.9835491426084555,0.6942734465897084,0.6031410758694012,0.9773915635897528,0.9574212744620383,0.9803941377789104,0.7573984527663022,0.9484504945816532,0.84167917060251
rf+rule,0,57,0.890524218761499,0.975,0.9913346723257576,0.9825490723404229,0.7289486255546412,0.6903265451391538,0.9855768963895838,0.9754456483181305,0.98103887589388,0.9256418217130068,0.9796313214045699,0.8961414211437482
rf+rule,0,58,0.8639974146969966,0.9666666666666667,0.9845831004934692,0.9639559231864081,0.7202304289440313,0.6243485093116761,0.9809531846796513,0.9644955157833124,0.9784763010519166,0.829971685504713,0.9608187111475135,0.8612578373496272
rf+rule,0,59,0.8068497344079376,0.16666666666666666,0.9948423712053301,0.9925532241311729,0.6883473387658596,0.5863330341875553,0.9736316882491481,0.9605630213214468,0.982868212958177,0.687714512076448,0.9600593156712028,0.7614091641011358
rf+rule,0,60,0.8571029336210251,0.9916666666666667,0.9893275972347332,0.9722427498982623,0.6729245212177436,0.6136610373854637,0.9541918091390325,0.959615814441721,0.927158537330807,0.8145189304061297,0.9588500320270498,0.7532782523321504
rf+rule,0,61,0.8427063119457532,0.8166666666666667,0.9781487803706701,0.93816786812801,0.7246513696908949,0.6560960566004117,0.9760746877807293,0.9628650424028184,0.9695899976838019,0.8239405078797781,0.9612117644279234,0.8081157570626555
rf+rule,0,62,0.8357466164226236,0.8083333333333333,0.9937628759955653,0.9881912576217278,0.5912961673438549,0.5547271475195885,0.9787175221909017,0.9643787278144732,0.9719162661381947,0.8506171097274587,0.9606212328839046,0.8609245770117816
rf+rule,0,63,0.8336373047617347,0.0,0.9940452624962468,0.990304991096453,0.7788229106465976,0.7066667442520459,0.9932434335835862,0.9845440693076697,0.9953485903720701,0.9395740475474286,0.9874820175991262,0.9785275822427092
rf+rule,0,64,0.8730825374636221,0.9916666666666667,0.9908268184141832,0.981213543422861,0.6851039546628794,0.6402605026960373,0.9778107536014673,0.965584721018423,0.9658658318702251,0.9194905860584324,0.9589803059895833,0.9066425093582698
rf+rule,0,65,0.8262200184227189,0.2,0.9881818080461054,0.982418846515269,0.725518938422203,0.6609809055924416,0.9926667783529918,0.97925734833821,0.9921249081210424,0.9682746284148273,0.9828621156754032,0.9427652173683423
rf+rule,0,66,0.8022749001919617,0.23333333333333334,0.9954320969942613,0.9914852507714352,0.6542445599635442,0.5460873074829579,0.9776951723888023,0.9660111928288708,0.9880568293634281,0.7039463035918835,0.9671622983870968,0.8184791868474303
rf+rule,0,67,0.758615140163661,1.0,0.9407193843010109,0.8947942466361849,0.5853947214782238,0.47058827901879946,0.9468607696664814,0.9378512096527055,0.9310616908134312,0.6782667649393322,0.913955327515961,0.7678149600489801
rf+rule,0,68,0.8149974453115204,0.0,0.9923242061335901,0.9900293484700271,0.7250332795679568,0.6581977610786756,0.9915392444794474,0.9769694554767104,0.9903082720695003,0.9579623516868142,0.9785958238827284,0.9405944933410452
rf+rule,0,69,0.8031887782706189,0.175,0.9902160663670442,0.9806336789777854,0.6906338630616665,0.5517204806208611,0.9946904044196522,0.9810366735506503,0.9951591716418344,0.977204374655956,0.9854522376932124,0.9495582678237883
rf+rule,0,70,0.8572568465802461,0.9833333333333333,0.9826241067643596,0.9723087834532743,0.6892236944337686,0.5854023555914561,0.9855679688924324,0.9619761889452512,0.984401327003074,0.8647686184203925,0.9556414204259073,0.8625377599431687
rf+rule,0,71,0.7739906174101336,1.0,0.9582928638526799,0.9305252170406914,0.484874683012565,0.5655212163925171,0.9082070141668741,0.9335133347174107,0.8566460225250452,0.6561067894476802,0.9121627315398186,0.652359047231554
rf+rule,0,72,0.8256629634324921,0.8583333333333333,0.9756082393030738,0.9440778721547594,0.7649587800900141,0.5028535472850005,0.9689846715334255,0.9498649734027347,0.9575749889897404,0.8081732695343113,0.9374068721648185,0.7760075429657928
rf+rule,0,73,0.8007250967775652,0.875,0.9661032900734857,0.9373479694712397,0.6908201872011026,0.5099589397509893,0.9309027616348641,0.9439334812969894,0.9444997012134521,0.4286078269898641,0.9370606125042003,0.5824497166801902
rf+rule,0,74,0.8164069276555946,1.0,0.9765283933432926,0.9478230797854903,0.561831978196899,0.5909281680981319,0.9503034248118826,0.9444554970910581,0.9265827628473441,0.7536514539177678,0.9243718629242271,0.8085839129796549
rf+rule,0,75,0.8522162729318776,0.925,0.9859463000950394,0.9566844427975175,0.7559006813168525,0.6029888386527698,0.9540960638334257,0.9470228685968252,0.9472139346984125,0.6658908922632202,0.9359117077242942,0.7134983941536992
rf+rule,0,76,0.821720358462987,0.975,0.9616208270887742,0.9252676814833497,0.7035574957033,0.6065767392516136,0.9435105317068008,0.95154922109523,0.9382645268994634,0.5871921892927474,0.9524478379116263,0.5797584172056502
rf+rule,0,77,0.7837234016394624,0.44166666666666665,0.9881972054579268,0.9718047601958505,0.6764661110887924,0.45014721353848774,0.9385573473647522,0.9458621841675966,0.9291524788605109,0.5813352792140316,0.9337897844212029,0.7103779274625939
rf+rule,0,78,0.7171392661956754,1.0,0.8838373177239719,0.8612599984960617,0.4981691016952196,0.5627071872353554,0.9397117142431449,0.9522404717143463,0.9152138572226289,0.6867332664482734,0.941939946656586,0.7798143071787698
rf+rule,0,79,0.8335822866990583,1.0,0.9525533326688715,0.9297260657790439,0.7772025277912616,0.5636041526993115,0.9766771290918527,0.9620090538986512,0.9707609781494705,0.8241753444200804,0.955519021967406,0.8642745954649789
rf+rule,0,80,0.7940245025063078,0.48333333333333334,0.9740238797035315,0.9526847478377275,0.6568168717126052,0.5519755805532137,0.9714907328184214,0.9647472174042607,0.9785813077242784,0.6877409178419274,0.9697710590977823,0.7422184075127128
rf+rule,0,81,0.7209424806362125,1.0,0.9048142049501424,0.8627117722953845,0.5897692005510131,0.4930414954821269,0.902138104649493,0.9307617995213834,0.8679228949681005,0.5239722292964198,0.9034016270791331,0.7133097459538644
rf+rule,0,82,0.7683364035177144,0.9166666666666666,0.9847986350273729,0.9676109920958289,0.471384674107035,0.3436246196428935,0.9508794323000593,0.9330333323359088,0.935556361463762,0.6970224731108722,0.9075821415070564,0.7189821157635761
rf+rule,0,83,0.8140130874315304,0.3333333333333333,0.992659562809573,0.9831173169496012,0.7608114804824192,0.5160118026038011,0.9739622887419243,0.955866773556897,0.9727767754225962,0.7636992453652269,0.9494083527595766,0.7760445710991611
rf+rule,0,84,0.7934861441131221,0.21666666666666667,0.9909308022883818,0.9825396399638232,0.6161301028529802,0.6283474172155062,0.9459282725907374,0.9540775947678256,0.9690003924111846,0.4532354229654209,0.9576335948000672,0.5766429578681954
rf+rule,0,85,0.7792847625670027,1.0,0.9531150282245346,0.9073038673400878,0.7006229715943336,0.45303598046302795,0.89990925911619,0.9492228027470412,0.8628363713441838,0.5261750224382937,0.9458977812079972,0.6130981886086344
rf+rule,0,86,0.8119989012725793,0.7,0.9882099334625306,0.9865283679806328,0.6939376260936262,0.3875434746344884,0.9713646370733036,0.9617910534582722,0.9762676609219402,0.6983457526990345,0.9642130533854166,0.7345372090319625
rf+rule,0,87,0.8220629491033685,0.6916666666666667,0.9831675324873466,0.9622905682426652,0.7645291072527568,0.5347249547640482,0.9332020518053267,0.9464223782691307,0.9551654043617428,0.40728681551550805,0.9434195569766465,0.555590865491819
rf+rule,0,88,0.8004163424766391,1.0,0.955107518412903,0.9394466068542082,0.6150139261533816,0.5241352135936419,0.9415552182484954,0.9562713208801251,0.9113512418763612,0.7331223286250058,0.9490693123109879,0.7890851490136956
rf+rule,0,89,0.8040456636533156,0.925,0.9915847632828357,0.9809292117131302,0.4809409611721834,0.49981837794184686,0.9360769570298776,0.9480421648826123,0.9257425351709287,0.5708182083771509,0.9375586068758401,0.7196267145771941
rf+rule,0,90,0.7895258249730228,0.016666666666666666,0.992735262402051,0.9913669240961667,0.6707163392007351,0.5641133964061738,0.9817671291077171,0.9628858864678423,0.9871659985793535,0.7731341286366727,0.9623888241347447,0.7881942740758928
rf+rule,0,91,0.8165446503482117,0.6916666666666667,0.9920091968282149,0.9798403023348913,0.6884747301141422,0.4477027619878451,0.9645673618477039,0.9558735075949047,0.9594183760544946,0.7194048302764652,0.9484327746975808,0.7875170216840857
rf+rule,0,92,0.8110445094406786,0.041666666666666664,0.9951650195232489,0.9926382275578243,0.7498511747519174,0.5832558373610178,0.9916373709132024,0.967146277434863,0.993071731019725,0.927138129703137,0.9616932202410955,0.9121507436287504
rf+rule,0,93,0.8418566117218206,0.7833333333333333,0.9910788398674626,0.9737531159360425,0.7313368472258249,0.5446030251681805,0.9698189292101176,0.9502562006761063,0.9584705060287829,0.814105547150644,0.9353456558719758,0.8247674350478068
rf+rule,0,94,0.8097371563108473,0.275,0.9925101231214678,0.9872185305014156,0.7237358806232611,0.5228144985934099,0.9825940069618053,0.9639795503125347,0.9808763972693875,0.8397401383444041,0.9565843807753696,0.897109959556275
rf+rule,0,95,0.7768380805986647,0.008333333333333333,0.995428677179784,0.9928962311129165,0.697120332668225,0.4242000110447407,0.989526632682115,0.9723034008141994,0.9898097328521231,0.9098601741951053,0.9691278273059477,0.9415475773711165
rf+rule,0,96,0.8498365918754573,0.9666666666666667,0.9865041270462661,0.958275509270188,0.6871720646123092,0.6250361899534861,0.9482544165286674,0.9551583628361427,0.928685069372577,0.7074768131270128,0.9480779176117271,0.7745355355138538
rf+rule,0,97,0.8514044916214671,0.925,0.9894743307920123,0.9757163601841025,0.7247624343832334,0.5087746580441793,0.9805118309194988,0.9659973607475858,0.9894110008112844,0.7318148599201891,0.9685791671917002,0.7885156639483797
rf+rule,0,98,0.7926965193442022,0.05,0.992194912859122,0.9834588816742492,0.7881022503574688,0.4755540952086449,0.9802047790742973,0.962983759638041,0.9881660768902429,0.7374434512452919,0.9639116840977823,0.7713392808908174
rf+rule,0,99,0.8206740538614598,0.9416666666666667,0.9744102912881379,0.9487971789229149,0.7005633207211891,0.5195737399160862,0.939727051029296,0.949294129626143,0.9158989935552562,0.6832730539080476,0.9377293740549395,0.7592697399003165
rf+rule,0,100,0.8302481786505507,0.6083333333333333,0.9826932192361082,0.9566948065025354,0.6863818100889525,0.6538609097401301,0.9689111879485436,0.9676767760919932,0.9634102555692837,0.7576359724547682,0.9657129431283603,0.8761035887634053
rf+rule,0,101,0.798813767992316,0.6833333333333333,0.9956210172532406,0.9892269016013426,0.46967711582779886,0.5631060456236203,0.9350477846697469,0.947877666185807,0.9346880096661787,0.5206592617196446,0.9389061056157594,0.6860948290143695
rf+rule,0,102,0.8268966639098092,0.6916666666666667,0.984983759461762,0.956754564288395,0.7008447740674018,0.6003418082992236,0.9678297673863497,0.9446741616476404,0.9644503678044966,0.7287457359939062,0.9277644988029236,0.7662777597663784
rf+rule,0,103,0.7916091515793838,0.14166666666666666,0.9937740944407203,0.988162161968892,0.6615222452282906,0.5380087415377299,0.9754992500654734,0.9619723214352105,0.9771636203652427,0.7517085836715057,0.963620356077789,0.752558828652406
rf+rule,0,104,0.861713603696582,0.9916666666666667,0.9840207274904189,0.9653992638712616,0.7024459565381209,0.6084031566977501,0.9753016791392,0.9726485377073324,0.9619871819451933,0.8978936935172361,0.9709971438172043,0.9311116803593996
rf+rule,0,105,0.8028329184397892,1.0,0.9822499259417827,0.9608157687950758,0.44761021232604986,0.5804747581481934,0.9349641992920807,0.9442583027967829,0.9059867618865863,0.6853166685885742,0.9302442325058803,0.7156628778501719
rf+rule,0,106,0.7366318712343684,1.0,0.917586579333033,0.8951627868452882,0.4956473717739185,0.4654618831972281,0.9520389926566997,0.9557828994262446,0.9385812624968508,0.6934180411220598,0.9491768785702285,0.7771577649757642
rf+rule,0,107,0.8781134863455133,0.9333333333333333,0.9870954548610383,0.9779430141012654,0.6698295966386796,0.7302403633793195,0.9822900222989837,0.9681984172201171,0.9753111489918284,0.9103348633321393,0.9625971968455981,0.9260141030580056
rf+rule,0,108,0.8360589854140827,1.0,0.9652221519063763,0.9427582638403949,0.7259325570364793,0.5478046372532844,0.9792328817470619,0.9631597916634271,0.9692559983621362,0.9092355898949278,0.9560464182207663,0.8853623050601542
rf+rule,0,109,0.8896090308523306,0.7916666666666666,0.9892360822159318,0.9805588537181903,0.7829635558724403,0.7365292464693387,0.9871046175743639,0.972697753242218,0.9859914427643182,0.8891990906050226,0.9706199728032594,0.9355224967002869
rf+rule,0,110,0.7866934717285723,0.08333333333333333,0.9908185889016472,0.9851383869554482,0.7281695830225945,0.4664702661335468,0.991375908141615,0.9633064100651719,0.991402720019061,0.9417529652098647,0.9561015467489918,0.8896222237278434
rf+rule,0,111,0.7734887810091231,1.0,0.9428526837620658,0.9103294155800266,0.5950808911273877,0.5213665974636873,0.9267030308995807,0.9456775418895735,0.9000958084699608,0.6113207848006937,0.9313573693716398,0.7475947415878793
rf+rule,0,112,0.7360241702641867,1.0,0.9272714315217347,0.8702539243261799,0.5747391093323628,0.41940446496009826,0.9526560213751974,0.9530230306447898,0.9390120607390199,0.6975202993685458,0.9413577500210013,0.8128339074739889
rf+rule,0,113,0.8139446126559535,0.875,0.982433203819648,0.9619568368188696,0.642607782026132,0.5079358535508315,0.9412857650371689,0.9451123240144604,0.9395612187122785,0.5555152931258458,0.9351140504242271,0.6563268927465967
rf+rule,0,114,0.813447121897724,0.9833333333333333,0.9693157516787209,0.9345911219852423,0.7287209054132302,0.5283601654072603,0.9200068701940616,0.9301993120511226,0.9123611488009011,0.47628318214742077,0.9062469810567876,0.6394243122649794
rf+rule,0,115,0.8206945689837634,1.0,0.9776318023598106,0.9427779878666198,0.6455958007574082,0.5191900201141835,0.9670299470105346,0.9489438567317704,0.9472710345381049,0.8653874797981327,0.9307457708543346,0.8512363496447811
rf+rule,0,116,0.8409024445180519,1.0,0.9848663095375259,0.9746668511356404,0.6713530195653438,0.538026540974776,0.9476019512424568,0.9479621047120353,0.9367648549698373,0.6482627331709662,0.9333947622647848,0.7796125532198352
rf+rule,0,117,0.8009597539515187,0.225,0.9925136475623162,0.9826690305954491,0.7074698461095491,0.5143046982586383,0.9776914634162123,0.9719002463017439,0.9727979960941499,0.8241175097577712,0.9768179944766466,0.8495557370806942
rf+rule,0,118,0.7848828519868133,0.26666666666666666,0.9917696766660353,0.9816514904436723,0.6812184169789155,0.45665952811638516,0.9688042238326637,0.9528983280404923,0.9776154504828557,0.6573801608247479,0.9462875530283938,0.7377101138484579
rf+rule,0,119,0.8094771656116732,0.475,0.985690379616464,0.9688264193566016,0.667069624910752,0.5709872176249822,0.9697145146960665,0.9602120129714506,0.9562037263185749,0.828553299067401,0.9555514427923387,0.8188898538341042
rf+rule,0,120,0.7734579332304802,1.0,0.9258834048311722,0.881552749334597,0.5556050145377716,0.6169546941916147,0.9771703270298955,0.9607575581147126,0.9656702961892852,0.8991041869676414,0.9500721921202957,0.8976856592823478
rf+rule,0,121,0.8427536859455215,0.8083333333333333,0.9871242272930806,0.9761207016464932,0.697403723637263,0.6195094744364421,0.9363805527910043,0.9492972310919815,0.9313037360547691,0.5494930118071932,0.9407398511004704,0.7087741943718004
rf+rule,0,122,0.7925778933713816,1.0,0.9529306877841875,0.9097793244380576,0.6978444902797541,0.4857620487610499,0.9433971193343541,0.948837214650084,0.9074347770983173,0.7986920248059666,0.9297232022849463,0.8591683752396527
rf+rule,0,123,0.8071860800666499,0.175,0.9877512405906096,0.9766408254274356,0.7374475623369218,0.5911703700820605,0.9780324298335721,0.9651264653609427,0.9702426052542142,0.8541861866452113,0.9619655814222111,0.8623198050410807
rf+rule,0,124,0.8243324844578648,0.375,0.9874651140899514,0.976472255856383,0.7351001869936785,0.618339208761851,0.9666448860984005,0.966163281146417,0.9726542177219545,0.6620263403453747,0.9741131526167676,0.7147403535973124
rf+rule,0,125,0.811907167202626,0.2,0.9931351714922525,0.9859674147433706,0.6851116378506025,0.6124514579772949,0.9753491138416418,0.9715924391080113,0.9778535143742638,0.7427642783071814,0.979200203188004,0.7970768701629478
rf+rule,0,126,0.7547056315284385,1.0,0.961405930349125,0.9281897200166789,0.47152610606948536,0.41677646214763325,0.9217288310688606,0.9457166529384279,0.8722234582868954,0.7289026757749189,0.928920163390457,0.779327735680492
rf+rule,0,127,0.8047835557126963,0.16666666666666666,0.9939187826120921,0.9890164322401184,0.7085933895707132,0.5204347155988216,0.9934104521159611,0.9766370518887123,0.9946253773345742,0.9502038422251949,0.9765116373697916,0.950410298439635
idf_sf,0,0,0.8449031017984123,1.0,0.9806964404139578,0.9340855034971549,0.7059318493405978,0.6197713121771813,0.9716708752462874,0.9518520754279085,0.9749868758183012,0.711102201407697,0.9391085716985886,0.8098537496158055
idf_sf,0,1,0.8599043698744069,0.8916666666666667,0.9904843597122863,0.9739216822892233,0.7371535218854746,0.6108974379797777,0.9540456204679494,0.9584473291992792,0.9702154989043872,0.5293052758426726,0.9575355447748656,0.7343120145447114
idf_sf,0,2,0.8545578572467516,1.0,0.9764550570618873,0.9594580261535893,0.7193080141842365,0.6192836249868076,0.9674844386848969,0.9524990284405817,0.9522883685285687,0.8247795688504932,0.9365719374789987,0.863600956041272
idf_sf,0,3,0.7890708720482096,0.008333333333333333,0.9918335018855149,0.9782185277829764,0.6750191342532635,0.6097041264176368,0.9742379951464543,0.9619235836819622,0.9815815579827113,0.700784258607055,0.9609334966187837,0.7835686372107818
idf_sf,0,4,0.8290974495667948,0.13333333333333333,0.993353212562031,0.9908934636793885,0.6885691833098729,0.711096070210139,0.9906378958323498,0.9797342245155576,0.9889094364258552,0.9525100826716223,0.9823559832829302,0.9522425352024431
idf_sf,0,5,0.8663949725425782,0.9416666666666667,0.9889417231422855,0.9744568297286438,0.7396284916798272,0.5804485787947973,0.9860712354307911,0.966941373526726,0.9845372077918823,0.8781274389319059,0.9600391018775201,0.9264751910662451
idf_sf,0,6,0.8233219293528223,0.625,0.9744149425191416,0.9616680371138006,0.7225156784852346,0.5482958699266116,0.9862127176659231,0.9756497534198518,0.9865595102390294,0.8546997822132432,0.982025146484375,0.8718159459218258
idf_sf,0,7,0.842873729916014,0.7666666666666667,0.9847139666331053,0.9693168306662365,0.7671294502019882,0.5272064437468846,0.9803027637385162,0.9636022031637947,0.9749407078630181,0.8523346511255793,0.9577236380628359,0.874232346019825
idf_sf,0,8,0.7864772002052253,0.0,0.9950251117656078,0.9942435823001113,0.679441752811273,0.5226669582227866,0.9821478372551965,0.9667090469200108,0.9915507895491457,0.7418874251742323,0.969662114625336,0.7932099052587477
idf_sf,0,9,0.7949979189644092,0.225,0.9887536640778477,0.9754212267726075,0.646884249319633,0.5855089619755744,0.9770789511052277,0.9599344882413184,0.9850983773268037,0.7153993481848421,0.9536172846312164,0.8398219331973741
idf_sf,0,10,0.8331582382057928,0.525,0.9888339810399618,0.9853374688220181,0.659523277759552,0.6415156662464142,0.9745700602252569,0.9638553811724385,0.9785829529887244,0.7246587791112291,0.9623118410828293,0.829018423036367
idf_sf,0,11,0.7724382106488529,0.10833333333333334,0.9943262192747322,0.9909152261571947,0.6414695553680261,0.432584681113561,0.9814860398852051,0.9628582414648793,0.9903792845626032,0.7405515283095736,0.9613450573336695,0.8048112518897578
idf_sf,0,12,0.8921909975042013,0.9833333333333333,0.9842029270289252,0.9754326408984614,0.7180157243708769,0.7517183442910512,0.9857321070902807,0.9752164673468819,0.9788816557776543,0.9554288985849428,0.9727362519951278,0.9553008946050116
idf_sf,0,13,0.8630988559929464,1.0,0.9835794207296672,0.9535596135706684,0.7318073445061842,0.6794130096832911,0.9549111805731807,0.9444384540530267,0.9490251137284181,0.6638500431255132,0.9248483309181789,0.7978192016858012
idf_sf,0,14,0.8597533656330818,1.0,0.9869391253565618,0.9752096516166637,0.7252941383918128,0.5531023701032003,0.9724928575183619,0.9596199424149195,0.9599300662275925,0.8463699757551947,0.9490531018985215,0.8838168693189862
idf_sf,0,15,0.8058191744243846,0.016666666666666666,0.9920708640742399,0.9877485464834699,0.7342926749189693,0.5966591303547223,0.9906658629235109,0.9713065365315622,0.9923134871548221,0.9056929873318231,0.9707913962743615,0.9014715151626522
idf_sf,0,16,0.8198305348352228,1.0,0.9495835343757709,0.9080494879429637,0.684966032932202,0.6432073146104813,0.9669587750743365,0.9644402860697187,0.9464708515633178,0.8750000408216685,0.9582395492061492,0.8909169575747322
idf_sf,0,17,0.8500946345118957,1.0,0.9790218405894602,0.951304571192249,0.7529798602859178,0.5794543425242106,0.9581118061042204,0.9534689446275718,0.9445114643102691,0.7327025469486453,0.9435794953377016,0.7879522385216561
idf_sf,0,18,0.8359017861106742,0.85,0.9860798519770338,0.9787350697532978,0.6502106213370958,0.5305286293228467,0.9836534371624467,0.9581340323414409,0.9815401034730097,0.8535336639199939,0.9505538448210685,0.8332162289058461
idf_sf,0,19,0.8263876183737151,0.23333333333333334,0.9922014173367292,0.979978257472219,0.7739270851016045,0.6392659363647302,0.9725173400980357,0.9601476314396012,0.9815652787525166,0.6828199117874899,0.9617299725932461,0.72025369295553
idf_sf,0,20,0.8035630711785091,0.3,0.9867131703936174,0.9705921985277164,0.7616655593911809,0.512789390484492,0.9680533519566592,0.9648895311685284,0.9748138923718724,0.6694394130291057,0.9645863522765458,0.8252428296734305
idf_sf,0,21,0.8464525917946089,0.9833333333333333,0.9836285701603321,0.9561809116562986,0.7495451826949915,0.5686067774891853,0.9502733280859575,0.9380823342221596,0.9399859047705128,0.6611826512493005,0.9190792616977486,0.689712256193161
idf_sf,0,22,0.8035775779843602,1.0,0.9775324200165436,0.9623213461956948,0.6257605882783731,0.4222805894911289,0.9313280168156315,0.945192513803385,0.9099557006631488,0.6069344534468251,0.9329255791120633,0.7000960439694028
idf_sf,0,23,0.8452710478569245,0.8666666666666667,0.9868674924268807,0.9744284430438397,0.6924032302796841,0.5771188609302044,0.9640691168083326,0.9549122416755152,0.9776192850563475,0.5950061373193475,0.949819585328461,0.7477355219987261
idf_sf,0,24,0.8071371164917779,1.0,0.9409756998397872,0.9045735362620135,0.6814049174586931,0.6212043017148972,0.9529796319317251,0.9632113758242897,0.9183455799295698,0.8782935252710551,0.9546563261298725,0.9006940031251988
idf_sf,0,25,0.833673254940127,0.7083333333333334,0.9908950395560275,0.9715725633911059,0.787383527080218,0.47209224154551827,0.9674167418256467,0.9577140159237482,0.9610123544610957,0.7515673860281455,0.9511351882770497,0.803043491950556
idf_sf,0,26,0.8574873393005176,0.9916666666666667,0.9794232398962524,0.9294671422983306,0.791271520793438,0.6647590170303981,0.9618457914325518,0.9400143288390974,0.9529897288289121,0.7255657242626703,0.9171224614625335,0.7834949613619251
idf_sf,0,27,0.8018339571598136,0.041666666666666664,0.9953203510729731,0.9930848228405503,0.7706452598571777,0.5372584131856759,0.9625434874370965,0.965427716966855,0.9940266872686083,0.4898652289759274,0.9773249144195228,0.62938079181589
idf_sf,0,28,0.8034930710512318,1.0,0.9294865934332986,0.8817460443459306,0.6562237334251404,0.7239561130603155,0.9619093454336513,0.9552927767526912,0.9366255663415437,0.8699992772410897,0.9428191810525874,0.8573565633357072
idf_sf,0,29,0.8631468782232368,0.9166666666666666,0.9889227597853005,0.9764383422549253,0.7288345703780652,0.5870408390959104,0.9784082659865742,0.9664125409756464,0.9846361609235887,0.7368803406212511,0.9660787602906585,0.8464051244639549
idf_sf,0,30,0.8576379280387043,1.0,0.9854745655739816,0.9706340686869778,0.687045608629783,0.5868189459045728,0.972169281209985,0.9659177970791775,0.9741648758691485,0.7222549890269753,0.9637101368237567,0.8608251887710154
idf_sf,0,31,0.7977337589126623,0.19166666666666668,0.9927271988867737,0.9875552979949254,0.6164855413536231,0.5965960917373498,0.9778979257665381,0.9646888004878693,0.984085076790984,0.7326902947505983,0.9643338111139114,0.8225161974169627
idf_sf,0,32,0.8115912678318083,0.25,0.9860070305553518,0.9771683946310307,0.6938517076770465,0.5953436156113943,0.9902660398655488,0.980478625909035,0.9920674795024496,0.89450726539147,0.9872134629116263,0.9254289502356233
idf_sf,0,33,0.7948942628010299,1.0,0.9698646277235297,0.9462268999666948,0.5890405834913253,0.4696201212704182,0.9380221771629156,0.941366686437186,0.9375660271253636,0.5325240499316519,0.9272957094254032,0.6617510262407175
idf_sf,0,34,0.7945619088973352,1.0,0.9556350412657347,0.9309218182906605,0.5342621856431166,0.5625581813355287,0.9651763146380442,0.9546435858762766,0.9613528867722839,0.7150347791299099,0.9443809591313845,0.8199950591856692
idf_sf,0,35,0.7785917110369246,0.9916666666666667,0.9450354759845236,0.9123093191470975,0.6372248889505864,0.5129994248350461,0.9289836654894966,0.9368588214194538,0.8908521579157921,0.7023739171128313,0.9167776456443214,0.6874851053502379
idf_sf,0,36,0.8254783431059727,0.5666666666666667,0.9907575602772715,0.9838775881676891,0.7930766675074895,0.43254636228084564,0.9827328029901142,0.9582738351920078,0.9805991313630534,0.8446977605589298,0.9474909956737232,0.869422358124196
idf_sf,0,37,0.8252978529386656,0.025,0.9942762861737094,0.9921571758662175,0.7659251268108687,0.6725808287660281,0.9884077919228313,0.969886281894514,0.9886746084337593,0.8878338206715944,0.9732976441742272,0.8427845998471525
idf_sf,0,38,0.8421636122221956,0.9833333333333333,0.9827994343345866,0.9713065891951516,0.666122247705857,0.5097141645848751,0.9809140296883492,0.9680588590010564,0.9861330359933836,0.7677041224571837,0.9689225391675067,0.8517581329626196
idf_sf,0,39,0.8817531978520499,1.0,0.9896216240574607,0.9779747310105492,0.7620432005822658,0.6205025434494018,0.9834015179369529,0.9665704104621269,0.9880547603612304,0.7930443970596089,0.9652127829931115,0.8589410924610972
idf_sf,0,40,0.8763310733520577,0.9916666666666667,0.9744593784005026,0.9503087089731802,0.7803811853528022,0.7084062919020653,0.9738679947273776,0.9669348730103969,0.9605646374084617,0.8697508999279567,0.9630632297967069,0.8923138562871629
idf_sf,0,41,0.7919479158395467,0.15,0.9866542157339179,0.9737963736213111,0.6826848902503648,0.5436878278851509,0.989076943471474,0.9756116890448248,0.9903333400766695,0.8821388362836438,0.9786729381930444,0.9115379580429622
idf_sf,0,42,0.8318702306008888,0.6583333333333333,0.9852818493376622,0.973695992706648,0.6961271361410617,0.5661104639371236,0.9791289536012603,0.965341856979231,0.9815588784073629,0.7760175368865999,0.9605264643187165,0.8832884986861413
idf_sf,0,43,0.8192605712081928,1.0,0.9590106701732213,0.9302626653746062,0.6555738030175368,0.5584147294362386,0.9818925201906281,0.9649770260507621,0.9806990151844358,0.827588536408769,0.9653672741305445,0.8096557605166396
idf_sf,0,44,0.7958884823339853,0.1,0.9943824637084548,0.9863577855724136,0.6857063403030236,0.5716957534352939,0.9728123600728181,0.9595391918392172,0.9852084393943509,0.6597757956967885,0.9584538285450269,0.7563281518821957
idf_sf,0,45,0.8018074368828884,0.175,0.9894343623272183,0.9732099161896051,0.7922823936740557,0.49836195558309554,0.9865455951872958,0.9625584829537923,0.9883006406887886,0.8440266181440914,0.9549303280409946,0.8838142740125415
idf_sf,0,46,0.8144461061396636,0.4083333333333333,0.9866288384599818,0.9746446949438332,0.6915525094668069,0.5859714192648728,0.9732193685889456,0.9625342755493842,0.9786231599267452,0.7074178587488767,0.9614065518943211,0.7916208188824293
idf_sf,0,47,0.780192519588769,1.0,0.9440321190902539,0.9121968839682786,0.5813129230539005,0.5230005922416846,0.9622851599639094,0.9493327374178365,0.9480656546690772,0.774323215003775,0.9336098947832663,0.822732068160001
idf_sf,0,48,0.8346825988902133,0.44166666666666665,0.984769677828025,0.9655351526519051,0.7590412372350693,0.6400386403004329,0.9869827986834192,0.9685502342569502,0.9845586799806163,0.9129308817767295,0.9686115223874326,0.8641809838659623
idf_sf,0,49,0.8403988340967377,0.8666666666666667,0.9913896961918299,0.9836923164246129,0.7023973248501619,0.502229343354702,0.9620300329628104,0.9513013448343091,0.9559657256449423,0.7094253630948668,0.9422629079511088,0.752753339269582
idf_sf,0,50,0.8448465771966267,1.0,0.9821622717990034,0.967481232725717,0.6979488258262475,0.49645559638738634,0.9864690652105101,0.9655012596115136,0.9873987747216096,0.8508591139767351,0.9612504200268817,0.877408794495238
idf_sf,0,51,0.8067972133840657,0.075,0.9831397065097183,0.9784753986667184,0.7259367963969708,0.6722458789745966,0.9720863083153316,0.9619826686268682,0.9799847413214946,0.6866185576850626,0.9601284888482862,0.7945773038042694
idf_sf,0,52,0.8080806868780134,0.05,0.9954164131237432,0.993533240625866,0.6736888598998388,0.6150568341215451,0.9930368681327902,0.9789725168585866,0.9965140731905096,0.9158038386777669,0.9816120762978832,0.9475372315955763
idf_sf,0,53,0.8341033765919514,0.4,0.9925657826778473,0.9840377007590401,0.7264097992976506,0.6208277846376101,0.9765679053367141,0.9718378304529255,0.9772892430104235,0.7688132097490695,0.9726810578377016,0.8939014630658286
idf_sf,0,54,0.8399419878037726,0.625,0.9897831017100126,0.9760145521943087,0.6863482255935669,0.6285001814365387,0.9711632020398253,0.9684109235940259,0.9731281938331743,0.7162450888828069,0.9719122117565523,0.820059916802815
idf_sf,0,55,0.8084178470273156,0.06666666666666667,0.9921772889091682,0.9873217057402618,0.7562877061367035,0.5721151739358902,0.9855792541289394,0.9721811126741341,0.9818757443418425,0.9105957090353766,0.9753729707451276,0.8687999233478257
idf_sf,0,56,0.8011336826851838,0.008333333333333333,0.9952253768993351,0.9919121234362421,0.6992931955655415,0.5865854904055595,0.9866254843055979,0.9723869638616753,0.9927497886762182,0.8091506276811872,0.9745106030535955,0.8851862529746625
idf_sf,0,57,0.8762599831632171,0.9166666666666666,0.9922221326889908,0.9859564543471617,0.7240940692226092,0.6214748628437519,0.9866101373290276,0.9730152409722505,0.9845478763343185,0.8991497736267683,0.9804418420278899,0.8316728108319915
idf_sf,0,58,0.8288750700724161,0.49166666666666664,0.9855567118664372,0.9617633212313932,0.7472513466874758,0.6002316032846768,0.9877600264911285,0.9651624527831153,0.9881763652607958,0.872968337553389,0.9590376659106181,0.8963715551781053
idf_sf,0,59,0.8112229923356777,0.31666666666666665,0.9942937558426815,0.9911087278875651,0.6326967873771986,0.5808147775630156,0.9811657741580061,0.9690923400494343,0.9900249103544861,0.7380069767226692,0.9700281943044354,0.8611116491946853
idf_sf,0,60,0.836231635095505,0.725,0.9906931691941675,0.9827346628319983,0.655098967184623,0.5846165450910727,0.9601232406731083,0.9630167759820686,0.946823116908631,0.7478469233302509,0.9653883411038306,0.7565874469881299
idf_sf,0,61,0.8383077740229047,0.9833333333333333,0.9572257659222801,0.9263117827465333,0.7363795301616192,0.6509784415364266,0.9686844514147653,0.9583464231519988,0.9638531768594378,0.748658190880503,0.952765614499328,0.796105575912139
idf_sf,0,62,0.8069288344211868,0.2916666666666667,0.9938370919924311,0.9901651711440552,0.65720833765467,0.5488689770301183,0.9821252674639126,0.9654074981859104,0.9857163703649915,0.7910659177964475,0.9667651104670699,0.7981795058781359
idf_sf,0,63,0.839069827604993,0.008333333333333333,0.9949359304680516,0.9928656693455441,0.7819745637774467,0.7241681009531021,0.9932539458929077,0.984925328372866,0.9975662437417815,0.9042763149037081,0.989269297610047,0.9727424050078672
idf_sf,0,64,0.865498160607274,1.0,0.9926280539822322,0.9886603099536271,0.6914820347925027,0.555371131002903,0.9798223672499137,0.9629427500621387,0.9788516131379912,0.8114257496194679,0.9590676584551411,0.8473592069970459
idf_sf,0,65,0.8234552467667675,0.125,0.9912266116909059,0.9881023791257074,0.7284661327799161,0.6477749059597652,0.9920068988282857,0.9827899446093386,0.9942035669280637,0.9204666141201469,0.9876929498487902,0.956296882959975
idf_sf,0,66,0.8004006302507259,0.0,0.9963284709765836,0.9951950927341685,0.7135027157167593,0.5539362939695517,0.9879998332309786,0.9750392739810991,0.9918274208983426,0.8381930677329793,0.9815430343792003,0.8646109031528986
idf_sf,0,67,0.772624046522124,1.0,0.948938272423241,0.9060427373374988,0.6198847341934839,0.46560929839809734,0.9486071650809513,0.9385619017261716,0.931771908908762,0.693140722122513,0.914716560609879,0.7774778319006207
idf_sf,0,68,0.8072343688055095,0.0,0.9923868923865694,0.9885400189137926,0.7074779332975546,0.6343556821346283,0.9899074006165078,0.9744964159130405,0.9906203321311423,0.908952664176957,0.9779254216019825,0.8945160150027075
idf_sf,0,69,0.800949963938102,0.08333333333333333,0.9908969443975284,0.9815498375542023,0.7136617553830147,0.5584099349876245,0.9927695890942974,0.9803027643254641,0.9949253794647033,0.9330253553490678,0.9855254142515121,0.9383472311897438
idf_sf,0,70,0.8137297871122711,0.5416666666666666,0.9915918580094891,0.9846689220113692,0.6768489837249121,0.4860624189178149,0.9789655827773776,0.9569899714484483,0.98546252533473,0.7394524669947744,0.9544933688256049,0.7371997064402124
idf_sf,0,71,0.7816670893465444,1.0,0.9608693129468296,0.9386119262533249,0.5132025953382253,0.5390615473190944,0.9183351956955074,0.9375847285903146,0.8837238606305853,0.6090601203070969,0.9209449686029906,0.6407026188964603
idf_sf,0,72,0.8154695376005995,0.9833333333333333,0.9674958455696872,0.9270256370656631,0.758858137657245,0.46488940591613453,0.9574858672215671,0.9517889363344075,0.9370088997627459,0.7863895514933001,0.9427691059727823,0.7586405932151971
idf_sf,0,73,0.7451383494595514,1.0,0.9349486581235132,0.9167501107695835,0.4864195221165816,0.47460778132081033,0.9145349105738897,0.9421243607592088,0.9078510106491144,0.4450693729983157,0.9321421633484543,0.6042832233825651
idf_sf,0,74,0.824331636739733,0.8666666666666667,0.9802977448139972,0.9541795092782164,0.6456593479812145,0.5682076158622901,0.968206612605366,0.9489039616970574,0.951133451426542,0.8483511402326471,0.9313629478536626,0.8423851435424901
idf_sf,0,75,0.8394081647128252,1.0,0.972841829934431,0.9308790275162342,0.720901442537705,0.5978569795687994,0.9723169126549587,0.956332011687173,0.9660636074680795,0.7913990659373147,0.9429469611055108,0.8769986201234224
idf_sf,0,76,0.7962292517163643,1.0,0.9478391971126208,0.9157812187406752,0.6543217623134454,0.584137283762296,0.9181034298629069,0.948676206064886,0.89523080268334,0.5469284967965439,0.9475895707325269,0.5607625128341323
idf_sf,0,77,0.7710798683788378,0.4166666666666667,0.9855034995989953,0.9773948154690999,0.6529196754743656,0.3742983909944693,0.9515405865301179,0.9522627560789502,0.9483642547541569,0.6186105517373115,0.9458761892011088,0.7216108028127366
idf_sf,0,78,0.69997595617859,1.0,0.8613566943874905,0.8337072265226076,0.5190903226161997,0.564684909582138,0.9470856584366278,0.9584067617431814,0.9105035736155446,0.8325929056946971,0.9521483718707998,0.8120727842094517
idf_sf,0,79,0.8063393414954726,1.0,0.9377341080805542,0.9202688895954805,0.7217004537681738,0.5345104825993379,0.9726364116422049,0.9535892074477182,0.9729544978308422,0.7381112601827172,0.9419325961861559,0.8262152145890629
idf_sf,0,80,0.7847223789970028,0.3416666666666667,0.9679917937490835,0.9487927408156052,0.6611999311943849,0.5603303241233031,0.9897474465606282,0.9702425228423173,0.9908740879707439,0.8979971079515809,0.9675438009282594,0.9164358187122505
idf_sf,0,81,0.5665951335670862,1.0,0.8049310149288971,0.7603753290612713,0.4490069470430414,0.39673934429883956,0.7964689456412503,0.9132483940194704,0.6870072624806355,0.38682660051942375,0.8805357574134745,0.49849209953256013
idf_sf,0,82,0.7559073614101893,0.95,0.9760573130825588,0.9559090783237632,0.48879827678700294,0.32893043582638104,0.9211659230955519,0.9302130614756797,0.9011186855654885,0.5481918251274952,0.9091987855972782,0.5895259168719044
idf_sf,0,83,0.8390425616972947,0.725,0.9929386847859989,0.9851193088098289,0.7268560248017312,0.500586191068093,0.9774287955961397,0.9601656676803911,0.9880070768456946,0.7004679845912116,0.9580574281754032,0.7751486632002502
idf_sf,0,84,0.845199216456294,0.8,0.9845978473746084,0.9734735191413778,0.6635844261646271,0.6668276553352673,0.9491410344556651,0.9547813905501532,0.9641963042398934,0.511147272546126,0.9579985587827621,0.5947061131606582
idf_sf,0,85,0.7675433983453461,1.0,0.9469242076010798,0.9043038403754141,0.6642014957765738,0.4583849767843882,0.8979664335054773,0.9391495099886151,0.8728863276020493,0.45449550368455277,0.9281083301831317,0.5689338452550543
idf_sf,0,86,0.7861445125973252,0.3333333333333333,0.9941901772065516,0.9925714740994709,0.6756906792372466,0.36080353433887163,0.9831173165834961,0.9689428771249953,0.9854166931042108,0.8116034716367722,0.9761647214171707,0.767569608798548
idf_sf,0,87,0.8196116870625837,0.8666666666666667,0.9798837844509094,0.9574401643151551,0.7042784561316172,0.5030860828856627,0.9437463230041667,0.9467590995713814,0.96574512391241,0.4473391864292261,0.9418065881216398,0.5969531897361539
idf_sf,0,88,0.8058259355030744,1.0,0.9489315567962481,0.9359653515285916,0.6766984537740548,0.5251386781533559,0.943767833086444,0.9566115739472772,0.9141795582508528,0.7472561684225788,0.9496859642767137,0.7897145545282284
idf_sf,0,89,0.8104264300032876,1.0,0.9909447442232917,0.9828937149826996,0.47419231221576535,0.519743221749862,0.9301779546400899,0.9440572667340412,0.9142137577456813,0.5692970711080467,0.929521720640121,0.7206981761866257
idf_sf,0,90,0.7790231663409947,0.008333333333333333,0.9913262652597097,0.9953940939572122,0.6442306371331216,0.5044456074635187,0.9865763400064653,0.9705589623231674,0.993679922234307,0.799738931555708,0.9755984070480511,0.830823275221496
idf_sf,0,91,0.8108856892335997,0.7166666666666667,0.9913801754248337,0.9824269611500448,0.6418048361490171,0.4460317221780618,0.9633634503945014,0.9526594510483851,0.9582904027594675,0.7115999626136628,0.9445664272513441,0.7579339513508212
idf_sf,0,92,0.7950277248008993,0.10833333333333334,0.9948763224572533,0.9920545783346775,0.6743245909313361,0.5274922589461009,0.9873882059053141,0.9681723001532707,0.9905419627104396,0.8388835499767496,0.9670383904569894,0.872188805281615
idf_sf,0,93,0.8335898285930827,0.95,0.9820126817268559,0.962381884911481,0.7130849112371604,0.5056787411371867,0.9561223192218542,0.9487256626983095,0.9458468092425216,0.6980200066160756,0.9350489462575605,0.777392870488287
idf_sf,0,94,0.7930878332849912,0.175,0.9919790037825955,0.9865227064626668,0.6960663289328416,0.5016402661800384,0.9786353853943776,0.9632105758037542,0.9870843469535793,0.7223348307008503,0.961529541015625,0.8195151753034913
idf_sf,0,95,0.779881212198285,0.0,0.9952178421112852,0.9928081269610941,0.704592797021071,0.43820035085082054,0.9902569369751385,0.9742085878496468,0.993024244752302,0.8758467696294063,0.9741321850848456,0.9309731150875572
idf_sf,0,96,0.8582123170981546,0.9833333333333333,0.9888056239983974,0.9633608101396,0.6824088180263838,0.6395733771224816,0.9557184949308976,0.9595740703286341,0.9484150072659856,0.6804543619020647,0.9550608645203292,0.798811728713893
idf_sf,0,97,0.8413762587393013,0.85,0.9820014054186044,0.967111448384578,0.7175130565464496,0.5452378595868747,0.9729839534017971,0.9665647374095795,0.983156590828652,0.6792172798339058,0.9736912224882394,0.7361049488061616
idf_sf,0,98,0.780027323910195,0.0,0.9912936005142723,0.9772613168463988,0.7921031292676927,0.43462795118490855,0.9799925221067106,0.9627139291675779,0.991416593985532,0.7124046426610786,0.9607631232148858,0.8120590964285266
idf_sf,0,99,0.7915115739571745,0.5416666666666666,0.9820478447924086,0.9709167516543196,0.6771166426539421,0.4434826138118903,0.9559079998513303,0.9531043388717717,0.9539881802294202,0.6440144631416858,0.9450900826402889,0.7618975148481482
idf_sf,0,100,0.8249521933339155,0.825,0.9505514168548399,0.9271416491153192,0.6980190033117931,0.6753323306639989,0.9746469360130348,0.973143364979565,0.9707403226324948,0.7912450421507619,0.9785891953335014,0.8566818643016976
idf_sf,0,101,0.7729588088545609,0.225,0.9963801919327278,0.993420793040126,0.49274357912937805,0.5494427320857843,0.958223258690147,0.9557386718734103,0.9657473500056933,0.5956591419687792,0.9522452405703965,0.7314345176730838
idf_sf,0,102,0.8380766337983467,0.8833333333333333,0.9707065668250028,0.9435746464074826,0.7306912125746409,0.6243251636624336,0.9712709641822278,0.9472653559584956,0.9778657559185259,0.6892002353272518,0.9320882161458334,0.7780936463039463
idf_sf,0,103,0.7931647758949781,0.18333333333333332,0.9931471730185871,0.9872990759603338,0.6532685019771257,0.5417028504113356,0.9756654903650237,0.9605854824104347,0.976677498533841,0.7600815312451675,0.9597593245967743,0.7646566040876532
idf_sf,0,104,0.8455782507640959,1.0,0.9758712111728075,0.955437371481478,0.6787581585844358,0.5797031775116921,0.9728156980853356,0.9734485915230808,0.9571259218278111,0.8954204518754943,0.9739636492985552,0.9163391785461361
idf_sf,0,105,0.7969811704447578,1.0,0.9773052149015768,0.9535484156265758,0.4178030962795019,0.5966736565033595,0.941635800275326,0.9474524928120047,0.9227046746560321,0.6612522921391896,0.9339482133106519,0.7603739149430219
idf_sf,0,106,0.7303507257410444,0.9583333333333334,0.9033385784139154,0.8930528354956434,0.4476652211199204,0.5200842787822088,0.9697213003606232,0.9611189580744186,0.9660000847632527,0.748015142789408,0.9551723029023858,0.8504882239494003
idf_sf,0,107,0.8714380805899149,0.8416666666666667,0.9889887652815311,0.9839517025698244,0.7295818680326144,0.636628099779288,0.9887419999516952,0.9726606669413382,0.9889980330742816,0.8949846259686125,0.9727995841733872,0.9111783910198372
idf_sf,0,108,0.8453440066715481,0.85,0.9848568486011897,0.969404718400606,0.6828000686367354,0.5623546972870826,0.9881239987884887,0.9737074775821155,0.9882616034198192,0.8850864442456671,0.9751439248361895,0.9077949496377417
idf_sf,0,109,0.8654990916906095,0.48333333333333334,0.9899527930782207,0.9835557546101364,0.7847753632267316,0.7177243481079737,0.9888198476616713,0.9740957927380725,0.9884510316034799,0.9088452839049972,0.9764234317246303,0.9007183233229052
idf_sf,0,110,0.805760757149057,0.36666666666666664,0.9893457755993468,0.9844213540180056,0.709729784210523,0.47083500350515045,0.9903924525309838,0.9666181448793718,0.9929678738437673,0.8820763525842619,0.9675908570648522,0.832370812402052
idf_sf,0,111,0.8040735345733615,1.0,0.965729260893319,0.9495242561468112,0.5740639483183624,0.5276276402175426,0.9444191656925537,0.9520258787356956,0.9406362293067798,0.5831040761926595,0.9450726909022177,0.7269360923967442
idf_sf,0,112,0.7260050801063299,1.0,0.8823032950796801,0.8547350400413564,0.6300999588370324,0.4605821371078491,0.9759987923729887,0.958285494432379,0.9741356524328391,0.785590600316264,0.9477933493993616,0.8668462536415132
idf_sf,0,113,0.8264059329764589,0.9833333333333333,0.9855383900406226,0.9698040026153614,0.6094217433631421,0.5144190582136313,0.955825426658928,0.9485717894801678,0.9627798119860311,0.5880364886633739,0.9421153078797043,0.6550025624387404
idf_sf,0,114,0.7966542923241403,1.0,0.9587106422054518,0.9128922577621111,0.677370258529981,0.5767666128774483,0.9005845590520788,0.9325045814048205,0.88307307388994,0.4312407334389932,0.9098352575814853,0.6573452790494726
idf_sf,0,115,0.8324238881581854,1.0,0.979498544499449,0.9498819589926526,0.6569802085061869,0.553068661193053,0.9697233723753952,0.9506094021497816,0.9528018414733872,0.8637452481173667,0.9355353898899529,0.8328376199517932
idf_sf,0,116,0.8490038205521396,0.9583333333333334,0.9892767381386834,0.9775854262027865,0.6648713605999946,0.5616999531785647,0.9664988153204519,0.9562071652617739,0.9651381583784217,0.7077339674745288,0.9489816316994288,0.7886846561391815
idf_sf,0,117,0.7992070183354134,0.2833333333333333,0.9905942949587168,0.9803678461578156,0.6841249924302101,0.5109316560129324,0.9778975019052438,0.9709469916358952,0.9734549262430718,0.822421438553754,0.9771788238197243,0.8137162513091785
idf_sf,0,118,0.7789630439555016,0.03333333333333333,0.9905003905177114,0.9813832373595706,0.6723456393877666,0.5129260835548242,0.9863014986890168,0.9642554911043517,0.9909946927139834,0.8172631228671354,0.9591643958963374,0.8726614891480999
idf_sf,0,119,0.785332082356091,0.125,0.9848740306076506,0.9766229822510987,0.6434881240626176,0.5767191410064697,0.97893835999748,0.9652868080897158,0.9785813252211258,0.7981000194529525,0.9664431336105511,0.7995422963334733
idf_sf,0,120,0.7934175155409225,1.0,0.9276861093617618,0.8973055037330178,0.6310918644169966,0.6131040985385577,0.9838790959552954,0.9619130429357824,0.9793518084351734,0.8932066194149626,0.9519833800613239,0.9017674417054954
idf_sf,0,121,0.8365031534773016,1.0,0.9793092274600145,0.9662108333593881,0.6583659406602381,0.586130379140377,0.9301850901349051,0.9468999717959953,0.9213871946017588,0.5356749360676573,0.9346587150327622,0.7295549742313994
idf_sf,0,122,0.7831586612720234,1.0,0.9477666388061858,0.9126626801958272,0.6799859020709992,0.45442676519354186,0.9414561317231777,0.9489697832516384,0.9063558172314397,0.7747746042343748,0.9309999527469758,0.8489836562080544
idf_sf,0,123,0.8099057764049397,0.4166666666666667,0.9835740397271799,0.9699691331230736,0.7192536903421084,0.5571363175908725,0.9669340991210998,0.9609900799520434,0.971737373371919,0.674946943814514,0.956470448483703,0.8307027541288808
idf_sf,0,124,0.820910765787754,0.575,0.976037808063708,0.9649334332755968,0.720140546232462,0.6089390774567922,0.9533360994241281,0.9573272500100141,0.9528590090973403,0.6139271547313497,0.9577557307417676,0.6868536420980421
idf_sf,0,125,0.8103923175192513,0.18333333333333332,0.9927514167893757,0.989291416901389,0.6934814349512258,0.591126545270284,0.9792147100903841,0.9710489501613011,0.9850954939841583,0.7470613328286079,0.9773225517683132,0.8156943174720812
idf_sf,0,126,0.7422223565105728,1.0,0.9566360518496261,0.9246471724479026,0.43925965393582983,0.39563616290688514,0.9226213618282724,0.9436043167899189,0.8766199054897472,0.7127361929967624,0.9254914970808131,0.7675329238927665
idf_sf,0,127,0.7992149973697548,0.08333333333333333,0.9937356884286465,0.9894699525599385,0.7050672229230402,0.5293855081001918,0.9918835256615133,0.9775524188579955,0.9954888444033362,0.8903429708560976,0.9825101462743615,0.912092551714232
idf_sf+rule,0,0,0.852073830131077,1.0,0.983606798615621,0.9440879737941269,0.7175059296389421,0.6127096995711326,0.9736624711500295,0.9539183314259347,0.9730359698255218,0.7563714299883161,0.941819582703293,0.8369384796178642
idf_sf+rule,0,1,0.8505315975795837,0.7666666666666667,0.9914558953621364,0.9788019523044037,0.7259479519923528,0.6086455424626668,0.9535995205006974,0.9577524280986852,0.9695784269241235,0.5284115655832932,0.9564033754410282,0.7289130556232789
idf_sf+rule,0,2,0.855783256791317,1.0,0.9768862246351606,0.9603591431044286,0.7227513703405857,0.617781733473142,0.9699731915638804,0.9519072926571496,0.9528810647786945,0.8685412827660056,0.933415041687668,0.8876233025759208
idf_sf+rule,0,3,0.7941009278507598,0.0,0.9915040857219773,0.9778077637759689,0.6724546785453955,0.6385359272360802,0.9789587321182783,0.9673173983215276,0.9831677464067295,0.76078583838559,0.9691118794102823,0.8308650578270439
idf_sf+rule,0,4,0.8268245754223009,0.058333333333333334,0.9931820076228719,0.99082015496843,0.7023095308939615,0.7191744258006414,0.9908310603858741,0.980817201822925,0.989343375816781,0.9518673277201772,0.9826371387768817,0.9626840433152783
idf_sf+rule,0,5,0.8757300362651246,0.975,0.9886772770055909,0.9751032745604422,0.7426810010274252,0.6182919308543205,0.9871796662725362,0.9676654694860931,0.984052567768802,0.9289004294311299,0.9570845409106183,0.9581786391614866
idf_sf+rule,0,6,0.8188381907080475,0.5166666666666667,0.9782806671229524,0.9679543182195401,0.696100877126058,0.5695850729942322,0.9868135148017415,0.9750773657306944,0.9869749750501366,0.863826828844407,0.9800678868447581,0.8820289050330635
idf_sf+rule,0,7,0.852971576568544,0.9583333333333334,0.9840305647750999,0.9683888057166455,0.755499079445998,0.5134713880717754,0.9798482981448409,0.9640070881341349,0.97379053525867,0.8551718069224798,0.9562832740045363,0.9001941094879343
idf_sf+rule,0,8,0.8024164874330771,0.0,0.9958068629323985,0.9947628054061747,0.7224439352254073,0.5661850449939568,0.989005174734942,0.9703801818959573,0.9923091997943257,0.8527619162527453,0.9718293220766128,0.868262491306337
idf_sf+rule,0,9,0.7949486198884309,0.18333333333333332,0.9857676136902559,0.9701840531592275,0.6646163215637206,0.6076809932788213,0.9785529758588268,0.9623374880759352,0.9815904391068284,0.7663903604535496,0.9544332524781586,0.8847997964931136
idf_sf+rule,0,10,0.8636393538797122,0.925,0.9886777151939835,0.9844464752798766,0.699381654193004,0.6106380159656207,0.9709287883520211,0.9611605409498403,0.9692984621451106,0.7402556906728184,0.9559067592825942,0.8419762311362419
idf_sf+rule,0,11,0.7659520598016651,0.0,0.9951153263940533,0.9929247943755067,0.6399182852009931,0.4276183011631171,0.9844837524618343,0.9679429952215922,0.9917561482517949,0.7804393022000289,0.9678197717153899,0.860278287104198
idf_sf+rule,0,12,0.8923443838382776,0.9916666666666667,0.9844288087192231,0.9751948166283129,0.713082025617361,0.7539556458592415,0.9856898678142284,0.9748050298152627,0.978419181680487,0.9611341026650757,0.9717702557963709,0.9560501297481921
idf_sf+rule,0,13,0.8634634334438804,0.9916666666666667,0.9847674649082686,0.96071051655252,0.7190789942642053,0.6677176048358281,0.9579342981621496,0.947431965768372,0.9496303979027014,0.6972047695342232,0.9295668079007056,0.8271545745244547
idf_sf+rule,0,14,0.8557025943417079,1.0,0.986163369252096,0.9744905587193233,0.7255077924231688,0.5393239679435889,0.9680189739676848,0.9574604072192808,0.9506752231669042,0.8490843898108026,0.9450086368027555,0.879282819373267
idf_sf+rule,0,15,0.8075963177890967,0.016666666666666666,0.9920508471270081,0.9894845126929626,0.7286977690259616,0.608826470375061,0.9905570934833562,0.9716699672155025,0.9921168590745618,0.9053062070317629,0.9708123976184476,0.9112509193540621
idf_sf+rule,0,16,0.8272333229691201,1.0,0.9562689369476274,0.9203210812923955,0.6782616251309712,0.6419283017516136,0.96787773267846,0.9636921142341841,0.9487686496428265,0.8676457360011189,0.957290747857863,0.8821476274678687
idf_sf+rule,0,17,0.8460295885640463,0.9333333333333333,0.9767381387434856,0.9481450355910008,0.7666182205677032,0.5761194271345933,0.9677377502873366,0.95471724904915,0.9600359727538401,0.7658342605128008,0.9451915453839045,0.8019211607820848
idf_sf+rule,0,18,0.8453785556837642,0.8916666666666667,0.9897159336583414,0.9834290515947965,0.6884493301808834,0.49939430331190426,0.9866012307093023,0.9618801132197305,0.984164191750429,0.9060634938107819,0.9566417406964046,0.851006442258338
idf_sf+rule,0,19,0.849596693867655,0.4666666666666667,0.9917632266782991,0.9772535442682653,0.7504985211193561,0.7012871528665224,0.9737300825977466,0.962387263136403,0.9765584778561388,0.7268183480541245,0.9623916461903562,0.7770522519820878
idf_sf+rule,0,20,0.8065859665117177,0.3416666666666667,0.9866226134564031,0.9729289172365775,0.7510479672153791,0.5073220426837604,0.9752700782587307,0.9652256045714321,0.9701971419235711,0.807703560578222,0.9614588583669355,0.8688285077820305
idf_sf+rule,0,21,0.8455641975344041,0.9666666666666667,0.9824992624073609,0.9522544082005819,0.7435408924221992,0.585500517487526,0.9526696195158668,0.9405407713163956,0.9399561654495936,0.69283763256644,0.9220415012810821,0.7279208222357165
idf_sf+rule,0,22,0.808292368182743,1.0,0.9789450620702638,0.9645559897765614,0.6419593537449837,0.41858992849787074,0.9344030310039332,0.9478970360834588,0.9132729450781499,0.6245125666135499,0.9370138188844085,0.7237252998752755
idf_sf+rule,0,23,0.8133465694766338,0.275,0.9913268686143292,0.9793797000872542,0.7370599522391955,0.5838425479829311,0.9657848781989404,0.9595498131992133,0.9781287621346212,0.6119983241963787,0.9571705807921708,0.7695280983417976
idf_sf+rule,0,24,0.816996654689283,1.0,0.9451865594901007,0.9102501078836279,0.7091410289307434,0.6243762239813805,0.954729997661418,0.964223322797089,0.9215541811960359,0.8836542933928866,0.9557747789608536,0.9130597693078658
idf_sf+rule,0,25,0.8144871065620762,0.4166666666666667,0.9923593821592398,0.9759796684084374,0.7847758553524813,0.4709948472678661,0.9741441844347996,0.9577413003008873,0.9643364854958107,0.8357469659893453,0.9502300959761425,0.8263376293813481
idf_sf+rule,0,26,0.8583408041381537,0.9833333333333333,0.9820782819250089,0.9393032751987183,0.7831069666147232,0.6451613403856754,0.9615405400113469,0.9416329660294794,0.9526296902007314,0.7239957285277984,0.9205233009912633,0.7818827125705591
idf_sf+rule,0,27,0.8045293649070314,0.008333333333333333,0.9957803428059333,0.9951459551363988,0.7948339791297913,0.54272609030207,0.9596573321863608,0.9659983265567178,0.9935306567578546,0.46846973284112464,0.9754792900495631,0.6810118720060637
idf_sf+rule,0,28,0.7985919983513227,1.0,0.9293801703895441,0.8820010711632522,0.6430852511127789,0.7156670143206915,0.9563218670726685,0.9521851564404209,0.9255243870119254,0.8691576353642119,0.9366380917128697,0.8570218369239518
idf_sf+rule,0,29,0.8615038822927175,0.7916666666666666,0.9903161958552711,0.9824923271603054,0.7398730441530544,0.5918631439407667,0.9845900863611968,0.9720310013740747,0.9902350377251385,0.7948634652029566,0.9738880444598453,0.883587427750355
idf_sf+rule,0,30,0.8537426264487993,1.0,0.9856537396417421,0.9733367384726705,0.6675361272990704,0.5755832145611445,0.9702631154474239,0.9657353413503403,0.9709837554603494,0.7183445107285716,0.9621871456023185,0.871923377283481
idf_sf+rule,0,31,0.8014648204917266,0.125,0.9938149104798614,0.9889689698211508,0.6578365352650484,0.6048943415284157,0.9780300370262732,0.9648633136490699,0.9822047681097061,0.7519183296616337,0.9634440104166667,0.8402192662743961
idf_sf+rule,0,32,0.8095437100644554,0.23333333333333334,0.985821078982363,0.9770477085643344,0.6831835638781387,0.6017496238152186,0.9904926587431421,0.980467101615263,0.9915118972139975,0.9141817185558191,0.9859005507602487,0.9379163351880402
idf_sf+rule,0,33,0.7920125256489524,1.0,0.9627487752462763,0.9340877043032179,0.5798638802965482,0.5013237819075584,0.9477364683782701,0.9447060946008997,0.9408685933037472,0.618027154512766,0.9319532168808803,0.7000855867351804
idf_sf+rule,0,34,0.7927857193738859,1.0,0.9543905808516574,0.9292956796035268,0.5355624071657658,0.5619249607125918,0.9633415181837762,0.9536042027574039,0.9584930821852657,0.7100964718255676,0.9419539256762433,0.8263737942491259
idf_sf+rule,0,35,0.7841514535348959,0.9833333333333333,0.9494387185891763,0.9220506087471456,0.6432804960111776,0.4955253802239895,0.934583267079968,0.9396514045895953,0.896434933535995,0.741770740754965,0.919917215326781,0.73491193980229
idf_sf+rule,0,36,0.8276540903689413,0.55,0.9905930765350195,0.9844380144667781,0.7917967235644657,0.4475537541011969,0.9859730082763866,0.9612320178378952,0.9827706449855399,0.908599423260248,0.9509950043052756,0.8979060259185919
idf_sf+rule,0,37,0.8256708295645302,0.025,0.9947086372982539,0.9927356119385732,0.7755319993098576,0.6598293577631315,0.9905021308859706,0.9699397505214857,0.9893958427332422,0.9443255174560707,0.9694593860257057,0.8879913387178373
idf_sf+rule,0,38,0.8533204018857086,0.8833333333333333,0.9827732715427473,0.970781739030788,0.747350454856952,0.5432711499432723,0.9843200933571646,0.9719361529162339,0.9817503927616023,0.8665389257068393,0.9708133820564515,0.9179106607657521
idf_sf+rule,0,39,0.8906287145082781,0.9666666666666667,0.9901039130637341,0.9823791220842624,0.7822211308280627,0.6715592220425606,0.9816036517987031,0.960435579897735,0.9859698853024873,0.7806456597412333,0.9557892830141129,0.8232135442124695
idf_sf+rule,0,40,0.8819185081107765,1.0,0.975014080799068,0.9544132910211102,0.7783624947667124,0.7240454812844594,0.9763284843945664,0.9689095547776343,0.9632974044289639,0.912040230105905,0.9652447444136425,0.9118378072225747
idf_sf+rule,0,41,0.803556892723171,0.275,0.9869913032929667,0.975153875467824,0.6875271387398243,0.5459340597192447,0.9892849344990627,0.9762083067849772,0.9897311464112292,0.9023725360381503,0.9783313382056451,0.9290068635419637
idf_sf+rule,0,42,0.8417134483148296,0.6666666666666666,0.986708586137966,0.9766238089480431,0.7039693937400977,0.594663376112779,0.9847605916771514,0.9683184326043123,0.982706288023982,0.8656844929987643,0.9635782221312164,0.9179071428395119
idf_sf+rule,0,43,0.7815853786264045,1.0,0.9396526738424181,0.90688392199722,0.6046492458383242,0.5169166644414266,0.9659173805600206,0.9618156577699847,0.9627634889656498,0.7154709862059906,0.9619893391927083,0.7668252732573437
idf_sf+rule,0,44,0.8016922294987624,0.0,0.9940066330966147,0.9870286500337078,0.7018970892727375,0.6210835466782252,0.9832873492513042,0.966449130512782,0.9888430536193873,0.7845589763977948,0.9672212990381385,0.8327583175997774
idf_sf+rule,0,45,0.8063260547206691,0.16666666666666666,0.9912953944139234,0.9816618996975469,0.7937266463637352,0.49515873069564503,0.9890024384557504,0.9649473253101156,0.9894446456624615,0.8966437998939963,0.9564595540364583,0.9221946364190398
idf_sf+rule,0,46,0.8252164702601316,0.39166666666666666,0.9883797389439661,0.9783117876722921,0.7074210902353127,0.6150871239602566,0.9835857441974147,0.9664602096730627,0.9824612048524682,0.8433171013573638,0.9659945580267136,0.84880019761935
idf_sf+rule,0,47,0.7779626545204933,1.0,0.9440012975626654,0.9116124327354183,0.5824484413862229,0.5119558890660604,0.9602438956552709,0.948954780807538,0.9440917362128535,0.7733764295317546,0.9329301731560821,0.8213370494982776
idf_sf+rule,0,48,0.8241759954377398,0.08333333333333333,0.9910263037290311,0.9826708640226351,0.7670406730969748,0.6512302130460739,0.9932913777945692,0.980813083136389,0.9924419290516325,0.9765934984223181,0.9838266024025537,0.9558394746620114
idf_sf+rule,0,49,0.8264159944055154,0.5416666666666666,0.9928747632322827,0.9876829457945294,0.7124628308415413,0.5204336476822694,0.9750333414544776,0.960349535796409,0.9732048745597562,0.7774365322680032,0.9559488275999664,0.8148692763653123
idf_sf+rule,0,50,0.8244054228793334,0.9916666666666667,0.9733137504066055,0.9393454834215001,0.6698099751869838,0.5014004906018575,0.9895594669883166,0.9633800227583034,0.9898307182375462,0.9106982510630824,0.9539818548387096,0.9143923022666899
idf_sf+rule,0,51,0.8249091479406914,0.3333333333333333,0.9842011648575993,0.9786867096065696,0.7208416173756123,0.6488185907403629,0.979783742742597,0.9648306760313562,0.9800648950280682,0.8000144542766219,0.9638114683089718,0.8348835819408673
idf_sf+rule,0,52,0.8088808561690807,0.0,0.9962687314954473,0.9958366221579072,0.6898303340971469,0.6145146871606509,0.9940658831087511,0.9821178253436476,0.9981681124177031,0.9230725619973255,0.9848114341817876,0.9655279962956405
idf_sf+rule,0,53,0.8174953678631602,0.20833333333333334,0.9931596644791434,0.9862492130277983,0.717179539501667,0.5979802985986074,0.9839433456503885,0.9742878399983018,0.9840373132898603,0.8346091185798165,0.9747502808929771,0.9262840184343963
idf_sf+rule,0,54,0.8615287719169316,0.8416666666666667,0.9899215084931096,0.9769062410382664,0.7020790253678958,0.636768251657486,0.9742995547203535,0.9694656944055501,0.9747146543235548,0.7522176476586767,0.97219481109291,0.8462751395061237
idf_sf+rule,0,55,0.8178951131398863,0.18333333333333332,0.991889679753037,0.9865572014587377,0.7721940290729206,0.5630722065766652,0.9856344268483327,0.9717305531273953,0.9803777422155103,0.9364879136325932,0.9710676952074933,0.9095171269248513
idf_sf+rule,0,56,0.8115616148297308,0.008333333333333333,0.9949604679997073,0.9915728887506561,0.7238524569869043,0.6253054176767667,0.9902551929632845,0.9739193719598959,0.9909695305811462,0.9154500886171806,0.9732061570690523,0.9341967829636165
idf_sf+rule,0,57,0.8810254184563314,0.9666666666666667,0.9907987578237017,0.981464023660211,0.7071006950934728,0.663029142220815,0.9859276824408864,0.9724358497927007,0.9812179700421388,0.9333199791046751,0.9746707383022513,0.8840705296572517
idf_sf+rule,0,58,0.8292978202155046,0.44166666666666665,0.9861669140795934,0.9668311932040194,0.7362335383296014,0.6224132498105367,0.9868661384856546,0.9665409258811973,0.9848978992511508,0.9022921704444564,0.9607952815230175,0.9080136318166717
idf_sf+rule,0,59,0.8044870155227101,0.13333333333333333,0.9953376680975691,0.9936533563121472,0.6570919704039891,0.5929742266734441,0.9845867928610665,0.9667851247165563,0.991759250977988,0.7820464951150558,0.9669212423345094,0.8451069405599803
idf_sf+rule,0,60,0.847748311445723,0.8666666666666667,0.9890281480106734,0.9790322328315061,0.6657528981169065,0.5924549371004104,0.9606401782177791,0.9634797157128929,0.9389466532496035,0.8223772839087398,0.9645734233240927,0.7771068936636468
idf_sf+rule,0,61,0.8475442152579955,0.95,0.9689945693956372,0.9446799126481698,0.7400053193668524,0.6181632126371066,0.9763484448575299,0.9635111493925644,0.9728330075099905,0.8033199407974211,0.9620770854334677,0.8207113254470986
idf_sf+rule,0,62,0.7960503967915517,0.175,0.9925755671310843,0.991164057589824,0.6523077763219675,0.5370698384940624,0.9847657124946381,0.9675223511212548,0.9858150527922697,0.8331327048920784,0.971285387264785,0.793266308908703
idf_sf+rule,0,63,0.8389909520127461,0.0,0.9941544072422194,0.9908995861399407,0.7775966725150745,0.7380301559964816,0.9945542204918821,0.9853917868877586,0.9975038314778959,0.944287725857326,0.986718487483199,0.9854565277820876
idf_sf+rule,0,64,0.8739324986588112,1.0,0.9926082908961528,0.9880162028471628,0.6960250299870967,0.6046484219531219,0.9787673587632608,0.9659291806810811,0.9763068537958848,0.8145388573909006,0.9618059712071572,0.8814124913275743
idf_sf+rule,0,65,0.8250444847206586,0.13333333333333333,0.9906243781553755,0.9871306498222102,0.7098215997616449,0.6738714317480723,0.9941714842174807,0.9834276154338857,0.9950389120527493,0.9702680581758002,0.9862433320732527,0.9729148131959579
idf_sf+rule,0,66,0.7945201540437637,0.041666666666666664,0.99592022679097,0.9940421745317435,0.6889891602993011,0.5279352006812891,0.9869201245582289,0.9729961530523911,0.9911588459886531,0.8247857634760752,0.9780734810777889,0.8588507941790989
idf_sf+rule,0,67,0.7665151628389251,1.0,0.9469719481708132,0.9030772802564833,0.6013522145052751,0.46375447188814484,0.946486360407047,0.9370174870338275,0.9287062560598697,0.6870340682378336,0.9117739441574261,0.7749237170239457
idf_sf+rule,0,68,0.8145882423074485,0.008333333333333333,0.9927563780534695,0.990696259588977,0.7089840172827243,0.6599436347683271,0.9921675559960659,0.9795241957504596,0.9916462585410123,0.9568639177234233,0.98389892578125,0.9389904073807371
idf_sf+rule,0,69,0.8031859972526795,0.15833333333333333,0.9898781659060452,0.9795518224535423,0.7028717522919179,0.5537350691854954,0.9929489820454003,0.9811695934572467,0.9938189614524124,0.9489938343773369,0.9836698142431115,0.9604999317842371
idf_sf+rule,0,70,0.8632772141331754,0.8833333333333333,0.9916394472623155,0.9890309637122684,0.724254266768694,0.5500524195532004,0.9885427629356355,0.9693098046701086,0.9927808944015734,0.8396626002147418,0.9762548303091397,0.7767360544755679
idf_sf+rule,0,71,0.7767354668937967,1.0,0.9585950841026106,0.935261355396969,0.5038266709893943,0.5363341013590495,0.9149627586735606,0.9382036286321932,0.8759326022599012,0.6148585462394882,0.9220205655661962,0.6437628142723516
idf_sf+rule,0,72,0.8132492393164791,0.975,0.9665046955666466,0.9250781416269689,0.7565750337044398,0.4596319208542506,0.9610704367721173,0.953067042722892,0.9394088224137341,0.8251365966656629,0.9431641281292003,0.7841234495158956
idf_sf+rule,0,73,0.7594501920264582,1.0,0.9393117558536652,0.918107620095895,0.547837324783206,0.48695996527870494,0.9139709848269114,0.9430753406043428,0.907475280617514,0.44184043796873895,0.93417725921959,0.6013603959263873
idf_sf+rule,0,74,0.8233582456073977,0.9833333333333333,0.9772278611955599,0.9415720800636641,0.6397822757661342,0.5704868758718172,0.9577107713506813,0.9457813259842311,0.9349119994829418,0.8092271440169391,0.9256221648185485,0.8359971269339073
idf_sf+rule,0,75,0.8462142685137859,1.0,0.9793026946527661,0.9401226558560639,0.725086994598309,0.6036313310265541,0.96636590061514,0.9520117840443599,0.9585069584269678,0.7557129151180011,0.9343771657636087,0.8761714100837708
idf_sf+rule,0,76,0.8093018074695532,1.0,0.9536204555866001,0.918724784726411,0.6811519146462282,0.6094261527061462,0.9227297518672013,0.9484256563192521,0.9022249786904262,0.5563635666455541,0.9479684481056788,0.546931082148011
idf_sf+rule,0,77,0.7709789281256,0.18333333333333332,0.9898178781638857,0.9838046552347982,0.6830690803378822,0.4063584106663863,0.9624834051701534,0.9588300395337007,0.9667819065893049,0.6464963362419179,0.9572991812100974,0.7530184140225419
idf_sf+rule,0,78,0.7170868452717765,1.0,0.8774020322003223,0.8522684448840572,0.5203706248601278,0.5677265321214994,0.9479802999966339,0.9589504839379169,0.9141278386756937,0.8188704144553978,0.953227315923219,0.812352140911487
idf_sf+rule,0,79,0.8091812629309281,1.0,0.9415514168548399,0.9233504065345315,0.7301430160701275,0.5232643966873487,0.9736029328237703,0.9526556649367073,0.9706611052956633,0.7746727352633196,0.9390351982526882,0.8401327523864618
idf_sf+rule,0,80,0.7816050636807679,0.15,0.9789907579814705,0.9634209807402168,0.6413681957523027,0.5770267893870672,0.991329239818042,0.9699914180243072,0.9908189709949239,0.9466179889791152,0.966033213625672,0.927585564240688
idf_sf+rule,0,81,0.7304870318868276,1.0,0.8987930297390131,0.8714482366025837,0.6477740051771205,0.47700544968247416,0.9127634116554791,0.9342434226329073,0.8880177909388176,0.5280206961666837,0.9112129457535282,0.6948365621707019
idf_sf+rule,0,82,0.7137654605412543,0.85,0.9283255402307453,0.9110934776184606,0.5143495146508018,0.37423815454045933,0.9156637552449793,0.9274827558365573,0.8702604158170602,0.6668935970348471,0.8979515814012096,0.6886174939259762
idf_sf+rule,0,83,0.8183515878380822,0.2,0.994029029882816,0.9870922235336178,0.7561434930960338,0.5680892209211985,0.987947145486298,0.9674296431732244,0.989187697353222,0.8644490026626266,0.9641669160576277,0.8913503712465783
idf_sf+rule,0,84,0.8437571878068044,0.6583333333333333,0.9875603168100915,0.9798160521578946,0.6896726282735666,0.6704865649342537,0.9533947047666405,0.954381517221663,0.9726261919063907,0.5117521356446904,0.9564829180317541,0.6080934633226955
idf_sf+rule,0,85,0.7703798049869532,1.0,0.9500256331808453,0.9063561117259505,0.6494200020730496,0.4687313159306844,0.9030835588171361,0.9396684538112886,0.885777533786892,0.44150941743820654,0.9290093534736223,0.5719570598932875
idf_sf+rule,0,86,0.8047451077529555,0.5416666666666666,0.9932074626846673,0.9911932210672915,0.7133446415960788,0.3488943360745907,0.9804087382958893,0.9698689750134526,0.9803618437420297,0.8087339138283449,0.9748388803133401,0.8197603133045325
idf_sf+rule,0,87,0.8131847630983889,0.6333333333333333,0.986265502671013,0.9655752517584882,0.7259300948580106,0.5035420378049215,0.9446988624271909,0.9525419448765822,0.9646166021024347,0.46401269929170486,0.9515296853998656,0.6297640069818297
idf_sf+rule,0,88,0.8093397534074585,1.0,0.9528569395164435,0.9410566822376125,0.6776623763541381,0.5116757770379384,0.9476104534729506,0.9592979903695397,0.9192897796710973,0.7694320651162573,0.9543214203209005,0.8026321991151121
idf_sf+rule,0,89,0.8155591606513035,1.0,0.9919140013891508,0.983346146684067,0.491764335880677,0.49682595555981,0.9500592239615284,0.952089795902198,0.9495090289622223,0.5953339476670537,0.9420516475554436,0.7725989153655637
idf_sf+rule,0,90,0.7782738027645795,0.0,0.9953143390717814,0.994732087016885,0.645894458502531,0.48912788977225624,0.9882906486398891,0.9698547715164771,0.9922973192667449,0.8394333392131228,0.9749180947580646,0.8162234217679801
idf_sf+rule,0,91,0.818592931208289,0.65,0.9923785920217446,0.9851351506336062,0.6716326145331064,0.47672189250588415,0.97019640948451,0.9557454584636038,0.9666395266610448,0.7508708036997739,0.9471913327452958,0.8031951269181836
idf_sf+rule,0,92,0.8025547565845077,0.041666666666666664,0.9951209993578689,0.9930265565615852,0.7224957843323548,0.5573164706428846,0.9912641507001513,0.9654122414346402,0.9927545499336976,0.9198305757105851,0.9579803794942876,0.9152183698005035
idf_sf+rule,0,93,0.8324720073902794,0.9333333333333333,0.9821250549481203,0.9624139637728921,0.7104259969592095,0.5070774634679158,0.9592913009486149,0.9473550295796734,0.9491895102365042,0.7174335282389858,0.9303908481392809,0.8036366469469391
idf_sf+rule,0,94,0.8166566735212689,0.275,0.9917890306316541,0.9859430523596557,0.7244094796776771,0.5619744971394539,0.9855301175448378,0.9696060708266743,0.9865683799068774,0.8413862924114996,0.965423583984375,0.9258980134955975
idf_sf+rule,0,95,0.7763985598397201,0.016666666666666666,0.9949768550359589,0.9921590092797684,0.6920140290160975,0.42692859570185343,0.9896519271185745,0.9713774232940255,0.9896505238308061,0.917565604969233,0.9651875813802082,0.954623397658853
idf_sf+rule,0,96,0.8649774279841144,0.9916666666666667,0.9871653524106255,0.96407282686701,0.728906629751126,0.6396276106437048,0.9549914234838422,0.9579584893396037,0.9476074609705196,0.6764816562919056,0.9512048208585351,0.8136176051211959
idf_sf+rule,0,97,0.8402137124907145,0.7833333333333333,0.9857661366228814,0.9717055441351498,0.7259449913700421,0.5330134384334088,0.9767059136454491,0.9664923070143281,0.9830756139130362,0.7232737630104819,0.9709762737315188,0.7705096184205609
idf_sf+rule,0,98,0.797132119833161,0.0,0.9921106773397348,0.9846338414600472,0.7929621491233507,0.5058155787487825,0.9877034873281789,0.9681877308385534,0.9929381430870101,0.8233133034796274,0.9665587722614248,0.8781649467824888
idf_sf+rule,0,99,0.8187842356786093,0.65,0.985056950965408,0.9735273146006017,0.725911824554205,0.4985488265752792,0.957229822981836,0.9533487738550389,0.946896413080795,0.7056006076706558,0.9420291367397514,0.8121799002675449
idf_sf+rule,0,100,0.8170342344721799,0.375,0.9765963926396249,0.9630107064340628,0.6469898377756278,0.6938845346371333,0.9849105525013324,0.9789632423370971,0.9826226254704818,0.8701043682438987,0.9855663668724799,0.9090486146321818
idf_sf+rule,0,101,0.7842265845670392,0.3416666666666667,0.9965619425739862,0.9941280966607574,0.47789309315880135,0.5857628747820854,0.9528597819936586,0.9536619492714445,0.957971483949692,0.579778498085607,0.9477680165280576,0.7387699189306307
idf_sf+rule,0,102,0.8396025638347171,0.8166666666666667,0.9769543069528529,0.9563160970631768,0.7297510588467121,0.6017945734163125,0.9739475718322831,0.953013315857662,0.9767519246826891,0.7283323513610023,0.9421733897219422,0.7948544992118323
idf_sf+rule,0,103,0.7980871834826385,0.125,0.9942886802289619,0.9904382048751794,0.6940205916762352,0.533001308888197,0.9856642326622994,0.9642903950482682,0.9830286372893601,0.8908260176662638,0.9616266722320229,0.8491771421512636
idf_sf+rule,0,104,0.8560797929713371,0.9916666666666667,0.9789436935898456,0.9607705400348489,0.6971242149869601,0.6060217221577963,0.9740154479118428,0.9744898043604022,0.960375651717186,0.8791132246245857,0.9752112603956653,0.9256862707498694
idf_sf+rule,0,105,0.798839615791283,1.0,0.9772341713226276,0.9544499084996242,0.4374977760662635,0.5872287645936012,0.9406302812814424,0.9480578089513908,0.9231835718196567,0.6457462993239155,0.9357683079217071,0.7528478429347527
idf_sf+rule,0,106,0.7376614671562867,0.7916666666666666,0.924313548767716,0.9117323016808704,0.458632708410422,0.5173959781726202,0.971143828797023,0.9600576141254148,0.9657429996757738,0.7746718423206265,0.9517720540364584,0.8628351908771932
idf_sf+rule,0,107,0.8687028827943445,0.6916666666666667,0.9883102699522578,0.9827954998047523,0.7336141333977382,0.6997448022166888,0.9879510678067595,0.9700354359641535,0.9864937158762127,0.9129591391367071,0.9659107495379704,0.9297910708339274
idf_sf+rule,0,108,0.8466751126404763,0.9,0.9835086438464943,0.9659007482746848,0.6821815590461096,0.5556469266613324,0.9892660473804897,0.9764533891846525,0.989106012175801,0.9132913553915104,0.9789132723244288,0.9280453534687266
idf_sf+rule,0,109,0.8469784649525617,0.3,0.9912544535072383,0.9854055859606251,0.7656163206696509,0.6954624856511752,0.9888583784332062,0.9764611184765035,0.9893627866061144,0.8920356328246974,0.9798230899277555,0.9184147688020178
idf_sf+rule,0,110,0.7938291257030197,0.09166666666666666,0.9887373994415029,0.9854341713665359,0.7319775673747062,0.5069699883460999,0.9917500132059044,0.9661207534851058,0.9932367774427578,0.9281612972752387,0.9648910686533938,0.8532798751061704
idf_sf+rule,0,111,0.8162357666086167,1.0,0.9693959412456443,0.9531714483335906,0.5841954057415326,0.5596059925854207,0.952583006920827,0.9556929745550364,0.9497222064563664,0.6237772509080022,0.950512432795699,0.7594534069800577
idf_sf+rule,0,112,0.7348368065449893,1.0,0.9003314907483055,0.8677054085451014,0.6171835378011068,0.43415752773483596,0.9740553111265741,0.9599016073838619,0.9683229016921212,0.8026231319463554,0.9502674389910956,0.8748763143515387
idf_sf+rule,0,113,0.8195606104532731,0.875,0.9895114414962997,0.9780396733720319,0.5845014025668304,0.502735901872317,0.9671626740518292,0.9464676367575806,0.973497968110987,0.6641899024864205,0.9358102449806788,0.690593793863008
idf_sf+rule,0,114,0.7977352860139585,0.9833333333333333,0.9611631224538056,0.916096237594006,0.692280922204256,0.5625917057196299,0.8981582444115442,0.9328069636460775,0.8822965443815275,0.4195254027311291,0.9105418215515791,0.6557077005380342
idf_sf+rule,0,115,0.8276467655875237,1.0,0.9771241268273246,0.946859673082439,0.6526283374826113,0.5448777889211972,0.9687875873313239,0.9497866402815298,0.9498201676994884,0.8809739939805841,0.933412154002856,0.8387088565265431
idf_sf+rule,0,116,0.8593090560059049,0.9916666666666667,0.9887778913345593,0.9769794241509406,0.6736538916528225,0.6024059976140658,0.9701909926836152,0.956096717608803,0.9655285624486785,0.761544811249781,0.9472578807543682,0.8205344774642912
idf_sf+rule,0,117,0.7907228220466581,0.1,0.9909413261690746,0.9795523120141496,0.6931824248731137,0.5273337192833424,0.9824349219256433,0.9759355553812196,0.9770777650177479,0.8816328732406392,0.9822226247479837,0.8761958036603046
idf_sf+rule,0,118,0.7767354676962199,0.0,0.9947088698253446,0.9913937109669829,0.6380860877533754,0.49122899572054546,0.9914737047535879,0.9721165485807057,0.9952282438755676,0.8803369851172471,0.9698223811323925,0.9321391144219566
idf_sf+rule,0,119,0.7890376947021411,0.225,0.9810581501480801,0.970949632883851,0.6689639656841756,0.5597144616146882,0.9768820640325439,0.9626419767697236,0.9685699184975957,0.8475947908493651,0.9602464901503697,0.8224003638039116
idf_sf+rule,0,120,0.7955846624829077,1.0,0.9292258351779696,0.8982239473255632,0.6339069902499517,0.6183556025226911,0.982980078047522,0.9614057784847052,0.9775987791598484,0.8922011085918972,0.9509486044606855,0.9020523591702726
idf_sf+rule,0,121,0.8429907428380843,1.0,0.982584174832237,0.970636259979672,0.6681272551715375,0.5963738411664963,0.9313366521040684,0.9451593031537603,0.9290913678465351,0.5071761316987646,0.9312465872815862,0.7284372549097077
idf_sf+rule,0,122,0.7836714622447889,1.0,0.9475326618195503,0.9120973587659449,0.6810016290148099,0.45469253957271577,0.9449597605556316,0.9491734690701956,0.9130041883517337,0.7779031196812621,0.9303709624915996,0.859410943604317
idf_sf+rule,0,123,0.813830069544108,0.38333333333333336,0.9843332330821544,0.9718881822879019,0.7326235253512859,0.565515281756719,0.9733947846395542,0.9647398380573766,0.9760667954561532,0.7256968566725234,0.962958748109879,0.8433983553858364
idf_sf+rule,0,124,0.829436398511715,0.6583333333333333,0.9789922826904311,0.9685398094326841,0.7226584117809932,0.5977817674477895,0.9531849728951843,0.9593229863923639,0.9498579468297701,0.632973398919366,0.9612420851184476,0.6985411769201776
idf_sf+rule,0,125,0.8103038729687119,0.23333333333333334,0.9930711359489635,0.990892374981073,0.6855210149685542,0.5705418370664119,0.9788004459819712,0.9696014083059057,0.9828125634821512,0.7610684131123439,0.9742474299605175,0.8208975919655391
idf_sf+rule,0,126,0.7468532913167538,1.0,0.9582434300709021,0.927403886271458,0.44090076516568666,0.40348297158877056,0.9278593364053365,0.944732441316341,0.8839458774815323,0.7332436830556693,0.9266369891423051,0.7827231375610127
idf_sf+rule,0,127,0.7965339188022187,0.075,0.9935568083334206,0.9893715130620533,0.6909443988700708,0.5327333532273769,0.9925572946497544,0.9757834880205323,0.9947538449158593,0.9298172931210333,0.9769856770833335,0.9337211301346787
longlive,0,0,0.8122904521771618,0.475,0.9856834440115078,0.972056056097442,0.6251440189182759,0.6156542643904686,0.9822637470007751,0.9544209587624187,0.9764518482550497,0.886672714928619,0.9363771500126009,0.9104642472347292
longlive,0,1,0.8280949497022653,0.25,0.9921406583431093,0.9848295372919319,0.7509016182720661,0.6512745673457782,0.9728224488181851,0.9605504312722836,0.9695372407715167,0.7708623806218139,0.9557399298555108,0.8283228769021875
longlive,0,2,0.874661537165433,0.9,0.9885935000448794,0.977432416950176,0.7490795857310295,0.6648086826006572,0.976041073207251,0.9563587617534336,0.9634080712673485,0.8991872362729882,0.9439034410702284,0.8671827018260956
longlive,0,3,0.8125079290012671,0.0,0.9934980988299508,0.9876084888877431,0.7542970368365448,0.6194339215755462,0.9919053804914999,0.9735670587109149,0.9921321607164799,0.9450217342677236,0.972859109858031,0.9308805305416844
longlive,0,4,0.8141438995767467,0.0,0.9955044645561438,0.993470380691921,0.6880929648776849,0.6674031724532445,0.9908763853522592,0.979015629625506,0.9891346539861412,0.9559089478825321,0.9841748309391801,0.9266091259587713
longlive,0,5,0.8006645225432825,0.05,0.9905034007443864,0.9826163733395096,0.6922653671205043,0.6245747933785121,0.9871155365550529,0.9619421970733515,0.9858383558450207,0.8929012966256181,0.9488629741053427,0.9378028895173754
longlive,0,6,0.7999451346385424,0.21666666666666667,0.9883569283947999,0.9784028661173153,0.6739171509146691,0.5578136051694552,0.9851578362787708,0.9753259371011399,0.9823075655647503,0.8854723470050747,0.9804566742271505,0.8839674559460968
longlive,0,7,0.8190791532264933,0.30833333333333335,0.9881805174953855,0.9775581633031758,0.7660661670366923,0.571489217877388,0.9830271282652776,0.9591473001374756,0.9785597601805324,0.8759427654142139,0.9467650054603495,0.8984172309146208
longlive,0,8,0.8168315070704322,0.041666666666666664,0.995799839970896,0.9947239765914436,0.7162919743061066,0.6501887937386831,0.9899711351587309,0.9659565502041421,0.9884288951354001,0.9433826566243372,0.9560399209299395,0.9443124477602854
longlive,0,9,0.8092427025409326,0.075,0.9913639112394647,0.9853309366516039,0.7295532526572546,0.6337046692768733,0.9726124350642522,0.9645654442603179,0.973494106675348,0.732868647124587,0.9585931593371976,0.8900450738538214
longlive,0,10,0.8035407345057594,0.14166666666666666,0.9938414183717914,0.9913735527111813,0.633181538939476,0.6357380837202072,0.9777371582400988,0.959499480868626,0.9690583065232282,0.8611340660507939,0.9487344065020162,0.8852082686263973
longlive,0,11,0.7884289271810625,0.0,0.9950153482081862,0.9919319457516951,0.6826354255080224,0.5274452398220698,0.9899605829207535,0.9680627741974369,0.991576457520326,0.8918287077871692,0.9613084362399194,0.9359081026886692
longlive,0,12,0.8767061783066326,0.7416666666666667,0.9886945379728117,0.982574578134063,0.6866496726671855,0.7668141861756642,0.9859993810496072,0.9762979860461035,0.9812535760703907,0.9346658720188782,0.9774771085349463,0.938706597610682
longlive,0,13,0.838771052797688,0.35,0.9910291865114175,0.9828076269735698,0.7220678832530976,0.6994903236627579,0.981367067874384,0.9600129061254895,0.978209409061619,0.8416768617990638,0.94837889312416,0.8994075440559066
longlive,0,14,0.8565026711740423,0.9666666666666667,0.9877715711441866,0.9795976232001984,0.7456341162721316,0.5307513850430647,0.9644248502157988,0.9539371614038366,0.9448783500140071,0.8359630573697451,0.9364909510458669,0.8971829887698678
longlive,0,15,0.7874086450692108,0.0,0.9920126499767093,0.9886099658799327,0.7347870789964993,0.4949388861656189,0.9884201878571723,0.964214636691891,0.9868016400885197,0.9243478547124302,0.9562433714507729,0.9065969979562679
longlive,0,16,0.8367318976844123,0.4166666666666667,0.988545248419621,0.9807126802244996,0.670517355799675,0.7104132935404778,0.9797654159578278,0.9674630277531312,0.9705197270679217,0.905561034919835,0.9632160802041331,0.899939789741981
longlive,0,17,0.8346627265964942,0.8833333333333333,0.972494084931315,0.9499605507632486,0.7139947485824426,0.5815716634194056,0.9739729475112678,0.9551940128636208,0.9636724408115109,0.8393165211216742,0.9451043898059475,0.826907623214882
longlive,0,18,0.8161292258664065,0.4,0.9924604279483339,0.987840629001848,0.6827840023736158,0.5243639916181564,0.9904548250113714,0.9696927965465143,0.9890336910082448,0.9469795865671975,0.9643657069052419,0.9377886642928884
longlive,0,19,0.8260738113215731,0.13333333333333333,0.988164788460011,0.9747357050188226,0.7849307948152224,0.6883726671338082,0.9822447569219865,0.9634316051353896,0.9793702009224122,0.8469327380176351,0.9564657231812835,0.8875865097306356
longlive,0,20,0.7865671474404841,0.03333333333333333,0.986902946291772,0.9742785998808793,0.7437683735291163,0.5217633257309596,0.9797401430677835,0.9704280164751818,0.9728045064915892,0.8640974812647876,0.9689732049101142,0.9023320534650017
longlive,0,21,0.8266612168880025,0.725,0.9796886245934673,0.956376221943525,0.7521256224115689,0.5453569710254669,0.9625655033152146,0.9526930519374807,0.9522830557438635,0.7427927159211215,0.9416455340641802,0.7929493511925224
longlive,0,22,0.828243239216141,1.0,0.9863702714903032,0.974873541990916,0.6365711020231247,0.4964730677505334,0.9379086289899548,0.9477307705373975,0.9151982276510168,0.661839967765728,0.9305970550865255,0.8186237471444267
longlive,0,23,0.7817734953255241,0.0,0.9898586344451049,0.9824599099626729,0.6520340361098448,0.5932788198192914,0.9690199670444882,0.9601430259617665,0.9778806208682956,0.6583214506131261,0.9517406832787298,0.8647018868883117
longlive,0,24,0.8395975026348783,0.975,0.9735205128277866,0.9471007366429746,0.6435549380779266,0.6389643589655558,0.9690271910135029,0.9620442687447688,0.9542280990430104,0.8343527552460422,0.9560809391801075,0.8597208862545109
longlive,0,25,0.8018404891019311,0.325,0.9891224722118934,0.9777972169015923,0.720353656967481,0.5026056922972202,0.9741466063260347,0.9596910449010642,0.9621028257473822,0.8585156639216139,0.9544002409904234,0.8213820969607649
longlive,0,26,0.8352731544943001,0.44166666666666665,0.9841005085733396,0.9663384684783961,0.7359041574199995,0.6879167497158051,0.9814163637385327,0.9580234814533497,0.9748194656865572,0.8855639633511295,0.9442739179057459,0.9007871544160763
longlive,0,27,0.7993926294097877,0.0,0.9965092750179517,0.996918960132825,0.7650335036516189,0.48526466538508733,0.9863694604435459,0.9803770240739949,0.99645999287886,0.7723553995875752,0.9933480867775538,0.8538240722748411
longlive,0,28,0.8683734000821008,0.9833333333333333,0.9749620279466027,0.9500946272744073,0.6306484383642673,0.808535263935725,0.9751832678642138,0.9664609210684445,0.959757198585618,0.9329696475457745,0.961092778687836,0.9015754624074247
longlive,0,29,0.83110913690884,0.25833333333333336,0.9933941373972501,0.9896872852245966,0.7535103130539258,0.6061944469809533,0.9922383727872933,0.97366029791099,0.9918122785306106,0.9565346929706445,0.9701226347236223,0.9526901009703884
longlive,0,30,0.8676104259259263,1.0,0.9922992609598741,0.9871968330705866,0.6279943455159666,0.631808769206206,0.9762959350312117,0.9703173102771228,0.975249144947657,0.7814794856460154,0.9734344810567876,0.8518067538237372
longlive,0,31,0.7931894726792689,0.0,0.9931016502802451,0.9873104185294481,0.6396925523678461,0.6298687477906545,0.9813689777598515,0.9684746536934952,0.9789793641737071,0.8336013530482765,0.9665738013482863,0.8871932538116679
longlive,0,32,0.8317467655183725,0.35,0.9924266166189069,0.9864456454912821,0.7135240590373676,0.6151544526219368,0.9890108282291349,0.9774868118505149,0.9879371887894088,0.9251246304572129,0.9798944288684477,0.9383387029671869
longlive,0,33,0.8274460783639993,0.9666666666666667,0.9842336136529412,0.9668624439893985,0.5779990169902642,0.5750459228952726,0.9590026790931603,0.9445691602816402,0.9445066567149853,0.748508654346987,0.9284362136676747,0.7573016732931137
longlive,0,34,0.8194394066518018,0.875,0.9735367681809415,0.9443229296939825,0.6496543264786402,0.5625174964467684,0.9714105683842287,0.9575881609210481,0.9634590215580439,0.7987165456058598,0.9530890351982527,0.771888689584091
longlive,0,35,0.8066733717511188,0.5166666666666667,0.97833408407337,0.9590752081621706,0.6469779492219289,0.616916012763977,0.9617290199605987,0.957257007208473,0.9476437207551733,0.7685771968935718,0.9543099352108535,0.7510498409010783
longlive,0,36,0.7921133406090777,0.06666666666666667,0.9923802385668922,0.9884605088187199,0.7640501508116722,0.4694824002683163,0.9861586392387718,0.9606931410909254,0.9827921368422047,0.9151545332259491,0.9476924773185486,0.9249052440418917
longlive,0,37,0.816663745230218,0.05,0.9949953271785329,0.9928272968063167,0.7383136836687724,0.6293161044518153,0.9908785981994801,0.9662574134106728,0.9884386316903176,0.9703777317239457,0.9584134009576614,0.9291760798762826
longlive,0,38,0.8268984616560289,0.525,0.9911054890439083,0.9839778782105914,0.7064452621936798,0.5427092395722866,0.9779794005063676,0.9661284161884249,0.9765865662165225,0.7988100550254854,0.9593157368321573,0.9164339486791306
longlive,0,39,0.8314782576987353,0.13333333333333333,0.9906912277727152,0.981922588028939,0.7149506860872111,0.7471738149722417,0.9882843965254485,0.9716877903576993,0.9876444446944422,0.9039563281821603,0.9728018155661963,0.8903492468745768
longlive,0,40,0.895229535966698,1.0,0.9842380961662844,0.9718071626448164,0.7565727212627729,0.7420601819952329,0.9840661123462163,0.9708807639275839,0.9776314330998287,0.9316143355950588,0.9679113244497647,0.9265439047032044
longlive,0,41,0.8006393798015682,0.21666666666666667,0.99263552714663,0.9883091366018345,0.6484088962177436,0.5247995585203171,0.9951461237272107,0.9826631212514604,0.9965820467199689,0.97333824634552,0.98560548187584,0.9675032962270144
longlive,0,42,0.8078210192441323,0.05,0.9932465463914376,0.9885015648759269,0.6929033063848813,0.6364642202854156,0.9855030482693223,0.9697644839467631,0.9870012156424984,0.8363352580731657,0.9667104413432459,0.9148978217810142
longlive,0,43,0.771636937630541,0.175,0.98466550058525,0.9653095743313335,0.5756708872318267,0.5790440576771895,0.963011748667458,0.9662927071966466,0.9489544506755567,0.7792430871925434,0.9679848291540659,0.8099663650789181
longlive,0,44,0.8373090164081282,0.39166666666666666,0.9920584845356782,0.9848698802828011,0.7518682425916196,0.6061548049251239,0.9870417059299681,0.9729057022626679,0.9838405201912567,0.927815520963749,0.9735059512558804,0.9082793593406677
longlive,0,45,0.803433861342747,0.058333333333333334,0.9924355245098766,0.9859876847578808,0.7661800330678622,0.5323714554309845,0.9914518454838986,0.9703029138569571,0.991079514521745,0.9464658894458738,0.9655311502436156,0.9382968081646607
longlive,0,46,0.8087453833559917,0.0,0.9899942306583053,0.9839777276952283,0.6707130714754262,0.7083168198664983,0.9854182255425651,0.9733137304240297,0.9845054933220468,0.8601638028601638,0.9765842232652889,0.8812487455977112
longlive,0,47,0.7853721735169454,0.4083333333333333,0.9840689298265751,0.9622778254864263,0.5950769363045693,0.5382441200315953,0.9753430250156523,0.9587514679931441,0.9666329551448103,0.83687045118388,0.9497034216439852,0.8576813963781885
longlive,0,48,0.8182502084992946,0.016666666666666666,0.9938728267479237,0.9892299226958767,0.7564787752230963,0.6362763817111651,0.9931384631961673,0.9756817988381149,0.9918187458348531,0.978992489205689,0.9719361007854503,0.9655498471580634
longlive,0,49,0.7801469077505392,0.025,0.9938067000956069,0.988789404876092,0.6316271567444006,0.5348490896324317,0.9840992463244767,0.9656699702720051,0.9786733566192528,0.9151544277908421,0.9590031449512769,0.9087204176838658
longlive,0,50,0.821145690547477,0.575,0.9878293294143542,0.9731346353440503,0.6849268713096778,0.5235539513329664,0.9923590031505172,0.9675525932345221,0.9928834646619775,0.9465687149713019,0.960118185063844,0.9374836851067904
longlive,0,51,0.8145498411546594,0.08333333333333333,0.9914288252780338,0.9834002456945531,0.7058077510098616,0.7000866144895553,0.9697251649050755,0.9616561247760987,0.9600636522696223,0.7989435123295343,0.9587198893229166,0.8097813374855939
longlive,0,52,0.8327478646295738,0.6333333333333333,0.9871794440658429,0.9703159635207232,0.6735211415092149,0.6047630041837693,0.9792306463140673,0.9687737953060072,0.9707398507223334,0.8803774413942289,0.9679829259072581,0.8752145146121498
longlive,0,53,0.8277027582923208,0.3,0.992199303777111,0.9853851415752585,0.7085103476444881,0.6469026933113734,0.9739238600022265,0.9725317866532918,0.9726381194767773,0.7641515217157973,0.9735082482778898,0.8986344149633616
longlive,0,54,0.8540640332184961,0.75,0.9899568902691656,0.9796504142393474,0.6769981340765953,0.6666042849421501,0.9625631763327985,0.968564268963367,0.9671265872015107,0.6452095539254301,0.9715922037760417,0.8310299560803325
longlive,0,55,0.8025740823186713,0.016666666666666666,0.9935761060016286,0.9906395970216765,0.7596878160238266,0.5473666648070018,0.9847526887402684,0.9689191607142327,0.9795582341731236,0.9227921251489335,0.9627860776839718,0.9380887538945976
longlive,0,56,0.8028690145997698,0.0,0.9956978053629453,0.9930370327226477,0.6607583080132803,0.6371346359451612,0.9893287945725907,0.9691454073007207,0.9902436255928009,0.893375969233633,0.9622939899403562,0.9451796685447212
longlive,0,57,0.8355751232880355,0.25,0.9935792993699142,0.9886042282998172,0.723454773336649,0.6854711929957072,0.9822506057797669,0.9721529000289888,0.9772748646236236,0.8706540024581075,0.9735287902175739,0.8920647982789689
longlive,0,58,0.81902046710049,0.25833333333333336,0.9855184052017724,0.9725250951137417,0.7621535175045331,0.628843134144942,0.9734129790316791,0.9629486237519902,0.9758152987848046,0.7275014216033351,0.9610892347110215,0.8167678012567408
longlive,0,59,0.7921112146416827,0.025,0.9961105784396647,0.9945265228004238,0.5784133043885231,0.6259010831514994,0.9888791964280671,0.9737576080640722,0.9886346297318577,0.9076448385955906,0.9743815760458668,0.9188470617562783
longlive,0,60,0.802814406514202,0.21666666666666667,0.9922938867165679,0.9843707950832017,0.6079599342644215,0.6378364304701487,0.970872703733449,0.9692044794862286,0.9516408041359916,0.9254666421593738,0.9675640147219422,0.8926382202561162
longlive,0,61,0.8084950372497051,0.275,0.981825967332045,0.9611138938922508,0.6434046606322129,0.6982034862041473,0.9840251531229228,0.9656518329041517,0.9777592685754581,0.9286332986935848,0.9608809276293684,0.8880382688606486
longlive,0,62,0.7887764833480919,0.008333333333333333,0.9961477735764296,0.9958260187058667,0.5906564986308415,0.5891780947645505,0.9908219878403791,0.9776190706962192,0.9891171616572206,0.9546763305904484,0.9789555375294018,0.9471840625550566
longlive,0,63,0.8302105578265623,0.0,0.9938818709754053,0.9904216539898729,0.7653964419960976,0.7001780807971955,0.9939469864246372,0.9823751404148127,0.9957850037002436,0.949291110289197,0.9829384424353159,0.9796889364218512
longlive,0,64,0.8558241395572482,0.7083333333333334,0.991901027195437,0.9865305891301897,0.701109995563825,0.6248339300354322,0.9816479780343502,0.9703000119443258,0.9747290010814385,0.8967940178738922,0.9675147271925404,0.9182411860518095
longlive,0,65,0.8351566842293692,0.0,0.9949699083220881,0.9941429716309692,0.7769733099142709,0.7010546430945397,0.9947896039462555,0.9860220888536927,0.9948834884471152,0.981127594448939,0.9896106350806451,0.9814064976047067
longlive,0,66,0.7862912691272612,0.0,0.9958077772093301,0.9933510650041835,0.6750669924020767,0.5086930744349957,0.9912614003206809,0.9712793783327904,0.9938457663821918,0.8992533470903125,0.9711182953209005,0.8976648715363831
longlive,0,67,0.7999913578370764,1.0,0.9687511660414108,0.9439040104392308,0.5515037705103557,0.5113485952218374,0.9613535744607664,0.9500063315997961,0.9465963429020297,0.7708898326929878,0.9379869030367944,0.7708139166611583
longlive,0,68,0.8273353130510304,0.0,0.9952799957037287,0.9954887660675579,0.7566044427156449,0.6679786160588265,0.9948314096089462,0.984443795328567,0.9964433913349464,0.968584872343961,0.9862157678091398,0.9819979878032908
longlive,0,69,0.8074363548191462,0.21666666666666667,0.9895664459613231,0.980291169562371,0.6836574822962284,0.5749062453707059,0.9918743262128615,0.9788339604302265,0.9933045530191031,0.9309064705832666,0.9825335102696573,0.9388507835003508
longlive,0,70,0.8733997381119083,0.8666666666666667,0.9929308894921781,0.9874365794463874,0.7185509953002135,0.6364438861608506,0.9923479037693689,0.9610795973096763,0.9918772908388287,0.9586144154813109,0.9464384345598119,0.9432434106574339
longlive,0,71,0.847895597012706,1.0,0.9834330524027258,0.9634902030190612,0.6162143394052982,0.6592144936323165,0.9565325800582152,0.9509259331894552,0.9255320217340224,0.8767049097213424,0.937454387705813,0.8053973348451262
longlive,0,72,0.8175170278689134,0.7333333333333333,0.9725944081809035,0.9478350136482638,0.7416145455241203,0.5289116889238358,0.968199312808009,0.9557442698531157,0.962794662355095,0.749433232706134,0.9476415490591398,0.7947487966353152
longlive,0,73,0.8170555984969939,0.875,0.9748898934282507,0.9526587460087795,0.7197361158927281,0.49206570560733476,0.9433824889458912,0.9506271127264632,0.9592479874930715,0.4757242163158014,0.9421719458795363,0.7286029605805373
longlive,0,74,0.7741515523435362,0.09166666666666666,0.9894927910873811,0.9797814053413915,0.5340373454888662,0.6177571743726731,0.9717683629893639,0.9626568255009613,0.9578945077234698,0.8520688444626432,0.9576143654443885,0.8566990256810388
longlive,0,75,0.8303417936976095,0.6,0.9857706276374807,0.9687149425815134,0.7145846485694248,0.584390260775884,0.9799729075922616,0.9603689136014382,0.9760368339717388,0.8352707361473757,0.9543984690020161,0.8409761999334607
longlive,0,76,0.8434293540793681,0.95,0.9700830074833605,0.9451294931399278,0.7171066809296609,0.6398601536949475,0.9555545185424971,0.9589789408267464,0.9503111835408916,0.6638568795027853,0.9618538805233535,0.6736685995544706
longlive,0,77,0.79277060587211,0.0,0.9947856407725126,0.994196480859339,0.7213604669173558,0.4945543711384138,0.9939622728352145,0.9772046895149179,0.9952422641297822,0.956775194707037,0.9749390961021507,0.9658348477688157
longlive,0,78,0.7487870250837287,1.0,0.9231277499118415,0.890714170917187,0.46559551574786506,0.567551730076472,0.9558361359686678,0.9524704204287648,0.950529840196012,0.66774330895488,0.9444150863155242,0.7550878900439799
longlive,0,79,0.8598331139311843,1.0,0.981468200507886,0.9591839891633178,0.7572153981129328,0.5834818517168363,0.9781346197572589,0.9549000342978692,0.9733984861082287,0.826097372199307,0.9434960806241598,0.840504358295633
longlive,0,80,0.770358586600457,0.4166666666666667,0.9724088887717807,0.942477533591339,0.5400150688836971,0.5863366603851319,0.9727744259428444,0.9599597783635753,0.9678550905918561,0.784259011796793,0.9555442235803092,0.8048991550918386
longlive,0,81,0.7991026554591248,1.0,0.964119084765836,0.9308114430795309,0.6017148728370666,0.5270948978761832,0.9534970129610417,0.9416442263149177,0.9478459633726587,0.6525981304775766,0.9189132854502688,0.8048954215370306
longlive,0,82,0.7335268395635108,0.225,0.9918673503622498,0.9822366275039374,0.462412720243136,0.35314809791743756,0.9771638766870449,0.9511493590947959,0.9738880988170383,0.8085877271760412,0.9376812678511425,0.8105051203184769
longlive,0,83,0.808171354412978,0.08333333333333333,0.9916348562438463,0.9844960705750909,0.7559954910675682,0.5988337139288584,0.978218030239815,0.9586984086001138,0.9730875965728555,0.8294064207237308,0.9479019657258065,0.874397216975188
longlive,0,84,0.8175368655059447,0.4083333333333333,0.9896227473852864,0.982064008405006,0.6556976938048998,0.6413511231541633,0.9519429503127586,0.9589892460333592,0.9720531055843958,0.49467144211550723,0.9625752766927084,0.6611400626036299
longlive,0,85,0.7942087883339192,1.0,0.9711152568546858,0.94151884568283,0.6770937184393406,0.4200102165341377,0.9095729603677913,0.9405041255829896,0.8872856943277262,0.49484501502617506,0.9299400411626344,0.586851211280382
longlive,0,86,0.7750207597370972,0.016666666666666666,0.9958526268482004,0.9953044410955673,0.6964601359963417,0.38632604156931244,0.9922625054129768,0.98072215860956,0.9933560526178729,0.9399571391213842,0.9854568973664314,0.9451137052363708
longlive,0,87,0.795906250515259,0.7416666666666667,0.9709142462035117,0.9394652979514179,0.7428060619235038,0.45878754258155824,0.9396632116476106,0.9454498478782304,0.9478081205519298,0.4926814813511211,0.9348756195396507,0.6722115292018201
longlive,0,88,0.8370549367362579,0.8,0.9857814350146145,0.9751598913996827,0.6906083311339218,0.5336546281973521,0.9802856879625601,0.9607810536076709,0.9730812810761954,0.8758559537534955,0.9521691106980847,0.8732048095274372
longlive,0,89,0.8245416199293832,0.975,0.9922582850371051,0.9846344756729463,0.49958984915912147,0.5384961063663165,0.9626986232278668,0.9535152115541369,0.9609189695929007,0.6881539408399278,0.9439516129032258,0.7851964038710634
longlive,0,90,0.796667613357952,0.0,0.9963898794225445,0.9962776867860282,0.7070224025249481,0.5300014118353525,0.990359621711032,0.9752280726025221,0.9909767867576692,0.9192419593073741,0.9768098564558133,0.9244073954950861
longlive,0,91,0.7879704057990566,0.008333333333333333,0.9945809330076998,0.9900681330175961,0.6835197383264702,0.5268871687352658,0.9868610230169369,0.9700383420516175,0.9869429422963049,0.8652761876583099,0.9694368752100134,0.8909067100837451
longlive,0,92,0.8104472788624482,0.0,0.9960580368040571,0.9955496537626959,0.7376362246274949,0.5812098835905393,0.9956046793021308,0.9787024769387725,0.997296288978028,0.9748718037324793,0.9774823588709677,0.968847728326541
longlive,0,93,0.8033801366494775,0.225,0.9935843581284158,0.9876440860165491,0.7221273504892985,0.4996346692244212,0.9857193935723849,0.9639603461142028,0.9804787559695142,0.9373484526862618,0.955320099861391,0.9121665065528965
longlive,0,94,0.8082735823515226,0.06666666666666667,0.9936582712059702,0.9903489767336378,0.703089232524236,0.6101689000924428,0.9924509999114913,0.9669463891474763,0.9941225727639531,0.9350934093739806,0.9611691710769489,0.9137082212612408
longlive,0,95,0.7761015523406135,0.0,0.995595851590577,0.9942314753540201,0.6490576243102549,0.4713209758202235,0.9908101342393747,0.9683466983465131,0.9930009640032246,0.8979635807145544,0.9626691264490927,0.9283676843683258
longlive,0,96,0.8059034616020075,0.14166666666666666,0.9907016989838062,0.9770665601421805,0.7104998645583789,0.6210924734671911,0.9720748366609484,0.9659113999119152,0.9611620813287712,0.8269067003446466,0.9648230111727151,0.8497863940331114
longlive,0,97,0.8164683942017087,0.25,0.9900430800046233,0.9836114235446344,0.7460695293148358,0.5804054761926333,0.9804943399188218,0.9617503295363252,0.9830828734783715,0.7859379977238279,0.9586085165700606,0.8195326561186494
longlive,0,98,0.7883203261926425,0.08333333333333333,0.9893896545874998,0.9788753552140754,0.7518854622344175,0.48247122516234714,0.9860288563284264,0.9625069991458427,0.9857250430330794,0.8601833315206175,0.9555246004494289,0.8743333717604646
longlive,0,99,0.7855052336782259,0.5083333333333333,0.9758347074036686,0.9519042673142126,0.6859454285899799,0.4790955459078153,0.9617699189076682,0.9523071143935928,0.9493459806767522,0.7553947391379782,0.944146991032426,0.7543533181442934
longlive,0,100,0.8046666893839924,0.008333333333333333,0.9868625091558985,0.977994385552562,0.6186936077972253,0.7414988040924072,0.9878591145948903,0.9823120406382659,0.9861757558520121,0.915480521045813,0.9890958396337365,0.9418931277860113
longlive,0,101,0.770014847545795,0.008333333333333333,0.9970112083582097,0.9950367136377525,0.4740217237373193,0.6462532371282578,0.9547537509273459,0.9621257474724245,0.9624244274311169,0.5753207754562882,0.9621087187079972,0.7728580073649142
longlive,0,102,0.8038912487304883,0.025,0.9804367097032085,0.9592229569659513,0.7126287451287111,0.7453380609552066,0.9881924648482098,0.9536162756662764,0.9886374679704507,0.8808398922952283,0.9400179955267137,0.8519480521438503
longlive,0,103,0.7971073157326048,0.016666666666666666,0.9949757241888402,0.9921355322587723,0.7011421949764092,0.5701844558119774,0.9816009060598053,0.9652624451576168,0.9758921613055532,0.8722970210203603,0.963928944577453,0.8443990978373199
longlive,0,104,0.8673763478238018,0.95,0.9830795093136672,0.9659581546689949,0.7250559460322061,0.6404265344142914,0.976339481013648,0.9752432641766845,0.9667255861624594,0.8557282601084027,0.9783484017977151,0.905924688868162
longlive,0,105,0.8262557607191348,1.0,0.9811814392334196,0.9639979565377329,0.4825866375714541,0.6343425750732422,0.9701505603541312,0.9570151251772177,0.9694573604131257,0.7264552414417267,0.9496036652595766,0.8060521050160673
longlive,0,106,0.8000858584267083,0.675,0.9809937466140451,0.9663588944447586,0.6030447026689847,0.5269488818943501,0.9550162223203112,0.9506139129022244,0.9438068288468545,0.6971405098418227,0.9362090736307124,0.8220577735860809
longlive,0,107,0.8413768875794774,0.5166666666666667,0.9902337672192718,0.9848993427457373,0.6753574513395627,0.6603303283452988,0.9838573893534698,0.9700892734109399,0.9787972648217473,0.9038299131794136,0.9684877457157257,0.89977794384756
longlive,0,108,0.8340778643516329,0.975,0.9735758152204748,0.9447029794275371,0.6702865893642108,0.5835369378328323,0.9681821024632775,0.9621080670482508,0.954887239643002,0.8163226264364579,0.9605678763440861,0.7913884678307701
longlive,0,109,0.9042499513947633,0.9833333333333333,0.9870598700877103,0.9772206658865112,0.7646873798569043,0.7583335523804029,0.9908933112674899,0.9784859160943297,0.9888492356064499,0.9604673220329926,0.9813648511004704,0.9424453893629443
longlive,0,110,0.8494525518181206,1.0,0.9911161637741663,0.9835439195196614,0.6349671508073806,0.5049978030224641,0.9945914901969501,0.9661051595897064,0.9960640756513484,0.9656916696484349,0.9581380864625335,0.9288702096257891
longlive,0,111,0.8536328597253496,1.0,0.9763643747079568,0.9564138921725205,0.7654797237018743,0.5615701978405316,0.9643280594289513,0.9656066914172258,0.9560167587252073,0.7409605363837811,0.9673001853368616,0.7958682730418294
longlive,0,112,0.7717780301571757,0.8583333333333333,0.9614160635575381,0.9211003874018302,0.6335543341934681,0.4063231959939003,0.9638259017827759,0.9457261330065686,0.9648025183868345,0.6794555507788137,0.931625005250336,0.7442542878018708
longlive,0,113,0.8378059531841765,0.9166666666666666,0.9813067199058073,0.9617654704424292,0.6638275319238504,0.5681694398323694,0.9740369147541053,0.9590208169876374,0.9670514026236148,0.8130677630420492,0.9538016370547716,0.8018546680442425
longlive,0,114,0.8354741757260752,0.95,0.9775579292572546,0.9527305415253233,0.6995145084063211,0.6054605089128018,0.9465094018905921,0.9329317302007724,0.9428965512302613,0.593568749444074,0.9070909725722447,0.7235998894487109
longlive,0,115,0.8374073597046447,0.85,0.9853321273696592,0.967079547822865,0.6301392583350339,0.5945073619484902,0.9812358649715898,0.9601408481477257,0.9713070119821255,0.9399041949200029,0.9510305097026209,0.8715446526262941
longlive,0,116,0.824887897816322,0.45,0.9924155154674494,0.9870372725429098,0.6507460423807303,0.6200753470261892,0.9737043635999943,0.9624539439391591,0.969067140292096,0.7893885350277444,0.9572140929519489,0.8566452104504368
longlive,0,117,0.7899796342858955,0.15833333333333333,0.9869255940968876,0.972849377658632,0.7059018597801525,0.5371662798027198,0.9693349091655923,0.9690318582400671,0.9702423774667325,0.7115447295814001,0.9720326413390457,0.8371104825945461
longlive,0,118,0.7766992305254541,0.008333333333333333,0.9934577336265258,0.9881670416453306,0.682998985717694,0.4763690655430158,0.9798602264373139,0.9663143409174733,0.9893679186301205,0.723376067809197,0.9625666136382729,0.8815856380622928
longlive,0,119,0.791569558180991,0.0,0.9897092402910015,0.9819660406213959,0.6631927230258784,0.6182552397251129,0.9878333255844666,0.9655704178462595,0.9844425578751872,0.9405129018450985,0.9611097110215054,0.8810320373843697
longlive,0,120,0.8320537120660952,1.0,0.9750154667857097,0.9501102650087643,0.5643500318924585,0.6255606730779012,0.9846340528014583,0.9617102234789918,0.9788938839349055,0.9300339692780951,0.9516999275453629,0.9000479989692944
longlive,0,121,0.8296176383823491,0.6416666666666667,0.9894032323158594,0.981873282864203,0.6876051243543625,0.6164822156230608,0.9250306503559251,0.9498377556237592,0.9274377706390555,0.4516958013928237,0.9426979639196911,0.6880602382060861
longlive,0,122,0.8460948965976745,0.9416666666666667,0.9833413823864734,0.9665732570411334,0.6752913284798463,0.593457301457723,0.9603635889645894,0.9595316296537404,0.9411500258471377,0.8006966244272825,0.9534968550487232,0.8313995274175116
longlive,0,123,0.7878258658569564,0.06666666666666667,0.9868851892585143,0.9766180045542375,0.6848052086532116,0.58520371367534,0.9727317642058289,0.9623018394057579,0.9656936753741516,0.802459660573166,0.9573260563676076,0.8525661861195284
longlive,0,124,0.8361318441465291,0.7583333333333333,0.9774860324685801,0.9589127168624231,0.7328128888607026,0.6060918708642323,0.9563902089690202,0.961124194472698,0.9602684509970488,0.6053081049012536,0.9647307365171371,0.7013742583138602
longlive,0,125,0.8020519284539399,0.125,0.9941751450978065,0.9874250411441902,0.6531036077241102,0.6009745056430499,0.9831870070959096,0.9717742323888765,0.9776139804752925,0.9009170534730959,0.976113793157762,0.854105469559421
longlive,0,126,0.793759259121186,1.0,0.9832624532494546,0.9646942409658744,0.5206487704565128,0.42597021013498304,0.9469074575926916,0.940242914448829,0.9217451162395939,0.7358937438796548,0.9200551022765457,0.7538949872265343
longlive,0,127,0.7943814342578995,0.016666666666666666,0.9942313645314711,0.9923045501833647,0.730199430068334,0.4891137522955736,0.9946290328840803,0.9808697965545156,0.9954842718217962,0.9738189698267383,0.983190196047547,0.9597648304550588
longlive+rule,0,0,0.8255195551007752,0.6583333333333333,0.9832699833513578,0.9681727802987192,0.6265282026529313,0.6154971445600191,0.9828350793360486,0.9626783112400533,0.9765292956623981,0.9079611296413326,0.9510098365045363,0.9315462160010298
longlive+rule,0,1,0.8406385284692939,0.39166666666666666,0.9909487091674201,0.9832662473940381,0.7697157302300135,0.6501597334941228,0.9724268647819606,0.9618576657483418,0.9654091222792544,0.7994788086213985,0.957502205141129,0.8393479508011281
longlive+rule,0,2,0.8743929966070111,0.975,0.9865394902359389,0.9746427969916972,0.7522518971959751,0.6510619779427846,0.9668688505405592,0.9538798574426631,0.9455826711510459,0.888083611967183,0.9398411248319893,0.8588484911357656
longlive+rule,0,3,0.8140920629543695,0.09166666666666666,0.9922719062918972,0.9855802105844411,0.7655348048607508,0.5818436200420062,0.9923729488384981,0.9735274846470411,0.9918642621687664,0.9594665407633581,0.9714770901587702,0.9422412745091093
longlive+rule,0,4,0.8092731446328585,0.0,0.9954141875821212,0.993240641721713,0.6430610937078794,0.6780624399582545,0.9916219588224637,0.9810604599453914,0.9900146984845721,0.9688666795983034,0.9840962727864583,0.9570177790998411
longlive+rule,0,5,0.8266677987705717,0.3416666666666667,0.9895668706313543,0.9812917109642153,0.7097946948508421,0.6341252321998279,0.98631212825917,0.964774624791411,0.9834421322630938,0.9087243255446938,0.9501107164608534,0.9656233602211255
longlive+rule,0,6,0.794739623920642,0.08333333333333333,0.9918253145683057,0.9859862869120891,0.6828228276371956,0.550244485338529,0.9858581439150591,0.9740842434651811,0.9805733640427872,0.9396320704151603,0.9747942524571572,0.9215569556260309
longlive+rule,0,7,0.8266688760385968,0.4583333333333333,0.9875660594114708,0.9758992555718017,0.7786054558157922,0.5336340442299843,0.9838008005916696,0.9630804901820138,0.9792422190388684,0.8921565420988227,0.9514762632308468,0.9346802482584945
longlive+rule,0,8,0.8187083352276108,0.025,0.995799761295633,0.9948466696887235,0.7272399033506711,0.6541658078630765,0.9912854639543646,0.9687168262089381,0.9894961715465591,0.964421014825837,0.9586381153393817,0.9613403212122557
longlive+rule,0,9,0.8040971780905218,0.058333333333333334,0.9898269990299657,0.9841307767621833,0.7247656811277072,0.621579306324323,0.9733733961327364,0.9641364285127457,0.9725723473375202,0.7551954050524896,0.9562217794438844,0.904699710236878
longlive+rule,0,10,0.8026517081534182,0.13333333333333333,0.9931161355299926,0.9905968742471895,0.6421634670098622,0.6356329172849655,0.9748728967884172,0.957615736096899,0.9633745925160506,0.8606228926101652,0.9449786442582325,0.8849984592750293
longlive+rule,0,11,0.7898704076867815,0.0,0.9948554426625084,0.9919051907109279,0.6946135206619898,0.5233800003925959,0.9900344622618659,0.9695331077242905,0.9906665052297294,0.9128462782427043,0.9621879331527218,0.9510165913766172
longlive+rule,0,12,0.8652748289397659,0.6583333333333333,0.986009649802429,0.9792732813545301,0.6704506834844748,0.7667578592896461,0.9863340135963442,0.9772893839551685,0.9817715740091698,0.9365546107292175,0.977991444577453,0.9493212995408964
longlive+rule,0,13,0.8510022124103696,0.5166666666666667,0.9898509547374564,0.9810989909468134,0.7495738942623139,0.6830260083079338,0.9816648623239316,0.9551608857443187,0.9758565908478152,0.8755214276934872,0.9376148511004705,0.9134990893492178
longlive+rule,0,14,0.8520232221023539,0.9583333333333334,0.9854599184566767,0.9765193375808742,0.7479014237324397,0.5234183679024379,0.9616058369553481,0.9536800610792688,0.9400064872958327,0.8284139545524821,0.9358497537592406,0.8982549442463562
longlive+rule,0,15,0.7890057379049211,0.0,0.9913271344336123,0.9876218317458831,0.7349333546757698,0.5090100770195325,0.9892583533476925,0.96436176153791,0.9876574657536963,0.9360899744915361,0.9555051085769489,0.9199095185564345
longlive+rule,0,16,0.8546087103513312,0.6416666666666667,0.987020684716825,0.9782671477202497,0.7015885257224242,0.6930588101347287,0.9805373744799061,0.9681317999950264,0.9712038637008719,0.9214968538584829,0.9629613076486895,0.9208031842688552
longlive+rule,0,17,0.8320443789537462,0.9916666666666667,0.9632730673434794,0.9352214229184818,0.7258897409538428,0.5780253738164902,0.9691806324384785,0.9533267507187783,0.9580943093665184,0.8070076900620421,0.9418671638734879,0.8160554623904348
longlive+rule,0,18,0.8137074188294704,0.35,0.9916934783380351,0.9865960668348799,0.7203703836898009,0.5003325251241525,0.990256250715319,0.9711138856737087,0.9881965216129057,0.9518299974313303,0.9663603095598119,0.9442723451041374
longlive+rule,0,19,0.8210757252268208,0.075,0.9887859107669584,0.9706036755072525,0.7848319519559542,0.6933202371001244,0.9837906409614586,0.9627193711526936,0.9800461282973648,0.8767446567531393,0.9533362603956654,0.9054230869818134
longlive+rule,0,20,0.7929550092329612,0.225,0.9838993673465054,0.963943888564515,0.7444068995515506,0.5071182521680991,0.978756542065039,0.9697110249011734,0.9694408672310971,0.8866117739376902,0.9675909883232526,0.9016035792707395
longlive+rule,0,21,0.8271452530808028,0.7,0.9733366607850703,0.945229076497695,0.7865275473594667,0.5701849040885766,0.9684339951861368,0.9537300097341307,0.9593341359768505,0.782992859097088,0.9422934255292339,0.8247646604265485
longlive+rule,0,22,0.8294964986684581,1.0,0.9854720783318669,0.974837788608339,0.6500336737136047,0.486752167592446,0.9420732004305437,0.9497280834175967,0.9180471605751463,0.6964951079933583,0.9321796376218078,0.8525554710576514
longlive+rule,0,23,0.7885400176275803,0.0,0.9873413188334451,0.9796684243476469,0.6995604775051276,0.6080592383941015,0.9666633435569991,0.9605874064857594,0.9720149324786277,0.6696530684453099,0.9510968608240927,0.8818698127229675
longlive+rule,0,24,0.841276527098683,0.9916666666666667,0.9701599204460616,0.9430789322946586,0.6645070960124334,0.6446633989612262,0.9674925142783383,0.9621213894167828,0.9497366309005727,0.8480737893020406,0.9542181855888775,0.8809151857340035
longlive+rule,0,25,0.8032639208891972,0.15,0.9905507887165579,0.9809804493929046,0.7632638993958631,0.5290794330338637,0.9799952247233911,0.96488362273383,0.9697151285906632,0.9283663427629391,0.9604906307753696,0.8718423372557184
longlive+rule,0,26,0.8347471760403302,0.44166666666666665,0.9838875825340151,0.962273000112546,0.7254415295422076,0.7027590334415436,0.980863209535819,0.9613813013515152,0.9733545041693155,0.8924365419299662,0.9504607169858871,0.9082291557007477
longlive+rule,0,27,0.8058017354979257,0.0,0.9962985974490921,0.9965580664448488,0.7857276182174682,0.5083895986278851,0.9877635729822527,0.9788288265258002,0.9954868324982222,0.8049341242353455,0.989066897156418,0.8651209102959192
longlive+rule,0,28,0.8725714796788846,1.0,0.9719147697517916,0.9451277120128957,0.6732073644797008,0.8109931523601214,0.9757150528669987,0.9643687408425038,0.9595853437339106,0.9466701037242633,0.9557564027847782,0.9169350501869907
longlive+rule,0,29,0.832464660418037,0.31666666666666665,0.9909256054312899,0.9865547299696729,0.7428494022786616,0.6131716494758924,0.9922640695711464,0.9738202592688894,0.9915978115572723,0.9602641438235756,0.9701500677293347,0.9542212764255139
longlive+rule,0,30,0.8653173908731293,1.0,0.9925257464503118,0.9883087772208882,0.6122189705868561,0.6268496284882228,0.9771354513969863,0.9711074846338084,0.9748285468387347,0.7994580053481735,0.9721267536122312,0.8820534338470266
longlive+rule,0,31,0.798133944389648,0.0,0.9922305497674275,0.9841582047705556,0.6802429440418879,0.6306709090868632,0.9806895100911613,0.9707448589493599,0.9776520355734775,0.8332505065853856,0.9688916934433803,0.9121343235508734
longlive+rule,0,32,0.8428079153407146,0.5666666666666667,0.9908111268225238,0.9839778916430629,0.7048860794107118,0.6069307357072831,0.9869205224789399,0.9738482776527647,0.9836782839189294,0.9264544724416333,0.9714978946152554,0.9465953031507861
longlive+rule,0,33,0.8346068745155069,1.0,0.9795585448955074,0.9591739001772762,0.5964176002343495,0.6168811688820521,0.9637322982514519,0.9452070521525046,0.94722523915992,0.8067551922647893,0.9260786159064179,0.8040028184401888
longlive+rule,0,34,0.8084277243522112,1.0,0.9601608189242948,0.9252713735430849,0.6376483636597793,0.5483217085401217,0.9652378196944935,0.9551035749240533,0.9534010742861097,0.779291193024451,0.9482272240423387,0.7700132609916335
longlive+rule,0,35,0.8212004626354255,0.7416666666666667,0.9736374469976218,0.953310075086706,0.6725901565353075,0.6065600534280141,0.9628736699403458,0.9550364630889298,0.946763895355886,0.7952174620718515,0.9480641354796707,0.7705174862336712
longlive+rule,0,36,0.7918223447180055,0.041666666666666664,0.9913372615374868,0.987334912937451,0.7777679855426153,0.4681231901049614,0.9863697519273507,0.964102804418505,0.9832278293066768,0.9149012340217078,0.9531931887390793,0.9377194224786358
longlive+rule,0,37,0.8168094291370528,0.016666666666666666,0.9948914482471155,0.9928371785629808,0.7510248876214028,0.6310092002153397,0.9910476628918127,0.9687247425753539,0.9888842165229782,0.9683454502530459,0.9615574990549395,0.9444443533400527
longlive+rule,0,38,0.8350823190726326,0.5416666666666666,0.9902702643092419,0.9829556285594803,0.7459847599069278,0.5521297663450241,0.9785772542697041,0.9667372157808788,0.9751056371837533,0.820404284891962,0.9589441443002352,0.9332480388028281
longlive+rule,0,39,0.8317901458397865,0.03333333333333333,0.9920930644568711,0.9843611016148835,0.7365744324525197,0.7571142400304477,0.992447238891049,0.9747896820738179,0.9922471232792383,0.9563036678718919,0.9743494177377353,0.9397367992821861
longlive+rule,0,40,0.8962778535820062,1.0,0.9846417623535346,0.9728967321464439,0.7734478409091632,0.7325679580370585,0.9823918533820254,0.9687155611160553,0.9742900131851113,0.9315257089979508,0.9626589539230511,0.9354912856546771
longlive+rule,0,41,0.7810726675562513,0.03333333333333333,0.9931949487444255,0.9891204959777445,0.6244490952193736,0.5099232743183771,0.994791198209756,0.9823876514327677,0.9955936294169195,0.9754440268548596,0.9847858387936828,0.9692931475759554
longlive+rule,0,42,0.8116230967245536,0.075,0.9926922334086027,0.9878439897922129,0.7103578923741977,0.6374075189232826,0.9854440113858053,0.9679627117965022,0.984271688462906,0.8634193374329254,0.9618471207157259,0.9289338095348423
longlive+rule,0,43,0.7653959586637966,0.016666666666666666,0.9845834144016774,0.9701507569683923,0.5957785548071066,0.5810956254601478,0.9651545991879205,0.9671444316253551,0.9453168469250843,0.8458104554344626,0.9675261466733871,0.8466238339408105
longlive+rule,0,44,0.8148545036414772,0.025,0.9939994627715165,0.9896960063035193,0.7571795178155104,0.6044900506734848,0.9922968453323435,0.978739806541522,0.991600997241274,0.9620591236763641,0.9795870873235887,0.9563261275531865
longlive+rule,0,45,0.8177479321288151,0.23333333333333334,0.9906784030883692,0.9834466773583218,0.7804122192462285,0.5337741054594517,0.990392207701981,0.9732792079697385,0.9891294933855533,0.9447868396254147,0.9706965620799731,0.9442330122995777
longlive+rule,0,46,0.8141397220035127,0.016666666666666666,0.989682010492387,0.9835835021071965,0.6891910964548589,0.7155103365580241,0.984610843489301,0.9763700154046226,0.9816268984268429,0.877920847980916,0.9787869361139113,0.9276219448622536
longlive+rule,0,47,0.8077217031064278,0.7416666666666667,0.9785809389322115,0.9502998146979638,0.6121681337058544,0.5494781235853831,0.9753706597722472,0.959775255272194,0.9655107107774545,0.8479165434837341,0.9499324019237231,0.8758401780569253
longlive+rule,0,48,0.8215725000618879,0.0,0.9943496086257985,0.9914330370441761,0.783330543120702,0.6258828535676002,0.9944728877466213,0.9788782705169031,0.9937131653309509,0.9869342481388765,0.9761539582283267,0.9785076076743984
longlive+rule,0,49,0.7836534544799332,0.008333333333333333,0.9936854451854267,0.9889629351586299,0.6526175625622272,0.5364649089674155,0.9860431763853981,0.9702418152801692,0.9794362898956062,0.956340231815306,0.96593995453209,0.9333722085511985
longlive+rule,0,50,0.8504311496079692,0.9583333333333334,0.9867027714059271,0.9711084192173155,0.690175729483366,0.5184323084851106,0.9935039678587247,0.972390648249926,0.9938859136114198,0.9657813919191601,0.9680325415826612,0.9503385191705046
longlive+rule,0,51,0.8301154415207239,0.24166666666666667,0.9917555761931509,0.985337531321189,0.6952475577493509,0.722653133670489,0.9711554212039305,0.9631193110458993,0.9574220619054251,0.8448949346021444,0.9586512411794355,0.8556022165703172
longlive+rule,0,52,0.8153610929089445,0.23333333333333334,0.9889237099020742,0.9755708880517998,0.7139383942782879,0.6137957319617271,0.9869375404446045,0.9749402584463579,0.9829967372039313,0.9363284934969509,0.9755280525453629,0.9315988782073269
longlive+rule,0,53,0.8320657805747634,0.325,0.9917231684293272,0.9851444766879861,0.7276498484512169,0.6399471883972486,0.9759010109622956,0.9752218145370187,0.972584295969817,0.7973823254348851,0.9776956537718414,0.9140136204346889
longlive+rule,0,54,0.8660931832881972,0.9666666666666667,0.9880511291286829,0.9762887184136834,0.6640878535807133,0.6646094595392545,0.9629240774817451,0.9685235258982778,0.9582912227239019,0.7055552337600404,0.9680823541456652,0.8685732090673527
longlive+rule,0,55,0.8030964485847336,0.03333333333333333,0.9928430585269037,0.9896199575358745,0.7685550539096196,0.5380753686030706,0.9850782135576854,0.969192524645013,0.9797619646034573,0.9302866987320555,0.9627587103074597,0.9425811614809918
longlive+rule,0,56,0.7991073448784864,0.0,0.9953128102494856,0.9924614660802231,0.6470329774618148,0.6294127369920413,0.989285411846118,0.9690867509727654,0.9900979060158935,0.8946930891325494,0.9593434323546707,0.9615703445522725
longlive+rule,0,57,0.8311447861356829,0.19166666666666668,0.9930858245323964,0.9878241341137418,0.738692727148533,0.6760585442185402,0.9817488572874431,0.9713620387313509,0.9751876627565713,0.8910544316808716,0.9714499852990592,0.8962605795940431
longlive+rule,0,58,0.8212924689448049,0.325,0.9841459361648935,0.9708717900319817,0.7608571577866872,0.6144581228494644,0.9758216181008114,0.9655062128162889,0.976344149511668,0.7648064323834011,0.9635945638020833,0.8539407120532349
longlive+rule,0,59,0.7922683778206501,0.03333333333333333,0.9964886368498239,0.9956261240559466,0.5565795014997322,0.632484820485115,0.9901212221784929,0.9784744307500061,0.9897400072905965,0.931634881165849,0.9788472493489583,0.9574206889677448
longlive+rule,0,60,0.8490318292898718,0.8166666666666667,0.9912831575164418,0.9829245737019707,0.6029708266059558,0.6452313447992007,0.972231937840284,0.9719990548097999,0.9524030788531227,0.9488132277957532,0.9706334924185148,0.921456190968762
longlive+rule,0,61,0.8240657187517253,0.575,0.9791989398105959,0.9522174809337443,0.6610676021178563,0.666831317047278,0.9837355589273735,0.9643734135847147,0.9778331993327986,0.9172757265447569,0.9564644105972782,0.9079551801962011
longlive+rule,0,62,0.7920283910711234,0.0,0.9959643700199912,0.9954650891372582,0.6158743700583776,0.5895356153448422,0.9912726596401581,0.9782125643896485,0.989604238997544,0.9605736221585955,0.9779416976436491,0.9594195006775255
longlive+rule,0,63,0.8286843162464087,0.0,0.9935705977785225,0.9893829075846018,0.7660640549461046,0.6893025075395902,0.9945767075567586,0.9849006574852671,0.9965555843726922,0.9556350803174892,0.9845015330981183,0.9885214499565733
longlive+rule,0,64,0.847555834613413,0.5583333333333333,0.9923394785905816,0.9877964168592217,0.6931079341769218,0.6465012550354003,0.9820928425517524,0.9718884489183618,0.9736438366754722,0.9321269758609163,0.9683866111181116,0.9409255415451627
longlive+rule,0,65,0.8335955687508446,0.0,0.9939104114768088,0.9918070062469033,0.7728745665947597,0.7048792799313863,0.9947624237624594,0.986092117849099,0.995037684902068,0.9792115748429499,0.9885662776167675,0.9843466079034725
longlive+rule,0,66,0.7813465028322002,0.0,0.9963285051598171,0.9954822913455028,0.5793756996293863,0.5510412106911341,0.9949561320461489,0.9781763851441486,0.9967799348536358,0.9660780462397247,0.976980951780914,0.9651789697779327
longlive+rule,0,67,0.7954176383057011,1.0,0.9646223757085411,0.9386648478227503,0.5608610791862011,0.5022101792196433,0.9622825919758167,0.9479835356644102,0.9480993300836573,0.7739848851406274,0.9334877588415658,0.7787367776662362
longlive+rule,0,68,0.8242064043127596,0.0,0.9942382664096249,0.9941118511849758,0.7528087292909622,0.6606313765048981,0.9940919168696465,0.9836751758817812,0.9949487666128785,0.9690349925966824,0.9840425224714383,0.983576765831779
longlive+rule,0,69,0.8005822483814644,0.15,0.9895834040710597,0.9807415426478665,0.693875162045161,0.5530376141270001,0.9910265108341816,0.9789465685409068,0.9923221000500263,0.9190249994021504,0.9814910560525874,0.9480220497656269
longlive+rule,0,70,0.8811209676353448,1.0,0.9918122885523883,0.9851355585163714,0.7422187171975771,0.6039298857251804,0.9919148410481085,0.9632356110312671,0.9907073785861333,0.9657894911385384,0.9498666414650537,0.9494423382923383
longlive+rule,0,71,0.8391771323630788,1.0,0.9798161051473205,0.9578964342478834,0.5919575872818629,0.668428580959638,0.951607395843001,0.9447513260452686,0.9154607038223936,0.88095765880176,0.924202145812332,0.8272165085087303
longlive+rule,0,72,0.8147534287659037,0.6583333333333333,0.9723382588285048,0.9463196372206694,0.7692897406220437,0.5119100381930669,0.9747679935983515,0.9602758555105925,0.9675615107260084,0.8198852098288656,0.9543452437205981,0.8392661088654975
longlive+rule,0,73,0.8256130536746161,0.9083333333333333,0.9742512552327734,0.951993631646524,0.7308223269581794,0.5323746706048648,0.9379995136676039,0.9490403883952567,0.9546906995837406,0.4454536797995327,0.9398764333417339,0.7145985060629725
longlive+rule,0,74,0.7801999433655458,0.21666666666666667,0.9884927163036021,0.9790025461499208,0.5361199810703596,0.5959912796815237,0.9722435666159971,0.9637446832965411,0.9567504629572874,0.8806480955676872,0.957354736328125,0.8828838227175865
longlive+rule,0,75,0.8475363021604984,0.8166666666666667,0.9865853979238968,0.966464822907853,0.7163979647954304,0.5903880362709363,0.9808262254678373,0.958814570645797,0.9762718549178493,0.8492423636572701,0.9509726903771842,0.8452062416477364
longlive+rule,0,76,0.8373230366227223,0.9916666666666667,0.9650829605418778,0.9366447325002133,0.7077868655224642,0.6389901091655096,0.9497900492033712,0.9563634035477302,0.938436583365484,0.6677555272809598,0.9570338751680108,0.6662784129882059
longlive+rule,0,77,0.7900568276192335,0.008333333333333333,0.9941308019065073,0.9919695524764217,0.7226202497581641,0.4825429486731688,0.9930628738235294,0.9759142545852272,0.993181366104913,0.9606686372216008,0.9721161873109878,0.9674470850399562
longlive+rule,0,78,0.737858829497515,1.0,0.9128164609599033,0.8782146494372998,0.4600236629048984,0.564935693393151,0.9556250527545591,0.9572660536668987,0.9502366147374595,0.6662890092164528,0.9520508468792002,0.7787708056574109
longlive+rule,0,79,0.8642730160824704,1.0,0.979213794389469,0.9563690202064764,0.777911995112896,0.5990662455558777,0.979558574857024,0.9595068396780978,0.9725510589858537,0.862846165895462,0.9488805627310147,0.8828567426745632
longlive+rule,0,80,0.7887604476577846,0.7833333333333333,0.9677867090849352,0.9294796370213328,0.5601813833415508,0.5752723212043445,0.9591031451727399,0.955609062439428,0.9529443292608184,0.6922191090005285,0.9491031769783266,0.7723718891624644
longlive+rule,0,81,0.7885981347428446,1.0,0.957002719898315,0.9205508754767623,0.576519696816802,0.530812951674064,0.9538584342326872,0.9452379462656325,0.9445894239971074,0.6810119497675856,0.9252295053133399,0.826225623613646
longlive+rule,0,82,0.7465712836765399,0.2833333333333333,0.9916259189212544,0.982563355596237,0.517744804829359,0.3563650911053022,0.973771470419371,0.9518829128348328,0.9683129016430146,0.7974961051920882,0.9373088221396169,0.8425455978688072
longlive+rule,0,83,0.8108078257039698,0.08333333333333333,0.991741721194725,0.984779941747391,0.7724961062868437,0.5917063256104788,0.9824086405130565,0.959971047192839,0.9766820428352202,0.8877318529020838,0.9473139280913979,0.9125120837648376
longlive+rule,0,84,0.8286983529798406,0.4666666666666667,0.9891115764653367,0.9807669412563829,0.6963166319231192,0.652664661904176,0.9509401280716258,0.9574218686357876,0.9702801615360283,0.4931990221659301,0.9594643213415659,0.6607179607914275
longlive+rule,0,85,0.787872735486379,1.0,0.964782475162875,0.9315061969149346,0.6795134885658821,0.4216697650651137,0.9111508871013602,0.9417028121509042,0.8822717253799721,0.5418880036523362,0.9311854864961358,0.6067767129475329
longlive+rule,0,86,0.7735297978935889,0.058333333333333334,0.9955322540756569,0.9948343793862785,0.6712747305730978,0.38515967279672625,0.9916738217320891,0.9798978172371183,0.9920633096368082,0.9411105042746087,0.9827357138356855,0.9519674630225206
longlive+rule,0,87,0.7853218395030961,0.7833333333333333,0.9621471493660008,0.9245769908069784,0.7201199281116326,0.46771063605944313,0.9372422683783177,0.9433857522374552,0.9443566433564629,0.4861947576037976,0.9303158339633737,0.6800669642055736
longlive+rule,0,88,0.8493894263488055,0.9166666666666666,0.9824884213361567,0.9699874898966621,0.7308210159142813,0.5339398408929507,0.9800275105852477,0.9658731526542189,0.9710340596014453,0.9057433515035805,0.961331800235215,0.8878909730109847
longlive+rule,0,89,0.8255877602279873,1.0,0.9914766694358031,0.9778949221053154,0.4978879168530305,0.5372832335531712,0.9708689819001018,0.9597978395097918,0.9639933405303827,0.784661740064621,0.9518725323420699,0.8569328952737215
longlive+rule,0,90,0.7959229295480809,0.0,0.9963467748524728,0.9961546537806005,0.7039907310207685,0.5257963525752226,0.9928387318508527,0.9752077136688743,0.9944112237983493,0.9409310076417041,0.9757820375504032,0.9342042295371785
longlive+rule,0,91,0.781804469856294,0.016666666666666666,0.9948133237235496,0.9909298255903268,0.6686028062601885,0.4894915347297986,0.9890599935228942,0.9717886467461462,0.9885455117831305,0.9160824375493186,0.9695715463289649,0.92817360939098
longlive+rule,0,92,0.8055841391773673,0.0,0.995553772244742,0.9947527423228313,0.7446596389810244,0.5517350283761819,0.9955082765623915,0.974887080425152,0.9964133385208346,0.980127123474073,0.9691368185063844,0.9730584518749172
longlive+rule,0,93,0.8091981335641609,0.23333333333333334,0.9934882239015249,0.9876108767978508,0.7412537730733554,0.5160999755064647,0.9866876091731572,0.9619988558415147,0.9811255261542335,0.9509350920424742,0.9497195007980511,0.930910238698751
longlive+rule,0,94,0.8094644220789018,0.11666666666666667,0.9926949457603481,0.98907453254547,0.7372936602234841,0.5555081481734911,0.9922756888675635,0.9744383024120448,0.9915095316466463,0.963473809116027,0.9710189983408938,0.9561433261182127
longlive+rule,0,95,0.7752211244803096,0.0,0.9954496670035164,0.9941702816591543,0.6742720107038817,0.44097967172662417,0.9903241253675911,0.9688192895168333,0.9917732768401665,0.9030430647505432,0.9612904538390458,0.947643615117594
longlive+rule,0,96,0.852998812676305,0.6,0.9916617080338708,0.9799928538549959,0.7547029225230216,0.6411225527524949,0.9727300635858287,0.9664765331935032,0.9597822192295264,0.852488578367634,0.9622716103830645,0.8912582457566461
longlive+rule,0,97,0.8162454440939343,0.3,0.9895040993603563,0.9828160834935756,0.7414684184392293,0.5622484038273493,0.9797052283831572,0.9626570162787716,0.9819250168739467,0.7826095100711373,0.9600026776713709,0.8274151394848063
longlive+rule,0,98,0.7959123199508191,0.0,0.9899895757958558,0.9829838373536378,0.776908747712771,0.5214617329339186,0.9908443824780971,0.9685772003009891,0.9906634156341835,0.9381640224146242,0.9613835816742271,0.9435945128192421
longlive+rule,0,99,0.7893118314655989,0.5916666666666667,0.9693367445138075,0.9412112113229589,0.7322649391988914,0.46395972470442454,0.9594153709279661,0.9565810382707464,0.9410283624204576,0.7851190569520998,0.9507662209131384,0.7772789147972059
longlive+rule,0,100,0.813145542216322,0.06666666666666667,0.9849248709772964,0.9748726352679185,0.661881765494744,0.7381840695937475,0.9880569062151862,0.9829834503573653,0.9850118306695774,0.9391208636660536,0.9883429414482527,0.954920189470804
longlive+rule,0,101,0.7717140373172156,0.03333333333333333,0.9967519146284017,0.9943962319166052,0.46350821817914645,0.6650290230909983,0.9509291263434851,0.9601903336453953,0.9543902455158132,0.5779010896422282,0.9555246660786291,0.818344901840226
longlive+rule,0,102,0.7935641785976835,0.041666666666666664,0.9757932057031992,0.9502508468409769,0.7177988780140877,0.6997054412961006,0.9880579493355354,0.9575255927184564,0.9875738482401576,0.8962376142750267,0.9435974121093751,0.897777235558053
longlive+rule,0,103,0.7995985631141388,0.0,0.994663444879636,0.9917329531050975,0.73763837180535,0.553907631834348,0.9835145549070131,0.9683811588715514,0.9786360379989428,0.8929092177823812,0.9666140320480511,0.8831281276310191
longlive+rule,0,104,0.8693435733033457,0.9916666666666667,0.9831974600700991,0.966654464777778,0.7178528026739757,0.6369457965095838,0.9766229784007102,0.9752598599483904,0.9651053593524039,0.8878271031279524,0.9771292081443211,0.9217275002924334
longlive+rule,0,105,0.8298102829718377,1.0,0.9781335007198881,0.9573035747085521,0.5241681015690167,0.6488679086168607,0.9658916944026397,0.9573847711513664,0.958404710768692,0.7474544154746192,0.9490924794186827,0.8327595576518724
longlive+rule,0,106,0.8286883834116646,0.85,0.9800066287559732,0.9667235078998642,0.6815048837761084,0.5351931855082512,0.961540502597141,0.9553943887156949,0.9500273045913507,0.744599940897036,0.9422692739835349,0.8644630946532017
longlive+rule,0,107,0.8294899232435023,0.39166666666666666,0.988499513151689,0.9827296901606266,0.6824384755690893,0.6498351802428564,0.9839372125018074,0.9703533836215589,0.9784462193327566,0.9133312879991131,0.967933572748656,0.914329686335155
longlive+rule,0,108,0.8270356277243595,1.0,0.9659139959992634,0.932654652938344,0.6830475635925928,0.580069488286972,0.962751120343316,0.9603198335113153,0.9440195731418107,0.8163634592495045,0.956982421875,0.7915404336292202
longlive+rule,0,109,0.9015171330447933,0.975,0.9877082855790034,0.9789019946802675,0.753660562256972,0.743869186937809,0.9918546556378985,0.9814462743859761,0.9902570436478302,0.9713884391704527,0.9842798376596101,0.9601225054063717
longlive+rule,0,110,0.8511569009480263,0.975,0.9895886347131445,0.9815003061060812,0.65708031347394,0.5107946924865245,0.9948973938802514,0.9705826990978436,0.9956936716392477,0.9762933134030896,0.9638558992775539,0.9532739983386352
longlive+rule,0,111,0.8284007464728707,1.0,0.9601308418942348,0.9273342359143925,0.7775370632608731,0.5387117894987266,0.9584079432121075,0.9566421004398185,0.9433048664722391,0.7486168550593513,0.9502593665994624,0.7846643674273451
longlive+rule,0,112,0.7734112814867994,0.9333333333333333,0.9566162582681309,0.9108742703331841,0.6436596543391547,0.3997494377195835,0.9716498765862145,0.9490292305478453,0.9662784747178517,0.7788266782500163,0.9329917989751344,0.8229349736406022
longlive+rule,0,113,0.8366605816959005,0.8916666666666667,0.9787215199293453,0.9566250940241846,0.6998620868623255,0.5687918290495872,0.973174126939437,0.9532191266853347,0.965432165531061,0.8123062929185498,0.9416119975428427,0.8173673438424823
longlive+rule,0,114,0.8337781524929061,1.0,0.9695881097101041,0.9371475883558685,0.7110514619747798,0.6270156428217888,0.947198532112017,0.9325284414847502,0.9368767948560818,0.6418768715958635,0.9035729849210351,0.7653369286230632
longlive+rule,0,115,0.8405280717916775,0.9833333333333333,0.9810540048300228,0.958169827196333,0.6392559720575809,0.5823988427718481,0.980804750335249,0.9570581966319132,0.9701128494034531,0.9432167508522001,0.9453862672211021,0.8664076010219189
longlive+rule,0,116,0.854798405127913,0.8333333333333334,0.9911593758710379,0.9847178806588541,0.654732139920195,0.6289739474654198,0.973354103504135,0.9630766367054177,0.9589246618251006,0.8814812044636542,0.9597840668052756,0.8413743799974939
longlive+rule,0,117,0.8078187080862668,0.575,0.9776167698873752,0.9561167992485894,0.7039660057226818,0.5352923887471358,0.9632570871435341,0.9657979313819408,0.9563698980837099,0.7220706348659611,0.9653397754956318,0.8398759542893963
longlive+rule,0,118,0.7877166550043586,0.0,0.9937904056130331,0.9892788634269067,0.7450812277595202,0.4705693597594897,0.9882029594889609,0.9704393077136699,0.9916110831002396,0.8440645061621145,0.9670339933005712,0.9264854270370066
longlive+rule,0,119,0.8018806341089557,0.0,0.9908553521545874,0.9845901259059221,0.6858524485727152,0.649822614590327,0.9871251574980193,0.9675007244226745,0.9819841324321686,0.9511577176446674,0.963739276188676,0.8961599692076194
longlive+rule,0,120,0.8279610133380864,1.0,0.9724451023562172,0.9464002700257146,0.5576441438794136,0.6242240319649378,0.9852588692286669,0.9613660653849041,0.9788611378320442,0.9448034918608785,0.9494224630376344,0.920880459687289
longlive+rule,0,121,0.8368765467439742,0.7333333333333333,0.987047967530547,0.9785294603132734,0.7144841145277022,0.6309476892153422,0.9116883575347483,0.9444704587912527,0.9091433110176236,0.420304717480385,0.9322781470514113,0.6832389909179271
longlive+rule,0,122,0.8445995168120594,0.9833333333333333,0.9802719091159507,0.9615541461246466,0.6882226408819357,0.5804764777421951,0.9585846722832182,0.9563185732045592,0.9353886248443717,0.8184977544455969,0.9464245867985551,0.8393409853221989
longlive+rule,0,123,0.786953596927557,0.075,0.9852469730817675,0.9748710396476821,0.6792889427344004,0.5928797036409378,0.973252699576953,0.96062270263524,0.9632099491774395,0.8290391990116665,0.9528668147261425,0.8631621609214976
longlive+rule,0,124,0.840361528204131,0.85,0.9761340875284259,0.9573639556940865,0.7358434246182441,0.5977655857801437,0.9538665781378863,0.9601840489849122,0.9553918667858646,0.6038344791706871,0.963001932123656,0.6974661188716648
longlive+rule,0,125,0.7991252414335961,0.1,0.9938013685149689,0.9876026789425245,0.649927131205797,0.5975701496005058,0.9823564084599935,0.9731280871799365,0.9768293966609304,0.8832562866331148,0.9768279044858871,0.8736177517586395
longlive+rule,0,126,0.7953609738958308,1.0,0.9810301474625196,0.9627007520744224,0.5325078251014154,0.4304005851348241,0.9486944354910047,0.9439829561323492,0.9183575372542104,0.7956599793514284,0.9241462953629032,0.7942859402724675
longlive+rule,0,127,0.7940537659383666,0.0,0.9934083142850637,0.9910492013346137,0.7345456729928653,0.49743316595753034,0.9944038243557513,0.9808783133959487,0.9947285271540122,0.9761270487508854,0.9818851594002015,0.9685071639153136
