arm,seed,prompt,clip_early_4_8,clip_mid_20_26,clip_late_38_47,dino_early_4_8,dino_mid_20_26,dino_late_38_47,motion_early_4_8,motion_late_38_47,dit_ms_per_block,sat_0,sat_1,sat_2,sat_3,sat_4,sat_5,sat_6,sat_7,sat_8,sat_9,sat_10,sat_11,sat_12,sat_13,sat_14,sat_15,sat_16,sat_17,sat_18,sat_19,sat_20,sat_21,sat_22,sat_23,sat_24,sat_25,sat_26,sat_27,sat_28,sat_29,sat_30,sat_31,sat_32,sat_33,sat_34,sat_35,sat_36,sat_37,sat_38,sat_39,sat_40,sat_41,sat_42,sat_43,sat_44,sat_45,sat_46,sat_47,con_0,con_1,con_2,con_3,con_4,con_5,con_6,con_7,con_8,con_9,con_10,con_11,con_12,con_13,con_14,con_15,con_16,con_17,con_18,con_19,con_20,con_21,con_22,con_23,con_24,con_25,con_26,con_27,con_28,con_29,con_30,con_31,con_32,con_33,con_34,con_35,con_36,con_37,con_38,con_39,con_40,con_41,con_42,con_43,con_44,con_45,con_46,con_47,det_0,det_1,det_2,det_3,det_4,det_5,det_6,det_7,det_8,det_9,det_10,det_11,det_12,det_13,det_14,det_15,det_16,det_17,det_18,det_19,det_20,det_21,det_22,det_23,det_24,det_25,det_26,det_27,det_28,det_29,det_30,det_31,det_32,det_33,det_34,det_35,det_36,det_37,det_38,det_39,det_40,det_41,det_42,det_43,det_44,det_45,det_46,det_47,bri_0,bri_1,bri_2,bri_3,bri_4,bri_5,bri_6,bri_7,bri_8,bri_9,bri_10,bri_11,bri_12,bri_13,bri_14,bri_15,bri_16,bri_17,bri_18,bri_19,bri_20,bri_21,bri_22,bri_23,bri_24,bri_25,bri_26,bri_27,bri_28,bri_29,bri_30,bri_31,bri_32,bri_33,bri_34,bri_35,bri_36,bri_37,bri_38,bri_39,bri_40,bri_41,bri_42,bri_43,bri_44,bri_45,bri_46,bri_47
LLS_33,0,0,0.05920642614364624,0.04573798179626465,0.025515437126159668,0.030124127864837646,-0.007247209548950195,0.0026617050170898438,7.673717498779297,7.114858627319336,2647.925384283066,0.6428048610687256,0.6307275891304016,0.6251251846551895,0.6318966448307037,0.6246478334069252,0.6239129304885864,0.6121431216597557,0.6040403917431831,0.6000263169407845,0.5953880026936531,0.5937379598617554,0.5921158939599991,0.5752268433570862,0.5628830119967461,0.5466936379671097,0.5248309522867203,0.5094370245933533,0.5086964219808578,0.5110406056046486,0.5248906314373016,0.5291197448968887,0.5375495627522469,0.5415156409144402,0.5265950113534927,0.5118248984217644,0.5062454789876938,0.5064040385186672,0.509946845471859,0.5227460637688637,0.5241775661706924,0.5159199461340904,0.5071034729480743,0.5083639845252037,0.569741889834404,0.5749767050147057,0.5611248835921288,0.5506651028990746,0.5513984933495522,0.546363890171051,0.5349672436714172,0.5394206121563911,0.5414856374263763,0.5361713021993637,0.556582972407341,0.5612424165010452,0.5564930364489555,0.5472707524895668,0.548119808946337,0.2802385091781616,0.2832951694726944,0.28266647085547447,0.28193381056189537,0.2864384390413761,0.2929522804915905,0.29040399193763733,0.28842317685484886,0.28904661908745766,0.2877284958958626,0.28613435477018356,0.2848610170185566,0.28924887999892235,0.29636455327272415,0.29820648208260536,0.3060259558260441,0.30859677493572235,0.30290473997592926,0.3012511134147644,0.29883846640586853,0.3019989877939224,0.3002050817012787,0.2970869317650795,0.3048137463629246,0.31211334466934204,0.31343722343444824,0.3180284835398197,0.3200836256146431,0.3139968365430832,0.31166429445147514,0.31461814045906067,0.31509382650256157,0.3095591217279434,0.2756098657846451,0.27503104880452156,0.28173841163516045,0.2852466441690922,0.291124913841486,0.29345713183283806,0.2906104177236557,0.2884204834699631,0.28608056902885437,0.2899799048900604,0.2901705987751484,0.28800325468182564,0.29375533014535904,0.296832125633955,0.2936366839068277,0.0846816236153245,0.08300999272614717,0.08261503092944622,0.08708514086902142,0.09070397261530161,0.0876556197181344,0.09058746602386236,0.0903772097080946,0.09912262111902237,0.09862682316452265,0.08750719763338566,0.08125645387917757,0.08313023392111063,0.0864985166117549,0.08609992638230324,0.08684908878058195,0.08556479401886463,0.08537634462118149,0.08438789565116167,0.08456124458462,0.09119347017258406,0.0911034531891346,0.08485971111804247,0.0850152587518096,0.08661272097378969,0.08321040589362383,0.08427943475544453,0.0884165046736598,0.09255154058337212,0.10342476051300764,0.10244388785213232,0.10111787915229797,0.10297915805131197,0.09191378485411406,0.09240218251943588,0.09908401593565941,0.10068058501929045,0.09824849478900433,0.10391857754439116,0.09913236740976572,0.09378364309668541,0.10653044003993273,0.11117452010512352,0.10768577177077532,0.11000252887606621,0.10985846351832151,0.11593299638479948,0.11673583409615926,0.3870195671916008,0.3848876804113388,0.395819466561079,0.3960588760674,0.40389399230480194,0.4039412997663021,0.42042088881134987,0.42430249601602554,0.41525308415293694,0.40714503452181816,0.4123210571706295,0.4068824127316475,0.4079871363937855,0.4043903313577175,0.4017998203635216,0.42227678373456,0.4331948347389698,0.41419167816638947,0.39910998567938805,0.3922756649553776,0.4049135707318783,0.3998139277100563,0.39710206910967827,0.4017595089972019,0.4121825620532036,0.4241299331188202,0.42538170889019966,0.42157649993896484,0.4040793180465698,0.40696030482649803,0.41641880944371223,0.4242643862962723,0.42575327679514885,0.3916054666042328,0.3917621858417988,0.41333579272031784,0.42707325145602226,0.4281039722263813,0.4301474206149578,0.4270255081355572,0.4062342569231987,0.40291667357087135,0.4139481447637081,0.39943864196538925,0.39055079594254494,0.38829728588461876,0.39790403470396996,0.3993588515690395
LLS_33,1,0,0.026750147342681885,-0.0015531182289123535,0.0047432780265808105,0.04600471258163452,0.022077858448028564,0.05373382568359375,7.502527713775635,7.675183296203613,3802.943497657776,0.591236412525177,0.588260717689991,0.5619098395109177,0.5453737825155258,0.5418556705117226,0.5411024838685989,0.5219831392168999,0.5286542922258377,0.5188616812229156,0.5058131664991379,0.5067474842071533,0.4908772222697735,0.4873691014945507,0.4790787473320961,0.46267082914710045,0.4485117755830288,0.44035952165722847,0.43126876652240753,0.44158366695046425,0.45027078688144684,0.44028231501579285,0.44737907499074936,0.4356103092432022,0.4363388568162918,0.44810378178954124,0.436984296888113,0.4415590986609459,0.44789567217230797,0.4357236362993717,0.4409467838704586,0.44012439250946045,0.4435242712497711,0.45682424679398537,0.535436600446701,0.5313336402177811,0.5215007960796356,0.5037039518356323,0.5007166787981987,0.489710234105587,0.48340433835983276,0.4790181405842304,0.4778457470238209,0.4776853658258915,0.4804631136357784,0.4654829315841198,0.4557141363620758,0.47395287826657295,0.47489870871816364,0.29147202894091606,0.2912309393286705,0.29720044136047363,0.29710445180535316,0.2939121201634407,0.29509273916482925,0.29589617624878883,0.2895438186824322,0.2878749184310436,0.287221472710371,0.28825413808226585,0.28855570033192635,0.2906681001186371,0.29443293809890747,0.29714301601052284,0.2965805046260357,0.29919493198394775,0.30013930052518845,0.29753707349300385,0.2972670868039131,0.2972409911453724,0.28588109463453293,0.28844109922647476,0.28752583637833595,0.2867971509695053,0.289322342723608,0.29002567008137703,0.29335132241249084,0.2975304014980793,0.3006047382950783,0.31067823246121407,0.3111143186688423,0.30447928607463837,0.28488942235708237,0.2865719757974148,0.28934669494628906,0.28956858441233635,0.29420123249292374,0.29829902201890945,0.3017742410302162,0.3029432110488415,0.3040129952132702,0.3123271055519581,0.31216947734355927,0.31887373700737953,0.3247738294303417,0.32474130392074585,0.3221774867602757,0.08465884905308485,0.08081101905554533,0.07686668634414673,0.07656739465892315,0.0766332782804966,0.07612268533557653,0.07606222666800022,0.0742049440741539,0.07643646374344826,0.07383581902831793,0.07232712022960186,0.07666053902357817,0.07689909357577562,0.07641625311225653,0.07345846761018038,0.07877195999026299,0.0820612721145153,0.08164056669920683,0.07993990834802389,0.08077436219900846,0.08319620601832867,0.08089644741266966,0.07830300461500883,0.08075667265802622,0.08045284915715456,0.08025003969669342,0.08411448076367378,0.08138695452362299,0.08149785362184048,0.08457763865590096,0.08603566233068705,0.08558701071888208,0.08268928341567516,0.08435875736176968,0.08368446119129658,0.08037469815462828,0.08267296850681305,0.08329877723008394,0.0783906802535057,0.0779444295912981,0.07749408856034279,0.08833705820143223,0.08756006322801113,0.08719559293240309,0.09210397861897945,0.09827443864196539,0.08920751325786114,0.08752605425459999,0.4216458983719349,0.4088601879775524,0.4305044449865818,0.4355878047645092,0.44222964718937874,0.41956330090761185,0.4309237189590931,0.4206513874232769,0.4293486587703228,0.44075005128979683,0.4385875090956688,0.44846318662166595,0.43585532531142235,0.43458878993988037,0.45139771699905396,0.4614805467426777,0.4596722200512886,0.44756750017404556,0.42469513416290283,0.41026320680975914,0.41842807829380035,0.419296570122242,0.4349222332239151,0.43375328183174133,0.42406320571899414,0.43228182569146156,0.4306124150753021,0.41199841350317,0.4146597161889076,0.41187378391623497,0.4227227419614792,0.4194537363946438,0.4269668273627758,0.4250043295323849,0.43285365775227547,0.4468030780553818,0.46393199265003204,0.46456053480505943,0.45954455062747,0.44830917194485664,0.4392823167145252,0.4316451735794544,0.4192177914083004,0.418595340102911,0.43224649876356125,0.4354683496057987,0.4129990264773369,0.4056559886251177
LLS_33,0,1,0.04185283184051514,0.0262601375579834,0.018190383911132812,0.09464305639266968,0.12492513656616211,0.08838343620300293,4.48622465133667,3.830864906311035,1842.986876487732,0.3879335783421993,0.38860373944044113,0.3901769854128361,0.3894420973956585,0.3872118927538395,0.39405591040849686,0.404822438955307,0.40711677074432373,0.39613059908151627,0.3810105733573437,0.372569065541029,0.345130056142807,0.36444368213415146,0.3880093954503536,0.40764280036091805,0.40868233889341354,0.4016546197235584,0.4102015942335129,0.42379819229245186,0.4137410297989845,0.40241964161396027,0.38422923535108566,0.3690231814980507,0.36956068128347397,0.3782554417848587,0.3703380674123764,0.364953238517046,0.3636847734451294,0.3649110868573189,0.3800690732896328,0.4056999050080776,0.4244900159537792,0.4358883947134018,0.3834439218044281,0.358932014554739,0.36180175095796585,0.3635223060846329,0.3743142746388912,0.4131874181330204,0.4337209686636925,0.4299890324473381,0.43363504484295845,0.43257372826337814,0.4214302934706211,0.41024458035826683,0.3992871344089508,0.4012814834713936,0.41146303926195416,0.3106079287827015,0.3125835210084915,0.3137294761836529,0.3163757361471653,0.31613844633102417,0.31710509210824966,0.31153663620352745,0.3011802062392235,0.30118927732110023,0.2925221025943756,0.29356957972049713,0.2977897562086582,0.303776565939188,0.3041972555220127,0.30725736916065216,0.30993661656975746,0.3119419291615486,0.3123561032116413,0.312964778393507,0.3114857152104378,0.31029095128178596,0.3118099756538868,0.30991192162036896,0.3066652901470661,0.3071454167366028,0.303373571485281,0.3060568906366825,0.31322113797068596,0.31975576654076576,0.32425473257899284,0.3224511258304119,0.32089927792549133,0.3169596381485462,0.30409760773181915,0.3094348609447479,0.30795278772711754,0.30826684460043907,0.3114207871258259,0.312887579202652,0.3103666938841343,0.31365398690104485,0.31856560334563255,0.32455743476748466,0.32685623317956924,0.3272663839161396,0.33074942603707314,0.330368347465992,0.32634821108409334,0.09020176716148853,0.08456343878060579,0.07697045989334583,0.07443372067064047,0.07076429110020399,0.07091685477644205,0.06988333631306887,0.07215701602399349,0.0701509416103363,0.07562277466058731,0.07968745846301317,0.07714505773037672,0.07136993668973446,0.06675311271101236,0.0656791441142559,0.06708482932299376,0.0690686572343111,0.07140614930540323,0.06859167665243149,0.06981246266514063,0.06743231974542141,0.06736317090690136,0.06619719229638577,0.0645983712747693,0.07122226525098085,0.07502442318946123,0.0714428685605526,0.07086013816297054,0.06848712265491486,0.06507789110764861,0.06210629502311349,0.06835239753127098,0.06880544032901525,0.06386195588856936,0.06738537084311247,0.07114396337419748,0.07044428586959839,0.06682312209159136,0.06704322248697281,0.06950612179934978,0.07116233743727207,0.07211241777986288,0.07395763415843248,0.07446414139121771,0.07295161485671997,0.07482341025024652,0.0733670312911272,0.07090100858892713,0.5127455294132233,0.5087727531790733,0.5041662901639938,0.5007214024662971,0.5010287575423717,0.49503058567643166,0.48347511887550354,0.48115940019488335,0.48765788972377777,0.49431946128606796,0.500013392418623,0.507765956223011,0.48410850390791893,0.45847681164741516,0.4286794327199459,0.43016357719898224,0.4376979060471058,0.4396149627864361,0.43264734745025635,0.4376249574124813,0.44104501977562904,0.44665489718317986,0.45781659707427025,0.47050846368074417,0.48604265227913857,0.4903798885643482,0.4917091652750969,0.499051745980978,0.48616519942879677,0.45742545276880264,0.4327153377234936,0.4237756058573723,0.42575807124376297,0.4706633910536766,0.4968983866274357,0.49431296065449715,0.49540360271930695,0.4791671484708786,0.4374157562851906,0.4173486530780792,0.42264215275645256,0.42722850665450096,0.427970077842474,0.4309825263917446,0.4314362406730652,0.4405324459075928,0.44654324278235435,0.4379951315266745
LLS_33,1,1,0.07978034019470215,0.06423205137252808,0.053389668464660645,0.07681173086166382,0.006117522716522217,0.006857037544250488,3.9809398651123047,3.659623622894287,3549.912006378174,0.3826031796634197,0.36991388350725174,0.3676028251647949,0.37101760879158974,0.36890408024191856,0.3766898326575756,0.3681512884795666,0.35759570449590683,0.3644862622022629,0.3836580701172352,0.3891247324645519,0.37703580781817436,0.3659590147435665,0.34554025530815125,0.3263885974884033,0.32339826598763466,0.31744277477264404,0.3152617737650871,0.32195303961634636,0.352999497205019,0.3788851127028465,0.37871623039245605,0.3765879161655903,0.37694966048002243,0.3781289644539356,0.36249420791864395,0.36326801776885986,0.363533403724432,0.3852054364979267,0.3897305466234684,0.3904748372733593,0.39699915796518326,0.39250606670975685,0.3528882712125778,0.33424799144268036,0.32367604970932007,0.3250471018254757,0.3210038021206856,0.3225836753845215,0.33205725625157356,0.3452269546687603,0.35717063397169113,0.36148831993341446,0.36803505197167397,0.36042579263448715,0.35463838279247284,0.35983292013406754,0.3587602504662105,0.30150172859430313,0.2988447993993759,0.301288615912199,0.3040522485971451,0.30256175622344017,0.3037479557096958,0.29897482693195343,0.2948526218533516,0.2990371882915497,0.30029891803860664,0.2992607653141022,0.2960427962243557,0.30414553359150887,0.3087255693972111,0.30719927325844765,0.3114125393331051,0.31460320577025414,0.3058670684695244,0.2980470210313797,0.30105698108673096,0.30313893780112267,0.29753586649894714,0.2903195098042488,0.2915513925254345,0.2899520620703697,0.2878095619380474,0.29836781322956085,0.3014853149652481,0.3036494590342045,0.3078145235776901,0.31267697736620903,0.3174617439508438,0.3107309602200985,0.2992022819817066,0.2943134941160679,0.2902955561876297,0.2898216024041176,0.2907337173819542,0.29512684792280197,0.2979261428117752,0.2990397661924362,0.3009440675377846,0.30707723647356033,0.3115689419209957,0.30911245942115784,0.30733735859394073,0.30853061750531197,0.3029813936778477,0.08223124593496323,0.07780643459409475,0.0725822001695633,0.07021564990282059,0.06653689686208963,0.06313567934557796,0.0607286118902266,0.059627098962664604,0.06055988930165768,0.06427420116961002,0.06319784792140126,0.05871096579357982,0.058953200932592154,0.060123980045318604,0.06145896250382066,0.0619411151856184,0.06316727818921208,0.06837186776101589,0.06780170928686857,0.0672511626034975,0.06846946384757757,0.07204301282763481,0.069890471175313,0.06970936805009842,0.07396365329623222,0.07383175659924746,0.07022863533347845,0.06985581200569868,0.06815711688250303,0.06489235814660788,0.06251277681440115,0.06263991259038448,0.061939040664583445,0.06637605372816324,0.06463677901774645,0.059580044355243444,0.05948973959311843,0.060984088107943535,0.06200679298490286,0.05974934622645378,0.06295799696817994,0.06498347502201796,0.06207110686227679,0.062171903904527426,0.061688213143497705,0.06376152811571956,0.06473018042743206,0.06278886433158602,0.5125409513711929,0.5157394334673882,0.5117218419909477,0.5068764239549637,0.5038949996232986,0.49943146482110023,0.5070065781474113,0.501717034727335,0.4948677718639374,0.47782839462161064,0.46886758878827095,0.4688817597925663,0.4829603470861912,0.5008843578398228,0.5056971088051796,0.5023696608841419,0.5096013620495796,0.514569528400898,0.5114070400595665,0.4958229251205921,0.4942428879439831,0.5071422979235649,0.512213408946991,0.5028872452676296,0.5037299543619156,0.5149804949760437,0.50594462454319,0.49844109266996384,0.4827636331319809,0.48322732746601105,0.4846244342625141,0.48566684126853943,0.4921691305935383,0.5036799311637878,0.5102006047964096,0.5095880478620529,0.5078005939722061,0.5073612257838249,0.506830096244812,0.5044490322470665,0.4948800206184387,0.4940633848309517,0.4976419471204281,0.48753010481595993,0.4829839840531349,0.48706168308854103,0.4887939803302288,0.4890022192682539
LLS_33,0,2,0.10035240650177002,0.012609481811523438,0.025491654872894287,0.08013403415679932,0.028302013874053955,0.04705077409744263,3.157618761062622,4.930935859680176,1842.2061190605164,0.4884791113436222,0.4876084104180336,0.4881606996059418,0.4838705398142338,0.4821110926568508,0.486686110496521,0.48939963802695274,0.493126705288887,0.4938798360526562,0.49772223830223083,0.49919118732213974,0.49537016078829765,0.4868597835302353,0.4759055972099304,0.4697100520133972,0.47566286101937294,0.48512478917837143,0.5061463862657547,0.5168219655752182,0.5130802616477013,0.5053835287690163,0.5003564395010471,0.5015111640095711,0.5047874227166176,0.5136523768305779,0.5204704254865646,0.5210658088326454,0.5191342905163765,0.5179786533117294,0.5240275040268898,0.5285558626055717,0.5310727134346962,0.5287479236721992,0.5535581037402153,0.5441472753882408,0.5383925139904022,0.531067244708538,0.5350948348641396,0.5381083488464355,0.5335863754153252,0.5321711823344231,0.5268957242369652,0.5192140638828278,0.5264458954334259,0.5376288443803787,0.5445484071969986,0.5444048419594765,0.5382676635469709,0.3087363764643669,0.3070165626704693,0.30660852417349815,0.3089858293533325,0.3092055022716522,0.30881229043006897,0.30434777587652206,0.30032769963145256,0.29861463978886604,0.29813022166490555,0.30057039111852646,0.301254466176033,0.2998359389603138,0.30037473887205124,0.30290796235203743,0.3029830791056156,0.29839614778757095,0.29911763593554497,0.3009078577160835,0.29830384999513626,0.29656966775655746,0.2956937626004219,0.2963215075433254,0.29560258984565735,0.28927312791347504,0.28389228880405426,0.2846645563840866,0.2853110730648041,0.2833966128528118,0.2834557704627514,0.28161725029349327,0.27423109486699104,0.2725319117307663,0.29436133801937103,0.29709451273083687,0.29394179955124855,0.29032883793115616,0.29023535177111626,0.2863057367503643,0.2810625471174717,0.2768147550523281,0.2781381830573082,0.2809218652546406,0.27727295830845833,0.27423369139432907,0.27335136383771896,0.2720722630620003,0.2710351518222264,0.05871502170339227,0.06056919600814581,0.06025213375687599,0.05750768259167671,0.05661461781710386,0.05673578614369035,0.05702465120702982,0.0579632711596787,0.05938387056812644,0.060901081189513206,0.06046270113438368,0.05944221653044224,0.057688383385539055,0.057188316248357296,0.059507444966584444,0.06361046433448792,0.06522705964744091,0.06321476958692074,0.05989329284057021,0.057952025439590216,0.05757690966129303,0.05978936888277531,0.06392157077789307,0.0691487854346633,0.07215873338282108,0.07216651272028685,0.07052923925220966,0.0699394317343831,0.06789054162800312,0.06909165065735579,0.07438480574637651,0.07915606442838907,0.0751990545541048,0.05891510006040335,0.06293034506961703,0.0649703349918127,0.0641641765832901,0.06515955552458763,0.06713578011840582,0.06924297753721476,0.0730469049885869,0.07560465950518847,0.07279059756547213,0.0732697518542409,0.07159517891705036,0.07374557014554739,0.07808268442749977,0.08093867238078799,0.49803324416279793,0.49961500987410545,0.49437199905514717,0.494848620146513,0.4911762438714504,0.4885805994272232,0.48545652627944946,0.4753757193684578,0.4754667952656746,0.4805985800921917,0.4857720732688904,0.4854331761598587,0.4716561920940876,0.4574298784136772,0.4555214233696461,0.4639739319682121,0.4684331342577934,0.4713801220059395,0.4635670408606529,0.45962043851614,0.4532337114214897,0.4539962559938431,0.45958616957068443,0.46464915201067924,0.47243162617087364,0.47929439693689346,0.4823702238500118,0.48724114149808884,0.49443135410547256,0.49358849972486496,0.49281827360391617,0.49657372385263443,0.5076419115066528,0.4928717873990536,0.4920382499694824,0.4845331981778145,0.4866587482392788,0.48204221948981285,0.4865464121103287,0.5007366389036179,0.5026272125542164,0.49767356738448143,0.49857382103800774,0.5001713745296001,0.49737922847270966,0.49246426671743393,0.4878438450396061,0.4838919384138925
LLS_33,1,2,0.11317181587219238,0.08545756340026855,0.0979427695274353,0.08902794122695923,0.07784181833267212,0.07151234149932861,3.511535167694092,4.257492542266846,1835.6610567569733,0.6161346957087517,0.6164892613887787,0.6114516630768776,0.6077139601111412,0.6083623245358467,0.6016763225197792,0.6006637513637543,0.6074451357126236,0.6123346239328384,0.6068376451730728,0.597432404756546,0.5879516527056694,0.5802849307656288,0.5865838006138802,0.5929517149925232,0.5869311168789864,0.5700447335839272,0.5664256736636162,0.5692418068647385,0.5731022208929062,0.5711346566677094,0.5699245408177376,0.5606205612421036,0.5444902256131172,0.5427176654338837,0.5452633202075958,0.5474290102720261,0.5513939708471298,0.5522519946098328,0.5454694703221321,0.536754921078682,0.5309193134307861,0.5304454639554024,0.5629443302750587,0.5717433169484138,0.5712788626551628,0.5745287835597992,0.5838037580251694,0.5833601653575897,0.5827707871794701,0.5829336196184158,0.578856498003006,0.5690462067723274,0.5711984485387802,0.5726376920938492,0.5905621349811554,0.5848814845085144,0.5794604165213448,0.30348191410303116,0.3010696955025196,0.3012133240699768,0.3000801093876362,0.299532238394022,0.30067774280905724,0.295583613216877,0.29020050913095474,0.29124243184924126,0.29144617915153503,0.29246649891138077,0.2933735363185406,0.2917521446943283,0.2886056676506996,0.2867244929075241,0.28874556347727776,0.29367783665657043,0.29669327661395073,0.29644543677568436,0.29579002410173416,0.2931761033833027,0.2915700450539589,0.2964545041322708,0.29830333963036537,0.29807237908244133,0.29355156049132347,0.295710701495409,0.2957386039197445,0.2971643805503845,0.2988124005496502,0.30173324048519135,0.30433855578303337,0.3024108484387398,0.2946089692413807,0.29345860332250595,0.29650626704096794,0.295026209205389,0.29122988879680634,0.28814611583948135,0.2850392162799835,0.2839520573616028,0.28834857791662216,0.29619041830301285,0.30022498965263367,0.2975812591612339,0.29214610904455185,0.2901441641151905,0.2888314851692745,0.0530152921564877,0.051594425924122334,0.052433546632528305,0.0530849564820528,0.054024805780500174,0.054425591602921486,0.05439102416858077,0.05255176452919841,0.05123330280184746,0.04955119686201215,0.049836423713713884,0.05202730558812618,0.053302451968193054,0.05127046722918749,0.04952173586934805,0.04748924635350704,0.046769323758780956,0.04669123375788331,0.045956685207784176,0.0462462967261672,0.04654991766437888,0.046778741758316755,0.04622428258880973,0.04774863924831152,0.048923338297754526,0.047390425112098455,0.04584355326369405,0.04689893592149019,0.045982224866747856,0.04611464310437441,0.04691238468512893,0.04850329365581274,0.04801704687997699,0.046299359761178493,0.04528748709708452,0.045927701983600855,0.04710522014647722,0.05014271941035986,0.05341613991186023,0.052612763829529285,0.05176125094294548,0.05274063162505627,0.052229708060622215,0.052070531994104385,0.05027606524527073,0.05072376737371087,0.05415574414655566,0.057030601160866876,0.4621036686003208,0.4537682346999645,0.45204007253050804,0.45625369623303413,0.4571625180542469,0.4589548669755459,0.45986393094062805,0.45219360291957855,0.44381050392985344,0.4434268847107887,0.4462004154920578,0.44866931438446045,0.4486214108765125,0.44825156405568123,0.4458579681813717,0.4469490349292755,0.44474727287888527,0.4441543258726597,0.4450485594570637,0.44502047821879387,0.4468201622366905,0.4463646411895752,0.4486229307949543,0.4483575075864792,0.44804811105132103,0.44763868674635887,0.4565596468746662,0.46002500131726265,0.45311737805604935,0.45210128277540207,0.45291581004858017,0.44902267679572105,0.4481566995382309,0.46575960889458656,0.47965722158551216,0.47169557958841324,0.46917450428009033,0.4725635163486004,0.47883276268839836,0.48270395770668983,0.4747765362262726,0.4664015397429466,0.456312395632267,0.45106107741594315,0.4542766883969307,0.4629933647811413,0.47940849140286446,0.47627682771001545
LLS_33,0,3,0.03392970561981201,-0.0017278194427490234,0.01656550168991089,0.018049120903015137,-0.007296144962310791,-0.009867608547210693,5.501095771789551,4.071159362792969,2650.1775913238525,0.6846218705177307,0.6692278757691383,0.6662841141223907,0.6670309156179428,0.671856515109539,0.674022488296032,0.663378931581974,0.6523944437503815,0.6520101428031921,0.6588265299797058,0.6636147126555443,0.661189965903759,0.6523204669356346,0.6442312300205231,0.6442225426435471,0.6389990746974945,0.6384586319327354,0.6385499984025955,0.633168563246727,0.6259349584579468,0.6170586049556732,0.6030661389231682,0.5910061374306679,0.5769589319825172,0.5731334686279297,0.5794176980853081,0.5840523689985275,0.5873197540640831,0.5933804959058762,0.6023420169949532,0.5924385711550713,0.5792364627122879,0.582850731909275,0.626087062060833,0.6234923601150513,0.6146079897880554,0.6200079321861267,0.6148300245404243,0.5998041480779648,0.5956292450428009,0.6092704236507416,0.6197718307375908,0.62579745054245,0.629601001739502,0.631507083773613,0.6295436844229698,0.6324748992919922,0.6304099048886981,0.2475540805608034,0.2471378594636917,0.24780578538775444,0.25234122201800346,0.2545832432806492,0.2561051659286022,0.25341038033366203,0.24689526669681072,0.2413104958832264,0.24174127914011478,0.24548637866973877,0.24347887374460697,0.24425788410007954,0.24481886997818947,0.24393262155354023,0.24699932523071766,0.24911856092512608,0.2475906740874052,0.244651660323143,0.24181016348302364,0.24197220616042614,0.2392967790365219,0.23610142804682255,0.23794983513653278,0.2362015787512064,0.23138852789998055,0.23098833113908768,0.23256618157029152,0.23243938200175762,0.23340525478124619,0.23017131723463535,0.22846313379704952,0.2267835158854723,0.2237625140696764,0.2316599991172552,0.22976874187588692,0.22977055609226227,0.23004315979778767,0.22983512841165066,0.23027630150318146,0.2315229382365942,0.23454289510846138,0.2408872116357088,0.24189057387411594,0.2397992443293333,0.24224909953773022,0.24378247559070587,0.24282476093087876,0.09953067824244499,0.09198640193790197,0.08661334309726954,0.08457776997238398,0.08439974393695593,0.08621922601014376,0.08486356865614653,0.08568629622459412,0.08644894976168871,0.08651380985975266,0.08813372254371643,0.08962931483983994,0.08950218092650175,0.09113334026187658,0.09212684445083141,0.0915548987686634,0.09187108371406794,0.09409286361187696,0.09388462081551552,0.09336063265800476,0.09795205760747194,0.09963564667850733,0.10047346353530884,0.09774981252849102,0.09856222569942474,0.10001477971673012,0.10155697353184223,0.10405103862285614,0.10156885348260403,0.09407703019678593,0.08736305125057697,0.08789967745542526,0.0891096219420433,0.09724651742726564,0.09103761613368988,0.08643558993935585,0.08429820835590363,0.0864706402644515,0.08901400212198496,0.08798241429030895,0.08487059082835913,0.08524437248706818,0.08512181602418423,0.08268142398446798,0.08024974353611469,0.08137473464012146,0.0836193673312664,0.08160339615174703,0.34389394149184227,0.34326499700546265,0.3368339166045189,0.33355793356895447,0.3266247548162937,0.3192637227475643,0.316958412528038,0.3149702399969101,0.31204525008797646,0.30613915622234344,0.30082835257053375,0.2954860031604767,0.29167116060853004,0.2934613525867462,0.29296649619936943,0.29108038544654846,0.2885965593159199,0.28436070308089256,0.2803478389978409,0.27710985392332077,0.28156863525509834,0.2858283668756485,0.28526314720511436,0.29305994510650635,0.2998327910900116,0.29810526221990585,0.29451652616262436,0.298689778894186,0.2993071377277374,0.29421138390898705,0.2947670705616474,0.29820408299565315,0.30283650010824203,0.3267621472477913,0.33371978625655174,0.3317963555455208,0.330051239579916,0.3364275395870209,0.3439493887126446,0.3433834910392761,0.33177685365080833,0.32782796770334244,0.329049214720726,0.32211560755968094,0.3173043504357338,0.3232395015656948,0.32591986656188965,0.3224576328481947
LLS_33,1,3,0.028877735137939453,0.011188626289367676,0.021739721298217773,0.06753689050674438,0.0832948088645935,0.06145292520523071,4.4322333335876465,3.674747943878174,1836.4788267612457,0.6584762558341026,0.6442934349179268,0.6404238417744637,0.6400031074881554,0.6398877874016762,0.6342765986919403,0.6260050907731056,0.6231903955340385,0.6217776834964752,0.6152993962168694,0.6204709336161613,0.621802881360054,0.6080694496631622,0.5986060276627541,0.5976119861006737,0.5984938740730286,0.5978209972381592,0.6049515977501869,0.6030190140008926,0.5922342017292976,0.5879041403532028,0.5894433408975601,0.5854595229029655,0.5725231021642685,0.5615862458944321,0.5539573729038239,0.5485385432839394,0.5439621284604073,0.5467526093125343,0.5489974394440651,0.5451828986406326,0.5401346310973167,0.5465220436453819,0.6223848909139633,0.6288844123482704,0.6248914897441864,0.6226332485675812,0.6101653724908829,0.5969122052192688,0.5996675491333008,0.6044276207685471,0.6080196425318718,0.6021570190787315,0.5983451381325722,0.5929201692342758,0.5841655433177948,0.5858927592635155,0.5794892481395176,0.2534167133271694,0.25071331672370434,0.2492582220584154,0.24819962121546268,0.24629081971943378,0.24694947339594364,0.24505634792149067,0.24052784033119678,0.24022183381021023,0.2401865106076002,0.23694700002670288,0.23789240419864655,0.24140543676912785,0.24378053285181522,0.24055858328938484,0.23968449793756008,0.24068979546427727,0.24038231000304222,0.24029670655727386,0.23977927677333355,0.2397846356034279,0.2352311722934246,0.23106234334409237,0.23345685377717018,0.23480492644011974,0.23168998584151268,0.22951542772352695,0.22997107543051243,0.2291558887809515,0.23145383223891258,0.23230330273509026,0.23319917544722557,0.23448296450078487,0.24061929620802402,0.2430847678333521,0.2419212944805622,0.2423690501600504,0.2448193095624447,0.243278244510293,0.24280262365937233,0.23947016149759293,0.23807156831026077,0.24063792824745178,0.23999956622719765,0.2382009904831648,0.24102875217795372,0.24143208377063274,0.23955610181604112,0.11436653137207031,0.10534458141773939,0.09835663065314293,0.09316556341946125,0.09019659087061882,0.09094874747097492,0.08992547541856766,0.0908265644684434,0.09174310695379972,0.09347266145050526,0.09280637558549643,0.09160437807440758,0.09181545954197645,0.09233062714338303,0.09264058712869883,0.09075594134628773,0.0904158791527152,0.09097660053521395,0.08871609158813953,0.08642211370170116,0.08762749377638102,0.0883084712550044,0.08900587167590857,0.08843839168548584,0.09106988739222288,0.090539975091815,0.08613386750221252,0.08639690931886435,0.0838583018630743,0.08073906507343054,0.07664649188518524,0.07810542453080416,0.08251520339399576,0.10452963504940271,0.09785919915884733,0.09517047740519047,0.09600161761045456,0.09874303638935089,0.09817823395133018,0.0947618754580617,0.0930850338190794,0.09591596946120262,0.09293527621775866,0.09155101049691439,0.08990640752017498,0.0871206596493721,0.08482885081321001,0.08396551651614052,0.3551809936761856,0.3549610786139965,0.34981390833854675,0.34351978451013565,0.3401678167283535,0.3417826071381569,0.34065867215394974,0.3350531533360481,0.33195020630955696,0.3297825902700424,0.31897540763020515,0.3151876702904701,0.31886691227555275,0.31705889850854874,0.30637267604470253,0.2989475391805172,0.29742851108312607,0.2936541885137558,0.291534710675478,0.28991254791617393,0.29364367946982384,0.2929150424897671,0.28488588333129883,0.2837063707411289,0.28865454345941544,0.2865627184510231,0.27979663759469986,0.27829835936427116,0.2772354632616043,0.2718559727072716,0.2661888897418976,0.26914987713098526,0.2805437333881855,0.3406492508947849,0.3426493816077709,0.3393753692507744,0.335563026368618,0.3388041891157627,0.3403441868722439,0.3344976045191288,0.3222228214144707,0.3155869208276272,0.31559087708592415,0.31548066437244415,0.31702906638383865,0.3203825578093529,0.32124291732907295,0.3213833102158138
LLS_33,0,4,0.06373804807662964,0.05171746015548706,0.051464080810546875,0.14294058084487915,0.09852957725524902,0.1153833270072937,2.1930429935455322,1.9935647249221802,1842.2920672893524,0.8893101587891579,0.8821956664323807,0.8770735114812851,0.8715344667434692,0.8664655834436417,0.8644454926252365,0.8569164946675301,0.8558550402522087,0.8579732850193977,0.8537902981042862,0.8508398160338402,0.8514090329408646,0.8515276163816452,0.8489205166697502,0.8489743396639824,0.8490208759903908,0.8475256264209747,0.850186713039875,0.8502522185444832,0.8510168641805649,0.841000959277153,0.8341731056571007,0.836310125887394,0.8372237160801888,0.8316860646009445,0.8324917927384377,0.8372988626360893,0.8396496996283531,0.8367427736520767,0.8359989672899246,0.8358471617102623,0.8308986499905586,0.8248071745038033,0.8356931880116463,0.8324387073516846,0.8312861546874046,0.8299283385276794,0.8248267471790314,0.8135447204113007,0.809370756149292,0.8139850497245789,0.8227481245994568,0.8224626109004021,0.8228004649281502,0.8311339914798737,0.8327862173318863,0.8238299340009689,0.8220859680856977,0.21644883044064045,0.21963063441216946,0.21998680382966995,0.22178282029926777,0.2231922186911106,0.22553762793540955,0.2284827046096325,0.22548318281769753,0.22454356960952282,0.22413118369877338,0.22474282048642635,0.22556467913091183,0.22544962726533413,0.22534708119928837,0.22578099370002747,0.22874878346920013,0.23171077109873295,0.23068443685770035,0.22931889072060585,0.23088796623051167,0.23429749719798565,0.23205845430493355,0.22950418293476105,0.23053773492574692,0.23282678239047527,0.22956984490156174,0.2344964351505041,0.23832490853965282,0.23696734197437763,0.23706670850515366,0.2410553339868784,0.24232573434710503,0.24047986418008804,0.23159271851181984,0.23444738797843456,0.23623637296259403,0.23574799485504627,0.23953565955162048,0.2428817693144083,0.24100403860211372,0.23772593960165977,0.24068721942603588,0.2441846039146185,0.24316983297467232,0.23996452055871487,0.24112933687865734,0.2441098839044571,0.24180831015110016,0.03988048015162349,0.03897389676421881,0.03864693641662598,0.03843471175059676,0.03721443936228752,0.03867316897958517,0.03792223986238241,0.03728205943480134,0.03810092946514487,0.038392663933336735,0.038254456128925085,0.03866684529930353,0.03903357079252601,0.03897042805328965,0.03774755634367466,0.0375891849398613,0.03699073847383261,0.03733118064701557,0.03861411660909653,0.04001000989228487,0.039973077829927206,0.03931267745792866,0.039074037689715624,0.03995196567848325,0.040367796551436186,0.03931173263117671,0.039677731692790985,0.03999757440760732,0.03930875053629279,0.039151730481535196,0.039287745486944914,0.03947286261245608,0.040261989925056696,0.03994736913591623,0.04052676819264889,0.04125884594395757,0.041797034442424774,0.042261351365596056,0.042970938608050346,0.04285857640206814,0.040137498173862696,0.03975039068609476,0.04062745440751314,0.041612053755670786,0.04034524504095316,0.03956006467342377,0.03869009297341108,0.041133112141064236,0.2534879855811596,0.2563321627676487,0.25755511224269867,0.2590320445597172,0.2625429965555668,0.2636800482869148,0.27037978172302246,0.2683180086314678,0.2692152000963688,0.2738071456551552,0.2730279006063938,0.2724834755063057,0.2730209678411484,0.2727030888199806,0.27368520200252533,0.2725617215037346,0.2741045281291008,0.2719612792134285,0.2707188129425049,0.27126619592309,0.27781377360224724,0.27821652591228485,0.2733132503926754,0.2734348587691784,0.27731185406446457,0.277469702064991,0.2767574414610863,0.27723466977477074,0.2761356234550476,0.2699374593794346,0.27369942516088486,0.27586841955780983,0.27677445113658905,0.27052169293165207,0.27336055412888527,0.27774548158049583,0.27933401614427567,0.2827509865164757,0.28722599893808365,0.2844797894358635,0.2769555300474167,0.27263041213154793,0.27490294724702835,0.27504365146160126,0.2693035267293453,0.2700873985886574,0.2746097818017006,0.2752488468374525
LLS_33,1,4,0.066622793674469,0.024497032165527344,0.0080641508102417,0.159915030002594,0.1396777629852295,0.14083516597747803,1.8334169387817383,1.9490450620651245,1843.4393060207367,0.8452875539660454,0.8368565291166306,0.8346047922968864,0.8338322713971138,0.8300689235329628,0.8260176479816437,0.8228853493928909,0.822880819439888,0.8207741379737854,0.8158581480383873,0.8135220631957054,0.8134412914514542,0.8194005340337753,0.8194618821144104,0.8170647248625755,0.8207613080739975,0.8209631070494652,0.8153074160218239,0.8179268911480904,0.8192434087395668,0.809001550078392,0.8003967478871346,0.8025894686579704,0.7991615161299706,0.7937397807836533,0.795108787715435,0.797129288315773,0.7995569184422493,0.8031904697418213,0.8034998401999474,0.7938950881361961,0.7779809832572937,0.7685992494225502,0.7924510836601257,0.7957634329795837,0.7954536899924278,0.7902457192540169,0.7890008836984634,0.7875690907239914,0.7822752222418785,0.7810575738549232,0.7886927798390388,0.7875681221485138,0.7871272414922714,0.7930529713630676,0.7914293259382248,0.7879277244210243,0.78847793170384,0.23285822942852974,0.23712454363703728,0.23743343353271484,0.239186841994524,0.2377895824611187,0.23971286229789257,0.23923859558999538,0.23676573857665062,0.23777089081704617,0.23571114800870419,0.23492498882114887,0.23515227064490318,0.23570480197668076,0.23690625093877316,0.23859668523073196,0.23761423490941525,0.23804578371345997,0.23909885436296463,0.23985915258526802,0.2386913951486349,0.24033847078680992,0.2463929671794176,0.24857203289866447,0.2433947455137968,0.24407366290688515,0.24396102130413055,0.24501954391598701,0.25071856565773487,0.2492920644581318,0.25037016719579697,0.25787439197301865,0.2603714354336262,0.2567144390195608,0.24216330610215664,0.24126854725182056,0.24038419499993324,0.24073771387338638,0.24523462168872356,0.24649430811405182,0.24528325349092484,0.24459785968065262,0.24481448158621788,0.24694382213056087,0.24590926244854927,0.24337796680629253,0.24528445303440094,0.24864392913877964,0.24749714774744852,0.03581499122083187,0.035339681431651115,0.03362074447795749,0.033282322343438864,0.033741421066224575,0.03416601475328207,0.033406835747882724,0.032967947190627456,0.03472352912649512,0.034702267963439226,0.03431952651590109,0.03487353725358844,0.034262034110724926,0.03436546493321657,0.034698241390287876,0.03371118847280741,0.03398559056222439,0.03417907515540719,0.03390289004892111,0.03483645571395755,0.03567690448835492,0.03585430607199669,0.03649066621437669,0.03595655970275402,0.03633564244955778,0.035681312438100576,0.03595571266487241,0.0353393517434597,0.03488392382860184,0.03426532819867134,0.03408882627263665,0.035338659305125475,0.038444302044808865,0.03289627004414797,0.032254506135359406,0.03351659653708339,0.032064584316685796,0.03574402257800102,0.03732752846553922,0.037139564752578735,0.03543983260169625,0.035676113329827785,0.036009935196489096,0.0361140095628798,0.036703493911772966,0.03713031252846122,0.03821543604135513,0.03898146801761219,0.2604689784348011,0.26828937605023384,0.2680809646844864,0.2681529186666012,0.2668052986264229,0.2697329446673393,0.27243633195757866,0.2717870958149433,0.27518197521567345,0.2765417769551277,0.2776634432375431,0.2786961942911148,0.27589358016848564,0.27574777975678444,0.2765706144273281,0.2746954634785652,0.2737056165933609,0.274516936391592,0.27522654458880424,0.2759196236729622,0.27801603078842163,0.28608355298638344,0.287701029330492,0.28339214250445366,0.28506918996572495,0.2848033383488655,0.2845403403043747,0.28853604942560196,0.2842244692146778,0.2800433710217476,0.3029974326491356,0.3097894862294197,0.3071618042886257,0.287155345082283,0.28714946284890175,0.28673961013555527,0.28691695258021355,0.2909122370183468,0.2891818508505821,0.28567592054605484,0.28280502557754517,0.27845147624611855,0.2787034213542938,0.27632103115320206,0.2707751505076885,0.272060077637434,0.2752400115132332,0.2770585971219199
LLS_33,0,5,0.0366477370262146,-0.004982411861419678,-0.011049866676330566,0.11864334344863892,0.0047457218170166016,0.008022010326385498,1.8164892196655273,3.0569496154785156,2657.0677943229675,0.5229397639632225,0.5191765055060387,0.5180834457278252,0.516778975725174,0.5130508244037628,0.5088238790631294,0.4983983561396599,0.48877521604299545,0.4795742370188236,0.45778247341513634,0.4498634822666645,0.45010239258408546,0.4502935968339443,0.454714760184288,0.46117473393678665,0.4746561758220196,0.4810638278722763,0.4880468249320984,0.49329665675759315,0.4946814030408859,0.48862650245428085,0.4815419986844063,0.47881462424993515,0.47214706987142563,0.4692721255123615,0.46428631991147995,0.4707478918135166,0.4794686660170555,0.49229058995842934,0.48991257697343826,0.4884311705827713,0.487014327198267,0.4816431887447834,0.4529096931219101,0.451489832252264,0.4360393024981022,0.4383745603263378,0.44605352729558945,0.4327623136341572,0.42717963829636574,0.4431970715522766,0.4598410800099373,0.473980825394392,0.4883836917579174,0.5031191669404507,0.5094728991389275,0.5003765523433685,0.4906627833843231,0.15815973281860352,0.15885160118341446,0.16016912274062634,0.16246825270354748,0.16374746151268482,0.1656368188560009,0.16322575137019157,0.1605148185044527,0.15736084803938866,0.15385107696056366,0.15686936117708683,0.1578413713723421,0.15792479738593102,0.15818840824067593,0.1607220396399498,0.16481470316648483,0.16925718449056149,0.16950688883662224,0.1730717048048973,0.1735704503953457,0.17536154203116894,0.17808675207197666,0.1770074926316738,0.17627055197954178,0.17427061311900616,0.16937031038105488,0.17085723020136356,0.17768439464271069,0.18534080311655998,0.18573276326060295,0.1866923961788416,0.1894641239196062,0.18842003121972084,0.15911769680678844,0.15816526301205158,0.15437141060829163,0.15546382032334805,0.17116140946745872,0.17650575749576092,0.17657486721873283,0.17249713465571404,0.17396213486790657,0.1786885056644678,0.1801449880003929,0.1806779969483614,0.18246342241764069,0.18510750867426395,0.1852564322096961,0.05624539218842983,0.0511495228856802,0.04963951790705323,0.04858899628743529,0.04995254147797823,0.05287421494722366,0.05203959997743368,0.050913323648273945,0.05000091949477792,0.05265659838914871,0.04945288971066475,0.047354203183203936,0.04098614165559411,0.04133349237963557,0.04193069413304329,0.042902699671685696,0.04836880788207054,0.047591821290552616,0.04616951895877719,0.051233173813670874,0.053602539002895355,0.05676173325628042,0.05683144088834524,0.05611899355426431,0.05562755046412349,0.05290927737951279,0.05198795720934868,0.04967307485640049,0.048090029042214155,0.04235305218026042,0.050583163276314735,0.05221229000017047,0.05349711747840047,0.06276973290368915,0.05802805768325925,0.05769958160817623,0.053740182891488075,0.05594844277948141,0.06618609884753823,0.06298276595771313,0.050567105412483215,0.05639309249818325,0.056359422858804464,0.056864612735807896,0.05426587909460068,0.05536646768450737,0.05928852688521147,0.06224612891674042,0.39027246460318565,0.3938668966293335,0.39285537227988243,0.3926120437681675,0.3919440396130085,0.3946186788380146,0.3980777896940708,0.3967141918838024,0.39537689089775085,0.39196957647800446,0.39139606803655624,0.3944324254989624,0.3951874226331711,0.3914792872965336,0.3882375806570053,0.3856993839144707,0.3877183273434639,0.3868599832057953,0.38617854565382004,0.39235393330454826,0.3947026766836643,0.39351706579327583,0.39594512432813644,0.3925245739519596,0.3843008391559124,0.38176462426781654,0.3809611052274704,0.37797269225120544,0.37167270854115486,0.38172294944524765,0.3915303908288479,0.3938805088400841,0.388743344694376,0.3942658230662346,0.3940281495451927,0.39155690371990204,0.38799336180090904,0.3852965459227562,0.3895193822681904,0.3894759230315685,0.38056816533207893,0.3759785294532776,0.37197018042206764,0.36785343661904335,0.3725399449467659,0.3747284822165966,0.37962043285369873,0.38368287682533264
LLS_33,1,5,0.028574347496032715,0.026020169258117676,0.025757014751434326,0.11930853128433228,0.10472226142883301,0.10526114702224731,2.877366781234741,2.698657751083374,1843.001797914505,0.5369798317551613,0.5337890312075615,0.5333473533391953,0.5345287322998047,0.5293729901313782,0.5217447131872177,0.5131508111953735,0.5073487684130669,0.4976963624358177,0.4759551212191582,0.4744766354560852,0.48521575704216957,0.4815586879849434,0.4766876585781574,0.48438191041350365,0.49451369792222977,0.5014703944325447,0.5097026340663433,0.5176191627979279,0.5244605019688606,0.515631802380085,0.5064043439924717,0.5044766180217266,0.49562257900834084,0.48813075199723244,0.47617223486304283,0.480647936463356,0.4865874871611595,0.4919583201408386,0.5062432922422886,0.5087309256196022,0.500769779086113,0.4915764071047306,0.48727232217788696,0.4941607229411602,0.49381348863244057,0.4889845736324787,0.4839077554643154,0.48251402750611305,0.4872686304152012,0.49535418674349785,0.5035700276494026,0.5066155046224594,0.5109698921442032,0.5156790465116501,0.5134879723191261,0.5069909170269966,0.49578517249652315,0.17223296873271465,0.17546069622039795,0.17828252911567688,0.18115554377436638,0.18291654251515865,0.18547439947724342,0.18700823560357094,0.18494128808379173,0.18223971128463745,0.17801434360444546,0.1781065296381712,0.17857293598353863,0.18034924007952213,0.18131717666983604,0.18149162828922272,0.18599647842347622,0.18914315849542618,0.19008505903184414,0.19079826399683952,0.19047548435628414,0.19292138703167439,0.19371692650020123,0.1937442161142826,0.19487768039107323,0.19359173253178596,0.18913130462169647,0.19066009670495987,0.19541643373668194,0.19826333969831467,0.20318373292684555,0.2079746089875698,0.209843959659338,0.20732713863253593,0.18575157038867474,0.18777735717594624,0.18639900535345078,0.18373042345046997,0.18602770566940308,0.191573953256011,0.1924835965037346,0.19341648556292057,0.19784814678132534,0.20230409130454063,0.2041911706328392,0.2058780137449503,0.2094873320311308,0.2102037686854601,0.20662741788796016,0.06218992080539465,0.05808568373322487,0.05436577135697007,0.058163037057965994,0.058240179903805256,0.061530893202871084,0.055054801516234875,0.058691082056611776,0.05935767479240894,0.062100260984152555,0.058934484608471394,0.049956418573856354,0.04391406988725066,0.04774833843111992,0.046717113349586725,0.053636804688721895,0.05917874677106738,0.061935389414429665,0.06235407432541251,0.05822178442031145,0.05958380037918687,0.062133674044162035,0.05953930225223303,0.060992722399532795,0.05637119570747018,0.05521554313600063,0.055920800659805536,0.057998136151582,0.05492256814613938,0.054504252038896084,0.05695980042219162,0.06044215615838766,0.06057262234389782,0.06428162939846516,0.06462146248668432,0.06041412986814976,0.05968601489439607,0.05908904084935784,0.06016857689246535,0.056647866033017635,0.054607536643743515,0.05913863144814968,0.057627732399851084,0.06275173230096698,0.0636847298592329,0.0642407638952136,0.06819384451955557,0.06067813613585064,0.35083838179707527,0.35592879727482796,0.35660793259739876,0.35535987839102745,0.35573576763272285,0.3609023466706276,0.36338284239172935,0.36013009026646614,0.36142705380916595,0.36666279658675194,0.36469079926609993,0.36210519075393677,0.365557286888361,0.36662865057587624,0.3621170073747635,0.36396854743361473,0.36507730185985565,0.359141755849123,0.35755788534879684,0.3544165901839733,0.35756567493081093,0.35839374363422394,0.3601723089814186,0.36523181200027466,0.363626666367054,0.3660275526344776,0.36575116589665413,0.3658582866191864,0.36528731882572174,0.36140555888414383,0.3637184351682663,0.36571289226412773,0.36419490724802017,0.35670847818255424,0.35819051414728165,0.35704541206359863,0.35824156925082207,0.3630003593862057,0.3654493913054466,0.3575657308101654,0.35518287122249603,0.3567441627383232,0.36189016699790955,0.36145348474383354,0.36243297904729843,0.3654652163386345,0.36781906709074974,0.36996650270053316
LLS_33,0,6,0.02847886085510254,0.014772415161132812,0.03269404172897339,0.1327926516532898,0.10263079404830933,0.01940673589706421,5.7405009269714355,5.659904956817627,2661.0108189582825,0.5357175171375275,0.5321722626686096,0.5271607115864754,0.5264867022633553,0.5165807753801346,0.5065847784280777,0.5091748610138893,0.4966766946017742,0.49613209068775177,0.49098510667681694,0.4859238676726818,0.4879637397825718,0.47781386226415634,0.4717879630625248,0.47775544226169586,0.4822467230260372,0.49078287184238434,0.496459424495697,0.49236438795924187,0.49026181176304817,0.48837050795555115,0.4900352619588375,0.49827246367931366,0.4888702817261219,0.4816235788166523,0.4796333648264408,0.4760366715490818,0.47736113891005516,0.48204613104462624,0.4851717837154865,0.4776245690882206,0.46041569113731384,0.4668666608631611,0.47572440281510353,0.4705413058400154,0.4664858691394329,0.457201711833477,0.45137329399585724,0.4420146271586418,0.43169669061899185,0.43306684121489525,0.4476616606116295,0.4540800005197525,0.45402342453598976,0.4632374756038189,0.4661022312939167,0.46209223940968513,0.45684996247291565,0.2903570346534252,0.2913868837058544,0.2918168380856514,0.28916575014591217,0.2898792624473572,0.29411572217941284,0.29488977789878845,0.29510603100061417,0.299106128513813,0.296635951846838,0.2943819873034954,0.29383159056305885,0.293060090392828,0.2934529669582844,0.2940693162381649,0.2952784076333046,0.2968089282512665,0.2957223877310753,0.2948841527104378,0.2958849221467972,0.29505426064133644,0.2946680784225464,0.29298318549990654,0.29127010703086853,0.2939581722021103,0.2915656715631485,0.2949026860296726,0.29899241775274277,0.3008556067943573,0.29845819994807243,0.2982383035123348,0.29499146714806557,0.2938310317695141,0.2962883487343788,0.29714185744524,0.29822246730327606,0.2971823364496231,0.3005967102944851,0.3069396838545799,0.3058176673948765,0.3022013455629349,0.3049297295510769,0.3070780113339424,0.3067845031619072,0.30567537620663643,0.30393528938293457,0.3021203316748142,0.3006099888256618,0.09373654145747423,0.09544023685157299,0.09249070100486279,0.09194750990718603,0.0905955545604229,0.08830553386360407,0.08329479768872261,0.08343017566949129,0.08279065601527691,0.08292154781520367,0.08034881018102169,0.07966014370322227,0.08721288945525885,0.08773372322320938,0.08296384289860725,0.08077871985733509,0.07870159950107336,0.080925727263093,0.08233000803738832,0.08491740003228188,0.08441687095910311,0.08800122514367104,0.08518673572689295,0.08304004929959774,0.07936204597353935,0.08125112298876047,0.0771363414824009,0.07967702392488718,0.08179827779531479,0.07974017970263958,0.08181233610957861,0.08251644019037485,0.07781792525202036,0.07904945872724056,0.08474345784634352,0.08420507982373238,0.08069599140435457,0.08066059462726116,0.08066761307418346,0.07989222556352615,0.07821103371679783,0.07920252811163664,0.0801195465028286,0.08313873317092657,0.08135475590825081,0.08253243658691645,0.08129364438354969,0.08338045115981783,0.5081202015280724,0.5003596507012844,0.4946514740586281,0.4879048839211464,0.48760468512773514,0.4909256733953953,0.49278950318694115,0.5016314350068569,0.5059643089771271,0.5076936408877373,0.5040084272623062,0.4983947090804577,0.5075185522437096,0.5079595297574997,0.4973178580403328,0.4937196224927902,0.4914921000599861,0.4868492968380451,0.4901386946439743,0.49274474009871483,0.4973561465740204,0.49422718584537506,0.4821976125240326,0.48914870619773865,0.49434351921081543,0.49838733673095703,0.4959312602877617,0.4955506809055805,0.4879142642021179,0.48441898822784424,0.4926312305033207,0.5004738755524158,0.49504463002085686,0.509085513651371,0.51136314868927,0.5100839361548424,0.5136790424585342,0.5144018828868866,0.5111451596021652,0.5095075890421867,0.5062107443809509,0.5008850023150444,0.5004362910985947,0.5042806267738342,0.505631797015667,0.5016681253910065,0.4919218011200428,0.4921130154814039
LLS_33,1,6,0.03499680757522583,-0.012610316276550293,-0.035455524921417236,0.10359752178192139,0.042153120040893555,0.07527685165405273,5.1399455070495605,5.714766502380371,1843.122432231903,0.5728213042020798,0.5732055231928825,0.5618460774421692,0.543113462626934,0.5296518504619598,0.5239371433854103,0.5087634027004242,0.5051660388708115,0.5045225694775581,0.5037022083997726,0.4974623955786228,0.49320585280656815,0.5136465579271317,0.5125750750303268,0.5137377828359604,0.5096042603254318,0.503260537981987,0.5080641880631447,0.5137590989470482,0.5118755102157593,0.5120562463998795,0.497391514480114,0.488058902323246,0.47236013785004616,0.46507855877280235,0.4708337262272835,0.4757295250892639,0.47379085794091225,0.4700378179550171,0.4745684750378132,0.47862666472792625,0.47126150131225586,0.4477402791380882,0.48212698847055435,0.4908873327076435,0.4815233051776886,0.4684693291783333,0.44152991846203804,0.43675167486071587,0.4262518547475338,0.44835079833865166,0.4577212668955326,0.4525495730340481,0.458205159753561,0.45948052406311035,0.44733579084277153,0.4344242103397846,0.44113277963229586,0.2844066172838211,0.292714711278677,0.2920621894299984,0.29429760947823524,0.29433896765112877,0.2917505353689194,0.2882350757718086,0.29025283828377724,0.2930275909602642,0.29424383491277695,0.2938145510852337,0.29455429688096046,0.2959509938955307,0.29144539684057236,0.2902720980346203,0.2935846857726574,0.294230442494154,0.2954356223344803,0.2952744662761688,0.29428713768720627,0.295419130474329,0.2938530407845974,0.2978724464774132,0.2995351031422615,0.30322112515568733,0.3057383559644222,0.303661223500967,0.30367856100201607,0.3034217692911625,0.30665918439626694,0.30922504886984825,0.3092973046004772,0.3094182647764683,0.30204514786601067,0.29781052097678185,0.2975545898079872,0.30238214135169983,0.3151084594428539,0.32285673543810844,0.31967585906386375,0.31337233260273933,0.31086188927292824,0.31568198278546333,0.3153224177658558,0.31426309794187546,0.31642693653702736,0.31239859014749527,0.31025758385658264,0.07348225452005863,0.07404802087694407,0.0736844027414918,0.07517408300191164,0.07529883086681366,0.07330772653222084,0.07364733144640923,0.07411613315343857,0.07258161529898643,0.07421667501330376,0.07331094332039356,0.0722762318328023,0.0764215961098671,0.07572217471897602,0.07266522757709026,0.07030976004898548,0.07302299048751593,0.07323231175541878,0.07195584662258625,0.07293928321450949,0.07315211649984121,0.07392800785601139,0.0731752635911107,0.0730896033346653,0.07157656271010637,0.07503826823085546,0.0743041830137372,0.07273647282272577,0.07352900877594948,0.07673295307904482,0.07750262413173914,0.07907382678240538,0.0771045545116067,0.07002375647425652,0.07194740325212479,0.07227766700088978,0.0734798451885581,0.07420804724097252,0.07590537052601576,0.07631380390375853,0.07632313389331102,0.07631994131952524,0.07616809476166964,0.07500959746539593,0.07597873732447624,0.07951017376035452,0.08008625637739897,0.0807462249483381,0.5057717636227608,0.4949251785874367,0.4951612427830696,0.4990560859441757,0.49692948535084724,0.4943119212985039,0.506931334733963,0.5061715915799141,0.5052225366234779,0.5001045279204845,0.5022327676415443,0.5110317021608353,0.49263131991028786,0.4909733459353447,0.4909881353378296,0.4928102418780327,0.49715836718678474,0.4935128428041935,0.48978426679968834,0.4939291179180145,0.4911047928035259,0.4944923371076584,0.49044791609048843,0.500306960195303,0.5096586868166924,0.5042100176215172,0.49634502083063126,0.49556662887334824,0.4966452829539776,0.4937596432864666,0.49294888228178024,0.4931684359908104,0.5137544274330139,0.5196371376514435,0.5157960131764412,0.515560083091259,0.5229922384023666,0.5324956774711609,0.5248995870351791,0.5276828408241272,0.5083321928977966,0.5067092403769493,0.5117559432983398,0.5091694667935371,0.5106106549501419,0.5216249823570251,0.5314141362905502,0.5212986554418292
LLS_33,0,7,0.04066133499145508,0.04200655221939087,0.04091942310333252,0.09785783290863037,0.09852087497711182,0.09889256954193115,0.7385343909263611,0.7919822335243225,1843.6590807437897,0.4602920226752758,0.45504308864474297,0.45522329211235046,0.45653417706489563,0.456781730055809,0.45720186829566956,0.45921263471245766,0.4621517173945904,0.46343139186501503,0.46362724155187607,0.46111470833420753,0.46172089129686356,0.4655040502548218,0.4688364565372467,0.46679964661598206,0.46508581563830376,0.46665243804454803,0.4688519351184368,0.4678981564939022,0.46619778871536255,0.4609764292836189,0.46081332117319107,0.4634016416966915,0.4642861932516098,0.46320169046521187,0.4610072746872902,0.46039659157395363,0.45936961099505424,0.45811106637120247,0.4592936038970947,0.4577844999730587,0.4562990218400955,0.4619799219071865,0.4791497364640236,0.4765264168381691,0.47393983602523804,0.4701912850141525,0.46338406577706337,0.4566763900220394,0.4586265943944454,0.4651130475103855,0.46596238762140274,0.4642268382012844,0.46669866517186165,0.4676820784807205,0.46445847302675247,0.46578532084822655,0.468588330915996,0.2764699459075928,0.27737580984830856,0.2787558324635029,0.27952005341649055,0.27957528829574585,0.2797660157084465,0.2772572599351406,0.27292685583233833,0.27088039740920067,0.26644041389226913,0.26633595302700996,0.2675953842699528,0.26929400488734245,0.26934008300304413,0.2717243395745754,0.2762151509523392,0.2796879857778549,0.28114307671785355,0.2819969467818737,0.2817992977797985,0.27996718138456345,0.2758385129272938,0.2743157930672169,0.27426664158701897,0.27345892786979675,0.2712797671556473,0.2751804441213608,0.2805734947323799,0.2834304943680763,0.2850048243999481,0.28758562728762627,0.2873532585799694,0.28309859335422516,0.2758568152785301,0.2771258316934109,0.27425943687558174,0.27209901064634323,0.2731681279838085,0.27579064294695854,0.27707866579294205,0.2798725552856922,0.28380969166755676,0.2866564057767391,0.2867412716150284,0.28782859072089195,0.28824518993496895,0.28628047183156013,0.28264150449207853,0.04404944460839033,0.04517407575622201,0.04444292280822992,0.042949524242430925,0.04237755062058568,0.04084262531250715,0.04048612294718623,0.04157108208164573,0.04206775827333331,0.042938395868986845,0.043467469047755,0.04318876564502716,0.04341757297515869,0.04458435997366905,0.044297642074525356,0.042969230096787214,0.04195779329165816,0.041850843001157045,0.04148715175688267,0.042387329041957855,0.041219108272343874,0.042323896661400795,0.04329478181898594,0.04448682442307472,0.04386288579553366,0.044216647278517485,0.04443258419632912,0.043699643574655056,0.042932523880153894,0.04192430479452014,0.04115548264235258,0.040356835816055536,0.03993163304403424,0.041648538783192635,0.04214478377252817,0.04287089966237545,0.043483307119458914,0.04389277845621109,0.04431423870846629,0.04417816363275051,0.04442519461736083,0.04470230685546994,0.04302415298298001,0.04211690789088607,0.04148976597934961,0.04139695968478918,0.041958507150411606,0.04205951573593276,0.5728619992733002,0.5768279209733009,0.5779984146356583,0.5790170282125473,0.578829288482666,0.5788273736834526,0.574033260345459,0.5676525458693504,0.565415233373642,0.5591931045055389,0.5582138746976852,0.5588546842336655,0.5590727925300598,0.5563145205378532,0.5605043172836304,0.5659531876444817,0.567656509578228,0.5680593624711037,0.5704704895615578,0.5720124319195747,0.571120098233223,0.5657902881503105,0.5624263286590576,0.5585719347000122,0.5571398884057999,0.5579308122396469,0.5626715645194054,0.5661474317312241,0.5705908909440041,0.5738833993673325,0.577206589281559,0.5759259387850761,0.5671237856149673,0.5566189885139465,0.5568143501877785,0.5539881959557533,0.5550272911787033,0.55887421220541,0.5635037794709206,0.5617585107684135,0.5594413354992867,0.5629732981324196,0.5674794465303421,0.5668304041028023,0.5676020458340645,0.5679685473442078,0.564477726817131,0.562887966632843
LLS_33,1,7,0.0306817889213562,0.024975717067718506,0.028808236122131348,0.10812020301818848,0.10367858409881592,0.1007586121559143,0.7513196468353271,0.7487072348594666,1845.8788859844208,0.44689203798770905,0.4441636651754379,0.4444732889533043,0.4448785297572613,0.44596799090504646,0.44637105986475945,0.4478822499513626,0.44915616512298584,0.4484778307378292,0.4476028233766556,0.44819650426506996,0.44950705766677856,0.45203225314617157,0.4531039632856846,0.45135684683918953,0.45157458633184433,0.45363611727952957,0.4534740075469017,0.4513833373785019,0.44844065606594086,0.445807870477438,0.44616539031267166,0.44880397990345955,0.45250509306788445,0.4524853341281414,0.45160993561148643,0.4522175192832947,0.4504742957651615,0.45082807168364525,0.4522598646581173,0.45077675953507423,0.45247527584433556,0.4579070955514908,0.46115246787667274,0.46234381571412086,0.46085257455706596,0.4560553915798664,0.4517945423722267,0.44810277596116066,0.4516278952360153,0.4558636471629143,0.45460253581404686,0.4538649953901768,0.4574366994202137,0.4556638039648533,0.4535132236778736,0.45598218962550163,0.4560803089823042,0.25926507264375687,0.2600386403501034,0.2610568106174469,0.26148010045289993,0.26155050843954086,0.26208653673529625,0.2595301419496536,0.2558053955435753,0.2541063353419304,0.2491417769342661,0.2481011003255844,0.24954420886933804,0.25198517367243767,0.2525007016956806,0.25532516092061996,0.25961514934897423,0.262601338326931,0.2639402970671654,0.2644211910665035,0.26382164657115936,0.26095667481422424,0.25678156316280365,0.25563689321279526,0.25509335473179817,0.25464868918061256,0.25191670283675194,0.2557055428624153,0.26147386059165,0.26358313858509064,0.2653990350663662,0.2672699987888336,0.2673557475209236,0.2647205702960491,0.2604351192712784,0.2604614123702049,0.25774121657013893,0.2562367208302021,0.25602003186941147,0.25621477514505386,0.25808780267834663,0.26083773002028465,0.26405927538871765,0.26689400151371956,0.2681404575705528,0.2688734605908394,0.2675253711640835,0.26469310745596886,0.2608094428266798,0.04076729854568839,0.04136780370026827,0.040616098791360855,0.03965024882927537,0.03892977396026254,0.038290409836918116,0.038195527624338865,0.038923169020563364,0.040074639953672886,0.04021506430581212,0.040680785197764635,0.04102635197341442,0.04082415346056223,0.04083948815241456,0.04038642952218652,0.039947735611349344,0.03879941254854202,0.038638658821582794,0.038729132153093815,0.03837764775380492,0.03856547875329852,0.039767635986208916,0.040686377324163914,0.04140217648819089,0.04197218921035528,0.04195894114673138,0.04160023992881179,0.04126509977504611,0.04065473284572363,0.03978975722566247,0.0388036840595305,0.03747487533837557,0.038083553314208984,0.03929331013932824,0.03992472728714347,0.0403715786524117,0.04118950106203556,0.041628383565694094,0.041999575681984425,0.04239086573943496,0.04205633234232664,0.04111170629039407,0.04058252600952983,0.03978648083284497,0.03949773125350475,0.039203434251248837,0.039384397212415934,0.03909126988479069,0.5818530693650246,0.5845136418938637,0.5860149711370468,0.5874318107962608,0.5872154608368874,0.587599515914917,0.5819239765405655,0.575336143374443,0.5744965299963951,0.5668180361390114,0.5643387660384178,0.5659413635730743,0.5675337612628937,0.5652447864413261,0.5716035887598991,0.5782872512936592,0.5794373378157616,0.5801069512963295,0.582850769162178,0.5844031795859337,0.5808007419109344,0.5735427066683769,0.5702838376164436,0.5653852969408035,0.564757265150547,0.5645371228456497,0.569823183119297,0.5753791928291321,0.5776919201016426,0.5818470567464828,0.5855845510959625,0.5821007788181305,0.573212668299675,0.5701333060860634,0.5699746981263161,0.5649967789649963,0.5672669187188148,0.5687910690903664,0.5678170025348663,0.5642248317599297,0.5634503290057182,0.5699323192238808,0.5760794430971146,0.5753658637404442,0.5775390267372131,0.5766343772411346,0.5712215602397919,0.5683136922972543
LLS_33,0,8,0.03653508424758911,0.028859078884124756,0.03577524423599243,0.16318708658218384,0.15779030323028564,0.16678452491760254,3.279043674468994,4.955689907073975,2660.174572467804,0.5380721315741539,0.5265017226338387,0.5158071592450142,0.5047439187765121,0.5006394423544407,0.49856338277459145,0.4882260896265507,0.48393579572439194,0.48711541667580605,0.483976848423481,0.4843873418867588,0.48055073618888855,0.4836571402847767,0.4806588664650917,0.4685920365154743,0.458264596760273,0.45497171953320503,0.46354956179857254,0.464965533465147,0.46229736134409904,0.45210374519228935,0.4338773116469383,0.41519390419125557,0.4066142961382866,0.41465308144688606,0.4279461093246937,0.4365035854279995,0.44432568550109863,0.4498344138264656,0.4484536349773407,0.4469560831785202,0.4559481628239155,0.45673246681690216,0.5009537413716316,0.4929439648985863,0.47782883420586586,0.47677966952323914,0.48480072245001793,0.47828323766589165,0.4703506901860237,0.4749966189265251,0.48129239305853844,0.4741942249238491,0.4716581180691719,0.4675157405436039,0.4607861042022705,0.4559101089835167,0.4501643776893616,0.3248918242752552,0.3204573430120945,0.31768564134836197,0.31528256461024284,0.3113228715956211,0.3115829564630985,0.31073518842458725,0.3106021396815777,0.31161976605653763,0.3094364330172539,0.3082188479602337,0.309018287807703,0.31070930510759354,0.3099357634782791,0.30804722011089325,0.3081544488668442,0.3101647347211838,0.31379228085279465,0.31514807417988777,0.31373877450823784,0.31607045233249664,0.31806831806898117,0.3164091072976589,0.31766558811068535,0.3162519484758377,0.3110811710357666,0.3104115426540375,0.31271741166710854,0.31245552003383636,0.31190750002861023,0.3131320849061012,0.31058457121253014,0.30568797141313553,0.3106686770915985,0.3113323003053665,0.3078814446926117,0.3056170158088207,0.3037666566669941,0.30039526522159576,0.29948192089796066,0.3011545389890671,0.30391499400138855,0.30536989867687225,0.3057647906243801,0.3069796822965145,0.30615100637078285,0.3046296611428261,0.30562020199639456,0.1471483949571848,0.13607391342520714,0.13208257220685482,0.1295552011579275,0.1230642395094037,0.12200730200856924,0.12161598540842533,0.12058483250439167,0.12193168979138136,0.12048602197319269,0.12099871970713139,0.12138141319155693,0.12242541275918484,0.12450149189680815,0.12168950866907835,0.11937864311039448,0.11854617111384869,0.12018994241952896,0.12001247052103281,0.11745823826640844,0.11974406149238348,0.12134997360408306,0.11745962221175432,0.1142523605376482,0.11571778636425734,0.11429255083203316,0.11342035513371229,0.11635306105017662,0.1122904047369957,0.11111860256642103,0.11403909046202898,0.11933175288140774,0.11728154495358467,0.1279795253649354,0.12369316630065441,0.12012867629528046,0.11765945143997669,0.12027932610362768,0.12088099122047424,0.1200815737247467,0.1190361762419343,0.12333375960588455,0.1192384036257863,0.11989650689065456,0.12100071273744106,0.12014604080468416,0.12298874743282795,0.12376835090773446,0.3901122398674488,0.38775918260216713,0.38053711876273155,0.3746352419257164,0.3701756186783314,0.37002794072031975,0.3719124346971512,0.37124862521886826,0.37187882512807846,0.37283802032470703,0.3688305728137493,0.37250811979174614,0.37166158482432365,0.37074559181928635,0.37188827991485596,0.37153253331780434,0.37371139228343964,0.37199290469288826,0.36732593551278114,0.36786071956157684,0.37583624944090843,0.38849836960434914,0.3955846279859543,0.3955710604786873,0.391058050096035,0.3888911120593548,0.3858676999807358,0.3816949501633644,0.37635791301727295,0.37107494845986366,0.37365441024303436,0.3722126856446266,0.3675615228712559,0.36269859224557877,0.3625790998339653,0.3568287342786789,0.35351355746388435,0.34994346275925636,0.34017790481448174,0.3403491750359535,0.3434509336948395,0.3402203097939491,0.3464920036494732,0.34903324767947197,0.3519449457526207,0.35258210077881813,0.3570862449705601,0.36316237705094473
LLS_33,1,8,0.0416523814201355,0.02097177505493164,0.036580562591552734,0.147874116897583,0.055720627307891846,0.10917001962661743,5.972631454467773,4.819911479949951,3492.254930973053,0.5895605161786079,0.5800588950514793,0.5692314878106117,0.5527040287852287,0.538065992295742,0.5306271389126778,0.5158733054995537,0.5074572041630745,0.5048058182001114,0.49457016587257385,0.4849817752838135,0.4773158095777035,0.4888215437531471,0.4997324272990227,0.49458300322294235,0.4843285530805588,0.4830355681478977,0.4887513853609562,0.4870254024863243,0.49316101521253586,0.4966646246612072,0.48197057470679283,0.46417350694537163,0.46227477490901947,0.47400641441345215,0.4825044460594654,0.4720485396683216,0.47426946088671684,0.490548275411129,0.499314621090889,0.5085337683558464,0.5298899188637733,0.528979480266571,0.5551068782806396,0.5503354370594025,0.5321204587817192,0.5205425024032593,0.5239690914750099,0.5144958421587944,0.48807283118367195,0.4828040339052677,0.5041697435081005,0.5077254325151443,0.497589286416769,0.4959724210202694,0.5044449865818024,0.507314458489418,0.4955843687057495,0.296937920153141,0.29483798146247864,0.2919243276119232,0.2898710295557976,0.2872854173183441,0.28596944734454155,0.2854396589100361,0.28250154107809067,0.28109030798077583,0.27991247549653053,0.277905885130167,0.2765352614223957,0.277084831148386,0.2771984674036503,0.2761954255402088,0.27466292306780815,0.27467935904860497,0.275753915309906,0.276984378695488,0.2740640230476856,0.2722918391227722,0.27191730961203575,0.2715655416250229,0.27112215012311935,0.2734902650117874,0.27075163647532463,0.2707732394337654,0.2719554454088211,0.269328523427248,0.26996439695358276,0.2700783610343933,0.2662419266998768,0.26380690559744835,0.27174224331974983,0.2746685519814491,0.27259859815239906,0.27190591022372246,0.27264586836099625,0.27324651181697845,0.27685050293803215,0.28097347915172577,0.2798483744263649,0.2768572047352791,0.2778138108551502,0.2831541635096073,0.28367964178323746,0.280442725867033,0.2775983852999551,0.1504798997193575,0.1413322649896145,0.13086990639567375,0.12238907255232334,0.11955641210079193,0.12170415371656418,0.12234272435307503,0.1237501185387373,0.1252773506566882,0.12135687470436096,0.12067065015435219,0.11813296657055616,0.11658362857997417,0.11911961808800697,0.11844097264111042,0.11741711758077145,0.11875185836106539,0.12358702253550291,0.12191717978566885,0.11916281282901764,0.12158291041851044,0.12490383721888065,0.12493749521672726,0.12214482761919498,0.12241777312010527,0.12314291764050722,0.1206390056759119,0.12516277469694614,0.12413931451737881,0.1265681991353631,0.1262348433956504,0.1281262505799532,0.12193154357373714,0.13090827874839306,0.127938624471426,0.12154616881161928,0.1185658611357212,0.1222924254834652,0.12417778000235558,0.12425481900572777,0.12139490433037281,0.12395067419856787,0.12160622701048851,0.12231671810150146,0.1239016680046916,0.1220385916531086,0.11972106155008078,0.11879014330250877,0.3624711111187935,0.3618773967027664,0.35623829811811447,0.3529156669974327,0.35113148391246796,0.3480025865137577,0.3498731404542923,0.34887056797742844,0.34631281718611717,0.35120223835110664,0.34978724271059036,0.3526085615158081,0.3522881753742695,0.3511265441775322,0.3491269685328007,0.34180396795272827,0.3385702036321163,0.340086717158556,0.3398507423698902,0.33425577357411385,0.3347030021250248,0.34166448190808296,0.34054333344101906,0.33840135112404823,0.34092722460627556,0.3400067910552025,0.3399793617427349,0.3354029022157192,0.3289906084537506,0.31959637627005577,0.3183981329202652,0.3218843936920166,0.32066188380122185,0.3300442695617676,0.3316388241946697,0.328724917024374,0.32728948071599007,0.3314532972872257,0.331926092505455,0.33365191146731377,0.335358876734972,0.3303808905184269,0.3227662965655327,0.32553549483418465,0.3348204270005226,0.33210377022624016,0.3291523680090904,0.334246780191149
LLS_33,0,9,0.06314879655838013,0.0469052791595459,0.037027060985565186,0.09410375356674194,0.09535723924636841,0.07639741897583008,2.7509708404541016,3.1117892265319824,1846.3066127300262,0.41654840111732483,0.43395888805389404,0.43959807232022285,0.44438404217362404,0.44877250120043755,0.450786542147398,0.43924127146601677,0.4419488348066807,0.4480630159378052,0.43139005452394485,0.43254000693559647,0.4305528439581394,0.4344596453011036,0.4381137192249298,0.44955506175756454,0.441729549318552,0.4418985992670059,0.43999477848410606,0.4397784695029259,0.44429492950439453,0.44380949437618256,0.42655709758400917,0.4307969696819782,0.43468818068504333,0.4288892075419426,0.42514001205563545,0.42509187012910843,0.42931457981467247,0.4287046603858471,0.4311075694859028,0.4401707090437412,0.4426368288695812,0.43727533519268036,0.4353000745177269,0.4353853613138199,0.4412561021745205,0.4387241080403328,0.43201320245862007,0.4287586994469166,0.4297748766839504,0.42966365069150925,0.4408542960882187,0.443670816719532,0.44636040553450584,0.44671959802508354,0.4442545138299465,0.4476705603301525,0.4466852673462459,0.2865566462278366,0.28602687269449234,0.2888890244066715,0.29158632829785347,0.29033950716257095,0.2896669842302799,0.2941153049468994,0.2930131107568741,0.2889016754925251,0.2909371890127659,0.28829071298241615,0.2921353504061699,0.29138705879449844,0.29131530225276947,0.2835617698729038,0.29097389429807663,0.2920437157154083,0.297075305134058,0.2978861406445503,0.2897290959954262,0.2887723222374916,0.29567699506878853,0.2905082739889622,0.2870079092681408,0.290609210729599,0.29026248678565025,0.29028675705194473,0.2940279170870781,0.29579706117510796,0.2972044199705124,0.2953095994889736,0.2935253158211708,0.29419567063450813,0.2892923094332218,0.29253121092915535,0.288276981562376,0.28846220672130585,0.289913646876812,0.2930005230009556,0.29195182025432587,0.28755102306604385,0.2914501130580902,0.29749980568885803,0.29558584839105606,0.29132701829075813,0.29467061534523964,0.2924610301852226,0.291278213262558,0.04111754335463047,0.040362448431551456,0.04071425553411245,0.04019853798672557,0.03826223313808441,0.03963909670710564,0.044086321257054806,0.038370268885046244,0.03839821321889758,0.040194124449044466,0.03952123783528805,0.042190720327198505,0.0408717910759151,0.03858761675655842,0.03977250447496772,0.041110058315098286,0.042658323887735605,0.03903539897873998,0.04168079001829028,0.04446068266406655,0.03725968627259135,0.0378942908719182,0.04069546051323414,0.03801248548552394,0.0398493492975831,0.041008797474205494,0.040151555091142654,0.04001183481886983,0.040704116225242615,0.04281172761693597,0.04017371451482177,0.04102198174223304,0.0398509232327342,0.041467859875410795,0.03982148924842477,0.043835755437612534,0.04235601332038641,0.04340658010914922,0.04229964083060622,0.04205558681860566,0.04342248756438494,0.04353520926088095,0.044038651045411825,0.04513713484629989,0.04320486541837454,0.04366833297535777,0.04729640670120716,0.04189434913652284,0.4453659802675247,0.44379040971398354,0.4436047933995724,0.4430948942899704,0.44495291635394096,0.4401511587202549,0.4493743106722832,0.4470898360013962,0.4406866505742073,0.44737260416150093,0.4472491405904293,0.45200420543551445,0.4476528875529766,0.4461743198335171,0.4375230744481087,0.44011251628398895,0.44037387520074844,0.4430140070617199,0.4424123130738735,0.4386671371757984,0.43818702548742294,0.45468125492334366,0.4470097944140434,0.4406837970018387,0.4444248229265213,0.44784168154001236,0.4478254020214081,0.4455285184085369,0.44416947290301323,0.44316940009593964,0.43708256632089615,0.42929965257644653,0.4344971515238285,0.43655700981616974,0.44012560695409775,0.43652430921792984,0.4398249015212059,0.4459478296339512,0.44825100526213646,0.4428173117339611,0.4366086982190609,0.4373387023806572,0.44274378567934036,0.4365743324160576,0.4327038414776325,0.4398551657795906,0.44444700703024864,0.44542087827410015
LLS_33,1,9,0.06875884532928467,0.055522918701171875,-0.017126739025115967,0.16520625352859497,0.11844009160995483,0.05966407060623169,3.366603136062622,3.7107248306274414,3593.880838871002,0.3754003457725048,0.37130051851272583,0.3757619373500347,0.3706580325961113,0.36726251244544983,0.36785871908068657,0.36948101967573166,0.368926577270031,0.36657654494047165,0.36287572607398033,0.36511464044451714,0.3561984896659851,0.3579820618033409,0.3577295392751694,0.3538261950016022,0.35683994740247726,0.355807900428772,0.35703060403466225,0.3635101057589054,0.36740024760365486,0.35756584629416466,0.3607049658894539,0.3545244187116623,0.35108136013150215,0.348546527326107,0.3476247005164623,0.34491194412112236,0.36170249432325363,0.3665904961526394,0.3671773113310337,0.36938268318772316,0.3636065423488617,0.35803715512156487,0.3661944679915905,0.3600459583103657,0.3472617529332638,0.3515150099992752,0.34756236523389816,0.3467862792313099,0.3518916964530945,0.35326454415917397,0.3565411977469921,0.3556012101471424,0.36276453733444214,0.368585679680109,0.3717012405395508,0.37145114317536354,0.3699990553515298,0.2855984792113304,0.2917054742574692,0.2897014245390892,0.2952396459877491,0.29173118993639946,0.2945110350847244,0.2924005948007107,0.28934038430452347,0.2881886661052704,0.28826749324798584,0.2903399132192135,0.28834135457873344,0.2894565761089325,0.2908538356423378,0.29139716550707817,0.29305556043982506,0.2992655895650387,0.2984357215464115,0.2906429246068001,0.29398515820503235,0.3012448623776436,0.2960549518465996,0.300863154232502,0.2990846037864685,0.29873211681842804,0.2947039231657982,0.2977301962673664,0.2937557175755501,0.2943442277610302,0.29896891862154007,0.2955637536942959,0.29681742563843727,0.2998095564544201,0.2891899161040783,0.2977507524192333,0.29350945353507996,0.28990546613931656,0.2949664779007435,0.29786692187190056,0.2996634282171726,0.29780249670147896,0.2965855449438095,0.3036819398403168,0.3009565696120262,0.2990563064813614,0.298951830714941,0.29603708162903786,0.29662721923419405,0.042194789275527,0.04320460231974721,0.041433875914663076,0.04171663662418723,0.0399844734929502,0.04273900482803583,0.043539396952837706,0.04273008741438389,0.04440123215317726,0.04544334812089801,0.04323479812592268,0.04059626255184412,0.03949075564742088,0.03924825042486191,0.04243394732475281,0.04298827238380909,0.041052683256566525,0.040606788359582424,0.04650332732126117,0.04218241712078452,0.03948082448914647,0.03911233367398381,0.0415259157307446,0.04003754584118724,0.04390149610117078,0.043308129999786615,0.0429308470338583,0.043166404124349356,0.04317916464060545,0.04255504906177521,0.04533461527898908,0.0442360220476985,0.042958310805261135,0.04409886850044131,0.042316478211432695,0.042425138875842094,0.04197167046368122,0.04351693578064442,0.045520891435444355,0.04484214959666133,0.04399056825786829,0.04604131216183305,0.04585485719144344,0.04429454682394862,0.04262290708720684,0.04573691077530384,0.04570712614804506,0.043486869760922024,0.4417778067290783,0.446206696331501,0.442764226347208,0.4448840245604515,0.4461730346083641,0.44951895251870155,0.44736265391111374,0.44261909276247025,0.44389477372169495,0.4459322541952133,0.4446732997894287,0.44866424798965454,0.4460638649761677,0.4469156600534916,0.4496210142970085,0.4522506408393383,0.4598727710545063,0.4543893076479435,0.45359155908226967,0.4500522315502167,0.4580853804945946,0.44981419295072556,0.4560237303376198,0.4566368907690048,0.45487483590841293,0.4532122537493706,0.4557608366012573,0.4487563408911228,0.4468420743942261,0.447420634329319,0.4478612542152405,0.4482862688601017,0.4538418725132942,0.44509491324424744,0.4541964530944824,0.46324629336595535,0.4578920155763626,0.46362900733947754,0.4582294225692749,0.45538003370165825,0.4510742090642452,0.45262617990374565,0.45428767800331116,0.4492741674184799,0.4434112161397934,0.44423777237534523,0.44453248009085655,0.44140440225601196
LLS_33,0,10,0.16705352067947388,0.18009930849075317,0.15252476930618286,0.23233401775360107,0.21674513816833496,0.24793976545333862,0.9876310229301453,1.0432350635528564,1844.063644170761,0.6627616360783577,0.6486603245139122,0.642774298787117,0.637439414858818,0.6330436989665031,0.6270705536007881,0.6211140304803848,0.6164683997631073,0.6105912253260612,0.6051342114806175,0.5992948412895203,0.5963392928242683,0.5883934944868088,0.5879395827651024,0.5894531756639481,0.5849956199526787,0.584312416613102,0.5929848104715347,0.5967483446002007,0.5987562611699104,0.587673544883728,0.5793788731098175,0.5772250667214394,0.5669744834303856,0.5611554905772209,0.5636442005634308,0.5662180259823799,0.5687103569507599,0.5676941201090813,0.5701754614710808,0.5702379271388054,0.5595927536487579,0.5573412179946899,0.5995282903313637,0.5837910175323486,0.5733495727181435,0.5663177073001862,0.5557825788855553,0.5379948168992996,0.5295866504311562,0.5392725616693497,0.5430032834410667,0.5396724939346313,0.5457726642489433,0.5545696541666985,0.547221839427948,0.5353601947426796,0.5287815247263227,0.24419495835900307,0.24486951157450676,0.24741807766258717,0.24990574456751347,0.25042470172047615,0.25163193978369236,0.2500435169786215,0.24770337156951427,0.2471855767071247,0.2402205392718315,0.23674683272838593,0.23778041638433933,0.24524869211018085,0.24258043617010117,0.24385402724146843,0.24748217687010765,0.24967708066105843,0.25061197951436043,0.2499194946140051,0.2485265787690878,0.24808193556964397,0.24735207296907902,0.2450228352099657,0.24408389069139957,0.2432758416980505,0.24309190176427364,0.2454407624900341,0.24606776237487793,0.24933804012835026,0.253082100301981,0.25383310765028,0.2536214143037796,0.24976902082562447,0.2473412249237299,0.2479972541332245,0.24603623524308205,0.24637313932180405,0.24794288538396358,0.2509148959070444,0.25278182327747345,0.25136552937328815,0.25276760943233967,0.25627341121435165,0.2573119029402733,0.25818944349884987,0.2588752508163452,0.2600642368197441,0.2599892701421465,0.021603489527478814,0.022737218532711267,0.02237189165316522,0.022395553765818477,0.022145642898976803,0.02153226057998836,0.02175002172589302,0.021772920852527022,0.02232314134016633,0.022691982798278332,0.02254207176156342,0.022364428965374827,0.022490342846140265,0.022304179845377803,0.021944009931758046,0.021482391050085425,0.021186585538089275,0.021262638503685594,0.020989054115489125,0.020193862495943904,0.021435465663671494,0.022195874247699976,0.02094284654594958,0.021718336269259453,0.02219446119852364,0.022063203854486346,0.021352795185521245,0.019696545088663697,0.01978532294742763,0.019466418074443936,0.019323172513395548,0.0187787557952106,0.018912546569481492,0.01955254515632987,0.020300108240917325,0.02068465668708086,0.02124611847102642,0.020268174586817622,0.020669523160904646,0.019888011272996664,0.017272372730076313,0.017837498569861054,0.01793625275604427,0.018029066501185298,0.017899023834615946,0.01863038819283247,0.019729592371731997,0.019429690071514676,0.31038495525717735,0.31345873698592186,0.3121556080877781,0.30944808945059776,0.31136420369148254,0.31431395933032036,0.3148844838142395,0.3142237402498722,0.31467458233237267,0.31305255740880966,0.31148209422826767,0.3109158165752888,0.3149966262280941,0.31138547137379646,0.3114936463534832,0.31332046166062355,0.31423458456993103,0.31199314445257187,0.3101268596947193,0.3093056343495846,0.31656211614608765,0.32187672331929207,0.3180029056966305,0.3170139193534851,0.31480037048459053,0.3134860433638096,0.31143320724368095,0.31230974197387695,0.3090788386762142,0.3049350678920746,0.3052537068724632,0.3112444095313549,0.3166688270866871,0.3168858177959919,0.30998052656650543,0.3048214726150036,0.3048047013580799,0.3115447424352169,0.31980740278959274,0.3197222277522087,0.30775174498558044,0.30497780069708824,0.31101908907294273,0.31403547525405884,0.3165801204741001,0.32037679478526115,0.32788553833961487,0.3326898642948696
LLS_33,1,10,0.1381177306175232,0.10693347454071045,0.08610624074935913,0.2071620225906372,0.20868462324142456,0.20190095901489258,1.4925504922866821,1.4087200164794922,3647.2366333007812,0.6619403809309006,0.6488890051841736,0.6403073370456696,0.6325078383088112,0.6299234107136726,0.6318428888916969,0.6358959898352623,0.6323607340455055,0.6159530952572823,0.6017383709549904,0.5926027372479439,0.5955683588981628,0.6076181903481483,0.6045435145497322,0.5957330763339996,0.5881129950284958,0.5857382416725159,0.5870063379406929,0.5887390747666359,0.5812298506498337,0.5704915896058083,0.5735809877514839,0.5757475271821022,0.5623223558068275,0.5600247606635094,0.5628416687250137,0.5499011650681496,0.5500225722789764,0.5589371845126152,0.5724889114499092,0.567975327372551,0.5591789856553078,0.561873622238636,0.6082176193594933,0.5992750748991966,0.5931980237364769,0.5786813497543335,0.5684130787849426,0.5635295957326889,0.5684667527675629,0.5705011934041977,0.5663551092147827,0.5604672059416771,0.5672104358673096,0.5732993930578232,0.5623352229595184,0.5555952116847038,0.5554367985044207,0.18982483260333538,0.19457335025072098,0.19699190743267536,0.20072694309055805,0.20269733667373657,0.2040481623262167,0.2008326482027769,0.19679668731987476,0.19722728617489338,0.19550526700913906,0.19682406820356846,0.197257611900568,0.19809912331402302,0.19959926791489124,0.1996046919375658,0.19932076334953308,0.19954074174165726,0.20366456173360348,0.21050718985497952,0.21786773577332497,0.21649141423404217,0.20667042210698128,0.20719805918633938,0.2101417351514101,0.21311232447624207,0.21657836996018887,0.21916303224861622,0.2211761772632599,0.22000789642333984,0.21961813978850842,0.22644986398518085,0.22714200988411903,0.22116282768547535,0.2061335314065218,0.2091709990054369,0.20753012411296368,0.20929712802171707,0.21117907389998436,0.21514419093728065,0.21518604271113873,0.21203502640128136,0.21426589973270893,0.21839310601353645,0.21871268935501575,0.21968135423958302,0.22166385129094124,0.22342508658766747,0.22453109068529947,0.027523276396095753,0.028281769482418895,0.02794096223078668,0.02810687804594636,0.028089839965105057,0.02803877228870988,0.0274718189612031,0.0273999678902328,0.029182799626141787,0.030058182077482343,0.029438160359859467,0.026979279704391956,0.025821806164458394,0.026315343100577593,0.025840110844001174,0.02526394627057016,0.025469177402555943,0.025655247271060944,0.024297410855069757,0.023551217280328274,0.024876222712919116,0.024844522587954998,0.024401621893048286,0.025026717456057668,0.024245660053566098,0.024092182982712984,0.024267402477562428,0.024284254061058164,0.02376455068588257,0.022632254986092448,0.022392638958990574,0.02294740080833435,0.023354253731667995,0.02467092010192573,0.025028804782778025,0.02473452454432845,0.02628458756953478,0.026728844037279487,0.02621547575108707,0.026423731818795204,0.02494462369941175,0.025485052727162838,0.025075775338336825,0.024178279098123312,0.024524211417883635,0.024458844447508454,0.024887263542041183,0.02476691481258188,0.2881861813366413,0.2960422895848751,0.2957180552184582,0.29628703743219376,0.29585663974285126,0.293772429227829,0.2924349680542946,0.29270708560943604,0.29809926450252533,0.30628906935453415,0.3042971082031727,0.29865093901753426,0.29056527093052864,0.28636810928583145,0.2862842530012131,0.28492188826203346,0.28114965185523033,0.2808275483548641,0.28740303218364716,0.29075490310788155,0.2854359522461891,0.2805009186267853,0.2770932614803314,0.27996469661593437,0.28975865989923477,0.293084941804409,0.2922629155218601,0.292062122374773,0.28920256718993187,0.2860979326069355,0.29573286697268486,0.2993289530277252,0.29714111238718033,0.29550011083483696,0.29144515097141266,0.29219435527920723,0.2913597710430622,0.2869884595274925,0.2907763533294201,0.2903566546738148,0.28514188528060913,0.28573232516646385,0.29089387506246567,0.2911727502942085,0.28952938690781593,0.2928832769393921,0.2966516762971878,0.29920940739767893
LLS_33,0,11,0.04664170742034912,0.04170858860015869,0.03710860013961792,0.13140404224395752,0.09572583436965942,0.08035248517990112,9.956682205200195,7.12741756439209,2655.6577067375183,0.730205811560154,0.7157877162098885,0.7132798358798027,0.7128915786743164,0.7086304500699043,0.711996927857399,0.7208500280976295,0.7163881212472916,0.7150815650820732,0.7149026989936829,0.7164313644170761,0.716715395450592,0.7140301093459129,0.72365453094244,0.7255193144083023,0.7161408290266991,0.7177436202764511,0.7234679460525513,0.7252502739429474,0.7250782996416092,0.7232314124703407,0.72391227632761,0.7237420752644539,0.7178825959563255,0.7202850207686424,0.7213645949959755,0.7223054394125938,0.7207732945680618,0.7206400856375694,0.7218059077858925,0.7231698855757713,0.7137791663408279,0.7164178341627121,0.7207862511277199,0.7279080003499985,0.7252182960510254,0.7231742218136787,0.7220085114240646,0.7151707112789154,0.7121342271566391,0.7100288420915604,0.7143990844488144,0.7178447768092155,0.718874603509903,0.7172296866774559,0.7110466435551643,0.7083126157522202,0.7126460756574359,0.2414074931293726,0.24130290746688843,0.24190843664109707,0.2398352138698101,0.23930487036705017,0.2393890731036663,0.23746315576136112,0.23514068499207497,0.2352695781737566,0.23618612997233868,0.23633316904306412,0.23677513003349304,0.23544099926948547,0.23659789189696312,0.2365881334990263,0.2374716978520155,0.2380524594336748,0.24074026197195053,0.2398414108902216,0.23929434828460217,0.23777756467461586,0.23825960792601109,0.23828747309744358,0.237408259883523,0.23771774768829346,0.23963915929198265,0.24217570014297962,0.24417110718786716,0.2435738816857338,0.24688346683979034,0.24776530265808105,0.2477488536387682,0.2510394025593996,0.2513163797557354,0.253320075571537,0.252342838793993,0.25177791342139244,0.2523457817733288,0.2558737173676491,0.2587101049721241,0.2599814534187317,0.25938060507178307,0.2619878016412258,0.26214518025517464,0.26263050362467766,0.26361034065485,0.26467756927013397,0.26583835908344816,0.09640492405742407,0.09074013493955135,0.09131118562072515,0.08607809897512197,0.08387977071106434,0.08300727605819702,0.07976111676543951,0.07897358946502209,0.07853553351014853,0.07765153329819441,0.07801098842173815,0.07615709956735373,0.07599143963307142,0.07241025194525719,0.07370296772569418,0.07370377331972122,0.07266212999820709,0.0765592260286212,0.0713932542130351,0.07001851964741945,0.07141286227852106,0.07147377543151379,0.07000417541712523,0.06540978141129017,0.06478436570614576,0.06729497853666544,0.06560301501303911,0.06371812336146832,0.06225621420890093,0.06286743795499206,0.0614237361587584,0.06247817538678646,0.06355756102129817,0.06768693123012781,0.06505984161049128,0.06323652761057019,0.06328816618770361,0.0624718819744885,0.06479203701019287,0.06504979729652405,0.06509809382259846,0.06443792209029198,0.06390526937320828,0.062429707031697035,0.06308811949566007,0.06366451270878315,0.0661793164908886,0.06653707155159541,0.4404776617884636,0.44697948917746544,0.4458216056227684,0.4441292844712734,0.4454423487186432,0.44056857749819756,0.43898217380046844,0.4390101581811905,0.4389542266726494,0.4401242546737194,0.4381892904639244,0.4379875883460045,0.44048745185136795,0.4354683384299278,0.43369970470666885,0.43541019782423973,0.4352736547589302,0.43576403707265854,0.4388338290154934,0.4369448982179165,0.4380088783800602,0.43696076795458794,0.4319199062883854,0.42939333990216255,0.42537300288677216,0.4229207709431648,0.4258273057639599,0.42844483628869057,0.43242406845092773,0.4325623884797096,0.4289458766579628,0.429133340716362,0.43171530961990356,0.43201252818107605,0.43138693273067474,0.43087540939450264,0.4318677522242069,0.4347335137426853,0.43602779135107994,0.4336463585495949,0.4302424006164074,0.42941640689969063,0.426273874938488,0.4259771332144737,0.42741547524929047,0.42972366139292717,0.42785077169537544,0.42861523372786386
LLS_33,1,11,0.04161679744720459,0.03209108114242554,0.024606704711914062,0.228520929813385,0.16966962814331055,0.15838021039962769,9.098599433898926,7.895120143890381,3758.040090560913,0.7635518833994865,0.7574200630187988,0.7586211189627647,0.7561094164848328,0.7549892216920853,0.7532443255186081,0.7550966441631317,0.7594654336571693,0.7539802119135857,0.750306025147438,0.7516308128833771,0.7539841830730438,0.7526916116476059,0.7434510737657547,0.7466654852032661,0.7531836479902267,0.7525719776749611,0.749628096818924,0.7545075640082359,0.7532333955168724,0.7524960488080978,0.7425960525870323,0.7437169253826141,0.7389985024929047,0.7239649295806885,0.7225799113512039,0.7420162037014961,0.7419719249010086,0.742584303021431,0.7433849424123764,0.7457982674241066,0.7379403859376907,0.7402516975998878,0.7412354946136475,0.738670639693737,0.7416895180940628,0.7411612570285797,0.7345648035407066,0.732473149895668,0.7377442419528961,0.7429872155189514,0.7452313005924225,0.7545858845114708,0.7628953903913498,0.7639486193656921,0.7462028190493584,0.7500631883740425,0.7564201354980469,0.22775768116116524,0.22525029815733433,0.22530227154493332,0.22456783801317215,0.22356458939611912,0.22282902710139751,0.2222832702100277,0.2214861512184143,0.22114804573357105,0.21954492293298244,0.2205575555562973,0.22043488919734955,0.2203841768205166,0.22075965255498886,0.2216715756803751,0.22301683202385902,0.22456028126180172,0.2254236675798893,0.22520500235259533,0.2251020334661007,0.22483727522194386,0.22268326953053474,0.22318484634160995,0.2223227620124817,0.21971239894628525,0.22239010594785213,0.22652516141533852,0.22881857305765152,0.22770052403211594,0.228902418166399,0.2299316544085741,0.23046852461993694,0.2297591157257557,0.2266747299581766,0.22660359181463718,0.22443244233727455,0.22522633522748947,0.22815537080168724,0.227055037394166,0.23029456101357937,0.23450364917516708,0.23318209685385227,0.23671352677047253,0.237204747274518,0.23807144351303577,0.23992894031107426,0.23985596373677254,0.2448542160647256,0.09902135375887156,0.09396051242947578,0.09187212493270636,0.0895191328600049,0.09080500528216362,0.08886942733079195,0.0898885065689683,0.08821002300828695,0.08829327672719955,0.08404260035604239,0.08231872785836458,0.08421740494668484,0.08077073749154806,0.08227863535284996,0.08113810885697603,0.07839237060397863,0.08014132268726826,0.08048681821674109,0.07784604746848345,0.07979190442711115,0.07927282433956861,0.0789056047797203,0.07925280462950468,0.07721717655658722,0.07423316687345505,0.07839442137628794,0.0748237632215023,0.07345810066908598,0.0737083051353693,0.07291862275451422,0.06931751035153866,0.07042751461267471,0.07097403332591057,0.07031974103301764,0.07014939095824957,0.06783564575016499,0.06776616256684065,0.07034022454172373,0.07036453206092119,0.06849646475166082,0.0669700913131237,0.06909520830959082,0.06805721763521433,0.06834253016859293,0.06468036817386746,0.06641626730561256,0.06716414261609316,0.06648824683257512,0.4603569991886616,0.46340319886803627,0.46363741904497147,0.46165573969483376,0.45961130410432816,0.4593890495598316,0.45668649673461914,0.4556072875857353,0.4571244418621063,0.4536622166633606,0.4549785144627094,0.45541707426309586,0.4530980549752712,0.45191702246665955,0.45056580379605293,0.4512931555509567,0.45272039994597435,0.45111577585339546,0.44948162883520126,0.4480148255825043,0.4490273706614971,0.44760238006711006,0.4465758018195629,0.44437098503112793,0.4565384201705456,0.45745332911610603,0.4480925351381302,0.44818783178925514,0.4470541700720787,0.4433687552809715,0.4387488327920437,0.43886344507336617,0.44340940937399864,0.449624489992857,0.4462844766676426,0.44627540558576584,0.44810420647263527,0.45040303096175194,0.45160453021526337,0.4482303559780121,0.4415149427950382,0.4455157332122326,0.4417526237666607,0.4413094334304333,0.4419978894293308,0.44732269272208214,0.4410947263240814,0.4367603361606598
LLS_33,0,12,0.14023786783218384,0.08885663747787476,0.11367636919021606,0.3629917502403259,0.16869020462036133,0.31193995475769043,9.105937004089355,7.598100185394287,1845.4821825027466,0.41287438943982124,0.4107236936688423,0.3785410076379776,0.3976556211709976,0.39378680288791656,0.39188968390226364,0.3948243297636509,0.4216936454176903,0.41952571645379066,0.39752184972167015,0.40952668711543083,0.42236727476119995,0.4312291890382767,0.4514109194278717,0.4583624228835106,0.4504157602787018,0.42613472416996956,0.44387196004390717,0.43869006633758545,0.43986279517412186,0.4455741234123707,0.4111318476498127,0.4046947695314884,0.3907342292368412,0.4050072953104973,0.4041035696864128,0.4176701493561268,0.42952898144721985,0.4391484335064888,0.39942920580506325,0.45489200949668884,0.46638089418411255,0.35065991431474686,0.42236461862921715,0.41820889711380005,0.4248855672776699,0.417208693921566,0.3951052390038967,0.42203838750720024,0.4117334634065628,0.3911219537258148,0.4118357375264168,0.4142943024635315,0.420759953558445,0.4317236393690109,0.43395430967211723,0.41077447682619095,0.42324242847306387,0.23786228522658348,0.2332980614155531,0.25024932064116,0.23777030780911446,0.23690830916166306,0.23388299718499184,0.23385253362357616,0.2253554817289114,0.22288789227604866,0.22957747802138329,0.2278505489230156,0.2257422860711813,0.22765406779944897,0.2401284221559763,0.24531256593763828,0.23807134106755257,0.241972291842103,0.2375097442418337,0.23661686480045319,0.23325381241738796,0.23145465180277824,0.23651371337473392,0.23021425120532513,0.23253321647644043,0.2292049638926983,0.22588696517050266,0.22804887033998966,0.2350185215473175,0.2356115933507681,0.2454181332141161,0.24698623828589916,0.24854465760290623,0.2604239545762539,0.23450378701090813,0.2391046267002821,0.23367860168218613,0.23114271834492683,0.24553577043116093,0.2362859733402729,0.24222030118107796,0.23976719938218594,0.24081699922680855,0.242622347548604,0.2423586156219244,0.24396459758281708,0.2505015693604946,0.2553556188941002,0.24852916598320007,0.14224801398813725,0.13491206243634224,0.12389968894422054,0.13143028877675533,0.135238790884614,0.1297187115997076,0.12297794129699469,0.1308297384530306,0.12991706654429436,0.1307017244398594,0.1254136087372899,0.12399317417293787,0.12258324027061462,0.12235869374126196,0.1296663349494338,0.13183624483644962,0.13724152743816376,0.14160712622106075,0.1382631827145815,0.14030833542346954,0.1456605289131403,0.13843461126089096,0.13580326549708843,0.12661277689039707,0.12434772215783596,0.12082060892134905,0.12488339375704527,0.13161111436784267,0.12860466167330742,0.11503523588180542,0.12841032445430756,0.12444787099957466,0.1006915383040905,0.13392963632941246,0.12951289303600788,0.12268219143152237,0.12497096043080091,0.12496675178408623,0.12817706912755966,0.12769580725580454,0.13039368856698275,0.14463365264236927,0.14070644788444042,0.13738453201949596,0.1398210320621729,0.1368484478443861,0.13979687355458736,0.14090379646846227,0.4655308723449707,0.46008477732539177,0.45329926908016205,0.45444678887724876,0.4552142471075058,0.4439471922814846,0.44532306119799614,0.44771890342235565,0.4529441110789776,0.4712926670908928,0.46322860941290855,0.4533500298857689,0.4555838443338871,0.4515089653432369,0.42645174637436867,0.4014171324670315,0.4227925091981888,0.40585069730877876,0.3798852041363716,0.37643080577254295,0.39570705220103264,0.4160374738276005,0.4304727539420128,0.41248050332069397,0.40415431559085846,0.4039556682109833,0.3887096792459488,0.3974093496799469,0.39900563284754753,0.40675508603453636,0.40766123682260513,0.39684608206152916,0.41652292385697365,0.43762388080358505,0.44058239459991455,0.43290986120700836,0.44171320274472237,0.4426618963479996,0.43377961218357086,0.4280513823032379,0.4275996573269367,0.4361143186688423,0.4345811642706394,0.4261503405869007,0.4190068058669567,0.41130921244621277,0.4116809740662575,0.40440460613795687
LLS_33,1,12,0.09547269344329834,0.03029608726501465,0.05250364542007446,0.21471279859542847,0.10279065370559692,0.23812967538833618,10.606025695800781,8.360213279724121,3460.57603263855,0.4954669885337353,0.5004640407860279,0.5081029683351517,0.5223333612084389,0.5165420100092888,0.4936387464404106,0.47532714158296585,0.4576789401471615,0.452358216047287,0.46409252285957336,0.4656727612018585,0.469336349517107,0.4543446935713291,0.42385492473840714,0.40888866037130356,0.4408099725842476,0.453956488519907,0.4687245301902294,0.47815071418881416,0.47662511840462685,0.46856841817498207,0.47133688628673553,0.48460980132222176,0.48604677990078926,0.4796004630625248,0.4887356013059616,0.491542249917984,0.484310369938612,0.5096097365021706,0.4854532815515995,0.45640768855810165,0.445096205919981,0.4349376931786537,0.46734775975346565,0.482783917337656,0.5007332377135754,0.487777017056942,0.4954630471765995,0.48844677954912186,0.47381874546408653,0.4799170419573784,0.47762197256088257,0.5114373341202736,0.5205795541405678,0.5075728967785835,0.5064732879400253,0.50297412276268,0.4983567808355604,0.26292455568909645,0.2581389248371124,0.2552175298333168,0.2524357810616493,0.25615957751870155,0.26040055975317955,0.25260079838335514,0.24444173462688923,0.24236350879073143,0.24216723442077637,0.24685008265078068,0.24353731982409954,0.2423495575785637,0.24483133852481842,0.2406828086823225,0.24360936880111694,0.24907078966498375,0.25026877596974373,0.25066049955785275,0.2554192915558815,0.25715779326856136,0.25162142142653465,0.24987497739493847,0.24650641717016697,0.24847636558115482,0.24514225870370865,0.2472662776708603,0.25334703736007214,0.26024799048900604,0.2589942626655102,0.2602359801530838,0.2558828629553318,0.2552008293569088,0.26919709891080856,0.2654092162847519,0.26842639222741127,0.26572157070040703,0.2706129439175129,0.26858698576688766,0.26146213710308075,0.25576383247971535,0.2610381133854389,0.271055456250906,0.26713400706648827,0.26248133182525635,0.2641592472791672,0.26730049028992653,0.2679748407432011,0.11962843127548695,0.1180174695327878,0.11405941285192966,0.10934137273579836,0.11467308178544044,0.1277466993778944,0.1282865097746253,0.13069293275475502,0.12319175899028778,0.1239106161519885,0.12150279339402914,0.11695635411888361,0.11833239439874887,0.12738134618848562,0.1301208073273301,0.13202405907213688,0.12804127391427755,0.12408198323100805,0.12500237580388784,0.11978317704051733,0.12115796003490686,0.12132309190928936,0.12091584876179695,0.11697030812501907,0.12039502803236246,0.1197858676314354,0.12017995119094849,0.11730614118278027,0.11973236780613661,0.11633888818323612,0.11987544223666191,0.12387157790362835,0.1274967473000288,0.1064874092116952,0.1062926035374403,0.10152274928987026,0.10487326979637146,0.10451910365372896,0.10651935264468193,0.1108978670090437,0.12003382295370102,0.1188226817175746,0.11550150718539953,0.10972458217293024,0.11641047149896622,0.11627737246453762,0.11752201244235039,0.11769398940461022,0.47300249338150024,0.4712207727134228,0.4679358899593353,0.468588188290596,0.4488074257969856,0.43739520385861397,0.4630315825343132,0.4598066620528698,0.4630264528095722,0.4730827733874321,0.47204477712512016,0.4739895910024643,0.4794810079038143,0.46341119334101677,0.4379132501780987,0.4160532206296921,0.4125405512750149,0.4109189733862877,0.40640345960855484,0.41963599994778633,0.42975496128201485,0.43028872087597847,0.42127613350749016,0.41363270953297615,0.41485870629549026,0.41794950887560844,0.4194709397852421,0.4301394894719124,0.4317895136773586,0.41878940165042877,0.4175817184150219,0.4177496023476124,0.43020103871822357,0.4424988217651844,0.43472249060869217,0.43211453780531883,0.4382314011454582,0.4314812198281288,0.44353968650102615,0.4475148655474186,0.4349190518260002,0.4292698763310909,0.41399888321757317,0.4173704795539379,0.4307698495686054,0.4220583960413933,0.4210340231657028,0.4253982901573181
LLS_33,0,13,0.047118544578552246,0.017597496509552002,0.02191007137298584,0.08456015586853027,0.012377679347991943,0.006285190582275391,3.9071037769317627,3.2739970684051514,1835.5635540485382,0.6170306578278542,0.625012218952179,0.6205079182982445,0.6133973971009254,0.6046080216765404,0.597296692430973,0.5952382683753967,0.5932294800877571,0.5979653671383858,0.6021743044257164,0.6112237572669983,0.6073363870382309,0.6141150593757629,0.6089063435792923,0.6188314631581306,0.6177060976624489,0.6177769973874092,0.6203752160072327,0.6214427351951599,0.6148105338215828,0.6112463772296906,0.6018859446048737,0.5976309254765511,0.6037644073367119,0.6126309633255005,0.6096550971269608,0.5984192118048668,0.6135200560092926,0.6172830983996391,0.6132391840219498,0.6046824157238007,0.5973023027181625,0.6124536618590355,0.616778664290905,0.6323892325162888,0.6229840368032455,0.6148679107427597,0.6108993142843246,0.6118953227996826,0.6154359877109528,0.6178856119513512,0.6182898655533791,0.6207359805703163,0.6254032179713249,0.628546379506588,0.626865066587925,0.6162134781479836,0.6070365480014256,0.26531292498111725,0.2712489664554596,0.27337515354156494,0.276245292276144,0.278784591704607,0.2800188735127449,0.2728372737765312,0.2727820836007595,0.27435506880283356,0.268812570720911,0.2695665881037712,0.2670893035829067,0.26725394651293755,0.27331050485372543,0.2719454690814018,0.27148229628801346,0.27327460423111916,0.2719998098909855,0.27525804191827774,0.27262700349092484,0.27706195786595345,0.2726764753460884,0.2729548439383507,0.27085868269205093,0.27418527379631996,0.2676754593849182,0.27025671675801277,0.27239472046494484,0.27290061488747597,0.2808978520333767,0.2842263728380203,0.2868604324758053,0.2804626449942589,0.26146093010902405,0.264900803565979,0.27452248334884644,0.2756485491991043,0.2750626243650913,0.26806704327464104,0.2676119841635227,0.26770468428730965,0.27255329862236977,0.27565665543079376,0.27287956327199936,0.274638619273901,0.2789795622229576,0.28166214004158974,0.27911828245435444,0.13647025264799595,0.12515799514949322,0.11927598714828491,0.12012813333421946,0.12142534274607897,0.1208907812833786,0.11832872498780489,0.11884770076721907,0.12011998426169157,0.11989505589008331,0.11975888349115849,0.12398138921707869,0.12363002449274063,0.12200717814266682,0.11945029627531767,0.1181236021220684,0.11505812965333462,0.1140730232000351,0.11420956905931234,0.11804045923054218,0.12355909496545792,0.12230315338820219,0.1211689468473196,0.1233430877327919,0.12536513712257147,0.1232149200513959,0.12898749858140945,0.13466990180313587,0.1305298786610365,0.12679831311106682,0.12840357422828674,0.12263834290206432,0.12120989151299,0.12353536300361156,0.12025259528309107,0.11778000555932522,0.11894841492176056,0.12021103780716658,0.12052913289517164,0.11731752194464207,0.12620790395885706,0.12788873724639416,0.1278365757316351,0.127682875841856,0.12784617021679878,0.12972137331962585,0.12782309763133526,0.1252318216221673,0.478373896330595,0.4593249633908272,0.4592624567449093,0.45951856300234795,0.46036316454410553,0.4705093316733837,0.48519292101264,0.4828656353056431,0.4725463390350342,0.4737415052950382,0.4677135720849037,0.47367431968450546,0.4705224670469761,0.4644632861018181,0.45963358879089355,0.46570801362395287,0.46725698560476303,0.4646310806274414,0.46105943247675896,0.47074342519044876,0.4721447750926018,0.4758503660559654,0.4794193468987942,0.47053154557943344,0.4589186795055866,0.47192317619919777,0.4700087532401085,0.46555745229125023,0.4607175663113594,0.45624297112226486,0.4614327847957611,0.46018701046705246,0.45885641127824783,0.4736528657376766,0.4589460864663124,0.45159441977739334,0.46218081936240196,0.46211448311805725,0.46586326509714127,0.4701671078801155,0.464820995926857,0.46278858929872513,0.4610849432647228,0.45959775149822235,0.4600314274430275,0.4537426494061947,0.4551277682185173,0.46345652852739605
LLS_33,1,13,0.02935338020324707,0.031654536724090576,0.04842841625213623,-0.018962502479553223,0.026259422302246094,-0.007898151874542236,4.611721038818359,3.896108388900757,3655.4466042518616,0.6488398760557175,0.6511360332369804,0.6505300253629684,0.6486411765217781,0.6425281912088394,0.6318845525383949,0.6392972394824028,0.6421639621257782,0.6432430297136307,0.6422137171030045,0.6417335346341133,0.6410310119390488,0.6384515464305878,0.6394629925489426,0.637417159974575,0.6458771377801895,0.6410273313522339,0.652781531214714,0.6599690020084381,0.6606814414262772,0.6455958411097527,0.6471105217933655,0.6521804556250572,0.6641112193465233,0.6516607329249382,0.6486717164516449,0.6378130689263344,0.6363323330879211,0.6473735645413399,0.6600255966186523,0.6538568288087845,0.6496887356042862,0.6579404249787331,0.6458919793367386,0.6565589681267738,0.6515571027994156,0.6527319252490997,0.6418555974960327,0.6391993016004562,0.635435588657856,0.6432796120643616,0.6490629240870476,0.6469583585858345,0.6466683596372604,0.6463877484202385,0.6445393785834312,0.6441527530550957,0.6454615422657558,0.26391953974962234,0.2643027640879154,0.2615434266626835,0.2641120180487633,0.2659093216061592,0.2690471224486828,0.2710212841629982,0.264580100774765,0.26114116609096527,0.26401863992214203,0.26804254576563835,0.2725719064474106,0.26685719192028046,0.26508571207523346,0.26808689907193184,0.2688838168978691,0.2665811739861965,0.268787145614624,0.2678501084446907,0.27276843041181564,0.27195099741220474,0.27068250998854637,0.2679328881204128,0.2606891021132469,0.25999433919787407,0.26205554232001305,0.2671620845794678,0.26921628415584564,0.26862043514847755,0.27447615563869476,0.2747713439166546,0.2727425694465637,0.263843085616827,0.2600158080458641,0.25764213129878044,0.25998177751898766,0.2599184103310108,0.26182692125439644,0.2639993168413639,0.2678220421075821,0.26688164845108986,0.2677170932292938,0.27153515070676804,0.27075181901454926,0.27047688141465187,0.2714262194931507,0.27317193895578384,0.2722213864326477,0.11005999334156513,0.10300408024340868,0.10034309793263674,0.10001213941723108,0.09944832697510719,0.09952019806951284,0.09351580962538719,0.09189914353191853,0.09685958176851273,0.10043568443506956,0.10034130420535803,0.10267520975321531,0.10020631086081266,0.09971782937645912,0.09686464723199606,0.09501769486814737,0.09687652345746756,0.09886181633919477,0.0981163801625371,0.09833262022584677,0.09784519486129284,0.09445886500179768,0.09499371889978647,0.0931046586483717,0.0964649012312293,0.09677963890135288,0.09891999140381813,0.10053391940891743,0.09927915595471859,0.0986078567802906,0.10041648708283901,0.100491464138031,0.09785441495478153,0.09784878231585026,0.09219878353178501,0.09260073024779558,0.0972927175462246,0.10051917005330324,0.10099527426064014,0.0964908953756094,0.0963114220649004,0.10082441009581089,0.10202827770262957,0.10339034255594015,0.10214883461594582,0.10046383086591959,0.1012515127658844,0.09933406008141381,0.49842432513833046,0.4929164722561836,0.4923850931227207,0.48954350873827934,0.48645757511258125,0.49291451647877693,0.47983789816498756,0.4829251356422901,0.48037276044487953,0.4625968225300312,0.46870800480246544,0.47234974801540375,0.4794981852173805,0.4812602028250694,0.47652657702565193,0.47559982165694237,0.48462506011128426,0.4778311401605606,0.46152475848793983,0.45332253724336624,0.4753509610891342,0.4693022407591343,0.470144085586071,0.4709101840853691,0.4785308949649334,0.47486839815974236,0.47388964518904686,0.48084427416324615,0.4785997159779072,0.451691210269928,0.45926566794514656,0.47136227041482925,0.479291595518589,0.4860433489084244,0.4848475679755211,0.4824410155415535,0.4826479107141495,0.48308638855814934,0.47665736451745033,0.4717896580696106,0.47246281430125237,0.4736723527312279,0.4713399186730385,0.4758090078830719,0.4786548726260662,0.48128222674131393,0.4771521985530853,0.4710216096469334
LLS_33,0,14,0.031046152114868164,0.044313132762908936,0.031132757663726807,0.020587682723999023,0.010556459426879883,0.007450461387634277,2.909247398376465,3.1469600200653076,1835.1091890335083,0.7697864919900894,0.7497449368238449,0.7364256531000137,0.7323452010750771,0.7239454016089439,0.7178263664245605,0.7152581959962845,0.7133661210536957,0.7244161665439606,0.722135491669178,0.7197743952274323,0.7263952046632767,0.7236494049429893,0.7116064578294754,0.7133004814386368,0.7125154584646225,0.697180449962616,0.7053389176726341,0.7284580022096634,0.7219426184892654,0.7082062587141991,0.688429020345211,0.7056209594011307,0.7064408287405968,0.7027044966816902,0.7070453613996506,0.6911105066537857,0.7035176306962967,0.7009291723370552,0.7123865112662315,0.7164745777845383,0.6966173052787781,0.680463157594204,0.7134736403822899,0.709406889975071,0.6836548373103142,0.6899893060326576,0.6938755214214325,0.6761470809578896,0.6508346274495125,0.6514976024627686,0.6721206605434418,0.6708092242479324,0.6760008186101913,0.6984042599797249,0.7261413931846619,0.7093907669186592,0.700571996825082,0.22390948608517647,0.21499810926616192,0.20561310462653637,0.21854828111827374,0.22086096927523613,0.2091525886207819,0.21908659860491753,0.21653535589575768,0.20729991607367992,0.2171159666031599,0.21306569315493107,0.2115973960608244,0.21144042536616325,0.2167366687208414,0.2176684234291315,0.21366997808218002,0.21833715587854385,0.2193352524191141,0.22144187428057194,0.22694165632128716,0.2206988651305437,0.22089620493352413,0.224309753626585,0.2228176947683096,0.2038828209042549,0.21379184909164906,0.20854545012116432,0.2165891770273447,0.21851281449198723,0.21506201103329659,0.21256575360894203,0.21031898260116577,0.21984694711863995,0.22151823341846466,0.21001615934073925,0.2121605295687914,0.2138171400874853,0.21769758872687817,0.2274049799889326,0.2086740806698799,0.21197952330112457,0.21372701227664948,0.21872347220778465,0.21755223907530308,0.21785622648894787,0.22075388953089714,0.2254574168473482,0.22335751141820634,0.09609988238662481,0.1020208690315485,0.10028317105025053,0.09719728492200375,0.10086560249328613,0.10229068342596292,0.09450951684266329,0.10108985938131809,0.09844707325100899,0.099069369956851,0.10380839835852385,0.09690962359309196,0.09478242322802544,0.09594887308776379,0.08715059515088797,0.09754886198788881,0.09670191537588835,0.09111494664102793,0.09503254108130932,0.09604327473789454,0.09754495695233345,0.09327125363051891,0.0929304575547576,0.09379288926720619,0.1015652334317565,0.08966595772653818,0.09060510527342558,0.09264382719993591,0.09203734900802374,0.10087267775088549,0.09566072281450033,0.1072221240028739,0.09234401397407055,0.086945747025311,0.10091665666550398,0.09465389233082533,0.09184762183576822,0.09919186867773533,0.09680525492876768,0.09240674879401922,0.08796380087733269,0.09204109478741884,0.09866744372993708,0.09820746909826994,0.09548713639378548,0.09703190345317125,0.09781644493341446,0.09717270199741636,0.27975961193442345,0.26271041110157967,0.25315915420651436,0.26938846707344055,0.27445079758763313,0.26258693262934685,0.275567714124918,0.26751962304115295,0.25652100518345833,0.2671908959746361,0.2653721272945404,0.2664056494832039,0.26633627712726593,0.2690090052783489,0.27108361944556236,0.26450181007385254,0.26705554872751236,0.2666030488908291,0.266360629349947,0.27160682901740074,0.2708098590373993,0.2728925943374634,0.2774483561515808,0.27480411902070045,0.2584288865327835,0.26942210644483566,0.2648368775844574,0.2723828889429569,0.27200787514448166,0.2624521963298321,0.2662194073200226,0.2610807456076145,0.2761630639433861,0.28270716592669487,0.26080310344696045,0.26189734786748886,0.2637368142604828,0.26947344839572906,0.2762610390782356,0.2653523348271847,0.2659142017364502,0.25997880287468433,0.26445509120821953,0.26545997336506844,0.26722508668899536,0.2672839015722275,0.26329028233885765,0.2686305216380528
LLS_33,1,14,0.03384441137313843,0.03726273775100708,0.031233012676239014,0.05394303798675537,0.06004232168197632,0.059525370597839355,3.7754881381988525,2.861837148666382,3540.763614654541,0.7558659985661507,0.749464213848114,0.7335852012038231,0.7105027437210083,0.694219321012497,0.6819443255662918,0.6769309416413307,0.6911436691880226,0.704863578081131,0.7007719650864601,0.6842002719640732,0.6734817549586296,0.6591686904430389,0.6583146303892136,0.6585124880075455,0.6870194301009178,0.6766256615519524,0.6692652180790901,0.6795218959450722,0.6878942400217056,0.6955111622810364,0.6779261752963066,0.6721877157688141,0.6785978600382805,0.6876767128705978,0.6797842457890511,0.6763613820075989,0.6711796522140503,0.65524872392416,0.6574179381132126,0.6617665439844131,0.6565628945827484,0.6566544398665428,0.6952080503106117,0.7032166942954063,0.7042490541934967,0.6999701857566833,0.6794107109308243,0.6663677915930748,0.6726660057902336,0.6744761243462563,0.6751618012785912,0.6663045287132263,0.6783992946147919,0.6847862005233765,0.6948790177702904,0.6830647885799408,0.6755356958934239,0.2671291306614876,0.23213668167591095,0.22158749029040337,0.21973381005227566,0.2255119178444147,0.22933745197951794,0.24131562188267708,0.23087611235678196,0.22904975712299347,0.2269623465836048,0.2332664467394352,0.23352563753724098,0.22156201116740704,0.21077562868595123,0.2123008891940117,0.22661595791578293,0.23057983070611954,0.23105118237435818,0.2281316015869379,0.2369809541851282,0.24176106601953506,0.23552113212645054,0.2260322067886591,0.2227286584675312,0.21563191525638103,0.22476585768163204,0.2387306857854128,0.22620364278554916,0.2343117594718933,0.2261120155453682,0.24051314033567905,0.2458609975874424,0.2524599339812994,0.2530503682792187,0.23478963784873486,0.2420103158801794,0.2365819402039051,0.2274322211742401,0.24383855052292347,0.2314278744161129,0.22747322730720043,0.23532372526824474,0.24070576205849648,0.22637963481247425,0.22746591083705425,0.23298477567732334,0.23967240564525127,0.23475473054817744,0.09163246769458055,0.10443094838410616,0.10142869595438242,0.10150516498833895,0.09647536184638739,0.0942231509834528,0.08932421915233135,0.08829884510487318,0.09398463554680347,0.09777545463293791,0.09787841700017452,0.09384550713002682,0.09899368695914745,0.09858922380954027,0.0944725451990962,0.09333358518779278,0.09601553436368704,0.09055876079946756,0.08760069869458675,0.09386014007031918,0.09840467013418674,0.09696644637733698,0.09166212379932404,0.0857462277635932,0.08210804592818022,0.08139583002775908,0.08297925814986229,0.08566380478441715,0.08768007811158895,0.08664952032268047,0.08711003512144089,0.09197550732642412,0.0842572245746851,0.0788343446329236,0.09211532771587372,0.08987668249756098,0.08758104033768177,0.09432353638112545,0.08852314110845327,0.08836370147764683,0.08859823830425739,0.09167522005736828,0.09491327684372663,0.09361852798610926,0.09308786690235138,0.09701966308057308,0.09742137975990772,0.100399235529559,0.2848372831940651,0.24861223436892033,0.23910330049693584,0.23680881783366203,0.24330074526369572,0.24760480970144272,0.2532328646630049,0.24625871144235134,0.24926328286528587,0.25215716287493706,0.26068413630127907,0.2591826803982258,0.24490957893431187,0.23739946447312832,0.23876177333295345,0.24213599227368832,0.24067869782447815,0.24153931066393852,0.24323740042746067,0.2510540261864662,0.2593021020293236,0.2593330517411232,0.2511414233595133,0.24929914064705372,0.24359832517802715,0.25047215819358826,0.26259784027934074,0.25248165614902973,0.2597445696592331,0.2510801535099745,0.2612827345728874,0.26788704469799995,0.2733173109591007,0.2759457528591156,0.2532434370368719,0.2591170482337475,0.25527348555624485,0.24746678955852985,0.2622842490673065,0.25150097347795963,0.24876402504742146,0.2536690719425678,0.2542269043624401,0.24363729171454906,0.24527915939688683,0.24718588031828403,0.25304433330893517,0.2537485233375004
LLS_33,0,15,0.019185543060302734,0.008755147457122803,0.01650238037109375,0.059354543685913086,0.0643305778503418,0.08592867851257324,8.410036087036133,5.628363609313965,1846.0592103004456,0.66754549741745,0.6498971432447433,0.6499596461653709,0.6697378754615784,0.674256719648838,0.6939058154821396,0.7009543180465698,0.6949687227606773,0.6919215470552444,0.6931320130825043,0.6924636363983154,0.6804840937256813,0.693947546184063,0.6990079507231712,0.7069146931171417,0.7022261768579483,0.6984335854649544,0.6817945316433907,0.6863288953900337,0.6856177821755409,0.6849577948451042,0.6730187758803368,0.6775960028171539,0.685151144862175,0.670520156621933,0.6660097911953926,0.673491545021534,0.674029529094696,0.6670625433325768,0.6645749062299728,0.669887863099575,0.6668228358030319,0.6648564040660858,0.6709123849868774,0.6813929900527,0.6791727542877197,0.6784663647413254,0.6749719604849815,0.655276469886303,0.6504584923386574,0.6482752189040184,0.6458587720990181,0.651244767010212,0.6646804586052895,0.6789311915636063,0.683899998664856,0.6749166771769524,0.6334438664572579,0.2062411829829216,0.21261433139443398,0.21347882971167564,0.2142923828214407,0.2212463989853859,0.22940389811992645,0.2250115517526865,0.21997028402984142,0.21239327639341354,0.2085767723619938,0.21053731068968773,0.21252073906362057,0.20495515689253807,0.20621874369680882,0.20375735498964787,0.20681904070079327,0.20908272825181484,0.20348912850022316,0.1991629172116518,0.19725877232849598,0.2110082171857357,0.2172215823084116,0.20945505239069462,0.21155142411589622,0.2162066213786602,0.21020860970020294,0.21465587802231312,0.22000562585890293,0.22600478120148182,0.2274115588515997,0.22437836416065693,0.22294673137366772,0.21890759840607643,0.20808175019919872,0.2130274437367916,0.21570043824613094,0.21439418755471706,0.21461140550673008,0.2178202010691166,0.21863772720098495,0.21752150915563107,0.21985918283462524,0.22150943987071514,0.22043678537011147,0.2211801279336214,0.2215754482895136,0.2194843664765358,0.2206761794430869,0.06806292571127415,0.06975433975458145,0.0715206814929843,0.07400242984294891,0.07359089236706495,0.07239607628434896,0.07389470189809799,0.0724443020299077,0.07177564594894648,0.0698679443448782,0.07059242390096188,0.0710351150482893,0.07103479839861393,0.07264263648539782,0.072882529348135,0.07031472027301788,0.06947552226483822,0.07355624623596668,0.07145051471889019,0.06956082303076982,0.06944482307881117,0.07287031598389149,0.07215197756886482,0.07249368354678154,0.07277234643697739,0.06986569240689278,0.07062197290360928,0.07054025493562222,0.07136394456028938,0.07536809891462326,0.08105640672147274,0.08772943075746298,0.08175513055175543,0.06456510536372662,0.0674685426056385,0.06891366746276617,0.06983170192688704,0.07526655308902264,0.0760866655036807,0.07428461406379938,0.07440707460045815,0.0736642125993967,0.07628764677792788,0.0766955642029643,0.07593028526753187,0.07484855502843857,0.07905018981546164,0.08939623939139503,0.45092645287513733,0.4580172598361969,0.45864079892635345,0.4406038783490658,0.4281555563211441,0.4183560013771057,0.44259529560804367,0.4397043138742447,0.43076907098293304,0.4231241047382355,0.42301562428474426,0.4289936348795891,0.41309210658073425,0.4030529595911503,0.38909612968564034,0.38842798396945,0.3909730389714241,0.42661216109991074,0.43646932393312454,0.42920754477381706,0.44444532319903374,0.4516056589782238,0.4408780261874199,0.4299689084291458,0.42425668984651566,0.421892698854208,0.4145469665527344,0.41674289107322693,0.4237027205526829,0.41923411190509796,0.4090818800032139,0.39715859293937683,0.3948739133775234,0.42348090931773186,0.41865773499011993,0.4068726748228073,0.39685239270329475,0.4019722416996956,0.41374173015356064,0.4223400130867958,0.41748709231615067,0.41991467773914337,0.41196777671575546,0.40435705333948135,0.40147966891527176,0.4090363532304764,0.4083070755004883,0.42490957038743155
LLS_33,1,15,0.03802984952926636,0.02839440107345581,0.023108303546905518,0.041507601737976074,0.04374569654464722,0.03128015995025635,5.4467668533325195,4.744225978851318,5781.912343978882,0.6845865771174431,0.6837930977344513,0.6893930360674858,0.6991380751132965,0.7002813667058945,0.7057284787297249,0.7049295678734779,0.6899537667632103,0.6893253400921822,0.6840205267071724,0.6859505474567413,0.6918208077549934,0.6836697086691856,0.6789240688085556,0.6852075308561325,0.6900145336985588,0.6921584978699684,0.6937573999166489,0.6906476244330406,0.6859623715281487,0.67791598290205,0.6733241155743599,0.6750228106975555,0.6721757650375366,0.662252701818943,0.6635876893997192,0.6719305515289307,0.6747996956110001,0.67836594581604,0.6819238141179085,0.6806567460298538,0.6784884035587311,0.6912993118166924,0.6901518702507019,0.6815791726112366,0.6932859271764755,0.7047618255019188,0.7134132757782936,0.7081198692321777,0.6961121559143066,0.6904435306787491,0.6952963396906853,0.6923928782343864,0.6924084797501564,0.6900555938482285,0.687232717871666,0.6785499677062035,0.6728920255388532,0.22502777725458145,0.22193654254078865,0.2190945092588663,0.21935495734214783,0.2232362926006317,0.22506310045719147,0.2243059203028679,0.22150789946317673,0.21940765902400017,0.21749018877744675,0.21896797604858875,0.2154056467115879,0.21595488116145134,0.2190669383853674,0.21932301484048367,0.21813258901238441,0.2213934175670147,0.22557605430483818,0.22588401474058628,0.22158844955265522,0.22693648375570774,0.22887676022946835,0.22374240681529045,0.2176806963980198,0.22137711755931377,0.22278072871267796,0.22437780536711216,0.22594337724149227,0.23177186027169228,0.23206904903054237,0.23183350451290607,0.2365882843732834,0.2317543402314186,0.2233363352715969,0.22372738271951675,0.22650916315615177,0.22509845532476902,0.2218635231256485,0.22326122038066387,0.22060309164226055,0.21787641011178493,0.22022338770329952,0.2245548479259014,0.22395331040024757,0.2237114328891039,0.22494543343782425,0.22961867041885853,0.22719490315232957,0.06916327122598886,0.06959693506360054,0.06744630355387926,0.06603236589580774,0.06638567429035902,0.06807371135801077,0.06716902926564217,0.06923394184559584,0.06726699229329824,0.0670936070382595,0.06696277111768723,0.0651924554258585,0.0680625606328249,0.0691769914701581,0.06898058857768774,0.0652647353708744,0.0659787068143487,0.06662426237016916,0.06550808157771826,0.06499506905674934,0.06768418196588755,0.06830971594899893,0.06355241686105728,0.06429342832416296,0.06700375769287348,0.06870524771511555,0.06895143911242485,0.07072294596582651,0.07062699645757675,0.06921015679836273,0.07177517283707857,0.0729769878089428,0.07147859595716,0.06640992220491171,0.06850430835038424,0.06927555240690708,0.06365927821025252,0.06213178765028715,0.06042384495958686,0.06156580103561282,0.06384412571787834,0.06756268441677094,0.06590296141803265,0.06538962572813034,0.06665502581745386,0.06951829418540001,0.07615370396524668,0.07582861610821315,0.4471632055938244,0.4417859874665737,0.43658679723739624,0.428860642015934,0.43018664047122,0.42783717066049576,0.4221349246799946,0.41984493285417557,0.4187665842473507,0.4196527786552906,0.4240781106054783,0.4202049672603607,0.42229409888386726,0.4191311337053776,0.41396331414580345,0.4141494035720825,0.4201301224529743,0.42259325832128525,0.42059217020869255,0.416623305529356,0.42546073347330093,0.4288228452205658,0.4199034981429577,0.41363174840807915,0.41903823986649513,0.419488862156868,0.41466792672872543,0.41832637414336205,0.4247572422027588,0.4191492944955826,0.41437992826104164,0.41962994262576103,0.41606130078434944,0.4235261231660843,0.42847855389118195,0.41494472324848175,0.4075465686619282,0.39647308364510536,0.3881929889321327,0.388415664434433,0.3901612050831318,0.39294832944869995,0.3966623581945896,0.3945956565439701,0.40058326721191406,0.410860825330019,0.42361146211624146,0.42277575390679495
LLS_33,0,16,0.018191099166870117,0.011502087116241455,0.006159067153930664,0.06934171915054321,0.043703317642211914,0.03952968120574951,9.679718017578125,8.988618850708008,2814.592255115509,0.6094204485416412,0.5782257840037346,0.56281328946352,0.5414783954620361,0.5400197505950928,0.5247590616345406,0.5069295987486839,0.5086168609559536,0.5392100960016251,0.5038011409342289,0.516842320561409,0.5363683700561523,0.5408290177583694,0.5789436921477318,0.5703635141253471,0.5394405573606491,0.5172804296016693,0.5282101184129715,0.5356429070234299,0.5226770788431168,0.5152197256684303,0.5153852701187134,0.5044092461466789,0.5097377113997936,0.48696741089224815,0.4837144650518894,0.4750076122581959,0.49721772223711014,0.47577064484357834,0.46581194549798965,0.49218981340527534,0.5215647295117378,0.5409918874502182,0.5805449783802032,0.5402191802859306,0.5260931849479675,0.5213877856731415,0.5158208683133125,0.5244908258318901,0.5002002641558647,0.4948869049549103,0.4937298186123371,0.47783583775162697,0.4602690450847149,0.4614357501268387,0.4641043394804001,0.4626620002090931,0.4580516942909786,0.301070898771286,0.30208295211195946,0.3088850863277912,0.31167544797062874,0.3123532719910145,0.30945108085870743,0.3002428859472275,0.2930937521159649,0.30445772036910057,0.3028752915561199,0.31953906267881393,0.31394360214471817,0.3082505837082863,0.30018502473831177,0.30130984634160995,0.3016473241150379,0.2965647429227829,0.29115305095911026,0.29387641698122025,0.2997455857694149,0.3083137087523937,0.2973815090954304,0.29822560399770737,0.2854253239929676,0.2842196077108383,0.2822774052619934,0.28904103487730026,0.29742609709501266,0.2918737903237343,0.2894129045307636,0.2857207655906677,0.27788036316633224,0.27794914320111275,0.28674644976854324,0.283381812274456,0.29092272371053696,0.29619787633419037,0.30021650716662407,0.30074018985033035,0.2937742881476879,0.28787851333618164,0.29247696697711945,0.29877663403749466,0.30396585538983345,0.3073585666716099,0.3137959763407707,0.3185315392911434,0.31938680580684115,0.12247819267213345,0.11219230014830828,0.10627904534339905,0.09284621942788363,0.07952364254742861,0.07984667643904686,0.07707420736551285,0.07605731394141912,0.08097650855779648,0.07344259787350893,0.06992829870432615,0.07853526435792446,0.08344284631311893,0.08457723911851645,0.07732914108783007,0.07793969567865133,0.07655022293329239,0.07807305455207825,0.08306795451790094,0.07453031465411186,0.07155042141675949,0.07028785441070795,0.07590810675173998,0.08189273066818714,0.08145786263048649,0.08732790965586901,0.08146865386515856,0.08839523326605558,0.0963142029941082,0.11147740669548512,0.1165544930845499,0.11339628882706165,0.1124187195673585,0.11527482513338327,0.1106108296662569,0.10437473002821207,0.1076333299279213,0.1031109495088458,0.10719892010092735,0.10612690076231956,0.11212672479450703,0.11136500164866447,0.10895238723605871,0.10685269068926573,0.10127213783562183,0.09722227230668068,0.09879294689744711,0.1039973795413971,0.36789702996611595,0.38013651221990585,0.38449445739388466,0.42957255244255066,0.41645093634724617,0.4423832967877388,0.454021655023098,0.4367114081978798,0.37499839067459106,0.438211090862751,0.40224237367510796,0.39654064178466797,0.3949305787682533,0.3480212576687336,0.34612060710787773,0.39146997407078743,0.40074989944696426,0.3933185711503029,0.38568534702062607,0.3970155641436577,0.39034223929047585,0.3647950179874897,0.3506139889359474,0.31370196864008904,0.300167016685009,0.2997213304042816,0.2850372865796089,0.30446702241897583,0.3256247565150261,0.3625716380774975,0.3817924037575722,0.3244285210967064,0.3192954547703266,0.35571659356355667,0.3712599202990532,0.37780333310365677,0.3927299566566944,0.37000251561403275,0.37215908616781235,0.38067105412483215,0.3682759888470173,0.3648226819932461,0.3628883734345436,0.36259322986006737,0.35479598119854927,0.3585497550666332,0.38497185334563255,0.4091707468032837
LLS_33,1,16,0.035961031913757324,0.03382056951522827,0.03290665149688721,0.07394975423812866,0.07173538208007812,0.06617099046707153,12.494998931884766,15.591845512390137,3478.801698207855,0.5334450826048851,0.4681181311607361,0.4466974698007107,0.4620925076305866,0.4777115359902382,0.5322955325245857,0.5917664617300034,0.5420277267694473,0.5052356906235218,0.49144332855939865,0.5020118914544582,0.48079007118940353,0.47995972633361816,0.48084229603409767,0.493974894285202,0.5125852189958096,0.4974939897656441,0.5003988146781921,0.5048506930470467,0.4818756654858589,0.4757542982697487,0.488075852394104,0.5150579214096069,0.48692217469215393,0.4790824018418789,0.4788205400109291,0.476294357329607,0.45021815598011017,0.4632273279130459,0.49214281141757965,0.4888131320476532,0.4818299189209938,0.46347155049443245,0.5024682618677616,0.47826993465423584,0.46549467742443085,0.5029623955488205,0.4889315068721771,0.4624921828508377,0.4962073192000389,0.544187419116497,0.5581938922405243,0.5467471554875374,0.5191422216594219,0.4564157798886299,0.44510427862405777,0.43432608619332314,0.5232256948947906,0.30015406757593155,0.29942791536450386,0.305630873888731,0.31177788600325584,0.3077537529170513,0.3114003837108612,0.3031204715371132,0.2967417612671852,0.30429086089134216,0.2912566252052784,0.28723664209246635,0.28431421518325806,0.2796548642218113,0.2796623334288597,0.28278786689043045,0.27070630714297295,0.27118922397494316,0.2744693011045456,0.28103313967585564,0.2845754772424698,0.29409606382250786,0.2996666058897972,0.2843830958008766,0.27805448323488235,0.2888141870498657,0.28742045909166336,0.28798671066761017,0.2887493297457695,0.29359883815050125,0.2977905012667179,0.2977170757949352,0.2834171988070011,0.2948523834347725,0.30001118406653404,0.2963421940803528,0.2949567027390003,0.29370955750346184,0.3036463111639023,0.3032121807336807,0.2976180724799633,0.2776123993098736,0.24304423481225967,0.23559214733541012,0.26930351182818413,0.28961558640003204,0.3099800609052181,0.30489009991288185,0.30275462354932514,0.12031513452529907,0.09495720639824867,0.09140053391456604,0.08074421808123589,0.07188646122813225,0.07197684329003096,0.09067677613347769,0.08403274230659008,0.07455010805279016,0.07948712352663279,0.09933187440037727,0.10359084792435169,0.09744942001998425,0.09289021510630846,0.08738661743700504,0.09136728290468454,0.0918183671310544,0.09156683180481195,0.09804966952651739,0.10238811653107405,0.10912394151091576,0.11098095681518316,0.12178757693618536,0.12844177708029747,0.13012251071631908,0.13816779851913452,0.1435050256550312,0.1405501775443554,0.1311659961938858,0.11979342438280582,0.11185180861502886,0.12666523177176714,0.1393202869221568,0.1283142101019621,0.12476040050387383,0.13968230225145817,0.16027661599218845,0.1659189611673355,0.16012250818312168,0.14149115793406963,0.12436497025191784,0.1552620679140091,0.1349337249994278,0.13088286854326725,0.1280586589127779,0.12507162243127823,0.13042432349175215,0.13343201577663422,0.39088762179017067,0.4773183576762676,0.46409568935632706,0.4251149855554104,0.37196215614676476,0.3404427021741867,0.3290539085865021,0.3395230621099472,0.3385520949959755,0.330419834703207,0.34992149472236633,0.3477435074746609,0.3191484697163105,0.30946966633200645,0.3089352287352085,0.29039761796593666,0.2915416993200779,0.29486168920993805,0.3288921155035496,0.34627317637205124,0.35276830196380615,0.3529352657496929,0.3490903973579407,0.3620834946632385,0.35221875086426735,0.3424495942890644,0.34186336398124695,0.35736680775880814,0.36350567266345024,0.350278627127409,0.38507744669914246,0.3966044522821903,0.4337405115365982,0.40746380761265755,0.4352796636521816,0.4393092580139637,0.3793957754969597,0.3989832065999508,0.4532565288245678,0.40947743505239487,0.29724782332777977,0.27485256642103195,0.28090281039476395,0.33127059787511826,0.36313022300601006,0.40350987762212753,0.3971525877714157,0.32520548360688345
LLS_33,0,17,0.05902630090713501,0.05355942249298096,0.03943777084350586,0.14997029304504395,0.1584342122077942,0.14801716804504395,6.468887805938721,6.584681987762451,1836.1458382606506,0.6383447721600533,0.6228401213884354,0.6243084669113159,0.6360989734530449,0.6401945203542709,0.6493377238512039,0.6285106390714645,0.5998689159750938,0.6349355727434158,0.6530224978923798,0.6683938279747963,0.6874880194664001,0.6326565742492676,0.6668901145458221,0.682840459048748,0.6602137312293053,0.6690970733761787,0.6914641037583351,0.6611330881714821,0.6232162788510323,0.6135777235031128,0.6212244853377342,0.6316271349787712,0.6365923136472702,0.6957140564918518,0.6876158863306046,0.6859466060996056,0.6767025589942932,0.6836827173829079,0.7032447159290314,0.6930538639426231,0.6635629162192345,0.6572959870100021,0.6750882789492607,0.6939301192760468,0.6859917119145393,0.6847667694091797,0.6920941546559334,0.6914145648479462,0.6871280670166016,0.6832600831985474,0.6887467354536057,0.7060556188225746,0.7098147422075272,0.7228701114654541,0.7316180169582367,0.7271460145711899,0.7198507615498134,0.2786318510770798,0.28336523845791817,0.2829183153808117,0.28113968670368195,0.279705960303545,0.27664828300476074,0.27544721215963364,0.2794600687921047,0.27565043047070503,0.2852545194327831,0.29660702496767044,0.27952827140688896,0.28702523186802864,0.28864722326397896,0.2654598504304886,0.2771725282073021,0.2815513014793396,0.27594902366399765,0.27217744290828705,0.280467439442873,0.28861120715737343,0.2897009253501892,0.28371957316994667,0.2909488268196583,0.28287240862846375,0.2819692976772785,0.2777435854077339,0.28487056121230125,0.2923855893313885,0.2974793389439583,0.2950398586690426,0.29521915689110756,0.29618893191218376,0.2881532907485962,0.2843984588980675,0.2744014449417591,0.2815910801291466,0.28975504636764526,0.2893211431801319,0.27951227501034737,0.2765715532004833,0.27397511899471283,0.2952689789235592,0.29585787653923035,0.2935870662331581,0.29534853622317314,0.2978926971554756,0.29358630946704317,0.09150494076311588,0.09320238884538412,0.09248338080942631,0.09105923771858215,0.09151839930564165,0.09178123902529478,0.09040707629173994,0.09108581766486168,0.0847365939989686,0.07948649395257235,0.0794026106595993,0.07613994926214218,0.07640701904892921,0.08362232521176338,0.08398443181067705,0.08557298220694065,0.07967502996325493,0.07785679399967194,0.08085448760539293,0.09433050267398357,0.10184754990041256,0.10072537697851658,0.0878777401521802,0.082908745855093,0.08201323077082634,0.08436750806868076,0.08408252242952585,0.08675067406147718,0.08186708390712738,0.08604150824248791,0.08486746996641159,0.0822495212778449,0.08206868171691895,0.08141734078526497,0.08034616429358721,0.08288844209164381,0.08359937556087971,0.08165703248232603,0.08431887160986662,0.08501948229968548,0.08132784347981215,0.07853174302726984,0.08350231312215328,0.08743605483323336,0.08664321713149548,0.08467652462422848,0.08380566723644733,0.08307575860193797,0.4109307676553726,0.4134565554559231,0.4040309339761734,0.39280060306191444,0.381935965269804,0.3715609945356846,0.37695401161909103,0.3857777304947376,0.4076516665518284,0.43350306898355484,0.4370731972157955,0.3991922661662102,0.41932302340865135,0.408353503793478,0.35986799746751785,0.37556788697838783,0.3808458596467972,0.36039910465478897,0.36291949078440666,0.3907752297818661,0.41524291038513184,0.42725857719779015,0.4209285117685795,0.41450631991028786,0.38446733355522156,0.3811504803597927,0.3704588711261749,0.37549517676234245,0.3744851388037205,0.3788420259952545,0.3799993693828583,0.3846687823534012,0.3935481160879135,0.37750236690044403,0.3611512519419193,0.343545313924551,0.3550845868885517,0.37058527022600174,0.36428071185946465,0.3538619801402092,0.3632783032953739,0.3404122553765774,0.38861292600631714,0.3770355209708214,0.3658146671950817,0.3669383190572262,0.3681330047547817,0.36004189934049335
LLS_33,1,17,0.07135629653930664,0.07508665323257446,0.08123183250427246,0.142458975315094,0.13511061668395996,0.13390439748764038,7.071521759033203,5.326801300048828,3403.13534784317,0.6312040910124779,0.6215100511908531,0.6311515867710114,0.641597181558609,0.5931060537695885,0.6010416373610497,0.6158914044499397,0.6449140757322311,0.6260275393724442,0.6274468451738358,0.6216066926717758,0.625003919005394,0.643547922372818,0.6404178589582443,0.6174973845481873,0.6392235532402992,0.6513669863343239,0.6642976179718971,0.6601003333926201,0.6584476828575134,0.6126765310764313,0.6124673411250114,0.6221238970756531,0.6160588711500168,0.6112671941518784,0.6199841126799583,0.6415418684482574,0.6554396972060204,0.6279227137565613,0.5907338708639145,0.5848718285560608,0.584239736199379,0.6157127097249031,0.6257193088531494,0.6250859275460243,0.6172748878598213,0.617232657968998,0.6230124980211258,0.6252926364541054,0.6296540275216103,0.6364492326974869,0.633741058409214,0.6327171176671982,0.6378307715058327,0.6234016790986061,0.6179111748933792,0.6308953166007996,0.6364485110555377,0.2972581647336483,0.29163146764039993,0.28695882856845856,0.2847656235098839,0.2964227460324764,0.3021156042814255,0.29858822748064995,0.27250122278928757,0.2918831445276737,0.2876158617436886,0.29012710228562355,0.2801668643951416,0.27205097675323486,0.27815014123916626,0.2850876972079277,0.2779051326215267,0.2720741964876652,0.2631218619644642,0.2629552632570267,0.26010587438941,0.28318820521235466,0.2862032875418663,0.28244438022375107,0.2976744584739208,0.28854508325457573,0.2850554697215557,0.27515432983636856,0.26487505063414574,0.2781888581812382,0.2886249013245106,0.2943456098437309,0.29560424014925957,0.2699062414467335,0.28162906691432,0.2875681333243847,0.29113343730568886,0.2919766195118427,0.28905651345849037,0.2856505401432514,0.28658049181103706,0.2838204950094223,0.282818078994751,0.289040669798851,0.2851184085011482,0.2894767001271248,0.29381727054715157,0.28315500169992447,0.27507035221372333,0.12094025406986475,0.1175371278077364,0.1135321594774723,0.11032035667449236,0.11562069039791822,0.1178213618695736,0.1137837078422308,0.1089037423953414,0.1114649223163724,0.109698168002069,0.11105082836002111,0.1086590327322483,0.1069663418456912,0.10986663959920406,0.11272276844829321,0.11293978337198496,0.11160803213715553,0.109670115634799,0.1081020450219512,0.11048526037484407,0.11090615577995777,0.10635264124721289,0.10852723196148872,0.11830842308700085,0.11640394292771816,0.1145261786878109,0.11713120620697737,0.11724644247442484,0.12595844734460115,0.13317632395774126,0.13510740362107754,0.13094324246048927,0.12456295639276505,0.10496560391038656,0.10894856788218021,0.11158126033842564,0.1141727976500988,0.11667900625616312,0.12011768016964197,0.11695141531527042,0.11820372845977545,0.1161834942176938,0.11169744655489922,0.10817231982946396,0.1082080164924264,0.11779966484755278,0.1194343725219369,0.11526233702898026,0.40304747968912125,0.3946962393820286,0.3846120648086071,0.37716007232666016,0.392038244754076,0.3985069692134857,0.3965963236987591,0.3567902557551861,0.38472214341163635,0.38434773683547974,0.38676195964217186,0.3743007816374302,0.365912850946188,0.3712365962564945,0.3733586221933365,0.3568953201174736,0.34888748824596405,0.33845238015055656,0.3458385653793812,0.34969324991106987,0.36882370710372925,0.37589747086167336,0.37284283339977264,0.38173411414027214,0.37093865498900414,0.3647250793874264,0.34765395894646645,0.33029718324542046,0.34377479180693626,0.36052515357732773,0.3686511665582657,0.3760443367063999,0.3517262861132622,0.37872396036982536,0.3804938942193985,0.38054725155234337,0.3801695890724659,0.37645192444324493,0.3735667057335377,0.37128234282135963,0.3664395213127136,0.36377138271927834,0.3739202469587326,0.3719535954296589,0.3817232809960842,0.3829970806837082,0.3677128963172436,0.351352048771722
LLS_33,0,18,0.041969895362854004,0.01218956708908081,0.022300124168395996,0.1782507300376892,0.05369377136230469,0.11058157682418823,4.730355262756348,5.0866780281066895,1843.609090089798,0.5636268630623817,0.5580253675580025,0.5562792718410492,0.5572646856307983,0.558444656431675,0.5625001937150955,0.5598634630441666,0.5569741800427437,0.5525249391794205,0.5405252501368523,0.5381621569395065,0.5370016843080521,0.5357396230101585,0.5361622795462608,0.5342901423573494,0.5322547554969788,0.5338209643959999,0.528832383453846,0.519969254732132,0.508903980255127,0.4985644966363907,0.4897751584649086,0.48426759615540504,0.4603019803762436,0.4507744014263153,0.44825900346040726,0.4539457820355892,0.4506060369312763,0.4457712434232235,0.43898003175854683,0.42883679643273354,0.42067674919962883,0.42074645683169365,0.498822458088398,0.5136501342058182,0.5143763720989227,0.5252409055829048,0.5265905112028122,0.5279148370027542,0.5315536484122276,0.5350901633501053,0.5438965409994125,0.5494592934846878,0.553693562746048,0.5551550462841988,0.5527392104268074,0.5494768619537354,0.5427912814276559,0.2355323638767004,0.23501812107861042,0.23440263979136944,0.23581833764910698,0.23489427380263805,0.2351436223834753,0.23286173678934574,0.22893786802887917,0.2257567849010229,0.22027498483657837,0.21756783686578274,0.21490131877362728,0.2148147150874138,0.21679576486349106,0.2172476276755333,0.2182761039584875,0.21971628814935684,0.21807777136564255,0.21773702278733253,0.21822743862867355,0.22041312232613564,0.21712087281048298,0.21457786113023758,0.21684501320123672,0.2193887997418642,0.2185659147799015,0.22252015210688114,0.22756708599627018,0.23402205668389797,0.24018852785229683,0.24567337334156036,0.24815997295081615,0.24168049544095993,0.22652486711740494,0.22848951444029808,0.2250963356345892,0.22465874627232552,0.22259258478879929,0.21828950941562653,0.2150262501090765,0.21291347965598106,0.2147522922605276,0.21935369446873665,0.22158078290522099,0.22253763675689697,0.22263223119080067,0.2222946248948574,0.21951889991760254,0.12278476264327765,0.11671153828501701,0.11053874623030424,0.10629774257540703,0.1034065131098032,0.1013182383030653,0.0981703931465745,0.09791577327996492,0.10009955149143934,0.10087232571095228,0.10071018431335688,0.09956963546574116,0.09473178256303072,0.09121999330818653,0.08718169387429953,0.08127117715775967,0.08132672030478716,0.0818577716127038,0.08186130132526159,0.08367032557725906,0.08496689051389694,0.08455655537545681,0.08237949758768082,0.08229071740061045,0.08305285405367613,0.0823072511702776,0.07973368279635906,0.08145176246762276,0.08509257435798645,0.08390707150101662,0.08607381768524647,0.08940178900957108,0.09330185502767563,0.12290634214878082,0.11664726305752993,0.1085512824356556,0.10646925121545792,0.10632116254419088,0.10475090146064758,0.10191341303288937,0.09832780808210373,0.10141904558986425,0.10298766475170851,0.10634017456322908,0.10872974805533886,0.11300531961023808,0.11318903882056475,0.1099390664270946,0.4139612689614296,0.40953153371810913,0.4028918407857418,0.3965318128466606,0.3909367322921753,0.38520461693406105,0.3829142265021801,0.3798719607293606,0.3794787675142288,0.3817325606942177,0.38158782199025154,0.38139013946056366,0.3794732727110386,0.376962561160326,0.37150875851511955,0.3638179786503315,0.3605410270392895,0.35987867414951324,0.35999009385704994,0.36470356211066246,0.373976644128561,0.3733428679406643,0.36898164078593254,0.3790638595819473,0.38521771132946014,0.381364569067955,0.3727528415620327,0.37818344309926033,0.3838350623846054,0.3818160220980644,0.38292909413576126,0.3888505548238754,0.3909688703715801,0.4045235365629196,0.4021824114024639,0.39741943031549454,0.39324017986655235,0.3944525048136711,0.3866299092769623,0.37324464693665504,0.3636087737977505,0.36346643790602684,0.3729630187153816,0.37811486423015594,0.3853207640349865,0.39463790506124496,0.39907708391547203,0.39670804142951965
LLS_33,1,18,0.03833901882171631,0.011125385761260986,0.05127716064453125,0.18596678972244263,0.11607575416564941,0.19121628999710083,3.477900505065918,3.5308661460876465,3760.0140013694763,0.5595925748348236,0.5556518509984016,0.5565892830491066,0.5607470124959946,0.5653680637478828,0.570269800722599,0.568155087530613,0.5651465654373169,0.5550508201122284,0.5420823320746422,0.5400381907820702,0.53960832208395,0.5339615046977997,0.5285621583461761,0.5241850763559341,0.5185932889580727,0.513532891869545,0.5075666531920433,0.5044219270348549,0.49796755611896515,0.4947582632303238,0.495577834546566,0.4938945546746254,0.48849863931536674,0.4861823506653309,0.4839215539395809,0.4869505912065506,0.4913121238350868,0.4942488484084606,0.49075399711728096,0.4881586879491806,0.49730581790208817,0.5067206844687462,0.5398681089282036,0.5461782217025757,0.5420023500919342,0.542645737528801,0.5375864803791046,0.5340880826115608,0.5374259874224663,0.5471499636769295,0.5487471371889114,0.5465495213866234,0.5446210652589798,0.5383283197879791,0.5324379131197929,0.5285757854580879,0.5303556323051453,0.24546251818537712,0.2426939271390438,0.24210513569414616,0.24426968209445477,0.24486066214740276,0.24640210531651974,0.24451852031052113,0.24028667248785496,0.2384549081325531,0.23818348161876202,0.23860455118119717,0.23658419959247112,0.23666535317897797,0.23838655650615692,0.23897368274629116,0.2411110121756792,0.24400831572711468,0.2434116993099451,0.2414980586618185,0.24205456115305424,0.24494288489222527,0.24520959705114365,0.2432022225111723,0.245334779843688,0.24679461866617203,0.2402109745889902,0.24188295006752014,0.2465942818671465,0.24826819449663162,0.24953963980078697,0.25446703284978867,0.26118290424346924,0.2586297392845154,0.23787438310682774,0.23853525705635548,0.23418709263205528,0.23367471434175968,0.23178975470364094,0.23031566478312016,0.2313755638897419,0.23119116015732288,0.23335750587284565,0.23449299670755863,0.2336083333939314,0.23477892205119133,0.23371090553700924,0.23262699134647846,0.2323132050888879,0.11809830740094185,0.11264773737639189,0.10702478233724833,0.10412488412111998,0.10340530332177877,0.10415354464203119,0.10297989659011364,0.10278389789164066,0.104667067527771,0.10770285222679377,0.11102405190467834,0.1127693047747016,0.11423696391284466,0.1171645037829876,0.1190098375082016,0.11827361863106489,0.12131815124303102,0.1261406522244215,0.12445175740867853,0.1257733004167676,0.12534146010875702,0.12489654496312141,0.12834572419524193,0.13222291134297848,0.13503465615212917,0.1329494509845972,0.1347665898501873,0.14080476202070713,0.1411855798214674,0.14158080331981182,0.13966353796422482,0.14081964828073978,0.13653002958744764,0.11996007990092039,0.10821225587278605,0.1019984120503068,0.1009850138798356,0.10133610386401415,0.10024719685316086,0.09954456519335508,0.09972082171589136,0.098744360730052,0.09589802008122206,0.09414416179060936,0.09321191068738699,0.09188340697437525,0.09528003912419081,0.0968692877462932,0.39719173312187195,0.3927861265838146,0.39029549062252045,0.39045142754912376,0.39272135123610497,0.3967650644481182,0.40246085077524185,0.4024471640586853,0.40611277148127556,0.4131229631602764,0.41767261922359467,0.4232216253876686,0.42844283208251,0.43106259405612946,0.4297482930123806,0.4319620802998543,0.43969711661338806,0.44073738530278206,0.4321666993200779,0.43234461918473244,0.43966004624962807,0.4408917613327503,0.4423302449285984,0.445202749222517,0.44500911235809326,0.43921253085136414,0.43800628185272217,0.43447254598140717,0.42670654505491257,0.4186606965959072,0.4147389270365238,0.4190572313964367,0.4178515635430813,0.3854694031178951,0.3803381025791168,0.3818860277533531,0.3843078725039959,0.38508429378271103,0.3886345587670803,0.39062191918492317,0.3796340487897396,0.37245169281959534,0.3682696931064129,0.36558273807168007,0.36929724365472794,0.37201230227947235,0.37510842829942703,0.3769200997693198
LLS_33,0,19,0.02084273099899292,0.019336700439453125,0.014855682849884033,0.1391516923904419,0.22250664234161377,0.22396618127822876,4.392380714416504,5.251806735992432,1843.454541683197,0.6938182562589645,0.7337145879864693,0.7619226723909378,0.7764966934919357,0.7847119271755219,0.7862115874886513,0.7854478284716606,0.7830289676785469,0.7794367745518684,0.7704120427370071,0.7543287575244904,0.7654592096805573,0.7699529007077217,0.7621061280369759,0.7680610790848732,0.7685313671827316,0.7697071954607964,0.7687458246946335,0.770127184689045,0.7819020599126816,0.7839443385601044,0.7895675003528595,0.7893452048301697,0.7850887030363083,0.7848596125841141,0.779749795794487,0.7637193128466606,0.7594703584909439,0.7439852803945541,0.7353719621896744,0.7318509295582771,0.7267208322882652,0.6994987651705742,0.7076552882790565,0.749398335814476,0.777895912528038,0.79792370647192,0.8066600188612938,0.7958139255642891,0.7797862216830254,0.7867311388254166,0.7880087792873383,0.7831070423126221,0.7747227624058723,0.7642909213900566,0.7568846121430397,0.7511719763278961,0.7660838195255825,0.24575309082865715,0.24171647801995277,0.2366760391741991,0.23973808623850346,0.24718580394983292,0.25239377096295357,0.24918845295906067,0.24583697877824306,0.2452237568795681,0.25205724500119686,0.2605302706360817,0.2566622719168663,0.26224668323993683,0.26939136162400246,0.2646374776959419,0.26682501286268234,0.2644393518567085,0.25617315620183945,0.25078167021274567,0.24457660131156445,0.2471216768026352,0.24991954863071442,0.2531962785869837,0.25757139921188354,0.2608462683856487,0.25728525780141354,0.26110994443297386,0.2628125809133053,0.26688751205801964,0.2642545886337757,0.2537699416279793,0.25070290453732014,0.2540496625006199,0.24636775813996792,0.2456098422408104,0.23876027017831802,0.2316527832299471,0.23701232485473156,0.24884451739490032,0.2498722616583109,0.23777043260633945,0.23581389151513577,0.24220899678766727,0.24970425851643085,0.2598837949335575,0.2618372142314911,0.26605402678251266,0.25880561556134907,0.12924092169851065,0.11208674497902393,0.09883978590369225,0.08676717337220907,0.0751664936542511,0.06715335976332426,0.06305404100567102,0.06333704106509686,0.06806900445371866,0.07319493591785431,0.0757869528606534,0.07782228570431471,0.07566340081393719,0.07363571599125862,0.06975761521607637,0.0681341253221035,0.06993504799902439,0.07840060070157051,0.07924273237586021,0.07633981760591269,0.07483486458659172,0.07226546760648489,0.06915684603154659,0.06594856549054384,0.06357762310653925,0.06427558232098818,0.06865100841969252,0.06848276033997536,0.06386985443532467,0.060299978125840425,0.05668505886569619,0.058508827816694975,0.06951766461133957,0.11546955071389675,0.10686617437750101,0.0926350336521864,0.08082919754087925,0.07062701601535082,0.06658041756600142,0.06238625245168805,0.0659751039929688,0.06935003958642483,0.06916127167642117,0.06850655004382133,0.0724692028015852,0.07467557303607464,0.07834637444466352,0.07720522582530975,0.43915074318647385,0.4217342808842659,0.41727878525853157,0.4235519729554653,0.4377967305481434,0.4433537796139717,0.44448423385620117,0.4412708841264248,0.4386923126876354,0.44024983793497086,0.4492233023047447,0.43140213191509247,0.42851634323596954,0.4406982250511646,0.4321536086499691,0.43228133767843246,0.4313916377723217,0.41789766028523445,0.40799467638134956,0.4085126183927059,0.42652808874845505,0.4270835630595684,0.4254317469894886,0.4258382059633732,0.42057834193110466,0.421818058937788,0.4333309456706047,0.4397616721689701,0.44027457386255264,0.43078456446528435,0.43732719868421555,0.4431995674967766,0.4552237279713154,0.44457291811704636,0.4287915304303169,0.41888490319252014,0.4239335432648659,0.4420669861137867,0.46472835913300514,0.4784851409494877,0.45355071872472763,0.43589625880122185,0.4404185228049755,0.4479026012122631,0.45084409788250923,0.45401427894830704,0.4625113159418106,0.4515922154699053
LLS_33,1,19,0.0143507719039917,-0.012755215167999268,0.015994250774383545,0.13373351097106934,-0.008276194334030151,0.14581674337387085,5.0909037590026855,5.491222381591797,3502.553686141968,0.7076792865991592,0.7398109957575798,0.7689017280936241,0.7988326773047447,0.7999807521700859,0.7950309216976166,0.8013613596558571,0.7929458096623421,0.7920620292425156,0.7911816090345383,0.8011939823627472,0.8028708398342133,0.804307833313942,0.7880114391446114,0.7835592180490494,0.7914312556385994,0.7854064926505089,0.7954214587807655,0.7866316065192223,0.7849436774849892,0.7802579253911972,0.7634518817067146,0.7330713123083115,0.7497572153806686,0.7465170547366142,0.75057552754879,0.7514021098613739,0.72482830286026,0.7075105011463165,0.720213308930397,0.7364807054400444,0.7390644922852516,0.7414002940058708,0.7605859860777855,0.7677319422364235,0.7671869173645973,0.7688866257667542,0.7798340693116188,0.7998353093862534,0.8198987916111946,0.8224873095750809,0.813037633895874,0.8190479874610901,0.8232958912849426,0.8280349597334862,0.8340546563267708,0.826175831258297,0.8077330504144941,0.250331437215209,0.24497672729194164,0.2381691299378872,0.23297934047877789,0.23735096491873264,0.24060994014143944,0.23686514422297478,0.24095557071268559,0.24105368554592133,0.24310175701975822,0.2471428234130144,0.24410375207662582,0.24109750986099243,0.24830301478505135,0.2383594512939453,0.23234255984425545,0.23526929132640362,0.23222574032843113,0.238921906799078,0.23617865331470966,0.23729301244020462,0.24700629524886608,0.25510427728295326,0.2519779186695814,0.25058761425316334,0.23978491313755512,0.24180983565747738,0.250024426728487,0.25133861042559147,0.2468576580286026,0.2436299566179514,0.2475488781929016,0.2479760628193617,0.23902086727321148,0.23948199301958084,0.23721913434565067,0.23427187278866768,0.24141771346330643,0.24157029576599598,0.23096873238682747,0.2275509089231491,0.23320761881768703,0.23378568142652512,0.23507814295589924,0.23093987815082073,0.22974538058042526,0.2372595127671957,0.2473972269466945,0.12935030087828636,0.11290354002267122,0.0974091375246644,0.08091317117214203,0.06712667364627123,0.05876044696196914,0.05356243113055825,0.05316596571356058,0.05369818676263094,0.05556048406288028,0.060482360888272524,0.05845730798318982,0.05476403282955289,0.05086895450949669,0.04893723828718066,0.0479775364510715,0.04737237747758627,0.04917989717796445,0.05687211127951741,0.06413730653002858,0.06703653186559677,0.06370155652984977,0.0650275400839746,0.0611500577069819,0.05796075752004981,0.062413557432591915,0.07139837648719549,0.0927544143050909,0.10352930892258883,0.10919067822396755,0.10943754948675632,0.10455236490815878,0.10365959163755178,0.12698723562061787,0.12133697420358658,0.11512849852442741,0.11272022500634193,0.10611687321215868,0.09814109653234482,0.08979249000549316,0.08992229215800762,0.09674892853945494,0.0928111057728529,0.08798556309193373,0.0853068009018898,0.08155874907970428,0.08142340090125799,0.08228495078427452,0.48884063214063644,0.4787721671164036,0.4737747870385647,0.4768412299454212,0.49986158683896065,0.5104134455323219,0.5025897920131683,0.5023103691637516,0.503860667347908,0.501935251057148,0.48326364532113075,0.48576898500323296,0.48680737242102623,0.5005794055759907,0.501675870269537,0.4973543547093868,0.4977729506790638,0.4827662780880928,0.4940231293439865,0.49529628455638885,0.5055193305015564,0.5141453817486763,0.52455023676157,0.5069730132818222,0.5118986666202545,0.5061224661767483,0.49054841697216034,0.48862821236252785,0.48428071290254593,0.4633807800710201,0.44981466606259346,0.46988651528954506,0.48453158512711525,0.4813603609800339,0.47414710000157356,0.4643796272575855,0.4570254199206829,0.46417856961488724,0.4640803635120392,0.45678284391760826,0.4518561214208603,0.45160628855228424,0.45391128584742546,0.45712539926171303,0.45624783635139465,0.457156278192997,0.4666759595274925,0.4778051589216505
LLS_c0,0,0,0.03889375925064087,0.009497523307800293,0.035279691219329834,0.027864158153533936,-0.001200258731842041,0.023840904235839844,7.510220527648926,7.097552299499512,1844.3293368816376,0.642502099275589,0.6307814791798592,0.625834085047245,0.6325801983475685,0.6298696845769882,0.6397599950432777,0.6353829130530357,0.6206746846437454,0.6149751245975494,0.6153885424137115,0.6088536903262138,0.6146960034966469,0.6187471002340317,0.6123164966702461,0.607264868915081,0.5917951315641403,0.5874027237296104,0.5898512005805969,0.6019655466079712,0.6079670339822769,0.5990254282951355,0.5962309464812279,0.6016408354043961,0.6127371042966843,0.5911418497562408,0.5562615841627121,0.5434767603874207,0.5528808459639549,0.5788501352071762,0.5677511915564537,0.5555374026298523,0.5575607120990753,0.5638965517282486,0.6035779863595963,0.6041920930147171,0.5916014015674591,0.5760501176118851,0.56495401263237,0.5717261359095573,0.5885264500975609,0.5822143480181694,0.5681147426366806,0.5611605495214462,0.5837442651391029,0.5941411405801773,0.5732745751738548,0.5581841841340065,0.5645985007286072,0.28021804988384247,0.28329258412122726,0.28268003463745117,0.28182175755500793,0.28618569672107697,0.2916959300637245,0.2887841574847698,0.28902309760451317,0.2917719818651676,0.28796251118183136,0.28960732743144035,0.2859375476837158,0.28568362444639206,0.29445574060082436,0.2987719178199768,0.29645776003599167,0.2956485338509083,0.2888067476451397,0.28864898905158043,0.2847120724618435,0.2832842469215393,0.290896762162447,0.2966943457722664,0.2922349013388157,0.2926962226629257,0.2971269525587559,0.3069806322455406,0.31567028909921646,0.3105497248470783,0.3066793456673622,0.3126721791923046,0.3156178444623947,0.3088270016014576,0.2811540402472019,0.2794938236474991,0.28347479179501534,0.28686895221471786,0.29234953224658966,0.29366162419319153,0.2938919812440872,0.29610347002744675,0.28705422580242157,0.28950804471969604,0.29324420541524887,0.2951915077865124,0.2978493832051754,0.3024058826267719,0.30032562783786226,0.0845722472295165,0.08307655062526464,0.08263568673282862,0.08578100055456161,0.08494802284985781,0.08285200223326683,0.08411526214331388,0.08247465640306473,0.08860630635172129,0.0877336673438549,0.08482881356030703,0.0797002911567688,0.08475729264318943,0.08330474887043238,0.08175717946141958,0.08744418434798717,0.0833981391042471,0.08484222088009119,0.09059111308306456,0.09240177646279335,0.10060638934373856,0.10157596319913864,0.09053554106503725,0.0933121107518673,0.10136044211685658,0.09480198472738266,0.0929190032184124,0.09102777671068907,0.0906433155760169,0.09694472141563892,0.10282161459326744,0.10402741469442844,0.10108962003141642,0.08759441040456295,0.0872956607490778,0.08850652631372213,0.09298369288444519,0.09589977376163006,0.09016949310898781,0.08844825346022844,0.09134526550769806,0.09788830857723951,0.0975378667935729,0.09332637954503298,0.089071792550385,0.08937377668917179,0.09235158376395702,0.09209753998688289,0.3869994170963764,0.38489317521452904,0.3957744836807251,0.39599818736314774,0.40157845988869667,0.39512745290994644,0.4163617677986622,0.4226410575211048,0.41305241361260414,0.39423010870814323,0.41126224771142006,0.4143320620059967,0.4005281999707222,0.3962164707481861,0.41315143182873726,0.4396149665117264,0.4388042092323303,0.4101667255163193,0.40008456259965897,0.3909226320683956,0.3969237133860588,0.40259362384676933,0.4129388928413391,0.40070510283112526,0.41242530569434166,0.41557004302740097,0.4122413657605648,0.4244406260550022,0.41208067163825035,0.42706378921866417,0.4294460043311119,0.42610403522849083,0.42956121265888214,0.4077511541545391,0.40068280696868896,0.4059307537972927,0.4168301783502102,0.43166786804795265,0.4312252774834633,0.4140349440276623,0.41903549432754517,0.42320194840431213,0.4325137659907341,0.4112335294485092,0.4015023000538349,0.4244525283575058,0.4393173046410084,0.4303517554487501
LLS_c0,1,0,0.02896970510482788,0.007629990577697754,0.013828814029693604,0.042593300342559814,0.03694915771484375,0.03657650947570801,7.295873641967773,8.223526954650879,2650.9838666915894,0.591236412525177,0.5882755890488625,0.5619249269366264,0.5484062731266022,0.5618031173944473,0.5738392025232315,0.5443359240889549,0.5493433251976967,0.5589708983898163,0.571810320019722,0.5689829662442207,0.540713369846344,0.5418859273195267,0.5513570383191109,0.5545893162488937,0.5139617659151554,0.49857204407453537,0.5437330305576324,0.5702206417918205,0.5702518224716187,0.5268350839614868,0.5237000286579132,0.5357263311743736,0.5472470074892044,0.5367211401462555,0.5278908014297485,0.5422560051083565,0.5467540621757507,0.5305866077542305,0.5387790203094482,0.5568733066320419,0.5609738007187843,0.5354434549808502,0.5341342836618423,0.5420184656977654,0.5510232523083687,0.5258335322141647,0.5032050162553787,0.5178805142641068,0.5254170671105385,0.5191349312663078,0.4989284612238407,0.514726635068655,0.5487100258469582,0.5290048196911812,0.5173324421048164,0.5354714244604111,0.5571756022317069,0.29147202894091606,0.2912178821861744,0.2972157411277294,0.2970212996006012,0.29272209480404854,0.2937089875340462,0.2952682003378868,0.2875616028904915,0.2881089448928833,0.29037225618958473,0.2895323298871517,0.28835462778806686,0.2918338216841221,0.2979695238173008,0.2964882291853428,0.29418306425213814,0.2914809137582779,0.2917334698140621,0.287601999938488,0.2835720144212246,0.2889106422662735,0.28710656985640526,0.2869964763522148,0.28291016444563866,0.2799595147371292,0.28621211647987366,0.287055853754282,0.29013369604945183,0.28372443467378616,0.2842044159770012,0.2907824479043484,0.2922315150499344,0.2866780571639538,0.29107409715652466,0.2952318899333477,0.29904455319046974,0.2946282587945461,0.2974616140127182,0.29622428864240646,0.2991895042359829,0.3008606396615505,0.2966235987842083,0.30461229383945465,0.296354990452528,0.2954578325152397,0.2974082827568054,0.3029773645102978,0.30559014422552927,0.08465884905308485,0.08080374635756016,0.07688441034406424,0.07692930195480585,0.07647350151091814,0.0753790084272623,0.07447315938770771,0.07313926704227924,0.07310611195862293,0.07177871000021696,0.0715795923024416,0.07558956369757652,0.07700011972337961,0.08090654667466879,0.08065753895789385,0.08267097268253565,0.08350651431828737,0.08110949397087097,0.08142133988440037,0.08138132281601429,0.08041780907660723,0.07819326501339674,0.07718911208212376,0.07815610058605671,0.08047066256403923,0.08348935004323721,0.086886384524405,0.08500821888446808,0.0848983209580183,0.09202104713767767,0.09166140016168356,0.09228627476841211,0.08876735623925924,0.08660833910107613,0.08747280482202768,0.08512706309556961,0.08795552887022495,0.08854027464985847,0.0838796216994524,0.08382839802652597,0.08154485560953617,0.09238291252404451,0.09154828824102879,0.09010298736393452,0.08971524052321911,0.09055465180426836,0.08511212188750505,0.08148758645568575,0.4216458983719349,0.4088330753147602,0.4305351600050926,0.4344768822193146,0.4329071305692196,0.41743169724941254,0.44955526292324066,0.4382515363395214,0.42437682673335075,0.432934757322073,0.42822137475013733,0.44451160356402397,0.43025077134370804,0.4299005717039108,0.4446900226175785,0.46973368525505066,0.46376176178455353,0.4351034574210644,0.42602383345365524,0.41320615634322166,0.43744784966111183,0.4430152624845505,0.44091667234897614,0.4409715346992016,0.4434741362929344,0.430582407861948,0.4138600155711174,0.4118104390799999,0.41258157417178154,0.39556148648262024,0.39411047473549843,0.3932589888572693,0.41715674847364426,0.44024137035012245,0.4366268627345562,0.4344330243766308,0.4601890705525875,0.4680687263607979,0.4516129083931446,0.44528185203671455,0.42389390617609024,0.4327303320169449,0.4200063683092594,0.4003034085035324,0.4190204404294491,0.4382390007376671,0.4343790225684643,0.4265799479825156
LLS_c0,0,1,0.039194703102111816,0.018830060958862305,-0.039347946643829346,0.1078345775604248,0.09159660339355469,0.058900654315948486,3.6726489067077637,3.699335813522339,1839.2617456912994,0.3879549354314804,0.3887333422899246,0.39003318548202515,0.3904416635632515,0.39085325971245766,0.39763449132442474,0.4021986201405525,0.3985547423362732,0.400465477257967,0.40017326921224594,0.3969816453754902,0.38326241821050644,0.3813210614025593,0.39462588354945183,0.3982923999428749,0.39523995667696,0.39321986958384514,0.3980167582631111,0.40743211284279823,0.3848770223557949,0.36883239075541496,0.3629627786576748,0.3709859624505043,0.37750064581632614,0.3822706565260887,0.3690979741513729,0.3515879362821579,0.3371044583618641,0.3413512222468853,0.3615019619464874,0.3750147596001625,0.3694750964641571,0.35697615146636963,0.3743942566215992,0.3816581554710865,0.3798086419701576,0.37494051456451416,0.38276010379195213,0.3888721242547035,0.37839236482977867,0.3791809678077698,0.39404042810201645,0.4062681905925274,0.39679283648729324,0.38961703702807426,0.3928246572613716,0.38522546365857124,0.37955390981265474,0.3106071799993515,0.3125795088708401,0.31370535120368004,0.31593596190214157,0.3140837475657463,0.3123956546187401,0.3077514059841633,0.3021305277943611,0.30272065103054047,0.30277983471751213,0.30514102801680565,0.3064589463174343,0.3069082535803318,0.30864086374640465,0.31056077405810356,0.3129289634525776,0.3166049085557461,0.3233035206794739,0.32114122807979584,0.3090970776975155,0.30081336572766304,0.3086373656988144,0.31935515627264977,0.31296975910663605,0.30448638275265694,0.3057507425546646,0.3065026216208935,0.3065258115530014,0.30076729133725166,0.30301500484347343,0.3058854304254055,0.3054261766374111,0.3054294213652611,0.31076671928167343,0.3100171163678169,0.3111477866768837,0.3101726807653904,0.30831441655755043,0.3116248846054077,0.31218602880835533,0.31400272250175476,0.3210931830108166,0.32812483236193657,0.3280146010220051,0.3240451402962208,0.32115885242819786,0.3196776509284973,0.3147032644067492,0.09019467793405056,0.08462691493332386,0.07712987437844276,0.07525978330522776,0.07530011795461178,0.07755117677152157,0.07504237908869982,0.07443444151431322,0.07266401033848524,0.07292599137872458,0.0726929223164916,0.07083189859986305,0.07171308808028698,0.07200005277991295,0.07106966990977526,0.07665986102074385,0.07642529346048832,0.07523408625274897,0.07404503133147955,0.07746265362948179,0.07788389828056097,0.07534356880933046,0.07671765238046646,0.08115964848548174,0.08349125739187002,0.08403906226158142,0.08551239501684904,0.08458862919360399,0.0857042521238327,0.08599461708217859,0.0865104915574193,0.09347883053123951,0.08877195417881012,0.0812275530770421,0.08144470024853945,0.08135526347905397,0.08237795997411013,0.08535100985318422,0.08824576903134584,0.0850521707907319,0.08032992575317621,0.07782442308962345,0.08000881690531969,0.08358013164252043,0.08375816605985165,0.08552645333111286,0.08712523430585861,0.08260148870093482,0.5127470344305038,0.5087694600224495,0.5041363015770912,0.5006643570959568,0.5049433410167694,0.5029145777225494,0.49255456402897835,0.4870133399963379,0.4855640083551407,0.48637619614601135,0.4831315912306309,0.477748766541481,0.4775441810488701,0.4695957899093628,0.4691581465303898,0.47271015495061874,0.4753047563135624,0.48276669904589653,0.486719261854887,0.5008080117404461,0.5035192295908928,0.4933463893830776,0.49102773517370224,0.5002312324941158,0.49694114923477173,0.4979853518307209,0.5111623331904411,0.5326495990157127,0.5251699015498161,0.5028558634221554,0.4956860803067684,0.505618367344141,0.5226198956370354,0.5229837149381638,0.5080663859844208,0.4924887865781784,0.4896182119846344,0.4979366548359394,0.5044038742780685,0.5045651346445084,0.49718618392944336,0.4854874685406685,0.4792711064219475,0.48558660224080086,0.4900527857244015,0.4891580492258072,0.49888110160827637,0.5027923498834882
LLS_c0,1,1,0.07235294580459595,0.022838950157165527,0.041649580001831055,0.06134152412414551,-0.04702240228652954,-0.0014913082122802734,4.6464338302612305,5.282421588897705,1840.0136215686798,0.3826031796634197,0.36992399394512177,0.3673310689628124,0.3715458922088146,0.37182731181383133,0.3781762011349201,0.35796305909752846,0.3448280245065689,0.35152002424001694,0.3596195727586746,0.36724628508090973,0.3644043542444706,0.3477931022644043,0.35978401079773903,0.38279906660318375,0.37381528690457344,0.352239016443491,0.340123288333416,0.3336033411324024,0.3244321793317795,0.30552636459469795,0.3126123584806919,0.3388804569840431,0.3489793688058853,0.3645261190831661,0.3766253963112831,0.3617812804877758,0.3488670624792576,0.3755411058664322,0.3891309089958668,0.408721886575222,0.4229648485779762,0.40063296258449554,0.3720925375819206,0.33988165482878685,0.32143886759877205,0.33403363823890686,0.3375207558274269,0.3241061791777611,0.3190773203969002,0.31558502465486526,0.31350646913051605,0.3328179828822613,0.36190634965896606,0.374325729906559,0.37609152123332024,0.3808811753988266,0.4016880563327244,0.30150172859430313,0.2988419905304909,0.3013065755367279,0.30397462472319603,0.30281437560915947,0.30294887349009514,0.29657865688204765,0.29382146149873734,0.3000696003437042,0.3012887090444565,0.2953990511596203,0.2917329967021942,0.2945217527449131,0.30105040967464447,0.30547936633229256,0.3023567870259285,0.3001548834145069,0.29840537533164024,0.29115530103445053,0.28355010226368904,0.27411454543471336,0.27849262580275536,0.28477103263139725,0.2825135923922062,0.29387079924345016,0.30086252465844154,0.2991587668657303,0.29848331212997437,0.30489352345466614,0.3059842251241207,0.3057500906288624,0.30954882875084877,0.310143630951643,0.3029608987271786,0.29553065821528435,0.29869916662573814,0.3022785037755966,0.3039671592414379,0.30172737687826157,0.30029333382844925,0.29352349415421486,0.2897881679236889,0.2980000749230385,0.3092046417295933,0.31711478531360626,0.3164624348282814,0.3143465593457222,0.31731921434402466,0.08223124593496323,0.07779783476144075,0.07256090361624956,0.07032389286905527,0.06813644617795944,0.06615587510168552,0.06617219466716051,0.06676305178552866,0.06605724804103374,0.0662883734330535,0.06570025254040956,0.06529507413506508,0.06692683789879084,0.06766991410404444,0.06461329478770494,0.06254658196121454,0.063468798995018,0.06656880304217339,0.07243931200355291,0.07140990346670151,0.07324415352195501,0.07339021004736423,0.06958002224564552,0.06951815262436867,0.06959699559956789,0.0693590147420764,0.06914735212922096,0.07329277601093054,0.07348282355815172,0.07103778794407845,0.06599145848304033,0.0696661313995719,0.0730408513918519,0.0716025996953249,0.07304268516600132,0.07051058579236269,0.07142882235348225,0.07145122066140175,0.06860807072371244,0.07008952368050814,0.07536802627146244,0.07928086165338755,0.07728574331849813,0.07123571448028088,0.06809760816395283,0.06813528016209602,0.06925901956856251,0.07204485578196389,0.5125409513711929,0.5157471001148224,0.5117299109697342,0.5069922208786011,0.5108867213129997,0.5179075449705124,0.5306509435176849,0.5173841491341591,0.5097081139683723,0.5134342685341835,0.5128547996282578,0.510474868118763,0.517332024872303,0.5202904790639877,0.5103389546275139,0.5080291852355003,0.5121626183390617,0.5217778012156487,0.5409399047493935,0.5454834699630737,0.5445776060223579,0.5234597623348236,0.5057409778237343,0.5069876536726952,0.49810318276286125,0.481388583779335,0.4876878596842289,0.5078205838799477,0.49811646342277527,0.4798140190541744,0.46556556224823,0.45355599746108055,0.4720787815749645,0.5087488889694214,0.523112379014492,0.5278159156441689,0.517206147313118,0.5196796506643295,0.5403035208582878,0.5539770349860191,0.5503232702612877,0.5440891236066818,0.5254465267062187,0.5017450004816055,0.4940350688993931,0.4934382438659668,0.49362464249134064,0.48291479689734323
LLS_c0,0,2,0.08860188722610474,0.008118033409118652,0.03259629011154175,0.07755684852600098,0.04061996936798096,0.052789270877838135,2.953925848007202,5.727824687957764,2649.0168132781982,0.48812418803572655,0.48688486218452454,0.48784318193793297,0.4833078943192959,0.48253318294882774,0.4978290759027004,0.5077288299798965,0.5143245384097099,0.5178223997354507,0.5202286317944527,0.5142166391015053,0.500959787517786,0.49345242977142334,0.49321920424699783,0.49258553236722946,0.48455435037612915,0.4871334210038185,0.5089004896581173,0.5266727656126022,0.5312407985329628,0.5228633880615234,0.5099820643663406,0.5152643918991089,0.5167073458433151,0.5192049294710159,0.5209417641162872,0.5291114971041679,0.5313096195459366,0.5330864191055298,0.5333811566233635,0.5252881646156311,0.5159280970692635,0.5199274495244026,0.5335707738995552,0.5284296572208405,0.527210958302021,0.5305083766579628,0.5361054614186287,0.5334891453385353,0.5273365303874016,0.5268581062555313,0.532780610024929,0.5378115028142929,0.5470602586865425,0.548592135310173,0.5400137230753899,0.5205004811286926,0.5071814145360675,0.3087320849299431,0.3070150762796402,0.3066076599061489,0.30862900987267494,0.3080435208976269,0.3061014525592327,0.30105575174093246,0.2979738935828209,0.2979102395474911,0.29747970402240753,0.2975809909403324,0.29777398332953453,0.3009527437388897,0.30110058188438416,0.2991190552711487,0.2985893152654171,0.2969872057437897,0.2955470457673073,0.29592741280794144,0.2951575666666031,0.29464658722281456,0.29595112055540085,0.29612866789102554,0.29280463978648186,0.28735119849443436,0.278282031416893,0.27788541838526726,0.27988074347376823,0.27603666484355927,0.2775857746601105,0.28160538896918297,0.2865814119577408,0.29025641083717346,0.2986752465367317,0.2973395474255085,0.2932249568402767,0.28914450854063034,0.2858581021428108,0.28577688336372375,0.283633291721344,0.28447704017162323,0.2872592471539974,0.27690527588129044,0.2728995457291603,0.27475662901997566,0.2771170735359192,0.2812323234975338,0.284314044884273,0.05871209688484669,0.06063428521156311,0.06027762405574322,0.05727187963202596,0.05640707537531853,0.05779569875448942,0.05884781992062926,0.060235473327338696,0.061388049740344286,0.062185593880712986,0.06357053853571415,0.06374587211757898,0.061892451252788305,0.06145861279219389,0.06300322338938713,0.06471309158951044,0.06488676369190216,0.0626829988323152,0.0597400669939816,0.057362877298146486,0.05474093044176698,0.05084253940731287,0.049839491955935955,0.05179345840588212,0.05241219373419881,0.055773740634322166,0.058123765513300896,0.05947441887110472,0.05721920356154442,0.055948654655367136,0.05588868539780378,0.055535143706947565,0.051584544125944376,0.054431036580353975,0.058569164015352726,0.06211078632622957,0.06383994873613119,0.06807360798120499,0.0701272040605545,0.07491602934896946,0.0770981702953577,0.07653141487389803,0.07823530212044716,0.0782560771331191,0.06908730510622263,0.06841025687754154,0.07250731904059649,0.07707933868680682,0.49800771102309227,0.49963145330548286,0.4943915531039238,0.49470634385943413,0.4921186491847038,0.4877481833100319,0.4863244779407978,0.4822608344256878,0.4860999509692192,0.4889530949294567,0.49246272817254066,0.49525099620223045,0.4895962178707123,0.48726749792695045,0.4813358299434185,0.48173418641090393,0.48198628053069115,0.48260826617479324,0.48372065275907516,0.4850456826388836,0.4922593757510185,0.49905384704470634,0.5020060688257217,0.5143756121397018,0.5275672450661659,0.5199397131800652,0.5051279813051224,0.5045223385095596,0.5025703087449074,0.49875658005476,0.5071151256561279,0.5231602489948273,0.5276379510760307,0.5047858543694019,0.5074721574783325,0.5077847838401794,0.5046755000948906,0.4965248741209507,0.494715616106987,0.5045462138950825,0.4995245411992073,0.4927586168050766,0.5109472647309303,0.5139776989817619,0.5062841176986694,0.4959995970129967,0.4993840306997299,0.4980542021138327
LLS_c0,1,2,0.11017632484436035,0.09840857982635498,0.07477563619613647,0.0885208249092102,0.06385326385498047,0.06219583749771118,3.859217643737793,3.6675117015838623,2663.566140651703,0.6161575987935066,0.6167369559407234,0.6121184229850769,0.6094272285699844,0.6136628612875938,0.6118280440568924,0.6136479899287224,0.6203081458806992,0.6153102070093155,0.6077780872583389,0.6083372235298157,0.6106564253568649,0.6060763448476791,0.6038397252559662,0.6088929772377014,0.6122239455580711,0.6026874929666519,0.6022366061806679,0.6188886687159538,0.6276223883032799,0.6098053976893425,0.5857502818107605,0.5892541781067848,0.6083115264773369,0.6101069822907448,0.5891935378313065,0.5807067602872849,0.6041135042905807,0.631138801574707,0.6269903853535652,0.6199937611818314,0.6184583529829979,0.6067281067371368,0.6027724370360374,0.608206607401371,0.6163032501935959,0.6160372421145439,0.6092687472701073,0.6127069145441055,0.6286933794617653,0.6289325878024101,0.6118302643299103,0.6024460941553116,0.6139291971921921,0.6335827931761742,0.6167957559227943,0.6014357954263687,0.5965809396335057,0.3034794442355633,0.3010809160768986,0.3012299872934818,0.2997773215174675,0.3006017580628395,0.3020941875874996,0.2941074073314667,0.29294074326753616,0.2929081656038761,0.291380375623703,0.2894214391708374,0.2903961129486561,0.29480763152241707,0.297917440533638,0.29419000819325447,0.29038142412900925,0.2938689589500427,0.2917986325919628,0.289048682898283,0.28747647255659103,0.28515515476465225,0.2860956937074661,0.2868993505835533,0.29015644639730453,0.2921221852302551,0.29110977426171303,0.29083624109625816,0.2901854142546654,0.2910337448120117,0.28965822607278824,0.2920357175171375,0.2972274087369442,0.297233734279871,0.29893433675169945,0.29808682575821877,0.3008204437792301,0.30125679448246956,0.30024488642811775,0.29974838346242905,0.2926926538348198,0.29120921343564987,0.29143643006682396,0.29241371899843216,0.2910819835960865,0.28597304597496986,0.28539351746439934,0.28507449105381966,0.2845701788152967,0.053021423518657684,0.05159228853881359,0.05249199317768216,0.05299709644168615,0.05362565955147147,0.05518842628225684,0.05574963754042983,0.05164971947669983,0.05028423015028238,0.05036137904971838,0.052109827287495136,0.054900065530091524,0.0571796428412199,0.05611910531297326,0.05423981323838234,0.052273358684033155,0.05046074604615569,0.050275986548513174,0.050603306852281094,0.050808317959308624,0.0516356797888875,0.05058213043957949,0.04995127534493804,0.04814397869631648,0.04756978992372751,0.04820195399224758,0.04796501249074936,0.04798049107193947,0.04604476597160101,0.04524432821199298,0.043621627148240805,0.0438760700635612,0.04629673808813095,0.05174090014770627,0.0515005923807621,0.04964856384322047,0.0516242110170424,0.053474138025194407,0.05200841324403882,0.051460938062518835,0.051423899829387665,0.052006290294229984,0.05043972237035632,0.04911410016939044,0.05345983291044831,0.055130540393292904,0.05462406575679779,0.05289515586835997,0.46210166811943054,0.4537765271961689,0.4520477019250393,0.4561614729464054,0.4570067636668682,0.45957159623503685,0.4613455981016159,0.4588703475892544,0.4536646492779255,0.4480678513646126,0.45286283269524574,0.46364613622426987,0.47520148009061813,0.47877952456474304,0.47524363175034523,0.46716805174946785,0.45666711032390594,0.45868173614144325,0.46592365205287933,0.4778643734753132,0.4844544380903244,0.4811270274221897,0.47414302825927734,0.4666327051818371,0.46402446553111076,0.47118064388632774,0.46796751767396927,0.45141586661338806,0.4463714472949505,0.44859493151307106,0.44825418666005135,0.4449135400354862,0.45428499206900597,0.4708012267947197,0.47037412598729134,0.46407225355505943,0.46772632002830505,0.475975826382637,0.4780315235257149,0.46517765149474144,0.46187348663806915,0.46947674453258514,0.46524494141340256,0.45566754788160324,0.4663201719522476,0.49556342884898186,0.4959517605602741,0.48587964688028606
LLS_c0,0,3,0.029481828212738037,0.002226412296295166,0.018850266933441162,0.021526575088500977,0.0033738017082214355,0.0206296443939209,6.198798656463623,5.900249481201172,1840.2900488376617,0.6846231520175934,0.6692572832107544,0.66616540402174,0.6662072911858559,0.6674207970499992,0.6558429077267647,0.6366837918758392,0.6412726789712906,0.6600960791110992,0.6690001934766769,0.6664162576198578,0.6617527157068253,0.6654727309942245,0.6847844272851944,0.7033016383647919,0.6884472444653511,0.6606417149305344,0.6582330390810966,0.6550619751214981,0.6439700499176979,0.614257737994194,0.6030455082654953,0.6248229742050171,0.6345898061990738,0.6291673853993416,0.6338957771658897,0.650680273771286,0.6519930064678192,0.6446621492505074,0.619784951210022,0.6227770149707794,0.6428164765238762,0.6454833820462227,0.6488260328769684,0.6407999470829964,0.6325672492384911,0.6317103877663612,0.6336830109357834,0.6309534832835197,0.6074902564287186,0.6088299602270126,0.6366270110011101,0.6556480675935745,0.6446109488606453,0.6367634758353233,0.6396147608757019,0.6451645717024803,0.6399469035012382,0.24755468033254147,0.24713874235749245,0.2478070668876171,0.25188038498163223,0.2536776103079319,0.25245269387960434,0.24465583637356758,0.23708250932395458,0.23585482500493526,0.23811933025717735,0.23873179033398628,0.23580589331686497,0.23930315114557743,0.2397426925599575,0.23785460740327835,0.23435045778751373,0.23965839110314846,0.25096741132438183,0.2506251931190491,0.24776912853121758,0.2493687942624092,0.25098142586648464,0.24393157474696636,0.2435694094747305,0.23932002484798431,0.23385774344205856,0.23795711994171143,0.2389501817524433,0.23482956178486347,0.23968348279595375,0.24505379796028137,0.24806716665625572,0.24642110615968704,0.233715383335948,0.23791959695518017,0.24148168973624706,0.24612591974437237,0.24528496526181698,0.2439835611730814,0.24319644644856453,0.24396241828799248,0.24438905715942383,0.24936264753341675,0.24977845698595047,0.24400569312274456,0.24546790681779385,0.24845600686967373,0.24983157004628861,0.09952616691589355,0.0919657414779067,0.08661052864044905,0.08481949288398027,0.08832819107919931,0.09233943466097116,0.08900383207947016,0.08931472897529602,0.09303323458880186,0.09558313619345427,0.0972657473757863,0.09400792978703976,0.09347484819591045,0.098617784678936,0.10495372954756021,0.10638167429715395,0.1048417380079627,0.10666293557733297,0.10292459838092327,0.09862299636006355,0.09817207232117653,0.0964014083147049,0.09867929760366678,0.0978937866166234,0.10505879670381546,0.11022379994392395,0.1096222959458828,0.1127106361091137,0.11475732829421759,0.11220454517751932,0.10341192316263914,0.10151344444602728,0.10159072745591402,0.0993542755022645,0.0926834661513567,0.08996750321239233,0.09212171100080013,0.09743352979421616,0.09737957827746868,0.09222168382257223,0.08853359334170818,0.09478454012423754,0.09690561052411795,0.09750733803957701,0.0925938505679369,0.09314897935837507,0.10032596252858639,0.09710784895079476,0.343897070735693,0.3432697393000126,0.33683545887470245,0.33449970930814743,0.3338410072028637,0.3325795792043209,0.3294212594628334,0.3222758397459984,0.32258784025907516,0.317569013684988,0.31295929104089737,0.3092331476509571,0.3123754747211933,0.32014254853129387,0.3111976720392704,0.3199954554438591,0.3261873349547386,0.3369237557053566,0.32547542825341225,0.31535642966628075,0.3204093985259533,0.32510919868946075,0.32056111097335815,0.3123576119542122,0.32857340946793556,0.33030034229159355,0.3168126828968525,0.3130580633878708,0.3156295157968998,0.31786441802978516,0.31471066176891327,0.31593892723321915,0.3293927423655987,0.34999899193644524,0.344006285071373,0.34188179299235344,0.35089046508073807,0.36114753037691116,0.3539296165108681,0.34190867468714714,0.3325819633901119,0.3309764862060547,0.33306834846735,0.32532989233732224,0.3134690448641777,0.32047872990369797,0.33410780504345894,0.3322998029845102
LLS_c0,1,3,0.027539372444152832,0.00014591217041015625,0.009413361549377441,0.06709027290344238,0.047170162200927734,0.03204303979873657,4.410068035125732,5.7147603034973145,2655.4413743019104,0.6584762558341026,0.644243635237217,0.6400999948382378,0.6402467712759972,0.6396647691726685,0.6297410130500793,0.617844931781292,0.619096964597702,0.6285329014062881,0.6281057894229889,0.6236124634742737,0.6127225086092949,0.6038389876484871,0.6046438962221146,0.6196747347712517,0.6267829686403275,0.6234856024384499,0.6209393665194511,0.6188131049275398,0.6150380149483681,0.6039013639092445,0.606455035507679,0.6219212561845779,0.6347440257668495,0.6210276260972023,0.6045932546257973,0.622428223490715,0.6478074789047241,0.6417123526334763,0.6109028980135918,0.5977697446942329,0.6014116778969765,0.612374946475029,0.6334057003259659,0.6264875829219818,0.6279978901147842,0.6286598965525627,0.6072266846895218,0.5891925171017647,0.6008203700184822,0.6194490268826485,0.6177157536149025,0.6024036183953285,0.606197714805603,0.6254368424415588,0.6263986155390739,0.6151836887001991,0.6026782819202968,0.2534167133271694,0.2507118508219719,0.249247457832098,0.24822038412094116,0.24881328269839287,0.25082840397953987,0.24675075337290764,0.2415496874600649,0.2397324312478304,0.24217689782381058,0.24366247467696667,0.24324330873787403,0.2458411157131195,0.24911988340318203,0.2490061428397894,0.24696248956024647,0.24560431763529778,0.2480611465871334,0.2489097509533167,0.24827535450458527,0.25145193561911583,0.2511122599244118,0.2452967893332243,0.23644017986953259,0.23101556673645973,0.23268000595271587,0.23608546145260334,0.23703417740762234,0.2360564898699522,0.23556777276098728,0.24282154440879822,0.24988437071442604,0.24621777050197124,0.2370560895651579,0.23953129164874554,0.24467937648296356,0.24590807408094406,0.2464988324791193,0.2422282136976719,0.24540166929364204,0.2458102609962225,0.2442151177674532,0.24300462938845158,0.24239500425755978,0.24703320488333702,0.2513523418456316,0.2508354540914297,0.24905154747622354,0.11436653137207031,0.105427754111588,0.09855944290757179,0.09356403443962336,0.0943444250151515,0.09882382676005363,0.09609996248036623,0.09657844807952642,0.0991122554987669,0.10263821482658386,0.10276141576468945,0.09887264762073755,0.09562466386705637,0.09622278064489365,0.0972366351634264,0.09491479024291039,0.0932385390624404,0.09613308310508728,0.09555147681385279,0.09531806409358978,0.09590288903564215,0.09638674929738045,0.09811577759683132,0.0937480553984642,0.09890935942530632,0.1056579826399684,0.10329994279891253,0.10219202470034361,0.09640645701438189,0.09596924856305122,0.097391651943326,0.10206605680286884,0.10544860456138849,0.11503182537853718,0.10690246522426605,0.10451103653758764,0.10344748478382826,0.10272654704749584,0.10214922670274973,0.10050694923847914,0.09781332686543465,0.097358463332057,0.09660766553133726,0.10130503308027983,0.10165633540600538,0.09721406735479832,0.09265095461159945,0.0960051885672978,0.3551809936761856,0.3549587205052376,0.349816020578146,0.344476368278265,0.34866078570485115,0.35947708413004875,0.3611384816467762,0.3522823676466942,0.34411216899752617,0.3468054123222828,0.34567199647426605,0.34801333770155907,0.3490179441869259,0.34494704753160477,0.32929256930947304,0.317772701382637,0.31801191344857216,0.3099657744169235,0.305647898465395,0.30870651453733444,0.32452213019132614,0.3298528902232647,0.3212288059294224,0.3068569004535675,0.3035432882606983,0.31074267625808716,0.3124990649521351,0.30870943143963814,0.2967260964214802,0.29437119141221046,0.30019058659672737,0.3050806149840355,0.3109259679913521,0.33986030146479607,0.34622742608189583,0.3444134332239628,0.34481627866625786,0.35224999487400055,0.3527863994240761,0.33686022087931633,0.32249755412340164,0.3133908845484257,0.30940722674131393,0.30891217663884163,0.31613463163375854,0.320225790143013,0.3140994422137737,0.3110928109713963
LLS_c0,0,4,0.06355899572372437,0.0609779953956604,0.06001102924346924,0.15322387218475342,0.13877081871032715,0.12817174196243286,2.0548644065856934,2.0042600631713867,2655.5297770500183,0.8893101587891579,0.8821991384029388,0.87712562084198,0.8729309216141701,0.8733420893549919,0.8779883235692978,0.8703498989343643,0.8655799478292465,0.8694625720381737,0.8746965229511261,0.8721576109528542,0.8596173822879791,0.8632825687527657,0.8730935826897621,0.8733646869659424,0.8632383942604065,0.866415873169899,0.8776031509041786,0.8677409738302231,0.8614803776144981,0.8534229174256325,0.8488082364201546,0.8466084003448486,0.8504709750413895,0.8557647168636322,0.8582726716995239,0.8501552268862724,0.8470037430524826,0.8513717353343964,0.8578102588653564,0.8576813191175461,0.8512709215283394,0.8483936563134193,0.8714695423841476,0.8704286888241768,0.8616655021905899,0.8542538434267044,0.8483778014779091,0.8425862044095993,0.8401898443698883,0.8424844667315483,0.8460591435432434,0.8481219410896301,0.851971946656704,0.8557892441749573,0.8522139638662338,0.8382962718605995,0.8311355199132647,0.21644883044064045,0.21963198855519295,0.219962976872921,0.22092747502028942,0.2193585503846407,0.2201464381068945,0.22341018728911877,0.22230957821011543,0.21882172115147114,0.21650946512818336,0.221293605864048,0.22616596147418022,0.22446340881288052,0.22063430026173592,0.2202302236109972,0.22550848312675953,0.2262187097221613,0.2225407175719738,0.2226180713623762,0.22225971519947052,0.2254072818905115,0.227167509496212,0.22684838064014912,0.22756623663008213,0.22640488483011723,0.2205142304301262,0.22661389410495758,0.23302810080349445,0.22964060492813587,0.22740844450891018,0.23000510036945343,0.2342554982751608,0.2334932517260313,0.22109548188745975,0.22146935015916824,0.22624884732067585,0.23175491765141487,0.2345943357795477,0.23006486147642136,0.22929727286100388,0.23221686482429504,0.23874755762517452,0.2398107387125492,0.23422710224986076,0.2332832645624876,0.2330501675605774,0.23333865590393543,0.23199374973773956,0.03988048015162349,0.038968139328062534,0.03863712539896369,0.038230120204389095,0.03807350527495146,0.03836150001734495,0.039743428118526936,0.038612101692706347,0.03965569846332073,0.03891477920114994,0.03867532219737768,0.04074902692809701,0.04112039599567652,0.0398208755068481,0.03976808534935117,0.040642726235091686,0.03909377520903945,0.03829352464526892,0.038615414407104254,0.040556755382567644,0.040264069102704525,0.03964220220223069,0.04094333853572607,0.040154905524104834,0.03931991523131728,0.03903024736791849,0.041006668005138636,0.04201660584658384,0.040062607266008854,0.039912852458655834,0.04012475023046136,0.04218531446531415,0.04197427537292242,0.040318408980965614,0.0407142722979188,0.04180077789351344,0.04371951054781675,0.04176005069166422,0.040799946524202824,0.03996024653315544,0.040795051492750645,0.040930820163339376,0.03898548660799861,0.040149078238755465,0.03887088596820831,0.03922011237591505,0.03995153587311506,0.041362788528203964,0.2534879855811596,0.2563326172530651,0.2575348876416683,0.25837040692567825,0.25813892111182213,0.2598390690982342,0.2696869857609272,0.26945721730589867,0.26671627908945084,0.2640945166349411,0.2654867433011532,0.27187541127204895,0.27395521476864815,0.26978714391589165,0.26623598486185074,0.26545580476522446,0.2654128037393093,0.26308244094252586,0.2673906572163105,0.2668251655995846,0.27326181158423424,0.2751984968781471,0.2702431306242943,0.2675606608390808,0.2690897770226002,0.27091996371746063,0.27341408282518387,0.2762971967458725,0.2723681181669235,0.26703641936182976,0.26997052505612373,0.2729645073413849,0.27913621068000793,0.2710156664252281,0.270508736371994,0.27410469576716423,0.28201447799801826,0.2870972529053688,0.2815248854458332,0.27804023772478104,0.2770177461206913,0.27866824343800545,0.27493036165833473,0.2678414359688759,0.271537434309721,0.27985017001628876,0.28455253690481186,0.2865538511957441
LLS_c0,1,4,0.06386196613311768,0.03149282932281494,0.015493333339691162,0.151680588722229,0.12718325853347778,0.09724026918411255,1.862097978591919,2.22825026512146,1832.8692750930786,0.8452875539660454,0.8368541821837425,0.8344978094100952,0.8344903588294983,0.8359088897705078,0.8366513550281525,0.8331396356225014,0.8289331272244453,0.8250690847635269,0.8224395290017128,0.8233283832669258,0.825429692864418,0.8263181522488594,0.8265703693032265,0.832425944507122,0.8347861841320992,0.8249595835804939,0.823480561375618,0.8309520781040192,0.8288637921214104,0.818464957177639,0.8143403977155685,0.8247287571430206,0.8304886817932129,0.8224713802337646,0.8156279772520065,0.8168331906199455,0.8199572265148163,0.824240081012249,0.8278196975588799,0.8184760138392448,0.802725724875927,0.8009398654103279,0.8276706412434578,0.8256653919816017,0.8136412277817726,0.8010014295578003,0.8092011362314224,0.8267932459712029,0.8248552531003952,0.8169848620891571,0.8163038864731789,0.8238533586263657,0.8226430788636208,0.8102191537618637,0.8011254742741585,0.7957658171653748,0.7994659628186908,0.23285822942852974,0.23711812682449818,0.2374202199280262,0.2385451402515173,0.23571978136897087,0.23813949525356293,0.23919829726219177,0.23708612471818924,0.2377358265221119,0.23758741095662117,0.24048246443271637,0.23806745931506157,0.23673481866717339,0.23856037110090256,0.2383036818355322,0.2340601198375225,0.23631407134234905,0.2396923080086708,0.24136826023459435,0.239114822819829,0.24281669780611992,0.24642223492264748,0.24063039012253284,0.2342249471694231,0.24015267565846443,0.24086716957390308,0.24060915783047676,0.2407883983105421,0.24205088801681995,0.25002460181713104,0.25435295701026917,0.2514076828956604,0.2519525084644556,0.2361494917422533,0.23917189985513687,0.24315361119806767,0.24705668725073338,0.24687526002526283,0.24138182029128075,0.24154754169285297,0.2464375887066126,0.24732361733913422,0.24692369438707829,0.24330711923539639,0.24528834410011768,0.24941464141011238,0.25188518688082695,0.2497081309556961,0.03581499122083187,0.03534296341240406,0.03368044178932905,0.03322719223797321,0.03462393442168832,0.036024841014295816,0.03621374676004052,0.033984413370490074,0.03542771749198437,0.03686608839780092,0.03611788945272565,0.036652111914008856,0.0355044431053102,0.0365709331817925,0.036223502829670906,0.03476697066798806,0.03579143714159727,0.03519933857023716,0.035414846846833825,0.037791837472468615,0.038057954516261816,0.03856379771605134,0.03717768797650933,0.03744057519361377,0.03735298756510019,0.03662445489317179,0.03738706652075052,0.035907451529055834,0.03638707473874092,0.036878228187561035,0.03817139845341444,0.04014112614095211,0.04037907812744379,0.034873417345806956,0.03360006306320429,0.03556932928040624,0.033718497259542346,0.03805416636168957,0.03754817554727197,0.03680314728990197,0.03720387537032366,0.03685957286506891,0.03581291809678078,0.03516764938831329,0.0360682113096118,0.03773007029667497,0.04044833732768893,0.04077380523085594,0.2604689784348011,0.26828768849372864,0.26810602098703384,0.2675188332796097,0.26528067141771317,0.27100954204797745,0.2765503451228142,0.2762419134378433,0.2782306745648384,0.2776782624423504,0.2782549001276493,0.27788516134023666,0.2743603326380253,0.2765801288187504,0.27429214864969254,0.268514908850193,0.27168549969792366,0.2750912122428417,0.27815067768096924,0.27708226814866066,0.28084999322891235,0.28450199216604233,0.2784732058644295,0.27215466648340225,0.28029410168528557,0.28538747131824493,0.2835676409304142,0.27782027423381805,0.27415214106440544,0.2778874672949314,0.28437070921063423,0.2879895754158497,0.2953737713396549,0.27832120656967163,0.2813677340745926,0.28389203175902367,0.2874683775007725,0.2867097370326519,0.2789369598031044,0.2795894108712673,0.2847026214003563,0.2829837389290333,0.27852537855505943,0.2728445418179035,0.27861742675304413,0.2852022424340248,0.28623559698462486,0.2870889689241137
LLS_c0,0,5,0.0338820219039917,-0.007457315921783447,-0.0074198246002197266,0.12440609931945801,0.008719384670257568,0.0037834644317626953,2.474842071533203,3.5333290100097656,1844.1433386802673,0.5229390561580658,0.5191387683153152,0.5179543122649193,0.5169843658804893,0.5161249190568924,0.5150405541062355,0.5077593997120857,0.4916717931628227,0.48285868018865585,0.4790326654911041,0.48924291506409645,0.4864051230251789,0.491062231361866,0.4959247000515461,0.49370798096060753,0.49906478077173233,0.5048399269580841,0.5158166512846947,0.5074786394834518,0.49527595564723015,0.4889439679682255,0.4925411008298397,0.4810209833085537,0.4717600829899311,0.4684472978115082,0.4826042950153351,0.49499546736478806,0.5043758228421211,0.5018317624926567,0.49508538842201233,0.5005693919956684,0.5020939037203789,0.49472545832395554,0.4740965738892555,0.47294140607118607,0.46410970017313957,0.47233425453305244,0.4832390584051609,0.4702373631298542,0.4573156610131264,0.4752037189900875,0.49646667018532753,0.5137449130415916,0.5166816860437393,0.5219477340579033,0.5155158713459969,0.49098699167370796,0.4670305975845882,0.15815961733460426,0.1588369943201542,0.16014166548848152,0.1621396467089653,0.1621438842266798,0.16306818276643753,0.15957769565284252,0.15449067391455173,0.15317165479063988,0.15781928971409798,0.1587788164615631,0.15792883187532425,0.15785597637295723,0.15992234833538532,0.1641110796481371,0.168532382696867,0.17310762032866478,0.17076509073376656,0.17019112966954708,0.17122942581772804,0.17209957912564278,0.16292042657732964,0.15523665957152843,0.15454567410051823,0.1567867398262024,0.15595190227031708,0.15845231711864471,0.16627234779298306,0.17104430310428143,0.17460629157721996,0.17752905748784542,0.17854190059006214,0.17440025322139263,0.15321988612413406,0.15109781734645367,0.15039432607591152,0.15413765981793404,0.16632497869431973,0.17165700159966946,0.1687354501336813,0.17051483877003193,0.16995011270046234,0.1736921016126871,0.17198939993977547,0.16794168949127197,0.16939268819987774,0.17628349363803864,0.17422619462013245,0.05624457821249962,0.051167641300708055,0.049650834407657385,0.048937412444502115,0.05204455507919192,0.05647773155942559,0.056763104628771544,0.05613818997517228,0.05504568200558424,0.059400077909231186,0.060481755062937737,0.05717065744102001,0.054244591388851404,0.061019875574857,0.06293967878445983,0.05781220179051161,0.057925408240407705,0.05655157472938299,0.05640733940526843,0.05643118545413017,0.059517230838537216,0.056032733991742134,0.0718348789960146,0.07046986185014248,0.06353816716000438,0.06095557427033782,0.05746970931068063,0.058057413436472416,0.0579414302483201,0.05130823655053973,0.061215898022055626,0.06404378032311797,0.06456193840131164,0.06694881664589047,0.06322546349838376,0.05954837938770652,0.05473553389310837,0.063635578379035,0.06665815599262714,0.06263009086251259,0.056445199996232986,0.05822087451815605,0.05977624328806996,0.055853537283837795,0.055131934117525816,0.0556877120397985,0.06410038517788053,0.06756566784211568,0.3902727700769901,0.39387147128582,0.39288071915507317,0.3920013904571533,0.3896512947976589,0.39301974326372147,0.39856119826436043,0.3979810141026974,0.3992784544825554,0.3971823416650295,0.3930995687842369,0.3937053605914116,0.3977953679859638,0.4034399203956127,0.4030218757688999,0.3960503749549389,0.3918275311589241,0.391399759799242,0.3968965820968151,0.396173395216465,0.3927653841674328,0.395952221006155,0.3964091092348099,0.4027313217520714,0.396601639688015,0.38416124135255814,0.37938133999705315,0.38154755905270576,0.3837052993476391,0.3904794454574585,0.3914184458553791,0.3921877406537533,0.3891157694160938,0.3905945271253586,0.38812194392085075,0.3837580047547817,0.3833037428557873,0.38434477150440216,0.382072851061821,0.3832377716898918,0.3707031011581421,0.3647916354238987,0.36311035603284836,0.3697877712547779,0.3858043700456619,0.3896823227405548,0.3879382498562336,0.39183740104947773
LLS_c0,1,5,0.02934187650680542,0.02457106113433838,0.020677566528320312,0.12083691358566284,0.10253310203552246,0.09364944696426392,2.650998592376709,3.5747711658477783,1842.7424914836884,0.5369810312986374,0.5337704718112946,0.5333802029490471,0.5342179238796234,0.5289135947823524,0.518595427274704,0.5129754841327667,0.5129611194133759,0.5086337402462959,0.49708376452326775,0.5034317709505558,0.5117319822311401,0.5160277709364891,0.5133650898933411,0.5173643007874489,0.5221375823020935,0.5236738994717598,0.5271115079522133,0.5218811258673668,0.5201725512742996,0.5189704820513725,0.5193341672420502,0.5129797905683517,0.49459878727793694,0.48371804878115654,0.4790843389928341,0.5014520436525345,0.5201991498470306,0.525111623108387,0.5265805423259735,0.5221701338887215,0.5121676847338676,0.49616532400250435,0.492913082242012,0.5143536850810051,0.5267123058438301,0.5202690809965134,0.5291931182146072,0.5174386501312256,0.5023504942655563,0.5106376186013222,0.5260098427534103,0.522433340549469,0.5144828706979752,0.5169487595558167,0.5232265666127205,0.5183822810649872,0.5050064963953835,0.17223296873271465,0.1754705049097538,0.1782823670655489,0.1807717066258192,0.18040828965604305,0.1805872656404972,0.17911149188876152,0.17517448402941227,0.17396166920661926,0.1711222119629383,0.1702825017273426,0.17129899002611637,0.17633010260760784,0.18066235817968845,0.18068642169237137,0.1812198981642723,0.18080422095954418,0.1814084965735674,0.18242467008531094,0.18287708424031734,0.18433187901973724,0.1821738127619028,0.18073120899498463,0.1820402517914772,0.1807932946830988,0.17604419961571693,0.1778094246983528,0.18443172425031662,0.18719035014510155,0.19051652401685715,0.19381234049797058,0.1946179512888193,0.19056182354688644,0.17303986102342606,0.17749212309718132,0.17790881916880608,0.1767221037298441,0.18395455554127693,0.18949713371694088,0.19066672213375568,0.1877095140516758,0.18606212362647057,0.18905814550817013,0.18880019895732403,0.19017499685287476,0.1916930377483368,0.19125851802527905,0.1866872480937413,0.062189994379878044,0.058129580691456795,0.054415902122855186,0.058150360360741615,0.05767781613394618,0.06465517682954669,0.06467991974204779,0.06517852004617453,0.06509904377162457,0.06635916512459517,0.0635579745285213,0.061069963965564966,0.05976286670193076,0.060432649683207273,0.05650805635377765,0.06138423318043351,0.06407539173960686,0.06512222439050674,0.0640339320525527,0.06136806309223175,0.06255667051300406,0.06546780280768871,0.06287464452907443,0.06637788331136107,0.06650425959378481,0.06452735140919685,0.06260258797556162,0.06431744201108813,0.06078144069761038,0.0577397970482707,0.0607076003216207,0.06943413708359003,0.07041065022349358,0.0691840872168541,0.07225654274225235,0.07014619931578636,0.07212811894714832,0.06797076016664505,0.0716283181682229,0.07337747048586607,0.06966436840593815,0.06954558752477169,0.0708314310759306,0.07016753498464823,0.0710581922903657,0.07381350826472044,0.0730385510250926,0.07074773098741259,0.35083838924765587,0.3559224344789982,0.35661352425813675,0.3549949824810028,0.3531252183020115,0.3584991358220577,0.3629124350845814,0.3591538667678833,0.36060718074440956,0.3618074953556061,0.35731618478894234,0.3572716601192951,0.3612813875079155,0.3651660084724426,0.3601621389389038,0.35932574048638344,0.3595510572195053,0.3559972010552883,0.3605969436466694,0.36238664388656616,0.3628700152039528,0.3555397167801857,0.3546709530055523,0.3687594532966614,0.37148958817124367,0.36536161229014397,0.35669688135385513,0.3576262667775154,0.3587396368384361,0.35461919009685516,0.3574829064309597,0.3627225272357464,0.36274681240320206,0.3514256328344345,0.35415275022387505,0.35685766488313675,0.35524361953139305,0.357525572180748,0.3602741062641144,0.3593405857682228,0.35548484697937965,0.3500782772898674,0.3584701605141163,0.36120806634426117,0.35790740698575974,0.35553501918911934,0.3600434474647045,0.36268075023378643
LLS_c0,0,6,0.03476870059967041,0.031949639320373535,-0.004175126552581787,0.11049771308898926,0.11083036661148071,0.05648314952850342,6.216786861419678,5.4742631912231445,1840.6964416503906,0.5357193872332573,0.5318248867988586,0.5274379774928093,0.5274804905056953,0.5230356156826019,0.5139215886592865,0.5146253854036331,0.506297692656517,0.5079145208001137,0.5124769806861877,0.5180548205971718,0.5225568562746048,0.4997107982635498,0.5025207661092281,0.5193452462553978,0.5143186375498772,0.5021021254360676,0.5142419710755348,0.5359966903924942,0.5325103625655174,0.5091495290398598,0.5055894032120705,0.517001673579216,0.5126076489686966,0.501306526362896,0.5025201588869095,0.5050852745771408,0.5061339065432549,0.5120377689599991,0.5120405182242393,0.504318606108427,0.48194772377610207,0.48178908228874207,0.5077658742666245,0.5097623765468597,0.4910481348633766,0.48389293253421783,0.48819830268621445,0.48227841407060623,0.4761440306901932,0.48443184047937393,0.5015877522528172,0.5026256814599037,0.5071445368230343,0.5164334774017334,0.5125515460968018,0.501954447478056,0.4879402773720877,0.29035353288054466,0.2914046682417393,0.2918146327137947,0.2885538712143898,0.2894175201654434,0.2945019416511059,0.2951027490198612,0.2981532849371433,0.2978643476963043,0.29132767021656036,0.2914475314319134,0.28612907975912094,0.28892095014452934,0.2916642501950264,0.2927824668586254,0.29658740013837814,0.29576242715120316,0.29406943917274475,0.2964998185634613,0.29425565153360367,0.29430950805544853,0.29253485053777695,0.29316117241978645,0.29481856524944305,0.2952830642461777,0.2889118902385235,0.2925739772617817,0.29387345165014267,0.29360827803611755,0.29598795622587204,0.2975638508796692,0.3050031140446663,0.3036462664604187,0.29345323890447617,0.2943515069782734,0.2976241782307625,0.2973637208342552,0.2962348274886608,0.30209872126579285,0.30139925330877304,0.30080071464180946,0.29892483726143837,0.30004022642970085,0.30402153357863426,0.3003585748374462,0.30029572173953056,0.29996173083782196,0.302678644657135,0.09371479880064726,0.0953563004732132,0.09248076006770134,0.09220342710614204,0.09246962238103151,0.09028491657227278,0.08896687533706427,0.08942214585840702,0.08675573486834764,0.089935552328825,0.08957339357584715,0.0859912084415555,0.08823772054165602,0.09159129858016968,0.09140468947589397,0.08924865256994963,0.08689929638057947,0.08732515387237072,0.08846514020115137,0.08790353499352932,0.08777405973523855,0.08335974160581827,0.08301074523478746,0.08433929923921824,0.08527825772762299,0.08356534130871296,0.08256469760090113,0.08511925768107176,0.08462320826947689,0.08408730011433363,0.0828737523406744,0.08577330317348242,0.08517207391560078,0.084639729000628,0.08884021919220686,0.09007332660257816,0.08502758573740721,0.08359960652887821,0.08552113268524408,0.08711646031588316,0.08477192930877209,0.08514094725251198,0.0858945045620203,0.08489682245999575,0.08330813888460398,0.08551100548356771,0.08881896454840899,0.0904942314539637,0.5081209987401962,0.5003494955599308,0.49468790367245674,0.4872114285826683,0.486674003303051,0.4997757636010647,0.5024619549512863,0.5068703293800354,0.5100901797413826,0.5097511187195778,0.4974452070891857,0.489229429513216,0.5019723474979401,0.5092906504869461,0.49865997582674026,0.49421651288866997,0.4953043758869171,0.49899494647979736,0.49646226316690445,0.49134646728634834,0.4967811666429043,0.5034749247133732,0.49896368756890297,0.5004175119102001,0.5082187205553055,0.5133892446756363,0.5093946680426598,0.5045907199382782,0.49912891909480095,0.5058265030384064,0.4993170388042927,0.5092259272933006,0.5172655805945396,0.5152797102928162,0.5105758532881737,0.5155731216073036,0.522522933781147,0.5193691924214363,0.519717812538147,0.5196905136108398,0.5047994181513786,0.49729326367378235,0.5052202492952347,0.5056524127721786,0.5025028213858604,0.49589990824460983,0.5007772780954838,0.5093363438333783
LLS_c0,1,6,0.03292876482009888,-0.03578442335128784,-0.023854970932006836,0.09247994422912598,0.03683185577392578,0.049867331981658936,5.242568492889404,5.9200921058654785,3522.92355966568,0.5728213489055634,0.5732266902923584,0.5619783848524094,0.5445526540279388,0.5371059030294418,0.5396215990185738,0.5332903936505318,0.5371270701289177,0.5303031653165817,0.5172753185033798,0.5159668698906898,0.5246057137846947,0.5320308953523636,0.538034662604332,0.5385645851492882,0.5343828573822975,0.521606795489788,0.5293095409870148,0.544588029384613,0.5320970639586449,0.5030787400901318,0.4928533472120762,0.5085686519742012,0.5130840092897415,0.498443141579628,0.5052265897393227,0.515397422015667,0.5098090097308159,0.5107452720403671,0.5182245150208473,0.518847182393074,0.49983421340584755,0.4971690736711025,0.5475224480032921,0.5125031247735023,0.5077844634652138,0.503301277756691,0.4992414191365242,0.4954272471368313,0.4949871450662613,0.49377210438251495,0.5034990981221199,0.5247606486082077,0.5258360579609871,0.5007409453392029,0.481093343347311,0.4705096706748009,0.492349454334804,0.2844066172838211,0.2927173301577568,0.29204342141747475,0.2940940111875534,0.2958817705512047,0.2965341806411743,0.2954821027815342,0.29484157636761665,0.2894803211092949,0.298453938215971,0.3011251203715801,0.2931223176419735,0.2903957888484001,0.29304302856326103,0.29092682152986526,0.2914053797721863,0.29202213883399963,0.2926166169345379,0.2913915105164051,0.2916352152824402,0.3036602959036827,0.3087772913277149,0.30715879797935486,0.30267801508307457,0.3065822683274746,0.306905772536993,0.30523788183927536,0.3026287816464901,0.3037946932017803,0.30240847542881966,0.3041522912681103,0.3137245662510395,0.3084130734205246,0.2927444092929363,0.3090088851749897,0.3066350482404232,0.30593040958046913,0.31085947155952454,0.31114743649959564,0.31405457109212875,0.3097149282693863,0.30555807426571846,0.30145614966750145,0.30277059972286224,0.30457214266061783,0.3117494471371174,0.31251589208841324,0.3165742371763502,0.07348216325044632,0.07405966147780418,0.07367663737386465,0.0756558096036315,0.07741865236312151,0.07762873638421297,0.07495107036083937,0.0748189203441143,0.07681150175631046,0.07874385733157396,0.07922641932964325,0.07657801453024149,0.07642643433064222,0.07682363595813513,0.07710422948002815,0.07844979781657457,0.0789028201252222,0.07859456446021795,0.07809927500784397,0.07629237044602633,0.07593884877860546,0.07699632924050093,0.07397454790771008,0.07423014007508755,0.07601235900074244,0.07662125676870346,0.07407001778483391,0.07229943014681339,0.0746940216049552,0.07687531504780054,0.07686298340559006,0.0825074315071106,0.0793164437636733,0.07184475939720869,0.07620099373161793,0.0775147769600153,0.07433170359581709,0.07791093084961176,0.07672668341547251,0.07506769802421331,0.07452622056007385,0.0768227968364954,0.07512117456644773,0.07412555534392595,0.07530455011874437,0.07802325952798128,0.07899579219520092,0.07693914536918912,0.505771704018116,0.49493494629859924,0.49514975026249886,0.4985104836523533,0.49733537808060646,0.4999987818300724,0.5104229524731636,0.49976392835378647,0.5063257776200771,0.5132142826914787,0.5150987952947617,0.508112333714962,0.5045514553785324,0.5073856264352798,0.5089046806097031,0.4998523108661175,0.5042753890156746,0.5061254724860191,0.5044319778680801,0.513159990310669,0.5191955715417862,0.5260178670287132,0.5141006261110306,0.5144614279270172,0.532815508544445,0.5303129702806473,0.5076948143541813,0.5061437599360943,0.5103911533951759,0.5078325942158699,0.5064383447170258,0.5171274915337563,0.5233220234513283,0.5100517496466637,0.527275376021862,0.5231868922710419,0.5264319404959679,0.5254184827208519,0.5268621370196342,0.5213837698101997,0.5225289240479469,0.5166181698441505,0.5044735968112946,0.5073715075850487,0.5327379181981087,0.5479240193963051,0.5464973598718643,0.5273321952138629
LLS_c0,0,7,0.041367411613464355,0.03475058078765869,0.034230172634124756,0.09753841161727905,0.09072685241699219,0.09400308132171631,0.7074442505836487,0.9070416688919067,2649.9643807411194,0.4602920226752758,0.45498916879296303,0.4552858769893646,0.4575503244996071,0.4628637582063675,0.46512215584516525,0.4628833010792732,0.4602031037211418,0.46235911548137665,0.4701368696987629,0.46831032261252403,0.4616687372326851,0.465065311640501,0.46957436576485634,0.47873201221227646,0.4830718897283077,0.47699712961912155,0.472155399620533,0.47945448011159897,0.48323921114206314,0.47530128061771393,0.46257103979587555,0.4624224826693535,0.47145066782832146,0.4761539399623871,0.46501047909259796,0.4532112218439579,0.45482592284679413,0.46434444189071655,0.4720170125365257,0.46347010508179665,0.460170179605484,0.465119156986475,0.46455808356404305,0.4627528190612793,0.4576191082596779,0.45855141431093216,0.4579305201768875,0.452513724565506,0.45153461396694183,0.4605420157313347,0.4698392190039158,0.46770067885518074,0.4583546184003353,0.45118163153529167,0.458767406642437,0.46843378245830536,0.468150006873267,0.2764699459075928,0.2773728668689728,0.2787756957113743,0.2793085649609566,0.27817389369010925,0.27735188230872154,0.27397433295845985,0.2705357111990452,0.2694394364953041,0.26640744134783745,0.2681349329650402,0.27197152376174927,0.2729291282594204,0.26991694048047066,0.2692069485783577,0.27578434720635414,0.2809746488928795,0.28080470487475395,0.27731772139668465,0.2753400579094887,0.27413511276245117,0.2722661904990673,0.2713756412267685,0.2711569368839264,0.2728572189807892,0.27652646973729134,0.2791083790361881,0.2790084443986416,0.28104980662465096,0.28436489403247833,0.28579480201005936,0.2810976579785347,0.2759859450161457,0.27653946354985237,0.2795722372829914,0.2761463075876236,0.2720625475049019,0.27380557730793953,0.27885882928967476,0.2802775390446186,0.27884164452552795,0.2780185453593731,0.28158140182495117,0.28579724952578545,0.2880259118974209,0.28496523201465607,0.28131839632987976,0.2788231074810028,0.04404944460839033,0.045164271257817745,0.0443978332914412,0.04295471590012312,0.04275748785585165,0.04233163641765714,0.0430637551471591,0.04393621627241373,0.04385675908997655,0.04470110684633255,0.045053061563521624,0.04508105246350169,0.04661461245268583,0.046973010525107384,0.04608235554769635,0.047137276735156775,0.047245802357792854,0.04726754082366824,0.04710974870249629,0.047761096619069576,0.04699089610949159,0.04719211673364043,0.049051073379814625,0.050862308125942945,0.05049184197559953,0.050550649873912334,0.04949456546455622,0.05030519841238856,0.05083920154720545,0.04964611819013953,0.048420403618365526,0.04777137655764818,0.04959127213805914,0.049323474522680044,0.050626546144485474,0.049731127452105284,0.049535222351551056,0.05037973262369633,0.050778272561728954,0.05037571024149656,0.05042250361293554,0.05033858073875308,0.0488571897149086,0.04790181526914239,0.0486010923050344,0.050023109652101994,0.050931958481669426,0.050296874450785775,0.5728619992733002,0.5768337324261665,0.5780020505189896,0.5776577666401863,0.5721313953399658,0.5690333172678947,0.5672041326761246,0.5670086145401001,0.5666288733482361,0.556202232837677,0.5512706935405731,0.5591679364442825,0.5695494413375854,0.5688121393322945,0.5580260083079338,0.551840752363205,0.5574730709195137,0.5655729547142982,0.5608772933483124,0.5540703684091568,0.5549512952566147,0.5648926272988319,0.5706014558672905,0.55960463732481,0.5515854209661484,0.5605726763606071,0.5750995501875877,0.5754287838935852,0.5653403550386429,0.5592573061585426,0.5683262124657631,0.5698054060339928,0.5611884668469429,0.5663814023137093,0.5703010708093643,0.5722584947943687,0.5604937300086021,0.5527879670262337,0.5599584206938744,0.5691313818097115,0.5701985955238342,0.5615579262375832,0.5582781657576561,0.5612441524863243,0.5720624178647995,0.5715789571404457,0.5641978234052658,0.560023409979684
LLS_c0,1,7,0.032562851905822754,0.026778697967529297,0.031003236770629883,0.10392892360687256,0.0971900224685669,0.10240620374679565,0.7555069923400879,0.7908384799957275,2664.477379798889,0.44689203798770905,0.4441625811159611,0.4444331265985966,0.44556380063295364,0.4493964947760105,0.45006079226732254,0.44599340856075287,0.4436265081167221,0.44647467881441116,0.45190660655498505,0.4528743624687195,0.44551654160022736,0.4390638768672943,0.4420579969882965,0.45412732660770416,0.4631733149290085,0.456098809838295,0.44514142721891403,0.44951122999191284,0.4582669325172901,0.45310893654823303,0.44111957028508186,0.4397217743098736,0.4470869190990925,0.4516049847006798,0.44808313250541687,0.4457720033824444,0.45174550637602806,0.45689693465828896,0.45303739979863167,0.4454124644398689,0.45311641693115234,0.46205801516771317,0.45571286603808403,0.44604217261075974,0.44135966524481773,0.4472544193267822,0.4518435187637806,0.4495178461074829,0.44839733839035034,0.45364272221922874,0.4546946883201599,0.45500698685646057,0.45390963926911354,0.45339205116033554,0.4513907954096794,0.4496278129518032,0.4474396365029471,0.25926507264375687,0.26003095507621765,0.26109857484698296,0.2611493952572346,0.259859424084425,0.25976739078760147,0.2571505084633827,0.25371983274817467,0.25256451964378357,0.24898003786802292,0.2500947304069996,0.2541305273771286,0.2560294196009636,0.2527542822062969,0.25333812460303307,0.2594010606408119,0.2644711434841156,0.2638794369995594,0.259591668844223,0.25948821008205414,0.25984782353043556,0.2571336664259434,0.25371721386909485,0.25223715603351593,0.2545034922659397,0.256427526473999,0.2606245130300522,0.2627621069550514,0.2639002427458763,0.2662010043859482,0.2651585452258587,0.2610989436507225,0.2602858990430832,0.2601666748523712,0.2592766433954239,0.2525675371289253,0.24915947020053864,0.25231802836060524,0.257289070636034,0.2618500627577305,0.2623148337006569,0.26160934939980507,0.26192520186305046,0.26501544937491417,0.26804647594690323,0.26686854287981987,0.2619503550231457,0.2576985572065626,0.04076729854568839,0.0413547963835299,0.04057233454659581,0.03959647426381707,0.03931657504290342,0.039591217413544655,0.03992138942703605,0.040476842783391476,0.041041997727006674,0.041978669818490744,0.04192539490759373,0.041765243746340275,0.04198299301788211,0.04357381537556648,0.04270346090197563,0.0422633090056479,0.043008503038436174,0.041457303799688816,0.04142030514776707,0.04172678291797638,0.042086603585630655,0.0421897079795599,0.04280289961025119,0.04484461061656475,0.04459785716608167,0.0451477668248117,0.04498262610286474,0.04487773776054382,0.04446813650429249,0.04345898563042283,0.04237559111788869,0.04223801661282778,0.04332380881533027,0.043475647922605276,0.0435292711481452,0.04376060236245394,0.04432942345738411,0.04528006259351969,0.045064995996654034,0.0448882351629436,0.044666541274636984,0.043882591649889946,0.04402674175798893,0.04401353746652603,0.04545892449095845,0.04588893661275506,0.04484416078776121,0.043326061218976974,0.5818530693650246,0.5845134258270264,0.5859998315572739,0.5863093137741089,0.5816186815500259,0.5790479481220245,0.5768730565905571,0.5755628049373627,0.5756944268941879,0.5643937736749649,0.5591668412089348,0.5692319050431252,0.5852302685379982,0.5860099270939827,0.5731485784053802,0.5649431422352791,0.572668619453907,0.5826202109456062,0.5746650025248528,0.5634380131959915,0.5666628479957581,0.5776611194014549,0.5821192115545273,0.5726735144853592,0.5640745013952255,0.5643799006938934,0.5742920562624931,0.5771621987223625,0.5745985582470894,0.5760314986109734,0.5789732933044434,0.5655812546610832,0.5565336495637894,0.5718619674444199,0.5812740102410316,0.5808964893221855,0.5666716918349266,0.5593383982777596,0.5612031072378159,0.570457436144352,0.5736177936196327,0.5733297690749168,0.566676139831543,0.5628656670451164,0.5662980079650879,0.5728721097111702,0.574825331568718,0.5741284149033683
LLS_c0,0,8,0.03626847267150879,0.04041862487792969,0.048299193382263184,0.14759010076522827,0.14181947708129883,0.15849268436431885,4.030582427978516,5.219544887542725,1842.6132516860962,0.5380721315741539,0.5266938656568527,0.5157165005803108,0.5053481236100197,0.514690637588501,0.528055340051651,0.5191354155540466,0.5101221203804016,0.5176848396658897,0.526609905064106,0.5213827937841415,0.5182516649365425,0.5237022116780281,0.5274057760834694,0.5196866393089294,0.5068761110305786,0.5056782811880112,0.5123875439167023,0.5160237401723862,0.5184475854039192,0.5205420777201653,0.4939575493335724,0.4720727428793907,0.47935857623815536,0.5126077979803085,0.5298516899347305,0.520792692899704,0.5092403367161751,0.5139767974615097,0.5187996923923492,0.5094368420541286,0.4964351952075958,0.5075137875974178,0.532238133251667,0.5197391286492348,0.5108381658792496,0.5138470605015755,0.5216535851359367,0.5213182121515274,0.5192134752869606,0.5343115255236626,0.5413259193301201,0.5251444652676582,0.5174489915370941,0.5257138907909393,0.5320310667157173,0.5273853167891502,0.5089801805359977,0.3248918242752552,0.32043903693556786,0.31769559159874916,0.31504613906145096,0.31223928555846214,0.31513600423932076,0.31453975290060043,0.3121025897562504,0.31103261560201645,0.31138356402516365,0.3146401084959507,0.31620653718709946,0.31520070880651474,0.3155878260731697,0.31370361894369125,0.31134630367159843,0.31276779994368553,0.320926308631897,0.3230999633669853,0.31763550639152527,0.3152558170258999,0.3194767236709595,0.31646132469177246,0.31042299419641495,0.31016919016838074,0.313599593937397,0.31710173189640045,0.3160487115383148,0.3135199248790741,0.314326923340559,0.3156786821782589,0.31403301656246185,0.31161782890558243,0.31465358659625053,0.31697654724121094,0.31703049317002296,0.3135390728712082,0.30996018648147583,0.30945516005158424,0.3091524764895439,0.31279727071523666,0.3167613632977009,0.3183729536831379,0.31933220848441124,0.32136255130171776,0.3216848373413086,0.3198036327958107,0.32118067145347595,0.1471483949571848,0.13602782227098942,0.13206684589385986,0.13009292259812355,0.12835001200437546,0.13186369836330414,0.1319470051676035,0.13102195784449577,0.1292969435453415,0.13348198309540749,0.13725203834474087,0.13379369862377644,0.1314642708748579,0.1321496069431305,0.12742756865918636,0.12958035059273243,0.13065394759178162,0.1314834076911211,0.1291269352659583,0.12660700362175703,0.12778288312256336,0.13132315129041672,0.1323176473379135,0.12971954233944416,0.13115887343883514,0.13119935803115368,0.12974012456834316,0.13158095069229603,0.12918339855968952,0.12790082767605782,0.1335293296724558,0.13502443581819534,0.13308640755712986,0.13691156543791294,0.13209020718932152,0.12875528447329998,0.12909210100769997,0.13381182961165905,0.14164256490767002,0.14131469652056694,0.13229181617498398,0.12766520027071238,0.12525106687098742,0.12781545333564281,0.12998455204069614,0.13223760202527046,0.1348051093518734,0.1400891329560961,0.3901122398674488,0.3877713680267334,0.38058145344257355,0.3750527538359165,0.37459322810173035,0.38248638063669205,0.38821910694241524,0.3829568438231945,0.37835467606782913,0.3809458464384079,0.38272151350975037,0.38631923124194145,0.3838186487555504,0.38380106166005135,0.3824893720448017,0.3792913444340229,0.3825615346431732,0.3851286806166172,0.38133519142866135,0.3798386976122856,0.39005063846707344,0.4059585966169834,0.41185224428772926,0.408366609364748,0.3983583226799965,0.3935115747153759,0.38906048238277435,0.3860417418181896,0.3813658021390438,0.37230417877435684,0.3758433498442173,0.38344936817884445,0.383891973644495,0.3755314275622368,0.3759239502251148,0.38181619346141815,0.3812800943851471,0.3752133436501026,0.3703402020037174,0.3754979074001312,0.3756728768348694,0.37031735107302666,0.3770455867052078,0.37714503332972527,0.3740006200969219,0.3744361884891987,0.3753487840294838,0.39301328573908123
LLS_c0,1,8,0.04994553327560425,0.03871464729309082,0.04885810613632202,0.16038000583648682,0.17022371292114258,0.17600774765014648,4.980380535125732,4.8033342361450195,4923.334173679352,0.589534692466259,0.5792597159743309,0.5690665394067764,0.5555187612771988,0.5543937608599663,0.5598604679107666,0.5581137090921402,0.558608889579773,0.5617057159543037,0.5603794157505035,0.5467163026332855,0.542039543390274,0.5604721009731293,0.5760369077324867,0.5726970955729485,0.5605764761567116,0.5595162138342857,0.5598551705479622,0.5522120594978333,0.557477667927742,0.5653957352042198,0.5522362291812897,0.533594399690628,0.5325897634029388,0.5572951957583427,0.5587971732020378,0.5451077744364738,0.5517000183463097,0.5805079862475395,0.5852238610386848,0.5771991685032845,0.5865917056798935,0.5880146771669388,0.5722142457962036,0.5653308257460594,0.5742490142583847,0.5759582296013832,0.569892480969429,0.5592436790466309,0.547052226960659,0.5535515323281288,0.5807243883609772,0.6036408394575119,0.5864107832312584,0.5639888197183609,0.5609465539455414,0.5733393728733063,0.5781556197575161,0.29694119468331337,0.29484134539961815,0.2919345907866955,0.28969328105449677,0.2882116176187992,0.2884319797158241,0.285748653113842,0.28118302673101425,0.28379443287849426,0.2817103676497936,0.2812499850988388,0.28250399976968765,0.2844327911734581,0.2834608480334282,0.2787504494190216,0.27819496393203735,0.2840219661593437,0.29197807237505913,0.2914418615400791,0.2823811545968056,0.28085558488965034,0.2835384011268616,0.28289540112018585,0.28253868222236633,0.2868056520819664,0.2862701751291752,0.2853781022131443,0.28708983585238457,0.2888009026646614,0.2921328954398632,0.28711041808128357,0.28285662457346916,0.2846117727458477,0.29041939973831177,0.2909327857196331,0.28607942536473274,0.28369442000985146,0.2831524536013603,0.2859444357454777,0.2884093448519707,0.2893979735672474,0.28966886550188065,0.286842655390501,0.28956660628318787,0.29435037076473236,0.29561666771769524,0.2954283021390438,0.29288449883461,0.1504849512130022,0.14140201546251774,0.13074388727545738,0.12316886056214571,0.12644389551132917,0.13110296055674553,0.1308214385062456,0.12735852785408497,0.1292451210319996,0.12885360792279243,0.12715435028076172,0.12579471990466118,0.1311938427388668,0.13476349413394928,0.12998219393193722,0.12987531907856464,0.1349086370319128,0.1407413724809885,0.1306729707866907,0.1252467120066285,0.12913205195218325,0.1337779089808464,0.13370207138359547,0.1290599089115858,0.12855450809001923,0.13015292771160603,0.13078840635716915,0.1310614962130785,0.12832745909690857,0.12770230416208506,0.1274050073698163,0.13257502019405365,0.13424618355929852,0.14228994213044643,0.13862938806414604,0.13372426480054855,0.13026595674455166,0.1347221713513136,0.1371549889445305,0.13492050021886826,0.13516847416758537,0.14006821066141129,0.13425710052251816,0.13202768564224243,0.1383202988654375,0.13963393308222294,0.13990178517997265,0.13641079834529332,0.36247237026691437,0.36187149956822395,0.35624100640416145,0.35312018170952797,0.3549548573791981,0.3568033501505852,0.3574281074106693,0.3556015305221081,0.3560284450650215,0.35693347826600075,0.3603746294975281,0.36567186564207077,0.3593417853116989,0.3502965494990349,0.34291375055909157,0.3425656631588936,0.3500182628631592,0.3530575931072235,0.35336602106690407,0.3447658196091652,0.3492714688181877,0.3600366674363613,0.358877494931221,0.36368681490421295,0.35975316166877747,0.3550909049808979,0.35429905354976654,0.3512779735028744,0.354061346501112,0.3504781126976013,0.3440672308206558,0.3411433584988117,0.347395870834589,0.3546667583286762,0.3554815985262394,0.3523798957467079,0.34597181156277657,0.344825092703104,0.3495445288717747,0.35415753722190857,0.3437085635960102,0.3381238952279091,0.3397141955792904,0.3464943356812,0.34837838634848595,0.3508494272828102,0.35827232897281647,0.3618493378162384
LLS_c0,0,9,0.060358405113220215,0.04197955131530762,0.05485051870346069,0.09823477268218994,0.12495100498199463,0.09061825275421143,3.3954784870147705,3.4856197834014893,1840.0728628635406,0.41649459302425385,0.4340851977467537,0.4393630214035511,0.4433654844760895,0.4372868686914444,0.43042711913585663,0.42231567203998566,0.43097640946507454,0.43537717685103416,0.4285952299833298,0.4168153554201126,0.4116565212607384,0.4140573590993881,0.43160298839211464,0.4406925402581692,0.4230845756828785,0.42271455004811287,0.437248058617115,0.4484868161380291,0.4292607307434082,0.41498641669750214,0.41817810013890266,0.43224338069558144,0.4334442801773548,0.4242766797542572,0.4211346432566643,0.42385680601000786,0.4341107904911041,0.43103309720754623,0.4450036250054836,0.44767938554286957,0.4318581223487854,0.4234982803463936,0.4249739572405815,0.42547113448381424,0.4371100291609764,0.4250706061720848,0.4169868938624859,0.4149079695343971,0.42521683499217033,0.433356162160635,0.43510817736387253,0.4411320462822914,0.42525051161646843,0.4311104156076908,0.4475291073322296,0.43696655705571175,0.42473459243774414,0.2865706905722618,0.2860250547528267,0.28889280930161476,0.2909683994948864,0.2900710962712765,0.289304930716753,0.290784552693367,0.286752313375473,0.2883698120713234,0.2839388735592365,0.28470369428396225,0.28746752440929413,0.28974661603569984,0.2894270345568657,0.28685586154460907,0.29419244453310966,0.29548074305057526,0.2940928600728512,0.2844533585011959,0.288236603140831,0.29203782230615616,0.2899285890161991,0.28453417867422104,0.2833848260343075,0.28709883987903595,0.28739557787775993,0.2862088605761528,0.28777169808745384,0.2918127700686455,0.290735874325037,0.28968967124819756,0.2951205335557461,0.2910837084054947,0.2875431440770626,0.29205887392163277,0.28876376897096634,0.29054397344589233,0.2889687493443489,0.29494983702898026,0.29377053305506706,0.28963635489344597,0.29170436784625053,0.28924714773893356,0.29832684993743896,0.2960817813873291,0.2881210669875145,0.29191670566797256,0.2909334089074816,0.04110870976001024,0.040356381330639124,0.04073841916397214,0.040186988189816475,0.03775013564154506,0.042773982509970665,0.04185112426057458,0.039022603537887335,0.04011722840368748,0.041409808211028576,0.03971954481676221,0.04039165144786239,0.03944291966035962,0.040115589275956154,0.04090726329013705,0.0410576150752604,0.04216998349875212,0.040560515597462654,0.03743558842688799,0.043836076743900776,0.0379431894980371,0.037238255608826876,0.038125470746308565,0.038182294461876154,0.038022194523364305,0.03960303543135524,0.04062766628339887,0.03930163662880659,0.040814961306750774,0.039325912948697805,0.03921310883015394,0.040547316893935204,0.04024993907660246,0.042575722094625235,0.04334323713555932,0.041120980866253376,0.04285500664263964,0.04373910743743181,0.04166236333549023,0.04309275234118104,0.042187520768493414,0.04018257278949022,0.044658565893769264,0.045338763389736414,0.04357875697314739,0.04253209428861737,0.04502340126782656,0.04322944687945502,0.44536367803812027,0.44381308183074,0.4435959830880165,0.442435547709465,0.44735705107450485,0.4457886666059494,0.4542336240410805,0.44539839401841164,0.4450519159436226,0.44818417355418205,0.45291540026664734,0.45429684966802597,0.45461688935756683,0.4488096833229065,0.4481187015771866,0.44948696717619896,0.4494646489620209,0.4448704831302166,0.43768876418471336,0.44751952961087227,0.45295923948287964,0.45098065584897995,0.444912850856781,0.4464242048561573,0.4489019140601158,0.4438510909676552,0.43910520151257515,0.43930240347981453,0.44639458879828453,0.4364021308720112,0.4312433563172817,0.44279569387435913,0.44779471307992935,0.4451843984425068,0.44986118003726006,0.441554419696331,0.44621728733181953,0.45108921080827713,0.45297376066446304,0.45098384842276573,0.44265327975153923,0.43938783183693886,0.42889177426695824,0.442574106156826,0.4434838891029358,0.43278032913804054,0.44110043719410896,0.4475949364049094
LLS_c0,1,9,0.06564849615097046,0.03554224967956543,-0.014717578887939453,0.15577733516693115,0.10458993911743164,0.05561423301696777,3.6633284091949463,4.470407962799072,3525.8937010765076,0.37538381665945053,0.37133629992604256,0.37630313262343407,0.3712356239557266,0.36942190676927567,0.3639538399875164,0.36600110307335854,0.36719782277941704,0.37052230909466743,0.3730117455124855,0.3686633035540581,0.3597124479711056,0.3660470247268677,0.37368324771523476,0.3712133578956127,0.3672966696321964,0.36494823917746544,0.3740667663514614,0.3726339228451252,0.3692263439297676,0.35734081640839577,0.360589649528265,0.36415745317935944,0.3625180907547474,0.35186128690838814,0.3408738262951374,0.3502057008445263,0.36589597538113594,0.37288105860352516,0.3760230466723442,0.36813850328326225,0.36386139690876007,0.3558305390179157,0.3686634488403797,0.37368953227996826,0.36385804787278175,0.36273420602083206,0.354786891490221,0.3596996068954468,0.357218936085701,0.35027649626135826,0.35233762860298157,0.36535678058862686,0.3725034184753895,0.37872449681162834,0.3751664161682129,0.3595334403216839,0.36022606917790007,0.28559524938464165,0.29171083867549896,0.2897147685289383,0.294627632945776,0.2891696207225323,0.291593749076128,0.2862431928515434,0.2844330444931984,0.28689632564783096,0.2861756347119808,0.2884541228413582,0.2863302081823349,0.28651925548911095,0.28948792070150375,0.29085029661655426,0.29228945076465607,0.2952156253159046,0.2889920249581337,0.29240747168660164,0.2897209897637367,0.2917475476861,0.2931778058409691,0.2939939573407173,0.29247457906603813,0.2913041338324547,0.29282792657613754,0.29364948347210884,0.2925618514418602,0.29566165432333946,0.2950988635420799,0.29548710957169533,0.29877127707004547,0.29946357756853104,0.2868220694363117,0.29259712621569633,0.28916824981570244,0.2894355468451977,0.29212867841124535,0.30118319392204285,0.30116741359233856,0.29820601642131805,0.2937253899872303,0.29995737224817276,0.301201406866312,0.3025868199765682,0.2991548627614975,0.29445305094122887,0.2927421586854117,0.04218630865216255,0.04317271150648594,0.041349041275680065,0.04151889914646745,0.03986590402200818,0.04356600344181061,0.04224934382364154,0.0424495916813612,0.04481973359361291,0.04467646451666951,0.04417473264038563,0.04086226224899292,0.040883672423660755,0.04148404998704791,0.042756170965731144,0.04234533337876201,0.04154968122020364,0.04170963680371642,0.0445889001712203,0.04196651512756944,0.04188262112438679,0.042801386676728725,0.0430458071641624,0.04150533629581332,0.044312221463769674,0.04608932649716735,0.04504857584834099,0.04339428152889013,0.04232064913958311,0.04374702321365476,0.04617269383743405,0.04445573687553406,0.04305848712101579,0.04434628039598465,0.0431126169860363,0.04098071251064539,0.042856733314692974,0.042114165145903826,0.045801748521625996,0.042842209339141846,0.04570664931088686,0.04382956912741065,0.04483412392437458,0.044637530110776424,0.04406084772199392,0.04996993066743016,0.044304811395704746,0.043977943914277215,0.4417712837457657,0.44620660319924355,0.4427511505782604,0.4443681612610817,0.445114154368639,0.45060546323657036,0.45112377405166626,0.4479738175868988,0.4462468586862087,0.44267388433218,0.4448864385485649,0.4530818425118923,0.45051059126853943,0.44743868336081505,0.4461636245250702,0.4473300985991955,0.45133567601442337,0.442770853638649,0.45114023238420486,0.4509912021458149,0.452998798340559,0.4553087614476681,0.45288385450839996,0.45738842338323593,0.45514052361249924,0.4528888314962387,0.4485977254807949,0.45123933628201485,0.4503222815692425,0.44458064436912537,0.4456174336373806,0.4510655514895916,0.45622115209698677,0.4459657855331898,0.45038335770368576,0.45757611468434334,0.45928214490413666,0.4587674252688885,0.45075369626283646,0.4536512717604637,0.4542911648750305,0.4498363249003887,0.44412391632795334,0.4458046071231365,0.44927312806248665,0.44697484374046326,0.454397514462471,0.45347295488630024
LLS_c0,0,10,0.17337018251419067,0.13124513626098633,0.13102585077285767,0.22864443063735962,0.20446687936782837,0.17827355861663818,1.0412940979003906,1.3953311443328857,2645.1341276168823,0.6623413935303688,0.6484880223870277,0.6429962515830994,0.6392507925629616,0.644058346748352,0.6476962715387344,0.6375118792057037,0.6303150057792664,0.6307230964303017,0.634788453578949,0.6255342662334442,0.6183642148971558,0.6240444406867027,0.633832074701786,0.6263087093830109,0.6040793880820274,0.5994018092751503,0.6187227070331573,0.6214140430092812,0.6183102056384087,0.6042397394776344,0.6031865775585175,0.5903380885720253,0.5746117532253265,0.5676353499293327,0.5740884616971016,0.5729652866721153,0.56319310516119,0.5576927736401558,0.5683684051036835,0.5835617408156395,0.5734113305807114,0.5622950792312622,0.6441236957907677,0.645966574549675,0.6431283056735992,0.6152645945549011,0.5791544914245605,0.5626072064042091,0.5601731911301613,0.5692657753825188,0.5753539875149727,0.5641091018915176,0.5586138069629669,0.5648620575666428,0.5617082118988037,0.5574320331215858,0.5436904004641941,0.24419597536325455,0.24488423392176628,0.24742182902991772,0.24959875643253326,0.2476507741957903,0.24574084766209126,0.24461567401885986,0.2467105071991682,0.24605028331279755,0.23617173545062542,0.2372385486960411,0.2440499011427164,0.250281373038888,0.24545750953257084,0.2467526774853468,0.2511607576161623,0.2553127780556679,0.2551785260438919,0.2536296881735325,0.2480042725801468,0.24456064589321613,0.24201863072812557,0.2486148625612259,0.2536737807095051,0.25491026416420937,0.25341278314590454,0.2550865150988102,0.25916052237153053,0.2608571946620941,0.2620352767407894,0.26228053867816925,0.2623535320162773,0.26176740787923336,0.2450371105223894,0.24434204772114754,0.24082309938967228,0.2424607239663601,0.24977319687604904,0.25538815930485725,0.2626914493739605,0.2640909291803837,0.26246504858136177,0.2636735178530216,0.2665231302380562,0.26806266605854034,0.2689913287758827,0.2676062360405922,0.26664291109357563,0.02159312181174755,0.022682318231090903,0.022318396950140595,0.02217208407819271,0.02144156605936587,0.02076946897432208,0.021238224348053336,0.021400272380560637,0.020557822193950415,0.02144551114179194,0.022135712672024965,0.021445582853630185,0.020024633733555675,0.02022242872044444,0.020293954061344266,0.0205541905015707,0.021641572006046772,0.021282454719766974,0.019621224841102958,0.019057130441069603,0.01936252787709236,0.019319592276588082,0.018045636359602213,0.019416606752201915,0.020031265215948224,0.01986074517481029,0.01972706289961934,0.019911655690521002,0.020008588442578912,0.01940113608725369,0.019357710843905807,0.01940136542543769,0.01942573511041701,0.020525066880509257,0.02070602704770863,0.020604207646101713,0.020688648335635662,0.021038567647337914,0.021181309828534722,0.020166980335488915,0.018269240157678723,0.018928517121821642,0.018970065051689744,0.018974498379975557,0.019503911025822163,0.020443065324798226,0.02155847428366542,0.021889634962592806,0.3103923462331295,0.3134537860751152,0.31215875223279,0.3088056482374668,0.30962467193603516,0.31287217885255814,0.3172680214047432,0.3192179799079895,0.31897126510739326,0.31501103192567825,0.3155284635722637,0.3223992586135864,0.32659148424863815,0.31999753043055534,0.3170982338488102,0.3212573528289795,0.32405998185276985,0.31564314290881157,0.31734609603881836,0.3187805041670799,0.32228628173470497,0.31693514436483383,0.3235490247607231,0.3298499062657356,0.32996775209903717,0.32081878185272217,0.3155936188995838,0.32107995823025703,0.3130861520767212,0.30012672394514084,0.2976343259215355,0.3104620389640331,0.32429881766438484,0.31553908437490463,0.31259142979979515,0.30845464393496513,0.30881622061133385,0.32217204198241234,0.3323821574449539,0.33714428171515465,0.32729576900601387,0.3210832141339779,0.3254912346601486,0.3294767029583454,0.3312600664794445,0.3354041203856468,0.3428711108863354,0.34583077260426115
LLS_c0,1,10,0.14855962991714478,0.14516574144363403,0.14324378967285156,0.21739637851715088,0.2217341661453247,0.2165432572364807,1.3170512914657593,1.863629698753357,3723.813184261322,0.6614035367965698,0.6490472853183746,0.6404705122113228,0.6344762071967125,0.6397851333022118,0.6480387598276138,0.647753082215786,0.64059878885746,0.6325985416769981,0.6263401657342911,0.6222531050443649,0.6148129105567932,0.6146596893668175,0.6171881258487701,0.6188034489750862,0.6162063628435135,0.6137097105383873,0.6119695156812668,0.6114168167114258,0.6167260706424713,0.616032250225544,0.6052787527441978,0.601422592997551,0.5957747623324394,0.5922446623444557,0.6012364700436592,0.6084028631448746,0.620942234992981,0.6252920255064964,0.6222199872136116,0.60246342420578,0.5964245051145554,0.5965403020381927,0.639722965657711,0.6459580287337303,0.6306181326508522,0.602162316441536,0.592310905456543,0.596263088285923,0.586336687207222,0.5812407359480858,0.591596208512783,0.5954053997993469,0.5979827344417572,0.6011740043759346,0.5966607630252838,0.5926500111818314,0.5789356061390468,0.189828647300601,0.19455966539680958,0.1970155332237482,0.20028190687298775,0.20153223909437656,0.2016641590744257,0.1992098931223154,0.19753249175846577,0.1989713590592146,0.1985159646719694,0.20657646469771862,0.2124480064958334,0.21359019167721272,0.2127489075064659,0.21089779026806355,0.21159199252724648,0.21055268123745918,0.21101058274507523,0.21503637544810772,0.2170991115272045,0.2177303470671177,0.2194588053971529,0.22188971005380154,0.21980705298483372,0.21963155455887318,0.2138669155538082,0.2111434005200863,0.21352581679821014,0.21381603926420212,0.2130679003894329,0.2158512119203806,0.2160550095140934,0.20775042288005352,0.19052914530038834,0.20075170323252678,0.20590858533978462,0.20591922104358673,0.20163499005138874,0.21132424101233482,0.22826296836137772,0.23051789589226246,0.22033703327178955,0.21585775539278984,0.21369393728673458,0.21609274856746197,0.22069969028234482,0.2211745511740446,0.21537460386753082,0.02752807131037116,0.028384799836203456,0.027965423185378313,0.027925189584493637,0.02747731003910303,0.02759582013823092,0.02713629393838346,0.027277117129415274,0.028130383230745792,0.028921284014359117,0.02750432980246842,0.025462991558015347,0.025483785197138786,0.02546160644851625,0.025446789572015405,0.024986104806885123,0.024759931722655892,0.024856355972588062,0.024051477201282978,0.02383935241959989,0.024596106493845582,0.024274151073768735,0.025339942891150713,0.026562889339402318,0.02701664250344038,0.027225877158343792,0.026261188089847565,0.025045702699571848,0.02452603867277503,0.024058351758867502,0.023826886899769306,0.0246719759888947,0.024358489783480763,0.02581858215853572,0.0256812646985054,0.0255935147870332,0.027029693126678467,0.02652545366436243,0.024793290765956044,0.02565699815750122,0.0236030793748796,0.023619897663593292,0.023922656662762165,0.023865738650783896,0.024336667731404305,0.023960156133398414,0.024869942804798484,0.02524105193359511,0.28818218782544136,0.2960575819015503,0.29572247713804245,0.2954883426427841,0.29611120745539665,0.29920486733317375,0.29852231219410896,0.2954382039606571,0.29634324461221695,0.3046060726046562,0.30905627459287643,0.3087477795779705,0.3081638477742672,0.3083600886166096,0.30022886395454407,0.29734113067388535,0.2974352799355984,0.29741112515330315,0.30161288380622864,0.2982946112751961,0.2976917214691639,0.30180054157972336,0.3047405853867531,0.312246423214674,0.312603123486042,0.30629323050379753,0.2994230277836323,0.2989785522222519,0.29911402240395546,0.29836753010749817,0.30459416285157204,0.30296432599425316,0.2988685220479965,0.2942562513053417,0.3020867854356766,0.30805177986621857,0.30001676082611084,0.2886972799897194,0.29627296701073647,0.310836985707283,0.30850597470998764,0.2943058982491493,0.2914113812148571,0.29204902797937393,0.2956104390323162,0.30329373106360435,0.30409037694334984,0.2967705513749804
LLS_c0,0,11,0.04595470428466797,0.03510415554046631,0.043802499771118164,0.12692546844482422,0.062980055809021,0.09398019313812256,10.616449356079102,10.606614112854004,1843.793800830841,0.7301153168082237,0.7157129943370819,0.713219977915287,0.7135874852538109,0.7175480499863625,0.7276162803173065,0.73122738301754,0.7166077792644501,0.7108726501464844,0.7158835902810097,0.7214418649673462,0.727754257619381,0.7256227433681488,0.7291445657610893,0.7220462784171104,0.7063809111714363,0.7185574695467949,0.7333199009299278,0.7355657070875168,0.7245524376630783,0.7049238607287407,0.7047693580389023,0.72071672976017,0.7293108329176903,0.7234912887215614,0.7134806662797928,0.723478838801384,0.7334817200899124,0.733218714594841,0.7259320169687271,0.7142542973160744,0.7149777859449387,0.7142621725797653,0.7250325158238411,0.733310766518116,0.7375653833150864,0.7278688475489616,0.7124991714954376,0.69868353754282,0.7139360383152962,0.7262009382247925,0.7317111194133759,0.7271751016378403,0.7293601557612419,0.7356981188058853,0.7336804866790771,0.7233854904770851,0.7004183275359017,0.24140749126672745,0.2412959523499012,0.24191929958760738,0.23993353731930256,0.23958062753081322,0.24112476408481598,0.24042515270411968,0.23805691115558147,0.23711407743394375,0.23844745755195618,0.23868059366941452,0.24031729437410831,0.24038086272776127,0.24037608318030834,0.240599162876606,0.24092096649110317,0.24252571538090706,0.24327976442873478,0.24268241599202156,0.2422020025551319,0.24383587390184402,0.2397983856499195,0.23888737335801125,0.23955093696713448,0.2407570369541645,0.24205672927200794,0.24525887705385685,0.24614626541733742,0.24641010910272598,0.24798049218952656,0.25047383084893227,0.24974586628377438,0.2456896621733904,0.24442574195563793,0.2449779361486435,0.24109714478254318,0.23950393684208393,0.24033533409237862,0.24714839458465576,0.2511012889444828,0.2504128236323595,0.24693429842591286,0.24647297337651253,0.24644774943590164,0.2497431319206953,0.2544223256409168,0.25587374344468117,0.25620922446250916,0.09642464388161898,0.09063425194472075,0.09119778126478195,0.08622337691485882,0.08544165082275867,0.08725022617727518,0.08248499035835266,0.08658711705356836,0.08616633992642164,0.09015024919062853,0.08623019978404045,0.08670907281339169,0.08261087164282799,0.08271452970802784,0.08466247841715813,0.08569411840289831,0.08672226034104824,0.08784638717770576,0.08380424603819847,0.08199629373848438,0.08319688122719526,0.0811804961413145,0.08099635038524866,0.08054251130670309,0.08189465571194887,0.08434886857867241,0.08146752510219812,0.08093177247792482,0.08108492102473974,0.08211180567741394,0.08627440128475428,0.08735666144639254,0.08754294086247683,0.09034405741840601,0.08729076851159334,0.08328586164861917,0.08545396942645311,0.08573342114686966,0.09049573168158531,0.08829892985522747,0.08644950669258833,0.09011172503232956,0.08949821162968874,0.08669986203312874,0.0842094924300909,0.08744093403220177,0.08881487604230642,0.0962463351232665,0.440475195646286,0.447014182806015,0.44583332538604736,0.44356589019298553,0.4396928921341896,0.433793805539608,0.43946966528892517,0.4450956769287586,0.44384126365184784,0.43685924261808395,0.4345744401216507,0.4308422729372978,0.4344821199774742,0.43345877528190613,0.43713539093732834,0.44209320843219757,0.4340619519352913,0.43434472754597664,0.43982435390353203,0.4403284937143326,0.4413298964500427,0.43880533427000046,0.42896150052547455,0.4177760072052479,0.4212234616279602,0.43261856958270073,0.43619608879089355,0.43198686838150024,0.42533938959240913,0.42453470081090927,0.4382113441824913,0.44215358421206474,0.44156626611948013,0.4387926086783409,0.4344509653747082,0.42602772265672684,0.4283539392054081,0.4402250424027443,0.45361922308802605,0.4411041811108589,0.4240523800253868,0.42182719334959984,0.4245277978479862,0.43128498271107674,0.43082987517118454,0.4343818612396717,0.44098886102437973,0.44796632868903025
LLS_c0,1,11,0.046898841857910156,0.03914421796798706,0.03209388256072998,0.2206801176071167,0.13989150524139404,0.16357392072677612,9.353985786437988,10.019936561584473,3446.82505941391,0.7635518833994865,0.757397398352623,0.7587020099163055,0.7569111958146095,0.7547317072749138,0.7561208680272102,0.7546333521604538,0.7572032436728477,0.7465247213840485,0.7446177899837494,0.7497751042246819,0.7590414360165596,0.7587810233235359,0.7449607327580452,0.7422641441226006,0.7539973631501198,0.7637491971254349,0.7697319909930229,0.763405829668045,0.7544929832220078,0.7552605271339417,0.7502543479204178,0.7550543025135994,0.7464677840471268,0.7292527034878731,0.7307820096611977,0.7546409070491791,0.7700485736131668,0.7670667171478271,0.7558553814888,0.7524043768644333,0.7515300959348679,0.7444687038660049,0.7462060302495956,0.7502500638365746,0.7645192816853523,0.7538025304675102,0.738390751183033,0.7374991327524185,0.7591978758573532,0.7627906650304794,0.7582468837499619,0.7723553702235222,0.7837028503417969,0.7818855717778206,0.762424923479557,0.7571571171283722,0.7589752844401768,0.22775768116116524,0.22525370679795742,0.22531524300575256,0.22458089143037796,0.22473781928420067,0.22566886991262436,0.22564320266246796,0.22395041398704052,0.22141819447278976,0.2198101133108139,0.22282683663070202,0.22521396912634373,0.22541533410549164,0.22358113527297974,0.22325453907251358,0.22270135395228863,0.22403724305331707,0.22455905564129353,0.22649208642542362,0.22789501026272774,0.2290112040936947,0.22519424371421337,0.221605084836483,0.22038866207003593,0.22090594470500946,0.22414367087185383,0.22633000649511814,0.22722338885068893,0.22630364261567593,0.22803865559399128,0.23038000985980034,0.23351007886230946,0.23574530705809593,0.23241746053099632,0.22825595550239086,0.22448314167559147,0.2262483425438404,0.2286410629749298,0.22870543226599693,0.2311978917568922,0.23497020825743675,0.23459727317094803,0.23561634309589863,0.23778067342936993,0.23803560435771942,0.2359833624213934,0.23363204300403595,0.2344411930867604,0.09902135375887156,0.0939787132665515,0.09197218623012304,0.089778371155262,0.09327414724975824,0.09652083273977041,0.09775760490447283,0.09569444414228201,0.09682565368711948,0.09191689360886812,0.09407461155205965,0.09329300746321678,0.08961288072168827,0.09007153194397688,0.09089825674891472,0.08829209581017494,0.09192544408142567,0.09229712281376123,0.09096987638622522,0.0929170548915863,0.09398988168686628,0.09508850798010826,0.09462021943181753,0.09461202844977379,0.09540170058608055,0.09829500503838062,0.09590901620686054,0.0956098921597004,0.09436836186796427,0.09322265535593033,0.09123050048947334,0.09018972795456648,0.09582005348056555,0.09375899843871593,0.09301878418773413,0.08713224623352289,0.08696533180773258,0.09127342887222767,0.09378813300281763,0.09254317451268435,0.09205267950892448,0.09193966444581747,0.09105044789612293,0.09122203849256039,0.09030807670205832,0.08911403175443411,0.09130854718387127,0.08984604265008654,0.4603569991886616,0.46341049298644066,0.46366705000400543,0.4598345123231411,0.4549276754260063,0.455195777118206,0.45832634344697,0.4603092037141323,0.46211885288357735,0.4562612473964691,0.4514399878680706,0.45108193904161453,0.4553607925772667,0.46772632002830505,0.4600145220756531,0.4455599822103977,0.436078492552042,0.4391758292913437,0.44817742332816124,0.44845524802803993,0.44576623290777206,0.4446777366101742,0.4504495859146118,0.4552764520049095,0.46297745034098625,0.46368031948804855,0.4532959721982479,0.447110902518034,0.43713146448135376,0.43821878731250763,0.4438752420246601,0.4452824704349041,0.449214868247509,0.4605857729911804,0.4588450901210308,0.45335450768470764,0.4543337896466255,0.45724207162857056,0.46009527519345284,0.45072727277874947,0.4395284205675125,0.4380272850394249,0.43484818935394287,0.4384748637676239,0.44008971750736237,0.4395945854485035,0.44432882592082024,0.44287636450358797
LLS_c0,0,12,0.13924413919448853,0.05757641792297363,0.11832845211029053,0.3117419481277466,0.21595430374145508,0.2803053855895996,10.042932510375977,8.974105834960938,1837.595790863037,0.41268618777394295,0.4104016236960888,0.3782692700624466,0.39880235865712166,0.40229304879903793,0.409798976033926,0.3911439813673496,0.4131685383617878,0.4063832424581051,0.4216508977115154,0.422540083527565,0.419162318110466,0.3887118212878704,0.3945259377360344,0.4177178256213665,0.418532058596611,0.41684310883283615,0.42447688803076744,0.44715549051761627,0.47854576632380486,0.4553341753780842,0.4586563967168331,0.3999783545732498,0.41555553674697876,0.4375951327383518,0.43250996619462967,0.4132028929889202,0.45105328410863876,0.4589642696082592,0.41417672112584114,0.4372261241078377,0.43597157299518585,0.35360846668481827,0.41325028985738754,0.40860411897301674,0.410764891654253,0.4072735607624054,0.41470035910606384,0.4322025738656521,0.44720250740647316,0.41244473680853844,0.40982621163129807,0.4134734347462654,0.4285840094089508,0.42900070548057556,0.44929682090878487,0.4255288541316986,0.3946116438933781,0.23791473545134068,0.2332399059087038,0.2502158973366022,0.23751080967485905,0.2382749281823635,0.23331547901034355,0.23236211575567722,0.21751854196190834,0.21863201819360256,0.2258353177458048,0.23764861561357975,0.2387835718691349,0.2348911575973034,0.24137446656823158,0.23917045071721077,0.23712964914739132,0.23286079987883568,0.23349108919501305,0.23916030302643776,0.23178880475461483,0.22789908573031425,0.25015195459127426,0.24664301984012127,0.23851275071501732,0.23183788545429707,0.23754041083157063,0.24976520612835884,0.24619498290121555,0.2362294141203165,0.2526253927499056,0.2478786576539278,0.2416156828403473,0.25330907106399536,0.23547874949872494,0.22915721125900745,0.222322354093194,0.21946154907345772,0.22396090626716614,0.23069440387189388,0.2364275772124529,0.23125451244413853,0.2301128450781107,0.23611383698880672,0.23625695332884789,0.23900840990245342,0.23982420191168785,0.2430671975016594,0.249683712209974,0.14227732084691525,0.13491195812821388,0.12395699694752693,0.13252343237400055,0.14033340848982334,0.13879402354359627,0.13089405372738838,0.14103329740464687,0.14063963666558266,0.14066890254616737,0.14389423467218876,0.14625015296041965,0.14259136468172073,0.13747242279350758,0.13270851038396358,0.13818127289414406,0.140320198610425,0.13707029446959496,0.13112583383917809,0.13837437331676483,0.13841890171170235,0.15543625690042973,0.15747486986219883,0.14982568100094795,0.14177525602281094,0.1317661926150322,0.13414319697767496,0.13702142238616943,0.13242137990891933,0.12576254829764366,0.12926946580410004,0.1324449758976698,0.11327017564326525,0.13702791929244995,0.1355095412582159,0.13171150162816048,0.12983114272356033,0.1334141455590725,0.14409946464002132,0.14639935456216335,0.13567236810922623,0.13741575926542282,0.14032528549432755,0.1420548688620329,0.13829375989735126,0.14385592006146908,0.14465813897550106,0.1356371364423207,0.4655349999666214,0.46006517484784126,0.453333992511034,0.454340323805809,0.4607543684542179,0.45600661262869835,0.441911730915308,0.468332402408123,0.4688887447118759,0.4653494209051132,0.4605928771197796,0.4534619674086571,0.45538223534822464,0.4460708871483803,0.43209994956851006,0.43281351774930954,0.43757765740156174,0.43409787863492966,0.42920368164777756,0.41675854474306107,0.4346049502491951,0.42056073620915413,0.4507841020822525,0.4251023270189762,0.41482431814074516,0.4286406747996807,0.4540409483015537,0.44014792516827583,0.428988691419363,0.4337126612663269,0.42903629690408707,0.4267025291919708,0.4301236644387245,0.4498094469308853,0.45385001972317696,0.4540005065500736,0.4552905820310116,0.45489880815148354,0.4521157518029213,0.44003776460886,0.4546738788485527,0.44316835328936577,0.4274592399597168,0.4229195676743984,0.4217238649725914,0.4317554756999016,0.4438709504902363,0.43822050946099417
LLS_c0,1,12,0.08460062742233276,0.00015085935592651367,0.008477091789245605,0.1581546664237976,0.11479878425598145,0.11754864454269409,11.0587797164917,8.19184398651123,3400.768572807312,0.49569277092814445,0.5005740001797676,0.5082131028175354,0.5230311825871468,0.5241313725709915,0.49078959971666336,0.4592662788927555,0.4617231748998165,0.4848022758960724,0.49942678213119507,0.5203403607010841,0.5074861720204353,0.4225052334368229,0.46528689563274384,0.4899987243115902,0.4989927224814892,0.4683980979025364,0.4864352121949196,0.4911726638674736,0.47155461087822914,0.4533914253115654,0.478190291672945,0.4909389093518257,0.4893227480351925,0.48158343881368637,0.4707338213920593,0.4678591750562191,0.45401817187666893,0.45852676406502724,0.4672343209385872,0.47885483875870705,0.4856903553009033,0.4832020252943039,0.49574336409568787,0.48420804738998413,0.49127041175961494,0.48118340596556664,0.4860997572541237,0.48295988142490387,0.4827587530016899,0.4922522343695164,0.49676526337862015,0.5101168751716614,0.5042083188891411,0.5207514390349388,0.4707500897347927,0.5200373753905296,0.5261657323156085,0.26293015852570534,0.25814739242196083,0.25518353655934334,0.25244685262441635,0.2550875023007393,0.25107924453914165,0.24311243370175362,0.24968883022665977,0.24925455823540688,0.2570110186934471,0.25564510375261307,0.2527289427816868,0.24299101158976555,0.25366608053445816,0.25525975599884987,0.2510994169861078,0.25202167220413685,0.24490030482411385,0.2475393358618021,0.2435981873422861,0.2470642440021038,0.25621940940618515,0.2564954645931721,0.25077130272984505,0.24666651524603367,0.25255981646478176,0.2480846755206585,0.243633596226573,0.24135960079729557,0.25250031240284443,0.26481204852461815,0.250603586435318,0.24807866103947163,0.26556215435266495,0.261297769844532,0.26051852107048035,0.24993379227817059,0.25191579572856426,0.2548493556678295,0.25226961448788643,0.2548794634640217,0.2567662186920643,0.2659791670739651,0.2615940794348717,0.26028867065906525,0.25724709779024124,0.2633795142173767,0.26261826498167856,0.11966358684003353,0.118042953312397,0.11400813795626163,0.10974046401679516,0.11387648805975914,0.12481983471661806,0.1331022772938013,0.12402175273746252,0.11940961144864559,0.11593880131840706,0.12069224566221237,0.11657417006790638,0.11949913296848536,0.13041135761886835,0.13716124184429646,0.1401475053280592,0.13277905527502298,0.13428559247404337,0.130979984998703,0.12405320070683956,0.12403160706162453,0.12693055998533964,0.13110945001244545,0.12841799389570951,0.12733113765716553,0.1285284785553813,0.131156824529171,0.1337833795696497,0.13338075019419193,0.13410776108503342,0.13782774284482002,0.1308971680700779,0.13077973201870918,0.11604600679129362,0.12309500202536583,0.12276070658117533,0.12464209832251072,0.12603174522519112,0.13308809325098991,0.14289337024092674,0.1360499169677496,0.13917103968560696,0.14414568431675434,0.1418947372585535,0.14141597971320152,0.13380449637770653,0.13069162890315056,0.12591417240245,0.47299350425601006,0.4711825028061867,0.4679042361676693,0.4685100317001343,0.45909711718559265,0.4726099595427513,0.4750053212046623,0.43300430104136467,0.44259948655962944,0.449119508266449,0.45109961554408073,0.46797091513872147,0.48747653514146805,0.46911270543932915,0.4222446456551552,0.41484952718019485,0.4169308766722679,0.43514930084347725,0.45325562357902527,0.4495666101574898,0.441184151917696,0.436613243073225,0.44671545922756195,0.4429594352841377,0.4572758860886097,0.46685999631881714,0.4693467430770397,0.47334932535886765,0.4676685780286789,0.46048619970679283,0.44548482820391655,0.46857842803001404,0.4817161113023758,0.4630108028650284,0.4561513066291809,0.4445078521966934,0.45557020232081413,0.4622693173587322,0.47248706966638565,0.4572652615606785,0.4471583068370819,0.4410056732594967,0.43831176683306694,0.4555373787879944,0.4369354583323002,0.43967630341649055,0.4206835590302944,0.4212108680180141
LLS_c0,0,13,0.04244649410247803,0.017319321632385254,0.014958858489990234,0.07533299922943115,0.024514436721801758,0.04057455062866211,3.585578680038452,4.331548690795898,1842.6737003326416,0.6170306578278542,0.625166654586792,0.62073964625597,0.6129219308495522,0.5988617911934853,0.5895078033208847,0.5957170873880386,0.5961930528283119,0.5922950208187103,0.5927151441574097,0.5953881144523621,0.604708693921566,0.6105433702468872,0.6085512712597847,0.6076875403523445,0.6036479100584984,0.5964381322264671,0.6000732332468033,0.6104585528373718,0.6137173846364021,0.6011328622698784,0.60337183624506,0.5987844467163086,0.6005859896540642,0.5997457280755043,0.5981383621692657,0.6084891483187675,0.6065426841378212,0.6124551817774773,0.6299964189529419,0.622380867600441,0.6013148128986359,0.5891591012477875,0.6054904833436012,0.6164169237017632,0.6047789454460144,0.6021562144160271,0.5969969034194946,0.5984582826495171,0.6102624014019966,0.6169573962688446,0.6060588508844376,0.6019930243492126,0.611644946038723,0.6391294822096825,0.6426538378000259,0.6176956966519356,0.5846398728234428,0.26531292498111725,0.2712405137717724,0.2733641006052494,0.27602284401655197,0.2791946604847908,0.2760957181453705,0.2699437588453293,0.26757272705435753,0.2704593501985073,0.26981624960899353,0.2704533189535141,0.2690449133515358,0.26945753768086433,0.2704075574874878,0.26937321200966835,0.2729795537889004,0.2754456698894501,0.2752506285905838,0.279097605496645,0.27343324944376945,0.27400827780365944,0.27349448576569557,0.27183377742767334,0.2703757956624031,0.26652316376566887,0.26150131970643997,0.2684417739510536,0.2747222110629082,0.2777860090136528,0.27585072070360184,0.2793459817767143,0.2828000709414482,0.2810814566910267,0.26309115439653397,0.2669719569385052,0.2721624784171581,0.27336616814136505,0.2738228216767311,0.2696424759924412,0.27550289407372475,0.2734365575015545,0.27294855937361717,0.27152853086590767,0.2723555266857147,0.272430919110775,0.2789231948554516,0.28250839188694954,0.28119243468557087,0.13647025264799595,0.12511273473501205,0.11922842916101217,0.12051241844892502,0.12381421495229006,0.12856906652450562,0.129523491486907,0.12617900408804417,0.1277816705405712,0.12968378141522408,0.13294283114373684,0.12867123633623123,0.12418076116591692,0.12725555431097746,0.1302871946245432,0.1295652836561203,0.1296146921813488,0.13500567339360714,0.1325032375752926,0.13479728251695633,0.13953461684286594,0.13692598789930344,0.13686737604439259,0.14076545275747776,0.14135767705738544,0.14057739451527596,0.14620320685207844,0.15052425302565098,0.14010577648878098,0.13713869266211987,0.1359312180429697,0.13436544500291348,0.13377009518444538,0.13474589958786964,0.13524755463004112,0.13786436431109905,0.13669092021882534,0.13932793773710728,0.14327892288565636,0.14184240996837616,0.1407116837799549,0.14591507241129875,0.14696890115737915,0.14566385373473167,0.14584376849234104,0.1390484981238842,0.12635192181915045,0.11905330525977272,0.478373896330595,0.4593278616666794,0.45927249640226364,0.4595753699541092,0.463824138045311,0.47810153663158417,0.480652891099453,0.48066557571291924,0.4791770316660404,0.4781591258943081,0.47432930767536163,0.47151651978492737,0.47511839494109154,0.4773300103843212,0.4730256386101246,0.4681396409869194,0.47267287224531174,0.4766852967441082,0.4643094390630722,0.4706048332154751,0.4761985093355179,0.47459106519818306,0.4805842414498329,0.48111290484666824,0.4829401634633541,0.4828348681330681,0.4693051800131798,0.46682940050959587,0.4661950282752514,0.4639645703136921,0.4616778865456581,0.46761690452694893,0.47721345722675323,0.4764263220131397,0.4650562182068825,0.4738481007516384,0.4756002314388752,0.4749440886080265,0.4753231070935726,0.46332796663045883,0.46313029900193214,0.46516089886426926,0.46929097175598145,0.4621645249426365,0.4523747190833092,0.44511274993419647,0.4475768432021141,0.4756802959101541
LLS_c0,1,13,0.03329741954803467,0.036533236503601074,0.03875082731246948,-0.00977480411529541,0.018293797969818115,-0.024857163429260254,4.487650394439697,4.7133965492248535,3652.1225056648254,0.6488398760557175,0.6510367393493652,0.6508215516805649,0.6479149460792542,0.6444448381662369,0.6362020745873451,0.6273578479886055,0.6285948008298874,0.6202810704708099,0.619921863079071,0.6293196305632591,0.6289849802851677,0.6393550038337708,0.6414932683110237,0.6414034143090248,0.6486169844865799,0.6416942775249481,0.6449503228068352,0.6489017531275749,0.6520471423864365,0.6435223817825317,0.6445202082395554,0.64725511521101,0.6476361900568008,0.6444493308663368,0.6353580355644226,0.633530855178833,0.630387507379055,0.6389655843377113,0.6588937118649483,0.6585971638560295,0.6448307409882545,0.6293325647711754,0.6407520920038223,0.6421194896101952,0.6429777815937996,0.6385226920247078,0.6223298758268356,0.6056462526321411,0.6201115623116493,0.6437044218182564,0.6442419737577438,0.6406015828251839,0.6394305229187012,0.6413626596331596,0.6550891548395157,0.6519411578774452,0.6425778950963702,0.26391953974962234,0.26429903507232666,0.26153700053691864,0.2631920278072357,0.26546410843729973,0.2695940099656582,0.2724226675927639,0.26292697712779045,0.2582503743469715,0.2647402137517929,0.2614137940108776,0.2649988532066345,0.2677907533943653,0.271266832947731,0.2683956064283848,0.26928816735744476,0.27073105052113533,0.26186559721827507,0.2671419829130173,0.2666699178516865,0.27047134190797806,0.26854221522808075,0.26724015176296234,0.2655574567615986,0.2676937021315098,0.26711564883589745,0.2707541286945343,0.2650929093360901,0.2662396617233753,0.27127064764499664,0.27141620963811874,0.27387685328722,0.26787853613495827,0.26128705963492393,0.25864746794104576,0.2619970068335533,0.2638821341097355,0.26281898841261864,0.2654820494353771,0.2715667858719826,0.26868198439478874,0.2651463449001312,0.26875292882323265,0.2677149027585983,0.2664281614124775,0.2693239040672779,0.27480601891875267,0.27295435326439993,0.11005999334156513,0.10302119888365269,0.10037111304700375,0.10043312516063452,0.10394184943288565,0.106861368753016,0.10258737485855818,0.10015659779310226,0.10321129485964775,0.1042110975831747,0.10426378343254328,0.10430200211703777,0.10493625793606043,0.1027782903984189,0.10192931722849607,0.10016129445284605,0.10172944143414497,0.10747494921088219,0.10650513507425785,0.10693891625851393,0.10768400225788355,0.10760039556771517,0.10678169503808022,0.10389585234224796,0.10362510569393635,0.1074809031561017,0.1144248703494668,0.11920466832816601,0.11365021951496601,0.11313838884234428,0.11256751790642738,0.11260841600596905,0.10870026890188456,0.10573413129895926,0.10118037927895784,0.10651141870766878,0.10879676416516304,0.10871616750955582,0.1073453463613987,0.10839712247252464,0.10248787701129913,0.10738224536180496,0.1145624378696084,0.11798827908933163,0.11685768235474825,0.11263690609484911,0.1117987921461463,0.10974017424242836,0.49842432513833046,0.4929172396659851,0.4923766814172268,0.4906145967543125,0.48553159087896347,0.49313776567578316,0.4897765927016735,0.4945138841867447,0.5050563141703606,0.4922955632209778,0.4917512759566307,0.49306520819664,0.4922851398587227,0.49074508249759674,0.4897261708974838,0.48110783100128174,0.4858977198600769,0.4949600286781788,0.4857999011874199,0.48601601272821426,0.48246873542666435,0.4730633608996868,0.4804091081023216,0.48710034787654877,0.4861754737794399,0.4843512177467346,0.47962142527103424,0.49249862879514694,0.49459975212812424,0.4724407456815243,0.4684794507920742,0.4764638654887676,0.4928790293633938,0.4970289617776871,0.497724961489439,0.4892714209854603,0.4910292290151119,0.49539814889431,0.5078434273600578,0.49105603620409966,0.4892957992851734,0.4947633557021618,0.4874275326728821,0.48963524401187897,0.497517604380846,0.49340027943253517,0.48206542059779167,0.48247602581977844
LLS_c0,0,14,0.04087495803833008,0.04538929462432861,0.024810731410980225,0.024452805519104004,0.017762601375579834,0.011503279209136963,3.990450382232666,4.147756099700928,1843.4402298927307,0.7697864919900894,0.7497775256633759,0.7364896982908249,0.7333501055836678,0.7298899963498116,0.7282832860946655,0.7296535894274712,0.7251858338713646,0.7265186607837677,0.7239822819828987,0.7242417261004448,0.7268530055880547,0.7377200722694397,0.7376617789268494,0.7385843321681023,0.7140574529767036,0.715539887547493,0.7355295121669769,0.7547480911016464,0.7383015304803848,0.7236076220870018,0.7129428833723068,0.7190611883997917,0.7052087485790253,0.7085627242922783,0.7296425029635429,0.7203541770577431,0.7192495539784431,0.7243755385279655,0.7292548045516014,0.7315602898597717,0.714094378054142,0.7087417468428612,0.7494968548417091,0.7408247366547585,0.7096814513206482,0.7212561815977097,0.7294850572943687,0.7236853614449501,0.7071889415383339,0.7037998959422112,0.7013377398252487,0.6906430870294571,0.7155245989561081,0.7370227053761482,0.7558676302433014,0.7319325879216194,0.7151058486529759,0.22390948608517647,0.21499068848788738,0.2056140061467886,0.21761849522590637,0.21795697510242462,0.20712546445429325,0.2200281172990799,0.21288590505719185,0.21273458562791348,0.2185020074248314,0.21538705378770828,0.21315482817590237,0.20922314003109932,0.21522825211286545,0.21354056522250175,0.2175362929701805,0.22656337171792984,0.21470654010772705,0.21603384241461754,0.22170115262269974,0.21150213479995728,0.22175192646682262,0.21893956698477268,0.21606681123375893,0.2027553915977478,0.20876792632043362,0.2055626343935728,0.2087619286030531,0.21202972531318665,0.21234208531677723,0.208461444824934,0.2106985431164503,0.2241997104138136,0.21957118064165115,0.21440701931715012,0.2110762782394886,0.2171669714152813,0.2179642040282488,0.223648177459836,0.21268045715987682,0.21345356479287148,0.22050193697214127,0.22515696845948696,0.22448825277388096,0.22117773443460464,0.2214254681020975,0.2265966273844242,0.22499083834035055,0.09609988238662481,0.10198034066706896,0.10027369484305382,0.0965600311756134,0.10142421908676624,0.10837349202483892,0.1010335860773921,0.10388561990112066,0.10331044346094131,0.10322964936494827,0.10830660071223974,0.10396467056125402,0.09948590025305748,0.10016997531056404,0.10373594611883163,0.10989809595048428,0.10170806758105755,0.09772187657654285,0.10506505612283945,0.10815544053912163,0.10616326052695513,0.10500589106231928,0.10619487334042788,0.10708414856344461,0.10486690606921911,0.09778147749602795,0.10073277447372675,0.10283303447067738,0.10103599913418293,0.10807354934513569,0.10521114524453878,0.11043180618435144,0.09620178584009409,0.09150531888008118,0.10771350376307964,0.10499399155378342,0.09528092201799154,0.10311669856309891,0.10157698299735785,0.10210368689149618,0.10082394164055586,0.10125329811125994,0.10937792342156172,0.10470767877995968,0.10138156730681658,0.10432993434369564,0.11073750257492065,0.104646768953119,0.27975961193442345,0.2627023458480835,0.25316329300403595,0.2699340060353279,0.2780916430056095,0.27455808594822884,0.28893402591347694,0.281025480479002,0.27384066954255104,0.2849135920405388,0.27998101338744164,0.2731441892683506,0.271636676043272,0.27533429116010666,0.2774637006223202,0.27730046957731247,0.28611111268401146,0.2748602218925953,0.26835574954748154,0.2802894525229931,0.2770959623157978,0.2883174419403076,0.2805491089820862,0.27279380708932877,0.2681736387312412,0.2779962942004204,0.272990345954895,0.27409519255161285,0.27376721054315567,0.26734352856874466,0.2717060036957264,0.27954139560461044,0.2978995852172375,0.28979765996336937,0.27320417761802673,0.269077867269516,0.2836691774427891,0.2893233709037304,0.2922707013785839,0.2812791056931019,0.28936419263482094,0.2889164723455906,0.2905386723577976,0.2886745408177376,0.2892395853996277,0.2837407812476158,0.27837734296917915,0.2830852227551596
LLS_c0,1,14,0.034291625022888184,0.043860554695129395,0.02663707733154297,0.05549055337905884,0.04341161251068115,0.05510389804840088,3.835876703262329,3.996943712234497,5682.310043334961,0.7561179623007774,0.7492509409785271,0.7331074178218842,0.7118409648537636,0.704671137034893,0.7078545838594437,0.7158360779285431,0.7207380682229996,0.7166793569922447,0.7326503694057465,0.7186799868941307,0.6960867866873741,0.6737512275576591,0.6587444692850113,0.6559777185320854,0.6798515766859055,0.66909209638834,0.6695158034563065,0.6980645135045052,0.7032863944768906,0.6961617022752762,0.6759656518697739,0.6735793948173523,0.6788811609148979,0.6806137636303902,0.6893699988722801,0.6993922889232635,0.6965939551591873,0.6883781850337982,0.6971438825130463,0.6931504085659981,0.6817412674427032,0.6694329977035522,0.721756599843502,0.7147610485553741,0.7207241579890251,0.7198473811149597,0.7065038457512856,0.7022367417812347,0.6965497806668282,0.6939716711640358,0.6922096163034439,0.6921264976263046,0.7048745378851891,0.7348121479153633,0.7367189303040504,0.7288773283362389,0.7193502528326852,0.26712553948163986,0.2321567814797163,0.22159313410520554,0.21919617988169193,0.22553414106369019,0.23818496242165565,0.245987419039011,0.2348387110978365,0.22392039373517036,0.21971102245151997,0.22810220904648304,0.2482877168804407,0.2453196719288826,0.23902053199708462,0.22461308911442757,0.21662188321352005,0.2152580637484789,0.22671404108405113,0.231262793764472,0.23723221011459827,0.2422939781099558,0.2364643905311823,0.23330912180244923,0.22081684693694115,0.21569754742085934,0.22301016747951508,0.2258424460887909,0.23664333298802376,0.24346395581960678,0.22847980260849,0.23497734405100346,0.24277912639081478,0.243862671777606,0.2580825239419937,0.24472815729677677,0.24492939934134483,0.2420180607587099,0.2430757749825716,0.24821720086038113,0.24012761935591698,0.23763039149343967,0.24943352490663528,0.24963373132050037,0.2404149267822504,0.238363740965724,0.24438737146556377,0.24317291006445885,0.23983129007475718,0.09163575246930122,0.10445664077997208,0.10144833661615849,0.10097790509462357,0.09928551502525806,0.09965413436293602,0.09797319490462542,0.0952496575191617,0.09703336656093597,0.09534364845603704,0.09772031288594007,0.10347715672105551,0.11000203341245651,0.11351894494146109,0.11584313679486513,0.11325104255229235,0.11256523057818413,0.10925902798771858,0.11057702172547579,0.11478802096098661,0.11836219485849142,0.11621451005339622,0.11594176385551691,0.11160496715456247,0.11102105118334293,0.115162025205791,0.1228826167061925,0.1200374262407422,0.11640281416475773,0.11528368107974529,0.11427381914108992,0.11429425980895758,0.11384041886776686,0.09378839004784822,0.10526791214942932,0.10118428524583578,0.0922301895916462,0.10058114118874073,0.10404378734529018,0.10615159664303064,0.10423708241432905,0.10073729697614908,0.10792857874184847,0.10636133514344692,0.10050656739622355,0.10289485100656748,0.10811410378664732,0.10610784164496831,0.28483064100146294,0.2486027516424656,0.239098085090518,0.2374673020094633,0.24526889622211456,0.25960158184170723,0.26861758902668953,0.260494127869606,0.2629281282424927,0.26362980157136917,0.2678101398050785,0.27958715707063675,0.2756853923201561,0.27181650698184967,0.25979118049144745,0.24090910144150257,0.23896959982812405,0.24633466638624668,0.24866800755262375,0.25816937163472176,0.27250393852591515,0.2789043225347996,0.2693951278924942,0.2521621622145176,0.25399998389184475,0.2700607441365719,0.2720349393785,0.27666477859020233,0.28630540519952774,0.2769910432398319,0.2762095257639885,0.2841004841029644,0.28641563653945923,0.29873110353946686,0.28161171078681946,0.27511288598179817,0.26756592094898224,0.27529292181134224,0.28829343616962433,0.27504026144742966,0.2668740674853325,0.2765294723212719,0.28104108572006226,0.2682436667382717,0.26470886543393135,0.26735126972198486,0.2724168375134468,0.27348582659448895
LLS_c0,0,15,0.031090080738067627,0.01679915189743042,0.019338905811309814,0.05503588914871216,0.07696586847305298,0.06264978647232056,8.889444351196289,8.21739673614502,1833.4528119564056,0.6674846187233925,0.6499307528138161,0.6497894152998924,0.6689831092953682,0.6682364344596863,0.6618614569306374,0.6391999572515488,0.6354689598083496,0.620082214474678,0.6170803532004356,0.625655360519886,0.6257174834609032,0.6214987859129906,0.6139227673411369,0.6120653674006462,0.6195845305919647,0.6314499005675316,0.6310419216752052,0.6335245221853256,0.6464360877871513,0.6288180649280548,0.6236354187130928,0.6242591962218285,0.6346602737903595,0.6342031359672546,0.6342947483062744,0.652979388833046,0.6702746674418449,0.6729283928871155,0.6648121178150177,0.6555221155285835,0.6538530439138412,0.6573483496904373,0.6690748184919357,0.6466368436813354,0.6406728699803352,0.6576723158359528,0.6640335619449615,0.655182346701622,0.6307160630822182,0.6012064293026924,0.5937646180391312,0.609919548034668,0.6263680309057236,0.6554568335413933,0.6623363867402077,0.6644724383950233,0.6491435085024152,0.20623236522078514,0.21260952204465866,0.21345938555896282,0.2138297725468874,0.2175461482256651,0.21783641166985035,0.2095356546342373,0.20795441791415215,0.2094472236931324,0.21047252975404263,0.21263650245964527,0.21043612249195576,0.215665552765131,0.21633038856089115,0.2151777558028698,0.21910067461431026,0.22189870849251747,0.21892043016850948,0.21593164652585983,0.21135731786489487,0.2158801183104515,0.2153306920081377,0.2110858540982008,0.21619262360036373,0.22299298644065857,0.2184417936950922,0.21406140364706516,0.21354881301522255,0.215776477009058,0.21505331993103027,0.2129268441349268,0.21527411043643951,0.2151431031525135,0.20238065533339977,0.20899024233222008,0.20870096422731876,0.21279153041541576,0.22158221155405045,0.22284803912043571,0.22334419563412666,0.22354763746261597,0.2248207274824381,0.22689721547067165,0.22121696546673775,0.2175188958644867,0.21653138473629951,0.21432185918092728,0.21325652514185225,0.06805792078375816,0.0698329545557499,0.07142395060509443,0.07426679041236639,0.07595968898385763,0.07863079383969307,0.07489382941275835,0.0734873628243804,0.07397235091775656,0.07299602683633566,0.07218138035386801,0.07295000739395618,0.07470755744725466,0.07471879106014967,0.07201121281832457,0.07216165494173765,0.07407031394541264,0.07075629569590092,0.07210611365735531,0.07301913388073444,0.07275571674108505,0.07435366790741682,0.07313888799399137,0.07703698892146349,0.07891746144741774,0.07689882256090641,0.07783915847539902,0.07916110754013062,0.0824291193857789,0.08228381630033255,0.07859794329851866,0.07955054566264153,0.07943131029605865,0.06825351156294346,0.06964666675776243,0.07278516050428152,0.08162163943052292,0.08930268790572882,0.08529962599277496,0.08440219983458519,0.08295540511608124,0.08401705976575613,0.08935869112610817,0.08545526675879955,0.08306687511503696,0.08075934369117022,0.07905138097703457,0.08016252517700195,0.45092859119176865,0.45803218707442284,0.4586717188358307,0.4412389323115349,0.4355005472898483,0.44083527103066444,0.47822364419698715,0.4667704850435257,0.4554871544241905,0.4591618850827217,0.47446421533823013,0.4735584035515785,0.47701600566506386,0.476501427590847,0.47647204995155334,0.468153715133667,0.45605210587382317,0.4592464789748192,0.4624241106212139,0.4592127278447151,0.47041693702340126,0.4648558720946312,0.47678039968013763,0.48281822726130486,0.4675207734107971,0.46021318808197975,0.44933171570301056,0.44608772173523903,0.44788843393325806,0.4497745931148529,0.4535427652299404,0.4467102885246277,0.4467693828046322,0.4426065757870674,0.4455464594066143,0.4476429745554924,0.44370442628860474,0.4493635781109333,0.4539838247001171,0.4474021829664707,0.4485541023313999,0.45375217869877815,0.44547467306256294,0.4303905852138996,0.42121627554297447,0.42047323659062386,0.4204782210290432,0.44108204330716816
LLS_c0,1,15,0.043573617935180664,0.012660384178161621,0.002747774124145508,0.06331276893615723,0.02043461799621582,0.03885531425476074,5.372739791870117,5.490239143371582,3451.986354827881,0.6845919489860535,0.6838390901684761,0.6892854571342468,0.69887325912714,0.690861314535141,0.67958664894104,0.6815206184983253,0.6806220188736916,0.6794729828834534,0.6578797549009323,0.6474099159240723,0.6418969482183456,0.6443519368767738,0.6478452235460281,0.6523900404572487,0.66766557097435,0.6805186048150063,0.6809754967689514,0.6717402711510658,0.6645916178822517,0.6555458679795265,0.653056763112545,0.662394180893898,0.6648125126957893,0.6498669162392616,0.6480138078331947,0.6530693769454956,0.6662554293870926,0.6654728651046753,0.6741462051868439,0.6868167445063591,0.6726134121417999,0.6471626162528992,0.6667258590459824,0.6858483254909515,0.7024461999535561,0.6848317161202431,0.6515743434429169,0.6399174332618713,0.6467995420098305,0.6622655987739563,0.6736215800046921,0.6728000789880753,0.674305833876133,0.67919060587883,0.6814771965146065,0.6729498580098152,0.6552896840231759,0.22502566687762737,0.2219376415014267,0.2191315647214651,0.21863223612308502,0.22196832299232483,0.2213094886392355,0.22103426791727543,0.2193650621920824,0.21734810061752796,0.2197491992264986,0.22095760330557823,0.2186068780720234,0.21534285694360733,0.21359159797430038,0.21087859012186527,0.21359320357441902,0.2189525831490755,0.2194497175514698,0.21950290352106094,0.21840288303792477,0.22047588229179382,0.22125937417149544,0.21716740727424622,0.21343535371124744,0.21423118747770786,0.21758507378399372,0.22082396037876606,0.2249190378934145,0.2268476728349924,0.23011506348848343,0.23469100520014763,0.24030750058591366,0.23733626678586006,0.22371086478233337,0.22821084782481194,0.22930566035211086,0.22932690009474754,0.23180829174816608,0.23123625665903091,0.23210099153220654,0.23345795646309853,0.22897692397236824,0.22771331295371056,0.22777553834021091,0.2334812544286251,0.23532608710229397,0.23447123728692532,0.22739537273134505,0.069167903624475,0.06956768222153187,0.06747433729469776,0.0658754538744688,0.06815678626298904,0.07211939804255962,0.06892391294240952,0.0669372770935297,0.06679221149533987,0.07042043935507536,0.07465729117393494,0.07440426386892796,0.06946952734142542,0.06785386893898249,0.06579118221998215,0.06521761137992144,0.06829836219549179,0.06639172788709402,0.06845223251730204,0.06843296904116869,0.07056913059204817,0.07094470225274563,0.07046318706125021,0.06965415738523006,0.06821986567229033,0.07014206703752279,0.07152042351663113,0.0748099721968174,0.07421925570815802,0.0747617557644844,0.0749030476436019,0.07470363937318325,0.0707865571603179,0.06639606598764658,0.06737381126731634,0.06803909130394459,0.06519545614719391,0.06945895310491323,0.0698073972016573,0.07030100375413895,0.07025911007076502,0.07004463579505682,0.06994378007948399,0.07116071321070194,0.07563752215355635,0.07868974097073078,0.07794679049402475,0.07686658310038703,0.44716092571616173,0.44176842272281647,0.4365883804857731,0.4282887391746044,0.4305398128926754,0.4367149956524372,0.4307521805167198,0.43029602244496346,0.43971529230475426,0.46370677649974823,0.4659249261021614,0.4539433717727661,0.449810516089201,0.44476718083024025,0.4419240169227123,0.4305958040058613,0.4279782138764858,0.43297332525253296,0.4334959052503109,0.4296759366989136,0.4362136237323284,0.4437623620033264,0.435965109616518,0.4203474596142769,0.42466090619564056,0.4384886994957924,0.4439597502350807,0.4324824623763561,0.43046748265624046,0.43123625591397285,0.4293473809957504,0.43131085112690926,0.43232736364006996,0.43952035158872604,0.4377557449042797,0.4207124412059784,0.4129271171987057,0.4193151406943798,0.42275218665599823,0.4239812418818474,0.4215005002915859,0.4208046421408653,0.4229147434234619,0.4219416677951813,0.4243381768465042,0.42999855801463127,0.43930111825466156,0.44639329399381367
LLS_c0,0,16,0.017437517642974854,0.020521223545074463,0.005342423915863037,0.07173997163772583,0.03971129655838013,0.04041695594787598,10.574544906616211,10.278230667114258,1844.2604713439941,0.6095181480050087,0.5777541995048523,0.5626216158270836,0.5428754240274429,0.547678105533123,0.5486755892634392,0.5274287313222885,0.5190550312399864,0.5428966730833054,0.5232791900634766,0.5205468386411667,0.5017642043530941,0.4895007349550724,0.511367741972208,0.5264140069484711,0.5248957574367523,0.511899322271347,0.4961686059832573,0.5214798450469971,0.5165798962116241,0.5229679569602013,0.5394162237644196,0.5028984360396862,0.4954463131725788,0.5065791681408882,0.5146212577819824,0.5067425183951855,0.5126044377684593,0.504273135215044,0.49759798496961594,0.5086730904877186,0.5014939047396183,0.5132574364542961,0.5791932791471481,0.5549351051449776,0.5468863472342491,0.5132545456290245,0.5037425830960274,0.4853166379034519,0.47881651669740677,0.4880485497415066,0.5044385977089405,0.5133430324494839,0.5144194141030312,0.5095172598958015,0.5200720131397247,0.5147060118615627,0.5359742641448975,0.301068227738142,0.30206671357154846,0.3088828958570957,0.31090736761689186,0.30861156433820724,0.2968095541000366,0.2869606241583824,0.2847633957862854,0.3068854287266731,0.3006071150302887,0.31375615298748016,0.29612501338124275,0.29636604338884354,0.29520462080836296,0.29100437089800835,0.2880678288638592,0.28657127916812897,0.28928443789482117,0.2996220476925373,0.30315303057432175,0.30360371991991997,0.30616074055433273,0.3039059080183506,0.30026743933558464,0.2963225953280926,0.2942465916275978,0.29884595051407814,0.30004845559597015,0.30308961495757103,0.3055429309606552,0.31175560504198074,0.3002309761941433,0.29290834069252014,0.29119839146733284,0.28713223338127136,0.29688185453414917,0.3091881722211838,0.31042231246829033,0.29538678750395775,0.29152795672416687,0.2943741977214813,0.29607846215367317,0.29472072795033455,0.3017719089984894,0.2987040765583515,0.30273155868053436,0.30067985877394676,0.3032322824001312,0.12244853004813194,0.11231215763837099,0.10648477636277676,0.09328113961964846,0.08254852518439293,0.08844112325459719,0.08189821802079678,0.0745276091620326,0.07404143828898668,0.08289988338947296,0.08186223730444908,0.08609417732805014,0.0821031928062439,0.08620138186961412,0.09258585050702095,0.10183552745729685,0.10427793115377426,0.10565087385475636,0.09159438777714968,0.08404591213911772,0.08449468947947025,0.08966573607176542,0.09599833935499191,0.10028018616139889,0.10108267329633236,0.1055916827172041,0.10734586510807276,0.10907316859811544,0.10161663498729467,0.09725880157202482,0.10246522724628448,0.09765955712646246,0.10785386245697737,0.11773223336786032,0.1123276250436902,0.10499463882297277,0.09964621346443892,0.09733103774487972,0.10262664314359426,0.09315856173634529,0.09129566419869661,0.09627010207623243,0.0935784038156271,0.09521635994315147,0.09474014677107334,0.09017633274197578,0.0924886642023921,0.09734232404402324,0.36789819225668907,0.3801347613334656,0.38454603403806686,0.42881735786795616,0.4140780381858349,0.4423373080790043,0.44870057702064514,0.44801515340805054,0.3891914561390877,0.4184281602501869,0.4163609892129898,0.45272039622068405,0.44821128249168396,0.4328012764453888,0.4388814866542816,0.4390501417219639,0.4259929656982422,0.42447444424033165,0.40423086285591125,0.3843340054154396,0.36824310943484306,0.37302734330296516,0.4067852534353733,0.4044873081147671,0.39582259207963943,0.41258472576737404,0.42908183485269547,0.4432642348110676,0.46121257171034813,0.45140910893678665,0.4091784842312336,0.4299609810113907,0.41178563609719276,0.3802831880748272,0.3948892243206501,0.41316452994942665,0.42686785757541656,0.4078855402767658,0.4499955587089062,0.44396132975816727,0.42082659527659416,0.40725280717015266,0.41586434468626976,0.39571887254714966,0.41979893669486046,0.41175147145986557,0.4068263880908489,0.4052413957459586
LLS_c0,1,16,0.029690265655517578,0.029017865657806396,0.039337873458862305,0.08505338430404663,0.0867995023727417,0.07324844598770142,13.781339645385742,12.017741203308105,3689.789095878601,0.5336832031607628,0.4676220640540123,0.44627683982253075,0.4610271342098713,0.4787127636373043,0.5218894854187965,0.5261311084032059,0.5410699099302292,0.4969412386417389,0.469510730355978,0.4631098695099354,0.4774421900510788,0.49292272329330444,0.5107269547879696,0.50532590970397,0.4982791729271412,0.49413755163550377,0.4797627665102482,0.4293832704424858,0.4411727748811245,0.4677165634930134,0.5152345336973667,0.513773187994957,0.5412147641181946,0.5061814859509468,0.5025359988212585,0.4846353605389595,0.4729905463755131,0.5000097826123238,0.5418842732906342,0.5903344973921776,0.6008258610963821,0.5954824909567833,0.5159462057054043,0.44704218581318855,0.44303444027900696,0.49593180790543556,0.5136183351278305,0.4921697899699211,0.4847409725189209,0.5374353975057602,0.5252469889819622,0.4858159236609936,0.4711481183767319,0.452433705329895,0.44455206021666527,0.4674396514892578,0.46684810519218445,0.30017462372779846,0.2994239404797554,0.3056233488023281,0.3112236000597477,0.30419446900486946,0.30250099673867226,0.30384621769189835,0.3057157061994076,0.3016679883003235,0.30265069752931595,0.29079390689730644,0.2883271798491478,0.2927379794418812,0.2908502481877804,0.27932943403720856,0.27727360650897026,0.26118453592061996,0.27377136796712875,0.2781553715467453,0.2835421897470951,0.3033195845782757,0.29357564076781273,0.2684445269405842,0.2834903970360756,0.2959553003311157,0.29531289637088776,0.3028695061802864,0.2986050918698311,0.30260346457362175,0.2794150412082672,0.2328212708234787,0.23193436674773693,0.25359112210571766,0.2838223911821842,0.29616518318653107,0.29385923966765404,0.3012241907417774,0.3153812400996685,0.31612294912338257,0.31214698031544685,0.29085249081254005,0.2990729361772537,0.3030090294778347,0.30372217670083046,0.3066629283130169,0.313704963773489,0.32005709409713745,0.3105918083872114,0.12019145488739014,0.0950047867372632,0.09146907459944487,0.0808159401640296,0.07776127196848392,0.09232779312878847,0.10092343669384718,0.0869958121329546,0.08819747995585203,0.08774679340422153,0.09231008123606443,0.09187645372003317,0.09093455132097006,0.1008318392559886,0.09437781851738691,0.0928581329062581,0.09175381064414978,0.093887435272336,0.10355924442410469,0.1043735770508647,0.09449479542672634,0.09182330220937729,0.10066508781164885,0.09453037194907665,0.10815087426453829,0.12387729249894619,0.12855982966721058,0.11905930936336517,0.10375813394784927,0.07988861203193665,0.09671397693455219,0.10074533242732286,0.1281486488878727,0.12515434063971043,0.10749283712357283,0.09160746075212955,0.0946237314492464,0.09388218261301517,0.10477988235652447,0.10687083750963211,0.10763936769217253,0.11752101685851812,0.11166963540017605,0.09987349342554808,0.09671356063336134,0.10306945256888866,0.11235874705016613,0.11188219168356486,0.3908945694565773,0.477323941886425,0.46409041807055473,0.42391112819314003,0.3679254278540611,0.3668759651482105,0.38556380569934845,0.3481895327568054,0.3941519223153591,0.39524346217513084,0.4139827862381935,0.3991886004805565,0.3714522384107113,0.35755980014801025,0.3306453190743923,0.3612833507359028,0.33584461361169815,0.3531891256570816,0.4450475014746189,0.3995540663599968,0.4262385368347168,0.36319945752620697,0.35010647028684616,0.3655446134507656,0.45706552639603615,0.4447455406188965,0.43824557960033417,0.43528740480542183,0.3844292648136616,0.30794264003634453,0.27011769264936447,0.2524258103221655,0.29983721673488617,0.3943418227136135,0.4606705568730831,0.4670723266899586,0.42521949484944344,0.4179451949894428,0.45636166259646416,0.4487755708396435,0.3355693593621254,0.397003173828125,0.4312901571393013,0.4480152949690819,0.4626537896692753,0.4451916664838791,0.42993587628006935,0.4539952576160431
LLS_c0,0,17,0.05410343408584595,0.05322408676147461,0.04521280527114868,0.13821500539779663,0.13036346435546875,0.14124608039855957,6.287242412567139,8.057992935180664,1842.8475308418274,0.63829255849123,0.6225976198911667,0.6251316070556641,0.6345529407262802,0.6303638145327568,0.6109700128436089,0.6161817461252213,0.6183879896998405,0.6256336718797684,0.6158405542373657,0.6246190369129181,0.6239601001143456,0.6100088506937027,0.6158634275197983,0.6135089173913002,0.595366895198822,0.5959331914782524,0.6158851161599159,0.611847773194313,0.6458285972476006,0.6451390162110329,0.6454597637057304,0.6412966772913933,0.6389242261648178,0.6636228859424591,0.6271009743213654,0.6080078408122063,0.6235972046852112,0.6248802021145821,0.6162273958325386,0.6294665709137917,0.6266931593418121,0.6302419304847717,0.6571198478341103,0.650056429207325,0.6191141828894615,0.6138502657413483,0.6084640324115753,0.609836183488369,0.6080517470836639,0.6303835287690163,0.5945997312664986,0.5869021415710449,0.5862707868218422,0.6008552312850952,0.619390144944191,0.6697762534022331,0.6648566211972918,0.27861833199858665,0.28329387307167053,0.28285984322428703,0.2807486988604069,0.27754905074834824,0.27836450561881065,0.2730351574718952,0.272310808300972,0.2741439528763294,0.2793313153088093,0.2846559211611748,0.2867019511759281,0.28719576820731163,0.2853412963449955,0.2877146005630493,0.2936115935444832,0.2937486805021763,0.28810591623187065,0.28780722245574,0.2767982669174671,0.2838759645819664,0.274407085031271,0.27254778519272804,0.27822422981262207,0.2759208306670189,0.27004294097423553,0.2873915024101734,0.2787861078977585,0.2826801426708698,0.28929341584444046,0.2886050455272198,0.2769943103194237,0.27374953404068947,0.28103625029325485,0.28835220634937286,0.28552524372935295,0.28318020328879356,0.297812283039093,0.3059793971478939,0.30828996002674103,0.28473930060863495,0.2908431701362133,0.2932198941707611,0.29249437153339386,0.29719652608036995,0.3002285584807396,0.29925306141376495,0.2996974630015237,0.09148663375526667,0.09318393189460039,0.09250363521277905,0.09126431401818991,0.09365171659737825,0.09478961303830147,0.0950432950630784,0.09884393028914928,0.10188606102019548,0.10915689077228308,0.10828182101249695,0.10663975030183792,0.11081473249942064,0.11049770284444094,0.11029303725808859,0.113298618234694,0.11745910812169313,0.11724613606929779,0.11147251911461353,0.11188742704689503,0.12247512023895979,0.13061467930674553,0.126013801433146,0.11750536598265171,0.11046950705349445,0.10478060506284237,0.10647589061409235,0.10804101265966892,0.11141659412533045,0.12021924648433924,0.11771566420793533,0.11912799626588821,0.11313008889555931,0.09758513886481524,0.1065615126863122,0.11119442153722048,0.11430888529866934,0.10504463315010071,0.107934077270329,0.11491671297699213,0.11509041581302881,0.11833531130105257,0.11688227578997612,0.1197325624525547,0.12522611021995544,0.1227550283074379,0.11166940722614527,0.1117771001798766,0.41092758253216743,0.4134691283106804,0.4039888381958008,0.3936575800180435,0.3884778581559658,0.40383343771100044,0.41813428699970245,0.41022148728370667,0.40127449482679367,0.40484748780727386,0.39890894666314125,0.4016988091170788,0.4050474278628826,0.40775542333722115,0.418780080974102,0.42895060405135155,0.42761578038334846,0.4132586754858494,0.4096868894994259,0.3893108181655407,0.3791434280574322,0.3592861667275429,0.356584295630455,0.3714625984430313,0.3797183521091938,0.39437173679471016,0.41177187860012054,0.3944900594651699,0.39699702709913254,0.4012870788574219,0.4112124554812908,0.3945622853934765,0.3886725418269634,0.40894677862524986,0.4207259975373745,0.42402975261211395,0.4231170155107975,0.435530886054039,0.44307174533605576,0.4474116861820221,0.40296046808362007,0.4313281960785389,0.41893836483359337,0.4104379303753376,0.4116603881120682,0.42171208932995796,0.4263862892985344,0.43726152181625366
LLS_c0,1,17,0.0770273208618164,0.07331490516662598,0.06620484590530396,0.14125633239746094,0.14249742031097412,0.13868838548660278,7.113503932952881,6.015434265136719,5908.94836139679,0.6312041729688644,0.6216048151254654,0.631742887198925,0.6425811052322388,0.5876899510622025,0.5927312299609184,0.6065105125308037,0.6479269564151764,0.6091452538967133,0.5991962552070618,0.5897489488124847,0.5869716107845306,0.6204517409205437,0.6349379792809486,0.6487680971622467,0.659287691116333,0.6242908537387848,0.6341932192444801,0.648415133357048,0.6607841700315475,0.6358644887804985,0.5819432958960533,0.6016943007707596,0.590711422264576,0.6240463331341743,0.6265750601887703,0.6265755295753479,0.6351320073008537,0.6424609795212746,0.6426363065838814,0.6264271289110184,0.6094338074326515,0.62010707706213,0.6181276962161064,0.6167902499437332,0.6195915788412094,0.6249130293726921,0.6304055228829384,0.6047536060214043,0.6135976761579514,0.6183578073978424,0.60360037535429,0.6063421815633774,0.6291191875934601,0.6326176226139069,0.6294314712285995,0.6428685709834099,0.6161892669541496,0.297258161008358,0.29163385555148125,0.2869519665837288,0.28504224494099617,0.2985609918832779,0.30749136209487915,0.301920834928751,0.26902544870972633,0.2962065562605858,0.3017651326954365,0.3047412894666195,0.2973322570323944,0.2991190142929554,0.29548127576708794,0.27903328090906143,0.26873553916811943,0.29059578850865364,0.2845208905637264,0.2694174610078335,0.2616010159254074,0.27081990242004395,0.3017143979668617,0.2855687215924263,0.3046250231564045,0.2826816625893116,0.287140391767025,0.28241702169179916,0.2768617421388626,0.2717894837260246,0.273762971162796,0.2860426902770996,0.2902442552149296,0.28180164471268654,0.29558901861310005,0.297982394695282,0.2973703145980835,0.2927043288946152,0.2890082746744156,0.30137648060917854,0.30172762274742126,0.296164371073246,0.2974209785461426,0.30172543972730637,0.2955935187637806,0.29397783800959587,0.29366104677319527,0.2756646163761616,0.29742561493601116,0.12094024196267128,0.11757677886635065,0.1135031757876277,0.11073783040046692,0.11837169621139765,0.12339975964277983,0.1220223531126976,0.1189751848578453,0.12256378401070833,0.12368219811469316,0.12717082165181637,0.12136306893080473,0.12262798938900232,0.12462646700441837,0.12183521594852209,0.12261716183274984,0.12697141990065575,0.12426212895661592,0.12220476847141981,0.12328166700899601,0.12451234366744757,0.122912404127419,0.11920902971178293,0.11971514206379652,0.12062404677271843,0.13166256435215473,0.13641768135130405,0.13339736126363277,0.13371251337230206,0.13028224278241396,0.13293503783643246,0.1268691336736083,0.12795268278568983,0.11538807861506939,0.1247026203200221,0.12483844347298145,0.12332319654524326,0.13027172908186913,0.140021700412035,0.1358939353376627,0.12818486150354147,0.12448711693286896,0.12415220402181149,0.12382609024643898,0.1290262769907713,0.13318660482764244,0.13506865315139294,0.13081389239856175,0.40304747968912125,0.3947073630988598,0.38459597527980804,0.37813085690140724,0.3986361436545849,0.41792377457022667,0.4097067415714264,0.362064890563488,0.4010445922613144,0.41423449665308,0.41691630706191063,0.40991415828466415,0.40546881407499313,0.3921498581767082,0.36554067581892014,0.3561739809811115,0.38748058304190636,0.3871975503861904,0.36895671859383583,0.35814128816127777,0.3654131107032299,0.4071873798966408,0.39807436242699623,0.4155646450817585,0.37432006374001503,0.3776201419532299,0.37566501647233963,0.37241968512535095,0.3687562867999077,0.3750210478901863,0.387250155210495,0.3965815380215645,0.39101071655750275,0.4130752831697464,0.41227689385414124,0.4016408249735832,0.3894691430032253,0.38309094682335854,0.4044463559985161,0.4086373634636402,0.40113428980112076,0.4014856144785881,0.4040764644742012,0.3931162655353546,0.39338595420122147,0.38852017372846603,0.36215275898575783,0.39835276773997713
LLS_c0,0,18,0.04166930913925171,0.018280029296875,0.021515727043151855,0.17334890365600586,0.06984621286392212,0.07781273126602173,4.375891208648682,5.71348237991333,2642.5160717964172,0.5636094808578491,0.5580237433314323,0.5564301908016205,0.5570949018001556,0.5564179196953773,0.5502611622214317,0.5393031388521194,0.538344033062458,0.5319992452859879,0.5225696191191673,0.5106302425265312,0.5031103938817978,0.49929674714803696,0.49810563027858734,0.49805812537670135,0.4844999201595783,0.4794399105012417,0.4929312691092491,0.5033140182495117,0.49329056218266487,0.46727023646235466,0.457682803273201,0.46903710439801216,0.45390523970127106,0.4258425608277321,0.424579169601202,0.4589345306158066,0.4839186295866966,0.47957903146743774,0.47298507019877434,0.47758566215634346,0.48196637630462646,0.47082340344786644,0.530684769153595,0.5386275425553322,0.5361636877059937,0.5419333428144455,0.542606882750988,0.5357759222388268,0.5195901095867157,0.5117558911442757,0.5226532146334648,0.5184310227632523,0.509904757142067,0.5020450353622437,0.5019187219440937,0.49828794598579407,0.48060432927949087,0.23552922159433365,0.23502014204859734,0.23442799597978592,0.23531088791787624,0.23378219828009605,0.2328613270074129,0.2286464162170887,0.22286979295313358,0.2197842001914978,0.2158547155559063,0.21308163180947304,0.21157235093414783,0.214765390381217,0.21938496828079224,0.22242285311222076,0.22574285604059696,0.22820773161947727,0.23226093500852585,0.2332466933876276,0.22870189510285854,0.22810287401080132,0.2324393093585968,0.23247887752950191,0.22766132280230522,0.22276350297033787,0.22004693932831287,0.22831102833151817,0.23494246788322926,0.23678023368120193,0.2369492333382368,0.23984401114284992,0.2417630199342966,0.24116082303225994,0.23190533183515072,0.23057224601507187,0.2270022016018629,0.22490770556032658,0.22517032362520695,0.22312428057193756,0.21880343928933144,0.2176804468035698,0.22274191863834858,0.23180977255105972,0.23307518102228642,0.2283450998365879,0.22994955629110336,0.2325240895152092,0.2309213067804064,0.12276926729828119,0.11667670123279095,0.11059428472071886,0.1060976767912507,0.1049945717677474,0.10433785617351532,0.10122099332511425,0.10023742821067572,0.1023121764883399,0.10195257794111967,0.10073206201195717,0.09771657921373844,0.0949647007510066,0.09398441389203072,0.09238843061029911,0.09234567452222109,0.09147864207625389,0.0967211714014411,0.10278498567640781,0.10386326443403959,0.10321775078773499,0.10117720253765583,0.09816186130046844,0.09705985989421606,0.09734028950333595,0.10331676434725523,0.10736239422112703,0.1083727665245533,0.10549192503094673,0.09947388991713524,0.09690538793802261,0.10235128086060286,0.10994316823780537,0.12503124587237835,0.1146249882876873,0.10972901899367571,0.10963867604732513,0.11270908918231726,0.11073460057377815,0.1055985577404499,0.10173876397311687,0.10794185567647219,0.1065610982477665,0.10592712555080652,0.10540919471532106,0.102994279935956,0.10110145062208176,0.09960591473749705,0.41396230831742287,0.40955640003085136,0.4028742276132107,0.39653430134058,0.39508747681975365,0.39614375308156013,0.39505965262651443,0.3893151059746742,0.39190540462732315,0.3996370770037174,0.40147121623158455,0.3985247127711773,0.3991186060011387,0.40260831639170647,0.3976328521966934,0.39252762869000435,0.39019254222512245,0.3909716382622719,0.39445749670267105,0.3940686322748661,0.393875353038311,0.398182962089777,0.3999112732708454,0.40192224085330963,0.3943426236510277,0.38797276094555855,0.39202335849404335,0.4045636057853699,0.40166664496064186,0.38463805615901947,0.3744707256555557,0.38573935627937317,0.39833107218146324,0.4037272147834301,0.4002508968114853,0.40378689765930176,0.3982463516294956,0.390651136636734,0.3844224512577057,0.38377565890550613,0.37892793864011765,0.372791338711977,0.38334355130791664,0.3892274610698223,0.3834957145154476,0.3669443652033806,0.3712330274283886,0.3915081151894161
LLS_c0,1,18,0.03701049089431763,0.041596055030822754,0.044767022132873535,0.1844986081123352,0.14609771966934204,0.17708849906921387,4.1784868240356445,4.659664630889893,5941.191853523254,0.5595925748348236,0.5557169690728188,0.5567399933934212,0.5605704337358475,0.5640420019626617,0.5611220076680183,0.5511570125818253,0.5461027920246124,0.545428030192852,0.5480114370584488,0.5378249362111092,0.51470135897398,0.5028637126088142,0.5083826407790184,0.5161022245883942,0.5102211385965347,0.5011631511151791,0.5096407830715179,0.5219117179512978,0.5146502628922462,0.49395786598324776,0.492942750453949,0.5026511363685131,0.5087912753224373,0.4992254301905632,0.48565182462334633,0.48728572577238083,0.49637068808078766,0.503599263727665,0.49893830716609955,0.4969751350581646,0.5049335807561874,0.5155133083462715,0.5495535060763359,0.5387718230485916,0.5361259058117867,0.5399966463446617,0.5353955700993538,0.531750813126564,0.5217409431934357,0.5294362157583237,0.5370643809437752,0.5435744598507881,0.5396545454859734,0.5274770334362984,0.51626006513834,0.5080005973577499,0.5050284692219326,0.24546251818537712,0.24270937778055668,0.2421431466937065,0.2439830396324396,0.24473027884960175,0.24588705971837044,0.24225196801126003,0.2392167877405882,0.24074159562587738,0.24166707880795002,0.24008302204310894,0.23549422435462475,0.23918062262237072,0.25094908103346825,0.2558351680636406,0.2514051776379347,0.24913868494331837,0.25422022491693497,0.2575444467365742,0.2532687708735466,0.24901880882680416,0.25548017024993896,0.25594811886548996,0.24878398515284061,0.23899496719241142,0.23753270134329796,0.24604586511850357,0.24880009144544601,0.24664635211229324,0.24768507294356823,0.2589549571275711,0.27027513831853867,0.2654040493071079,0.23912286013364792,0.23711917735636234,0.23636257275938988,0.2340585570782423,0.23085829801857471,0.2291223146021366,0.2312017846852541,0.23640615120530128,0.23940064013004303,0.24029604718089104,0.23690620623528957,0.2363053672015667,0.23834902234375477,0.23997426591813564,0.23795611730643682,0.11809830740094185,0.11265261936932802,0.107032828964293,0.10439062025398016,0.10663434863090515,0.1106950780376792,0.11156675405800343,0.11161667667329311,0.11413386277854443,0.11888676788657904,0.11910438444465399,0.11840325593948364,0.11907844711095095,0.12284812424331903,0.1207119133323431,0.12180801201611757,0.1200997456908226,0.12102990318089724,0.12195352744311094,0.12551923375576735,0.12811622209846973,0.12980609759688377,0.13264990784227848,0.12958374433219433,0.12983609549701214,0.13278347812592983,0.13645416870713234,0.1398861613124609,0.13492863811552525,0.12742886133491993,0.124026651494205,0.1286490298807621,0.12544959876686335,0.11126693710684776,0.1049049524590373,0.10129272472113371,0.09951992239803076,0.10121953673660755,0.10483723785728216,0.10687181539833546,0.10941464826464653,0.11128844600170851,0.10881257802248001,0.10717472061514854,0.10634014010429382,0.10702177230268717,0.10603735595941544,0.10262845456600189,0.39719173312187195,0.39279020950198174,0.3902833126485348,0.3912951461970806,0.4001360312104225,0.4104790650308132,0.41585642471909523,0.4152889810502529,0.4189484864473343,0.42428499460220337,0.4337460696697235,0.4466036781668663,0.45742129907011986,0.4636942557990551,0.4647689163684845,0.4640640988945961,0.46028660610318184,0.4421178176999092,0.43465421721339226,0.44449155032634735,0.46393292769789696,0.4640793204307556,0.4534611478447914,0.45080795884132385,0.452253345400095,0.4472486674785614,0.43951382115483284,0.44354428723454475,0.44970742613077164,0.44291960820555687,0.4346408434212208,0.44950973615050316,0.44977470859885216,0.39880743622779846,0.3913518227636814,0.38669950142502785,0.38877247273921967,0.39843739941716194,0.3994895778596401,0.3959859386086464,0.38891954720020294,0.38809213414788246,0.3908900208771229,0.390190776437521,0.38248245790600777,0.37673941627144814,0.3851289711892605,0.39396352001598905
LLS_c0,0,19,0.02545452117919922,0.02343088388442993,0.008781671524047852,0.12201434373855591,0.181640625,0.20199471712112427,5.1722846031188965,7.170703887939453,2610.5154542922974,0.6938022822141647,0.7337444499135017,0.7614870890974998,0.7754955366253853,0.7821510955691338,0.7855399772524834,0.7876334190368652,0.7817774713039398,0.7661709636449814,0.760761447250843,0.7542406097054482,0.7513157948851585,0.7520291283726692,0.7298264652490616,0.6981460079550743,0.6727601960301399,0.6630280092358589,0.7259995117783546,0.7540183961391449,0.7716520056128502,0.7881899252533913,0.7924429848790169,0.7867811247706413,0.7783142998814583,0.7723349034786224,0.7671234309673309,0.7629105672240257,0.7657680511474609,0.7710682228207588,0.7654544785618782,0.7649861723184586,0.7615541443228722,0.7571052014827728,0.7152177467942238,0.7471131533384323,0.7861690372228622,0.8005552142858505,0.7942244037985802,0.7775958031415939,0.7432593554258347,0.7190430760383606,0.7242915332317352,0.7402040585875511,0.738115631043911,0.7414554357528687,0.7392620965838432,0.7243705913424492,0.739368907042912,0.24574972689151764,0.24172353744506836,0.23669159039855003,0.24014965817332268,0.24849663488566875,0.25249455496668816,0.24985061399638653,0.24770993553102016,0.24975884705781937,0.25154926255345345,0.25763898342847824,0.26358167827129364,0.2706287167966366,0.27186528593301773,0.26573606207966805,0.26514068990945816,0.26608339697122574,0.24147596396505833,0.23778762854635715,0.2339453473687172,0.23963243886828423,0.24944226071238518,0.2558893896639347,0.25911182537674904,0.2597954720258713,0.25377695821225643,0.25841075368225574,0.26218007504940033,0.26699062436819077,0.2695813290774822,0.26822954788804054,0.2689482755959034,0.26127097196877,0.24428234808146954,0.24063411355018616,0.23248508758842945,0.23526085913181305,0.24380547180771828,0.2515241988003254,0.26245264150202274,0.2655467614531517,0.2567458413541317,0.2550861518830061,0.25980769470334053,0.25992922857403755,0.26195627078413963,0.2708401791751385,0.263430940253394,0.1292306799441576,0.11197754181921482,0.09874959196895361,0.08691063802689314,0.07705331034958363,0.07174354139715433,0.06914192344993353,0.07098833750933409,0.0746831726282835,0.07895456254482269,0.0790875917300582,0.07670168299227953,0.06799493543803692,0.06353571359068155,0.06080636382102966,0.06427359022200108,0.06590774096548557,0.09863357618451118,0.10035165678709745,0.09477886371314526,0.08356685470789671,0.0760112265124917,0.07534753624349833,0.07599789183586836,0.07637335639446974,0.08255462720990181,0.08590629231184721,0.08785204403102398,0.08647960983216763,0.08404936827719212,0.08426520880311728,0.08506246842443943,0.09475928917527199,0.1273740390315652,0.11403191741555929,0.09655178524553776,0.08288626093417406,0.07923935819417238,0.07863413169980049,0.08037911914288998,0.09103029686957598,0.09631402976810932,0.09328836016356945,0.09247798472642899,0.09998031426221132,0.09746014978736639,0.09111854154616594,0.09240790882280894,0.43914997577667236,0.4217180535197258,0.4172844886779785,0.42460012808442116,0.4424646347761154,0.44754377380013466,0.4389773979783058,0.4333890490233898,0.4387754015624523,0.4457799717783928,0.4570203945040703,0.45214779302477837,0.44836948066949844,0.4682905785739422,0.48119526356458664,0.48611000552773476,0.4788641333580017,0.4324382208287716,0.4234086498618126,0.41600076481699944,0.42469821497797966,0.4438023827970028,0.4493313655257225,0.44213826581835747,0.42898162454366684,0.4252234883606434,0.43628858029842377,0.4505613222718239,0.4561138153076172,0.46031566336750984,0.45792385190725327,0.45557355135679245,0.4660052992403507,0.45840654894709587,0.43255453556776047,0.428067896515131,0.44914330914616585,0.44989391416311264,0.4519459269940853,0.4675951637327671,0.467844907194376,0.4645164757966995,0.46792278438806534,0.4763891249895096,0.46374979987740517,0.4576771445572376,0.48549122363328934,0.48491098625319345
LLS_c0,1,19,0.011000394821166992,0.008599340915679932,0.00011354684829711914,0.13246357440948486,0.1446862816810608,0.07953691482543945,5.489791393280029,5.903650283813477,3803.5558495521545,0.7078192010521889,0.7400563657283783,0.7692525759339333,0.796808123588562,0.8000046983361244,0.7977730929851532,0.7995259165763855,0.7972806841135025,0.7870228290557861,0.7867540642619133,0.7878215536475182,0.7996318861842155,0.8113527297973633,0.8079858347773552,0.8078026622533798,0.7790837958455086,0.7609727308154106,0.7500662952661514,0.7559913098812103,0.754657931625843,0.7629263699054718,0.7744945362210274,0.7943466380238533,0.8115622103214264,0.8008329048752785,0.7799306660890579,0.7489525973796844,0.7384935468435287,0.748830534517765,0.7667756229639053,0.771994099020958,0.7715279459953308,0.7795785367488861,0.7406492158770561,0.742999292910099,0.7505654990673065,0.7701993435621262,0.791618324816227,0.8117409124970436,0.8177579268813133,0.8113374635577202,0.7963079735636711,0.7974255830049515,0.793215274810791,0.8146820440888405,0.8174902871251106,0.8015107810497284,0.7880511965070452,0.25032271072268486,0.24494129233062267,0.23816227912902832,0.23354960978031158,0.23669589683413506,0.23786231316626072,0.23795409873127937,0.23954669199883938,0.24181289784610271,0.24303380586206913,0.2464317325502634,0.23730980977416039,0.2353353574872017,0.24508989974856377,0.2434807140380144,0.2526560928672552,0.2595883123576641,0.2509750407189131,0.24783475138247013,0.2484140358865261,0.25285934284329414,0.25547607615590096,0.24817499704658985,0.24294494464993477,0.24407451041042805,0.24380007199943066,0.2546717096120119,0.262503694742918,0.25808677449822426,0.2535687852650881,0.2560044229030609,0.2618265189230442,0.2563819270581007,0.2470744028687477,0.24434500746428967,0.2467665784060955,0.24442832730710506,0.24158617109060287,0.23582803271710873,0.23364130593836308,0.23460694961249828,0.23750062845647335,0.23691443167626858,0.2474899124354124,0.24290327355265617,0.2419902291148901,0.2452534046024084,0.24900080050740922,0.1292342571541667,0.11300083249807358,0.09741977509111166,0.08131606411188841,0.07036697492003441,0.066247149836272,0.06571798399090767,0.06666700541973114,0.07012927625328302,0.0671387193724513,0.06647336669266224,0.06681584753096104,0.072314134798944,0.06824612896889448,0.06347967963665724,0.0648363996297121,0.067831807769835,0.09026960656046867,0.10113573912531137,0.09395877458155155,0.08237801399081945,0.0781843550503254,0.0715150535106659,0.06948745157569647,0.07107639219611883,0.08357125427573919,0.09841098543256521,0.10803871974349022,0.10876547265797853,0.09967755153775215,0.09051079396158457,0.08525855280458927,0.08620655070990324,0.11857056990265846,0.11555988900363445,0.10522480122745037,0.09697187412530184,0.08869421202689409,0.08685694541782141,0.08552171941846609,0.08881451934576035,0.0958848400041461,0.0973524022847414,0.09322382137179375,0.08930388186126947,0.08451122511178255,0.08246645797044039,0.08219051573957716,0.48885147646069527,0.478766530752182,0.4737686552107334,0.4779597111046314,0.4981556721031666,0.5056441575288773,0.49742138385772705,0.4908476062119007,0.48618020862340927,0.4875996671617031,0.4908474572002888,0.4824735000729561,0.47378450632095337,0.4861185550689697,0.47298677638173103,0.4863172546029091,0.4926224648952484,0.4768131636083126,0.4912695363163948,0.4893297888338566,0.4935045652091503,0.5031338483095169,0.5048588775098324,0.48624273389577866,0.4826909825205803,0.4801180735230446,0.48175733909010887,0.49378539994359016,0.48081062734127045,0.46558747068047523,0.4694029614329338,0.4874935895204544,0.48865266516804695,0.49828657135367393,0.48281948268413544,0.47675322368741035,0.477150809019804,0.49082809686660767,0.4973178468644619,0.4948338121175766,0.47790539637207985,0.4656219817698002,0.4585619159042835,0.4760785512626171,0.468272864818573,0.4725462533533573,0.49419329315423965,0.49944073387554716
LLS_d0,0,0,0.05027884244918823,0.02191096544265747,0.017140746116638184,0.030141234397888184,-0.025465786457061768,-0.05662280321121216,3.6477153301239014,2.267012119293213,1830.0248699188232,0.6428393945097923,0.6306890547275543,0.6246317774057388,0.6243321970105171,0.617250382900238,0.5928212478756905,0.572453573346138,0.5764532908797264,0.5809713900089264,0.5700155422091484,0.6065020263195038,0.6170792058110237,0.602912075817585,0.5897076651453972,0.5926266238093376,0.5453230068087578,0.5312919244170189,0.5383757799863815,0.555935449898243,0.5306197255849838,0.5240407437086105,0.5644009858369827,0.5047993063926697,0.4852609485387802,0.4792684018611908,0.5087416656315327,0.5272539481520653,0.5845814496278763,0.6009704545140266,0.5963917896151543,0.5904675126075745,0.584141455590725,0.6013553738594055,0.5879640281200409,0.5867414548993111,0.5866385400295258,0.581141322851181,0.5837376117706299,0.5964383259415627,0.5949385315179825,0.6013225615024567,0.6147917732596397,0.6247493848204613,0.6267130672931671,0.6185947805643082,0.6225280314683914,0.6351894587278366,0.6290248036384583,0.28022513166069984,0.28330790624022484,0.2827675901353359,0.28140684217214584,0.28173428773880005,0.2859932482242584,0.2902066446840763,0.28897079080343246,0.2924146130681038,0.29629112035036087,0.2961232103407383,0.29963887482881546,0.30308258160948753,0.3072438910603523,0.31144125759601593,0.3197324685752392,0.324698556214571,0.3237348347902298,0.3275363892316818,0.33282995969057083,0.3295324966311455,0.3229139596223831,0.32866305857896805,0.327613465487957,0.3293311484158039,0.3248061090707779,0.3288944140076637,0.3247258849442005,0.3273587077856064,0.3286185786128044,0.33193548396229744,0.32999300211668015,0.33030906692147255,0.33458488434553146,0.3349343501031399,0.3228108324110508,0.3251540809869766,0.32562753930687904,0.3241320140659809,0.3239177577197552,0.3237122967839241,0.32618486508727074,0.32726819440722466,0.3302619233727455,0.3340156003832817,0.336052019149065,0.33654075488448143,0.3379509917327336,0.0846153274178505,0.08299221284687519,0.08264726772904396,0.08671075198799372,0.08514153026044369,0.08427323028445244,0.08630362525582314,0.08203643001616001,0.08138634357601404,0.08041434828191996,0.07944319117814302,0.07479061093181372,0.0794869577512145,0.07250632252544165,0.0725089106708765,0.07514854427427053,0.06831871066242456,0.06889065261930227,0.06675380282104015,0.06652152258902788,0.06854029465466738,0.07223851140588522,0.07428260799497366,0.07532764226198196,0.07737593445926905,0.07751382514834404,0.07733935490250587,0.0744929751381278,0.07422137819230556,0.07642818242311478,0.08127545658499002,0.07991282548755407,0.07076803222298622,0.07077640108764172,0.07198921218514442,0.06650246400386095,0.06505055446177721,0.06572039797902107,0.06342649552971125,0.06181534053757787,0.061490565072745085,0.062191843055188656,0.060320171527564526,0.059311856515705585,0.06054507615044713,0.06258834945037961,0.06169933686032891,0.06145222644720759,0.38702310621738434,0.384915828704834,0.39552320539951324,0.3919599689543247,0.38711415976285934,0.3788813315331936,0.38591165468096733,0.37777160108089447,0.366402979940176,0.37702956795692444,0.3751981370151043,0.38098156824707985,0.3900117352604866,0.40108519420027733,0.40517736971378326,0.4236561842262745,0.43929748237133026,0.43034961447119713,0.4127442538738251,0.43096763640642166,0.442201916128397,0.43312694877386093,0.45829490199685097,0.4629516862332821,0.47053632885217667,0.46522292494773865,0.4759066291153431,0.46966687217354774,0.46430740877985954,0.45547879859805107,0.4619874954223633,0.4606049098074436,0.44570267572999,0.43488961830735207,0.45005110651254654,0.433617539703846,0.44246912747621536,0.4428107477724552,0.43956927955150604,0.4326266050338745,0.43286455795168877,0.43452267721295357,0.43533438444137573,0.43705523759126663,0.44243886321783066,0.44143614917993546,0.4312754124403,0.431523506130491
LLS_d0,1,0,0.008571803569793701,-0.022393345832824707,-0.007512688636779785,0.044921875,0.022306382656097412,0.029836654663085938,2.9445130825042725,3.004154920578003,1830.5077254772186,0.5912807285785675,0.5887481942772865,0.5615488514304161,0.538065031170845,0.5252816006541252,0.5329204052686691,0.5184650495648384,0.50803242623806,0.5140442028641701,0.5532298386096954,0.5700910165905952,0.5836245566606522,0.586103692650795,0.580647274851799,0.5773036703467369,0.5706733614206314,0.5771766901016235,0.5786482840776443,0.587755523622036,0.6018044725060463,0.5986914336681366,0.5921047776937485,0.5831128731369972,0.5840259194374084,0.6084867343306541,0.6243574917316437,0.6263622045516968,0.6386703774333,0.6352643072605133,0.6281599029898643,0.6317103430628777,0.6393465846776962,0.6374747008085251,0.6482944041490555,0.663052961230278,0.671916276216507,0.6536424234509468,0.6509924009442329,0.6580368801951408,0.6484154611825943,0.6621808856725693,0.653209500014782,0.6432522460818291,0.6390623673796654,0.6542086228728294,0.6680797934532166,0.6706036627292633,0.6686279007366726,0.29147985577583313,0.2912564165890217,0.29727721586823463,0.30136556178331375,0.3049622140824795,0.308222983032465,0.31251944974064827,0.31577178835868835,0.3227146230638027,0.3287433721125126,0.3306732103228569,0.33278951048851013,0.33839548006653786,0.34437642246484756,0.350164033472538,0.3538793474435806,0.3572104945778847,0.36175502091646194,0.36251815408468246,0.36283789947628975,0.36360299959778786,0.3620997257530689,0.36981719359755516,0.37117357924580574,0.36285772919654846,0.3576737754046917,0.36192551627755165,0.36080772429704666,0.356669545173645,0.35563867911696434,0.3550301492214203,0.35148297995328903,0.3503919504582882,0.34860068932175636,0.35041891783475876,0.3470068909227848,0.3540799282491207,0.3532692417502403,0.34838247299194336,0.3501368835568428,0.3426317684352398,0.34742596372962,0.3435365967452526,0.3418823890388012,0.3416321873664856,0.3397769033908844,0.3312889076769352,0.3293512293270656,0.0846728216856718,0.08094281051307917,0.07678692787885666,0.07458842918276787,0.0806507570669055,0.07899771444499493,0.0707933809608221,0.06359359808266163,0.06309214420616627,0.06425648741424084,0.06700686644762754,0.07160129118710756,0.07165937125682831,0.07163381110876799,0.07197420112788677,0.0691382372751832,0.06636225618422031,0.06650899164378643,0.06545722298324108,0.06399546097964048,0.06266697216778994,0.06494777230545878,0.06363554438576102,0.059572091326117516,0.05770712764933705,0.054891073144972324,0.05541824083775282,0.05056736944243312,0.047499680891633034,0.04670776054263115,0.04656499531120062,0.04629237949848175,0.04607511451467872,0.04329470684751868,0.03957475256174803,0.03961907606571913,0.03953420417383313,0.0400367621332407,0.039144440088421106,0.03856817679479718,0.03638291638344526,0.03631843160837889,0.03581115463748574,0.03537991223856807,0.03605963056907058,0.03722589090466499,0.039121266920119524,0.04070542486650603,0.42164305225014687,0.4089106358587742,0.43054908514022827,0.43800900876522064,0.4440823756158352,0.41827286034822464,0.42019326239824295,0.41613391414284706,0.42206617444753647,0.43116382509469986,0.4324163571000099,0.4281221367418766,0.42302270233631134,0.42773839086294174,0.4317377284169197,0.43975548446178436,0.4334021657705307,0.4259376972913742,0.417661614716053,0.4128275625407696,0.40845027193427086,0.41845791786909103,0.43738481402397156,0.44346679002046585,0.4214881621301174,0.4132852703332901,0.4314158521592617,0.4336434006690979,0.4429113604128361,0.4509485028684139,0.4468591883778572,0.4427153691649437,0.45427149161696434,0.44542117789387703,0.4393123760819435,0.43180523812770844,0.4451412707567215,0.42494919896125793,0.4249355420470238,0.424857284873724,0.38669228926301,0.40617363527417183,0.39499928057193756,0.40398504957556725,0.40666573494672775,0.41206612810492516,0.39734749123454094,0.3962803142411368
LLS_d0,0,1,0.036678850650787354,0.041183412075042725,0.030070900917053223,0.1072118878364563,0.14417695999145508,0.12094622850418091,2.2173290252685547,1.9449747800827026,2621.829533100128,0.38789859041571617,0.3884687200188637,0.38998978585004807,0.39113662019371986,0.39381641894578934,0.40126245841383934,0.4179776534438133,0.4374132342636585,0.4615265466272831,0.48201021924614906,0.501923218369484,0.5098965167999268,0.5108431503176689,0.5005565136671066,0.5131207928061485,0.5258907526731491,0.5333992540836334,0.5018531270325184,0.48166966810822487,0.4809310510754585,0.48453379794955254,0.49253981560468674,0.5060949698090553,0.5214052796363831,0.5323927700519562,0.5412020087242126,0.5487226247787476,0.5447122678160667,0.539836473762989,0.5550786182284355,0.5681074634194374,0.5818046778440475,0.5973128154873848,0.5826620236039162,0.5544798299670219,0.5177165195345879,0.5253798514604568,0.5516424104571342,0.5696797147393227,0.565967857837677,0.5851451903581619,0.5960066393017769,0.6050630882382393,0.619183324277401,0.6357185393571854,0.6525882482528687,0.6616225317120552,0.6649264182363238,0.31060322374105453,0.31258609518408775,0.3138148672878742,0.3193025067448616,0.32017436996102333,0.3209189437329769,0.32162435352802277,0.32293668761849403,0.3248096890747547,0.32610341906547546,0.3272593058645725,0.32972945645451546,0.33004339039325714,0.33085040003061295,0.33608101308345795,0.3389514274895191,0.34220537915825844,0.34667928516864777,0.3517465144395828,0.3510391004383564,0.3513183444738388,0.3498331196606159,0.34943052008748055,0.3478561192750931,0.3475738391280174,0.34598857164382935,0.3428412489593029,0.34074170887470245,0.33881863579154015,0.340284988284111,0.3422471508383751,0.34459106624126434,0.3435375802218914,0.3403950482606888,0.3204641416668892,0.30354568362236023,0.30382056906819344,0.31331916898489,0.31566884741187096,0.3056137003004551,0.3052391856908798,0.3078650087118149,0.3126499839127064,0.3134593516588211,0.3158035986125469,0.31742165610194206,0.3127937652170658,0.3133086519581931,0.09025133587419987,0.08457486052066088,0.07695677224546671,0.07275720499455929,0.06721591763198376,0.06443887669593096,0.06234576553106308,0.06207844661548734,0.06267490610480309,0.06359355989843607,0.0628030402585864,0.06333753280341625,0.06308003142476082,0.06206225045025349,0.06432278640568256,0.06540633179247379,0.06371703837066889,0.07279439177364111,0.07885799650102854,0.0816723508760333,0.08208961226046085,0.0812484659254551,0.07911508809775114,0.07742330618202686,0.07520269230008125,0.07353350147604942,0.07793066091835499,0.08280984684824944,0.08606999460607767,0.085072903893888,0.08898933697491884,0.0907902866601944,0.08678447641432285,0.07691419497132301,0.07891461811959743,0.0805772915482521,0.07561637088656425,0.07651415280997753,0.07650003582239151,0.07482332270592451,0.0743804071098566,0.07616885006427765,0.07692269142717123,0.07642063405364752,0.07338481955230236,0.07333875261247158,0.07530623394995928,0.07652906009129115,0.5127490237355232,0.5087303444743156,0.5036743432283401,0.49497177824378014,0.48738446459174156,0.48081257194280624,0.47063128650188446,0.4601902961730957,0.4541713185608387,0.4471026472747326,0.4429437555372715,0.44608019292354584,0.45518365129828453,0.46082985401153564,0.4553173631429672,0.45703233778476715,0.4615650288760662,0.46791135892271996,0.4699939750134945,0.4652185030281544,0.4606682248413563,0.4574179910123348,0.45379508659243584,0.45188087597489357,0.4555860795080662,0.4634661450982094,0.4809728264808655,0.49535054713487625,0.49789392948150635,0.4884689152240753,0.483154084533453,0.47713588178157806,0.47217734158039093,0.4994898661971092,0.5154307559132576,0.5323095992207527,0.5239581987261772,0.5191833004355431,0.5151113420724869,0.5240616500377655,0.5122166201472282,0.5077335983514786,0.5022856406867504,0.49247922748327255,0.47945159673690796,0.46586085855960846,0.46219223737716675,0.4576854961259024
LLS_d0,1,1,0.05708664655685425,0.00927889347076416,-0.069682776927948,0.0816158652305603,-0.018223285675048828,-0.0770266056060791,2.0132312774658203,1.8417445421218872,3235.722285747528,0.3826347216963768,0.3699154108762741,0.3674807660281658,0.37555156648159027,0.3809413053095341,0.3919546976685524,0.40747933834791183,0.4199991077184677,0.43188105523586273,0.4266980178654194,0.4013649560511112,0.396554309874773,0.41308406740427017,0.4206477925181389,0.4391578882932663,0.47806714847683907,0.5033997818827629,0.5046802870929241,0.4759134389460087,0.46939124912023544,0.4768983982503414,0.5135022848844528,0.5342584624886513,0.543216809630394,0.5483882054686546,0.5629902631044388,0.5759817808866501,0.5778587237000465,0.48161984607577324,0.4941592402756214,0.5014003440737724,0.5047023445367813,0.5082704871892929,0.5204048156738281,0.5315553545951843,0.5243479758501053,0.5180564373731613,0.529081255197525,0.5372956544160843,0.545910082757473,0.5481441915035248,0.5439834073185921,0.5535876974463463,0.564014345407486,0.5627087652683258,0.5554026886820793,0.5503994300961494,0.5511131967817035,0.3014955669641495,0.2988777235150337,0.3011029548943043,0.30277736485004425,0.30099522694945335,0.3011213652789593,0.3020867891609669,0.3072591945528984,0.3142177201807499,0.323362048715353,0.3239913731813431,0.32748131826519966,0.3273705430328846,0.32634690403938293,0.3244333118200302,0.32284729555249214,0.3253776356577873,0.32793936878442764,0.32945582643151283,0.33219216018915176,0.3317720666527748,0.31931987777352333,0.32139329612255096,0.32276129722595215,0.3198399692773819,0.32044967263936996,0.32237160950899124,0.32055553421378136,0.3075355775654316,0.3018569238483906,0.30111968144774437,0.30052952095866203,0.2985107898712158,0.2984366752207279,0.29938794299960136,0.29741014912724495,0.29759080335497856,0.2991819493472576,0.30023806169629097,0.2984149195253849,0.29525913670659065,0.2956182546913624,0.29501234740018845,0.292699184268713,0.29400481283664703,0.29872477799654007,0.30273179709911346,0.3039942596639906,0.08231880329549313,0.07784509379416704,0.07233641482889652,0.06883588153868914,0.0638432428240776,0.06177092809230089,0.06222574459388852,0.062359584495425224,0.06080598058179021,0.06311773462221026,0.06358162267133594,0.06616136617958546,0.06760837137699127,0.07081082835793495,0.07096837926656008,0.06793271098285913,0.06900036986917257,0.07182546984404325,0.07081570476293564,0.0700328927487135,0.07017332129180431,0.07053795643150806,0.07415215857326984,0.07262705080211163,0.07223486434668303,0.0687397439032793,0.06655997224152088,0.06900696456432343,0.08333741035312414,0.07830128539353609,0.07512983586639166,0.07529116421937943,0.07181031350046396,0.06572370883077383,0.06443566456437111,0.06232575187459588,0.06395622109994292,0.06535532977432013,0.06490829214453697,0.0650632344186306,0.0619661514647305,0.0601048176176846,0.05956277810037136,0.06076813908293843,0.05891241645440459,0.061995127238333225,0.060670307371765375,0.056735877479825704,0.5125238075852394,0.5157598257064819,0.5112077072262764,0.4992772936820984,0.4925363138318062,0.4863116256892681,0.48127303645014763,0.47654328122735023,0.4731777086853981,0.4714367389678955,0.48538972437381744,0.5028458461165428,0.5100143253803253,0.5153596475720406,0.5094080120325089,0.4979308173060417,0.4981903024017811,0.49968335032463074,0.5060911178588867,0.506158135831356,0.5037546046078205,0.5031964182853699,0.48927077651023865,0.4881223849952221,0.49393508955836296,0.4970902018249035,0.4952257052063942,0.4918348304927349,0.5128200203180313,0.5223733484745026,0.5064265504479408,0.48424607887864113,0.48319161683321,0.4783661589026451,0.46997954323887825,0.4755404479801655,0.4795216843485832,0.4816374145448208,0.4801618680357933,0.48397524654865265,0.4852508157491684,0.4885842502117157,0.4951782859861851,0.4875498563051224,0.48505089432001114,0.4971458837389946,0.5018993392586708,0.4989733568259648
LLS_d0,0,2,0.09145450592041016,0.0373920202255249,0.07963454723358154,0.08084732294082642,0.0217818021774292,0.014260351657867432,2.996358633041382,2.981633424758911,1837.486023902893,0.48906899243593216,0.4871303364634514,0.48786675930023193,0.48580116033554077,0.48568425327539444,0.5044126994907856,0.5269057601690292,0.5445499792695045,0.5552049726247787,0.5722794085741043,0.5945742577314377,0.6107534244656563,0.623628780245781,0.6280861347913742,0.6329701691865921,0.6451764851808548,0.653271310031414,0.6491163074970245,0.6475294455885887,0.6553610265254974,0.6628863289952278,0.6658712327480316,0.6685899198055267,0.6474615409970284,0.6784230321645737,0.6863746121525764,0.6859638318419456,0.6806564554572105,0.6934580653905869,0.7018095329403877,0.7083835899829865,0.7246894463896751,0.7389813512563705,0.7449275180697441,0.7530136182904243,0.7593061551451683,0.7738142609596252,0.7631428092718124,0.7651264667510986,0.7736207917332649,0.7826816365122795,0.7943853586912155,0.8169709146022797,0.8191245496273041,0.8042084947228432,0.8046160787343979,0.805501215159893,0.7943043283053807,0.3087436370551586,0.30702222511172295,0.30648447573184967,0.3066611513495445,0.306274838745594,0.30528538301587105,0.3029434196650982,0.30582528188824654,0.30368731170892715,0.3049669675529003,0.3006347231566906,0.29791464284062386,0.29500115662813187,0.2944560721516609,0.29848721995949745,0.3023952320218086,0.30448515713214874,0.3005034811794758,0.29454780369997025,0.30078641325235367,0.3055926710367203,0.2998489663004875,0.30072084069252014,0.311463437974453,0.31141529977321625,0.30761805176734924,0.3106226697564125,0.3128727860748768,0.30699873715639114,0.30408021807670593,0.3006970137357712,0.3054218292236328,0.29638712480664253,0.28687870875000954,0.28240567818284035,0.27571846172213554,0.26828259602189064,0.2641129642724991,0.2624383494257927,0.2580667994916439,0.2492158655077219,0.24342533387243748,0.24874264560639858,0.26386070251464844,0.2647601217031479,0.26518745720386505,0.2623257748782635,0.2641023780618395,0.058702247217297554,0.06063894089311361,0.060236372984945774,0.05857580713927746,0.06307614967226982,0.07269956264644861,0.0865348894149065,0.08619353361427784,0.08278187550604343,0.08799245115369558,0.06598780816420913,0.06782123818993568,0.07097921893000603,0.07719021942466497,0.08372711017727852,0.09920173324644566,0.10377535596489906,0.1052651833742857,0.09816972725093365,0.10066071152687073,0.11008332390338182,0.10706805251538754,0.10787330195307732,0.1039337944239378,0.09795405063778162,0.10569655895233154,0.11234879959374666,0.10535973962396383,0.09237487521022558,0.08924767002463341,0.08900615945458412,0.09194295015186071,0.08608592953532934,0.08586499933153391,0.08425582200288773,0.07888752035796642,0.06886012386530638,0.0696920482441783,0.07081514969468117,0.0662987045943737,0.06612452305853367,0.06738063786178827,0.06805997807532549,0.06420458946377039,0.05966400960460305,0.06166930077597499,0.061334304977208376,0.06719835634742465,0.4980396740138531,0.49963288754224777,0.4941597953438759,0.4934481829404831,0.4908304549753666,0.49230312183499336,0.48482998833060265,0.4580594077706337,0.45139623433351517,0.4410960450768471,0.4215611703693867,0.4090210646390915,0.3979898989200592,0.3863083943724632,0.37531428784132004,0.37042390927672386,0.35655243694782257,0.35014913231134415,0.3611866496503353,0.37133434787392616,0.3743669092655182,0.37913741916418076,0.3992594815790653,0.44727880135178566,0.42096561938524246,0.4122421108186245,0.4142085947096348,0.4251936003565788,0.40985406935214996,0.39887555316090584,0.38822218403220177,0.38194671273231506,0.3806534931063652,0.363460049033165,0.34987831488251686,0.3446793965995312,0.34375614300370216,0.34777769073843956,0.3342794142663479,0.3210541047155857,0.2992681451141834,0.2942315451800823,0.3114938661456108,0.3308582343161106,0.3380342535674572,0.331814743578434,0.33624769374728203,0.3591530578477042
LLS_d0,1,2,0.10504573583602905,-0.004561424255371094,-0.026938199996948242,0.08511799573898315,0.04915875196456909,0.03661239147186279,2.1502022743225098,4.076961517333984,1831.599707365036,0.6161200851202011,0.6158914268016815,0.611946277320385,0.6051457822322845,0.598890945315361,0.5880787670612335,0.5795038416981697,0.5763697773218155,0.5711863338947296,0.5671152845025063,0.5635136812925339,0.5721818655729294,0.5812046080827713,0.5970141440629959,0.6086588650941849,0.6160868108272552,0.6040075123310089,0.5889280885457993,0.6031504794955254,0.6186901852488518,0.6095327213406563,0.6090193539857864,0.6162915080785751,0.6382232308387756,0.6644634827971458,0.6463296785950661,0.6448277458548546,0.6472919061779976,0.6547726392745972,0.6456821113824844,0.6482938826084137,0.6559958606958389,0.6429646834731102,0.6476602554321289,0.6654965505003929,0.6527064293622971,0.6500629186630249,0.6488429754972458,0.6449612453579903,0.6355286836624146,0.6339368224143982,0.6174293756484985,0.603424035012722,0.6151998192071915,0.609453059732914,0.6076360493898392,0.6175581067800522,0.6308732628822327,0.3034895062446594,0.30109190940856934,0.3011324852705002,0.29638684540987015,0.29046284779906273,0.28842737153172493,0.284668680280447,0.2807797081768513,0.273163303732872,0.27159789204597473,0.27260521799325943,0.2785819359123707,0.2857181765139103,0.28992364555597305,0.28846682235598564,0.2896599620580673,0.2907979227602482,0.2953457087278366,0.30656423792243004,0.30404476448893547,0.3019438683986664,0.3035077750682831,0.3170446492731571,0.31192880868911743,0.31411220505833626,0.3178240694105625,0.3193768672645092,0.316705122590065,0.31251463294029236,0.31570303440093994,0.31519073620438576,0.313699409365654,0.31700117141008377,0.31952567398548126,0.31712502613663673,0.31279222294688225,0.3106919936835766,0.3031485751271248,0.30283934250473976,0.30766426771879196,0.3025798462331295,0.3052932769060135,0.3062333017587662,0.30673813447356224,0.30682819709181786,0.30953463912010193,0.3096086345613003,0.3100599391119821,0.05306462291628122,0.05157386464998126,0.052487455774098635,0.05418523075059056,0.05747007206082344,0.060695516876876354,0.06248523760586977,0.06268838932737708,0.058431857731193304,0.05795113369822502,0.05323702609166503,0.06058826856315136,0.07094085309654474,0.0725950775668025,0.07507051527500153,0.07858442235738039,0.08009311277419329,0.07755124010145664,0.07958322111517191,0.0862007075920701,0.08841047808527946,0.09034923929721117,0.08703995402902365,0.08640661090612411,0.08393722120672464,0.08123018406331539,0.08122640941292048,0.07852392550557852,0.0748975807800889,0.07718051131814718,0.0818205801770091,0.08265876490622759,0.08363564312458038,0.08370090741664171,0.08272050321102142,0.08582722675055265,0.0891037741675973,0.08056322485208511,0.0814705453813076,0.08402329590171576,0.08598761353641748,0.08796049654483795,0.08560413215309381,0.08318991027772427,0.08336405828595161,0.08382998034358025,0.08296528644859791,0.08217827762876238,0.4621190130710602,0.45379335805773735,0.45191681012511253,0.4562866613268852,0.4558820053935051,0.45419637113809586,0.4515455365180969,0.4440448507666588,0.42898501828312874,0.41957952082157135,0.42425065487623215,0.4307020753622055,0.42679351940751076,0.42847367003560066,0.42554621025919914,0.4110896773636341,0.4004007317125797,0.4048652723431587,0.4479793980717659,0.41891781240701675,0.40699997916817665,0.4055410474538803,0.41676174476742744,0.40094301849603653,0.38839172944426537,0.397490244358778,0.3973613604903221,0.39155641570687294,0.39618269354104996,0.4007086381316185,0.39511559531092644,0.38406574726104736,0.41571399942040443,0.41709212586283684,0.40693385526537895,0.43270891159772873,0.4436890073120594,0.4424923472106457,0.4344949461519718,0.44908956438302994,0.4749700017273426,0.5137983411550522,0.5266460627317429,0.5115166455507278,0.5102672874927521,0.49873143807053566,0.4873966686427593,0.4734756861414228
LLS_d0,0,3,0.023627758026123047,-0.013944029808044434,-0.009163141250610352,0.004783332347869873,-0.025055408477783203,-0.016653060913085938,2.9405906200408936,2.782860279083252,1828.716964483261,0.6846159100532532,0.669313594698906,0.6661393791437149,0.6671622395515442,0.6744491681456566,0.6793047934770584,0.6823669150471687,0.6879338324069977,0.6967990547418594,0.710590198636055,0.7206650897860527,0.7255431935191154,0.7285367846488953,0.7324643060564995,0.7355187386274338,0.7371119186282158,0.7345320358872414,0.733235627412796,0.729079470038414,0.7324691489338875,0.737568661570549,0.733777679502964,0.7324927747249603,0.7374623864889145,0.7373122945427895,0.7459815889596939,0.7511456534266472,0.7525108382105827,0.7538764402270317,0.7610132396221161,0.7804371863603592,0.7926999852061272,0.7943634763360023,0.7987792864441872,0.8114083632826805,0.8144676089286804,0.7951834797859192,0.7836608588695526,0.7903522476553917,0.7893594056367874,0.7856704294681549,0.7853070870041847,0.7876955419778824,0.7954713776707649,0.8160805627703667,0.8201447948813438,0.81515833735466,0.8103815402303424,0.24754573963582516,0.2471582219004631,0.247599670663476,0.24956972524523735,0.24828172661364079,0.24652313999831676,0.25054419226944447,0.25793368741869926,0.26205792650580406,0.26567400246858597,0.2691054679453373,0.2753157764673233,0.27977005392313004,0.280311644077301,0.2822539694607258,0.28457772359251976,0.2876911908388138,0.29045381397008896,0.29343418776988983,0.29730601236224174,0.3000607453286648,0.3000653199851513,0.3031555786728859,0.3051574304699898,0.30339810624718666,0.3011099435389042,0.3056892640888691,0.30761511251330376,0.3019222058355808,0.3013429306447506,0.29571686685085297,0.28975214436650276,0.28875113651156425,0.29122593998908997,0.2847520485520363,0.27447832748293877,0.27216115966439247,0.26803381368517876,0.2621685862541199,0.2610362060368061,0.2609410993754864,0.2613374553620815,0.25792400911450386,0.25243357941508293,0.2479034923017025,0.24764789454638958,0.24522374011576176,0.24235854830060685,0.09952312987297773,0.09195370692759752,0.08662552107125521,0.08271738979965448,0.08006231673061848,0.0788300046697259,0.07918054703623056,0.08098354563117027,0.07810028456151485,0.07907447218894958,0.07932178862392902,0.08324424549937248,0.08567321673035622,0.0900461720302701,0.09487803559750319,0.09363487083464861,0.0947079760953784,0.09982451424002647,0.10082166362553835,0.1023130789399147,0.10245054680854082,0.10412732418626547,0.10339441802352667,0.09886689390987158,0.09707930218428373,0.09051452670246363,0.08987054415047169,0.08688840549439192,0.08744546491652727,0.08687438815832138,0.08062111865729094,0.08012778777629137,0.07759871240705252,0.07514055632054806,0.07477920968085527,0.07467225380241871,0.07349913474172354,0.07580596767365932,0.07313753198832273,0.07365607749670744,0.07433012127876282,0.07448938302695751,0.0767580708488822,0.07397472951561213,0.07528263423591852,0.07660176046192646,0.08187290746718645,0.08248208995376315,0.34388482570648193,0.3432859629392624,0.336450457572937,0.32630130648612976,0.31240132451057434,0.299435056746006,0.3014240153133869,0.3067033104598522,0.30671243742108345,0.3091184049844742,0.3144098147749901,0.32561617717146873,0.33529308810830116,0.3449360094964504,0.34736839309334755,0.3437982276082039,0.346565593034029,0.35387351736426353,0.35817407071590424,0.3680255450308323,0.3691355884075165,0.3681284300982952,0.37227796390652657,0.3736313059926033,0.377750463783741,0.38695861026644707,0.39423302561044693,0.39865756407380104,0.4034236706793308,0.4103083163499832,0.4075433388352394,0.3959970586001873,0.3839401453733444,0.38581641763448715,0.39149436354637146,0.39034533873200417,0.39033228531479836,0.38504165410995483,0.3781152404844761,0.37022823840379715,0.36162518709897995,0.3585447706282139,0.35898904874920845,0.3580770865082741,0.3636935167014599,0.36505985260009766,0.3606225326657295,0.35107968960489544
LLS_d0,1,3,0.029618382453918457,0.026164889335632324,0.023274898529052734,0.06418943405151367,0.052987515926361084,0.055576324462890625,2.4889755249023438,2.4310951232910156,3773.772403240204,0.6585025638341904,0.6443643495440483,0.6403703317046165,0.6420810371637344,0.6443748250603676,0.6448219418525696,0.651217870414257,0.6504328846931458,0.6572275832295418,0.6641880422830582,0.7010868936777115,0.7164990454912186,0.7222267538309097,0.7280175536870956,0.7340175583958626,0.7482809498906136,0.7476822510361671,0.746058888733387,0.7621985748410225,0.7593938112258911,0.7503675520420074,0.7489759251475334,0.7527955546975136,0.7513824850320816,0.7425960451364517,0.7424373626708984,0.7457588165998459,0.7425187081098557,0.7447425946593285,0.7346111685037613,0.7269457057118416,0.7370764762163162,0.7374459058046341,0.7342124804854393,0.74834855645895,0.7465946152806282,0.7442200407385826,0.7514762580394745,0.7367997765541077,0.7279541194438934,0.7300077900290489,0.7342593967914581,0.7285376191139221,0.7441235110163689,0.751647837460041,0.6914161443710327,0.6512479484081268,0.6490053789956229,0.2534054331481457,0.25072995387017727,0.24899306520819664,0.2450103722512722,0.24136598408222198,0.24069012328982353,0.24039996601641178,0.24358507804572582,0.24601883068680763,0.2516693565994501,0.25398750975728035,0.25711043551564217,0.26231684908270836,0.2664588950574398,0.26871632039546967,0.2732600159943104,0.2779144383966923,0.2823398597538471,0.28447578102350235,0.28869790211319923,0.2916385307908058,0.28930623456835747,0.2893735505640507,0.2920387275516987,0.2947719134390354,0.2957767993211746,0.29551852867007256,0.2981968857347965,0.29767321795225143,0.2991642393171787,0.29833610728383064,0.2932148277759552,0.29109593108296394,0.2915363423526287,0.2839934229850769,0.2793560139834881,0.27455518394708633,0.26995959505438805,0.26998088136315346,0.26975971832871437,0.2664695419371128,0.2630160115659237,0.2605072185397148,0.25589123368263245,0.25592417642474174,0.25752244889736176,0.25053555704653263,0.2438921800681523,0.11433606874197721,0.10523416195064783,0.09816529136151075,0.09035323932766914,0.08559358026832342,0.08303590025752783,0.07921450585126877,0.07768706511706114,0.07557878084480762,0.07704070582985878,0.0755801061168313,0.07828647550195456,0.07927713077515364,0.08460515644401312,0.08140042424201965,0.07659442164003849,0.07722911052405834,0.07768057845532894,0.0765514662489295,0.07630862761288881,0.07823998015373945,0.07727027498185635,0.07839367259293795,0.07922844588756561,0.08188764471560717,0.08166829124093056,0.08172108884900808,0.08180119842290878,0.08428649790585041,0.08222889807075262,0.08063157647848129,0.0836964063346386,0.08833634108304977,0.08516350761055946,0.08205740246921778,0.07813673187047243,0.07805483601987362,0.0820288136601448,0.07958724442869425,0.08068257290869951,0.0831932332366705,0.08090043161064386,0.07772938441485167,0.07726153917610645,0.07751891296356916,0.08715757820755243,0.08913131710141897,0.08464969801051277,0.3551688380539417,0.3549557812511921,0.3494643196463585,0.3353085182607174,0.32263360917568207,0.3153822533786297,0.3096204064786434,0.30663887783885,0.30517304316163063,0.30997785925865173,0.3096155673265457,0.31948665902018547,0.34182993695139885,0.36272063106298447,0.36595679819583893,0.3676227629184723,0.3679280951619148,0.3740251213312149,0.3920555114746094,0.41285673156380653,0.41977840662002563,0.4196995794773102,0.4145510122179985,0.41644861176609993,0.42332813888788223,0.429935522377491,0.43677983433008194,0.4493510350584984,0.45409512519836426,0.4603327140212059,0.45793967694044113,0.44472891092300415,0.42613715678453445,0.42098140716552734,0.4341670200228691,0.4396810233592987,0.4381595700979233,0.44262611865997314,0.43573081493377686,0.4241625517606735,0.4153847396373749,0.4036472216248512,0.392426710575819,0.39335303381085396,0.3985106348991394,0.40097952261567116,0.3903919532895088,0.38753836921283175
LLS_d0,0,4,0.04848295450210571,0.012536406517028809,-0.0034731626510620117,0.10089641809463501,-0.004714369773864746,-0.015815794467926025,1.9659606218338013,1.975996971130371,2623.649133682251,0.8893157839775085,0.8821208402514458,0.8769021555781364,0.8652734011411667,0.8461901843547821,0.8270477056503296,0.797207236289978,0.7711229920387268,0.7496552914381027,0.7396990656852722,0.7204171419143677,0.7076877802610397,0.7071068063378334,0.7010253444314003,0.6855423450469971,0.6620047390460968,0.6452081650495529,0.6275968104600906,0.6014668568968773,0.5789629593491554,0.5549451932311058,0.5551186501979828,0.5486818701028824,0.5396340936422348,0.5257813185453415,0.5202467143535614,0.5119435489177704,0.49718575552105904,0.4882638417184353,0.4765658490359783,0.46867673471570015,0.4701022766530514,0.4699334241449833,0.47454315051436424,0.4929797388613224,0.49302728846669197,0.49559643492102623,0.5035654604434967,0.5118836686015129,0.5141567289829254,0.5231195539236069,0.535392239689827,0.5405669584870338,0.5389369279146194,0.538024291396141,0.5371738970279694,0.5352199673652649,0.5252533980778286,0.21644855290651321,0.21962741762399673,0.2200111448764801,0.22218801267445087,0.2258612997829914,0.2334291022270918,0.24221324734389782,0.24910511821508408,0.2614053785800934,0.26681359857320786,0.27614784985780716,0.28594500571489334,0.28912851214408875,0.2894473634660244,0.2917116619646549,0.2959681898355484,0.2993333265185356,0.3008602075278759,0.3072153963148594,0.3137877397239208,0.31921834498643875,0.317761842161417,0.32040388509631157,0.3252442888915539,0.3317451700568199,0.3367333859205246,0.34008216112852097,0.34442899748682976,0.34506960958242416,0.34608694165945053,0.3489362634718418,0.3490532785654068,0.34999751299619675,0.34890518337488174,0.34622736647725105,0.3476555608212948,0.3453911580145359,0.34614209458231926,0.3393383100628853,0.3362966440618038,0.33061936870217323,0.3294445425271988,0.3301779627799988,0.33206573873758316,0.3332510441541672,0.3338673785328865,0.3344734348356724,0.3368781421865736,0.03987943800166249,0.03896161541342735,0.038664710242301226,0.03802047111093998,0.036439074203372,0.0367938089184463,0.037063554394990206,0.038258048705756664,0.04019800713285804,0.041039441246539354,0.04170330706983805,0.04203361179679632,0.04369302745908499,0.04453768488019705,0.04493364505469799,0.04423362389206886,0.04653865331783891,0.048856701236218214,0.047284575179219246,0.04816401517018676,0.049542177468538284,0.05105411494150758,0.049232054967433214,0.04933570232242346,0.05010486114770174,0.05232447478920221,0.05215313844382763,0.05328148137778044,0.05221722275018692,0.05113059235736728,0.052976771257817745,0.05261957598850131,0.052561739925295115,0.049881232902407646,0.049193672370165586,0.0510233398526907,0.05193919828161597,0.052375971339643,0.05076216347515583,0.04874670319259167,0.048775256145745516,0.048698782455176115,0.04845414450392127,0.04804785782471299,0.046544536016881466,0.047584475949406624,0.04921835474669933,0.0488283596932888,0.2534874230623245,0.25633684545755386,0.257692139595747,0.2607053406536579,0.26353589817881584,0.26707376912236214,0.2698276750743389,0.27310730889439583,0.28810299187898636,0.3206049017608166,0.34147579967975616,0.36559078842401505,0.3877548724412918,0.40015188232064247,0.4111422635614872,0.41541948914527893,0.42026539146900177,0.43080344051122665,0.4370085410773754,0.43599313870072365,0.447966318577528,0.4666184335947037,0.47700148075819016,0.47648854553699493,0.4820014424622059,0.48991698771715164,0.5017500333487988,0.5121610462665558,0.5144154652953148,0.5084134414792061,0.5103535950183868,0.5147278979420662,0.5088516548275948,0.5016788840293884,0.509723961353302,0.5118939727544785,0.5157835707068443,0.5150972232222557,0.516569197177887,0.5157658010721207,0.5175945162773132,0.5158920586109161,0.510697178542614,0.5081801265478134,0.5031699314713478,0.4994549974799156,0.49520740285515785,0.4970466324261257
LLS_d0,1,4,0.04318314790725708,0.01354992389678955,0.0033890604972839355,0.17286431789398193,0.09111940860748291,-0.08057147264480591,1.5706169605255127,2.2583069801330566,2627.4367537498474,0.8452879935503006,0.8367589190602303,0.8343516066670418,0.827863022685051,0.8167113438248634,0.7974783405661583,0.7746705710887909,0.7558155953884125,0.7310581430792809,0.7030595019459724,0.6946373134851456,0.6910060048103333,0.695337750017643,0.7135147824883461,0.7225401774048805,0.7233301103115082,0.7252664417028427,0.7295004799962044,0.7364420667290688,0.743507944047451,0.7450006976723671,0.7490512430667877,0.7363844960927963,0.7348066791892052,0.7310934588313103,0.7292445376515388,0.7263115718960762,0.7150540351867676,0.7120498716831207,0.7089924663305283,0.7050008997321129,0.701309509575367,0.6909881830215454,0.6929936781525612,0.7013133019208908,0.7006207630038261,0.7023992389440536,0.704076498746872,0.7094880789518356,0.7063635513186455,0.6983463689684868,0.6907970458269119,0.6815583035349846,0.6802214235067368,0.6799900159239769,0.6712047532200813,0.6640169024467468,0.6625777653285435,0.23285641707479954,0.2371241208165884,0.2374273780733347,0.23929196782410145,0.2397916465997696,0.24614345468580723,0.250001834705472,0.25367819517850876,0.26268956810235977,0.27197979763150215,0.2742961123585701,0.27743862569332123,0.2840137332677841,0.28789372369647026,0.29299863427877426,0.2962895929813385,0.29694943875074387,0.30161726474761963,0.30624794587492943,0.3102983869612217,0.31440937891602516,0.3149165250360966,0.31036676093935966,0.30956901609897614,0.3123421408236027,0.3134091980755329,0.31409699469804764,0.3156668581068516,0.3145572952926159,0.31659258529543877,0.31302038207650185,0.3132733628153801,0.31224169954657555,0.31355735287070274,0.3151550367474556,0.3157074525952339,0.3124258257448673,0.3118518367409706,0.31414010003209114,0.3143452927470207,0.31233765557408333,0.3185057155787945,0.3214021511375904,0.3238142915070057,0.32493701577186584,0.328979205340147,0.33089523017406464,0.33176589012145996,0.035812001675367355,0.035381394904106855,0.03352772397920489,0.03187908907420933,0.03198485937900841,0.031869743252173066,0.03204853227362037,0.03235012525692582,0.03223307430744171,0.03141421382315457,0.031861304538324475,0.03251804457977414,0.03214963339269161,0.03294730884954333,0.03302730992436409,0.034173055086284876,0.03524239454418421,0.03768439078703523,0.03905903594568372,0.04126576893031597,0.04290961567312479,0.046284669544547796,0.03918462060391903,0.036081996746361256,0.03779090195894241,0.038856500294059515,0.04102756129577756,0.042900882195681334,0.04455283610150218,0.04445176525041461,0.0432738927192986,0.04415734764188528,0.04513793159276247,0.04472740786150098,0.04471245966851711,0.04507216764613986,0.04536920413374901,0.04561206139624119,0.046767865773290396,0.046849613543599844,0.041874289978295565,0.042912648525089025,0.04409783100709319,0.0446651354432106,0.044673525262624025,0.04576724907383323,0.04679789487272501,0.04928390096340861,0.2604677379131317,0.2682967260479927,0.2682716026902199,0.2692170776426792,0.2692636027932167,0.27399324998259544,0.2734593078494072,0.27351321280002594,0.2800615280866623,0.28801843151450157,0.28965361416339874,0.2913330905139446,0.29827290028333664,0.30742358043789864,0.31553269177675247,0.3255203515291214,0.33198658004403114,0.34457074105739594,0.3483973629772663,0.3557960242033005,0.3616163805127144,0.36605264991521835,0.3937675356864929,0.4088117517530918,0.41317325085401535,0.41348038986325264,0.4147677943110466,0.41710318997502327,0.415674090385437,0.41800370812416077,0.4296010583639145,0.4285978861153126,0.44207772240042686,0.43888938799500465,0.43702201172709465,0.44096027687191963,0.44383470714092255,0.44660502672195435,0.4421590231359005,0.44256747141480446,0.41604410484433174,0.40520453080534935,0.4097217321395874,0.4117528349161148,0.40819086506962776,0.41082940250635147,0.41858916729688644,0.4199964233807155
LLS_d0,0,5,0.016402482986450195,-0.008880138397216797,-0.007954418659210205,0.08832967281341553,0.008209764957427979,-0.003003060817718506,2.8663172721862793,3.7273693084716797,1828.580044746399,0.5229354277253151,0.5190686658024788,0.5176549255847931,0.5116710662841797,0.4973609745502472,0.47392983734607697,0.43664083257317543,0.4107302650809288,0.41194474697113037,0.44340159744024277,0.4895253889262676,0.5046996064484119,0.5148521736264229,0.516915462911129,0.5285727605223656,0.5344533920288086,0.5280516967177391,0.538506954908371,0.5393073409795761,0.5116728469729424,0.4811657555401325,0.4820057451725006,0.49119793251156807,0.5048938095569611,0.511296235024929,0.5150037482380867,0.5102825686335564,0.5005054920911789,0.4958481155335903,0.49045203253626823,0.4897073321044445,0.4890793301165104,0.4901057779788971,0.4787387251853943,0.4707855358719826,0.48292188346385956,0.4905238598585129,0.5031456984579563,0.5200233459472656,0.521852120757103,0.5285200476646423,0.5302593261003494,0.52976243942976,0.5380435585975647,0.5412360057234764,0.5482816100120544,0.5473402291536331,0.538324773311615,0.1581595130264759,0.15884419716894627,0.15999599546194077,0.16217234171926975,0.16615132614970207,0.17084702663123608,0.17778258211910725,0.1850792858749628,0.19553240947425365,0.2177985329180956,0.2183905951678753,0.23380673304200172,0.24608931131660938,0.2569996863603592,0.26674389466643333,0.28552650660276413,0.2939385734498501,0.3054683022201061,0.30971795320510864,0.3108951970934868,0.29234595969319344,0.27097737416625023,0.27438441291451454,0.28077131882309914,0.28789762780070305,0.2908707298338413,0.2995658181607723,0.3064628280699253,0.3076269216835499,0.3105071447789669,0.31657861173152924,0.3178877457976341,0.31060267612338066,0.3050539121031761,0.3127043768763542,0.3215874321758747,0.32373661175370216,0.3211846388876438,0.3284528777003288,0.3308996893465519,0.32947710528969765,0.33331021666526794,0.33416229486465454,0.328963216394186,0.3338144011795521,0.336354847997427,0.33591999113559723,0.3373664447239467,0.056243008468300104,0.051193359307944775,0.049530292861163616,0.046525314915925264,0.050131456926465034,0.05171747971326113,0.04270280245691538,0.0372004434466362,0.035299031995236874,0.033028687816113234,0.04170593759045005,0.048695159144699574,0.04456882504746318,0.047776535619050264,0.05305179813876748,0.05506796669214964,0.05592835694551468,0.04814149625599384,0.046802162658423185,0.04507302725687623,0.04709354601800442,0.058245593681931496,0.05206741485744715,0.05547476885840297,0.05342394346371293,0.046789202839136124,0.048374413046985865,0.052787568885833025,0.05577604053542018,0.053123485296964645,0.05674160970374942,0.05259801633656025,0.05357549898326397,0.0674627348780632,0.07898054737597704,0.058779845014214516,0.052252997644245625,0.0537728276103735,0.060770143289119005,0.06530129257589579,0.059398690704256296,0.05655333586037159,0.0633769640699029,0.05657966202124953,0.06401772005483508,0.06647502072155476,0.06276088068261743,0.06580691997494016,0.39026985689997673,0.3938770815730095,0.3928108997642994,0.3940253183245659,0.39489709213376045,0.39901018142700195,0.40182629972696304,0.4127458296716213,0.42616621404886246,0.4403000436723232,0.4183374010026455,0.42655980587005615,0.4352523311972618,0.4468787647783756,0.451454758644104,0.45092372596263885,0.44189709052443504,0.38881321623921394,0.36381785571575165,0.380207896232605,0.46617911383509636,0.5271061882376671,0.5176502913236618,0.49458909034729004,0.49494147300720215,0.49252544343471527,0.49864437058568,0.5060127824544907,0.5129785388708115,0.5190675556659698,0.5168666765093803,0.5104942545294762,0.5010024644434452,0.4772924408316612,0.47915732115507126,0.46878308057785034,0.4732593260705471,0.4722781144082546,0.4599936008453369,0.4599952884018421,0.46284161508083344,0.45299647003412247,0.4543035328388214,0.4599856585264206,0.46193481236696243,0.4715041145682335,0.47704461589455605,0.4792389954839434
LLS_d0,1,5,0.016814112663269043,0.008372962474822998,0.0240057110786438,0.10310488939285278,0.008108675479888916,-0.029052913188934326,3.6313884258270264,4.15172815322876,2633.3018913269043,0.5369454920291901,0.5337976813316345,0.5330387204885483,0.5340837463736534,0.5402717962861061,0.5370654687285423,0.5425122603774071,0.5570896714925766,0.5593013167381287,0.5735334828495979,0.5662412941455841,0.565310426056385,0.5648118034005165,0.5569933727383614,0.5466494783759117,0.5442820638418198,0.5563565492630005,0.5654333010315895,0.5707391425967216,0.5738032385706902,0.5730654001235962,0.5473687648773193,0.5488084182143211,0.5385057777166367,0.5477613210678101,0.5498498380184174,0.5358931869268417,0.5340921580791473,0.5388211384415627,0.5390328019857407,0.5510339587926865,0.5785151422023773,0.5586196705698967,0.5430403724312782,0.5735044628381729,0.5718376263976097,0.5773574411869049,0.5881002247333527,0.5914251580834389,0.5944859832525253,0.5919563174247742,0.5949962511658669,0.5993562340736389,0.6027147620916367,0.6047397181391716,0.6051655560731888,0.6057515069842339,0.5998659559658596,0.17223387211561203,0.1754405852407217,0.17814447917044163,0.18284132331609726,0.19060420617461205,0.19783116318285465,0.20966456830501556,0.22215349227190018,0.2354373186826706,0.2512926999479532,0.26222266256809235,0.2802933119237423,0.2918636053800583,0.29864155873656273,0.30430394783616066,0.3237862028181553,0.33786141872406006,0.34414659067988396,0.3513084016740322,0.35708410665392876,0.3605591617524624,0.34658144414424896,0.3403596542775631,0.3394031375646591,0.34358056262135506,0.34463103115558624,0.34973587840795517,0.3540292903780937,0.3558618761599064,0.3565359488129616,0.35787026211619377,0.3469710312783718,0.27161797881126404,0.244378499686718,0.2440092023462057,0.24969002231955528,0.2522012386471033,0.2524649128317833,0.25742581114172935,0.2595704421401024,0.2596698924899101,0.26429128274321556,0.2724421098828316,0.27510205656290054,0.28090768679976463,0.2894314341247082,0.2878378741443157,0.29069638678005766,0.062192101031541824,0.05809559626504779,0.054635542910546064,0.06468945555388927,0.05038992455229163,0.05341046676039696,0.050502768252044916,0.06050681322813034,0.05278413603082299,0.05214036535471678,0.04627394117414951,0.04210987268015742,0.0422800681553781,0.050250832457095385,0.051067959517240524,0.06077389232814312,0.04256919678300619,0.038506620563566685,0.037305732257664204,0.04028424900025129,0.045763049274683,0.058203006628900766,0.06479083374142647,0.05715778889134526,0.0420768721960485,0.03518467955291271,0.04259122675284743,0.047064126934856176,0.04280408285558224,0.048002482391893864,0.051909036468714476,0.04958487395197153,0.06952680461108685,0.07307512778788805,0.07892610784620047,0.08692333102226257,0.08529881108552217,0.07038677670061588,0.06599045963957906,0.06925992295145988,0.07536470703780651,0.06286308541893959,0.07330701500177383,0.0667817103676498,0.07475937716662884,0.08876228425651789,0.07341276062652469,0.04784994199872017,0.35083890333771706,0.3559313416481018,0.35667790845036507,0.35660894960165024,0.3509583808481693,0.35390983149409294,0.3578706383705139,0.3566741347312927,0.37299076840281487,0.3867087550461292,0.38540374860167503,0.4037840738892555,0.4171222634613514,0.421880878508091,0.4333062209188938,0.44707145169377327,0.4457697197794914,0.4461124539375305,0.45386552438139915,0.46210384741425514,0.470031064003706,0.47303322330117226,0.47374801710247993,0.4796421453356743,0.4804638624191284,0.48504994064569473,0.5014340840280056,0.5143909454345703,0.5093767493963242,0.5123220235109329,0.5025658458471298,0.4669962227344513,0.42014212906360626,0.45106397196650505,0.45146526396274567,0.45671628788113594,0.46316851302981377,0.4656367115676403,0.4626302793622017,0.45551497489213943,0.4595023803412914,0.4702972248196602,0.4756988659501076,0.4762878939509392,0.4819541983306408,0.4783727712929249,0.4794270247220993,0.46964315857206074
LLS_d0,0,6,0.02837216854095459,0.03341329097747803,0.04816478490829468,0.1497352123260498,0.11207810044288635,0.07885280251502991,3.9188826084136963,4.170216083526611,1829.3483204841614,0.5358115211129189,0.5323514565825462,0.5276141092181206,0.5302784144878387,0.5207229480147362,0.49887798726558685,0.49036430194973946,0.4643058180809021,0.4718681760132313,0.48574644327163696,0.493678942322731,0.4832341708242893,0.4749110974371433,0.5052383802831173,0.5140945240855217,0.5207164958119392,0.5281282067298889,0.5302507877349854,0.5146814957261086,0.5061003565788269,0.524283342063427,0.5304995626211166,0.5004540383815765,0.4597026966512203,0.4518406204879284,0.47355279326438904,0.47460344433784485,0.4732593074440956,0.4366343580186367,0.39099886640906334,0.36938390135765076,0.4018484801054001,0.4380333721637726,0.46666498854756355,0.4455141946673393,0.45432304218411446,0.4517401307821274,0.44607510417699814,0.47969232127070427,0.4642827585339546,0.48320773243904114,0.516635112464428,0.5187540948390961,0.5284721106290817,0.5110806524753571,0.4808017164468765,0.5115438662469387,0.5270599808011737,0.2903674580156803,0.2913870997726917,0.2917274609208107,0.2879144661128521,0.28595663979649544,0.2909978926181793,0.2937408648431301,0.29485831409692764,0.2970880754292011,0.2995942756533623,0.3003388084471226,0.2993279919028282,0.30918847769498825,0.315259650349617,0.3197620324790478,0.32701556757092476,0.32446854934096336,0.3217563293874264,0.3334251418709755,0.3394518084824085,0.3399973325431347,0.3354139141738415,0.338501900434494,0.3351273089647293,0.33324412629008293,0.3318491578102112,0.335479736328125,0.3350234404206276,0.33559244498610497,0.32173654064536095,0.3299201838672161,0.31587767601013184,0.31880301609635353,0.31996991485357285,0.3099389933049679,0.31226474046707153,0.30751417577266693,0.30281074717640877,0.31124310940504074,0.30121708288788795,0.30414818599820137,0.311160895973444,0.30985818803310394,0.3111106753349304,0.30488574132323265,0.279846865683794,0.2856774553656578,0.2880424814564841,0.09369150083512068,0.09537948854267597,0.09244108945131302,0.09091594628989697,0.08597649447619915,0.08148473408073187,0.07676897570490837,0.07355874218046665,0.07386057637631893,0.07572741340845823,0.07447807490825653,0.07395414635539055,0.07876427844166756,0.08161654882133007,0.07995518855750561,0.07400575187057257,0.07111372984945774,0.06909333448857069,0.07016739435493946,0.06755133904516697,0.06723878718912601,0.06811361946165562,0.06524285720661283,0.06068833777680993,0.061104207299649715,0.06835921294987202,0.06873944122344255,0.0687500424683094,0.06929071620106697,0.06548244971781969,0.05942751374095678,0.06564688216894865,0.07129824720323086,0.07305562682449818,0.07041410263627768,0.07091724127531052,0.07003841549158096,0.07398422993719578,0.0810739528387785,0.07412588316947222,0.07217627856880426,0.07878514379262924,0.07722682040184736,0.07737897988408804,0.07461008988320827,0.06695743277668953,0.07920779194682837,0.08121623950345176,0.5081150308251381,0.5003468357026577,0.4942207969725132,0.48032980412244797,0.47189438343048096,0.4689382389187813,0.4631401263177395,0.45917604118585587,0.4532790705561638,0.4520036578178406,0.4511276111006737,0.44161947071552277,0.42267199233174324,0.4106394425034523,0.4056844487786293,0.40373970940709114,0.3870805501937866,0.37576210498809814,0.40869880467653275,0.4137633293867111,0.38833343982696533,0.374985259026289,0.39936450123786926,0.4240572601556778,0.42240870743989944,0.40296782553195953,0.4049219787120819,0.40863845869898796,0.4266584478318691,0.4615185558795929,0.49854300543665886,0.47913167625665665,0.45620326325297356,0.4453853592276573,0.4483554773032665,0.4523928724229336,0.4543074257671833,0.45515383034944534,0.4416007548570633,0.44158750399947166,0.43767308071255684,0.43195823580026627,0.4342643730342388,0.42974210530519485,0.45488912612199783,0.49995287507772446,0.4542097970843315,0.43732635038239615
LLS_d0,1,6,0.0060389041900634766,-0.034683406352996826,-0.03558981418609619,0.09584039449691772,-0.031280964612960815,-0.027236714959144592,2.9916903972625732,3.9491491317749023,1819.546565771103,0.572832852602005,0.5731610953807831,0.56217972189188,0.5408341586589813,0.5125898718833923,0.47803007811307907,0.44354772567749023,0.4292231909930706,0.43174508586525917,0.44365115091204643,0.42600274831056595,0.4181418865919113,0.4808748811483383,0.49625275284051895,0.5063634067773819,0.5260278582572937,0.5375625193119049,0.5641478151082993,0.6316724345088005,0.6067371144890785,0.622421145439148,0.6243835538625717,0.6210801750421524,0.6037906408309937,0.6034630388021469,0.6271101459860802,0.6302845776081085,0.6222095414996147,0.6228534057736397,0.6422441601753235,0.6559750139713287,0.6544638499617577,0.6573340743780136,0.6724312156438828,0.6560429483652115,0.6615347936749458,0.6615719050168991,0.6632672920823097,0.6732634529471397,0.6447441354393959,0.6443311423063278,0.622024267911911,0.5992223024368286,0.6092993170022964,0.6170901954174042,0.5965608954429626,0.6033855378627777,0.5925029686519078,0.28440654277801514,0.292707234621048,0.29194851592183113,0.29320505261421204,0.29608042910695076,0.29638316109776497,0.2928261011838913,0.2924497239291668,0.29382262751460075,0.2999647706747055,0.3102913163602352,0.31444641947746277,0.3183703236281872,0.315699078142643,0.31607287377119064,0.31711751222610474,0.3155652917921543,0.3133765198290348,0.30858249962329865,0.30605853721499443,0.308060597628355,0.30580760911107063,0.30213090777397156,0.30441784486174583,0.3040556088089943,0.30106572434306145,0.30092695727944374,0.3061533719301224,0.3034311681985855,0.2952669896185398,0.2953712046146393,0.2965589612722397,0.2974225915968418,0.29467860609292984,0.3057396449148655,0.3071572296321392,0.3027736023068428,0.29512180760502815,0.28960489481687546,0.2907913364470005,0.28059956803917885,0.2792888469994068,0.26832881197333336,0.25842519104480743,0.25703201442956924,0.25754401460289955,0.25734860822558403,0.24850467486040934,0.07348743919283152,0.07403270062059164,0.07361940015107393,0.07419636379927397,0.07321831118315458,0.07105060759931803,0.07016720157116652,0.0692123407498002,0.06956862937659025,0.07353414688259363,0.07934767752885818,0.08026312477886677,0.08147312235087156,0.07862790673971176,0.07607532944530249,0.07342605199664831,0.07216789852827787,0.07140514627099037,0.07090204674750566,0.07403869647532701,0.07465344574302435,0.07337328419089317,0.07064748927950859,0.06898737046867609,0.06967390608042479,0.06884352024644613,0.06662765610963106,0.06618040706962347,0.06398342922329903,0.061516668647527695,0.06205249298363924,0.06606247089803219,0.06296034483239055,0.05689387675374746,0.059128412976861,0.0614155400544405,0.06262457417324185,0.0640462595038116,0.06629741843789816,0.06236949097365141,0.06547036534175277,0.06327571533620358,0.06269382685422897,0.06418457068502903,0.06502500176429749,0.06444644974544644,0.0680532930418849,0.06488476853285517,0.5057727098464966,0.49490802735090256,0.4949859380722046,0.49513475224375725,0.4949491582810879,0.49359892308712006,0.49835093319416046,0.48522451147437096,0.4783534035086632,0.4774487279355526,0.4846065528690815,0.4895988814532757,0.4792863316833973,0.4703371711075306,0.4601300284266472,0.4442748799920082,0.43599850311875343,0.4281761609017849,0.43170711025595665,0.45305654406547546,0.42637554556131363,0.41434985026717186,0.4207829348742962,0.4304584078490734,0.42502662539482117,0.39241786301136017,0.37414149194955826,0.38160671666264534,0.3875388987362385,0.3652089536190033,0.3597717545926571,0.36336130276322365,0.3773151822388172,0.38235798850655556,0.3879562318325043,0.39349571615457535,0.39356958866119385,0.3922920189797878,0.3802609518170357,0.38747886940836906,0.3799993768334389,0.38736191391944885,0.37925858423113823,0.3749212324619293,0.35846372321248055,0.3650314249098301,0.3588363490998745,0.34856098890304565
LLS_d0,0,7,0.030369222164154053,0.021665513515472412,0.020538687705993652,0.09973478317260742,0.04411637783050537,0.027274608612060547,0.9071614742279053,2.2760372161865234,2627.390434741974,0.46028750017285347,0.45499197393655777,0.4554457701742649,0.4469331353902817,0.4479418434202671,0.45020824670791626,0.45992379263043404,0.4730035401880741,0.48645778000354767,0.4970512054860592,0.5154325440526009,0.5404633209109306,0.5583315491676331,0.5730826407670975,0.5859468057751656,0.5898737534880638,0.5916319414973259,0.6001462638378143,0.6115471944212914,0.6238163188099861,0.6356169655919075,0.6485040634870529,0.6312136501073837,0.5842611342668533,0.6002631038427353,0.6112301200628281,0.6415580213069916,0.636486291885376,0.6451868042349815,0.6613666638731956,0.6794513463973999,0.6925395205616951,0.7085652276873589,0.7289443910121918,0.6466001197695732,0.6147829592227936,0.6556909009814262,0.6607531234622002,0.6008718609809875,0.5978983938694,0.6225194782018661,0.6263255700469017,0.6261331364512444,0.642555795609951,0.658817246556282,0.6597459092736244,0.6688690558075905,0.6719351751463754,0.27646564319729805,0.27739958465099335,0.278807420283556,0.28283141925930977,0.2844458557665348,0.28645895794034004,0.29178792983293533,0.29456812515854836,0.29479825869202614,0.29568152874708176,0.29883208125829697,0.3003326281905174,0.2990627847611904,0.2984057739377022,0.30000296235084534,0.3089827671647072,0.31548889726400375,0.3177950046956539,0.31951534003019333,0.3200148716568947,0.32235628366470337,0.3239547237753868,0.32314323633909225,0.3200601488351822,0.3244938738644123,0.32666781172156334,0.3301604650914669,0.3364347964525223,0.3407246693968773,0.3438051752746105,0.3482172526419163,0.35319647192955017,0.358258381485939,0.36185675859451294,0.3736177571117878,0.36889754980802536,0.3679604008793831,0.359788965433836,0.3497149087488651,0.345498189330101,0.3462192490696907,0.34562306478619576,0.3464462496340275,0.3467440754175186,0.34700556099414825,0.3475230149924755,0.3486974164843559,0.3508550950459072,0.044040604028850794,0.04514396470040083,0.04444232443347573,0.04340444831177592,0.043575345538556576,0.042903078719973564,0.047170305624604225,0.05085726547986269,0.04960981197655201,0.05304131517186761,0.058850495144724846,0.06036894442513585,0.060364171862602234,0.061964918859303,0.0623561036773026,0.06950193364173174,0.07594210468232632,0.07764254324138165,0.07640236802399158,0.07801844645291567,0.07695167232304811,0.07669805828481913,0.0774592524394393,0.0784688713029027,0.07734464760869741,0.07612282130867243,0.07831274904310703,0.07804000657051802,0.07571167964488268,0.07420625537633896,0.07094383426010609,0.07271530106663704,0.07409098651260138,0.07106529828161001,0.06590229738503695,0.06586745381355286,0.06734725926071405,0.06747337151318789,0.06667373701930046,0.06432220386341214,0.06495966482907534,0.06972254905849695,0.07313070353120565,0.07231274619698524,0.07295473758131266,0.07364152930676937,0.0727425068616867,0.07280410826206207,0.5728569328784943,0.5768413618206978,0.5779157727956772,0.5855708941817284,0.5855492651462555,0.5873922407627106,0.5875615701079369,0.5874263346195221,0.5875736847519875,0.5873216837644577,0.5883055701851845,0.5859301760792732,0.5857527628540993,0.5858228579163551,0.5839957743883133,0.5786058232188225,0.57461217045784,0.5669074282050133,0.5581366121768951,0.5482404828071594,0.5406500697135925,0.5338566675782204,0.5274348855018616,0.5330476090312004,0.5237220153212547,0.5180163308978081,0.5025592036545277,0.48697690293192863,0.47679252177476883,0.4667685739696026,0.45858826488256454,0.44678743928670883,0.43723735585808754,0.4242795370519161,0.4757268503308296,0.49604083225131035,0.47562479600310326,0.4712538719177246,0.5028364174067974,0.5013159140944481,0.4838429093360901,0.48255375400185585,0.48050564527511597,0.47049250081181526,0.4608483836054802,0.457654420286417,0.4536445885896683,0.44871120367731365
LLS_d0,1,7,0.013589978218078613,-0.00187605619430542,-0.008103489875793457,0.08260136842727661,0.031699419021606445,0.03108590841293335,1.0399081707000732,3.1620919704437256,1819.531189441681,0.446872316300869,0.4440446197986603,0.4447726383805275,0.4458179511129856,0.4503170810639858,0.46213294193148613,0.48283127695322037,0.5033465884625912,0.531339481472969,0.5601938143372536,0.5894448682665825,0.6151000559329987,0.6330419480800629,0.6295029744505882,0.6403383538126945,0.6589711979031563,0.6712856516242027,0.6772212460637093,0.690461628139019,0.7060252949595451,0.7198144048452377,0.7319492399692535,0.7457074373960495,0.7516482621431351,0.6620190218091011,0.6526686623692513,0.6742085665464401,0.6923281401395798,0.7066641971468925,0.719487726688385,0.7299787774682045,0.7344044148921967,0.6567031443119049,0.6150119677186012,0.6356574147939682,0.6576573550701141,0.6763589233160019,0.6878880709409714,0.7019868269562721,0.6703436598181725,0.6175434440374374,0.6131695434451103,0.597999319434166,0.6185455545783043,0.6538911983370781,0.6665817573666573,0.6793263405561447,0.6815179756709507,0.25926313176751137,0.2600233778357506,0.2610801123082638,0.26217254623770714,0.2638537846505642,0.2661597691476345,0.2680610716342926,0.268201258033514,0.26801856979727745,0.2658674903213978,0.26391517370939255,0.2634456232190132,0.2677590809762478,0.27442654967308044,0.278059508651495,0.2807263098657131,0.28427090868353844,0.2914280891418457,0.29703398793935776,0.3017449751496315,0.3080766387283802,0.3132453188300133,0.316643588244915,0.3210620917379856,0.32144270464777946,0.325534213334322,0.33416880294680595,0.34176286682486534,0.34652959182858467,0.3507191501557827,0.3547852821648121,0.35683421418070793,0.3444173038005829,0.3359123170375824,0.3341065011918545,0.3381213806569576,0.3406108692288399,0.34463246166706085,0.34854599833488464,0.34878290444612503,0.3352424018085003,0.3331420384347439,0.32327400520443916,0.3232992887496948,0.3206874914467335,0.31956546381115913,0.3192070312798023,0.32332853760038105,0.04076707549393177,0.04136497061699629,0.040631189942359924,0.03984262701123953,0.039735968224704266,0.04054805589839816,0.04224796034395695,0.04315930884331465,0.04571623122319579,0.0482251257635653,0.04977031145244837,0.05270354123786092,0.05504967784509063,0.05899796448647976,0.06085702916607261,0.061376594472676516,0.06367241125553846,0.06474269181489944,0.06405946891754866,0.06504793837666512,0.0661117359995842,0.06895625218749046,0.07059753686189651,0.07071430794894695,0.07003085687756538,0.0689867539331317,0.06910082139074802,0.0702051306143403,0.07067679334431887,0.0695258155465126,0.06766049657016993,0.06797725334763527,0.06582624185830355,0.06192723289132118,0.06201920052990317,0.06220701336860657,0.06218853918835521,0.06543891876935959,0.0673797084018588,0.06733918003737926,0.06738348491489887,0.06844834238290787,0.0717744342982769,0.06729732546955347,0.06722769420593977,0.0678772609680891,0.07067269645631313,0.07040869976793017,0.5818447694182396,0.5845335349440575,0.5856233015656471,0.5847875326871872,0.5827820003032684,0.5805799439549446,0.577839195728302,0.5755891427397728,0.5730966553092003,0.5717028975486755,0.5693019330501556,0.5661992728710175,0.5636555850505829,0.5615842714905739,0.5567765757441521,0.54934062063694,0.5412740036845207,0.5351585224270821,0.5246186852455139,0.5141906589269638,0.5062997341156006,0.4984043650329113,0.4878941848874092,0.4773564897477627,0.48348163440823555,0.4800931438803673,0.4675911106169224,0.4583484008908272,0.44887272641062737,0.44008415937423706,0.43292590603232384,0.43559984117746353,0.48119308054447174,0.5209802687168121,0.516020730137825,0.5021692141890526,0.4901038371026516,0.4730094447731972,0.45584162697196007,0.4715678319334984,0.49994220584630966,0.5178775787353516,0.5410884544253349,0.5381678864359856,0.5024970322847366,0.4855939745903015,0.47164374589920044,0.4674673633916037
LLS_d0,0,8,0.03698021173477173,0.019362449645996094,0.013160169124603271,0.15474945306777954,0.004042148590087891,-0.08267495036125183,2.6513242721557617,2.8996777534484863,1837.1119091510773,0.5380477830767632,0.5262280255556107,0.5142400041222572,0.4935097396373749,0.46560441702604294,0.43216167762875557,0.40504026785492897,0.4033008776605129,0.5356206372380257,0.6108707711100578,0.6182575300335884,0.6188586726784706,0.6272422596812248,0.6342081278562546,0.6341544613242149,0.6506883576512337,0.6704786047339439,0.6890228763222694,0.7084708362817764,0.7233382016420364,0.7268363386392593,0.7106542140245438,0.7124209553003311,0.719338096678257,0.7259054705500603,0.736758641898632,0.7508993893861771,0.7616700604557991,0.7613748461008072,0.7635621204972267,0.761516273021698,0.7647055462002754,0.7737609595060349,0.7875571846961975,0.77462949603796,0.7798379957675934,0.8048061430454254,0.8067585900425911,0.8132749795913696,0.8193538412451744,0.8355107307434082,0.8471412658691406,0.8456362560391426,0.8546594455838203,0.8644762709736824,0.8614455237984657,0.8562373071908951,0.830599137714931,0.32489682361483574,0.32048140093684196,0.31762342900037766,0.31335536763072014,0.30745063349604607,0.30255067721009254,0.2974921204149723,0.2940184846520424,0.2969082370400429,0.29560425505042076,0.2960073947906494,0.29641542956233025,0.29724299535155296,0.29818328097462654,0.29855088144540787,0.2986805848777294,0.2990918606519699,0.30158356204628944,0.3023785166442394,0.3027987964451313,0.3061767891049385,0.31527892127633095,0.320785004645586,0.321003507822752,0.3214706853032112,0.32421503216028214,0.325455442070961,0.32366497442126274,0.32384130358695984,0.31992340087890625,0.31190314143896103,0.309860460460186,0.3087795302271843,0.30390942841768265,0.2925383374094963,0.2831999659538269,0.282225351780653,0.28572070226073265,0.2910565324127674,0.28805241733789444,0.2840135246515274,0.28107965737581253,0.2857116013765335,0.28355802595615387,0.2758398503065109,0.27545296028256416,0.274447001516819,0.27766251989773344,0.14712871983647346,0.13606596738100052,0.1318530347198248,0.12395942956209183,0.11791100353002548,0.11993775144219398,0.11088764760643244,0.0940918531268835,0.09801553748548031,0.0987924300134182,0.10338562726974487,0.11081624403595924,0.10685127787292004,0.10724318586289883,0.10604798048734665,0.10739702545106411,0.09989965055137873,0.10069360211491585,0.1028982661664486,0.1003953404724598,0.09885981492698193,0.1215622965246439,0.11961324512958527,0.1157629257068038,0.12385105900466442,0.11598841845989227,0.11024073697626591,0.11761727277189493,0.11513527575880289,0.11204898171126842,0.1296718567609787,0.12581616453826427,0.11799141205847263,0.11478196550160646,0.10948371700942516,0.10817252565175295,0.10693909134715796,0.109569669701159,0.11288456805050373,0.11170381028205156,0.10752263851463795,0.11535362806171179,0.11792114563286304,0.1127523873001337,0.11228049267083406,0.11209481116384268,0.1171288751065731,0.12533342518976756,0.39011747017502785,0.3877946771681309,0.38016563281416893,0.36797840893268585,0.3540336526930332,0.34106147289276123,0.32852745428681374,0.32098426669836044,0.33398428186774254,0.3420099467039108,0.33079053089022636,0.32512615621089935,0.31484053656458855,0.3079676181077957,0.3063715621829033,0.29926707595586777,0.2939842529594898,0.29285113885998726,0.293473020195961,0.2913101501762867,0.29479875043034554,0.3288858197629452,0.32869967818260193,0.3340277150273323,0.33707090094685555,0.3327036313712597,0.32892240583896637,0.3296315670013428,0.33748116716742516,0.3387170433998108,0.3615800477564335,0.36061058938503265,0.3593708798289299,0.35988106578588486,0.36844103410840034,0.3621136546134949,0.3565624952316284,0.3575679548084736,0.348272480070591,0.3438018523156643,0.32995493710041046,0.33087751269340515,0.33327631652355194,0.32526449114084244,0.32006455585360527,0.31451164558529854,0.3291930817067623,0.353658173765455
LLS_d0,1,8,0.04496002197265625,-0.010493993759155273,-0.01145702600479126,0.13329344987869263,0.047717511653900146,0.05037754774093628,3.4545512199401855,3.223186731338501,3431.0271487236023,0.5894769877195358,0.5794833824038506,0.5677006840705872,0.5407936498522758,0.4980035163462162,0.45825983583927155,0.44057580828666687,0.4545178562402725,0.5067675523459911,0.5642357021570206,0.5836410373449326,0.5683793425559998,0.5710636302828789,0.5786279141902924,0.588155522942543,0.6075411960482597,0.623968094587326,0.6364570707082748,0.6520754769444466,0.6660904660820961,0.6755240261554718,0.6908468380570412,0.6906733289361,0.6840176358819008,0.6891470104455948,0.6940182223916054,0.7021748572587967,0.7150915861129761,0.7214462608098984,0.7185798436403275,0.7194897457957268,0.7312545478343964,0.7434477657079697,0.7484917044639587,0.750641368329525,0.7502099499106407,0.7314329966902733,0.7366338595747948,0.7438423112034798,0.7716786041855812,0.7855984941124916,0.7816005274653435,0.7745252475142479,0.7886437177658081,0.7877748683094978,0.7934865579009056,0.7885057330131531,0.7753174304962158,0.296942625194788,0.294860802590847,0.2918752506375313,0.2890036515891552,0.2861756347119808,0.2851344682276249,0.28588148206472397,0.28665855526924133,0.29674072191119194,0.30627650022506714,0.3120558336377144,0.32074980810284615,0.32483165338635445,0.32652293145656586,0.33149296790361404,0.33775293081998825,0.3408851772546768,0.34621022641658783,0.3520391657948494,0.3575850799679756,0.36025799810886383,0.36132949963212013,0.3605976663529873,0.35694949701428413,0.35729024559259415,0.3597222939133644,0.3630046956241131,0.3609459698200226,0.3609021268785,0.359415665268898,0.3551876097917557,0.3503212444484234,0.3455871194601059,0.3401082009077072,0.3395257778465748,0.33765245601534843,0.3409251905977726,0.3399614840745926,0.3361143358051777,0.3332504369318485,0.3300403654575348,0.32405006512999535,0.3259359523653984,0.3281717635691166,0.3304627016186714,0.3258155360817909,0.32493898272514343,0.32152349608285086,0.15046793781220913,0.14146988838911057,0.13043344672769308,0.12023975048214197,0.11478523164987564,0.10177482664585114,0.11986436601728201,0.09927715454250574,0.09112980030477047,0.10849043354392052,0.11789533216506243,0.12134306225925684,0.1257899682968855,0.1188636627048254,0.10803564917296171,0.1166834095492959,0.09354815725237131,0.0881353784352541,0.09771564323455095,0.10806185565888882,0.09961958415806293,0.10223636217415333,0.10540660843253136,0.1116968784481287,0.12117783911526203,0.12018301989883184,0.1196657195687294,0.12603055220097303,0.11873061023652554,0.12552774883806705,0.12128828186541796,0.12142288591712713,0.124444087035954,0.12475775461643934,0.12753436714410782,0.13366195745766163,0.13944141566753387,0.14167326502501965,0.13983342237770557,0.1368422694504261,0.13289284147322178,0.13655168749392033,0.133652126416564,0.12984523549675941,0.13759544119238853,0.1382429040968418,0.13902968540787697,0.14029271474906377,0.3624679185450077,0.36189357563853264,0.35593219101428986,0.3483620136976242,0.34123680368065834,0.33207495510578156,0.3239429332315922,0.32036542892456055,0.3279743120074272,0.3442901521921158,0.35622695833444595,0.3627041354775429,0.36563970148563385,0.3633212745189667,0.3621579520404339,0.3606933616101742,0.3615347519516945,0.36078011989593506,0.36221685260534286,0.3675576150417328,0.36718711256980896,0.36055589839816093,0.37127381190657616,0.40327613428235054,0.4002092704176903,0.39023490995168686,0.3845168650150299,0.3766978792846203,0.37210987135767937,0.37228667736053467,0.36768221110105515,0.36444713175296783,0.36363060772418976,0.36235014721751213,0.3577101342380047,0.3509721979498863,0.3620885759592056,0.3642207235097885,0.36089061945676804,0.34760794416069984,0.3321744576096535,0.32951684668660164,0.32181914895772934,0.32249100878834724,0.34192655980587006,0.33804043754935265,0.3346179835498333,0.34171938470431734
LLS_d0,0,9,0.04942256212234497,-0.022389352321624756,-0.04266512393951416,0.11121821403503418,-0.019537895917892456,-0.07269588112831116,2.908074140548706,2.391228199005127,2622.3113780021667,0.4164983779191971,0.43373099714517593,0.4386713355779648,0.45539481192827225,0.47317735478281975,0.490904726088047,0.5183129534125328,0.53724355250597,0.5520273596048355,0.5501079857349396,0.5511380285024643,0.5612700879573822,0.5578687489032745,0.5466246828436852,0.5459326282143593,0.5374773517251015,0.5289377421140671,0.5293765515089035,0.539604127407074,0.5569421350955963,0.5706424042582512,0.5831203013658524,0.5806762203574181,0.5872803702950478,0.603110708296299,0.6197939142584801,0.6182656586170197,0.610592246055603,0.6137949377298355,0.6242850944399834,0.628519743680954,0.6167109906673431,0.6181858852505684,0.6279773265123367,0.6264041289687157,0.6267741620540619,0.6306280791759491,0.6516423001885414,0.668011337518692,0.6756408363580704,0.6645560786128044,0.6584407910704613,0.6621702015399933,0.6673491075634956,0.6620856150984764,0.6604958400130272,0.651678778231144,0.6512928945677621,0.2865742892026901,0.28602777794003487,0.2890617996454239,0.297954797744751,0.30603938549757004,0.3185819238424301,0.32682111486792564,0.3422689028084278,0.3556744009256363,0.3662842623889446,0.3743210434913635,0.37617334723472595,0.38322344422340393,0.39545463770627975,0.403646033257246,0.40849974006414413,0.41215838119387627,0.4191868491470814,0.42204565927386284,0.42100321501493454,0.4200713224709034,0.41981060802936554,0.4187372736632824,0.41684023290872574,0.413133442401886,0.40945668891072273,0.40930575504899025,0.41004007682204247,0.40655938535928726,0.40005436539649963,0.39767491444945335,0.40168193727731705,0.39735759794712067,0.3916601277887821,0.39176973700523376,0.3895009011030197,0.3922509104013443,0.3888998441398144,0.3817136809229851,0.3747219927608967,0.3798816129565239,0.3794816993176937,0.37627263739705086,0.3713453747332096,0.37405896931886673,0.37568798288702965,0.37753625586628914,0.37324283378464834,0.04111149022355676,0.0403011916205287,0.040550777688622475,0.04570763977244496,0.040517689660191536,0.04836457362398505,0.04955229489132762,0.045792322140187025,0.04868921870365739,0.048627187963575125,0.05379736935719848,0.05735516455024481,0.0533073740079999,0.06582233868539333,0.07638225518167019,0.06335017597302794,0.063276132568717,0.08073957078158855,0.07241126708686352,0.06682225968688726,0.0798244159668684,0.07664051558822393,0.06655432377010584,0.08008788619190454,0.09536546561866999,0.08828754723072052,0.08601739164441824,0.0829223021864891,0.07776994444429874,0.0804184190928936,0.08533037640154362,0.07932013925164938,0.07720926310867071,0.07915792986750603,0.07543451059609652,0.07367321942001581,0.06919911131262779,0.06141277030110359,0.05810025427490473,0.06404844019562006,0.058163010980933905,0.05779413040727377,0.056958780623972416,0.05658098589628935,0.0575338932685554,0.06133187189698219,0.057258826680481434,0.05702905037573406,0.4453808143734932,0.4437948502600193,0.4435214586555958,0.44155947864055634,0.4387368969619274,0.4447861760854721,0.4459119029343128,0.45108337700366974,0.45757052302360535,0.4625192917883396,0.4622328206896782,0.4667627289891243,0.4775134213268757,0.473265927284956,0.46905284374952316,0.4835599586367607,0.47520849481225014,0.46567682176828384,0.4608754329383373,0.45453692600131035,0.44751855358481407,0.44786080345511436,0.4417409896850586,0.43024666979908943,0.4192587621510029,0.41728653386235237,0.41186073422431946,0.4117266274988651,0.40539057552814484,0.3902662359178066,0.38517123460769653,0.39093684405088425,0.38067132607102394,0.3681548908352852,0.36234284937381744,0.3579702638089657,0.3701968267560005,0.37674614414572716,0.3675551153719425,0.3573893569409847,0.3679058402776718,0.3652280904352665,0.3581960052251816,0.35445136949419975,0.3577198311686516,0.3610783480107784,0.3637421578168869,0.3614342084952763
LLS_d0,1,9,0.06751799583435059,0.0380290150642395,0.04450005292892456,0.14442753791809082,0.08214518427848816,0.08535560965538025,3.109983205795288,2.4643137454986572,3628.8820972442627,0.3754583075642586,0.3712262697517872,0.37642353400588036,0.37888967990875244,0.3921218812465668,0.4112163633108139,0.4230275973677635,0.439394474029541,0.4583989046514034,0.4680308364331722,0.46611373499035835,0.46451452001929283,0.4681325890123844,0.4837968349456787,0.49550754204392433,0.5096383728086948,0.5246509313583374,0.5211474820971489,0.5393130481243134,0.5520083904266357,0.5578059554100037,0.5930034965276718,0.6063693314790726,0.6137313544750214,0.6349884197115898,0.6436246931552887,0.6328345984220505,0.6620889902114868,0.6538571193814278,0.6618340462446213,0.656168207526207,0.6481368094682693,0.6450823694467545,0.641351230442524,0.6523042991757393,0.6564035415649414,0.6431929692626,0.651296392083168,0.6628875508904457,0.6681686565279961,0.6746766939759254,0.6739496663212776,0.6888788864016533,0.6884981393814087,0.6873660236597061,0.6861631572246552,0.691809892654419,0.6859241042818341,0.285610169172287,0.29169267043471336,0.28988778591156006,0.29901058226823807,0.3028964437544346,0.31689245253801346,0.32677415758371353,0.3377079367637634,0.3526116944849491,0.36455558985471725,0.3724997639656067,0.38248956203460693,0.3848138302564621,0.38557069003582,0.3898879662156105,0.3970583453774452,0.3963214159011841,0.39707160368561745,0.39015480875968933,0.3877783752977848,0.3907950818538666,0.38434431701898575,0.38913512974977493,0.3920970559120178,0.3856755197048187,0.38042207807302475,0.3881116881966591,0.3810607083141804,0.3814818970859051,0.37398579716682434,0.377758402377367,0.3802151642739773,0.3803342469036579,0.3816949315369129,0.3812704011797905,0.37763264030218124,0.3826306685805321,0.3822219781577587,0.3768611140549183,0.3715280815958977,0.37184231355786324,0.374276801943779,0.3686815984547138,0.3692298084497452,0.3691592998802662,0.3690495677292347,0.3659958653151989,0.36674026932035175,0.04219225002452731,0.0430768015794456,0.041393529158085585,0.04144968278706074,0.04055554140359163,0.04388822568580508,0.04747738316655159,0.046030080411583185,0.04738722229376435,0.049901476595550776,0.05847630091011524,0.07838648930191994,0.06338583584874868,0.06331675313413143,0.08298462815582752,0.07217338820919394,0.06491784332320094,0.06867698533460498,0.08745367918163538,0.07010099105536938,0.07161578815430403,0.07750565279275179,0.07465738989412785,0.07140872441232204,0.08586115390062332,0.08488355670124292,0.07622093241661787,0.09950058348476887,0.08585258945822716,0.0735166659578681,0.07506262790411711,0.08004241902381182,0.07252678461372852,0.06862728018313646,0.07339450344443321,0.07050535175949335,0.06634157709777355,0.06770295463502407,0.07662480790168047,0.06749112159013748,0.07076131459325552,0.07105747144669294,0.06650732085108757,0.06332491943612695,0.066780224442482,0.06898136157542467,0.06411777716130018,0.06171958999974387,0.4417736120522022,0.4462328813970089,0.44259222969412804,0.4437374323606491,0.4396646246314049,0.44406867772340775,0.4444400779902935,0.44425540417432785,0.4471961706876755,0.4480050541460514,0.45207152143120766,0.4557708725333214,0.45168569311499596,0.4432399570941925,0.43316973745822906,0.43666133657097816,0.43669334799051285,0.4425557814538479,0.42227328196167946,0.4411960355937481,0.43695826828479767,0.4169911965727806,0.4228164553642273,0.4252329133450985,0.40917837247252464,0.3960405997931957,0.4195200093090534,0.3999527134001255,0.396255474537611,0.3802637457847595,0.38495735079050064,0.38731560856103897,0.38455525413155556,0.3888865038752556,0.38408980518579483,0.3771290220320225,0.3841894194483757,0.39444154873490334,0.38171980902552605,0.37098515778779984,0.3792484626173973,0.3969090059399605,0.382899958640337,0.3785720765590668,0.39627518877387047,0.39895638450980186,0.402313482016325,0.39781189390591215
LLS_d0,0,10,0.15005981922149658,0.05611228942871094,0.018624186515808105,0.244695246219635,0.09649628400802612,0.05023181438446045,1.3374754190444946,2.7324891090393066,1838.3588678836823,0.6627962067723274,0.6491595283150673,0.6430408284068108,0.6298766583204269,0.6068767681717873,0.5730119198560715,0.5307049974799156,0.4905899055302143,0.4638146311044693,0.46206900104880333,0.44494741782546043,0.42828287929296494,0.41362786293029785,0.42509182915091515,0.42213917523622513,0.4348786361515522,0.5098587051033974,0.5399754717946053,0.5374711379408836,0.5247459709644318,0.5137816891074181,0.5297456234693527,0.5391344502568245,0.5489728972315788,0.5455709993839264,0.5579007938504219,0.5621230378746986,0.5466612130403519,0.5424714162945747,0.5377034768462181,0.5390181615948677,0.5555679351091385,0.5686738714575768,0.5687382221221924,0.5444640815258026,0.5373337492346764,0.5376049131155014,0.5483267605304718,0.5925812050700188,0.5810355097055435,0.5668192058801651,0.5558798462152481,0.5503976941108704,0.5384048148989677,0.5247718840837479,0.5119464322924614,0.5319841504096985,0.6370962262153625,0.24419454857707024,0.24486352689564228,0.2473429422825575,0.24978233315050602,0.25147182680666447,0.2524697408080101,0.2531912550330162,0.2571607306599617,0.2699441537261009,0.2880220524966717,0.2992473542690277,0.3086080811917782,0.31412870064377785,0.31390058621764183,0.3233252167701721,0.32662051916122437,0.3275490142405033,0.3348325118422508,0.33927226066589355,0.3422657959163189,0.3442411720752716,0.3424278199672699,0.34076282009482384,0.33475928008556366,0.3355509527027607,0.34132177382707596,0.34295255690813065,0.3447401560842991,0.34588394314050674,0.3455396480858326,0.33302178606390953,0.31718088686466217,0.3174803555011749,0.3191750943660736,0.3264314979314804,0.3318728655576706,0.34645460546016693,0.34434696286916733,0.3391275890171528,0.34522584080696106,0.34818287566304207,0.35169147700071335,0.353824969381094,0.3577256575226784,0.3603878319263458,0.3636372424662113,0.35962768644094467,0.3316178151539394,0.02160484460182488,0.022663561161607504,0.022316119633615017,0.023108014604076743,0.02277201903052628,0.021320982836186886,0.026302617508918047,0.026309907902032137,0.02719609858468175,0.030329673318192363,0.029239192605018616,0.032729381462559104,0.037550606764853,0.04760273452848196,0.05383593263104558,0.05435715755447745,0.060883702244609594,0.06233558803796768,0.06512681301683187,0.06371975084766746,0.06537045910954475,0.05786585435271263,0.0470714857801795,0.04345438536256552,0.043070172891020775,0.04488167818635702,0.04343356192111969,0.03843708010390401,0.03404740383848548,0.03225037828087807,0.03193043521605432,0.029953993624076247,0.026516021694988012,0.02463684044778347,0.025760246207937598,0.02783343754708767,0.02695233770646155,0.0274255215190351,0.028436191845685244,0.0270906335208565,0.02526126243174076,0.03365858178585768,0.035909229423850775,0.03209313680417836,0.030610196059569716,0.028850747272372246,0.03196391859091818,0.04218327892678125,0.31038984283804893,0.31343796849250793,0.31199048087000847,0.3068857677280903,0.3049238510429859,0.30499642714858055,0.30355000123381615,0.3055354468524456,0.3166133798658848,0.3315477967262268,0.33289312943816185,0.3330184407532215,0.3445325046777725,0.3750045597553253,0.40253304317593575,0.39355481788516045,0.4063407927751541,0.43399298191070557,0.4442661814391613,0.44596627727150917,0.44405701383948326,0.4190645329654217,0.4075653925538063,0.39609987288713455,0.39333489909768105,0.40044909343123436,0.38864170014858246,0.3752947263419628,0.3668372817337513,0.3644183538854122,0.35176563635468483,0.30910613760352135,0.30811597779393196,0.3117688149213791,0.32856782898306847,0.33088336512446404,0.3711680769920349,0.3705853782594204,0.3825527913868427,0.3956640809774399,0.40498359873890877,0.40886689350008965,0.41180550679564476,0.4310508072376251,0.4389783628284931,0.4381766952574253,0.437779787927866,0.4264019557407924
LLS_d0,1,10,0.1109052300453186,0.01507866382598877,0.030102133750915527,0.18489229679107666,0.06566065549850464,-0.03973346948623657,1.471303105354309,2.93285870552063,3637.1127791404724,0.6612996160984039,0.6489998921751976,0.6405363827943802,0.6301997601985931,0.6141850724816322,0.5986955612897873,0.5794906914234161,0.5652998089790344,0.5561528727412224,0.568302109837532,0.5462821871042252,0.5246554538607597,0.5336645394563675,0.542369931936264,0.5522279515862465,0.5916658416390419,0.6869599968194962,0.7166197001934052,0.7249075919389725,0.7322714477777481,0.7381068915128708,0.7350479438900948,0.7385713085532188,0.7461587488651276,0.7471635937690735,0.7522320449352264,0.7559610307216644,0.7541830390691757,0.7541763186454773,0.7573658898472786,0.7628454938530922,0.7634316310286522,0.76809361577034,0.7475070804357529,0.7350521385669708,0.7367001995444298,0.7652072608470917,0.8322743698954582,0.8814956992864609,0.8408070951700211,0.8601285219192505,0.8680821359157562,0.8693695440888405,0.8494158759713173,0.8165901973843575,0.7996053993701935,0.7934726029634476,0.7830320596694946,0.18982406705617905,0.19453277997672558,0.196782810613513,0.20006417855620384,0.20475156977772713,0.21069852448999882,0.21847551502287388,0.22800167463719845,0.24146883934736252,0.2603040747344494,0.273963138461113,0.2881486974656582,0.2984933517873287,0.3048291988670826,0.3120504207909107,0.30575627461075783,0.2824316658079624,0.2834515944123268,0.290809229016304,0.2954523414373398,0.29690317437052727,0.2945776842534542,0.2981203608214855,0.3014308586716652,0.306439608335495,0.30906593799591064,0.3140292353928089,0.32144006341695786,0.324510108679533,0.3253716714680195,0.3244950734078884,0.32683127745985985,0.3124084807932377,0.31900641322135925,0.332624901086092,0.33341632783412933,0.32979752123355865,0.33354489132761955,0.3318893685936928,0.26134782284498215,0.271537434309721,0.2904241271317005,0.29162488877773285,0.2724818140268326,0.2620854303240776,0.28022998198866844,0.28447263315320015,0.28946965507098604,0.027523925993591547,0.028352636145427823,0.028015595162287354,0.028847367968410254,0.02934641996398568,0.029263887321576476,0.03062948095612228,0.03505971562117338,0.03655221592634916,0.036095095332711935,0.04136099340394139,0.04289355594664812,0.04879541788250208,0.05575379775837064,0.06279722834005952,0.0646442947909236,0.06387459859251976,0.056395207066088915,0.05648545268923044,0.0532603464089334,0.05412864312529564,0.05254992423579097,0.044908428099006414,0.05090722534805536,0.055075927171856165,0.04975928645581007,0.05116295162588358,0.04830110166221857,0.049457665998488665,0.05462240567430854,0.05276746395975351,0.05255565559491515,0.043593579437583685,0.04183737840503454,0.04682562407106161,0.04759151954203844,0.03898501209914684,0.04980109725147486,0.05009623244404793,0.03420264832675457,0.043801187071949244,0.05527833476662636,0.04430569848045707,0.034700049087405205,0.03797816205769777,0.052886972203850746,0.0415293681435287,0.04693959280848503,0.28817569091916084,0.29604146257042885,0.2954871468245983,0.29391318559646606,0.2904098704457283,0.2879193238914013,0.29131927341222763,0.3030935972929001,0.3217369429767132,0.3450557142496109,0.35907774791121483,0.3736316040158272,0.3883761577308178,0.4059222862124443,0.4290706254541874,0.4460909217596054,0.4131385497748852,0.4103034548461437,0.4105297289788723,0.40687622502446175,0.4014635644853115,0.39665159955620766,0.39789676293730736,0.40066931769251823,0.40556301176548004,0.40517326816916466,0.4022439569234848,0.4050789177417755,0.4072912111878395,0.40759170427918434,0.4114471785724163,0.41641840711236,0.37766673415899277,0.37108130753040314,0.39558056741952896,0.39180077239871025,0.39049236476421356,0.40111764892935753,0.40458785369992256,0.31374041363596916,0.34390732273459435,0.38523072376847267,0.3818760961294174,0.3535083420574665,0.34719520807266235,0.3881978876888752,0.401303194463253,0.41368650112833294
LLS_d0,0,11,0.05190366506576538,0.043724656105041504,0.047400474548339844,0.10038769245147705,0.0038036704063415527,0.0020329952239990234,7.369884490966797,3.96626615524292,1830.8751266002655,0.7301119863986969,0.7157396078109741,0.7128532752394676,0.7099927142262459,0.7007926180958748,0.6780616194009781,0.6613766923546791,0.6618010699748993,0.6479668021202087,0.6518537998199463,0.6539193317294121,0.6487658843398094,0.6519880667328835,0.6565203666687012,0.658859372138977,0.6639521718025208,0.666804701089859,0.6681072488427162,0.674151748418808,0.6804063022136688,0.6786189004778862,0.6846629977226257,0.6854862198233604,0.6944313645362854,0.6881474480032921,0.6796938478946686,0.6798063591122627,0.6614261716604233,0.6416115015745163,0.6206369251012802,0.6292935237288475,0.6207897737622261,0.6037829145789146,0.6189255639910698,0.6776605099439621,0.6417235508561134,0.6451351493597031,0.6709614843130112,0.6656138226389885,0.6659288480877876,0.6578226536512375,0.6728230193257332,0.673775777220726,0.671361967921257,0.682764507830143,0.6833509653806686,0.7087882235646248,0.6963285037449428,0.24141514115035534,0.24128722213208675,0.2419026605784893,0.23934968374669552,0.23801643401384354,0.23768300749361515,0.2467462234199047,0.25573350861668587,0.26351386681199074,0.2712930701673031,0.2781726345419884,0.28625673055648804,0.29465004056692123,0.2973480150103569,0.30157412216067314,0.3082965351641178,0.309364628046751,0.3176048956811428,0.32590794190764427,0.3316388204693794,0.3362264111638069,0.338853869587183,0.341401319950819,0.33590225502848625,0.340137280523777,0.3389943540096283,0.3394511267542839,0.3415045477449894,0.34692973271012306,0.346227303147316,0.34571896493434906,0.3451843373477459,0.342855591326952,0.3396165333688259,0.33408887311816216,0.3397546708583832,0.3395954892039299,0.33911459520459175,0.3397497981786728,0.33902036771178246,0.3381883464753628,0.33913468569517136,0.3399077393114567,0.34157218411564827,0.3401327282190323,0.3406665436923504,0.33833297342061996,0.33979615569114685,0.09646615665405989,0.09065924026072025,0.09092476684600115,0.08305642567574978,0.07756681367754936,0.07335818186402321,0.06563717313110828,0.0588793084025383,0.05478612286970019,0.053802558686584234,0.05251506436616182,0.0493652387522161,0.04801277117803693,0.04835516680032015,0.046214078553020954,0.04619895247742534,0.04746091226115823,0.053754770662635565,0.04798149596899748,0.04533151816576719,0.0442701387219131,0.046267709229141474,0.04427695693448186,0.0445372499525547,0.04414837062358856,0.04297616286203265,0.045557345263659954,0.04558825120329857,0.0438469098880887,0.044421447440981865,0.04371706768870354,0.04510685196146369,0.04516311129555106,0.04587175464257598,0.047423805110156536,0.044707870576530695,0.04440971836447716,0.04614089289680123,0.0490972506813705,0.04935043817386031,0.04845855850726366,0.04709732159972191,0.04900012444704771,0.05174499982967973,0.05142902536317706,0.05626545986160636,0.0588965960778296,0.057776299970490594,0.440470565110445,0.44700034335255623,0.44587036967277527,0.44477512314915657,0.4480484426021576,0.45653416588902473,0.45023269206285477,0.4340129755437374,0.43470944091677666,0.4322012588381767,0.43160180002450943,0.43126199021935463,0.4241386391222477,0.42311230674386024,0.422866128385067,0.4237312600016594,0.42267831787467003,0.42902836203575134,0.4209407977759838,0.4099232517182827,0.4069191701710224,0.40179790928959846,0.39438389986753464,0.4014512896537781,0.39113015681505203,0.3939385339617729,0.38248271122574806,0.3771310970187187,0.3723277598619461,0.3720465153455734,0.3681619465351105,0.36791299283504486,0.3576243817806244,0.3586305342614651,0.36388074234128,0.35234903171658516,0.34860192984342575,0.34668055549263954,0.34256109595298767,0.3395875133574009,0.3314198702573776,0.3288950026035309,0.32957155629992485,0.3390020504593849,0.33362631127238274,0.3348994180560112,0.3476471118628979,0.3450981080532074
LLS_d0,1,11,0.033284664154052734,-0.007246911525726318,-0.01897221803665161,0.1841835379600525,0.1423841118812561,0.07095956802368164,5.902332782745361,3.9307427406311035,3567.9113998413086,0.7635491713881493,0.7574652060866356,0.7589439228177071,0.7597355842590332,0.7578395530581474,0.6958665773272514,0.7096955180168152,0.7204364165663719,0.718275174498558,0.7106632590293884,0.7087089568376541,0.7171215191483498,0.7318160682916641,0.7375980839133263,0.7370857447385788,0.7765019610524178,0.7936006188392639,0.7914580330252647,0.7897427156567574,0.7919433563947678,0.7944466918706894,0.8016355633735657,0.8011068180203438,0.8057757318019867,0.8037631586194038,0.7994175627827644,0.7850924730300903,0.7687212973833084,0.7819792404770851,0.779954768717289,0.767218105494976,0.7892408594489098,0.8127271309494972,0.8187803477048874,0.845098078250885,0.8359532952308655,0.8213250488042831,0.8369532600045204,0.853133961558342,0.8562591150403023,0.8415953740477562,0.8383878469467163,0.8271690979599953,0.8249113857746124,0.8255388662219048,0.8309290632605553,0.827180877327919,0.8306996652058193,0.2277574259787798,0.22526520118117332,0.2252939362078905,0.2240000069141388,0.22018734738230705,0.22322672978043556,0.23348520882427692,0.24404099956154823,0.2517259940505028,0.2595006264746189,0.26685525104403496,0.2769932821393013,0.280770156532526,0.2875206135213375,0.29239124059677124,0.2839607745409012,0.29018963500857353,0.2960710749030113,0.3017662316560745,0.3065948188304901,0.3049220070242882,0.30255864188075066,0.3030891939997673,0.30649174377322197,0.31150858476758003,0.3130284287035465,0.31825580075383186,0.3187822960317135,0.31919026747345924,0.3158448860049248,0.3170640282332897,0.31551336124539375,0.3145047463476658,0.3095795512199402,0.3062202222645283,0.30519671365618706,0.30690327659249306,0.3060859404504299,0.30312737450003624,0.2949644736945629,0.2986588515341282,0.29828542470932007,0.2942754738032818,0.2918502278625965,0.2907699868083,0.2874373272061348,0.2869180291891098,0.2864750325679779,0.09901568479835987,0.09403923898935318,0.09165167529135942,0.08716687746345997,0.07927590422332287,0.07619232404977083,0.07073041144758463,0.06549156829714775,0.06156237795948982,0.06230556033551693,0.06065971264615655,0.06014491291716695,0.05491742119193077,0.055642835795879364,0.057096193078905344,0.05012344056740403,0.05069951992481947,0.0528910243883729,0.0517121315933764,0.05198445310816169,0.05538457492366433,0.05467701144516468,0.05521918321028352,0.05541444895789027,0.05603315029293299,0.05525413155555725,0.05549846449866891,0.05274110706523061,0.05043485714122653,0.04867461649700999,0.046349518932402134,0.05034840805456042,0.0516029866412282,0.05161082185804844,0.05278819473460317,0.05222278134897351,0.052249249536544085,0.053590497467666864,0.05405695177614689,0.060672116465866566,0.05652524717152119,0.05508390814065933,0.05432634986937046,0.05392917478457093,0.056002779863774776,0.057903578504920006,0.06142204161733389,0.059818316251039505,0.4603593610227108,0.4634146988391876,0.46392830833792686,0.4631399177014828,0.4640948437154293,0.480741698294878,0.46299465745687485,0.4488266333937645,0.43809298798441887,0.4391893707215786,0.43590547144412994,0.431924220174551,0.42201996594667435,0.4150119684636593,0.409458227455616,0.39945952594280243,0.39150112494826317,0.3889535143971443,0.378024373203516,0.38037005439400673,0.38046444952487946,0.37176690995693207,0.3643787018954754,0.36504655331373215,0.35924172028899193,0.3575267605483532,0.35771169140934944,0.3524372726678848,0.3487887941300869,0.33998052403330803,0.32984380796551704,0.3360152132809162,0.34545396640896797,0.3375786617398262,0.3344700001180172,0.32077382877469063,0.31214290857315063,0.3056527264416218,0.2985469028353691,0.3161732368171215,0.29106540977954865,0.28353317826986313,0.2750941850244999,0.26890235021710396,0.264485452324152,0.263454619795084,0.25904346257448196,0.2571637076990945
LLS_d0,0,12,0.11712545156478882,0.03748232126235962,0.005940675735473633,0.27604180574417114,0.02690058946609497,-0.024238169193267822,6.215969085693359,8.954888343811035,2622.829981803894,0.4127994738519192,0.4105996862053871,0.3786797448992729,0.41842175647616386,0.4505610242486,0.4493001401424408,0.41623638197779655,0.43717755004763603,0.4475247748196125,0.4819462224841118,0.5326388031244278,0.5536513552069664,0.5735257267951965,0.5790132954716682,0.5688849687576294,0.5909243449568748,0.5825114548206329,0.5941051691770554,0.6081004589796066,0.607137143611908,0.5968952476978302,0.5353549644351006,0.5816276893019676,0.621458075940609,0.6123711466789246,0.6367484629154205,0.5750438719987869,0.5844075456261635,0.5553008615970612,0.5469576269388199,0.5818526446819305,0.5613068118691444,0.5826690718531609,0.6251361891627312,0.6233768314123154,0.625706858932972,0.6261810585856438,0.6003452390432358,0.6293986886739731,0.6199259832501411,0.6190925016999245,0.5940143465995789,0.6144986301660538,0.6133070662617683,0.5804212316870689,0.5848812684416771,0.5823281034827232,0.5759398511477879,0.2378715556114912,0.23324371129274368,0.2503234725445509,0.24030531756579876,0.23529171384871006,0.23809945955872536,0.2500208243727684,0.25117694959044456,0.2667628116905689,0.26173268258571625,0.2718903496861458,0.26607220247387886,0.2656984180212021,0.2713533006608486,0.27953359484672546,0.2794298566877842,0.2923247218132019,0.2924765795469284,0.293048158288002,0.2876538448035717,0.3015291541814804,0.3137363903224468,0.2912733480334282,0.29263486340641975,0.28509337082505226,0.2858245149254799,0.2859436571598053,0.2850812338292599,0.28877320513129234,0.29485858604311943,0.28536736592650414,0.2975984811782837,0.2910424657166004,0.2933925837278366,0.2951422557234764,0.2881501019001007,0.2848109006881714,0.30886998400092125,0.2759072817862034,0.27530547603964806,0.27412274107337,0.27866146340966225,0.27044034376740456,0.3079446740448475,0.2888301946222782,0.26903650909662247,0.26779670268297195,0.26709884830883573,0.14223201759159565,0.13482639007270336,0.12372091505676508,0.12829342484474182,0.1348992306739092,0.12960954010486603,0.15849001705646515,0.16186000779271126,0.1582957487553358,0.15748773887753487,0.17169280722737312,0.1758075375109911,0.17807319946587086,0.18396750837564468,0.18937853537499905,0.1977006010711193,0.18926281295716763,0.2026780191808939,0.1907393205910921,0.18932995200157166,0.1828048937022686,0.20065495185554028,0.18950936757028103,0.18152224272489548,0.17794525623321533,0.17566963285207748,0.19759043492376804,0.18090308085083961,0.15340125933289528,0.15140115655958652,0.14223591424524784,0.13483409769833088,0.14927506633102894,0.14635770581662655,0.16302254609763622,0.1692160665988922,0.18776669166982174,0.16063640639185905,0.1633508112281561,0.16082304902374744,0.1535474844276905,0.16720894165337086,0.1702952031046152,0.15959708765149117,0.16594289988279343,0.1685671340674162,0.16869517974555492,0.1824986892087119,0.4655120186507702,0.4600636288523674,0.4530567154288292,0.44683752954006195,0.4365260936319828,0.42210179194808006,0.4209607020020485,0.4050454683601856,0.4168545752763748,0.389380544424057,0.3749995045363903,0.3587326817214489,0.35532671958208084,0.35499225929379463,0.3651488646864891,0.3421666547656059,0.3349510580301285,0.3041081801056862,0.3130827583372593,0.29702239111065865,0.3093228116631508,0.3485395945608616,0.3101967051625252,0.30288180708885193,0.28269852697849274,0.281341727823019,0.31306587532162666,0.3084988556802273,0.3148564547300339,0.30871498957276344,0.28728554770350456,0.3000550828874111,0.2863883562386036,0.28797996789216995,0.2919631600379944,0.2619849182665348,0.27512983977794647,0.31723256781697273,0.27346671745181084,0.276388730853796,0.26580920442938805,0.2815561778843403,0.27744900807738304,0.29412341490387917,0.29257334396243095,0.268229890614748,0.28254691511392593,0.2809503291334425
LLS_d0,1,12,0.046986401081085205,-0.0029639601707458496,0.02555173635482788,0.18446284532546997,-0.03779339790344238,-0.0005300045013427734,6.588146209716797,7.750126361846924,5662.277254104614,0.49545925110578537,0.5003631226718426,0.5081191584467888,0.5188551098108292,0.5146340355277061,0.5237652435898781,0.51263078302145,0.5068403519690037,0.4976867362856865,0.5191301628947258,0.4998747520148754,0.5142964273691177,0.5096983388066292,0.5118116810917854,0.5452567785978317,0.5275071561336517,0.5039377622306347,0.5434375777840614,0.5576504692435265,0.564069539308548,0.5764491558074951,0.552860252559185,0.5624445974826813,0.5557472258806229,0.5592786967754364,0.5554280281066895,0.5530005469918251,0.5733091458678246,0.5959053263068199,0.576964795589447,0.5889251455664635,0.5934137552976608,0.5921619012951851,0.6035143733024597,0.6187367290258408,0.631806842982769,0.6359483897686005,0.6559037491679192,0.6620693355798721,0.6474203541874886,0.6282713934779167,0.6320722848176956,0.618467815220356,0.5853272825479507,0.5893425047397614,0.5824010744690895,0.5841560214757919,0.5971548216683524,0.2629258371889591,0.25814497098326683,0.2552274316549301,0.2525632679462433,0.2563168406486511,0.26154860854148865,0.26079022511839867,0.2550218924880028,0.25699443742632866,0.2701098322868347,0.2755305804312229,0.2811787277460098,0.2874460630118847,0.29490893706679344,0.30213455110788345,0.30971669778227806,0.31303637102246284,0.3215978555381298,0.3288809359073639,0.32474709674715996,0.31365568935871124,0.3150193504989147,0.3249681554734707,0.30853770300745964,0.3091346211731434,0.318113062530756,0.29059233143925667,0.2904495783150196,0.30153385922312737,0.29695186391472816,0.29394886642694473,0.29895711690187454,0.3040277697145939,0.30243847146630287,0.2924657352268696,0.29758889973163605,0.29633836448192596,0.29252713173627853,0.2876017354428768,0.2696714214980602,0.26825475320219994,0.2690901793539524,0.2779186964035034,0.2648852802813053,0.24682286381721497,0.24675023555755615,0.24981862120330334,0.25065749883651733,0.1196169126778841,0.11810081824660301,0.11414327844977379,0.10588058643043041,0.11569158732891083,0.14668504521250725,0.14372395910322666,0.13406209088861942,0.12962265871465206,0.13129653222858906,0.13329191878437996,0.1314155701547861,0.131124054081738,0.13798298686742783,0.13726906664669514,0.13302297703921795,0.12870442122220993,0.12433317955583334,0.12093972321599722,0.11854969710111618,0.13398750871419907,0.15085734985768795,0.1429162323474884,0.13518125377595425,0.13073676638305187,0.12354361452162266,0.12405267637223005,0.14206796884536743,0.14632597379386425,0.14786218293011189,0.1422309000045061,0.142487408593297,0.15252617560327053,0.14929373189806938,0.1379380039870739,0.12944306805729866,0.13195042870938778,0.12432090099900961,0.11306798364967108,0.11481042951345444,0.11909542046487331,0.12010916508734226,0.13150612823665142,0.1334810508415103,0.10489392373710871,0.1211610371246934,0.13891556672751904,0.14639955120427267,0.4730010963976383,0.47121886163949966,0.46784381940960884,0.46716032177209854,0.44741837307810783,0.4227690175175667,0.4070059694349766,0.3776044175028801,0.3666612543165684,0.36622143909335136,0.37321876361966133,0.36328402534127235,0.3663087785243988,0.3637894168496132,0.3532267175614834,0.348437637090683,0.3543517179787159,0.34183812513947487,0.3399726636707783,0.321050975471735,0.333625715225935,0.33212536945939064,0.3378346897661686,0.32210806012153625,0.31448088586330414,0.33166438713669777,0.28801190480589867,0.2895399183034897,0.31290190666913986,0.3113464377820492,0.299592237919569,0.30416126549243927,0.3251970522105694,0.3259739838540554,0.3078285902738571,0.29803477972745895,0.30101146921515465,0.29595230892300606,0.28942733630537987,0.2671562172472477,0.2674287185072899,0.27675917744636536,0.3009393438696861,0.2820953279733658,0.2392528373748064,0.24329189769923687,0.2580428719520569,0.2592846666063581
LLS_d0,0,13,0.020018339157104492,-0.0075321197509765625,-0.00465768575668335,0.0784807801246643,0.06441670656204224,-0.015030831098556519,4.524669647216797,4.029166221618652,2619.497121334076,0.6171483173966408,0.6253457218408585,0.6214214786887169,0.6254188641905785,0.6316196024417877,0.6360693201422691,0.6482051685452461,0.656094878911972,0.6951246559619904,0.6975055560469627,0.7023739889264107,0.7107539996504784,0.6742003560066223,0.6678561270236969,0.6573538556694984,0.657846249639988,0.6861793696880341,0.7174028679728508,0.6940294653177261,0.7178560346364975,0.7334862947463989,0.6934778168797493,0.692072719335556,0.7099594175815582,0.7252380922436714,0.7055346891283989,0.70817781239748,0.7070302441716194,0.7175239250063896,0.7255088314414024,0.7661712393164635,0.7569726184010506,0.7561428770422935,0.8046229258179665,0.8196736797690392,0.8224800825119019,0.8229121267795563,0.8105996251106262,0.7983264401555061,0.8200396597385406,0.8220354616641998,0.842821478843689,0.8461529314517975,0.8566732779145241,0.8687498569488525,0.8693748265504837,0.8729995638132095,0.8719109126499721,0.2653060518205166,0.27125759795308113,0.273548848927021,0.2783348374068737,0.28230466321110725,0.2911123260855675,0.29643190652132034,0.3009692057967186,0.2965084798634052,0.29642175137996674,0.2923535779118538,0.28952087089419365,0.2988787852227688,0.30022934079170227,0.3019840307533741,0.2992593124508858,0.28702281787991524,0.2865299955010414,0.29766445606946945,0.30430880934000015,0.3072960115969181,0.3236284628510475,0.32213136181235313,0.3165755085647106,0.3139849826693535,0.3220020495355129,0.3188946358859539,0.32211263850331306,0.32213811948895454,0.3215222507715225,0.32024528458714485,0.3221796825528145,0.32292818650603294,0.311284888535738,0.3114868365228176,0.31139814853668213,0.3074887990951538,0.3107849769294262,0.31227052584290504,0.3041497692465782,0.3009159378707409,0.3014717400074005,0.3034491091966629,0.3008307218551636,0.30284566804766655,0.3108709827065468,0.30924537777900696,0.30955897910254343,0.13645630702376366,0.12518110126256943,0.11913042329251766,0.11678057163953781,0.11503749154508114,0.11589283216744661,0.11582396179437637,0.11105076782405376,0.103044917806983,0.09512628056108952,0.08943888265639544,0.07746230065822601,0.07714727893471718,0.07885581254959106,0.07446603570133448,0.07022947818040848,0.06726143974810839,0.06982108484953642,0.06434851605445147,0.05589550593867898,0.05803677160292864,0.05730565823614597,0.058772409334778786,0.05422542057931423,0.05454625329002738,0.05504070874303579,0.05849825544282794,0.06001234380528331,0.05933221196755767,0.053802570793777704,0.06201148545369506,0.06077066250145435,0.06344452314078808,0.06619590613991022,0.06428504083305597,0.06465563364326954,0.0659460797905922,0.06785707268863916,0.07030719611793756,0.06612002849578857,0.07259104121476412,0.0711126122623682,0.06523323152214289,0.060413348488509655,0.06711069028824568,0.07578169088810682,0.07607128843665123,0.07595572407756533,0.4783838577568531,0.4593171626329422,0.45882347971200943,0.45392436534166336,0.4511910378932953,0.44682594016194344,0.44649461284279823,0.44226184114813805,0.41139522194862366,0.4137630797922611,0.4295883998274803,0.4170384146273136,0.40119850635528564,0.3896082602441311,0.3884087800979614,0.4063600040972233,0.38064057752490044,0.3692976161837578,0.35819055512547493,0.3683105297386646,0.35475602746009827,0.3704336918890476,0.376783300191164,0.37355775013566017,0.36812546104192734,0.36786386743187904,0.3511502631008625,0.35733770951628685,0.3658021241426468,0.35738807916641235,0.3592434227466583,0.3619227893650532,0.3710721954703331,0.36503755301237106,0.3506697081029415,0.34151486679911613,0.33722156286239624,0.3524899557232857,0.3580520525574684,0.35732444003224373,0.35290442034602165,0.3416542075574398,0.3312949314713478,0.319709163159132,0.32268108054995537,0.31863827258348465,0.3180720955133438,0.32216266223362516
LLS_d0,1,13,0.034874916076660156,0.026659131050109863,0.026024162769317627,-0.040525853633880615,0.056076109409332275,0.023785769939422607,3.4756181240081787,4.626102924346924,3793.5679693222046,0.6488329768180847,0.6506132334470749,0.6511225327849388,0.6501527726650238,0.673410177230835,0.6859896779060364,0.6926185414195061,0.698110818862915,0.6988690122961998,0.7064549028873444,0.7002507001161575,0.6721154227852821,0.6695451512932777,0.694280356168747,0.675054058432579,0.675126776099205,0.669019304215908,0.6896877214312553,0.6998956874012947,0.7387556508183479,0.7616098895668983,0.7840618714690208,0.8155612275004387,0.793625108897686,0.7674519196152687,0.7725083604454994,0.7942704558372498,0.8110459893941879,0.8192593231797218,0.8136819005012512,0.8139134272933006,0.8068012595176697,0.8140479400753975,0.8156336694955826,0.8292895406484604,0.8248676881194115,0.8214628472924232,0.8230254575610161,0.8318291008472443,0.7840652018785477,0.805755577981472,0.8130443915724754,0.7922735959291458,0.8271340355277061,0.8501991555094719,0.8441545516252518,0.8650147691369057,0.8725379024233136,0.263920146971941,0.26428642123937607,0.26160819828510284,0.2670575939118862,0.2738249972462654,0.2787424810230732,0.2806612215936184,0.2741212397813797,0.27687861770391464,0.2749854102730751,0.2732672542333603,0.2823556363582611,0.27570734173059464,0.2639528475701809,0.26773983240127563,0.27106569334864616,0.2729760780930519,0.2743856757879257,0.264044564217329,0.25318628177046776,0.2509688399732113,0.24356799200177193,0.2345187608152628,0.24589253962039948,0.2546989396214485,0.2535289376974106,0.25310391187667847,0.2550693303346634,0.26022809743881226,0.267181932926178,0.2686610370874405,0.2678483724594116,0.27364572510123253,0.2787964381277561,0.28572479262948036,0.2849106229841709,0.28637033328413963,0.2899979092180729,0.29046355560421944,0.2768729478120804,0.27628378942608833,0.27209828048944473,0.2747928649187088,0.2658999003469944,0.26436715945601463,0.2725289799273014,0.2652273364365101,0.26340179783957346,0.11006477009505033,0.10306724347174168,0.10015557333827019,0.0939810136333108,0.08994304295629263,0.08914235513657331,0.0851403959095478,0.08005890902131796,0.07490723393857479,0.06989488657563925,0.07530385814607143,0.08574479818344116,0.08827001042664051,0.08496899344027042,0.08539763931185007,0.0802972549572587,0.07456022128462791,0.07857972104102373,0.08297823462635279,0.08299994375556707,0.09001962188631296,0.08487257268279791,0.07463773991912603,0.0680911485105753,0.07166774291545153,0.07933097891509533,0.07915760111063719,0.07971552107483149,0.07424812391400337,0.08435304462909698,0.09189468156546354,0.09338539838790894,0.10111227817833424,0.10582966729998589,0.10459635779261589,0.10152908880263567,0.10281754191964865,0.10421251226216555,0.09984066523611546,0.09842417296022177,0.09583324287086725,0.09271539002656937,0.08971249219030142,0.09130328800529242,0.08951346017420292,0.09063630178570747,0.0909940805286169,0.0892536033477102,0.49842340871691704,0.4929492250084877,0.4924387000501156,0.4874598868191242,0.4509718306362629,0.43776990100741386,0.4357711598277092,0.43632663041353226,0.4279569610953331,0.41994205117225647,0.422238077968359,0.41591767594218254,0.4141797199845314,0.41191132739186287,0.39317185059189796,0.3822271265089512,0.3934187702834606,0.38459479808807373,0.371018186211586,0.3526082783937454,0.35585567727684975,0.3449457734823227,0.31592924892902374,0.31566938012838364,0.3246375545859337,0.3428451456129551,0.3392179422080517,0.3386896476149559,0.33457596600055695,0.3324352242052555,0.33146319165825844,0.32215002179145813,0.33145902678370476,0.3321700394153595,0.3300592824816704,0.32257578894495964,0.3347945846617222,0.3271675407886505,0.3231060691177845,0.3875148594379425,0.3655933812260628,0.3634687773883343,0.3572005517780781,0.34552908316254616,0.33137302473187447,0.3183571882545948,0.30900705233216286,0.30466910345213755
LLS_d0,0,14,0.024594247341156006,-0.026845693588256836,-0.03587770462036133,0.02626478672027588,0.012106359004974365,0.0013073086738586426,2.845895290374756,2.7684648036956787,1828.872640132904,0.7697925940155983,0.7497865706682205,0.7359750047326088,0.7305561155080795,0.7308845967054367,0.695614330470562,0.6677087247371674,0.6489314436912537,0.6564492657780647,0.6687807664275169,0.6584052368998528,0.6549436524510384,0.6799387112259865,0.6787688583135605,0.6587516367435455,0.6659321412444115,0.6722412109375,0.6973195001482964,0.7024698629975319,0.705576702952385,0.6918618232011795,0.688901349902153,0.688209742307663,0.7012271359562874,0.7055912017822266,0.7161278203129768,0.7319109588861465,0.7470756396651268,0.7409917488694191,0.7464495524764061,0.7346242293715477,0.726777508854866,0.7334226369857788,0.7339363470673561,0.7340574339032173,0.7350261136889458,0.7362898737192154,0.7291095405817032,0.735801137983799,0.7291829064488411,0.7262171655893326,0.729168251156807,0.7286588847637177,0.7273693159222603,0.7265581861138344,0.7280984818935394,0.7207500115036964,0.7113552859851292,0.22392931766808033,0.21499816700816154,0.20584760047495365,0.22062812000513077,0.21917893178761005,0.23710429854691029,0.25136381573975086,0.2511144783347845,0.2630429584532976,0.28406742215156555,0.2906576432287693,0.28594349697232246,0.2962459810078144,0.30037690326571465,0.30161309614777565,0.300214197486639,0.293537862598896,0.28953224048018456,0.29458261653780937,0.294824693351984,0.2960842102766037,0.3040236756205559,0.3057686649262905,0.3000034727156162,0.30415869504213333,0.3038810268044472,0.29373764991760254,0.27853303775191307,0.27980344742536545,0.2782994359731674,0.2730560600757599,0.27016615867614746,0.27555401995778084,0.27869725599884987,0.2769693434238434,0.2752411551773548,0.27281834930181503,0.2745176702737808,0.2790660634636879,0.26624855771660805,0.269613903015852,0.26521262153983116,0.26587865501642227,0.2711971178650856,0.26660268381237984,0.2694150544703007,0.26146599650382996,0.26239160554749624,0.09609957318753004,0.10193200316280127,0.10028441995382309,0.0976847680285573,0.10342776030302048,0.10597758088260889,0.09534481447190046,0.10185212921351194,0.10464081820100546,0.10638540890067816,0.10730812791734934,0.10280216950923204,0.10895735491067171,0.12271646969020367,0.1271088244393468,0.1398629192262888,0.12347614951431751,0.11048678774386644,0.11466261465102434,0.10956528782844543,0.11026273760944605,0.10362716391682625,0.10609887354075909,0.10317040700465441,0.10370233934372663,0.10443110670894384,0.10922577045857906,0.11640628706663847,0.11124583426862955,0.1102830758318305,0.11563565582036972,0.12015931401401758,0.11315096169710159,0.11839176248759031,0.12102740444242954,0.12115414533764124,0.1179848462343216,0.12808913178741932,0.12720589712262154,0.12563704419881105,0.11896263062953949,0.11303575709462166,0.11749265715479851,0.11101766861975193,0.10707949381321669,0.10218352172523737,0.10832819063216448,0.11086619113172803,0.27976755052804947,0.26266301423311234,0.2528661750257015,0.262890949845314,0.2506515961140394,0.26346126943826675,0.270676352083683,0.26203637197613716,0.2615887001156807,0.27858714759349823,0.2828417718410492,0.2853708602488041,0.29597826302051544,0.31004151701927185,0.3094419501721859,0.3057056851685047,0.2983153872191906,0.28837503120303154,0.29160449653863907,0.28546326979994774,0.2806847244501114,0.2853880599141121,0.2886584587395191,0.2754583954811096,0.2746080942451954,0.27492666244506836,0.26786572858691216,0.261183675378561,0.26668402180075645,0.2641907222568989,0.2614828497171402,0.25953032076358795,0.26254839450120926,0.2558937221765518,0.24866324104368687,0.24012986198067665,0.23537804745137691,0.2428287547081709,0.24150760658085346,0.2246609479188919,0.22626785561442375,0.21808256022632122,0.219542620703578,0.22584689408540726,0.21524562500417233,0.2194461990147829,0.22251323238015175,0.22443528047629765
LLS_d0,1,14,0.03226268291473389,0.03331112861633301,0.05207979679107666,0.06062805652618408,0.02074974775314331,0.03175544738769531,3.8940935134887695,3.1353566646575928,3406.9891395568848,0.7560780793428421,0.749546580016613,0.7336616739630699,0.7149092555046082,0.6980045214295387,0.674391858279705,0.6365340054035187,0.6685438379645348,0.6782596334815025,0.6930650621652603,0.6870383024215698,0.688658095896244,0.6852888837456703,0.6921727731823921,0.6770986691117287,0.6872077882289886,0.7000808566808701,0.6777788549661636,0.6723535433411598,0.6805909052491188,0.6514592319726944,0.6525012478232384,0.6521508395671844,0.6476180478930473,0.6536309495568275,0.6392856985330582,0.657946802675724,0.6484314650297165,0.6335593312978745,0.6456696763634682,0.654848650097847,0.6478620991110802,0.6400599703192711,0.6600713655352592,0.672162190079689,0.687915600836277,0.6975682377815247,0.7067869901657104,0.7213816121220589,0.7247760817408562,0.7262428253889084,0.729781337082386,0.7383757010102272,0.7415993437170982,0.7389630004763603,0.7240169271826744,0.7236388772726059,0.7108062420572553,0.26712583005428314,0.23217794485390186,0.22155972756445408,0.2122986502945423,0.22230961918830872,0.22434231638908386,0.25999207235872746,0.24651271291077137,0.24867533147335052,0.24744663015007973,0.25881279073655605,0.2602132745087147,0.27219996601343155,0.25977348908782005,0.2740475423634052,0.2786354087293148,0.272096686065197,0.27469266578555107,0.28175080567598343,0.28893980383872986,0.28041690587997437,0.27168436348438263,0.27336742728948593,0.2767588384449482,0.2786583714187145,0.2800193578004837,0.2837587110698223,0.29002902656793594,0.29252422228455544,0.29216107353568077,0.2925572320818901,0.2937743477523327,0.2952198050916195,0.29611682146787643,0.2921857424080372,0.29546499252319336,0.299930851906538,0.29259708151221275,0.2821720838546753,0.2657133564352989,0.26728398725390434,0.2712537720799446,0.27003802731633186,0.268631249666214,0.27404237911105156,0.28111208230257034,0.2784971706569195,0.2850570338112967,0.0916264085099101,0.10441415663808584,0.10136617626994848,0.10447569377720356,0.10188182443380356,0.10530450008809566,0.10671121720224619,0.1078127408400178,0.11735126562416553,0.11583509296178818,0.11767183244228363,0.12480830121785402,0.1224802564829588,0.13027090393006802,0.13306614384055138,0.12930105533450842,0.12036949675530195,0.12646397482603788,0.12694652751088142,0.13538512587547302,0.14142578095197678,0.13014731742441654,0.1296235341578722,0.12272794637829065,0.11805702466517687,0.12262016162276268,0.12822637427598238,0.12221664097160101,0.11994382087141275,0.1177922934293747,0.11556860990822315,0.11424997169524431,0.11285724490880966,0.11309475172311068,0.1136463051661849,0.10673576686531305,0.0997131485491991,0.09812528640031815,0.1027706041932106,0.1045632092282176,0.09670254774391651,0.09563700947910547,0.09569247346371412,0.09734940342605114,0.09230105299502611,0.0952269621193409,0.10141914803534746,0.0973552657025201,0.28483808040618896,0.2485976256430149,0.23866314068436623,0.22287900373339653,0.22359278611838818,0.2278842069208622,0.2584294732660055,0.25406816974282265,0.27493666112422943,0.28640134260058403,0.2953520901501179,0.2889910861849785,0.2999814823269844,0.2909036800265312,0.3028571903705597,0.3002461865544319,0.2889621779322624,0.30228114500641823,0.30810869112610817,0.31821952015161514,0.3046608604490757,0.2926480248570442,0.29456620290875435,0.2923114486038685,0.28965669497847557,0.28152575343847275,0.28019263967871666,0.29191136732697487,0.29500679671764374,0.2883209139108658,0.28691859915852547,0.28737497702240944,0.281843151897192,0.2786142975091934,0.2690149396657944,0.26869212836027145,0.2663004994392395,0.2640066184103489,0.25897614285349846,0.24301472678780556,0.2488615196198225,0.2494676597416401,0.24810067377984524,0.24198679625988007,0.2464443277567625,0.2548166923224926,0.2625344470143318,0.26845599923815044
LLS_d0,0,15,0.013235211372375488,-0.004008948802947998,-0.003893554210662842,0.07442575693130493,0.07735317945480347,0.03898215293884277,4.8852643966674805,3.6988301277160645,1829.4915518760681,0.6674938276410103,0.6498503237962723,0.6504198834300041,0.6723176762461662,0.6768662258982658,0.7057380825281143,0.7427306845784187,0.74746023863554,0.7795706540346146,0.7647772431373596,0.7539142146706581,0.7455346211791039,0.7174578681588173,0.6739647760987282,0.6520105004310608,0.6474702283740044,0.6622088775038719,0.6741034463047981,0.7046945914626122,0.7255222201347351,0.6986972019076347,0.662747785449028,0.6671317592263222,0.673860140144825,0.6891299784183502,0.693579189479351,0.671722799539566,0.6952893957495689,0.7133167237043381,0.6986662447452545,0.7060052379965782,0.7070531472563744,0.7101810723543167,0.7339688986539841,0.7535492330789566,0.751836434006691,0.7518726512789726,0.7458243146538734,0.7313037887215614,0.7497670724987984,0.72928536683321,0.7419203296303749,0.7439531907439232,0.7457928732037544,0.7494358941912651,0.7508037388324738,0.7343970015645027,0.7348278164863586,0.20623316429555416,0.21259254217147827,0.21356289088726044,0.21597030200064182,0.22211324237287045,0.22645996324717999,0.22351497039198875,0.22285675629973412,0.21816629357635975,0.22575192712247372,0.23356937803328037,0.2422158531844616,0.2505640834569931,0.26741473004221916,0.27600590139627457,0.2834000699222088,0.2868056744337082,0.2853316143155098,0.2878621444106102,0.2848426438868046,0.2881446108222008,0.28606900945305824,0.28870877996087074,0.2897343188524246,0.2922634035348892,0.29660434648394585,0.2998540438711643,0.3048788979649544,0.2986067906022072,0.3025118410587311,0.30304834619164467,0.3022356294095516,0.2976217530667782,0.29608188942074776,0.29675325006246567,0.30067993327975273,0.30120616033673286,0.2988021783530712,0.29737238958477974,0.28817447274923325,0.2869553081691265,0.291772473603487,0.2929496578872204,0.2927701324224472,0.28928736224770546,0.28891558200120926,0.29177704080939293,0.28891528078487944,0.06806375551968813,0.0697641083970666,0.07162637077271938,0.07474926766008139,0.07719224132597446,0.07687074691057205,0.0789205115288496,0.08287930022925138,0.08614075928926468,0.08540995139628649,0.09070312883704901,0.09105401206761599,0.09395187441259623,0.09751796908676624,0.09780396893620491,0.09722670540213585,0.09684507455676794,0.09638375230133533,0.08660424966365099,0.0894494904205203,0.09354335069656372,0.09553746227174997,0.09410711377859116,0.0929650878533721,0.08912382554262877,0.08837884292006493,0.0901509877294302,0.08816090598702431,0.08290751557797194,0.08068895991891623,0.07751846313476562,0.07712719403207302,0.07577141281217337,0.06986869685351849,0.06377872824668884,0.06115146167576313,0.061874745413661,0.0629527228884399,0.06501007126644254,0.06398341152817011,0.06329522468149662,0.061931999400258064,0.05844003614038229,0.058028795290738344,0.06126626906916499,0.060892329551279545,0.06330132763832808,0.06019908509084156,0.45092736557126045,0.45803936943411827,0.4582745395600796,0.44003377854824066,0.4294494204223156,0.4032716825604439,0.3731772266328335,0.36666231229901314,0.3430331274867058,0.34391120821237564,0.3501737006008625,0.3517764247953892,0.3609340526163578,0.383240781724453,0.39219291880726814,0.3844568394124508,0.37216947227716446,0.36154257878661156,0.33552979305386543,0.32513726875185966,0.38174140080809593,0.4050455242395401,0.39154304936528206,0.3800274170935154,0.3614626079797745,0.3635844402015209,0.3742339424788952,0.3539762571454048,0.34265006333589554,0.3421901538968086,0.33196067437529564,0.3340028114616871,0.3492681235074997,0.33950966969132423,0.3254750855267048,0.32509569078683853,0.32669946178793907,0.3332677483558655,0.33806151151657104,0.33550233393907547,0.3432709239423275,0.3497425466775894,0.35112886503338814,0.3494611158967018,0.3508971109986305,0.351894274353981,0.3609817326068878,0.3573025805609567
LLS_d0,1,15,0.019051551818847656,0.013853132724761963,0.03853034973144531,0.014383316040039062,-0.014563322067260742,-0.01128309965133667,4.410663604736328,3.4682061672210693,3676.85383272171,0.6845946460962296,0.6837754845619202,0.6896879747509956,0.7028683051466942,0.7035041376948357,0.7097395062446594,0.7284417524933815,0.7451150566339493,0.7503107041120529,0.7560610547661781,0.7465341165661812,0.7336118817329407,0.7239168882369995,0.7368740513920784,0.7222628071904182,0.7228592932224274,0.7168252840638161,0.692237488925457,0.6691529378294945,0.6791223287582397,0.697990246117115,0.6974143609404564,0.6916399225592613,0.6868598759174347,0.6729956418275833,0.6966109424829483,0.697022095322609,0.6969134882092476,0.6913506835699081,0.6742453277111053,0.6766598969697952,0.6828876286745071,0.7048516646027565,0.7269907742738724,0.7603079676628113,0.7698060646653175,0.769018143415451,0.7784887552261353,0.7645729333162308,0.7730846032500267,0.7745611295104027,0.7967634126543999,0.8008088022470474,0.7987324818968773,0.8040858805179596,0.8070748224854469,0.810564674437046,0.8057445628302438,0.22502229176461697,0.22192114405333996,0.21927254274487495,0.21848460286855698,0.2248151544481516,0.22440716996788979,0.21903377398848534,0.21514561772346497,0.22180172055959702,0.2291596196591854,0.23519000597298145,0.2330887820571661,0.23364411853253841,0.22887033596634865,0.23228746838867664,0.235737394541502,0.24063793569803238,0.2569108325988054,0.2687824219465256,0.26910877972841263,0.2644704207777977,0.26289090141654015,0.25780295953154564,0.26204729452729225,0.2767571099102497,0.2742844745516777,0.2767724543809891,0.28721853718161583,0.28089364245533943,0.2844048775732517,0.28467703983187675,0.2889505364000797,0.28450964018702507,0.2781011052429676,0.28104501962661743,0.28172918036580086,0.28124696388840675,0.27859964594244957,0.2766645587980747,0.27156518399715424,0.2690388262271881,0.2618802636861801,0.2627834677696228,0.26539475470781326,0.26906710490584373,0.26985353231430054,0.26992326602339745,0.2683763546603067,0.06915089301764965,0.06958871241658926,0.06763867754489183,0.06645123846828938,0.07209881953895092,0.07968169171363115,0.07865689974278212,0.07403330784291029,0.07558189611881971,0.07607503142207861,0.07885825075209141,0.07946351356804371,0.0817376971244812,0.07663390692323446,0.07470588106662035,0.07532843388617039,0.07346714287996292,0.0745072802528739,0.07299655769020319,0.0714948596432805,0.07032492849975824,0.07479034177958965,0.07976849004626274,0.07640822511166334,0.07334684766829014,0.07146409060806036,0.07149180676788092,0.07651596516370773,0.06924475450068712,0.06989176291972399,0.07065087836235762,0.07500983029603958,0.07636766042560339,0.07257351465523243,0.0669894078746438,0.06841820944100618,0.06819058302789927,0.0673504937440157,0.06771447136998177,0.06319976830855012,0.06564000714570284,0.06764504965394735,0.06703424826264381,0.06643458642065525,0.06539527326822281,0.06926198489964008,0.06586552876979113,0.06626536803586143,0.4471565894782543,0.441783644258976,0.4360444061458111,0.42194923758506775,0.41876058280467987,0.4042729586362839,0.3697865195572376,0.34523578360676765,0.33207370713353157,0.32332422211766243,0.32246068492531776,0.30483098328113556,0.2969868518412113,0.2797957733273506,0.2760109379887581,0.2759026698768139,0.28549714013934135,0.3119382932782173,0.32394761592149734,0.31627173721790314,0.30913611501455307,0.30785463005304337,0.30633406341075897,0.3024870827794075,0.3169281855225563,0.30903151258826256,0.3137812353670597,0.3342493064701557,0.3320371210575104,0.33591826632618904,0.3388506956398487,0.34930747374892235,0.349919430911541,0.3344043754041195,0.3165425695478916,0.3149164281785488,0.32465241104364395,0.3269423171877861,0.33424877747893333,0.3238915838301182,0.31870873644948006,0.31541408598423004,0.31888963282108307,0.32036391645669937,0.32754865288734436,0.3337979093194008,0.33608751371502876,0.3383505046367645
LLS_d0,0,16,0.03839510679244995,0.004969120025634766,-0.013580739498138428,0.0565374493598938,-0.0017195940017700195,-0.07423478364944458,5.301836013793945,7.1449785232543945,2311.882114648819,0.6093460395932198,0.5768598988652229,0.5637454092502594,0.5484607443213463,0.5503820031881332,0.5573112741112709,0.5588263347744942,0.5575036332011223,0.5621250122785568,0.5739810317754745,0.5936867967247963,0.5597480982542038,0.5329178497195244,0.5600453913211823,0.606677770614624,0.6504656374454498,0.6462719663977623,0.6447238624095917,0.6675710305571556,0.6991201266646385,0.6697264909744263,0.6556067615747452,0.6812295019626617,0.6876851543784142,0.6892398223280907,0.7258602231740952,0.7379533052444458,0.7441593632102013,0.7294219732284546,0.7608888745307922,0.7854031845927238,0.8107342571020126,0.8139987364411354,0.8263406977057457,0.8187807947397232,0.825322687625885,0.8237203732132912,0.8026351034641266,0.7830570638179779,0.7750128358602524,0.7656161189079285,0.7579981610178947,0.7663261890411377,0.7604091614484787,0.7583515495061874,0.7765747681260109,0.7751894295215607,0.7753783123833793,0.3010503649711609,0.3020908981561661,0.30906105041503906,0.31411192938685417,0.3140067048370838,0.31505725160241127,0.3141646012663841,0.3136192485690117,0.31432126834988594,0.3125510551035404,0.31184646114706993,0.31701192259788513,0.326015941798687,0.3203105553984642,0.3120453357696533,0.30100052058696747,0.296818308532238,0.2958334684371948,0.29428013414144516,0.29177844524383545,0.29239823669195175,0.29723064601421356,0.2898397035896778,0.2853905260562897,0.2878287583589554,0.2918047048151493,0.29109959304332733,0.2934596873819828,0.3006877787411213,0.30438021570444107,0.3024071417748928,0.29553883522748947,0.2916930206120014,0.29147394374012947,0.2910159192979336,0.2923021651804447,0.2910861484706402,0.29273930191993713,0.30046556517481804,0.29898563027381897,0.29667726159095764,0.2947692386806011,0.2934926711022854,0.2926538214087486,0.2939479202032089,0.29898303747177124,0.29630110040307045,0.2957613893917629,0.12240155041217804,0.1122827036306262,0.10635723732411861,0.09474629443138838,0.09258085582405329,0.0926274387165904,0.08857918623834848,0.08277538791298866,0.07910841330885887,0.07552806194871664,0.07813586294651031,0.08249014988541603,0.08466628286987543,0.087981466203928,0.09026604145765305,0.0918126655742526,0.08370223082602024,0.07557712215930223,0.06887652724981308,0.06532082986086607,0.0634086336940527,0.05967733729630709,0.056250929832458496,0.060010549146682024,0.06362217804417014,0.06772281602025032,0.07117999717593193,0.07357638422399759,0.07695044204592705,0.07453576382249594,0.07805108837783337,0.0830906955525279,0.08165641874074936,0.07870729546993971,0.07921774312853813,0.08570615109056234,0.09604897815734148,0.11293894052505493,0.12663997244089842,0.13357500173151493,0.13508094660937786,0.13219824247062206,0.13217626698315144,0.13058597035706043,0.13212997652590275,0.12755906581878662,0.12628498300909996,0.12511773939643586,0.3678773567080498,0.3800971582531929,0.3842707872390747,0.4260389283299446,0.4160708412528038,0.41839122399687767,0.4151270240545273,0.4107765257358551,0.40447015687823296,0.399833794683218,0.3927070125937462,0.395513329654932,0.37769581004977226,0.3595641925930977,0.3488813266158104,0.3393966183066368,0.30950019508600235,0.3095591403543949,0.32418571040034294,0.3164234794676304,0.2973334789276123,0.29004525765776634,0.28602150082588196,0.28757287934422493,0.3029312416911125,0.31522369757294655,0.31966085731983185,0.3214869052171707,0.3200630731880665,0.30881957709789276,0.30310384929180145,0.29713403061032295,0.29874415323138237,0.2942269556224346,0.30688556656241417,0.32307932525873184,0.32596803829073906,0.3459326736629009,0.3664473928511143,0.35540414974093437,0.3462880924344063,0.358926210552454,0.3643924854695797,0.36524371430277824,0.3653363399207592,0.35745637118816376,0.3535013981163502,0.3477365715163095
LLS_d0,1,16,0.025512337684631348,0.013819098472595215,0.02335745096206665,0.10857194662094116,0.046861231327056885,0.05682706832885742,3.7572455406188965,7.817091941833496,3787.741964817047,0.5336545407772064,0.46772807464003563,0.4476732388138771,0.4761790446937084,0.5075652748346329,0.5242431089282036,0.5538426339626312,0.5795101150870323,0.6118412464857101,0.6259744241833687,0.6433029621839523,0.6548836529254913,0.6854677200317383,0.6772338524460793,0.6973722279071808,0.7422545254230499,0.7632058337330818,0.7819510400295258,0.799218162894249,0.7799877598881721,0.7614183276891708,0.757797122001648,0.7557917013764381,0.7598715424537659,0.78205656260252,0.8123418018221855,0.8191158771514893,0.8191418126225471,0.7944013103842735,0.7579941228032112,0.7723882868885994,0.7796897366642952,0.8018807247281075,0.8155836760997772,0.8286538571119308,0.8407315537333488,0.8493150845170021,0.8567104935646057,0.8649908825755119,0.8751882538199425,0.8850602060556412,0.8901092857122421,0.8955444321036339,0.8976707756519318,0.9020751640200615,0.9037956893444061,0.9058048129081726,0.906280517578125,0.3001459613442421,0.29943111911416054,0.30574992671608925,0.3128931224346161,0.31338875740766525,0.31367553770542145,0.30801213160157204,0.3060186132788658,0.3052580952644348,0.3058978542685509,0.30222081020474434,0.2960038371384144,0.2877054959535599,0.2831590287387371,0.27359414473176,0.26392439752817154,0.25920555740594864,0.2577713690698147,0.2543197348713875,0.2562990225851536,0.2594011276960373,0.26135507971048355,0.26184624060988426,0.2655614987015724,0.2700415849685669,0.2710818648338318,0.27235082536935806,0.2775317654013634,0.2873242422938347,0.2985815070569515,0.29984046518802643,0.2938220500946045,0.28262779861688614,0.28535447642207146,0.2856990285217762,0.28375815972685814,0.28478268906474113,0.27868109941482544,0.2680697329342365,0.2649105601012707,0.25534648448228836,0.25771673396229744,0.25153037160634995,0.24630074203014374,0.2469177171587944,0.24545751325786114,0.24044244550168514,0.23867788910865784,0.12013858091086149,0.09503718093037605,0.09131766390055418,0.08312215097248554,0.07454326096922159,0.06953310687094927,0.06971812434494495,0.06758545432239771,0.06663657259196043,0.06902305968105793,0.06729015707969666,0.06380254728719592,0.07034213375300169,0.06849927455186844,0.06749116070568562,0.07252066116780043,0.07622312661260366,0.0764883765950799,0.07868094649165869,0.07742839399725199,0.07589373085647821,0.07630212977528572,0.07519744616001844,0.07676962297409773,0.08101242687553167,0.08536938671022654,0.08333907555788755,0.08357309084385633,0.09056545235216618,0.10833873692899942,0.11444218829274178,0.11423547845333815,0.10617908462882042,0.10894920118153095,0.10894100274890661,0.11132160015404224,0.11131836287677288,0.10577482916414738,0.1040924210101366,0.09725710283964872,0.09398280642926693,0.08846847899258137,0.08285582344979048,0.08045187219977379,0.07950176671147346,0.07966581173241138,0.08117907494306564,0.078718934740339,0.39088933542370796,0.4773479364812374,0.46400236338377,0.42737865820527077,0.40182357281446457,0.38739555701613426,0.37240249663591385,0.36092232540249825,0.346060611307621,0.32987217977643013,0.31258444488048553,0.2988370321691036,0.2934231199324131,0.275079932063818,0.2640921473503113,0.25374446623027325,0.24934939108788967,0.2555846571922302,0.2658865265548229,0.24913730286061764,0.24725604616105556,0.24313801154494286,0.23659390211105347,0.24888663366436958,0.2593729607760906,0.26083023846149445,0.2597535587847233,0.2670416459441185,0.28243159130215645,0.2968425862491131,0.3184613920748234,0.3538960963487625,0.36474814638495445,0.3684562034904957,0.37136122956871986,0.362003605812788,0.352324441075325,0.3360440246760845,0.30406027659773827,0.3071722462773323,0.30485086143016815,0.30911676585674286,0.30487503483891487,0.28884224966168404,0.2712974585592747,0.26777515187859535,0.2758291997015476,0.27534290722438265
LLS_d0,0,17,0.03186368942260742,-0.013751804828643799,-0.022460103034973145,0.14627110958099365,0.1340673565864563,0.16618001461029053,5.7249860763549805,3.364980936050415,1834.4099204540253,0.6383491307497025,0.6230858489871025,0.6254429444670677,0.6307641640305519,0.6370485350489616,0.6751402020454407,0.717499852180481,0.7282804995775223,0.7310677468776703,0.7334780022501945,0.7421562597155571,0.7465631663799286,0.6967369914054871,0.6870576664805412,0.7015579044818878,0.7486129999160767,0.7498931884765625,0.7454132661223412,0.7304328978061676,0.7301431372761726,0.7302460893988609,0.7296191900968552,0.7262006849050522,0.7277720272541046,0.729631207883358,0.7243969812989235,0.7216843590140343,0.7075356021523476,0.7206422537565231,0.7185754477977753,0.6974979266524315,0.6805679649114609,0.673248641192913,0.6862648278474808,0.6985692605376244,0.7066596895456314,0.6917539536952972,0.6695481762290001,0.6891788691282272,0.6945992186665535,0.690951943397522,0.695838674902916,0.7115343287587166,0.7049008682370186,0.6770442351698875,0.6653085276484489,0.6794425323605537,0.6708400249481201,0.27862929552793503,0.28333933278918266,0.28288137912750244,0.2827666215598583,0.29895562306046486,0.29956771433353424,0.2817598022520542,0.27140529826283455,0.271097294986248,0.2739295959472656,0.27305692061781883,0.2751407064497471,0.3109268769621849,0.3174668215215206,0.30527792125940323,0.30356189236044884,0.30451344326138496,0.3055058754980564,0.3226756565272808,0.3244943134486675,0.32176123932003975,0.3223436400294304,0.3212870918214321,0.32328474521636963,0.32167423516511917,0.32331597432494164,0.3265054300427437,0.3272739164531231,0.3286864496767521,0.32404040917754173,0.3203166164457798,0.3267561122775078,0.3284255191683769,0.33426424488425255,0.32963334769010544,0.32527074590325356,0.32466626912355423,0.32678624987602234,0.3217790685594082,0.3272531144320965,0.3289777673780918,0.31928879395127296,0.30786045268177986,0.3113882392644882,0.33141425624489784,0.3439457528293133,0.33886465057730675,0.34177135143961224,0.09148814994841814,0.09325058199465275,0.09232595283538103,0.09020898956805468,0.09429551009088755,0.08315830957144499,0.07764056604355574,0.08162256516516209,0.08029629290103912,0.07551261968910694,0.07275672443211079,0.06949397455900908,0.07622989267110825,0.07742005679756403,0.06774632818996906,0.06438077567145228,0.06590089295059443,0.06365918461233377,0.07131526619195938,0.07491157297044992,0.07350240927189589,0.06731433980166912,0.05309347016736865,0.057137224823236465,0.05728342477232218,0.058351223822683096,0.05745521932840347,0.05422618566080928,0.06050798390060663,0.05871390737593174,0.05254359310492873,0.05054657720029354,0.04726826027035713,0.047062603291124105,0.04730613902211189,0.046000050846487284,0.044625842943787575,0.044340457767248154,0.04306548647582531,0.04695381550118327,0.04848141595721245,0.050765438470989466,0.04882624186575413,0.049523352179676294,0.047356226947158575,0.04684649407863617,0.04962333757430315,0.049324841371604373,0.4109301194548607,0.4134504497051239,0.40370622277259827,0.4007561206817627,0.3892573416233063,0.35797537863254547,0.3017892614006996,0.2705002799630165,0.261149063706398,0.25793658941984177,0.24789228476583958,0.23941613733768463,0.311239879578352,0.32865723967552185,0.30183418840169907,0.28141556680202484,0.27902039885520935,0.27583999186754227,0.307220209389925,0.30401089414954185,0.2929655499756336,0.29347357898950577,0.2935587465763092,0.2902684025466442,0.2864377051591873,0.28473906591534615,0.28746024519205093,0.2961481213569641,0.2915971539914608,0.28952597454190254,0.2827216610312462,0.29452183470129967,0.29849405586719513,0.30437830090522766,0.29979314282536507,0.2960236929357052,0.3015429861843586,0.31125304847955704,0.32060110569000244,0.33139287307858467,0.32946936413645744,0.32329530641436577,0.298687219619751,0.29911550879478455,0.3297022059559822,0.3458726592361927,0.33301782608032227,0.33416758690561565
LLS_d0,1,17,0.06937199831008911,0.04586821794509888,0.03327775001525879,0.1320168375968933,0.07889509201049805,0.07908463478088379,5.301091194152832,3.2916383743286133,3786.1328082084656,0.6311801224946976,0.621071994304657,0.6321039274334908,0.6451689898967743,0.6360407322645187,0.6245487406849861,0.6667424365878105,0.6889521479606628,0.6932900547981262,0.7013856396079063,0.7053680792450905,0.7175979465246201,0.7517782598733902,0.7648654580116272,0.7812713012099266,0.7871370986104012,0.7683108150959015,0.7964749485254288,0.8232214152812958,0.8182497322559357,0.8027563765645027,0.7834213897585869,0.8015252724289894,0.7959689721465111,0.8096005171537399,0.8176674768328667,0.8059303164482117,0.7930857017636299,0.7855469360947609,0.7864474952220917,0.7891975343227386,0.7820501625537872,0.7696029096841812,0.7602977976202965,0.757007010281086,0.7644573599100113,0.7594597414135933,0.7654969766736031,0.7703115418553352,0.773982435464859,0.7803438529372215,0.7817565500736237,0.7855108752846718,0.7858201339840889,0.7859959006309509,0.7819981351494789,0.798008881509304,0.8043156521660941,0.29725904762744904,0.2916496656835079,0.28684544935822487,0.2827729098498821,0.2878926545381546,0.29040713980793953,0.2778703197836876,0.24969456531107426,0.25536043383181095,0.2575233727693558,0.2638579048216343,0.2688256911933422,0.25604773685336113,0.2595931142568588,0.2575840651988983,0.2612420357763767,0.2959708757698536,0.2987818866968155,0.2858903110027313,0.28853121772408485,0.28995059058070183,0.29453833401203156,0.2790657877922058,0.2826029285788536,0.2727992869913578,0.2672116085886955,0.26893485710024834,0.2744169645011425,0.279697060585022,0.2808578610420227,0.27860845252871513,0.2800711691379547,0.287080105394125,0.2869171164929867,0.28119564801454544,0.2739938348531723,0.27675068005919456,0.2738698422908783,0.2756998762488365,0.2757807821035385,0.2741415202617645,0.2693590894341469,0.27213406190276146,0.27569882571697235,0.2788484953343868,0.29192857816815376,0.2866937033832073,0.28502785733767916,0.1209276020526886,0.11756689473986626,0.1131771681830287,0.10454068146646023,0.09540796559303999,0.09098968841135502,0.08431240543723106,0.07815330568701029,0.07580890320241451,0.07086677104234695,0.06805948354303837,0.06347061693668365,0.05656980723142624,0.0545001495629549,0.052575206849724054,0.05488644680008292,0.06461702706292272,0.06105132633820176,0.05323608452454209,0.05566089041531086,0.06051964731886983,0.06311536114662886,0.060424499213695526,0.06296929670497775,0.05770182516425848,0.05324880965054035,0.054167529102414846,0.05560206063091755,0.054992678575217724,0.0538926119916141,0.05745548568665981,0.05810867948457599,0.05872537428513169,0.06445073802024126,0.06507566850632429,0.06337513588368893,0.06424327567219734,0.06558666937053204,0.06641216203570366,0.06503017339855433,0.06671792548149824,0.06638399604707956,0.07088927645236254,0.07026365026831627,0.06814824603497982,0.06607814691960812,0.05854636896401644,0.054167822535548894,0.40304942429065704,0.39471516758203506,0.3842235580086708,0.3696749173104763,0.36778248101472855,0.3614499047398567,0.34454715996980667,0.2952023819088936,0.30514199659228325,0.30618857219815254,0.30126551911234856,0.2915862575173378,0.26631107553839684,0.2622944973409176,0.2523254808038473,0.24855297431349754,0.2869868502020836,0.28102050721645355,0.261929951608181,0.26517120748758316,0.27236413210630417,0.29574596509337425,0.291806198656559,0.2941170372068882,0.2717992626130581,0.2680795229971409,0.27101609855890274,0.2863299697637558,0.29969608411192894,0.30140797793865204,0.295553557574749,0.2920524999499321,0.297709621489048,0.30418526753783226,0.29595937207341194,0.29628776013851166,0.2948087714612484,0.28994978964328766,0.29593104124069214,0.2983606532216072,0.2983965277671814,0.30371010303497314,0.31199654564261436,0.3112169988453388,0.3150412254035473,0.33944907039403915,0.3348577171564102,0.3251369169780186
LLS_d0,0,18,0.037015318870544434,-0.01701819896697998,-0.010621488094329834,0.19026565551757812,0.010479480028152466,-0.016324728727340698,2.4080355167388916,1.829596996307373,3799.2752561569214,0.563602939248085,0.558004803955555,0.5563938021659851,0.5593172982335091,0.566865436732769,0.5742355287075043,0.5809255167841911,0.5960627496242523,0.6139092221856117,0.6320795193314552,0.6485500335693359,0.6615201309323311,0.6755993887782097,0.6891366094350815,0.6984995454549789,0.7153152450919151,0.7244608327746391,0.7211872935295105,0.721258670091629,0.7184988781809807,0.711832232773304,0.7146742790937424,0.7142331004142761,0.7193749994039536,0.7065763548016548,0.7134490758180618,0.7301225066184998,0.7445029467344284,0.7364739924669266,0.7427130863070488,0.7533028721809387,0.7610954344272614,0.7662207037210464,0.7746506109833717,0.7686582803726196,0.7666764557361603,0.7916316092014313,0.798723854124546,0.8064843639731407,0.8079052790999413,0.7990157380700111,0.7790351286530495,0.7862282320857048,0.796142689883709,0.7997793778777122,0.7920325547456741,0.7867089882493019,0.7806740147726876,0.23553103767335415,0.2350024227052927,0.23429764993488789,0.2345852255821228,0.2325242143124342,0.23169666714966297,0.23664155788719654,0.24169006012380123,0.24734369851648808,0.2564660459756851,0.26281948760151863,0.26753268390893936,0.26901715621352196,0.2800624743103981,0.28448623046278954,0.28324025124311447,0.28300200402736664,0.28577760607004166,0.2871491499245167,0.28711366280913353,0.2855958268046379,0.28124721720814705,0.2766312249004841,0.2807675525546074,0.2840724214911461,0.2861080467700958,0.2869937792420387,0.2909182757139206,0.294881172478199,0.292473703622818,0.28975437581539154,0.29079827293753624,0.2890426479279995,0.28754797950387,0.2858889512717724,0.28497321531176567,0.27746516838669777,0.278496827930212,0.27722400799393654,0.2773830220103264,0.27934617176651955,0.28404121473431587,0.2842423804104328,0.2812137119472027,0.28244949132204056,0.28526726737618446,0.2845909669995308,0.28279456070491243,0.12281590048223734,0.11661205068230629,0.11050392873585224,0.10580596700310707,0.10360592603683472,0.10281204432249069,0.102483369410038,0.10499019362032413,0.10521023347973824,0.10731426533311605,0.1114470474421978,0.11131804063916206,0.10831177793443203,0.115860965102911,0.11294415965676308,0.11091514118015766,0.11112827900797129,0.11510073021054268,0.11625919677317142,0.11397028714418411,0.10739493928849697,0.1059026475995779,0.1070441473275423,0.10961621813476086,0.10996755491942167,0.11487236432731152,0.11502111610025167,0.11482351273298264,0.12509633135050535,0.12160878349095583,0.11496371682733297,0.11380189750343561,0.10674788616597652,0.09981307107955217,0.10229295026510954,0.10370916314423084,0.09523510746657848,0.09385080356150866,0.08960733376443386,0.08316707611083984,0.08520865719765425,0.08935886435210705,0.0849484670907259,0.07964300643652678,0.07713643088936806,0.08013750799000263,0.08091768622398376,0.07593794912099838,0.41396572813391685,0.4095688611268997,0.4022712931036949,0.3878110982477665,0.37338877841830254,0.3594132289290428,0.35074595361948013,0.3373345546424389,0.3216763697564602,0.3150203227996826,0.30940256640315056,0.3064805194735527,0.3056291490793228,0.3208922706544399,0.3204338774085045,0.308022104203701,0.30023352429270744,0.30217958986759186,0.29980190843343735,0.2997877635061741,0.29063377156853676,0.28696830943226814,0.2870972156524658,0.2962707690894604,0.309817548841238,0.3145778030157089,0.30989348143339157,0.3130083717405796,0.3366760052740574,0.33166346326470375,0.3261026069521904,0.3231806345283985,0.3161461539566517,0.31520793959498405,0.32617262378335,0.33858077973127365,0.34217389672994614,0.3342224806547165,0.32203271239995956,0.31637871265411377,0.3235897049307823,0.3429127670824528,0.34103498235344887,0.3292781934142113,0.3336168974637985,0.3478989563882351,0.34771765023469925,0.341247626713344
LLS_d0,1,18,0.03816401958465576,0.027867555618286133,0.044761836528778076,0.19898533821105957,0.06652313470840454,0.08735808730125427,2.2168381214141846,2.192326784133911,3657.919548034668,0.5596431791782379,0.5557373911142349,0.5564767047762871,0.5591522827744484,0.5665471851825714,0.5717865452170372,0.5754917487502098,0.5885641798377037,0.5967583283782005,0.6038601249456406,0.6157547980546951,0.6030897721648216,0.576234832406044,0.5608270689845085,0.5680854842066765,0.5807077586650848,0.5868850722908974,0.5885826051235199,0.589199997484684,0.5896934568881989,0.6013669893145561,0.5986542925238609,0.6155906170606613,0.6151804774999619,0.6114273518323898,0.625232107937336,0.6424731984734535,0.6507543846964836,0.636270210146904,0.6455404981970787,0.653010331094265,0.6626135855913162,0.6796480193734169,0.7016825973987579,0.7025344297289848,0.6597892493009567,0.6539348140358925,0.6781134530901909,0.6917440071702003,0.6411548927426338,0.6009481325745583,0.6396933645009995,0.6718009114265442,0.6794354170560837,0.6735356897115707,0.66912030428648,0.6799561083316803,0.6903680222375053,0.24546429701149464,0.2427078653126955,0.24185311421751976,0.24161848239600658,0.23899732157588005,0.2359553575515747,0.2351229041814804,0.23875606805086136,0.24766956828534603,0.2536821495741606,0.2678360901772976,0.28123264387249947,0.2870532460510731,0.29198792576789856,0.29399461299180984,0.2955838181078434,0.2962684966623783,0.29914286360144615,0.30262789502739906,0.30449943616986275,0.3050055615603924,0.30619803443551064,0.30523768812417984,0.30394147336483,0.30291613191366196,0.30050911381840706,0.30076083168387413,0.3046504966914654,0.3081773668527603,0.3091110959649086,0.30981384217739105,0.30844052135944366,0.3041364625096321,0.30675332993268967,0.3149532340466976,0.31666845828294754,0.3118576481938362,0.3073844388127327,0.3046022914350033,0.29607314616441727,0.2887744829058647,0.2914389446377754,0.2887430861592293,0.2887376770377159,0.29315076023340225,0.2939027324318886,0.2922930084168911,0.2933462602751596,0.11809436231851578,0.11252772435545921,0.10678070224821568,0.10079632606357336,0.09574038628488779,0.08984484430402517,0.08833631873130798,0.08653097040951252,0.08783247973769903,0.08987694792449474,0.09435126837342978,0.09714182000607252,0.10247453302145004,0.10626520402729511,0.10526550374925137,0.10378638003021479,0.10431426484137774,0.10532818734645844,0.10605470277369022,0.10937857441604137,0.10983564145863056,0.10519452951848507,0.10295053850859404,0.10397463385015726,0.10167531948536634,0.10298775881528854,0.10604319255799055,0.10631934460252523,0.10692562069743872,0.10313928872346878,0.10267946776002645,0.10450406465679407,0.10365003254264593,0.0966987544670701,0.09284981805831194,0.09600979555398226,0.09403366688638926,0.09255626052618027,0.08837005216628313,0.08368775248527527,0.08081829827278852,0.08024595770984888,0.0768996812403202,0.07938328571617603,0.08280583471059799,0.08508641645312309,0.08726105187088251,0.08607680350542068,0.3971919156610966,0.3927849978208542,0.3897315487265587,0.3809576481580734,0.3673461154103279,0.3503507114946842,0.3398149311542511,0.3263853117823601,0.31659960374236107,0.3029467985033989,0.2998647391796112,0.30443915724754333,0.306492667645216,0.31296931579709053,0.3054027818143368,0.29697346687316895,0.29585735872387886,0.30303855240345,0.3129800744354725,0.32753681391477585,0.3380825072526932,0.3418601453304291,0.3480871208012104,0.378994345664978,0.39521315321326256,0.3984806388616562,0.4065125919878483,0.41887471452355385,0.42632297426462173,0.4265172816812992,0.41948603466153145,0.4111296311020851,0.4073827899992466,0.41560885310173035,0.42530250921845436,0.442765936255455,0.4429376721382141,0.433788500726223,0.4247402511537075,0.4322953373193741,0.4389574006199837,0.45134516060352325,0.4465623199939728,0.4442891553044319,0.45258328318595886,0.4571416825056076,0.4520872198045254,0.4434982069901058
LLS_d0,0,19,0.013785600662231445,-0.020123600959777832,-0.024769127368927002,0.15019893646240234,0.05499178171157837,-0.03271085023880005,3.597677230834961,2.134080171585083,1830.5151815414429,0.6938234120607376,0.7336434721946716,0.7619636803865433,0.7795493006706238,0.7897312045097351,0.8057971596717834,0.8364415094256401,0.8527734950184822,0.8556669801473618,0.8600209876894951,0.8663680478930473,0.8690374568104744,0.8735555782914162,0.8602706715464592,0.8684094995260239,0.8734444007277489,0.8809682130813599,0.8808574974536896,0.8845024257898331,0.8747045621275902,0.8691996037960052,0.8717918694019318,0.8679453954100609,0.8615654408931732,0.8594334200024605,0.8542955294251442,0.850646086037159,0.8609004616737366,0.8571515381336212,0.8524807617068291,0.8468358665704727,0.8623600453138351,0.8522993475198746,0.8537814766168594,0.8481556922197342,0.842573493719101,0.8467588573694229,0.8465156108140945,0.8411500826478004,0.8405783772468567,0.8347899317741394,0.8320049867033958,0.8372887149453163,0.8320283964276314,0.8244840428233147,0.8232649341225624,0.8269162029027939,0.8271323016711644,0.2457459680736065,0.24173405766487122,0.23666119389235973,0.2385608609765768,0.2452112641185522,0.24677209183573723,0.22653211653232574,0.22904987446963787,0.22722337022423744,0.22855757363140583,0.22887097485363483,0.22714711353182793,0.2258424051105976,0.23512887582182884,0.23176049254834652,0.23234128579497337,0.2305431179702282,0.23057705722749233,0.22772477008402348,0.22742174565792084,0.22686227224767208,0.2256592120975256,0.22624288499355316,0.22407674975693226,0.22512998431921005,0.22920453548431396,0.23075494915246964,0.23148129507899284,0.2296304628252983,0.22977999411523342,0.22423574700951576,0.2242445219308138,0.22916799783706665,0.23092567548155785,0.2284965794533491,0.22682912833988667,0.22082427144050598,0.2244921736419201,0.2277794387191534,0.22710751555860043,0.23267926461994648,0.23584183678030968,0.23891227133572102,0.23971355706453323,0.2443559318780899,0.24543423019349575,0.24748186767101288,0.24658152248178208,0.1292604934424162,0.11208367999643087,0.09873051196336746,0.0847946172580123,0.07515430264174938,0.06660886574536562,0.06783202663064003,0.06771713588386774,0.06790065299719572,0.064742311835289,0.05941318115219474,0.055464014410972595,0.053166824858635664,0.054684818256646395,0.05400132900103927,0.050793830305337906,0.04781534522771835,0.04770174017176032,0.044934920966625214,0.04240707354620099,0.04018290713429451,0.04024559399113059,0.04087186697870493,0.04130546236410737,0.04208116652444005,0.04097516601905227,0.039862926583737135,0.04019459197297692,0.0384377297013998,0.036677183117717505,0.03625871753320098,0.03882996225729585,0.03956144070252776,0.03927736636251211,0.039224909618496895,0.03846936393529177,0.036391095258295536,0.03659170074388385,0.03717714361846447,0.03710997570306063,0.03795052180066705,0.037824195344001055,0.03950038272887468,0.03802463924512267,0.03785078972578049,0.03971609193831682,0.03983307396993041,0.04081036416547639,0.4391452446579933,0.4217623993754387,0.4169907309114933,0.417439267039299,0.4212871380150318,0.4135493077337742,0.3912653587758541,0.3868592195212841,0.38538774847984314,0.3893149718642235,0.4017668887972832,0.4016924053430557,0.4096866846084595,0.431595865637064,0.4219109080731869,0.426204327493906,0.4261975958943367,0.43078454956412315,0.4369935505092144,0.45846836641430855,0.45752833411097527,0.45409057289361954,0.4683861695230007,0.46704621613025665,0.46119870245456696,0.4677802585065365,0.48050540313124657,0.4836564064025879,0.47370925173163414,0.47492148727178574,0.4716280810534954,0.46254436671733856,0.4619677774608135,0.4623286835849285,0.4555193856358528,0.4550895430147648,0.4464392252266407,0.4394123964011669,0.45727358013391495,0.45503494143486023,0.4638739079236984,0.4546379968523979,0.4634787365794182,0.4662371575832367,0.46864743158221245,0.48053522780537605,0.48834937810897827,0.485197514295578
LLS_d0,1,19,0.011908471584320068,0.012213051319122314,0.019404292106628418,0.11498886346817017,0.05682402849197388,0.00243532657623291,3.1309187412261963,2.2841572761535645,3719.4484248161316,0.7075951918959618,0.7399502545595169,0.7690736800432205,0.8029037639498711,0.8110591173171997,0.8296690285205841,0.8547359257936478,0.8747443407773972,0.8831075504422188,0.8882194384932518,0.9012213051319122,0.9020513519644737,0.8794952034950256,0.8823974058032036,0.87303227186203,0.8630893602967262,0.8575695306062698,0.8480724766850471,0.826667033135891,0.8219776079058647,0.8186211138963699,0.8072916641831398,0.8016458600759506,0.7961290702223778,0.7947120741009712,0.787517599761486,0.8029020801186562,0.8036454245448112,0.8035920634865761,0.7963890954852104,0.7935595661401749,0.7999266013503075,0.804734855890274,0.8160288259387016,0.8238883912563324,0.833192490041256,0.8406999558210373,0.8497288152575493,0.857028178870678,0.8490157872438431,0.8421057164669037,0.8475842773914337,0.8421703353524208,0.8301121518015862,0.8369126617908478,0.8505151346325874,0.8529860079288483,0.8589291998318264,0.25031705386936665,0.24495958164334297,0.2380961049348116,0.2331221718341112,0.23721754923462868,0.23015384934842587,0.22332775592803955,0.21825930662453175,0.2110857516527176,0.2104697059839964,0.21216098219156265,0.21133079938590527,0.21688762493431568,0.21927251480519772,0.22414701618254185,0.22460507415235043,0.22890266217291355,0.23103422112762928,0.23536419868469238,0.23415817134082317,0.23539935797452927,0.23718156106770039,0.23242550529539585,0.22596342489123344,0.22236318327486515,0.223712045699358,0.219440259039402,0.21198372542858124,0.2128673791885376,0.21591176092624664,0.2232518456876278,0.21740688756108284,0.21558652631938457,0.20972135104238987,0.2007175050675869,0.19379419274628162,0.2017700243741274,0.20359457097947598,0.20742488652467728,0.20182768441736698,0.20680618844926357,0.20472241193056107,0.20484381914138794,0.21670698933303356,0.21038121171295643,0.21155128255486488,0.2091109063476324,0.21157642347472055,0.12927479855716228,0.11291877273470163,0.09714761096984148,0.07735501695424318,0.06697428412735462,0.06381964031606913,0.05804290156811476,0.056474903132766485,0.05730806663632393,0.05502802785485983,0.05127029540017247,0.04779269779101014,0.045751416590064764,0.042591219767928123,0.04063958441838622,0.038683724123984575,0.04387279134243727,0.04298913385719061,0.0397381903603673,0.03899237932637334,0.04153288481757045,0.040113845374435186,0.038527213502675295,0.03988430928438902,0.04082762310281396,0.040087973698973656,0.04117951542139053,0.042857163585722446,0.0500963949598372,0.05047686165198684,0.04719470161944628,0.04679543012753129,0.04754611849784851,0.04515079502016306,0.04073508037254214,0.04161376226693392,0.041569862980395555,0.041367217898368835,0.04109801119193435,0.0374299674294889,0.037227948661893606,0.03755617141723633,0.03727415902540088,0.038820426911115646,0.039452001452445984,0.040774659253656864,0.04042048752307892,0.04354341062051909,0.48882733657956123,0.4787847064435482,0.47372381016612053,0.47570545598864555,0.4812597259879112,0.46344733983278275,0.44289666041731834,0.4297446571290493,0.4134232699871063,0.40950483828783035,0.40201983600854874,0.39847640320658684,0.41059980913996696,0.41317935287952423,0.4224986284971237,0.4227207973599434,0.4362650066614151,0.45208730548620224,0.46821393445134163,0.46812934800982475,0.46999071165919304,0.4741361699998379,0.46312838792800903,0.45758046954870224,0.4547228142619133,0.4596421495079994,0.4398506358265877,0.4462001845240593,0.4483366496860981,0.4564981460571289,0.4614502489566803,0.4493024908006191,0.44482629373669624,0.43380798771977425,0.4088861756026745,0.38700710982084274,0.39751365780830383,0.39741266518831253,0.3919713422656059,0.3968898728489876,0.40358075127005577,0.4144635647535324,0.42164652422070503,0.4377583861351013,0.42837874963879585,0.4293072372674942,0.43365443497896194,0.438993330512728
LLS_00,0,0,0.04212123155593872,0.00554966926574707,0.030202805995941162,0.038124680519104004,0.02363884449005127,-0.007801353931427002,3.631375551223755,2.7892649173736572,2627.38475894928,0.6426641494035721,0.6307714506983757,0.6250907778739929,0.6250999718904495,0.6201174929738045,0.6008785516023636,0.5790198668837547,0.5754727423191071,0.5697832182049751,0.5652876272797585,0.5542056858539581,0.5413018837571144,0.5422578901052475,0.5450309291481972,0.5492980033159256,0.5446827113628387,0.543541930615902,0.5501510053873062,0.5445588901638985,0.5358444526791573,0.5259104520082474,0.5245934352278709,0.5344217792153358,0.5362687855958939,0.5267933681607246,0.5302642807364464,0.5334011614322662,0.5314565226435661,0.5228859484195709,0.5183697864413261,0.5272971764206886,0.5333009287714958,0.5267818719148636,0.5375302582979202,0.5365676581859589,0.5307749286293983,0.5206050276756287,0.5178588330745697,0.5188727825880051,0.5155823454260826,0.5094443783164024,0.5038362145423889,0.5145222172141075,0.5160235017538071,0.5161790773272514,0.5094368532299995,0.4995347335934639,0.49748081394604277,0.2802249379456043,0.28329261764883995,0.28278932720422745,0.28115781024098396,0.28177831694483757,0.28864705190062523,0.29308152198791504,0.29246795549988747,0.2953030504286289,0.2949211224913597,0.29656750336289406,0.30114947259426117,0.3059331178665161,0.308583352714777,0.3090178444981575,0.31338414549827576,0.31473947688937187,0.3148895725607872,0.3196735233068466,0.32369711622595787,0.32736047357320786,0.32824132591485977,0.3290654830634594,0.3302040845155716,0.3291647806763649,0.32725704461336136,0.32700592651963234,0.3259750306606293,0.3298810385167599,0.33306167274713516,0.32932688668370247,0.32784685119986534,0.3306965045630932,0.32955343648791313,0.3300536312162876,0.32550083100795746,0.32904037833213806,0.33169861510396004,0.3297433406114578,0.3317030221223831,0.3321404829621315,0.3328177146613598,0.3332125209271908,0.3332263231277466,0.33450523018836975,0.3370399661362171,0.3411247543990612,0.34285991532461985,0.08464068081229925,0.08306961786001921,0.08269772119820118,0.0855958852916956,0.08347101602703333,0.08196364156901836,0.0836183000355959,0.08204912301152945,0.08507487270981073,0.08508261293172836,0.08349321596324444,0.08071675710380077,0.08163833618164062,0.07929635792970657,0.07640870288014412,0.07738400250673294,0.07920728903263807,0.07811659015715122,0.08878267370164394,0.081142651848495,0.0800489466637373,0.08253928739577532,0.07910960167646408,0.07944942638278008,0.08539972826838493,0.08921810705214739,0.08741798531264067,0.08459430001676083,0.08738494012504816,0.0846056928858161,0.0861459644511342,0.08765386883169413,0.08270018827170134,0.08110718335956335,0.08144721202552319,0.08004672545939684,0.08137411531060934,0.08374332264065742,0.08032030798494816,0.07828379608690739,0.0775164607912302,0.07732745446264744,0.0766027057543397,0.07625752873718739,0.07742775231599808,0.07820185273885727,0.0778325404971838,0.0784078910946846,0.3870239406824112,0.3849344253540039,0.395504679530859,0.3920937776565552,0.38600537180900574,0.38042642548680305,0.39996903762221336,0.4037455953657627,0.4049674794077873,0.39839449524879456,0.40069926157593727,0.40052036941051483,0.4020117036998272,0.40083131566643715,0.39901042357087135,0.3988364525139332,0.3903212435543537,0.3841402344405651,0.39067183807492256,0.39775606989860535,0.40352028980851173,0.39991235733032227,0.4078872315585613,0.4047805331647396,0.4176057539880276,0.4157489240169525,0.40570245310664177,0.39610862731933594,0.3987281508743763,0.40747522190213203,0.4009120389819145,0.39567140117287636,0.3979114592075348,0.384316299110651,0.38369134813547134,0.3687516935169697,0.37336645647883415,0.37943214178085327,0.38431403785943985,0.38937268778681755,0.38899123296141624,0.38447263464331627,0.38210589066147804,0.3852870874106884,0.383219949901104,0.38688723742961884,0.39906495809555054,0.4014825352600643
LLS_00,1,0,0.024904608726501465,-0.02949833869934082,-0.017197012901306152,0.03718215227127075,0.031580328941345215,0.03201407194137573,3.3010308742523193,4.056403636932373,2626.5307664871216,0.5912491828203201,0.5887353867292404,0.561534933745861,0.5407239124178886,0.5371295064687729,0.5480831116437912,0.5383838266134262,0.5372430011630058,0.529605969786644,0.5404000729322433,0.5294333323836327,0.5276228114962578,0.5431460961699486,0.5393904224038124,0.5222617611289024,0.512809157371521,0.5184703394770622,0.5134482830762863,0.5117878541350365,0.5126591175794601,0.5136313289403915,0.5060881227254868,0.49782324582338333,0.4821515679359436,0.4816291444003582,0.49278468266129494,0.48980311304330826,0.5037476606667042,0.4993652515113354,0.5128667801618576,0.5021315775811672,0.5050068721175194,0.5167737677693367,0.5578423216938972,0.5541573613882065,0.561335414648056,0.5716447457671165,0.5630521178245544,0.5491524413228035,0.5320616662502289,0.5298741683363914,0.5313405692577362,0.5373200848698616,0.5379434823989868,0.5284818485379219,0.5251282081007957,0.5205280259251595,0.5183395743370056,0.29147667437791824,0.2912352681159973,0.29727892577648163,0.3011668361723423,0.3053727522492409,0.3059828020632267,0.30530136451125145,0.30960435047745705,0.3173737935721874,0.32209742069244385,0.32805684208869934,0.32409680634737015,0.32741672545671463,0.3314777687191963,0.33720531687140465,0.33774425834417343,0.33507395535707474,0.3406011238694191,0.33814235404133797,0.3362757973372936,0.3351559266448021,0.3392447829246521,0.34458549693226814,0.3506636396050453,0.35177167877554893,0.34939489886164665,0.3469958044588566,0.34117936715483665,0.34299853816628456,0.34113268181681633,0.34404629468917847,0.34347543865442276,0.3416866809129715,0.34461046382784843,0.34635592997074127,0.3475547954440117,0.345062967389822,0.34469426050782204,0.3477870747447014,0.3457621783018112,0.3435171842575073,0.3453700914978981,0.3400859944522381,0.34416764974594116,0.34708795323967934,0.3478604443371296,0.35007717460393906,0.3502999799592154,0.08464490249752998,0.08093324396759272,0.07684891391545534,0.07537587732076645,0.0783712025731802,0.0729384496808052,0.07380014937371016,0.07248242851346731,0.06501323962584138,0.06544465478509665,0.07154888659715652,0.07640079781413078,0.07757815159857273,0.08171520661562681,0.07984490133821964,0.07716967537999153,0.07858506496995687,0.08005262911319733,0.07950179651379585,0.08045205380767584,0.08348794095218182,0.08414213825017214,0.08347224444150925,0.08271073549985886,0.0819157687947154,0.08222032617777586,0.08314368594437838,0.08208027761429548,0.08428017236292362,0.08356555830687284,0.08555919583886862,0.0891184750944376,0.08722544461488724,0.08666934911161661,0.08789629302918911,0.08753334451466799,0.08844013791531324,0.08798286318778992,0.08555642794817686,0.08670236635953188,0.08646101411432028,0.0863880654796958,0.08461252506822348,0.08306162897497416,0.08201101049780846,0.08358895406126976,0.0812135823071003,0.08111545017787389,0.4216398783028126,0.4088875278830528,0.4305979497730732,0.4363400749862194,0.43529848381876945,0.4057486653327942,0.40703657269477844,0.414359986782074,0.41575632616877556,0.41714612767100334,0.437119547277689,0.42341627925634384,0.4128780998289585,0.4113806039094925,0.4221600703895092,0.43063031882047653,0.42579638585448265,0.4238525405526161,0.40023522078990936,0.39707018435001373,0.41036873683333397,0.4184725880622864,0.42330918461084366,0.43784116953611374,0.439707487821579,0.4368714168667793,0.42947983741760254,0.4178280606865883,0.4214203245937824,0.40898066759109497,0.4124305471777916,0.40948422253131866,0.40863870084285736,0.4050211235880852,0.4064435809850693,0.42249349877238274,0.42223986610770226,0.4191850796341896,0.4173378460109234,0.4118231348693371,0.3952198214828968,0.40210188925266266,0.3849814385175705,0.385429322719574,0.3934828117489815,0.39284878596663475,0.38858605176210403,0.38264226487704683
LLS_00,0,1,0.02863156795501709,0.04523515701293945,0.04978841543197632,0.09585314989089966,0.0512005090713501,0.05094224214553833,2.524787664413452,2.1993160247802734,1833.9620444774628,0.3879271373152733,0.38859933242201805,0.3902350440621376,0.3915414363145828,0.39741024002432823,0.40601781755685806,0.4163426160812378,0.43155375123023987,0.4471776895225048,0.45548077672719955,0.4650348052382469,0.4738963320851326,0.4870864152908325,0.4916350096464157,0.49624643102288246,0.5067202001810074,0.5100292190909386,0.5118072330951691,0.5120485723018646,0.5159387364983559,0.5156654268503189,0.5224784389138222,0.5178426429629326,0.5229440927505493,0.5261673107743263,0.5314423814415932,0.5372700989246368,0.5331713780760765,0.5325439348816872,0.5362906605005264,0.5433065295219421,0.5466842725872993,0.5431298241019249,0.5400058403611183,0.5456444472074509,0.5456975996494293,0.5519519820809364,0.5562799051403999,0.5620959550142288,0.569655530154705,0.5783478394150734,0.5788791105151176,0.5760590434074402,0.5827810540795326,0.5840493962168694,0.5814767554402351,0.5859004929661751,0.5885760102953229,0.31060824915766716,0.31258517131209373,0.31379903107881546,0.3191290907561779,0.32055938243865967,0.32020214200019836,0.31620390340685844,0.3142104931175709,0.31353356689214706,0.3155083954334259,0.31531354784965515,0.3139408268034458,0.312702015042305,0.3155188076198101,0.3188207857310772,0.31932976841926575,0.31776733696460724,0.3196611553430557,0.3203280307352543,0.31954164430499077,0.31688086315989494,0.3165961131453514,0.3175209313631058,0.3162034973502159,0.3144202418625355,0.3164941184222698,0.3197486363351345,0.32272592931985855,0.32309090718626976,0.3204326033592224,0.32316187024116516,0.32425207272171974,0.32605110481381416,0.3255784139037132,0.3282982110977173,0.3336048014461994,0.3297686018049717,0.32760732620954514,0.32703597098588943,0.32586928457021713,0.32284292578697205,0.3221433684229851,0.3264538571238518,0.3261321261525154,0.32207464426755905,0.32207387685775757,0.3229159936308861,0.3249508781092508,0.09020446427166462,0.08455941919237375,0.07684482168406248,0.07311406824737787,0.06982049066573381,0.0684653352946043,0.06858307495713234,0.07011390198022127,0.0703736124560237,0.06982161570340395,0.0707476120442152,0.06992708798497915,0.0683544222265482,0.06842153612524271,0.07098910119384527,0.07262362446635962,0.07341461721807718,0.07533623743802309,0.0763734495267272,0.07597901206463575,0.07515968848019838,0.07370607554912567,0.07478347141295671,0.07395128067582846,0.07291772961616516,0.0713138421997428,0.06957883853465319,0.06841860618442297,0.06700096745043993,0.06632328499108553,0.06532376445829868,0.06678520701825619,0.06859412882477045,0.06916992645710707,0.06392028508707881,0.0606303820386529,0.06419528787955642,0.06824223790317774,0.07030936609953642,0.06875889655202627,0.06523302383720875,0.06453604530543089,0.06716009508818388,0.0696411794051528,0.07051277253776789,0.06919562444090843,0.07087765354663134,0.07280105352401733,0.5127473250031471,0.508721299469471,0.5036781281232834,0.49512454122304916,0.4896986819803715,0.4859255366027355,0.4790976494550705,0.46937084943056107,0.4616848975419998,0.45989464595913887,0.45133454352617264,0.4436906427145004,0.43938492611050606,0.4477131627500057,0.45300930365920067,0.4462372958660126,0.44613414630293846,0.4461088255047798,0.4469061642885208,0.4441091790795326,0.44229288399219513,0.43193572387099266,0.43108246475458145,0.42276962101459503,0.4158269390463829,0.41217703372240067,0.4167695939540863,0.4155745878815651,0.41067755222320557,0.4063950292766094,0.4128306806087494,0.41416212916374207,0.4122277945280075,0.4044267535209656,0.4031291902065277,0.41094720363616943,0.4077804796397686,0.40123076364398,0.39534512162208557,0.3996213972568512,0.4064348004758358,0.41295652464032173,0.4082242324948311,0.4091528169810772,0.40836716815829277,0.4149717390537262,0.40892399847507477,0.4055637078625815
LLS_00,1,1,0.07273006439208984,0.040899813175201416,-0.007017254829406738,0.047621309757232666,-0.02409571409225464,-0.054572999477386475,2.3154139518737793,2.6773018836975098,1832.6411011219025,0.3825877457857132,0.3699291944503784,0.36737513169646263,0.3760100156068802,0.3828778639435768,0.39048702642321587,0.4096127450466156,0.4248919039964676,0.4349086545407772,0.44159677624702454,0.4527980461716652,0.4630812928080559,0.4681752324104309,0.47147680073976517,0.4789295345544815,0.48824770748615265,0.493063036352396,0.49605926126241684,0.4914531446993351,0.4895128346979618,0.4956657551229,0.521282471716404,0.5059857964515686,0.49663589894771576,0.4925524890422821,0.47093329578638077,0.45170746743679047,0.4525681175291538,0.4541301764547825,0.4528183862566948,0.46278388425707817,0.4578867331147194,0.4353434406220913,0.4380420111119747,0.4623923823237419,0.47468947246670723,0.47863252088427544,0.4695110656321049,0.47231099754571915,0.4903663694858551,0.49349962547421455,0.48031485453248024,0.46943916752934456,0.47311343625187874,0.487136397510767,0.47779855132102966,0.46786459535360336,0.455435859305518,0.30151110514998436,0.2988710403442383,0.3011428937315941,0.30282019823789597,0.3020722381770611,0.3005179427564144,0.2991568185389042,0.3028534725308418,0.3048832155764103,0.301965095102787,0.3009917438030243,0.30808431282639503,0.3087671399116516,0.30737826228141785,0.30523041263222694,0.3048209324479103,0.30741072446107864,0.30960531160235405,0.3100464828312397,0.3079116977751255,0.3086012713611126,0.3059323690831661,0.29972798377275467,0.2952991910278797,0.301619466394186,0.29878073930740356,0.29110733047127724,0.28856413066387177,0.2905488424003124,0.29657354950904846,0.29865121096372604,0.2960814982652664,0.2917724847793579,0.2932496890425682,0.3000600151717663,0.30436932668089867,0.306120403110981,0.30354175344109535,0.3043580763041973,0.3016713112592697,0.3037298396229744,0.309984665364027,0.3123566173017025,0.3087342567741871,0.3088420554995537,0.30934087559580803,0.3120489940047264,0.3142233448369162,0.08229133393615484,0.07790128607302904,0.07233967073261738,0.06902147550135851,0.06426761206239462,0.061778134666383266,0.06260308111086488,0.06454161275178194,0.06388202169910073,0.06115913623943925,0.06165682105347514,0.06582322856411338,0.06870721094310284,0.07126766908913851,0.06954735144972801,0.0676013557240367,0.06915612425655127,0.06739743892103434,0.06603848282247782,0.06651560124009848,0.06516648177057505,0.06382779870182276,0.06504894979298115,0.06215860974043608,0.06176375690847635,0.06252110935747623,0.0623725731857121,0.06361524760723114,0.06690720375627279,0.06609704717993736,0.06216462794691324,0.06272256467491388,0.06278760824352503,0.0645579844713211,0.06621953379362822,0.06586382072418928,0.06570747122168541,0.06478329747915268,0.06778186932206154,0.07030652742832899,0.07115928456187248,0.0689778421074152,0.0680061224848032,0.07213017996400595,0.07205984927713871,0.07101453561335802,0.07157468423247337,0.07074222181524549,0.5125341713428497,0.5157642662525177,0.5112363547086716,0.49878693744540215,0.4915955178439617,0.4920910634100437,0.4944906011223793,0.49059341847896576,0.4822484329342842,0.47312499582767487,0.46990078687667847,0.4685378074645996,0.4608827531337738,0.4585247337818146,0.4540467634797096,0.45030978694558144,0.4455391950905323,0.4354052096605301,0.43300364539027214,0.43397970870137215,0.43256835639476776,0.42542828619480133,0.42604371160268784,0.422752745449543,0.4246656633913517,0.4265727289021015,0.4273005612194538,0.4210089445114136,0.4167218953371048,0.4159496910870075,0.4028489328920841,0.4047924056649208,0.415086030960083,0.4115818478167057,0.39993591979146004,0.4097566530108452,0.4170957989990711,0.41404682770371437,0.4169868789613247,0.4071386232972145,0.40988367795944214,0.4176397882401943,0.42403293401002884,0.41496025398373604,0.4116818681359291,0.42725176736712456,0.43736377358436584,0.43532642296382357
LLS_00,0,2,0.09271973371505737,0.015043437480926514,-0.02573484182357788,0.07960599660873413,0.0410194993019104,0.0211942195892334,4.182784557342529,4.222928524017334,2618.128628730774,0.48906899243593216,0.4870391823351383,0.48738323524594307,0.4847508668899536,0.4846833534538746,0.5207411535084248,0.5380322933197021,0.5450996458530426,0.5431614965200424,0.53703573346138,0.5372092500329018,0.5487507954239845,0.5600292161107063,0.5639676973223686,0.561499334871769,0.5545217394828796,0.5459578335285187,0.5512211620807648,0.5521439909934998,0.5531151294708252,0.55394596606493,0.5523257777094841,0.532116524875164,0.5033764541149139,0.5030170641839504,0.5044965595006943,0.5124775320291519,0.5190119072794914,0.5249525383114815,0.5299602746963501,0.5343802198767662,0.5363319888710976,0.5328026786446571,0.533809706568718,0.5643719062209129,0.5888001844286919,0.5530988350510597,0.5334171205759048,0.5186852812767029,0.5171685889363289,0.5286841467022896,0.528497114777565,0.5312925353646278,0.5394678115844727,0.5499621108174324,0.5561903938651085,0.551084503531456,0.551153472491673,0.3087436370551586,0.3070257678627968,0.3064924515783787,0.30662618577480316,0.30731795355677605,0.3040258325636387,0.29651840031147003,0.29152048751711845,0.2897041104733944,0.2910463698208332,0.28990572690963745,0.2862101420760155,0.2828105539083481,0.2814257852733135,0.27980245277285576,0.28085700049996376,0.27878594398498535,0.2768632173538208,0.2785221263766289,0.28026480600237846,0.2812602370977402,0.28204653412103653,0.29347119480371475,0.3022852651774883,0.2965238727629185,0.2943051978945732,0.2948354668915272,0.29595165327191353,0.2935511916875839,0.2941928543150425,0.2957870177924633,0.2964603640139103,0.29541269689798355,0.2942354679107666,0.2888825945556164,0.2940761595964432,0.29637596756219864,0.3004300408065319,0.3050816096365452,0.30641355365514755,0.29972584545612335,0.2955078072845936,0.29431695863604546,0.29453714564442635,0.29732901602983475,0.2996172793209553,0.2995951324701309,0.2978514390332358,0.058702247217297554,0.06064150156453252,0.06018955400213599,0.05829748930409551,0.06058770325034857,0.0646907202899456,0.07160441111773252,0.07563795894384384,0.07409443706274033,0.08095487300306559,0.0794119480997324,0.07854335010051727,0.07619828544557095,0.07350196409970522,0.07407179474830627,0.0814833277836442,0.07861084118485451,0.08179939817637205,0.08627521339803934,0.08388969115912914,0.08481382485479116,0.08753799926489592,0.09250902105122805,0.09715882316231728,0.09845431242138147,0.10041683539748192,0.09753183834254742,0.09338358137756586,0.09426744747906923,0.0968133807182312,0.09359296690672636,0.09660975635051727,0.09679373726248741,0.09464292414486408,0.08509335108101368,0.08589731249958277,0.08064132556319237,0.08467464987188578,0.08666541147977114,0.08779914677143097,0.08277880493551493,0.0876719607040286,0.08656347449868917,0.08256694581359625,0.07942697033286095,0.08016075473278761,0.08323050383478403,0.0846891137106078,0.4980396740138531,0.4996330253779888,0.4941897764801979,0.49380408599972725,0.4929545484483242,0.48983919620513916,0.48820867389440536,0.4803480952978134,0.4730747565627098,0.4765550494194031,0.4747573174536228,0.46418019384145737,0.4513924792408943,0.4377221539616585,0.433671273291111,0.4326130673289299,0.42779380083084106,0.42566224932670593,0.424320288002491,0.4175298511981964,0.42070987820625305,0.4299258179962635,0.4833842031657696,0.5238681510090828,0.5279750227928162,0.5260276645421982,0.5167470201849937,0.5128340795636177,0.5003710351884365,0.4838207997381687,0.4749133139848709,0.4686758555471897,0.4669863432645798,0.46633704006671906,0.4631052687764168,0.44933079555630684,0.46155746281147003,0.47069403901696205,0.47998350486159325,0.48132092505693436,0.4728552810847759,0.4694201312959194,0.4660102427005768,0.4579322151839733,0.4481893219053745,0.44163703545928,0.44373834133148193,0.44326833316258024
LLS_00,1,2,0.11700791120529175,0.058606743812561035,0.042917728424072266,0.08700257539749146,0.08007454872131348,0.06116926670074463,2.1782729625701904,4.608162879943848,1826.3347249031067,0.6160990372300148,0.6166879758238792,0.6121586784720421,0.606829471886158,0.6045826151967049,0.5960348099470139,0.5860646888613701,0.5770375579595566,0.568300150334835,0.5644661262631416,0.5692887008190155,0.5781899690628052,0.5732069835066795,0.5730835944414139,0.5792627036571503,0.5903450399637222,0.5975303873419762,0.6036692708730698,0.5704491883516312,0.5582698211073875,0.5444698184728622,0.5451236665248871,0.5467801243066788,0.5487849786877632,0.5474607050418854,0.5375201031565666,0.5214460864663124,0.5114715173840523,0.5140834972262383,0.5199070200324059,0.5204237550497055,0.5167592838406563,0.5071557760238647,0.500190019607544,0.49184202402830124,0.49058152362704277,0.49148623272776604,0.4962781295180321,0.5052761510014534,0.5126347988843918,0.5009041093289852,0.49020420759916306,0.4866536036133766,0.49366315454244614,0.5062123350799084,0.515295073390007,0.5105332434177399,0.501872330904007,0.30347368493676186,0.30108699575066566,0.3011237494647503,0.2961624637246132,0.2925177104771137,0.29273809492588043,0.2898363284766674,0.28640827536582947,0.28371110558509827,0.2841665893793106,0.2812579572200775,0.2771605961024761,0.27551159262657166,0.2727896310389042,0.27218863368034363,0.2740261144936085,0.27473412081599236,0.27426886931061745,0.2902546525001526,0.29448622465133667,0.29811395332217216,0.2966928519308567,0.292870108038187,0.2935263365507126,0.2934284210205078,0.29159198328852654,0.2916859798133373,0.29316674917936325,0.2927568778395653,0.29222504422068596,0.2927403636276722,0.2930767424404621,0.2928646616637707,0.3038850799202919,0.3157975934445858,0.3177960552275181,0.3135920912027359,0.3058062493801117,0.3032858557999134,0.30115991085767746,0.304090291261673,0.30874717608094215,0.31088005006313324,0.31012051180005074,0.30381613224744797,0.3013252727687359,0.30291102826595306,0.30699790375573294,0.05302635673433542,0.05157620087265968,0.052493327762931585,0.05419248575344682,0.05708571523427963,0.05880617210641503,0.06116128480061889,0.06444346439093351,0.06501522287726402,0.06482299696654081,0.06644559651613235,0.06973282806575298,0.07098893448710442,0.07175646536052227,0.07107843365520239,0.0724935894832015,0.06898735743016005,0.06657136976718903,0.07414908334612846,0.0768462922424078,0.07536284532397985,0.0759617779403925,0.07619001064449549,0.07584488112479448,0.07681353390216827,0.07506207749247551,0.07380599062889814,0.0692595113068819,0.07064189855009317,0.07037476636469364,0.06948432046920061,0.06989477947354317,0.07395439501851797,0.08195195626467466,0.08346108067780733,0.08440031204372644,0.0845085522159934,0.08686221856623888,0.08736506849527359,0.08591860812157393,0.08223799522966146,0.07738868147134781,0.07187337893992662,0.07129742670804262,0.06816509272903204,0.06737743876874447,0.068247826769948,0.07135887656893049,0.46210289373993874,0.45378413051366806,0.4519078992307186,0.456314280629158,0.4553653970360756,0.45469340309500694,0.45308659970760345,0.44952720776200294,0.4413791671395302,0.441499549895525,0.4506353884935379,0.4479483515024185,0.4375235252082348,0.43167468532919884,0.4312567114830017,0.4312862195074558,0.41529880836606026,0.405181884765625,0.45139897242188454,0.4545559994876385,0.45415401831269264,0.44227317348122597,0.43968813493847847,0.43910326808691025,0.4363926723599434,0.4326050691306591,0.4308736324310303,0.42584432661533356,0.42305513098835945,0.4200356528162956,0.4209292605519295,0.4178287088871002,0.4148571044206619,0.4510044530034065,0.46611636132001877,0.47297706827521324,0.4688933342695236,0.465885654091835,0.4571857899427414,0.4494529664516449,0.4521549604833126,0.4534418322145939,0.4597489833831787,0.4691000431776047,0.4676728844642639,0.45921485871076584,0.4525245726108551,0.44804525801113676
LLS_00,0,3,0.03430265188217163,-0.004846632480621338,-0.00899040699005127,-0.0021181106567382812,-0.03874695301055908,-0.04306834936141968,2.9304440021514893,2.415454149246216,1825.4216792583466,0.6846166849136353,0.6692957356572151,0.6661189496517181,0.6666620075702667,0.6725706085562706,0.6701418906450272,0.6556817218661308,0.6414300203323364,0.6404117345809937,0.6458533778786659,0.6452064216136932,0.6388578563928604,0.6282322332262993,0.631309799849987,0.6305852383375168,0.6235909536480904,0.611763671040535,0.6030774191021919,0.5938129499554634,0.584554634988308,0.5810110121965408,0.5760149508714676,0.568122074007988,0.560090683400631,0.555553063750267,0.5567625612020493,0.5513629242777824,0.5473439618945122,0.5451881065964699,0.5453273504972458,0.5413991659879684,0.5356200262904167,0.5414733588695526,0.5556535199284554,0.5980598106980324,0.6002527549862862,0.5894501209259033,0.5862669125199318,0.5911854729056358,0.5863316506147385,0.5862157940864563,0.5935074687004089,0.587950736284256,0.5810281857848167,0.5787115469574928,0.5674914941191673,0.5636413916945457,0.5634683881487165,0.24754517897963524,0.24716140888631344,0.24759518913924694,0.24978912249207497,0.25043899193406105,0.2500787638127804,0.2517004869878292,0.2538871020078659,0.25508328527212143,0.25352947786450386,0.25489017367362976,0.25961706787347794,0.2643258459866047,0.2666243799030781,0.2679782137274742,0.2685786709189415,0.2693702057003975,0.2719901241362095,0.27414504438638687,0.27613235265016556,0.27682337909936905,0.27746982872486115,0.27860698103904724,0.2793754041194916,0.2812900058925152,0.28203779458999634,0.28432974591851234,0.2856884263455868,0.2860737331211567,0.2856159768998623,0.2842850796878338,0.28086691349744797,0.2791224420070648,0.2812086008489132,0.2839285805821419,0.282478179782629,0.2810053117573261,0.27717147395014763,0.2774350978434086,0.28033262491226196,0.2801733836531639,0.27802637964487076,0.2784891277551651,0.27918875962495804,0.27760565653443336,0.2804688327014446,0.28526008129119873,0.28973028489521574,0.09952148795127869,0.09193947911262512,0.08650900889188051,0.08294811937958002,0.08241342101246119,0.08242275379598141,0.07951206993311644,0.07899114489555359,0.0781036950647831,0.08068663440644741,0.08085130900144577,0.08190999925136566,0.08149370737373829,0.08551242016255856,0.08483485877513885,0.0822894349694252,0.08042696211487055,0.08005256950855255,0.08637926913797855,0.08826487697660923,0.08798413723707199,0.0852604154497385,0.08228575251996517,0.07997736148536205,0.07698064018040895,0.0753165353089571,0.07976726070046425,0.08454775623977184,0.08154308050870895,0.07677507027983665,0.07160293590277433,0.06875779666006565,0.06824228819459677,0.07105435617268085,0.07897766027599573,0.07951456867158413,0.07437853142619133,0.07338086515665054,0.07483143173158169,0.07481808308511972,0.07466019410640001,0.07532128598541021,0.07568683661520481,0.07369143795222044,0.07150424551218748,0.06964822858572006,0.07221579272300005,0.07587138137647084,0.3438842259347439,0.3432570956647396,0.3364558517932892,0.3277632109820843,0.3208208605647087,0.31692197173833847,0.32109949365258217,0.3229817561805248,0.3205265887081623,0.31706658750772476,0.3176443614065647,0.3221448324620724,0.32966431230306625,0.33605867624282837,0.3399699218571186,0.3369811251759529,0.3355780094861984,0.3369416482746601,0.3435339964926243,0.3463250622153282,0.34085897356271744,0.33771808817982674,0.33971960097551346,0.34493177756667137,0.34683842211961746,0.34302444010972977,0.3448535427451134,0.34744906798005104,0.3491703011095524,0.3456013426184654,0.341120894998312,0.33259715512394905,0.32297083362936974,0.32781361043453217,0.3599100895226002,0.36261390894651413,0.35203661024570465,0.3460995815694332,0.344477117061615,0.3418485075235367,0.332933709025383,0.3316465839743614,0.3336695209145546,0.33812807127833366,0.33811772614717484,0.33743665739893913,0.33626362308859825,0.33634320327213835
LLS_00,1,3,0.02902168035507202,0.010988473892211914,-0.009958803653717041,0.06507450342178345,0.07870239019393921,0.057156264781951904,2.5446925163269043,3.0760586261749268,1825.8110065460205,0.6585060954093933,0.6443804129958153,0.640421524643898,0.6426924839615822,0.6429310441017151,0.6334678307175636,0.6297645568847656,0.6348089948296547,0.6445479542016983,0.64499082416296,0.6519284546375275,0.6450096145272255,0.639794372022152,0.6350372955203056,0.6360587030649185,0.6283855736255646,0.615187518298626,0.6115230247378349,0.6175273358821869,0.6153693646192551,0.6112762093544006,0.6086677461862564,0.612709529697895,0.6091238036751747,0.5939867496490479,0.5800092741847038,0.5783001482486725,0.5853388980031013,0.5772630423307419,0.5630330666899681,0.5556677281856537,0.5875576063990593,0.590933084487915,0.5934254005551338,0.5958907976746559,0.5949722602963448,0.5987986400723457,0.6019454151391983,0.5975320562720299,0.5873616710305214,0.5739974454045296,0.5653421506285667,0.5613374710083008,0.5586927607655525,0.5516153573989868,0.5469933524727821,0.5536584109067917,0.5510491558483669,0.25340740755200386,0.2507035117596388,0.24901301600039005,0.24532738141715527,0.24477213062345982,0.24833720736205578,0.24956721253693104,0.2503485828638077,0.25021003372967243,0.25129367411136627,0.24966316856443882,0.2541119195520878,0.2583066485822201,0.2616502679884434,0.2633245959877968,0.2647639214992523,0.26848649978637695,0.2703566551208496,0.2709330953657627,0.2727484591305256,0.2753327041864395,0.27838435396552086,0.2777687981724739,0.27857306227087975,0.28017476573586464,0.2803407125174999,0.27728207409381866,0.2789989598095417,0.28190765902400017,0.2832370102405548,0.28189826011657715,0.27985768392682076,0.2804192826151848,0.27940165996551514,0.2766566723585129,0.27556635439395905,0.27423524856567383,0.27520500123500824,0.2760230451822281,0.2767678052186966,0.27889178320765495,0.2799792177975178,0.2792050987482071,0.28081315755844116,0.2826996073126793,0.28257906809449196,0.2824419103562832,0.28377141271318707,0.1143373902887106,0.105276501737535,0.09822712559252977,0.09079659171402454,0.08839781023561954,0.08650672622025013,0.08307026978582144,0.08138076309114695,0.08002131525427103,0.07993966341018677,0.08016210701316595,0.07635226473212242,0.07211956940591335,0.07515527494251728,0.07850467693060637,0.07934521418064833,0.08137126173824072,0.07962869852781296,0.07915599085390568,0.07682673912495375,0.07510328385978937,0.074456837028265,0.0758708780631423,0.07623841147869825,0.08044117130339146,0.0799159137532115,0.07807937078177929,0.07611301634460688,0.07336979359388351,0.07049096468836069,0.07020706590265036,0.07877345383167267,0.08265953790396452,0.08177086897194386,0.07945681735873222,0.07494430243968964,0.0744132874533534,0.07694760710000992,0.0767992427572608,0.07531561236828566,0.07503286562860012,0.074951839633286,0.07508974429219961,0.07608660869300365,0.0766419367864728,0.07666231598705053,0.07565713953226805,0.07694094734532493,0.3551694452762604,0.35497336089611053,0.3494238592684269,0.33647801354527473,0.33102643489837646,0.337903905659914,0.34321555867791176,0.340448584407568,0.33851152658462524,0.3460683301091194,0.345823734998703,0.3523169867694378,0.3528098613023758,0.35760054737329483,0.35863418504595757,0.3579225540161133,0.3638515844941139,0.3633491098880768,0.35822342336177826,0.3584807589650154,0.3654434531927109,0.3676351346075535,0.35839784145355225,0.3524838760495186,0.35479191690683365,0.35780666768550873,0.3533818870782852,0.34929191693663597,0.3468876779079437,0.34374339133501053,0.34249991551041603,0.348701648414135,0.3499968610703945,0.34495650604367256,0.3456248417496681,0.34778856486082077,0.35047515481710434,0.34871119260787964,0.347856055945158,0.3485889881849289,0.352437324821949,0.3447375260293484,0.3367922529578209,0.33879533782601357,0.3460632227361202,0.34760813415050507,0.34803134575486183,0.3641091798033033
LLS_00,0,4,0.05109685659408569,0.041745662689208984,0.037842512130737305,0.10176867246627808,0.038065969944000244,0.07356888055801392,1.9508249759674072,2.7098119258880615,1826.175948858261,0.8893157839775085,0.8820722848176956,0.8769378811120987,0.8658756539225578,0.8496259897947311,0.8284657672047615,0.7988502159714699,0.7774714753031731,0.759859524667263,0.7445887252688408,0.7225366905331612,0.6933629736304283,0.6699821054935455,0.6534616723656654,0.6416140198707581,0.6293753385543823,0.6104947328567505,0.5906045213341713,0.5823524445295334,0.57756257802248,0.5662056058645248,0.5471768602728844,0.5407081320881844,0.543367974460125,0.5428621172904968,0.5377829372882843,0.5383226722478867,0.5395932644605637,0.5378433763980865,0.5373818799853325,0.5791280344128609,0.5949612036347389,0.6085104122757912,0.6071240976452827,0.6051574200391769,0.603547677397728,0.6051043570041656,0.6074035912752151,0.6047314628958702,0.6011606231331825,0.6018178090453148,0.5997061356902122,0.5957823693752289,0.5939315259456635,0.590132899582386,0.593328982591629,0.5965925008058548,0.5910091996192932,0.21644855290651321,0.21963118575513363,0.22001558169722557,0.2218263316899538,0.2259593214839697,0.23467187769711018,0.24552285484969616,0.25104574486613274,0.2567000649869442,0.25892137736082077,0.2646092437207699,0.2696429342031479,0.2771104834973812,0.275886170566082,0.2716943733394146,0.27448948472738266,0.2771781384944916,0.2806043066084385,0.28041548281908035,0.2801818698644638,0.28453531861305237,0.2865469865500927,0.2872297950088978,0.28697068989276886,0.2911858446896076,0.2957048714160919,0.296345554292202,0.2971074692904949,0.29980403929948807,0.3007609434425831,0.29581161588430405,0.2944427691400051,0.2939274236559868,0.2944443002343178,0.29733240976929665,0.29847855120897293,0.2982395850121975,0.29683472588658333,0.2957289330661297,0.2950768657028675,0.29549024626612663,0.29806607589125633,0.2997547276318073,0.30070042237639427,0.3023935444653034,0.30156010389328003,0.2977629154920578,0.29660118903432575,0.03987943800166249,0.038941098377108574,0.038658303674310446,0.037374142557382584,0.035777831915766,0.03874985221773386,0.03895978722721338,0.041622282937169075,0.04275933373719454,0.043348811101168394,0.04601486539468169,0.04914579400792718,0.051449662540107965,0.0532463607378304,0.052608523052185774,0.050838133320212364,0.051213306840509176,0.052682128734886646,0.05424995440989733,0.05453980015590787,0.054518637247383595,0.056496046017855406,0.05539385695010424,0.054687583819031715,0.05384817952290177,0.0552640026435256,0.05539821833372116,0.05549769755452871,0.05462101846933365,0.05516241816803813,0.05574613017961383,0.05595970153808594,0.05549962120130658,0.05442813178524375,0.05453574983403087,0.05585499666631222,0.05642161751165986,0.055308230221271515,0.053813130129128695,0.05380325764417648,0.05279081268236041,0.052670479752123356,0.052698471583426,0.05464695114642382,0.05393465654924512,0.05407584551721811,0.05341518530622125,0.0526763280587537,0.2534874230623245,0.25633424893021584,0.2576956935226917,0.2604845501482487,0.26430176943540573,0.2715495601296425,0.2831549495458603,0.2903604097664356,0.2960519380867481,0.29642486944794655,0.30122755467891693,0.3058130405843258,0.31517524644732475,0.3185166195034981,0.3184543438255787,0.3204803913831711,0.32248641550540924,0.3288016580045223,0.3334251046180725,0.33388058841228485,0.3413939066231251,0.34455597400665283,0.3446315713226795,0.34303149953484535,0.3485385663807392,0.3613060303032398,0.3621761277318001,0.3607458174228668,0.3632042519748211,0.3662899322807789,0.37029747292399406,0.3652051240205765,0.3593722879886627,0.3572637140750885,0.36042675003409386,0.3637899234890938,0.361522626131773,0.3555574417114258,0.35028133541345596,0.3474997393786907,0.3489115312695503,0.3574976176023483,0.366000410169363,0.36039888113737106,0.36031532660126686,0.35873235017061234,0.3554188013076782,0.35493540338107515
LLS_00,1,4,0.04078781604766846,0.002502918243408203,0.01015406847000122,0.16509151458740234,0.06989377737045288,-0.05396616458892822,1.7314695119857788,2.27193546295166,1823.1228420734406,0.8452908173203468,0.8368107751011848,0.8342632800340652,0.8291268795728683,0.8237275034189224,0.8154236227273941,0.803328737616539,0.7892135828733444,0.7659749090671539,0.746101014316082,0.7241315543651581,0.7066666334867477,0.6919458210468292,0.674121767282486,0.6635964587330818,0.6461761817336082,0.627777211368084,0.6196085885167122,0.6270565614104271,0.6297060698270798,0.62752765417099,0.6255381628870964,0.6267414763569832,0.6334683075547218,0.6326382234692574,0.6286897361278534,0.6252214834094048,0.6288131028413773,0.6415460035204887,0.6395852044224739,0.6203964576125145,0.6085206493735313,0.6023034304380417,0.6063451394438744,0.6109030023217201,0.6121430024504662,0.6026307865977287,0.6068382114171982,0.6173003762960434,0.6215015724301338,0.6229743734002113,0.6190438345074654,0.6193455532193184,0.6193012222647667,0.6238978356122971,0.6219806671142578,0.6120515465736389,0.6036717551095145,0.2328612431883812,0.2371296975761652,0.23744614236056805,0.23880254290997982,0.23770352266728878,0.24369209818542004,0.2510639298707247,0.2556220553815365,0.26020698621869087,0.26547542959451675,0.2679929621517658,0.2705196291208267,0.2710832953453064,0.27250106260180473,0.2770521491765976,0.28011954575777054,0.2798948101699352,0.2787373475730419,0.2784948907792568,0.28023811429739,0.28261878341436386,0.28680336475372314,0.28697607293725014,0.2845717594027519,0.28734131529927254,0.2883714511990547,0.297985453158617,0.29873356223106384,0.2950030080974102,0.29625673219561577,0.3012232035398483,0.3017205484211445,0.3036584407091141,0.3027617856860161,0.3028646446764469,0.3037172183394432,0.3041282780468464,0.30381758883595467,0.30162420868873596,0.3003067895770073,0.30103258416056633,0.3021133504807949,0.2987315207719803,0.2988712936639786,0.3001110292971134,0.3014274127781391,0.30346475541591644,0.305837733404977,0.035816241055727005,0.03533981507644057,0.033481534104794264,0.031854316825047135,0.03316087927669287,0.03478002781048417,0.03715528314933181,0.03874789783731103,0.03989653242751956,0.042049918323755264,0.043593359645456076,0.04583045141771436,0.04626636067405343,0.0455520641990006,0.04516784939914942,0.04611653182655573,0.04809934739023447,0.04836099175736308,0.04776141652837396,0.04910422209650278,0.05143997119739652,0.051506486255675554,0.05023007560521364,0.05006575584411621,0.05025213956832886,0.05065357265993953,0.054074995685368776,0.054488096851855516,0.05349103733897209,0.054804160725325346,0.05646765185520053,0.05907590454444289,0.056867354549467564,0.05553806386888027,0.05480758473277092,0.054926160257309675,0.0544410333968699,0.05509120784699917,0.05410550022497773,0.053817154839634895,0.0544200805015862,0.054887501522898674,0.054352921433746815,0.05422426946461201,0.05377369141206145,0.052120736334472895,0.052511061541736126,0.052862903369324546,0.26046913862228394,0.2682998403906822,0.2682855576276779,0.26859017834067345,0.26660390198230743,0.2730156369507313,0.278958298265934,0.28419532626867294,0.2930285707116127,0.29924003407359123,0.3012654408812523,0.3014943264424801,0.30033737048506737,0.3006969094276428,0.3013320676982403,0.29906223341822624,0.2965221032500267,0.2966611832380295,0.29852673038840294,0.29834823682904243,0.29490184411406517,0.2970678582787514,0.2968822419643402,0.29074104502797127,0.29355819523334503,0.2968711592257023,0.3243666924536228,0.32671352848410606,0.31978631019592285,0.3210096061229706,0.34422484040260315,0.34389597550034523,0.35319048911333084,0.3486461453139782,0.3433684892952442,0.33955061435699463,0.34319860860705376,0.33611833304166794,0.326681699603796,0.32157501205801964,0.3226659819483757,0.3271960951387882,0.3203343078494072,0.3186340928077698,0.3172409310936928,0.3179870657622814,0.3204011730849743,0.32125286545072285
LLS_00,0,5,-0.007084786891937256,-0.01941502094268799,-0.017146050930023193,0.030874252319335938,-0.029954969882965088,-0.04871058464050293,3.3437294960021973,3.2746360301971436,2617.7237606048584,0.5229354277253151,0.519085593521595,0.5177770853042603,0.5119889825582504,0.5045750252902508,0.48795952275395393,0.46076763793826103,0.44688117504119873,0.44868744164705276,0.4645632691681385,0.4907628484070301,0.49921806156635284,0.5028933733701706,0.5149297267198563,0.5354297235608101,0.5466701313853264,0.5429038852453232,0.5448147654533386,0.56129439920187,0.5706837028264999,0.5949838683009148,0.590562604367733,0.5613531023263931,0.5580816715955734,0.5576015934348106,0.5553408935666084,0.5427513271570206,0.5295397862792015,0.5122560784220695,0.5020655207335949,0.4975161626935005,0.49253253266215324,0.49210255593061447,0.47782865539193153,0.4730520322918892,0.46234576404094696,0.46780843660235405,0.4660341367125511,0.45709244161844254,0.444326214492321,0.4297487512230873,0.417573943734169,0.4100080095231533,0.41126180067658424,0.4123922064900398,0.4126613736152649,0.4028545841574669,0.4004764471735273,0.1581595130264759,0.1588446982204914,0.15999057330191135,0.1618066169321537,0.168263278901577,0.18291973881423473,0.19321541488170624,0.19622016325592995,0.20240962877869606,0.21556934900581837,0.217383099719882,0.22387298569083214,0.2353019379079342,0.23752210848033428,0.24204204976558685,0.25366146862506866,0.2661171033978462,0.26871422305703163,0.2562883496284485,0.2590825520455837,0.2633313573896885,0.2728876918554306,0.29333655908703804,0.2985011041164398,0.3018144629895687,0.30301249399781227,0.30506520718336105,0.30636807903647423,0.31432514637708664,0.32120970264077187,0.32254309207201004,0.3247445970773697,0.32392314076423645,0.33017734065651894,0.3294682875275612,0.32964473590254784,0.3281089514493942,0.32657576724886894,0.32905273884534836,0.33460983261466026,0.32789449766278267,0.32368678599596024,0.32749226316809654,0.32683033868670464,0.3277685381472111,0.3295600339770317,0.3297618739306927,0.33021026849746704,0.056243008468300104,0.05119516421109438,0.04956068005412817,0.04649741109460592,0.04851234005764127,0.06215671123936772,0.06326417392119765,0.06991424644365907,0.06977554829791188,0.06026473827660084,0.0583341671153903,0.057579470332711935,0.05713173234835267,0.05311704892665148,0.0512513923458755,0.05160512262955308,0.05536277638748288,0.04954563034698367,0.06041239248588681,0.04668033216148615,0.04790618410333991,0.05623449897393584,0.05514791887253523,0.04770416347309947,0.047304471023380756,0.05256302934139967,0.058655766770243645,0.06517831236124039,0.05594198824837804,0.057979337871074677,0.07307824632152915,0.06335282884538174,0.05650229239836335,0.05819489527493715,0.05794032057747245,0.053761458955705166,0.051381269469857216,0.03727285983040929,0.03979485062882304,0.048567354679107666,0.03876524744555354,0.04407277284190059,0.054689128883183,0.04767335159704089,0.056047779973596334,0.06176311895251274,0.06288541993126273,0.06235287498150553,0.39026985689997673,0.3938799425959587,0.3928343690931797,0.3929568827152252,0.39297325536608696,0.39861805737018585,0.4175964929163456,0.4177510552108288,0.4143948294222355,0.4130220003426075,0.397614311426878,0.389211930334568,0.38502736389636993,0.38391266018152237,0.3776512183248997,0.3776031881570816,0.3878265507519245,0.38698646053671837,0.3744857907295227,0.36515986174345016,0.3388523757457733,0.34600311517715454,0.375210028141737,0.37218568101525307,0.3664622791111469,0.35850489139556885,0.3644455522298813,0.37350087985396385,0.3874718062579632,0.39410174638032913,0.3939804509282112,0.4008910395205021,0.4000193104147911,0.4100564904510975,0.413280688226223,0.4156855568289757,0.40775376185774803,0.4105987921357155,0.410185132175684,0.416471142321825,0.42169274762272835,0.4245210997760296,0.4317927844822407,0.4331788569688797,0.43256646394729614,0.42142605409026146,0.42063959687948227,0.42381930351257324
LLS_00,1,5,0.021129369735717773,0.020222365856170654,0.020071685314178467,0.10884201526641846,0.07210129499435425,0.07064062356948853,3.5595972537994385,4.640015125274658,1822.8401837348938,0.536944292485714,0.5337858125567436,0.5331441313028336,0.5332092121243477,0.5404523015022278,0.5238686203956604,0.510648138821125,0.5018491484224796,0.49044306576251984,0.4836031422019005,0.481146726757288,0.5027174465358257,0.504321426153183,0.4965027719736099,0.4874464385211468,0.48054245486855507,0.47691207751631737,0.46624262258410454,0.4676458574831486,0.4654170274734497,0.46078016981482506,0.4523175358772278,0.4520690105855465,0.45904913544654846,0.46122753992676735,0.44191770628094673,0.4377569258213043,0.42942022904753685,0.42262600362300873,0.42126489803195,0.4284053035080433,0.42097626253962517,0.4211229272186756,0.42804715782403946,0.4374634884297848,0.44047989696264267,0.44372056797146797,0.43858713284134865,0.44204656034708023,0.44623155891895294,0.44914745911955833,0.44797341525554657,0.44984573870897293,0.454021118581295,0.44969669356942177,0.45134979858994484,0.4452981874346733,0.4360947183200291,0.17223387211561203,0.17543958872556686,0.17814143374562263,0.18226550333201885,0.1906431969255209,0.1991657391190529,0.2107680570334196,0.21778527833521366,0.22969206422567368,0.2534522023051977,0.2658352628350258,0.27419915050268173,0.2881462499499321,0.29354896023869514,0.29789188131690025,0.3108041547238827,0.3154040426015854,0.3210790827870369,0.326984740793705,0.33133068680763245,0.33384502679109573,0.3345533423125744,0.33590204641222954,0.34058932960033417,0.341967411339283,0.34146004915237427,0.3410038873553276,0.34342076629400253,0.34530365467071533,0.3471713475883007,0.34303830564022064,0.34428270906209946,0.3416351191699505,0.34132184460759163,0.33951281756162643,0.34148481115698814,0.3419475853443146,0.34136323258280754,0.33942798897624016,0.33931558206677437,0.33647923916578293,0.3366274759173393,0.338312353938818,0.34076472371816635,0.3423831835389137,0.34207427874207497,0.34392352402210236,0.3442468685763223,0.06219202745705843,0.058102190028876066,0.05466387467458844,0.06393720116466284,0.04821557691320777,0.05389640713110566,0.060876525938510895,0.056945560965687037,0.05493295332416892,0.07814515102654696,0.06480174558237195,0.04074478009715676,0.056239721830934286,0.06231830362230539,0.05473547289147973,0.07023652084171772,0.06667250068858266,0.06982837710529566,0.0550314006395638,0.0526210917159915,0.056354009080678225,0.07372512202709913,0.07415586244314909,0.07055727951228619,0.0647729174233973,0.04946532938629389,0.061635347083210945,0.06518946215510368,0.05665290169417858,0.05957416072487831,0.06033047800883651,0.07011083327233791,0.06416674237698317,0.06651243567466736,0.06909275893121958,0.07515972945839167,0.07778323767706752,0.06950119137763977,0.0729504618793726,0.07010878203436732,0.07341249939054251,0.06652911519631743,0.05533739132806659,0.05952298454940319,0.06280848616734147,0.06139102624729276,0.06554954033344984,0.06273071627531733,0.35083889216184616,0.35593222454190254,0.3566758967936039,0.3559297136962414,0.34588077664375305,0.3499271608889103,0.3553587980568409,0.3549659065902233,0.3635263592004776,0.3773861452937126,0.39227834716439247,0.3835337273776531,0.38878414034843445,0.39970266073942184,0.4087710827589035,0.4178001992404461,0.41763511672616005,0.41450468078255653,0.413915503770113,0.4130791611969471,0.41517775505781174,0.41213805228471756,0.4035235531628132,0.40420280396938324,0.39982808753848076,0.4133831262588501,0.4078568108379841,0.4105392210185528,0.4116642214357853,0.4063279442489147,0.39772145822644234,0.39969686791300774,0.4043477028608322,0.39201295375823975,0.3851963020861149,0.3865305408835411,0.38672707229852676,0.3926815129816532,0.3829728700220585,0.3802005536854267,0.37662412598729134,0.3774539791047573,0.38076478242874146,0.38079065829515457,0.3871394582092762,0.3878893442451954,0.3840375207364559,0.3778942653111049
LLS_00,0,6,0.02152383327484131,0.02977776527404785,0.019733071327209473,0.11800146102905273,0.034942030906677246,-0.002886652946472168,4.502399444580078,4.747879505157471,1826.7780418395996,0.5358115211129189,0.5322702005505562,0.527910515666008,0.5314962193369865,0.5247232541441917,0.5014632381498814,0.49126093462109566,0.4709974639117718,0.45867960527539253,0.44212479889392853,0.440095879137516,0.44708073511719704,0.44852351024746895,0.4480978883802891,0.45738767459988594,0.46883829683065414,0.4752584286034107,0.4761187843978405,0.4840170256793499,0.4849225655198097,0.4816802889108658,0.4712113030254841,0.46786395087838173,0.46858691424131393,0.4643852338194847,0.4691523350775242,0.4609243795275688,0.4537445567548275,0.44736336171627045,0.435744971036911,0.4262024126946926,0.4321977384388447,0.4361324608325958,0.4288532957434654,0.4276738800108433,0.42987217754125595,0.4363509900867939,0.4506913386285305,0.46065404638648033,0.4457075744867325,0.4439944326877594,0.4672986678779125,0.48010124638676643,0.46609027683734894,0.4553914852440357,0.46338506415486336,0.4786262698471546,0.4847818059580667,0.2903674580156803,0.2913852445781231,0.29172687977552414,0.2873200848698616,0.2870447039604187,0.29447872936725616,0.2981480844318867,0.3029464967548847,0.3078284189105034,0.30896249413490295,0.3094439469277859,0.3038450628519058,0.2992422394454479,0.30115562304854393,0.31163300946354866,0.3170962743461132,0.31663113459944725,0.31995414197444916,0.3266965039074421,0.32962363585829735,0.33131084591150284,0.33690977841615677,0.3381206803023815,0.3325902745127678,0.3317359387874603,0.33450816944241524,0.33761727437376976,0.33962666243314743,0.3440041020512581,0.346303790807724,0.3498024679720402,0.3518777936697006,0.35422390699386597,0.3590054139494896,0.35832085460424423,0.3583279810845852,0.35311518982052803,0.355889268219471,0.36134888231754303,0.35916057974100113,0.35385579243302345,0.3581080064177513,0.35649458691477776,0.356270469725132,0.3574182577431202,0.36223628371953964,0.36244941130280495,0.3611265463488443,0.09369150083512068,0.09533258527517319,0.09240907244384289,0.09123342018574476,0.0875668153166771,0.08475391194224358,0.08544932026416063,0.08490672055631876,0.08221099153161049,0.08179663307964802,0.08018412068486214,0.07661228254437447,0.07637795619666576,0.07891975808888674,0.0823359852656722,0.0807937029749155,0.080857097171247,0.08104364853352308,0.08477113116532564,0.08743083383888006,0.08846546988934278,0.08629113901406527,0.07884031906723976,0.07884087041020393,0.08003292605280876,0.0813364777714014,0.08310963027179241,0.08404307533055544,0.08421857934445143,0.08295763190835714,0.08374736458063126,0.08876053523272276,0.08611166197806597,0.08674417808651924,0.08953537978231907,0.08902307972311974,0.08982472028583288,0.0912315770983696,0.09829323925077915,0.09549244027584791,0.0976328756660223,0.09826899413019419,0.09967880975455046,0.09677576087415218,0.09648446645587683,0.09543182607740164,0.09673553984612226,0.09623379792485919,0.5081150308251381,0.5003436431288719,0.4942191503942013,0.4795703627169132,0.4717232771217823,0.47859667241573334,0.4816939905285835,0.49023523554205894,0.4915286786854267,0.49613451212644577,0.48939720541238785,0.4724705256521702,0.46085600927472115,0.4644016698002815,0.47422579675912857,0.4803353473544121,0.4772304743528366,0.4763687141239643,0.4712483771145344,0.46692560613155365,0.46167751774191856,0.46002236008644104,0.45669208467006683,0.45715801790356636,0.45663486793637276,0.4427642822265625,0.45275263488292694,0.46660203114151955,0.4676462262868881,0.46934664249420166,0.4805046617984772,0.48325540497899055,0.47314755246043205,0.4715525656938553,0.47987930104136467,0.4749656952917576,0.46450790017843246,0.45222753658890724,0.44385986402630806,0.4515145942568779,0.4445597194135189,0.4294535852968693,0.42276130244135857,0.43047114461660385,0.4289773143827915,0.4328402318060398,0.4265279658138752,0.4261392482689449
LLS_00,1,6,0.010637223720550537,-0.049022376537323,-0.045581281185150146,0.09584122896194458,0.018342971801757812,-0.05365347862243652,3.3508589267730713,4.801316738128662,1829.8645741939545,0.572832852602005,0.5731887966394424,0.5621885657310486,0.5411352589726448,0.5172190591692924,0.49313289299607277,0.4637776017189026,0.4523957781493664,0.4395715929567814,0.4122827425599098,0.4125313349068165,0.41865792125463486,0.4288495033979416,0.43778008222579956,0.43639034777879715,0.4395463801920414,0.4370703250169754,0.4324922673404217,0.43857867270708084,0.4395299069583416,0.44751475751399994,0.4440793916583061,0.4352745823562145,0.4319719821214676,0.4251737669110298,0.43796929344534874,0.44881854206323624,0.4480530358850956,0.44390276074409485,0.4425102025270462,0.4407537989318371,0.44393428415060043,0.43210797384381294,0.43364619091153145,0.43017592281103134,0.44878845661878586,0.44386859983205795,0.459707111120224,0.47050056979060173,0.45997772365808487,0.4520157612860203,0.4555499963462353,0.46686695888638496,0.4684407562017441,0.48001058399677277,0.466220173984766,0.4575112871825695,0.49369047369275776,0.28440654277801514,0.29270723834633827,0.2919779270887375,0.2931719496846199,0.2981281168758869,0.3040139861404896,0.3117041252553463,0.3134397380053997,0.31161777302622795,0.3195319101214409,0.3213706836104393,0.3230891115963459,0.3188381902873516,0.31227153167128563,0.31631258502602577,0.3219490014016628,0.3269079402089119,0.3330984488129616,0.33816715329885483,0.33903607726097107,0.34152616932988167,0.34744715318083763,0.35110659524798393,0.356517244130373,0.36219576373696327,0.365900669246912,0.3651207648217678,0.3609994575381279,0.35931119322776794,0.3606313169002533,0.36653604730963707,0.37108810991048813,0.37571773305535316,0.3799998052418232,0.3769878260791302,0.3756605163216591,0.374283142387867,0.3764001950621605,0.37726056203246117,0.37853026762604713,0.3780045285820961,0.37468475848436356,0.36945174634456635,0.36635540053248405,0.3642301857471466,0.36396510154008865,0.3663681894540787,0.3588733375072479,0.07348743919283152,0.07402817718684673,0.07362131774425507,0.0741546805948019,0.0737173343077302,0.07450887747108936,0.0807621804997325,0.0799824483692646,0.08122154325246811,0.08280816581100225,0.08095708396285772,0.08072451408952475,0.08441746886819601,0.08005737513303757,0.08365394547581673,0.08425269927829504,0.08337296545505524,0.08282338548451662,0.08814066927880049,0.08883692976087332,0.09148591570556164,0.09180999733507633,0.08983117528259754,0.08774880599230528,0.08400781825184822,0.08553518261760473,0.08372650295495987,0.08308245055377483,0.08232048712670803,0.08371158596128225,0.08440924901515245,0.08458229806274176,0.08373570907860994,0.08520258404314518,0.08697875123471022,0.0846811467781663,0.0857134684920311,0.09209452662616968,0.09678193368017673,0.0886187618598342,0.08831631485372782,0.0863821730017662,0.08260200265794992,0.08473120722919703,0.08719149604439735,0.08659477904438972,0.08491904102265835,0.08558788682733263,0.5057727098464966,0.4949108548462391,0.4949771389365196,0.4945341870188713,0.49173441156744957,0.48866893723607063,0.49871760234236717,0.4921291433274746,0.4951602444052696,0.5067532882094383,0.4988818056881428,0.49382828176021576,0.47997672855854034,0.4700986407697201,0.470868568867445,0.4724414572119713,0.4747537560760975,0.47197194024920464,0.47024647146463394,0.4691783934831619,0.4645224027335644,0.4691208675503731,0.4745652936398983,0.4778725281357765,0.48146670311689377,0.46894679963588715,0.4608415439724922,0.46571967750787735,0.46652959659695625,0.4681663103401661,0.47287415713071823,0.4730428196489811,0.48428576067090034,0.48918550089001656,0.4880785867571831,0.48233597353100777,0.4813593849539757,0.47338559478521347,0.463294830173254,0.4696240462362766,0.47115832567214966,0.4698437936604023,0.4615282341837883,0.46632829681038857,0.45240865275263786,0.4550204388797283,0.46943264454603195,0.4400960888181414
LLS_00,0,7,0.029676198959350586,0.012531042098999023,0.015005290508270264,0.09864836931228638,0.059584200382232666,0.03999149799346924,0.9750855565071106,1.7191030979156494,1831.151665687561,0.46028750017285347,0.45500757172703743,0.45540205016732216,0.4477130174636841,0.45514997094869614,0.4691411107778549,0.4810294397175312,0.48882706835865974,0.5008026622235775,0.5193729773163795,0.5284571424126625,0.5336870551109314,0.5384857207536697,0.538947120308876,0.5511427223682404,0.5643810629844666,0.5712234377861023,0.5712180212140083,0.5648390650749207,0.5672901049256325,0.5704873204231262,0.5669247061014175,0.5577844455838203,0.5583089217543602,0.5665797144174576,0.5629066675901413,0.5502859354019165,0.5454632192850113,0.5504792258143425,0.5605029240250587,0.5573332086205482,0.5534204691648483,0.554348774254322,0.568833477795124,0.5762863233685493,0.5800952613353729,0.5796714276075363,0.5867272540926933,0.5930577367544174,0.5985159501433372,0.6064044758677483,0.6044800579547882,0.6009750217199326,0.6023858040571213,0.6086733266711235,0.5493350550532341,0.5385569334030151,0.5263163277081081,0.27646564319729805,0.2773975841701031,0.2787940539419651,0.2827022187411785,0.28386010602116585,0.2841513678431511,0.28357528150081635,0.2819499224424362,0.2797725535929203,0.28006939962506294,0.28291624039411545,0.28307828307151794,0.2815314680337906,0.281948521733284,0.28427744656801224,0.2863186150789261,0.2868450954556465,0.2871694602072239,0.29081738367676735,0.2945193834602833,0.2973010689020157,0.2985890284180641,0.29961545392870903,0.30211279913783073,0.3058433011174202,0.310065571218729,0.3125145100057125,0.31356579810380936,0.3149714320898056,0.3168968968093395,0.31874382495880127,0.3196302242577076,0.32060909643769264,0.3216303512454033,0.3219415619969368,0.32273517549037933,0.3228013552725315,0.3236934170126915,0.325605321675539,0.3260341249406338,0.3254232853651047,0.32687118649482727,0.32966267690062523,0.3313322477042675,0.33048586919903755,0.3251135013997555,0.32175562530755997,0.32094694886888775,0.044040604028850794,0.045163402799516916,0.044467797968536615,0.043603815138339996,0.044460874516516924,0.04698196891695261,0.05249498737975955,0.055416869930922985,0.05561936227604747,0.0568820983171463,0.05962894996628165,0.05917805107310414,0.05902951769530773,0.05986379412934184,0.06123551772907376,0.06338290497660637,0.06477150227874517,0.06445824820548296,0.0661642188206315,0.06962990760803223,0.06884672399610281,0.06829136796295643,0.06848217360675335,0.06968326680362225,0.07039647083729506,0.06972101144492626,0.07167039345949888,0.07107665203511715,0.07068327348679304,0.07091914676129818,0.0710379732772708,0.07237872201949358,0.07417942304164171,0.07271997444331646,0.07221707329154015,0.0725728077813983,0.07025793753564358,0.0716459359973669,0.07190773263573647,0.07102850545197725,0.0728534609079361,0.07292820047587156,0.07483953051269054,0.0736254695802927,0.07264273148030043,0.07467988692224026,0.07574213296175003,0.07493215054273605,0.5728569328784943,0.5768296048045158,0.5779111906886101,0.5841547697782516,0.5768653675913811,0.5640513598918915,0.5530120804905891,0.5455162152647972,0.5387739464640617,0.5348543524742126,0.5355196893215179,0.5312053188681602,0.5228180661797523,0.5243143439292908,0.5239941850304604,0.5122437179088593,0.5010586902499199,0.49365395680069923,0.49849145859479904,0.49689872935414314,0.4886903241276741,0.4830927811563015,0.48373057693243027,0.4836464561522007,0.47354112938046455,0.47268299385905266,0.4762149304151535,0.4790066294372082,0.47443609312176704,0.4675480090081692,0.4718298651278019,0.4728388376533985,0.4717773459851742,0.462825533002615,0.45932646095752716,0.45744840428233147,0.45509023219347,0.4500148706138134,0.4505270719528198,0.4506279267370701,0.4424598254263401,0.43736886978149414,0.44223618134856224,0.45475105196237564,0.45979341492056847,0.47614310681819916,0.48273517191410065,0.4956913079534258
LLS_00,1,7,0.008140981197357178,0.011672794818878174,0.0017502903938293457,0.08524376153945923,0.07413828372955322,0.05342757701873779,1.0824261903762817,1.2006707191467285,1834.3203620910645,0.446872316300869,0.4440428763628006,0.4447614774107933,0.4488215036690235,0.4620179235935211,0.4800824262201786,0.49099114537239075,0.49553290382027626,0.5074398182332516,0.5231271311640739,0.5359080508351326,0.5389492958784103,0.5414297729730606,0.5455882474780083,0.5565742552280426,0.5631557926535606,0.5628970712423325,0.5590514987707138,0.5547201558947563,0.5484266877174377,0.533455990254879,0.524190217256546,0.5201393365859985,0.5215596184134483,0.5230796188116074,0.5196708887815475,0.5159500017762184,0.5172933116555214,0.5270133092999458,0.5330115556716919,0.5389393866062164,0.5450798571109772,0.5579082518815994,0.5680140107870102,0.5469987019896507,0.5364793986082077,0.5353017896413803,0.5428148210048676,0.5539336130023003,0.5599472224712372,0.5633375719189644,0.5687022805213928,0.5758816227316856,0.5850260406732559,0.5934274941682816,0.5994351804256439,0.6005837172269821,0.6053376708711896,0.25926313176751137,0.2600228264927864,0.26105569675564766,0.26208117604255676,0.2636357583105564,0.2651318199932575,0.26485830172896385,0.26571110635995865,0.2664404697716236,0.2653133012354374,0.26376015692949295,0.2625104524195194,0.26382579654455185,0.2655544616281986,0.2644963674247265,0.26358770951628685,0.2639850825071335,0.26703430339694023,0.2697336860001087,0.2731170877814293,0.27892129495739937,0.28407537937164307,0.287029504776001,0.2887585274875164,0.2898223213851452,0.2932562157511711,0.29840927571058273,0.3016979619860649,0.30241866037249565,0.3036102019250393,0.30629226565361023,0.31106607615947723,0.31512249633669853,0.31794575974345207,0.3180467486381531,0.318611491471529,0.3227938376367092,0.3255065307021141,0.3271084502339363,0.33247748017311096,0.33477142080664635,0.3355233520269394,0.3350382223725319,0.3355798199772835,0.3365689404308796,0.3375390060245991,0.33762507885694504,0.3375027818339212,0.04076707549393177,0.04136066045612097,0.040617947932332754,0.039864139165729284,0.0408298927359283,0.043306879699230194,0.04529803246259689,0.04631832102313638,0.0476974667981267,0.049354336224496365,0.05149495881050825,0.05365505116060376,0.055606859270483255,0.059036267921328545,0.06043222779408097,0.060848125256597996,0.06306441454216838,0.06381255760788918,0.0639739939942956,0.06499622948467731,0.06690738908946514,0.06742152944207191,0.06624703016132116,0.06591646373271942,0.06423586886376143,0.06536233983933926,0.06916263978928328,0.0705344146117568,0.06935196742415428,0.0678725615143776,0.06725805252790451,0.06808352470397949,0.06816425733268261,0.06577669456601143,0.06346190348267555,0.06366212852299213,0.0645971349440515,0.06654598005115986,0.06731962226331234,0.06747650355100632,0.06915253773331642,0.06723065953701735,0.06655655987560749,0.0671926848590374,0.06798259727656841,0.06869679223746061,0.06997735798358917,0.06982589513063431,0.5818447694182396,0.5845384001731873,0.5856121480464935,0.5834615230560303,0.5748482048511505,0.5614325776696205,0.5513528063893318,0.546967975795269,0.5412013754248619,0.5338120758533478,0.5241099745035172,0.5167515873908997,0.5204474329948425,0.5341596230864525,0.532270185649395,0.5238771438598633,0.5179182216525078,0.520451694726944,0.5234477669000626,0.5247803777456284,0.5257636904716492,0.5251421630382538,0.5233562514185905,0.5172172263264656,0.5127932280302048,0.5112794786691666,0.5107661634683609,0.5075700879096985,0.49925778061151505,0.49483373761177063,0.4925651103258133,0.49144867435097694,0.48629171401262283,0.4800443723797798,0.47840366512537,0.47860298678278923,0.48364779353141785,0.4821024127304554,0.47588830813765526,0.47056733816862106,0.46933389082551,0.46881044283509254,0.46664609387516975,0.4624308757483959,0.4575420059263706,0.4554300010204315,0.4568515010178089,0.4568260482379368
LLS_00,0,8,0.04283297061920166,0.035089969635009766,0.03608286380767822,0.1286640763282776,0.10827982425689697,0.1175844669342041,3.2178449630737305,4.568385124206543,2619.156243801117,0.5380508005619049,0.5261242166161537,0.5141550227999687,0.4949585273861885,0.47920801490545273,0.47475090250372887,0.4574718177318573,0.4355335980653763,0.41821958497166634,0.42962196096777916,0.4362952336668968,0.4328606650233269,0.41811341419816017,0.40136362984776497,0.39261898770928383,0.3862456865608692,0.3900887817144394,0.39301032200455666,0.3898409530520439,0.3886384777724743,0.3893985077738762,0.38828960433602333,0.3907000683248043,0.37952590361237526,0.37770578637719154,0.38666580244898796,0.3967892788350582,0.3928126357495785,0.3901587016880512,0.3865353427827358,0.3973655439913273,0.4098920561373234,0.41552456840872765,0.4060381129384041,0.4008723385632038,0.39462416246533394,0.4001169316470623,0.4081484340131283,0.4098813980817795,0.4195152819156647,0.4245752654969692,0.4380158931016922,0.4367011524736881,0.43609655648469925,0.43246450275182724,0.4337036795914173,0.43844709917902946,0.4370506192956652,0.3248957395553589,0.3204764239490032,0.31761693954467773,0.3134371414780617,0.30924877896904945,0.3112322464585304,0.31457696482539177,0.3167645148932934,0.3154674991965294,0.31664590537548065,0.3200144022703171,0.3227028511464596,0.3243543393909931,0.32248983159661293,0.3207129240036011,0.31953732669353485,0.31798991188406944,0.3167157769203186,0.31660303100943565,0.31727374345064163,0.31916995346546173,0.3213471844792366,0.3208201006054878,0.3215308338403702,0.3226422891020775,0.3234359249472618,0.32184768095612526,0.3211059905588627,0.32123805955052376,0.32096537575125694,0.3208398409187794,0.31785597652196884,0.3181805945932865,0.3206234909594059,0.3233860060572624,0.3229115381836891,0.3215467594563961,0.31972652673721313,0.3194636218249798,0.31984812393784523,0.3177398778498173,0.31485559046268463,0.31369416043162346,0.314075093716383,0.31462666392326355,0.3131808564066887,0.31021326780319214,0.3096511789730617,0.14714540913701057,0.13606411591172218,0.131824703887105,0.12517102155834436,0.12181898299604654,0.12373212538659573,0.12410165276378393,0.11992793064564466,0.12336716614663601,0.13567970972508192,0.13982338551431894,0.14089486934244633,0.1486885715276003,0.14277754537761211,0.13721461407840252,0.14667685888707638,0.13478002790361643,0.13461097329854965,0.13827500864863396,0.1344387410208583,0.1335544791072607,0.14300845190882683,0.13951015286147594,0.13786291517317295,0.1456050742417574,0.1379172084853053,0.13234264869242907,0.14218330197036266,0.13557668682187796,0.14057059958577156,0.14654686488211155,0.1384351495653391,0.13928214367479086,0.14811386540532112,0.13901680894196033,0.14078866504132748,0.15038997493684292,0.14100921899080276,0.14346958696842194,0.15204286575317383,0.1417778693139553,0.14821690693497658,0.14737306348979473,0.14648349583148956,0.14478963147848845,0.14515914395451546,0.14450780488550663,0.15333843869822367,0.39011433348059654,0.3877599760890007,0.3801570422947407,0.3685751110315323,0.3588881827890873,0.3563288748264313,0.35893309488892555,0.3607930913567543,0.35904546082019806,0.3660171404480934,0.36530277132987976,0.3649510107934475,0.3643585257232189,0.36658603325486183,0.3624848388135433,0.3546404652297497,0.35000455379486084,0.35041024163365364,0.3486771583557129,0.3445132337510586,0.3478025235235691,0.3543706275522709,0.3535171449184418,0.35311856493353844,0.3479006662964821,0.35250895842909813,0.35240723565220833,0.35571594536304474,0.3596080653369427,0.35834433510899544,0.358361329883337,0.353657104074955,0.35603005811572075,0.36048802360892296,0.3666284903883934,0.3653566315770149,0.36434511467814445,0.36165811121463776,0.36485762894153595,0.3682734854519367,0.3640625365078449,0.3576168827712536,0.3574000708758831,0.3587595373392105,0.357507836073637,0.35718413814902306,0.35609206929802895,0.35480611664908274
LLS_00,1,8,0.03774207830429077,0.00425875186920166,-0.0045923590660095215,0.14619266986846924,0.08946847915649414,0.013918817043304443,3.7891809940338135,3.5512502193450928,3713.3820180892944,0.5894769877195358,0.5796695500612259,0.5681236535310745,0.5436368733644485,0.5148422047495842,0.4996499642729759,0.49202854186296463,0.4878460615873337,0.4815656393766403,0.4681355878710747,0.44407931715250015,0.42274196445941925,0.4040091075003147,0.3900614269077778,0.37492742016911507,0.3826538175344467,0.39451029151678085,0.4147445522248745,0.4259921945631504,0.43150606378912926,0.4309622049331665,0.4351259097456932,0.44741637632250786,0.46305863186717033,0.46909718215465546,0.47106096148490906,0.47119053080677986,0.49005842208862305,0.5070145353674889,0.517185777425766,0.5207201465964317,0.5425745770335197,0.549114853143692,0.5544160380959511,0.5526364222168922,0.5450448095798492,0.5451376438140869,0.5473320186138153,0.552110992372036,0.5480239689350128,0.5385423377156258,0.537144660949707,0.5368253141641617,0.541441060602665,0.5425338670611382,0.5397052988409996,0.5301547795534134,0.5238971710205078,0.296942625194788,0.2948598600924015,0.2919031046330929,0.2892624996602535,0.28755464032292366,0.29351548478007317,0.29750828072428703,0.297397218644619,0.2979177162051201,0.2998729981482029,0.3065258301794529,0.3113059177994728,0.3143177144229412,0.31579533964395523,0.31731492653489113,0.3170759454369545,0.31687839329242706,0.31774431467056274,0.3208010569214821,0.31927401199936867,0.3197603188455105,0.3194838725030422,0.31923384219408035,0.3188439905643463,0.3200720213353634,0.3207666128873825,0.3223704695701599,0.32903198152780533,0.3293169401586056,0.32984109967947006,0.3297438882291317,0.3296527862548828,0.32966475933790207,0.32910364121198654,0.32684702053666115,0.3243282660841942,0.3227328024804592,0.32085752487182617,0.3181146904826164,0.31835760921239853,0.31886381655931473,0.3182124122977257,0.31684714928269386,0.3140600360929966,0.31251904740929604,0.31295545026659966,0.3132765330374241,0.3134471688951765,0.15046793781220913,0.1415149886161089,0.1304110400378704,0.12291303463280201,0.1231250911951065,0.12229070253670216,0.13331115152686834,0.12409102451056242,0.11859932634979486,0.12825130857527256,0.12170334346592426,0.12661824189126492,0.13856130465865135,0.13423542026430368,0.12126648426055908,0.13343808706849813,0.12298534624278545,0.11565328855067492,0.124888782389462,0.1105922544375062,0.12525041867047548,0.12746776081621647,0.1187682868912816,0.12145507615059614,0.13105735834687948,0.13026949390769005,0.12440081220120192,0.1372762843966484,0.12498463690280914,0.11868835892528296,0.13507843762636185,0.12030427623540163,0.1204365324229002,0.12622673623263836,0.1214844100177288,0.11731607746332884,0.12580088712275028,0.12890248373150826,0.11605167016386986,0.12843533139675856,0.13578801415860653,0.13107268512248993,0.14758913218975067,0.14771120995283127,0.13824311923235655,0.14269557408988476,0.14272821880877018,0.1427573072058814,0.3624679185450077,0.36188722029328346,0.3559350296854973,0.3485150747001171,0.3445284329354763,0.34318289533257484,0.34000764787197113,0.33833447843790054,0.3387867659330368,0.34059789776802063,0.35202598571777344,0.36092739924788475,0.36627931892871857,0.3686773106455803,0.3661668710410595,0.35998744517564774,0.3617824502289295,0.360994566231966,0.3639111556112766,0.3603728301823139,0.3556140549480915,0.35238709673285484,0.3507280983030796,0.3485524095594883,0.3495495580136776,0.34870677441358566,0.3522861413657665,0.3595384210348129,0.35593921318650246,0.3502638228237629,0.35122814401984215,0.36026835441589355,0.36148912087082863,0.3551292046904564,0.35175009444355965,0.3533582240343094,0.35752907022833824,0.351938683539629,0.3417615070939064,0.34036050736904144,0.33949124440550804,0.34274177998304367,0.3339671827852726,0.3250901326537132,0.32367055490612984,0.32934796437621117,0.3309483714401722,0.3329019716807774
LLS_00,0,9,0.03877758979797363,0.0014759302139282227,-0.004177272319793701,0.1043623685836792,-0.025447487831115723,-0.017664611339569092,3.9162213802337646,4.3802409172058105,1836.5355532169342,0.41639992594718933,0.43387264385819435,0.43874817341566086,0.45495983213186264,0.46849436685442924,0.4637208990752697,0.47274675965309143,0.46328572556376457,0.4538765102624893,0.4606955721974373,0.4693160019814968,0.4797852747142315,0.47229789197444916,0.47659361734986305,0.4758550003170967,0.4788924306631088,0.491506852209568,0.48802004754543304,0.48717930912971497,0.4940643422305584,0.4980018809437752,0.498122189193964,0.49293799325823784,0.49787070229649544,0.49201805144548416,0.49401604756712914,0.5024927332997322,0.5100111067295074,0.5173324421048164,0.5111266374588013,0.5134305134415627,0.5192674547433853,0.5111332461237907,0.5004316680133343,0.5001500472426414,0.4999373257160187,0.49967243894934654,0.508277416229248,0.5088847428560257,0.5023980066180229,0.5050582960247993,0.5085121765732765,0.5014015845954418,0.48967575281858444,0.4954629875719547,0.5053086020052433,0.4984479919075966,0.4998492939131601,0.2865595109760761,0.28602347895503044,0.2890360429883003,0.29678501561284065,0.30009254813194275,0.3083287365734577,0.30701397731900215,0.31048139184713364,0.317009873688221,0.3222391903400421,0.32604819163680077,0.33150215446949005,0.3296521157026291,0.33212190493941307,0.33861811086535454,0.3365224413573742,0.3362570069730282,0.34210658073425293,0.34219032153487206,0.3409072607755661,0.3451336435973644,0.34499065577983856,0.3442533537745476,0.34851279109716415,0.3470339737832546,0.3486934043467045,0.3524910882115364,0.35150471702218056,0.3511888310313225,0.3598933555185795,0.3549529239535332,0.3521605134010315,0.3587017394602299,0.36190151050686836,0.35687627270817757,0.36251743137836456,0.36658356711268425,0.3612356558442116,0.36025622487068176,0.3646714873611927,0.35715874657034874,0.3588753342628479,0.3626783713698387,0.3620782159268856,0.36167991533875465,0.3648300766944885,0.3619967922568321,0.36540343931743074,0.041103489231318235,0.04024982824921608,0.04045342747122049,0.045179140754044056,0.039900008123368025,0.040922129061073065,0.05070989299565554,0.046407816000282764,0.04723563650622964,0.04871215019375086,0.054630542639642954,0.060876838862895966,0.05413005640730262,0.05696409149095416,0.06439928850159049,0.06327289575710893,0.05949235614389181,0.06220906274393201,0.05996431363746524,0.061961645260453224,0.06634067976847291,0.06384072778746486,0.0620112088508904,0.07103912066668272,0.06772328726947308,0.06374985538423061,0.0697352197021246,0.06819207314401865,0.06576400529593229,0.07878390233963728,0.07199476100504398,0.06763120368123055,0.08256981708109379,0.08324083779007196,0.07356338948011398,0.0855164434760809,0.08385072648525238,0.07715739402920008,0.0771523006260395,0.08449363615363836,0.07144179474562407,0.07758359238505363,0.08576334919780493,0.07513280771672726,0.08154356200248003,0.09476427640765905,0.07842920627444983,0.08015011357409614,0.44537296518683434,0.44380440935492516,0.44353846088051796,0.4404839724302292,0.4352751784026623,0.4419645443558693,0.4408508762717247,0.45065345615148544,0.4610363468527794,0.4625479392707348,0.4666737988591194,0.46867461130023,0.46920064464211464,0.47073544934391975,0.4743909686803818,0.47131679579615593,0.4621424674987793,0.4618920795619488,0.46913841739296913,0.4743219055235386,0.47483180835843086,0.47204940021038055,0.46973418444395065,0.46370383724570274,0.4725033640861511,0.4719185642898083,0.46688855439424515,0.4681582935154438,0.4601597785949707,0.4584442265331745,0.4627706818282604,0.4611494280397892,0.4588998034596443,0.4690978638827801,0.47203852236270905,0.4755043685436249,0.4825119599699974,0.47452380880713463,0.47315532714128494,0.47564899548888206,0.4779728017747402,0.4743131697177887,0.47283874452114105,0.4771142825484276,0.46661053597927094,0.45872068777680397,0.4689730815589428,0.4687018522194454
LLS_00,1,9,0.07308226823806763,0.021554231643676758,0.0467265248298645,0.15637743473052979,0.057016730308532715,0.05839055776596069,3.6359751224517822,4.302837371826172,5719.581171035767,0.3754669576883316,0.37130843847990036,0.3764270395040512,0.37794239446520805,0.3900526277720928,0.39661388471722603,0.3842306360602379,0.3724040165543556,0.3657219596207142,0.3726671077311039,0.3828495442867279,0.39014145731925964,0.4008827246725559,0.4063530005514622,0.41476255282759666,0.40162011981010437,0.4041103944182396,0.4103194698691368,0.4099689908325672,0.40847140178084373,0.3978160619735718,0.41421185433864594,0.4163346290588379,0.4327816888689995,0.41593826189637184,0.43100253492593765,0.43483902141451836,0.4372962862253189,0.4351816810667515,0.4390043392777443,0.45680223032832146,0.4526127278804779,0.4576214402914047,0.4586322754621506,0.4701925329864025,0.4509989283978939,0.44790371879935265,0.46033332496881485,0.4606515169143677,0.4577287659049034,0.4700445532798767,0.4550938159227371,0.45392265915870667,0.4505237191915512,0.47000423073768616,0.5003199242055416,0.4845274090766907,0.4785709934575217,0.2856092341244221,0.2916848435997963,0.2899148650467396,0.2983781173825264,0.30001796409487724,0.30817897990345955,0.30924849584698677,0.31544170901179314,0.31850239634513855,0.32077352702617645,0.3302307538688183,0.33615371212363243,0.33067797124385834,0.3368617780506611,0.3401824049651623,0.34647078439593315,0.3502386063337326,0.35034679993987083,0.3495039567351341,0.3463614545762539,0.3558920621871948,0.3538722135126591,0.3557182475924492,0.35411160066723824,0.35181983560323715,0.35146496072411537,0.3466799110174179,0.3497617430984974,0.3548507019877434,0.35652051866054535,0.3506191335618496,0.3544924519956112,0.3600032776594162,0.3565401993691921,0.34652676433324814,0.3481348156929016,0.3488396778702736,0.34643375501036644,0.3515367954969406,0.35493506491184235,0.35151294618844986,0.35627080500125885,0.35574154183268547,0.362181693315506,0.36520616710186005,0.3560166731476784,0.3599400036036968,0.36322725670678274,0.04219729918986559,0.04312194371595979,0.04132258892059326,0.04116556141525507,0.03987775929272175,0.04626080486923456,0.049222034867852926,0.047076161950826645,0.04798662755638361,0.050516212824732065,0.0517940791323781,0.05435244645923376,0.05381648521870375,0.05391218140721321,0.05828733462840319,0.05161843495443463,0.05601289356127381,0.058819035068154335,0.06003916636109352,0.061150406021624804,0.06579551938921213,0.06375084631145,0.06459237867966294,0.07723176945000887,0.06710462085902691,0.06943332962691784,0.07188700791448355,0.07198951952159405,0.06968009285628796,0.07291228417307138,0.07026424258947372,0.07950581796467304,0.0779800433665514,0.07279408816248178,0.0737570570781827,0.07141387276351452,0.07568750996142626,0.07650454994291067,0.0778514351695776,0.0753913689404726,0.07521802559494972,0.07591503579169512,0.07146070897579193,0.07144273817539215,0.08460631407797337,0.07635446731001139,0.07300267741084099,0.08102530773196902,0.4417790621519089,0.4462166652083397,0.44263385236263275,0.4438735842704773,0.44130852818489075,0.4486449994146824,0.4489777870476246,0.4568353556096554,0.46197459846735,0.4658435173332691,0.4673144668340683,0.47195474803447723,0.46509696170687675,0.46744075044989586,0.46746687591075897,0.48317456245422363,0.4861838333308697,0.4793001227080822,0.4841943681240082,0.48783666640520096,0.4961039572954178,0.49975092336535454,0.49662279710173607,0.48773329704999924,0.49669915810227394,0.48495808616280556,0.47660619020462036,0.4783068709075451,0.4822538048028946,0.4761088527739048,0.46466126665472984,0.4716062769293785,0.4775013327598572,0.4746876731514931,0.4597809538245201,0.46509774029254913,0.4733659438788891,0.46761082857847214,0.46104295551776886,0.4669748954474926,0.46492187678813934,0.45960627868771553,0.4608708880841732,0.4767652004957199,0.4650060422718525,0.4513171426951885,0.469799418002367,0.46599553738321575
LLS_00,0,10,0.15233659744262695,0.03190803527832031,0.04444754123687744,0.2323501706123352,0.11635768413543701,0.08401679992675781,1.414047122001648,2.4833524227142334,2617.6201219558716,0.6623790860176086,0.6489524766802788,0.6436596065759659,0.6327676177024841,0.6215698048472404,0.6119182705879211,0.5873980447649956,0.5607276782393456,0.5361674055457115,0.5194694176316261,0.502392090857029,0.4780469164252281,0.4591897428035736,0.45467347279191017,0.4503824710845947,0.4435723312199116,0.4308469854295254,0.4234827794134617,0.414385873824358,0.40253177657723427,0.3940337710082531,0.40197326242923737,0.4191316030919552,0.4321456216275692,0.4302162006497383,0.42249270528554916,0.44010570272803307,0.4493689127266407,0.45388856530189514,0.440418966114521,0.4272190257906914,0.4203043766319752,0.41746268793940544,0.4201025106012821,0.4200344979763031,0.41236353665590286,0.4107865057885647,0.4069814868271351,0.40232883393764496,0.40285854786634445,0.40028150007128716,0.40049827843904495,0.393482007086277,0.38913819566369057,0.3824676088988781,0.37066736444830894,0.3691556937992573,0.36860658867018564,0.24419697374105453,0.2448521014302969,0.2473415993154049,0.24955755285918713,0.2496886271983385,0.24826793931424618,0.24914843402802944,0.2516680769622326,0.25725550204515457,0.26185392588377,0.26502807810902596,0.269404124468565,0.2727522440254688,0.27371474727988243,0.2757442407310009,0.2764285244047642,0.27838826924562454,0.2758933790028095,0.2769394665956497,0.2783094681799412,0.28315116092562675,0.2852134257555008,0.28469836339354515,0.2848597541451454,0.28538675606250763,0.2882876880466938,0.2888895496726036,0.28990812599658966,0.2901438698172569,0.29215309023857117,0.2939523160457611,0.2956675626337528,0.2990174740552902,0.3026924096047878,0.3050161711871624,0.3042234405875206,0.3028521053493023,0.30163976177573204,0.3048225827515125,0.3079056516289711,0.3114478550851345,0.31502387300133705,0.31439990922808647,0.3113813102245331,0.31139962002635,0.31590206548571587,0.3173518367111683,0.31725788542202543,0.021593458019196987,0.02266507293097675,0.022304249927401543,0.02271665446460247,0.021748611005023122,0.01979284593835473,0.025834975065663457,0.026738964254036546,0.026674190536141396,0.030304040294140577,0.031051188940182328,0.030910035129636526,0.028769049793481827,0.030407044803723693,0.03288178285583854,0.03409027913585305,0.03381573408842087,0.034981999546289444,0.03380404505878687,0.033547977451235056,0.03528924752026796,0.03696543676778674,0.037659482564777136,0.041824738029390574,0.04325666232034564,0.045207951217889786,0.04677595430985093,0.04849957721307874,0.048047496005892754,0.050317587330937386,0.05001025553792715,0.05008753528818488,0.05161792691797018,0.052554342430084944,0.045703919138759375,0.04121735179796815,0.04318236606195569,0.03863472305238247,0.03873448446393013,0.04082061909139156,0.03808950213715434,0.03701697336509824,0.04131824988871813,0.04090632079169154,0.037065038457512856,0.0423289155587554,0.04308933764696121,0.04247632888810975,0.31039564311504364,0.3134441450238228,0.31199023872613907,0.306531697511673,0.30594272539019585,0.3099275417625904,0.3158871978521347,0.3198918551206589,0.3265274241566658,0.332593459635973,0.3341522887349129,0.3331993445754051,0.33495018258690834,0.3376361206173897,0.3381749503314495,0.33221518993377686,0.32989655435085297,0.326491579413414,0.3302525244653225,0.33631298691034317,0.3429727889597416,0.33968841657042503,0.34002431854605675,0.34001726657152176,0.3466954156756401,0.3487342968583107,0.34913816303014755,0.35702109709382057,0.35801076143980026,0.3637140803039074,0.36399026587605476,0.35902608931064606,0.36392010748386383,0.371295765042305,0.3712971769273281,0.36343344300985336,0.36296747997403145,0.35415658354759216,0.35426270961761475,0.35517558082938194,0.3569265641272068,0.3719825781881809,0.3754715360701084,0.36897778138518333,0.36480116471648216,0.37503620609641075,0.3817249685525894,0.38532495498657227
LLS_00,1,10,0.1325792670249939,0.06756949424743652,0.055775463581085205,0.20452719926834106,0.13156676292419434,0.10522490739822388,1.3935391902923584,2.933681011199951,5916.895188331604,0.6612977534532547,0.6489777788519859,0.6412228792905807,0.632647767663002,0.6248504966497421,0.6214583516120911,0.6103435456752777,0.5903596207499504,0.5775473490357399,0.5742427036166191,0.5613225698471069,0.5484437718987465,0.5457871183753014,0.5549545437097549,0.5549721196293831,0.5461296588182449,0.548620842397213,0.5469285696744919,0.5427092611789703,0.5537149980664253,0.552598275244236,0.5464827194809914,0.547950454056263,0.5477537214756012,0.5374230518937111,0.5372610315680504,0.5381768122315407,0.5421625673770905,0.5518868342041969,0.5389586687088013,0.5343739166855812,0.5459900200366974,0.5546957105398178,0.556298702955246,0.5492033585906029,0.5488530471920967,0.5489031448960304,0.5534431636333466,0.5428203716874123,0.537687249481678,0.5390942692756653,0.5398271754384041,0.5456031188368797,0.5298985093832016,0.5257270038127899,0.5197333097457886,0.5200996324419975,0.5071761182376316,0.18982476368546486,0.19453807547688484,0.19678719155490398,0.19976727105677128,0.2033560797572136,0.20661058463156223,0.2062617540359497,0.20891237072646618,0.2183286789804697,0.223396522924304,0.22743304446339607,0.23358832485973835,0.23786043189466,0.24029055796563625,0.23785012401640415,0.2399650551378727,0.24106500670313835,0.24812273308634758,0.2519174553453922,0.25059838593006134,0.2499314546585083,0.25109416991472244,0.2563425339758396,0.2594754211604595,0.2612401768565178,0.2633312866091728,0.2638309746980667,0.26580705121159554,0.26834777742624283,0.2722535654902458,0.272791251540184,0.2709951102733612,0.26560207083821297,0.25464924052357674,0.2558971717953682,0.25950587913393974,0.26308323442935944,0.26074550673365593,0.2688826508820057,0.26984722167253494,0.27391941472887993,0.2648841440677643,0.2602008581161499,0.2616927959024906,0.26032819226384163,0.2680621109902859,0.2689618468284607,0.2677308831896101,0.027533541899174452,0.028339398792013526,0.02799796243198216,0.028516922146081924,0.02865830110386014,0.02812737040221691,0.02747085690498352,0.02699046046473086,0.028040289878845215,0.028368316823616624,0.029952938202768564,0.03008205909281969,0.03100201766937971,0.027339389780536294,0.029953902354463935,0.03573962301015854,0.04026545397937298,0.0452248714864254,0.04667430790141225,0.046954173129051924,0.050032556522637606,0.05128416931256652,0.049024819396436214,0.05686660995706916,0.05998818762600422,0.05706532625481486,0.05724048847332597,0.05641907965764403,0.054629931692034006,0.05893973959609866,0.060946984216570854,0.05956669105216861,0.053102286998182535,0.05992878181859851,0.05699883820489049,0.05356684699654579,0.06000666692852974,0.06260071601718664,0.06342126661911607,0.059304104652255774,0.0571011146530509,0.04530294192954898,0.040919093415141106,0.055406367406249046,0.05043166410177946,0.04960832931101322,0.04994912724941969,0.052069262734481266,0.288174856454134,0.29604171961545944,0.29554087668657303,0.293594378978014,0.2915002554655075,0.29291779920458794,0.2924172803759575,0.29750723019242287,0.30804963782429695,0.3128396235406399,0.3132997415959835,0.31545737758278847,0.3175024166703224,0.3197614401578903,0.31641529500484467,0.31957079842686653,0.32707956060767174,0.3382983133196831,0.3416839651763439,0.3373890146613121,0.3312944620847702,0.3368128016591072,0.3481382131576538,0.3600587584078312,0.36313971132040024,0.3646337762475014,0.36540600657463074,0.3598346970975399,0.3587244935333729,0.37280289456248283,0.3780411407351494,0.3685011863708496,0.34965845569968224,0.3358275666832924,0.3368245102465153,0.3406902775168419,0.340799193829298,0.32954171672463417,0.3369746133685112,0.34152452275156975,0.34603293612599373,0.32446059957146645,0.31520530208945274,0.3180765360593796,0.3153115473687649,0.3310892581939697,0.3316921442747116,0.32406745638166157
LLS_00,0,11,0.04717797040939331,0.043757498264312744,0.05483055114746094,0.10680222511291504,0.021180927753448486,0.043451786041259766,10.68163776397705,8.000176429748535,1832.5536246299744,0.730168342590332,0.7157857865095139,0.7129816487431526,0.711180604994297,0.7093125730752945,0.6974354311823845,0.7121389359235764,0.7194130569696426,0.7182645499706268,0.7218686267733574,0.7237457111477852,0.7258522883057594,0.7382816597819328,0.7430991753935814,0.7356025725603104,0.7303703725337982,0.7261738181114197,0.727360226213932,0.7287995219230652,0.7108128219842911,0.7088566347956657,0.7005254924297333,0.7071873098611832,0.6970305889844894,0.7084942683577538,0.6928979605436325,0.6858803778886795,0.6931763589382172,0.6966020464897156,0.6912377178668976,0.6905431598424911,0.6822055578231812,0.689848430454731,0.697537861764431,0.6883453279733658,0.6896814629435539,0.689014233648777,0.6742968112230301,0.6744338721036911,0.663112685084343,0.6520419642329216,0.6653889119625092,0.6580304950475693,0.650195837020874,0.6477832943201065,0.6481046304106712,0.6388330161571503,0.6429452470370701,0.24136796779930592,0.2413350660353899,0.2419357392936945,0.23940114676952362,0.23821641504764557,0.24048508144915104,0.2535640150308609,0.25662440434098244,0.2554788254201412,0.256006445735693,0.256283525377512,0.2579311169683933,0.25989295169711113,0.26274437829852104,0.26464342698454857,0.266086220741272,0.26860837638378143,0.2707144394516945,0.26996324583888054,0.2634083591401577,0.26062173396348953,0.2610858865082264,0.2636699825525284,0.2710527591407299,0.26812532916665077,0.2624681442975998,0.26578501239418983,0.2666983976960182,0.27387331426143646,0.2729432173073292,0.2730288542807102,0.2771628759801388,0.27352050691843033,0.27374062687158585,0.2679627202451229,0.27010467648506165,0.2747347764670849,0.27216969430446625,0.27385492622852325,0.27632806822657585,0.28112219646573067,0.27514494955539703,0.27754784747958183,0.2696518525481224,0.26606135815382004,0.2678593657910824,0.2685021348297596,0.2676391133240291,0.09632120281457901,0.09079587366431952,0.09094542171806097,0.0833119722083211,0.07992405071854591,0.07776377070695162,0.07750381622463465,0.07569843623787165,0.06944998446851969,0.06760629825294018,0.0624909452162683,0.05872559640556574,0.06062452727928758,0.06147827673703432,0.06095275329425931,0.06404084246605635,0.06408976810052991,0.0661389920860529,0.0627742619253695,0.06732428167015314,0.0687744626775384,0.06836122460663319,0.06642819568514824,0.06897171959280968,0.06883066147565842,0.06893942691385746,0.06855401769280434,0.06812416110187769,0.06723473221063614,0.06772997789084911,0.06856208574026823,0.07114630378782749,0.06815789733082056,0.06748158298432827,0.06808515824377537,0.06513264589011669,0.06462911330163479,0.06999206822365522,0.0763280326500535,0.07761706318706274,0.0758140916004777,0.07410511747002602,0.07355993613600731,0.07037997432053089,0.06964549701660872,0.07649072352796793,0.07898046635091305,0.07838573413235801,0.44045788049697876,0.44696972891688347,0.4459068030118942,0.4436623714864254,0.44014081358909607,0.4388249069452286,0.42390622943639755,0.4160013496875763,0.4105668291449547,0.402485478669405,0.3990827202796936,0.39468036964535713,0.38856635615229607,0.38958076760172844,0.39069337025284767,0.3969250023365021,0.39282965660095215,0.39368249475955963,0.39619511365890503,0.4093041978776455,0.40103545039892197,0.4054628573358059,0.39392950758337975,0.40095509216189384,0.3915589638054371,0.3958190642297268,0.3928382657468319,0.39846909791231155,0.38627516105771065,0.3793781213462353,0.3686440549790859,0.3725929707288742,0.3733823448419571,0.37262381613254547,0.37400300055742264,0.3625233545899391,0.36390578374266624,0.3818294480443001,0.3752039112150669,0.3614419624209404,0.36337343975901604,0.3607287183403969,0.3479764983057976,0.3327675573527813,0.31961317732930183,0.3385833762586117,0.33415698632597923,0.3254090164388929
LLS_00,1,11,0.03414654731750488,-0.002848029136657715,-0.0009481906890869141,0.19368302822113037,0.11314719915390015,-0.01500791311264038,7.675879955291748,7.075051784515381,3707.6249389648438,0.7635268121957779,0.7574392035603523,0.7589280158281326,0.7601126655936241,0.7646155059337616,0.7462309151887894,0.744600236415863,0.7447960451245308,0.7374100685119629,0.7156559377908707,0.713560439646244,0.7057866901159286,0.7069355621933937,0.7068560793995857,0.7118978798389435,0.7170258387923241,0.7221999689936638,0.7251990437507629,0.7280284389853477,0.7232711389660835,0.7143707573413849,0.7095621675252914,0.7096725851297379,0.7066235914826393,0.6954880505800247,0.6533983498811722,0.658093698322773,0.660967268049717,0.6537347361445427,0.6378215327858925,0.6260640472173691,0.6179370954632759,0.6250194385647774,0.6297769024968147,0.6314244717359543,0.6250712126493454,0.6130580008029938,0.6172251850366592,0.6285360977053642,0.6187057122588158,0.6008642464876175,0.5782384276390076,0.5810939446091652,0.5813817158341408,0.583233006298542,0.5814922377467155,0.5808717012405396,0.5890444602285113,0.22776052728295326,0.22527320310473442,0.2253230419009924,0.2239354681223631,0.22220825590193272,0.2304924577474594,0.24054534174501896,0.2465613428503275,0.2485291212797165,0.2468670979142189,0.2553756982088089,0.26089541241526604,0.2661607824265957,0.2694333717226982,0.27268606424331665,0.276322316378355,0.2782798334956169,0.27999328449368477,0.28297414630651474,0.2882750444114208,0.2909950837492943,0.2927759997546673,0.2916884534060955,0.29225272685289383,0.29259227961301804,0.28415991738438606,0.2892162799835205,0.29086753726005554,0.29516464099287987,0.301201980561018,0.30260927602648735,0.307151485234499,0.3100586235523224,0.3129815421998501,0.3138284422457218,0.31317440420389175,0.3181850500404835,0.31594840064644814,0.3168422766029835,0.31956446915864944,0.32120654359459877,0.3245820514857769,0.32471443340182304,0.32744206115603447,0.3277520425617695,0.3281155973672867,0.33002038672566414,0.33039394872529165,0.0990319550037384,0.0939462436363101,0.09165311045944691,0.08694527205079794,0.08276365790516138,0.08351532183587551,0.08248546812683344,0.07915984559804201,0.07690739817917347,0.07737108319997787,0.07585410587489605,0.07636900432407856,0.07544700894504786,0.07481377013027668,0.07170542143285275,0.0667228251695633,0.06706052925437689,0.06583499349653721,0.06236729910597205,0.06649452820420265,0.06898801214993,0.0666104918345809,0.064916439820081,0.06288881413638592,0.06250755907967687,0.06618528254330158,0.06355301616713405,0.060431480407714844,0.05863913660869002,0.056262141559273005,0.05787788890302181,0.06208575610071421,0.06387417949736118,0.06506461184471846,0.06647603120654821,0.06460346654057503,0.07741836737841368,0.08039544988423586,0.08405935764312744,0.08637524675577879,0.08592711389064789,0.08333912398666143,0.0804109089076519,0.0819966085255146,0.08144642878323793,0.08078349102288485,0.08329839818179607,0.08574212448937553,0.4603605456650257,0.46342188119888306,0.4639211930334568,0.4614753797650337,0.455186203122139,0.4496944472193718,0.43639615923166275,0.4289529211819172,0.423364270478487,0.4328421279788017,0.42905794084072113,0.43134260922670364,0.42417431622743607,0.41962943226099014,0.41479793936014175,0.4111841805279255,0.4035331793129444,0.3953808881342411,0.3887498080730438,0.3958878517150879,0.4054454006254673,0.4030587933957577,0.38854027912020683,0.3795762397348881,0.3924449123442173,0.43986014649271965,0.4269210137426853,0.41927411407232285,0.4071678966283798,0.40010279417037964,0.39248426258563995,0.4016616940498352,0.4036548212170601,0.39480922743678093,0.3994935303926468,0.38688254728913307,0.4109172895550728,0.4264532998204231,0.4418598860502243,0.4451129399240017,0.44739731028676033,0.45144885033369064,0.4444163218140602,0.43694349378347397,0.43406105041503906,0.4350830391049385,0.4332814887166023,0.4331243463924953
LLS_00,0,12,0.10962104797363281,0.06866079568862915,0.058674156665802,0.2622257471084595,0.15458011627197266,0.2340659499168396,7.8894500732421875,8.762641906738281,1827.594972372055,0.4127994738519192,0.41062134876847267,0.3787563480436802,0.4185696355998516,0.4473905451595783,0.4509900137782097,0.39983030408620834,0.38854894787073135,0.4005670137703419,0.41012733802199364,0.4581694155931473,0.4479685574769974,0.4413292929530144,0.4292924553155899,0.4134765937924385,0.46997252106666565,0.4209880419075489,0.4428687132894993,0.4457989037036896,0.4618094637989998,0.4345119185745716,0.42870260030031204,0.4371931254863739,0.4576283432543278,0.4576603136956692,0.5055651031434536,0.5013047680258751,0.5110255852341652,0.4338930808007717,0.4452000856399536,0.4395238012075424,0.4480058066546917,0.417329303920269,0.4672425016760826,0.49069586768746376,0.4858357049524784,0.4671693556010723,0.49029339849948883,0.4957272410392761,0.506608173251152,0.4605381526052952,0.5158626139163971,0.5044179707765579,0.5011723041534424,0.4435160234570503,0.40188101679086685,0.4052415080368519,0.4114765099116734,0.2378715556114912,0.23323935829102993,0.25037858821451664,0.24011632427573204,0.23979610949754715,0.24592056311666965,0.25259185396134853,0.2640594393014908,0.25494226813316345,0.26071420311927795,0.2729625888168812,0.25746025890111923,0.260057058185339,0.27123381197452545,0.2771502435207367,0.27359889075160027,0.26836953312158585,0.27493804320693016,0.27036529406905174,0.2722328193485737,0.28583475202322006,0.2803705967962742,0.2787463776767254,0.279046893119812,0.2795633599162102,0.27286696434020996,0.2768978998064995,0.2706545814871788,0.2742564417421818,0.273018766194582,0.26848283410072327,0.2707928903400898,0.28012121468782425,0.2758154608309269,0.26703232526779175,0.26941948756575584,0.2873832434415817,0.28482433035969734,0.2859470695257187,0.2847418822348118,0.2800995633006096,0.2725537307560444,0.27802713960409164,0.28880731388926506,0.27282407507300377,0.27055681496858597,0.272364005446434,0.27713652168001446,0.14223201759159565,0.134824488312006,0.1236989926546812,0.1284528262913227,0.13196867145597935,0.12955306842923164,0.12267231103032827,0.13074166793376207,0.1345866620540619,0.13482213951647282,0.1490010991692543,0.16671142168343067,0.17247682437300682,0.1709632556885481,0.17418483830988407,0.17086401022970676,0.16257862001657486,0.166477732360363,0.1686716005206108,0.1628685314208269,0.15224608778953552,0.17080245725810528,0.17023121006786823,0.16046433337032795,0.15522383712232113,0.1494587641209364,0.15542267635464668,0.1556343100965023,0.13222320191562176,0.1300525087863207,0.13395369984209538,0.1404223721474409,0.1473215650767088,0.1440036352723837,0.14948290400207043,0.14132071658968925,0.16758159548044205,0.1809407975524664,0.19152935594320297,0.18277764320373535,0.16491948626935482,0.16624791361391544,0.16362903453409672,0.16234668530523777,0.16947884112596512,0.1791210751980543,0.17335141263902187,0.1784930889095579,0.4655120186507702,0.46007317677140236,0.45308351516723633,0.44654705747962,0.4422343671321869,0.438675407320261,0.42457787320017815,0.4264170415699482,0.42334504798054695,0.42001600563526154,0.4077773801982403,0.4078378900885582,0.41070661693811417,0.4222244657576084,0.41561343893408775,0.3865198977291584,0.38819458335638046,0.37445782124996185,0.38078321889042854,0.37699100747704506,0.387859795242548,0.3897530734539032,0.3877386897802353,0.3821028135716915,0.37511396408081055,0.3431665785610676,0.34358691424131393,0.34634844213724136,0.3928546980023384,0.37539834901690483,0.36262426525354385,0.35997214168310165,0.37585029751062393,0.35288460552692413,0.3390354998409748,0.33473196253180504,0.3696106970310211,0.36753885447978973,0.3806334137916565,0.38594141229987144,0.3572680912911892,0.3469967097043991,0.3517593555152416,0.3577626533806324,0.3496621325612068,0.3537098206579685,0.3558535538613796,0.35984915494918823
LLS_00,1,12,0.07571077346801758,-0.0449255108833313,-0.023447394371032715,0.28673094511032104,0.04134202003479004,-0.04270374774932861,9.76769733428955,6.966699600219727,3744.9993171691895,0.4955041855573654,0.5004420801997185,0.5079430043697357,0.5194822326302528,0.49823643267154694,0.4995863400399685,0.4840818755328655,0.4716244526207447,0.48189106211066246,0.4635593742132187,0.47677507624030113,0.49845440313220024,0.48143522068858147,0.49931081011891365,0.5233684033155441,0.5212069004774094,0.4985552914440632,0.49444496631622314,0.4921785108745098,0.49657560139894485,0.4761723466217518,0.5087100714445114,0.523388497531414,0.5203858017921448,0.49612854048609734,0.48997633904218674,0.49330487847328186,0.4865095280110836,0.5251367464661598,0.5158797353506088,0.49939117208123207,0.5052544176578522,0.4997219629585743,0.5134151466190815,0.5201789140701294,0.5238920152187347,0.5156951025128365,0.5022625364363194,0.5223507583141327,0.5009455643594265,0.5105051025748253,0.5040251426398754,0.5332788228988647,0.5194760635495186,0.4918784163892269,0.4557337276637554,0.5119299739599228,0.5055668311459678,0.26292240619659424,0.2581457458436489,0.2551974393427372,0.2524128407239914,0.25140149891376495,0.25609948858618736,0.25643738731741905,0.25488608703017235,0.26157211139798164,0.26890138164162636,0.26681528985500336,0.2684471122920513,0.27323974296450615,0.2794140391051769,0.2852191738784313,0.27868350967764854,0.2839150056242943,0.2845665104687214,0.2777794152498245,0.2771833762526512,0.2896958440542221,0.28898682072758675,0.29318399727344513,0.2916473224759102,0.2861289829015732,0.28396306186914444,0.28621881082654,0.2811589501798153,0.28409795835614204,0.28718047589063644,0.28864333406090736,0.2917769253253937,0.29808656871318817,0.30400746688246727,0.30299557000398636,0.30608589202165604,0.3067510910332203,0.29621972888708115,0.2973966710269451,0.29952770844101906,0.29934991151094437,0.2950744442641735,0.29593052715063095,0.30031484365463257,0.3073148764669895,0.3144637569785118,0.30026690661907196,0.30277777569634573,0.11962303519248962,0.1180439991876483,0.11411027796566486,0.10610758140683174,0.11094116419553757,0.13972517289221287,0.14170317351818085,0.13206689432263374,0.1276239976286888,0.1424967497587204,0.1369176246225834,0.12248717062175274,0.1229652538895607,0.1320085171610117,0.145101984962821,0.14781981147825718,0.1635415516793728,0.15234979055821896,0.14368949085474014,0.1418806053698063,0.14014267921447754,0.13846896588802338,0.1474280972033739,0.14276353269815445,0.1426449976861477,0.15176354162395,0.1561908833682537,0.13953100889921188,0.145637022331357,0.14503653533756733,0.14429498836398125,0.15048975124955177,0.15288068167865276,0.15590643137693405,0.1562123391777277,0.15741020999848843,0.15046620555222034,0.12594360392540693,0.12633225414901972,0.12831532582640648,0.12731017917394638,0.12323638517409563,0.1287446105852723,0.13452746719121933,0.1374115888029337,0.13363830372691154,0.13348782062530518,0.13309535597051894,0.47300049290060997,0.471224769949913,0.4678776003420353,0.46694962680339813,0.45337335020303726,0.44093627110123634,0.42457327991724014,0.3957672528922558,0.3744327276945114,0.4136228561401367,0.4014260731637478,0.3985631801187992,0.40769224241375923,0.397532194852829,0.3726383075118065,0.366263285279274,0.38286056742072105,0.3806142397224903,0.3731519244611263,0.3588194213807583,0.3772076219320297,0.3805778883397579,0.37655770778656006,0.3680260553956032,0.35426924005150795,0.35964299738407135,0.3648832142353058,0.3477669693529606,0.3500390648841858,0.3500751405954361,0.3584672622382641,0.36100445687770844,0.3850281573832035,0.39242080226540565,0.3885030522942543,0.39229344204068184,0.38712838292121887,0.36572836339473724,0.35838427022099495,0.3660547360777855,0.3549807146191597,0.3488863706588745,0.33487618714571,0.33612963929772377,0.3558255061507225,0.38174038007855415,0.35484522208571434,0.34685575536319185
LLS_00,0,13,0.031148076057434082,-0.004937648773193359,-0.003011941909790039,0.07852810621261597,0.03707820177078247,0.06555265188217163,3.7604868412017822,5.225485324859619,1826.596756219864,0.6171483173966408,0.6252576932311058,0.6215815618634224,0.6240994930267334,0.6275318041443825,0.6321079954504967,0.6375047415494919,0.6407417580485344,0.6421693563461304,0.6402553096413612,0.6706512942910194,0.6777073964476585,0.675112672150135,0.6677484884858131,0.6734210625290871,0.675361841917038,0.6565691232681274,0.6610943749547005,0.646718218922615,0.664753794670105,0.6625548079609871,0.6602886840701103,0.6600555926561356,0.6713698655366898,0.6719508096575737,0.662672333419323,0.6661895215511322,0.6632423102855682,0.6540099680423737,0.6476627737283707,0.6476434618234634,0.6468062549829483,0.639240525662899,0.6510170176625252,0.6726632118225098,0.6821355894207954,0.6618657931685448,0.6789687126874924,0.6711461544036865,0.6607319340109825,0.6639280691742897,0.6891798228025436,0.6877459064126015,0.6674240827560425,0.6675318405032158,0.6743632853031158,0.6514559611678123,0.6575970564569745,0.2653060518205166,0.2712452560663223,0.2735276445746422,0.2778935320675373,0.2804107405245304,0.2819604054093361,0.28458620235323906,0.2865328937768936,0.28997835144400597,0.29240721464157104,0.28740308433771133,0.2876911796629429,0.28849976882338524,0.28655995056033134,0.2895870618522167,0.28640105202794075,0.28843148425221443,0.2929818779230118,0.30232148617506027,0.2997661307454109,0.3012680411338806,0.30035852268338203,0.30017753317952156,0.29659006372094154,0.2941056378185749,0.2946625128388405,0.2897743321955204,0.29036323726177216,0.2931097485125065,0.2947663143277168,0.29648445546627045,0.2950388416647911,0.3003455772995949,0.2921779155731201,0.2873298153281212,0.28087665885686874,0.27953342348337173,0.27535388246178627,0.287589967250824,0.2883654572069645,0.29159779101610184,0.29014791920781136,0.29148732870817184,0.295063741505146,0.28830743581056595,0.28512972593307495,0.2900305837392807,0.29263478943279814,0.13645630702376366,0.12514751590788364,0.11901433020830154,0.11674952693283558,0.11574794538319111,0.11938626412302256,0.12029515206813812,0.1172284847125411,0.1140311872586608,0.11672684084624052,0.11873476766049862,0.11055870540440083,0.10748205799609423,0.12502109725028276,0.1315596615895629,0.11908483318984509,0.11684890557080507,0.11980344913899899,0.11814962793141603,0.11580148711800575,0.11470422148704529,0.11782446131110191,0.11782560683786869,0.11628223396837711,0.11452237702906132,0.11195685807615519,0.111927954480052,0.1105888457968831,0.11444290447980165,0.11562919709831476,0.1130166444927454,0.11299294326454401,0.11496299039572477,0.10668354295194149,0.10294006019830704,0.10385930445045233,0.10006497986614704,0.09415528923273087,0.10125221405178308,0.10068326164036989,0.10756776574999094,0.10825574770569801,0.11160663515329361,0.11003856360912323,0.10020391177386045,0.09796066582202911,0.09478491265326738,0.09539588966539927,0.4783838577568531,0.4593183286488056,0.45880328863859177,0.4539577402174473,0.4496811628341675,0.4463394582271576,0.43954839557409286,0.4357982985675335,0.44279471412301064,0.45081572979688644,0.4198407046496868,0.39835893362760544,0.3988814987242222,0.41996489092707634,0.4300929978489876,0.4220138378441334,0.41785257682204247,0.42028582841157913,0.40812791883945465,0.4054122604429722,0.4119720496237278,0.4238640181720257,0.4222876504063606,0.40099886804819107,0.39360808581113815,0.4034949205815792,0.39321119338274,0.37625716626644135,0.3793678320944309,0.38183146715164185,0.3781920187175274,0.3795645907521248,0.3770243227481842,0.37041347473859787,0.36146170645952225,0.34645459428429604,0.37297652661800385,0.34355253353714943,0.3440132699906826,0.3480800688266754,0.3666478842496872,0.3650294356048107,0.3569391369819641,0.36893779039382935,0.3635197840631008,0.35271311923861504,0.354928445070982,0.3563025891780853
LLS_00,1,13,0.03571820259094238,0.03166675567626953,0.024536967277526855,-0.013775527477264404,0.034271061420440674,-0.029650092124938965,4.514586925506592,5.241336345672607,3440.684871673584,0.6488329768180847,0.6507520452141762,0.6507360115647316,0.6526891812682152,0.667137399315834,0.6719367429614067,0.6669753342866898,0.676801897585392,0.6924338936805725,0.7088335156440735,0.7016511932015419,0.6993587613105774,0.695630818605423,0.6949797794222832,0.7026756852865219,0.6849312707781792,0.6804738789796829,0.6861671358346939,0.683913990855217,0.6872506588697433,0.6837905719876289,0.6642186865210533,0.6685926020145416,0.7089285477995872,0.7127531319856644,0.7024662718176842,0.659854382276535,0.6756183207035065,0.6882206350564957,0.6613161936402321,0.656391091644764,0.6713652089238167,0.6758618578314781,0.6727747842669487,0.6793676763772964,0.6682704761624336,0.6839629486203194,0.6763936132192612,0.6852123290300369,0.6824421808123589,0.7043043151497841,0.706110417842865,0.7074242308735847,0.7138030976057053,0.7255412042140961,0.7045334503054619,0.7052135914564133,0.7145272748810905,0.263920146971941,0.26428983733057976,0.2616041488945484,0.26628047972917557,0.269267063587904,0.2787241153419018,0.28011811524629593,0.275879081338644,0.2689182236790657,0.2701163627207279,0.27661148831248283,0.28273697569966316,0.28528378531336784,0.28554461151361465,0.28355273231863976,0.2913602702319622,0.2923843637108803,0.29537784680724144,0.295435044914484,0.29226013273000717,0.29826221987605095,0.3014369420707226,0.3093411549925804,0.3038167282938957,0.30219823494553566,0.30395833402872086,0.31590062007308006,0.31058400124311447,0.3084561787545681,0.30822866782546043,0.3147173784673214,0.31543785333633423,0.31369687616825104,0.31138087436556816,0.30799398198723793,0.3043280951678753,0.3148747496306896,0.3111369051039219,0.3088857941329479,0.3102795444428921,0.30105967447161674,0.30054745450615883,0.300995122641325,0.2933204472064972,0.28628353029489517,0.28910695016384125,0.28689970821142197,0.2958885814462389,0.11006477009505033,0.10307188238948584,0.10028748400509357,0.09465741366147995,0.09512500930577517,0.09795273840427399,0.09651720803231001,0.09646496083587408,0.09606306254863739,0.10364351328462362,0.10250887274742126,0.0997503250837326,0.09946903772652149,0.1028013788163662,0.10479594115167856,0.09943665936589241,0.10068569425493479,0.10333708394318819,0.10771673917770386,0.10935303568840027,0.11711778957396746,0.11054607573896646,0.11038877069950104,0.10715545807033777,0.10427390411496162,0.10153847839683294,0.10624061524868011,0.10880696307867765,0.11342974193394184,0.11285598296672106,0.11920976266264915,0.11432289239019156,0.11243432480841875,0.11387134715914726,0.11150163877755404,0.11394547764211893,0.11452488228678703,0.11527902632951736,0.11478947941213846,0.11749597825109959,0.11331045720726252,0.12039664015173912,0.11757513228803873,0.1064996775239706,0.11012430861592293,0.11109184846282005,0.10503824893385172,0.11578595106090818,0.49842340871691704,0.49295781552791595,0.49245620518922806,0.4888812303543091,0.4697786830365658,0.46313348412513733,0.45874496549367905,0.4460800811648369,0.4495529308915138,0.44387416169047356,0.4472976066172123,0.447835098952055,0.4563325382769108,0.4454618841409683,0.43003740906715393,0.43757830560207367,0.4370506778359413,0.437776580452919,0.43905680626630783,0.44455139711499214,0.4370322450995445,0.44639797508716583,0.4335887096822262,0.4225940592586994,0.4193280190229416,0.4190283566713333,0.4481235146522522,0.4608877934515476,0.44616055116057396,0.44906340166926384,0.4419301450252533,0.44852494820952415,0.44710032641887665,0.43770836293697357,0.4348183162510395,0.44379356130957603,0.4242667555809021,0.432538278400898,0.42319557070732117,0.4153737612068653,0.41453591734170914,0.42205173522233963,0.4182310625910759,0.4045776017010212,0.4213040694594383,0.42933961004018784,0.4243014007806778,0.40026060172489714
LLS_00,0,14,0.016707122325897217,-0.013634026050567627,-0.038351237773895264,0.022642076015472412,-0.033374786376953125,-0.008928120136260986,3.5857455730438232,3.5159285068511963,2618.0810508728027,0.7697925940155983,0.7496566325426102,0.7359698489308357,0.7265208661556244,0.7233119979500771,0.7120183408260345,0.6976222842931747,0.6782658770680428,0.6695942282676697,0.6732576936483383,0.6697036623954773,0.6686650663614273,0.6569464653730392,0.6414183750748634,0.6431102082133293,0.6306005716323853,0.639532282948494,0.6565447300672531,0.6465605273842812,0.6273089796304703,0.6056317612528801,0.5890263766050339,0.586772046983242,0.5855842009186745,0.5679147765040398,0.5642569735646248,0.5472728386521339,0.5470646843314171,0.5414097383618355,0.5393991842865944,0.552443839609623,0.5358226671814919,0.5169956237077713,0.5136953815817833,0.5333357900381088,0.5339988246560097,0.5352605059742928,0.5164230838418007,0.5248537287116051,0.5342696234583855,0.5222849547863007,0.5090043917298317,0.4930403381586075,0.4908210374414921,0.47921445965766907,0.4803050383925438,0.4761144779622555,0.461133531161717,0.22392931766808033,0.2149935234338045,0.20583869703114033,0.2198749054223299,0.22398564964532852,0.23725328966975212,0.24887416139245033,0.25221120566129684,0.2504715882241726,0.265176460146904,0.2674553506076336,0.2628898061811924,0.27623455971479416,0.27982034534215927,0.2805193401873112,0.2767624109983444,0.2791607417166233,0.2798551134765148,0.2798878997564316,0.280238576233387,0.2749437615275383,0.28345856443047523,0.2870079576969147,0.28173499926924706,0.2859903313219547,0.28896617144346237,0.2874213680624962,0.282446775585413,0.28513871878385544,0.2863568477332592,0.28760508447885513,0.2878761328756809,0.29225407913327217,0.2907237932085991,0.2917603850364685,0.2948538735508919,0.29460838809609413,0.2969072200357914,0.3105878122150898,0.304936520755291,0.2988583445549011,0.3006032705307007,0.3173115737736225,0.3255198635160923,0.32413121312856674,0.31815649196505547,0.31554432585835457,0.317098719733102,0.09609957318753004,0.1019381508231163,0.10030896030366421,0.09746849723160267,0.10442601889371872,0.12046280968934298,0.11620742548257113,0.11854380369186401,0.12293609231710434,0.1349144857376814,0.14016171358525753,0.14113923721015453,0.13456837087869644,0.13584965467453003,0.1352764181792736,0.14784571342170238,0.1410039234906435,0.1401521936058998,0.14300049282610416,0.14453758299350739,0.14620841294527054,0.13820051588118076,0.14074986055493355,0.1381095014512539,0.14091573096811771,0.13366377539932728,0.13619174994528294,0.1377633735537529,0.13895615562796593,0.12933738995343447,0.12029836047440767,0.13081091735512018,0.14169173687696457,0.14679511822760105,0.13187569566071033,0.12989259511232376,0.12284225691109896,0.13403824716806412,0.13234319537878036,0.13288547098636627,0.1271688686683774,0.12386208772659302,0.13228999637067318,0.14191394671797752,0.14531966112554073,0.13737056031823158,0.1377795785665512,0.13067403861454555,0.27976755052804947,0.2626664750277996,0.25283647514879704,0.2646608129143715,0.2612977474927902,0.26875970140099525,0.28508221730589867,0.28944291174411774,0.2842494212090969,0.3036421537399292,0.30462968349456787,0.30066846311092377,0.3183789364993572,0.3211114965379238,0.3266042694449425,0.3252808228135109,0.33415720239281654,0.3268444277346134,0.32364022731781006,0.3230043947696686,0.3076942637562752,0.3131817430257797,0.3196081556379795,0.31356874108314514,0.3186325207352638,0.32211921364068985,0.31560515612363815,0.30431513860821724,0.30621302500367165,0.3090616837143898,0.30804960057139397,0.30198127031326294,0.3146420978009701,0.3131985291838646,0.307384978979826,0.30716824531555176,0.3096361942589283,0.3156024031341076,0.33040423318743706,0.318064920604229,0.3169296383857727,0.31675639748573303,0.33778589218854904,0.352515771985054,0.3525947742164135,0.3432966098189354,0.3333134688436985,0.33770282353673664
LLS_00,1,14,0.027331173419952393,0.03461098670959473,0.038685619831085205,0.050645649433135986,0.030893325805664062,0.04781550168991089,3.296219825744629,3.568312168121338,3683.626860141754,0.7561989426612854,0.7495595142245293,0.7333964332938194,0.7145440131425858,0.7020857557654381,0.6894515454769135,0.6754527166485786,0.6601650640368462,0.6583437323570251,0.6918049529194832,0.6588704511523247,0.6332584246993065,0.6090152710676193,0.6328868567943573,0.6345932334661484,0.6340154483914375,0.6339899972081184,0.6213824972510338,0.6093189939856529,0.6207769736647606,0.6369924396276474,0.629655696451664,0.6304468438029289,0.6205907538533211,0.639548122882843,0.6317791864275932,0.6367996111512184,0.6239196285605431,0.5925658196210861,0.5946158915758133,0.5915587469935417,0.5902616828680038,0.5729084834456444,0.574074387550354,0.5910521894693375,0.5931724533438683,0.5974186360836029,0.595258355140686,0.5882554650306702,0.582791656255722,0.5755714029073715,0.5701682791113853,0.5759190171957016,0.5641894415020943,0.5656455084681511,0.5614250749349594,0.5383764803409576,0.5219086919512067,0.26712867245078087,0.23214859329164028,0.22152067348361015,0.21315547451376915,0.22718293219804764,0.23941669054329395,0.2550952583551407,0.2504529096186161,0.2468021884560585,0.23010041192173958,0.24509071744978428,0.24023635312914848,0.2539563328027725,0.24301396869122982,0.24394856579601765,0.2536819688975811,0.2516431603580713,0.25826680287718773,0.2546491604298353,0.25665844045579433,0.2520552799105644,0.25025041215121746,0.24864534102380276,0.25426436215639114,0.2613588310778141,0.2587263137102127,0.2603553459048271,0.25406721979379654,0.2537820152938366,0.25305326096713543,0.26263974234461784,0.26670653745532036,0.27259135246276855,0.2811777740716934,0.29001451283693314,0.28964123129844666,0.2893884629011154,0.29229628294706345,0.29333391040563583,0.2898232452571392,0.29237915575504303,0.29612454399466515,0.2923063635826111,0.29222794249653816,0.29034779593348503,0.29268699139356613,0.29531050473451614,0.29410977022988455,0.09162899665534496,0.10451786778867245,0.10144797153770924,0.10446626413613558,0.10561958700418472,0.11390862986445427,0.12147540599107742,0.12473626621067524,0.12159735895693302,0.1210481720045209,0.12279380485415459,0.11872075404971838,0.11837199982255697,0.12645169254392385,0.12962706200778484,0.11998346075415611,0.11412207502871752,0.11669439170509577,0.11596118379384279,0.1342527288943529,0.1464437171816826,0.14434155821800232,0.14250431023538113,0.14863927476108074,0.14260139875113964,0.13998588174581528,0.14183509536087513,0.1368864756077528,0.13308176398277283,0.12989776488393545,0.12194334995001554,0.12114464305341244,0.13693766295909882,0.14581739157438278,0.14476861990988255,0.14678175188601017,0.14793237671256065,0.14899044297635555,0.13789109513163567,0.13874070160090923,0.1343504562973976,0.12864708248525858,0.1347692646086216,0.14138693921267986,0.13696075975894928,0.1385144703090191,0.14094257354736328,0.14660317982946122,0.2848273068666458,0.24859238043427467,0.23866191692650318,0.22453082725405693,0.23048057779669762,0.24631578475236893,0.26822708919644356,0.2711023613810539,0.27229221165180206,0.26613540574908257,0.2876944951713085,0.2830873131752014,0.2999034896492958,0.2889970988035202,0.28896045684814453,0.2927682623267174,0.2856678254902363,0.29177287593483925,0.29173989593982697,0.2924703098833561,0.2983780838549137,0.29982754588127136,0.30505451932549477,0.2994355969130993,0.29531773924827576,0.2918115220963955,0.29855138435959816,0.2970588319003582,0.2943896912038326,0.2890494391322136,0.29961107298731804,0.3007124029099941,0.29730845987796783,0.31393028423190117,0.33160438761115074,0.33653994277119637,0.3341005891561508,0.33090590313076973,0.332977719604969,0.32821249589324,0.33013905584812164,0.3350420631468296,0.33209019526839256,0.32880107685923576,0.32571445405483246,0.322740588337183,0.32343603298068047,0.32161982570375713
LLS_00,0,15,0.02174985408782959,0.007502734661102295,-0.005676448345184326,0.0576743483543396,0.05003249645233154,0.033038198947906494,5.357808589935303,5.084200382232666,1821.1754868030548,0.6674936339259148,0.6498109698295593,0.6503412052989006,0.669809065759182,0.6694716960191727,0.7003560066223145,0.7147466465830803,0.7041919976472855,0.6827852427959442,0.6824662685394287,0.6915737614035606,0.6783470585942268,0.67616306245327,0.6700564846396446,0.6715084463357925,0.6684532165527344,0.684980109333992,0.6812421977519989,0.6922830566763878,0.6643907204270363,0.6502866074442863,0.6398081928491592,0.634370319545269,0.6621871665120125,0.6599660441279411,0.6597231179475784,0.6314221993088722,0.6266633495688438,0.6448146477341652,0.6327533200383186,0.6458832323551178,0.6472973600029945,0.6572280749678612,0.676371619105339,0.6844330728054047,0.6620683819055557,0.6568311080336571,0.6619431748986244,0.6551880314946175,0.6467462480068207,0.6317488253116608,0.6185026615858078,0.6317878440022469,0.6316988691687584,0.6450420096516609,0.6264435648918152,0.6301632970571518,0.6471496394702366,0.20622582361102104,0.2126228678971529,0.21361474879086018,0.21488660387694836,0.21803806722164154,0.22111142054200172,0.22303716093301773,0.22567932680249214,0.22458148561418056,0.22666200809180737,0.22909316048026085,0.23643988370895386,0.24197747185826302,0.24554064869880676,0.24247878976166248,0.24243252538144588,0.2390836961567402,0.2375189419835806,0.2381306253373623,0.24212024174630642,0.2475906666368246,0.2464673165231943,0.24610229022800922,0.24956933595240116,0.2553563863039017,0.2546445019543171,0.25448398292064667,0.25510308519005775,0.2550525814294815,0.2608596980571747,0.2581130489706993,0.25616055727005005,0.25648311525583267,0.2553793415427208,0.25450044125318527,0.25421545654535294,0.251265212893486,0.2556326501071453,0.258492149412632,0.2611844576895237,0.2613071799278259,0.26270684227347374,0.2618862986564636,0.261026743799448,0.26179007068276405,0.26364967599511147,0.25989367440342903,0.25950184890202116,0.06802925281226635,0.06981037184596062,0.07170005887746811,0.07455299608409405,0.07730662915855646,0.07702432107180357,0.07767398376017809,0.08029544446617365,0.08232302684336901,0.08069694600999355,0.07833380345255136,0.08335294667631388,0.0899559510871768,0.09213369619101286,0.08989798836410046,0.09067440405488014,0.09335943404585123,0.0943081472069025,0.09279702603816986,0.09494704473763704,0.09648214280605316,0.09589175041764975,0.09984490927308798,0.1002917718142271,0.09959578607231379,0.10104280523955822,0.10176328103989363,0.10076197981834412,0.10249362606555223,0.10215636622160673,0.10263525135815144,0.10260969214141369,0.09906201343983412,0.09893178194761276,0.09720127563923597,0.09973231144249439,0.09777506161481142,0.09314137510955334,0.09751978982239962,0.09724955819547176,0.09643328003585339,0.0974047090858221,0.09569625742733479,0.09741703420877457,0.09615783207118511,0.09142076782882214,0.08960992936044931,0.0876233886395182,0.45092930644750595,0.4580279774963856,0.45826584100723267,0.4411541745066643,0.43720850348472595,0.41420572996139526,0.4067201316356659,0.40640290826559067,0.4098547510802746,0.4012840576469898,0.39314432814717293,0.4009343907237053,0.40137970075011253,0.4023649990558624,0.4142640791833401,0.42397062852978706,0.40079688280820847,0.399038951843977,0.3917592205107212,0.41304319351911545,0.43008939549326897,0.42861510440707207,0.42749566957354546,0.41482269391417503,0.41507839038968086,0.42544838041067123,0.43588438630104065,0.4352950491011143,0.42845118790864944,0.4204656630754471,0.4065887778997421,0.3915284313261509,0.38442279025912285,0.3848019503057003,0.38607291877269745,0.3826504424214363,0.3674713335931301,0.3576608709990978,0.3635750040411949,0.37105800583958626,0.371263574808836,0.3689913786947727,0.36963101103901863,0.37938743829727173,0.3842199221253395,0.3832055702805519,0.3781035244464874,0.37340399622917175
LLS_00,1,15,0.019802570343017578,0.019546091556549072,0.017248034477233887,0.012445390224456787,-0.015734851360321045,-0.017940819263458252,5.816938400268555,4.601704120635986,3647.0944862365723,0.6845977604389191,0.6839684098958969,0.6897355914115906,0.7028771862387657,0.7037148773670197,0.6949703395366669,0.6936118081212044,0.6964040026068687,0.7081372812390327,0.7114556357264519,0.7084277868270874,0.7121814787387848,0.7103724479675293,0.711563415825367,0.7181632593274117,0.7132630720734596,0.7014573365449905,0.6889401450753212,0.6823808401823044,0.6791469305753708,0.6695471554994583,0.6746821701526642,0.678003340959549,0.6750317290425301,0.6802603304386139,0.6805040836334229,0.6534071788191795,0.631695345044136,0.6441230997443199,0.6490378826856613,0.6286174356937408,0.6261725574731827,0.6512625589966774,0.6584435254335403,0.6358817368745804,0.6530468389391899,0.659491516649723,0.659621499478817,0.6622161120176315,0.6653319671750069,0.6606137305498123,0.6565394625067711,0.6526666134595871,0.6540513262152672,0.6629930064082146,0.6633723676204681,0.6699170172214508,0.6780229806900024,0.2250173669308424,0.22193988226354122,0.21928170509636402,0.2181779332458973,0.2227031011134386,0.22373568639159203,0.2166927233338356,0.21593844704329967,0.22226927056908607,0.23001546040177345,0.23713724873960018,0.23609602637588978,0.24093426577746868,0.24525354988873005,0.2480685319751501,0.24965782836079597,0.24975968338549137,0.25523464754223824,0.2601134851574898,0.26208996027708054,0.26572125777602196,0.26330115646123886,0.26432446762919426,0.2678173892199993,0.26725806668400764,0.26837028563022614,0.27035629376769066,0.2727898880839348,0.27679168060421944,0.2806027792394161,0.2732260935008526,0.2754334285855293,0.2809598557651043,0.27918965369462967,0.276886161416769,0.2713906802237034,0.2672005370259285,0.2667287401854992,0.262764535844326,0.26019392162561417,0.2608203925192356,0.2645011991262436,0.2666500434279442,0.26815391331911087,0.2683342732489109,0.26928548514842987,0.2727547809481621,0.2707470783165523,0.06915809959173203,0.06957126129418612,0.06766543071717024,0.06664917804300785,0.07258084043860435,0.08090767171233892,0.07735535223037004,0.07585326675325632,0.07606322225183249,0.07431031577289104,0.07437065616250038,0.07538345362991095,0.07665761280804873,0.0806223088875413,0.07782596256583929,0.0797215374186635,0.08340532053261995,0.08180693257600069,0.08322477526962757,0.08534547686576843,0.09152218885719776,0.08975753467530012,0.08926705922931433,0.08749396912753582,0.0833786865696311,0.08732727728784084,0.08433986455202103,0.09360599424690008,0.09164181537926197,0.09398535825312138,0.09879242721945047,0.10396287683397532,0.1076406929641962,0.10805460065603256,0.1034633107483387,0.09993566200137138,0.10477351304143667,0.10070646088570356,0.1026834612712264,0.09741783607751131,0.09959266614168882,0.10375744104385376,0.10471789538860321,0.10135829169303179,0.0961221419274807,0.09740526787936687,0.0960594629868865,0.09933486048664365,0.4471590593457222,0.44177358224987984,0.4360695704817772,0.4214371033012867,0.41641028225421906,0.4106890484690666,0.3905895948410034,0.3804655559360981,0.37404077127575874,0.374678548425436,0.38225215300917625,0.3707744888961315,0.37338050082325935,0.3752899505198002,0.3751472644507885,0.37512655556201935,0.37992671877145767,0.39220675453543663,0.4016126058995724,0.4054108075797558,0.408505205065012,0.3963622637093067,0.38764526322484016,0.3908224552869797,0.39205876365303993,0.39144062995910645,0.3992439955472946,0.4035685732960701,0.39851560071110725,0.3979032598435879,0.4160401076078415,0.41581758856773376,0.4006267189979553,0.3971348851919174,0.39644770696759224,0.38058827072381973,0.4124523214995861,0.41673941910266876,0.4136600084602833,0.3996351659297943,0.396257609128952,0.40567006170749664,0.41273946315050125,0.4041685163974762,0.39047400280833244,0.38562221825122833,0.38584939762949944,0.38513955048152376
LLS_00,0,16,0.01562654972076416,-0.028807401657104492,-0.026233434677124023,0.07721900939941406,-0.0332377552986145,-0.07143837213516235,7.945984363555908,14.781558990478516,1820.897005558014,0.6092222109436989,0.5773971453309059,0.5633237287402153,0.5480097457766533,0.5466632768511772,0.5472742319107056,0.5366331487894058,0.5238836333155632,0.5150144323706627,0.5064866244792938,0.4956933706998825,0.48750966042280197,0.48218482732772827,0.49433184787631035,0.5209483355283737,0.5375497788190842,0.5472002178430557,0.5566033646464348,0.5586185604333878,0.5620420277118683,0.5839351043105125,0.6064430177211761,0.6113611608743668,0.6177592277526855,0.6094427406787872,0.6022538468241692,0.5920313894748688,0.5871942937374115,0.5750878974795341,0.5676267668604851,0.5677502825856209,0.5967065691947937,0.6106511056423187,0.619096003472805,0.6140933185815811,0.6305188089609146,0.6614172384142876,0.6706216707825661,0.6707633435726166,0.6798800677061081,0.6761085689067841,0.70154919475317,0.688813678920269,0.665402740240097,0.669476680457592,0.7040408253669739,0.6793590486049652,0.6767866100583758,0.3010590635240078,0.3020413815975189,0.30909671261906624,0.3136650174856186,0.31154804676771164,0.30644627660512924,0.3017454445362091,0.30120058357715607,0.29764025285840034,0.29508015513420105,0.2978711202740669,0.3019397035241127,0.3067614808678627,0.3032408319413662,0.3034052923321724,0.3075985126197338,0.3110811375081539,0.30883389338850975,0.3061082996428013,0.3125108666718006,0.3078900910913944,0.2988210469484329,0.2917400076985359,0.28823429346084595,0.28388118371367455,0.28433022648096085,0.2826920114457607,0.28280555456876755,0.28593025729060173,0.2871834300458431,0.2934824787080288,0.2901131920516491,0.28593946620821953,0.2802511006593704,0.2795644849538803,0.27628548070788383,0.27354128286242485,0.27235883846879005,0.27653760835528374,0.277207400649786,0.2779911123216152,0.2691155709326267,0.2651149481534958,0.2669965550303459,0.26590797305107117,0.2570386677980423,0.2591847963631153,0.26933574250766207,0.1225220700725913,0.11227956134825945,0.10636220872402191,0.09498198609799147,0.09191426262259483,0.090655324049294,0.09199515171349049,0.08773421309888363,0.08884643483906984,0.08386451844125986,0.08150189649313688,0.08243701886385679,0.08796840813010931,0.09221522696316242,0.09912260435521603,0.10304654948413372,0.10653053317219019,0.11063298210501671,0.11253443825989962,0.11351997870951891,0.11787063721567392,0.12792568560689688,0.12735186237841845,0.12571361288428307,0.12242328748106956,0.12599335797131062,0.1246003657579422,0.13156810216605663,0.1371298562735319,0.14115213230252266,0.13092082273215055,0.12800589110702276,0.11883565410971642,0.11781278345733881,0.11568451207131147,0.11361102759838104,0.11753806378692389,0.11962336581200361,0.1158021567389369,0.10970471054315567,0.09914608020335436,0.11375709995627403,0.12714869435876608,0.1388407163321972,0.13995304889976978,0.1226458614692092,0.13472499325871468,0.13359686519418443,0.3678937293589115,0.380130797624588,0.38434505090117455,0.4248649887740612,0.42010490968823433,0.42778751999139786,0.4274880029261112,0.4279780983924866,0.4352196007966995,0.44366564974188805,0.44893158972263336,0.44772661477327347,0.4502151869237423,0.4484965540468693,0.43154047802090645,0.4182426929473877,0.41044915094971657,0.4081793949007988,0.39316001906991005,0.3622250594198704,0.3311728350818157,0.3280658833682537,0.31832801550626755,0.3055322803556919,0.30740097537636757,0.3048353046178818,0.2957938648760319,0.3085880018770695,0.31970491260290146,0.3328356482088566,0.328780185431242,0.3263154625892639,0.3184363543987274,0.3074232116341591,0.30346566811203957,0.3153187446296215,0.3152303621172905,0.31602317839860916,0.319621779024601,0.3047804646193981,0.25421662256121635,0.25283330865204334,0.27018021419644356,0.2952253594994545,0.3189627267420292,0.30331480503082275,0.3388766534626484,0.33780857069151743
LLS_00,1,16,0.03549158573150635,0.025504767894744873,0.03715735673904419,0.10141927003860474,0.04292553663253784,0.035024285316467285,4.929664611816406,9.789115905761719,3477.8574776649475,0.5333521664142609,0.46759092807769775,0.44821079447865486,0.4763749912381172,0.4985513761639595,0.5030202269554138,0.5136811286211014,0.5212985426187515,0.5225575864315033,0.5308516174554825,0.5354455560445786,0.5319237187504768,0.5222786962985992,0.523173987865448,0.5323452949523926,0.547538049519062,0.5508269667625427,0.5573468506336212,0.5495208650827408,0.5346522629261017,0.5516137182712555,0.5647604167461395,0.5814927592873573,0.5725146234035492,0.5672520697116852,0.5595230311155319,0.5438651964068413,0.5135696604847908,0.5104691460728645,0.49459801614284515,0.4783219173550606,0.4758664220571518,0.4709007330238819,0.46141287311911583,0.463914941996336,0.46336692199110985,0.4609893001616001,0.4583699107170105,0.45354968309402466,0.4481922425329685,0.44759906083345413,0.4473312832415104,0.44456516206264496,0.43876971304416656,0.43118004128336906,0.4507240876555443,0.47641170769929886,0.4863704485552652,0.30017412453889847,0.2994609773159027,0.3057524859905243,0.3126140423119068,0.31331446021795273,0.30933471769094467,0.3064488507807255,0.3016764856874943,0.3024436980485916,0.30553358420729637,0.3028612434864044,0.3020390160381794,0.30549290776252747,0.3111814707517624,0.31401797011494637,0.3150918148458004,0.31174153834581375,0.307417381554842,0.30034981667995453,0.30695877596735954,0.3068363331258297,0.30749576911330223,0.3010260835289955,0.2982448823750019,0.30179613083601,0.308321975171566,0.30698825791478157,0.3066824786365032,0.3157349042594433,0.32163384929299355,0.319574523717165,0.3194132633507252,0.3265857808291912,0.3384087271988392,0.3419445529580116,0.3388102166354656,0.33636748045682907,0.334007166326046,0.3330465480685234,0.3317977860569954,0.33027433604002,0.32691316679120064,0.3204900436103344,0.3191767707467079,0.3272818997502327,0.33893974125385284,0.3387316018342972,0.33692277329308645,0.12022178154438734,0.09522846061736345,0.0915239891037345,0.08326390199363232,0.0760666225105524,0.0762259941548109,0.07713895663619041,0.07907851692289114,0.0808845916762948,0.08575491327792406,0.0849336190149188,0.08807430043816566,0.0892794756218791,0.09443611279129982,0.09920043405145407,0.12006292585283518,0.12665947899222374,0.1345960535109043,0.14112309366464615,0.15181288123130798,0.15993647649884224,0.1594899743795395,0.1549537591636181,0.16271563805639744,0.17070207558572292,0.17347418516874313,0.16732863150537014,0.15336270444095135,0.16236023232340813,0.1704274993389845,0.1767612975090742,0.1776767149567604,0.16867643781006336,0.1696138996630907,0.1734048966318369,0.16964299976825714,0.16978762671351433,0.17286195792257786,0.17427325434982777,0.17096971534192562,0.1702420338988304,0.17317349463701248,0.16617530211806297,0.16306893527507782,0.15623322129249573,0.16768504306674004,0.17809954099357128,0.18749146163463593,0.3909025490283966,0.47729624062776566,0.46399352326989174,0.4260307773947716,0.39289264008402824,0.37076113745570183,0.3578998073935509,0.35126255452632904,0.34808797761797905,0.35045983642339706,0.352677121758461,0.3459039106965065,0.3406571112573147,0.34206756576895714,0.34589430317282677,0.36320627108216286,0.3674486167728901,0.397211741656065,0.41890760138630867,0.4039419963955879,0.37926265597343445,0.35176367312669754,0.3439825661480427,0.35574039071798325,0.3618488982319832,0.3682844676077366,0.3925832286477089,0.4237634092569351,0.4348159357905388,0.4484981894493103,0.4512030594050884,0.44242750108242035,0.4369243197143078,0.42885658144950867,0.43014924600720406,0.43125225976109505,0.43159301951527596,0.4369176886975765,0.4394824914634228,0.43725916743278503,0.43002425134181976,0.41654881089925766,0.41928476840257645,0.415104653686285,0.42600779980421066,0.4283154159784317,0.42187123000621796,0.39621318663869587
LLS_00,0,17,0.042461395263671875,0.014541149139404297,-0.010791182518005371,0.127804696559906,0.1803402304649353,0.1312108039855957,5.564365863800049,6.444987773895264,1828.450691461563,0.6383438110351562,0.6226737797260284,0.6252361610531807,0.6272925138473511,0.6308555230498314,0.6488386392593384,0.6816244348883629,0.6905256360769272,0.6957353949546814,0.6895922794938087,0.6844756454229355,0.6663936898112297,0.6559798195958138,0.6443771719932556,0.6557807102799416,0.6708846241235733,0.6360727921128273,0.6154779195785522,0.6065128892660141,0.6554308831691742,0.6664288863539696,0.6590528711676598,0.625681683421135,0.6278558149933815,0.6320940032601357,0.645382434129715,0.6460158601403236,0.6417471393942833,0.6476525738835335,0.6065598577260971,0.6076340898871422,0.6028620004653931,0.5862760096788406,0.5789053067564964,0.5736996382474899,0.5768769532442093,0.5912962630391121,0.5966557711362839,0.6189767643809319,0.6274712532758713,0.629750095307827,0.6112098768353462,0.6372219026088715,0.6380909085273743,0.6158003360033035,0.585601881146431,0.5903478935360909,0.5930438382284982,0.2786267623305321,0.28332582116127014,0.28289443254470825,0.2827353812754154,0.29667511209845543,0.2928732857108116,0.2874045856297016,0.28073592111468315,0.2834494821727276,0.2868115194141865,0.29507147893309593,0.3008568063378334,0.3007548227906227,0.3072443790733814,0.2893144115805626,0.2897132858633995,0.3090830408036709,0.31526706367731094,0.31859511509537697,0.3139823414385319,0.3222821429371834,0.32610081136226654,0.3254823498427868,0.3221038393676281,0.3269761949777603,0.3220825269818306,0.3217693939805031,0.32067782804369926,0.3154609762132168,0.31660403311252594,0.31674013659358025,0.3124068081378937,0.32417334616184235,0.33550381660461426,0.33094246685504913,0.34098774567246437,0.34773967787623405,0.3466876670718193,0.3408457785844803,0.3416028581559658,0.33857138827443123,0.32423223555088043,0.3247062377631664,0.32715869694948196,0.3349710553884506,0.33650990203022957,0.32856348901987076,0.32571872643062044,0.09150611702352762,0.09322233218699694,0.09233736153692007,0.09102247562259436,0.09788856189697981,0.0912242941558361,0.09223804343491793,0.09589708503335714,0.09907380025833845,0.1013402147218585,0.10552203375846148,0.09973867237567902,0.1000399012118578,0.0970061020925641,0.0919153057038784,0.09235550370067358,0.10059491265565157,0.09998981561511755,0.09641993883997202,0.09313247166574001,0.09366996120661497,0.09587319940328598,0.09613608475774527,0.0985956285148859,0.09720176830887794,0.09470524918287992,0.09469667356461287,0.10265077278017998,0.10595773346722126,0.10385375935584307,0.10587294399738312,0.10283569525927305,0.09126458037644625,0.1017316672950983,0.10301407519727945,0.11172513663768768,0.11419377848505974,0.11020499840378761,0.10600593034178019,0.1014799838885665,0.1061687208712101,0.10745933093130589,0.09680667333304882,0.09723850898444653,0.09562776517122984,0.10921198595315218,0.11630391981452703,0.11359444792781558,0.4109329730272293,0.4134513549506664,0.4037490375339985,0.4021562226116657,0.3921533338725567,0.37365058064460754,0.3504100330173969,0.32233876734972,0.31048938632011414,0.31004537642002106,0.3210471495985985,0.32904376089572906,0.33739083632826805,0.35725757852196693,0.35461706668138504,0.3400301896035671,0.36444174125790596,0.3762931264936924,0.38107698038220406,0.37257032841444016,0.3704010769724846,0.37232667207717896,0.3894709274172783,0.39203285053372383,0.38263389840722084,0.37984685599803925,0.36964376643300056,0.35908494889736176,0.33983464166522026,0.34042029455304146,0.3300084173679352,0.33517154678702354,0.3670569136738777,0.37080254778265953,0.36615023016929626,0.3899598903954029,0.4004540331661701,0.4094824157655239,0.4065859764814377,0.40138736367225647,0.39099637418985367,0.38490714505314827,0.3834915906190872,0.38242850825190544,0.39139510318636894,0.4022923372685909,0.3914364352822304,0.38350623846054077
LLS_00,1,17,0.07310909032821655,0.050314903259277344,0.05326813459396362,0.13912683725357056,0.09581881761550903,0.0876052975654602,5.938750743865967,3.5984671115875244,3425.202365875244,0.6311801224946976,0.621029868721962,0.6319665238261223,0.642620861530304,0.6404890045523643,0.6285765916109085,0.6552973091602325,0.6690298244357109,0.6370641961693764,0.6512425541877747,0.6612821668386459,0.6552663594484329,0.6741674169898033,0.6762480512261391,0.6554270535707474,0.6388614997267723,0.6410152912139893,0.638551764190197,0.6365620717406273,0.6400083005428314,0.6441273391246796,0.642250545322895,0.6484872996807098,0.6523200646042824,0.6578479334712029,0.6641654670238495,0.6583796292543411,0.6444761455059052,0.6452011317014694,0.6431053802371025,0.6335956230759621,0.6128048971295357,0.6105025932192802,0.5970775187015533,0.5855296105146408,0.5850657299160957,0.5849112048745155,0.5847511813044548,0.5797341540455818,0.5752016231417656,0.5641313120722771,0.5623924434185028,0.5751831084489822,0.5948341190814972,0.5957731679081917,0.592458002269268,0.5908708199858665,0.5899767109325954,0.29725904762744904,0.29165157675743103,0.28684379905462265,0.28286970034241676,0.28107521310448647,0.293416827917099,0.2821691855788231,0.26907550916075706,0.2958111949265003,0.2885579727590084,0.2858634665608406,0.28401776775717735,0.27578018233180046,0.2723800465464592,0.27999307587742805,0.29447589069604874,0.28683485090732574,0.28834114968776703,0.2857883609831333,0.27704428136348724,0.2559738289564848,0.2770939916372299,0.26711493358016014,0.273715540766716,0.27636829391121864,0.2825480327010155,0.2864142246544361,0.2827429659664631,0.28756125271320343,0.292782299220562,0.2918933257460594,0.2972123548388481,0.28893230482935905,0.291813962161541,0.2984778396785259,0.3020218275487423,0.30278878659009933,0.2975682392716408,0.29724187031388283,0.30759070068597794,0.3208110071718693,0.3230961672961712,0.3198583163321018,0.316279087215662,0.31802891939878464,0.32362159341573715,0.3248552903532982,0.3257937218461718,0.1209276020526886,0.11756172869354486,0.11315508931875229,0.10497616231441498,0.10127514693886042,0.10237564612179995,0.09679282456636429,0.09675717633217573,0.09560093190521002,0.09057163447141647,0.09027275443077087,0.08925090357661247,0.08248108997941017,0.08102338016033173,0.08457043208181858,0.0874016247689724,0.09028114564716816,0.09128340613096952,0.09060884267091751,0.09126259945333004,0.08882296085357666,0.09213663451373577,0.09164190106093884,0.09071110188961029,0.08843283820897341,0.08904651459306479,0.0916290134191513,0.09407809283584356,0.09463226143270731,0.09954885486513376,0.09616777580231428,0.09712513256818056,0.09441247023642063,0.09844919294118881,0.10012069810181856,0.09818174596875906,0.09053701627999544,0.0895247021690011,0.08844444062560797,0.09015727322548628,0.09167814161628485,0.09294608887284994,0.09181664604693651,0.0919182263314724,0.09491373226046562,0.10013222973793745,0.09975490346550941,0.09768177781786237,0.40304942429065704,0.39471669867634773,0.3842238821089268,0.3707027919590473,0.36360419541597366,0.371308408677578,0.35665344446897507,0.3289806693792343,0.36789263784885406,0.3594754748046398,0.3501313850283623,0.3456224650144577,0.33041027933359146,0.3193219490349293,0.31625091657042503,0.34880555793643,0.34027962014079094,0.35133253037929535,0.34887439012527466,0.3429262302815914,0.32647961005568504,0.34435393288731575,0.33111004903912544,0.34518692269921303,0.34765074774622917,0.3501413054764271,0.349876519292593,0.34601133689284325,0.34749700501561165,0.3639517016708851,0.3595237620174885,0.3659627139568329,0.35166264325380325,0.34995705261826515,0.35975832492113113,0.3697781600058079,0.3665420934557915,0.35526174306869507,0.3546310290694237,0.3662911504507065,0.38372693210840225,0.3886600211262703,0.38488246127963066,0.3787465766072273,0.3801322169601917,0.38912979140877724,0.3892343007028103,0.38769196612494333
LLS_00,0,18,0.04194897413253784,-0.012131452560424805,-0.010364890098571777,0.18401002883911133,0.026894688606262207,-0.03265225887298584,3.1205532550811768,4.125151634216309,3813.9493865966797,0.5636188685894012,0.5579617843031883,0.5562382265925407,0.5597743317484856,0.5672618076205254,0.5701978504657745,0.5692615658044815,0.5763818323612213,0.5889544934034348,0.5998033061623573,0.5982772782444954,0.5876500457525253,0.5813679322600365,0.5696526318788528,0.5617636367678642,0.5673392936587334,0.582831934094429,0.5827127024531364,0.5671308487653732,0.552330955862999,0.5531789734959602,0.54727553576231,0.5351221859455109,0.5210056602954865,0.5252998992800713,0.5408207476139069,0.549582414329052,0.5340883955359459,0.5169547572731972,0.505246952176094,0.5037875473499298,0.5024546943604946,0.5024414137005806,0.5115189701318741,0.5219569280743599,0.5212685689330101,0.5172431170940399,0.5073870792984962,0.49473055452108383,0.4863998480141163,0.48156439140439034,0.48291217908263206,0.4912002645432949,0.5029473602771759,0.5027449205517769,0.4957435317337513,0.4845133349299431,0.48396603975977215,0.23553591780364513,0.2350267544388771,0.23431889526546001,0.23460812494158745,0.23363437689840794,0.2337760254740715,0.23431167379021645,0.23647708259522915,0.24395735375583172,0.24797814898192883,0.24857430160045624,0.2489672191441059,0.25222522765398026,0.25553520023822784,0.255391962826252,0.2548160031437874,0.2576187178492546,0.265523012727499,0.2711005099117756,0.2715277560055256,0.26968900486826897,0.26942817494273186,0.26970361918210983,0.27229394391179085,0.27657824382185936,0.28267254680395126,0.28475336357951164,0.2835501842200756,0.2853464111685753,0.2877744659781456,0.287335604429245,0.2826557010412216,0.28137577697634697,0.28597621619701385,0.2882276438176632,0.2873869463801384,0.2863842584192753,0.28761501237750053,0.28779318556189537,0.2858855836093426,0.2840306684374809,0.2883574701845646,0.29186611250042915,0.292259331792593,0.28984303399920464,0.2888207398355007,0.28865913674235344,0.2878738982336862,0.12284862995147705,0.11664456501603127,0.11039518006145954,0.10593190789222717,0.10413566417992115,0.10090108960866928,0.10045864898711443,0.10245958808809519,0.1058686226606369,0.10951621644198895,0.1093649622052908,0.10745181422680616,0.10329474601894617,0.10574872978031635,0.1054488429799676,0.10657612048089504,0.1071949154138565,0.11289436370134354,0.11709374561905861,0.11418668460100889,0.10704337060451508,0.10383889265358448,0.10106180235743523,0.1015759976580739,0.10225190874189138,0.10749299731105566,0.10843604430556297,0.10838936362415552,0.10872604604810476,0.10459152888506651,0.1014786958694458,0.09664892870932817,0.09750063810497522,0.10359581373631954,0.10804803017526865,0.10843454767018557,0.10248078964650631,0.10244512557983398,0.10460298229008913,0.10293235816061497,0.09944227896630764,0.1017890740185976,0.10256112646311522,0.10934608802199364,0.1094268225133419,0.10935559496283531,0.1050488455221057,0.10427496901580266,0.4139629602432251,0.4095376953482628,0.4023001380264759,0.3881637081503868,0.37744109332561493,0.3693943880498409,0.3669193387031555,0.3631758317351341,0.3601536937057972,0.3621806129813194,0.36797963455319405,0.3755129389464855,0.3672863654792309,0.362484697252512,0.360223650932312,0.3608597032725811,0.36414457112550735,0.36636998504400253,0.3680008314549923,0.37084977701306343,0.3648354336619377,0.3565450645983219,0.3472481593489647,0.34994858503341675,0.35947155952453613,0.3667065463960171,0.35920876264572144,0.35790377110242844,0.3642178140580654,0.36070847883820534,0.3487657755613327,0.3369673974812031,0.3384275808930397,0.3541322909295559,0.3567512519657612,0.3545592315495014,0.34996746852993965,0.34940075874328613,0.3424224928021431,0.3318631984293461,0.3312756344676018,0.34391775727272034,0.35463475063443184,0.348136555403471,0.33836058899760246,0.3438810631632805,0.35096850246191025,0.349947384425572
LLS_00,1,18,0.042600154876708984,0.0300256609916687,0.032190144062042236,0.1997883915901184,0.13197654485702515,0.10000878572463989,2.5921943187713623,3.47485613822937,3757.095137119293,0.5596431791782379,0.5557664036750793,0.5562807247042656,0.559124045073986,0.5660840719938278,0.5631526708602905,0.5550729781389236,0.5588738769292831,0.5665920823812485,0.573798306286335,0.570645697414875,0.5615033134818077,0.5503912717103958,0.5407197922468185,0.5414385125041008,0.5515710264444351,0.5576345100998878,0.5519616603851318,0.5482249781489372,0.551783598959446,0.5561484768986702,0.5517783463001251,0.5521929413080215,0.5590687915682793,0.5662868767976761,0.5644378364086151,0.5536418482661247,0.5346995890140533,0.5144471228122711,0.5070811212062836,0.5088947713375092,0.5151273310184479,0.5113087669014931,0.5039860717952251,0.4987513832747936,0.49632685258984566,0.4879835471510887,0.4808395095169544,0.48083581775426865,0.48858214169740677,0.4999782517552376,0.5043158829212189,0.5042033270001411,0.49741121008992195,0.4899856112897396,0.48989101871848106,0.4863133430480957,0.4759304097720555,0.24546429701149464,0.24269982427358627,0.24187959358096123,0.24216108210384846,0.24216421321034431,0.24147100001573563,0.24003878608345985,0.23977306857705116,0.24500738084316254,0.24846097081899643,0.24931852705776691,0.24832096323370934,0.24908114969730377,0.25186433643102646,0.2516930140554905,0.2521087974309921,0.2528965398669243,0.25552160665392876,0.25679298862814903,0.2589268684387207,0.25932322442531586,0.26047592237591743,0.2625918313860893,0.26557569578289986,0.2684451714158058,0.26997100189328194,0.271151140332222,0.270516000688076,0.2688017226755619,0.26673445478081703,0.26913995668292046,0.2771247960627079,0.2851882539689541,0.28772271797060966,0.28762709349393845,0.2869834415614605,0.28534843400120735,0.2823226898908615,0.2785690166056156,0.2774217799305916,0.2807345911860466,0.2858348675072193,0.2897152416408062,0.2902997136116028,0.29228120669722557,0.29559773206710815,0.29610322415828705,0.2948926772390093,0.11809436231851578,0.11254730727523565,0.10681384149938822,0.10144805815070868,0.09809249639511108,0.09252106864005327,0.09085647761821747,0.08831061981618404,0.08840564545243979,0.09017054364085197,0.09240966755896807,0.09389669820666313,0.09585693664848804,0.09707603696733713,0.09451180882751942,0.0945184612646699,0.09627507161349058,0.09896182268857956,0.10083061922341585,0.10076831188052893,0.09947273600846529,0.09693576768040657,0.09398700669407845,0.09550448507070541,0.09609626606106758,0.09849388711154461,0.09845919068902731,0.09835053328424692,0.09585802257061005,0.09267384186387062,0.09421787597239017,0.09930318128317595,0.10616570990532637,0.10784498043358326,0.10666119493544102,0.10581998992711306,0.1031689764931798,0.10195496771484613,0.10003249812871218,0.09864157345145941,0.10018262825906277,0.10314058233052492,0.10516115371137857,0.10471876338124275,0.10463016852736473,0.10511757340282202,0.106830770149827,0.1059585724558149,0.3971919156610966,0.3927799053490162,0.38974764943122864,0.38240213692188263,0.377016793936491,0.37074411660432816,0.367045845836401,0.35836534574627876,0.3516591116786003,0.34715307503938675,0.3498440720140934,0.3523245193064213,0.35130034014582634,0.3556489385664463,0.35627538710832596,0.3534110300242901,0.35118693858385086,0.35649165138602257,0.36056995019316673,0.3591889776289463,0.35418369248509407,0.3522907719016075,0.35240820422768593,0.3581787832081318,0.36455942690372467,0.36672382801771164,0.3678157664835453,0.36462464183568954,0.36737439781427383,0.36603617668151855,0.3709872402250767,0.3779772259294987,0.38220953568816185,0.38301217555999756,0.37956369295716286,0.379303015768528,0.3738218657672405,0.36478690430521965,0.3515731804072857,0.3465368114411831,0.3444252386689186,0.3421781212091446,0.33134232088923454,0.3286188244819641,0.3357463963329792,0.3432143032550812,0.3426818512380123,0.3370829054287502
LLS_00,0,19,0.01810145378112793,-0.005367457866668701,-0.013660013675689697,0.10751688480377197,0.0988534688949585,0.051246821880340576,3.5677244663238525,3.7617762088775635,3801.8272290229797,0.6938234120607376,0.7336092814803123,0.76194978505373,0.7784602642059326,0.7848989963531494,0.789383128285408,0.8014390766620636,0.7961401864886284,0.7999531850218773,0.7984755039215088,0.7872484773397446,0.7950935959815979,0.8015908598899841,0.802429661154747,0.8027550354599953,0.7970539331436157,0.7966877594590187,0.8022617697715759,0.8117851912975311,0.8208073228597641,0.8231014311313629,0.8257475793361664,0.8252738118171692,0.815145269036293,0.8080120533704758,0.8160644695162773,0.8229965046048164,0.8340160697698593,0.8285595327615738,0.8305470049381256,0.8268166854977608,0.8253883793950081,0.8196502700448036,0.8135446831583977,0.8074605539441109,0.8045221641659737,0.8074003309011459,0.8055891916155815,0.8129562065005302,0.8095372095704079,0.8101908266544342,0.8182760700583458,0.8106670007109642,0.8058135807514191,0.8027196750044823,0.7969952970743179,0.8009084165096283,0.8137490408761161,0.2457459680736065,0.24173634685575962,0.23667531460523605,0.23902297392487526,0.24946067109704018,0.25330561585724354,0.24830068834125996,0.2583370544016361,0.26052089408040047,0.26477131992578506,0.27353641763329506,0.27460213005542755,0.27624673396348953,0.27697083726525307,0.2768119052052498,0.27825338765978813,0.2793937101960182,0.28099101409316063,0.27704746648669243,0.27233586087822914,0.2703126408159733,0.26827310398221016,0.27112260833382607,0.2781510688364506,0.28204816579818726,0.27905740961432457,0.27787695452570915,0.27525466680526733,0.27876561880111694,0.2780834659934044,0.28143177554011345,0.2808891199529171,0.2819746062159538,0.2849559634923935,0.28507431223988533,0.2827754430472851,0.2808779925107956,0.283597394824028,0.2847824841737747,0.2841920778155327,0.2834358662366867,0.27891000732779503,0.2844480909407139,0.28584740310907364,0.28455355018377304,0.28324978798627853,0.28107060492038727,0.279354704277856,0.1292604934424162,0.11210620030760765,0.09862502850592136,0.08463668543845415,0.07612768094986677,0.07061701267957687,0.07063958887010813,0.07362762838602066,0.0755484951660037,0.07660010270774364,0.07400746364146471,0.07319031655788422,0.06681051384657621,0.06417377013713121,0.0631612604483962,0.06469735130667686,0.06500858999788761,0.065520572476089,0.0648336079902947,0.0623498666100204,0.0610305517911911,0.059736520517617464,0.06157795339822769,0.06050496036186814,0.05912976898252964,0.05916251800954342,0.06161606591194868,0.06435203272849321,0.06369523424655199,0.06475251540541649,0.06491335202008486,0.07094549760222435,0.07421912997961044,0.07491519767791033,0.07210712973028421,0.07035147398710251,0.07067201286554337,0.06964327953755856,0.06690504867583513,0.06777714844793081,0.06869713868945837,0.06866602785885334,0.06892985757440329,0.06870810780674219,0.06905991304665804,0.07067705225199461,0.0714686531573534,0.07230049265282494,0.4391452446579933,0.42176271975040436,0.4170268438756466,0.4186617136001587,0.43077802285552025,0.4248516671359539,0.4102899134159088,0.42216866463422775,0.4229702726006508,0.43166181072592735,0.45333923399448395,0.46018075570464134,0.46294812858104706,0.4588508605957031,0.449740182608366,0.44949859008193016,0.44541776925325394,0.444428738206625,0.43814587593078613,0.43554068356752396,0.4337349236011505,0.4332048110663891,0.43741852790117264,0.44009028747677803,0.43433526530861855,0.42538508400321007,0.42982179671525955,0.4302040934562683,0.43642299249768257,0.4266063906252384,0.42791876941919327,0.4289952516555786,0.42593860626220703,0.4319959618151188,0.4371549114584923,0.4346223846077919,0.4293310418725014,0.44102316349744797,0.4412258230149746,0.44150589779019356,0.43771473318338394,0.4178583659231663,0.42252687737345695,0.4248359277844429,0.4313350096344948,0.4331030882894993,0.4306148774921894,0.4252893882138388
LLS_00,1,19,0.006136298179626465,0.014697909355163574,0.00983649492263794,0.12036442756652832,0.010221779346466064,0.004501760005950928,3.744786024093628,3.599315643310547,5165.771562576294,0.7075951918959618,0.7399660125374794,0.7695070877671242,0.8007416352629662,0.8025917112827301,0.8186876848340034,0.8281661123037338,0.8324037790298462,0.8349210694432259,0.8396153301000595,0.8464956060051918,0.8559510335326195,0.8507788479328156,0.846467562019825,0.8442153558135033,0.844756692647934,0.8368701264262199,0.8436398357152939,0.8395750820636749,0.8380891606211662,0.8383936285972595,0.8358892276883125,0.8282135501503944,0.8269754201173782,0.8214512020349503,0.8193763867020607,0.820723831653595,0.8235006853938103,0.8266184255480766,0.8269830867648125,0.8197073936462402,0.8142840638756752,0.8144207000732422,0.8152357712388039,0.821576364338398,0.8237859010696411,0.8259324133396149,0.8288864120841026,0.8357421904802322,0.833710566163063,0.8400361761450768,0.835587702691555,0.8343918472528458,0.8348616808652878,0.8306949213147163,0.8279239609837532,0.8214296698570251,0.8182480079787118,0.25031705386936665,0.24495689384639263,0.23813495226204395,0.23458615876734257,0.2418676484376192,0.23850609734654427,0.24133905209600925,0.24666431546211243,0.24796988628804684,0.2506228256970644,0.2454212922602892,0.23929978534579277,0.23874926939606667,0.24918469786643982,0.25126155838370323,0.2481650374829769,0.24691780470311642,0.23710055835545063,0.2412918321788311,0.2455142643302679,0.25031852163374424,0.24822914972901344,0.24753312021493912,0.2456164639443159,0.24524294957518578,0.24830201268196106,0.2507090326398611,0.24884136952459812,0.24813549034297466,0.2463987749069929,0.25170340202748775,0.2545672506093979,0.2571416087448597,0.2552928403019905,0.25183803029358387,0.25012037716805935,0.25007534213364124,0.2541651390492916,0.2508064415305853,0.2501739617437124,0.24580884724855423,0.2471522092819214,0.24918760173022747,0.25162394158542156,0.25005625933408737,0.25100824795663357,0.2519345134496689,0.2533000665051596,0.12927479855716228,0.11288301274180412,0.09712183568626642,0.07772641070187092,0.0691304812207818,0.06715588551014662,0.06644942238926888,0.06530270259827375,0.0638019097968936,0.06359831150621176,0.06792254466563463,0.06693350616842508,0.06632064562290907,0.06706864479929209,0.06873063929378986,0.06986596714705229,0.07161532528698444,0.06970245018601418,0.06960245873779058,0.06882965564727783,0.06977325305342674,0.0715644434094429,0.07026469986885786,0.06871827226132154,0.06847905181348324,0.06886721681803465,0.06796809379011393,0.0672243544831872,0.06745597813278437,0.06613556481897831,0.06560502108186483,0.06979228183627129,0.07265180069953203,0.07306046597659588,0.0691098403185606,0.07154565583914518,0.07148319017142057,0.07378136552870274,0.0750460084527731,0.0745597118511796,0.07446090318262577,0.073227908462286,0.0747601306065917,0.07671552896499634,0.07347732316702604,0.07565634045749903,0.07667136192321777,0.07954714234386172,0.48882733657956123,0.47877582907676697,0.473721731454134,0.47764356061816216,0.48635856807231903,0.46777311712503433,0.45028332620859146,0.4461069516837597,0.4338880218565464,0.4389294274151325,0.42685261741280556,0.41856618970632553,0.4211311601102352,0.43350014090538025,0.4355453848838806,0.43505884334445,0.4405209608376026,0.4190482348203659,0.42438605427742004,0.43331825733184814,0.43998919054865837,0.44592661410570145,0.44470347836613655,0.43914830312132835,0.4353736974298954,0.4305143877863884,0.4270704314112663,0.4391271509230137,0.4234969727694988,0.4232201464474201,0.42871009185910225,0.4327787458896637,0.43286921456456184,0.4259567894041538,0.4174824208021164,0.41076479107141495,0.41339539736509323,0.4258624203503132,0.4234505295753479,0.42147916927933693,0.4194656126201153,0.42256828397512436,0.4223463088274002,0.43182580173015594,0.4215519092977047,0.42608942463994026,0.4273943118751049,0.4350321207727705
