label,seed,prompt,quality,dynamic_degree,motion_smoothness,temporal_flickering,imaging_quality,aesthetic_quality,subject_consistency,background_consistency,subject_inclip,subject_clip2clip,background_inclip,background_clip2clip
MM_R12,0,0,0.7805388430513367,0.041666666666666664,0.9836664595633332,0.9723837869619233,0.6227631544073423,0.6384165013829867,0.9720967529062303,0.960213022811641,0.9775866794409932,0.6990873586872349,0.960945047358031,0.7370733832535536
MM_R12,0,1,0.8094569265640078,0.08333333333333333,0.9871822054902951,0.9770218903722326,0.7697922687729198,0.6043297896782557,0.9868858597647302,0.9692948544836808,0.9861907316071372,0.8776486554871434,0.9715750089255714,0.8499853131563767
MM_R12,0,2,0.8160886389120369,0.3333333333333333,0.9876538798133659,0.9800674553010978,0.6942047787706057,0.6337259064118067,0.9661762705005943,0.9535791915800559,0.9698415884087163,0.6773323873462884,0.9475645660072244,0.7396293619404668
MM_R12,0,3,0.7877366179535635,0.0,0.9858432116386219,0.975767813515819,0.7025839718182881,0.6008196448286375,0.9759334122882043,0.9633923520131411,0.9843914793223463,0.7049676873113798,0.9623816705519154,0.8055222941481549
MM_R12,0,4,0.8475425244944179,0.9583333333333334,0.9707937151330291,0.9540570413365083,0.7268000991642475,0.6180111443003019,0.966794583265624,0.9553150424620567,0.9647010520340936,0.7143540414779083,0.9487550797001009,0.769019295339999
MM_R12,0,5,0.8172668867797825,0.3333333333333333,0.9901444210882655,0.9836610517762844,0.68409498428305,0.6096953625480334,0.9728363077578761,0.96521833603315,0.9670620602705786,0.7917718012695727,0.9688993064306116,0.765840338624042
MM_R12,0,6,0.794581105117505,0.3333333333333333,0.9812238874410385,0.967629123045728,0.6953811024129392,0.5338881574571133,0.9676631925666449,0.962982400183107,0.9734867284054397,0.67311975489492,0.9645323394447245,0.7648526358863582
MM_R12,0,7,0.8167862108546452,0.25,0.9886724393106675,0.9807458380078957,0.7725740189353626,0.5915290688474973,0.9591576525948272,0.9631241000423065,0.9766083810358278,0.5505841540213189,0.9673954133064516,0.7248967004858929
MM_R12,0,8,0.7912096310006658,0.4583333333333333,0.9914437470504732,0.9840631705288793,0.5767857147256533,0.5100712279478709,0.957743298372398,0.9557629959371453,0.9658923728732013,0.5916554909199476,0.954265635500672,0.694450587682102
MM_R12,0,9,0.793827103538873,0.0,0.9826702364214842,0.9732288755622566,0.7032382431129615,0.6524941722551981,0.9821999001865681,0.9616597275355941,0.9761117799708279,0.8905622181685074,0.960674326906922,0.780921634124673
MM_R12,0,10,0.7961112101856969,0.041666666666666664,0.986891399332614,0.9794824870583279,0.7004817921916645,0.6088877394795418,0.9800402676911886,0.9701931757723559,0.9842394709747323,0.7687729337941045,0.9751439248361895,0.8261531092550444
MM_R12,0,11,0.8263028322039703,0.5833333333333334,0.9884292860406716,0.9801800045702193,0.6861614169180393,0.5821959140400091,0.9610437396866809,0.9565430425845752,0.9539819447103367,0.7095059791336888,0.9556267851142474,0.7000927840885909
MM_R12,0,12,0.8179559791228992,1.0,0.9795222453420026,0.9670893963645487,0.5772987520198027,0.527235459536314,0.9491582225214286,0.9425300551001632,0.943247463193632,0.6206911854121996,0.9265894736013104,0.718764850626821
MM_R12,0,13,0.790676716320262,0.4166666666666667,0.974611086398368,0.9578983073141062,0.6393075018624464,0.5954460352659225,0.958146547729776,0.9537895635599926,0.9629517429938881,0.6114819500109424,0.9514544087071574,0.6740462857743968
MM_R12,0,14,0.8056780730755121,1.0,0.9496287233229667,0.9188982941745932,0.7026245192686718,0.5370145750542482,0.9557122759400404,0.949887986208039,0.9382048502804771,0.7460580286772355,0.9342989357568885,0.8303011707637621
MM_R12,0,15,0.8137487553667562,1.0,0.9291851075737156,0.9121942884781781,0.7368993657330671,0.6202626998225848,0.9735089022752449,0.9515936507554992,0.9722296003132097,0.7610675038202949,0.940936016780074,0.7747534837411798
MM_R12,0,16,0.8113844378618236,0.25,0.9870898020892979,0.9773525545799654,0.6659730998178323,0.6876225297649702,0.9578242131827919,0.9568769140962464,0.9632339862085156,0.6044660605814146,0.9575113275999664,0.6761935126522313
MM_R12,0,17,0.831647472066692,0.875,0.9846229902302653,0.9748378906764236,0.6948278457423052,0.5430476292967796,0.9320586027474688,0.9423679589142848,0.9147308008965626,0.590902478798576,0.9276884345598116,0.6891314050425654
MM_R12,0,18,0.8033171887014283,0.0,0.9931815028773706,0.9904038258822135,0.735670964072148,0.6035555501778921,0.9769188781427319,0.9631266880019002,0.9664797648707385,0.873250452072724,0.9566601168724799,0.8755492671676304
MM_R12,0,19,0.7678011831499755,0.08333333333333333,0.9878701843428788,0.979723311834086,0.6865109027922154,0.4420952598253886,0.9662346576806046,0.9613880880692302,0.9688242979908502,0.683748411419599,0.958588630922379,0.8006747287252675
MM_R12,0,20,0.7929077383707744,0.041666666666666664,0.9889187352178155,0.9799941823763006,0.7376664260029792,0.5608415106932322,0.9753918404727305,0.9607021491549051,0.974669261044392,0.7709213359200436,0.965047856812836,0.678270711199097
MM_R12,0,21,0.7846395823321426,0.0,0.9923895085531913,0.9887306026578728,0.6713205031553904,0.540613035360972,0.9802433427378713,0.969939685747482,0.9872296188947974,0.7463862280482831,0.9757263839885754,0.7999228271453277
MM_R12,0,22,0.7872268693830031,0.9166666666666666,0.9634186521691787,0.9469839544078105,0.5324511981010437,0.49078548699617386,0.9597689294649207,0.9575051101317221,0.9621421286575896,0.6410112769707389,0.9532241000924059,0.7681824215080427
MM_R12,0,23,0.8327122997096995,0.7083333333333334,0.986304324437255,0.9756265489104526,0.6859446702400843,0.5848967370887598,0.9601324397595934,0.9545623520430156,0.9631483415442128,0.638727491316588,0.9516138876638104,0.7012241330483685
MM_R12,0,24,0.8181095832506529,0.7916666666666666,0.9788164970725127,0.9680577531359553,0.6274256128072739,0.5569308325648308,0.957774356043196,0.9536520131319007,0.9473698757268408,0.710028672347898,0.9474703881048386,0.7443792683922726
MM_R12,0,25,0.7886263612801424,1.0,0.9592639879853517,0.9420484110420825,0.6330626175800959,0.45436496039231616,0.9299222691403105,0.9322213812914714,0.9149532146271199,0.5633225952801497,0.9079012306787634,0.6813820516285689
MM_R12,0,26,0.8015066558934243,0.5,0.9848486542974934,0.9743019533313179,0.6303809354702632,0.5535933549205462,0.9602297737127321,0.9520884127967824,0.9663254521707052,0.6155901849269867,0.9495275353872649,0.6487171131631603
MM_R12,0,27,0.7844331789948655,0.08333333333333333,0.9897308207929346,0.9807585326285144,0.6687356429795424,0.5345679906507333,0.9837520864541663,0.9641337588976363,0.9786797101379081,0.9021087768285171,0.961757536857359,0.8432523206524227
MM_R12,0,28,0.7925503332255276,0.2916666666666667,0.9743445294697369,0.963515375564301,0.7439485377073288,0.5349079941709837,0.9683679117820633,0.9570136585999016,0.9657225660098496,0.7275177084881327,0.9567296838247646,0.6955129685609237
MM_R12,0,29,0.8067979086420577,1.0,0.9656939002367477,0.9472556854385177,0.7062153787414234,0.4500414604942004,0.9221748378458171,0.9486564760080407,0.9290632676853928,0.42315042634373123,0.939889887327789,0.6990877150193505
MM_R12,0,30,0.8610998540980113,0.9583333333333334,0.9756876657426755,0.9591258735438578,0.7346488510568937,0.6720418805877367,0.9602385835170176,0.9578696889547698,0.9632701123914411,0.6395890424432962,0.953917472593246,0.7685193471286608
MM_R12,0,31,0.794693716611176,0.08333333333333333,0.984304578829395,0.975157969605689,0.7419810824592908,0.5717900867263476,0.974976507267057,0.9643015380524869,0.9755416151176216,0.7576285697843718,0.968983639952957,0.740181459032971
MM_R12,0,32,0.8087747183409169,0.3333333333333333,0.9912237639773384,0.9866175044985379,0.5876749063034853,0.6143599152565002,0.9840545900198006,0.97388769614548,0.9860850000573743,0.8202332504417585,0.9815480221984206,0.8395230109276979
MM_R12,0,33,0.7955912974621783,0.0,0.9902008044388815,0.9830882314763038,0.667622044980526,0.6323470175266266,0.9816731938726629,0.9730452318172379,0.987197095347989,0.7712253293265467,0.9763836604292675,0.8768785181252853
MM_R12,0,34,0.8008335433841339,1.0,0.9615262082912907,0.9429833987179924,0.6081784464418889,0.5094319619238377,0.9561785117225389,0.9382244972352476,0.9458553215829274,0.698550486046335,0.9174627488659274,0.7270520322996638
MM_R12,0,35,0.8028701673449888,0.16666666666666666,0.9836994388097935,0.9724791217473597,0.7271341873705387,0.6148082365592321,0.9733995952364266,0.9602090308663502,0.9727832622906213,0.7535676774771317,0.9604554535240256,0.746906750228094
MM_R12,0,36,0.8189030993220368,0.7916666666666666,0.9740091903127066,0.9586612792576061,0.7312099121014276,0.5059944726526737,0.9485703531629547,0.9572924480176809,0.9592087503162122,0.5295021927551083,0.9565318117859544,0.7122319489717484
MM_R12,0,37,0.7987084678724602,0.0,0.9907352569121487,0.986334118578169,0.6669970867037773,0.6664018382628759,0.9761855483644634,0.9602466623185796,0.9740756606703164,0.7890231097521989,0.9569144300235215,0.7902156224717265
MM_R12,0,38,0.7958990057692646,0.9166666666666666,0.9622689896154109,0.9467755163417143,0.5932402451833089,0.5160928902526697,0.9564959204930069,0.9417101706154091,0.9381758634361529,0.761270764729251,0.9227793703797044,0.7565342213796533
MM_R12,0,39,0.8031470486476151,0.20833333333333334,0.9877569196589634,0.9789009645094279,0.7074685944120089,0.5804825102289518,0.9764652423600184,0.9603007883881833,0.981347642478443,0.7315487971772319,0.9560993153561829,0.807754499108895
MM_R12,0,40,0.7863452578121432,0.25,0.9884461049989351,0.9807123674286737,0.6554129740595818,0.4969472624361515,0.9772833344367858,0.9583341670257607,0.9777219550664066,0.7772875143134076,0.9513599026587701,0.827361612216286
MM_R12,0,41,0.8261264444795973,0.5833333333333334,0.9809713910084749,0.9684843979629815,0.6673470526436965,0.6486034542322159,0.9662337136813509,0.9582535793461441,0.9758735964054702,0.633752288053865,0.9548923943632394,0.7665690656589426
MM_R12,0,42,0.7944471447049603,0.0,0.9902811954464834,0.981793126249625,0.7059484457472959,0.6021256670355797,0.9811688419391994,0.9643800878663465,0.9759576414781872,0.8607237533382748,0.9625135852444556,0.8397592357967211
MM_R12,0,43,0.8184553481810888,0.08333333333333333,0.9888797675500118,0.9822888303815929,0.7234153882662456,0.7042686293522517,0.9817998888478439,0.9625398042262917,0.985913011856297,0.7842036213563837,0.9608170704175066,0.802361746845038
MM_R12,0,44,0.83780866409641,0.8333333333333334,0.9846941378627735,0.9739288739908755,0.7317502405742804,0.49657076473037404,0.9701272238161206,0.9630875793201712,0.9779744857261257,0.6758828344552413,0.9638835948000671,0.7754570977843326
MM_R12,0,45,0.8009628189697937,0.0,0.9923777947948379,0.9886212517817814,0.7438950893282891,0.5844384705026945,0.9748289008539475,0.9672646667577697,0.9624767152452341,0.8698619487492935,0.9675804876512096,0.8491068132545637
MM_R12,0,46,0.7915096113791331,0.08333333333333333,0.9851381248487049,0.9754575709501903,0.7082595579326153,0.5833731268843015,0.9727993162130405,0.964540879401448,0.9784516117345262,0.702603266938873,0.9647863244497646,0.8031017734952595
MM_R12,0,47,0.7896499315848119,0.0,0.9931836582959024,0.9891916973723305,0.7026888968547186,0.5345998716851076,0.983527741067677,0.9694943960572132,0.9823547483131451,0.8432326861049818,0.966462166078629,0.911239504814148
MM_R12,0,48,0.7975124392684805,0.20833333333333334,0.991084907229563,0.9833121924618492,0.6512517366806666,0.5833390106757482,0.9708872020412679,0.9602654126106186,0.9649998415061223,0.7766759862070498,0.955880113827285,0.8115982180056365
MM_R12,0,49,0.8364839517168874,0.875,0.9796520995229988,0.9654592943347358,0.7427409848074117,0.5204756520688534,0.9640156238224168,0.9505056991118668,0.9577069988334049,0.7231987649979799,0.9436973653813844,0.6959803473690281
MM_R12,0,50,0.8582880745241682,0.8333333333333334,0.9662202148983035,0.9566763820991017,0.7652449176708856,0.7016656671961149,0.971033568158413,0.9655842503887108,0.9749035286086221,0.7027227178863857,0.9674594017767136,0.7924172185037447
MM_R12,0,51,0.8082738831780745,0.041666666666666664,0.9904561225520746,0.9845249754151487,0.7496073724826178,0.6145729323228201,0.9757982585253849,0.9726918760184838,0.9821011134052791,0.7180574542802313,0.9810272544942876,0.8044754344484081
MM_R12,0,52,0.8117610106679075,0.20833333333333334,0.9809800558435254,0.9722631710806704,0.7561884572108587,0.6466371119022369,0.9644371591349726,0.9576114273992516,0.9748561427157414,0.6149894536837287,0.959308583249328,0.6702097362798193
MM_R12,0,53,0.8326327815427857,1.0,0.9756084912330317,0.9590551743320391,0.7032114074130854,0.5091116266945998,0.9601127623607404,0.9498260115527238,0.9610469794722013,0.6527706517473512,0.940114011046707,0.7383650644965793
MM_R12,0,54,0.798758735781766,0.125,0.9833564623241049,0.9717379532218757,0.7362173390388489,0.5966797173023224,0.9752020051399845,0.9633249975231818,0.9796019025066848,0.7261941491261773,0.965005854124664,0.7668456532385038
MM_R12,0,55,0.7984888831147767,0.5833333333333334,0.9815661969008801,0.9690523857384726,0.7479405002295971,0.43343892817695934,0.9347615490661827,0.9495507336067884,0.9399218181128143,0.48412168665748573,0.9444402879284274,0.6489414177511049
MM_R12,0,56,0.825185301471681,0.5416666666666666,0.9738935520507468,0.9622414227404624,0.7182777323822181,0.6701784655451775,0.9579509105491123,0.9531085333497865,0.9587945677340031,0.638639119008313,0.9486192272555444,0.7031352422807527
MM_R12,0,57,0.8589915721108594,0.9583333333333334,0.9822929678589593,0.9700962961109635,0.6726281878848871,0.6661245400706927,0.9672089559186848,0.9533033435503473,0.9626120329303768,0.733538876409116,0.9448550644741264,0.7678576189538707
MM_R12,0,58,0.8560048582645567,0.625,0.9901373191750956,0.9820279696603227,0.7017319910228252,0.7008565788467725,0.9744915478296351,0.9649645492359747,0.9674689458102308,0.816588898067889,0.9653776435441869,0.8088611429152281
MM_R12,0,59,0.8039040981139312,0.08333333333333333,0.9884404739304019,0.9814353863787807,0.6976333563029765,0.6274028023084005,0.9883446525395466,0.9656478118811703,0.9871466237931482,0.9154844322930211,0.9671256772933466,0.8002788320831631
MM_R12,0,60,0.8056440219095293,0.4166666666666667,0.9871113394539469,0.9783569572797788,0.7027350059151649,0.5173440463840961,0.9702636982384609,0.9535666808725702,0.9818398219042569,0.6499900918291963,0.9510442262054771,0.6733975925523302
MM_R12,0,61,0.8224809372091287,0.6666666666666666,0.987031927454661,0.977366030488918,0.7451125650604565,0.45543862382570904,0.9719924815589781,0.9571768756857733,0.969224836276744,0.7608620174553083,0.9494231849588374,0.8204431494940883
MM_R12,0,62,0.842866673831867,0.875,0.9815103231255703,0.9688352129038643,0.6452319067219894,0.6157329504688581,0.9759421009433452,0.9610582748906001,0.9702915874139597,0.8171507683785065,0.9581731980846774,0.7963781434556713
MM_R12,0,63,0.7869224508751889,0.0,0.9922734000035497,0.9862591499986212,0.6979471572240193,0.5405414998531342,0.9825843293654649,0.96447994441737,0.9790575543959296,0.8575832493927168,0.9605850711945564,0.8631273287793865
MM_R12,0,64,0.7926915311966009,0.125,0.9924073200581351,0.9859125533914254,0.6749366473158199,0.5495563422640165,0.9740737652443313,0.9640649941546843,0.9705954407572105,0.7831372476142385,0.9632791498655914,0.818175231632979
MM_R12,0,65,0.8480041117458174,0.625,0.987908394025939,0.9781557867340013,0.729003477046887,0.646578644712766,0.9742932845585637,0.960035655704422,0.9758021371659412,0.7422347904547401,0.9577213410408266,0.7764773699252502
MM_R12,0,66,0.7973293264170555,0.0,0.9864751975892001,0.9783194281112134,0.7133673565586408,0.6597333227594694,0.9670487428213406,0.9589689529408368,0.9795802660206313,0.6175756522494814,0.960825930359543,0.6902217877947766
MM_R12,0,67,0.8060397896431384,1.0,0.9696640338139426,0.952690793564117,0.555309119001031,0.4999654069542885,0.9658741235837512,0.9609089423013479,0.96224438006519,0.7181090667195942,0.9594378727738575,0.7770021480062733
MM_R12,0,68,0.7734670740655135,0.08333333333333333,0.9876159679197682,0.9782511476208183,0.6662989209592343,0.5119282032052676,0.958775580968878,0.9619693345848281,0.9607194078865872,0.6360168755054474,0.9649211924563171,0.7275564080995062
MM_R12,0,69,0.8011672705487699,0.5416666666666666,0.9632460202664133,0.9422282508775299,0.7443131143848101,0.5731881509224573,0.9636940922836702,0.9520933395117718,0.9616818001433726,0.6944887864848842,0.9464741368447581,0.7056542246238046
MM_R12,0,70,0.764864665580694,0.20833333333333334,0.9746652194437025,0.9602369140176212,0.6778254406650861,0.5123695631821951,0.9424281809451399,0.9485184716240104,0.9434104989613257,0.5494317026889842,0.9441315025411626,0.6192241272200709
MM_R12,0,71,0.767623309130082,0.125,0.9821436687043495,0.969115933600594,0.7044559047619501,0.43778381248315174,0.9717894078393133,0.9659154357111155,0.9811131098978622,0.6770484466915545,0.9736065608198925,0.7149109062941178
MM_R12,0,72,0.8291121386109027,1.0,0.9750427497630922,0.9613661307135439,0.7058191405236721,0.472338292747736,0.9653679818506361,0.9504412467686693,0.9581695996545335,0.7403193673361903,0.9409721128402216,0.7458832250989001
MM_R12,0,73,0.8104362389319488,0.6666666666666666,0.9889449326711409,0.9822079094017253,0.5742109574377537,0.5174990395704905,0.9738199055936448,0.9636655121240089,0.9743620543390192,0.7465679632580798,0.9625660886046706,0.8153521055760591
MM_R12,0,74,0.8361818886033391,0.375,0.9863892912574426,0.9793542111621184,0.7357075300316017,0.6993193055192629,0.9677180635187881,0.958846983041893,0.9696671346262579,0.6948085265315097,0.9597039991809476,0.7112444334703943
MM_R12,0,75,0.8313168526050615,0.5416666666666666,0.9822305262403143,0.9697153352444468,0.7258134498198827,0.6070621783534685,0.9818280437729193,0.9669244326686774,0.9804650721771102,0.8283157918764197,0.971317414314516,0.7796475576317828
MM_R12,0,76,0.779316776872376,0.125,0.9834462047682248,0.9749371317866581,0.7755134371916452,0.42669224987427395,0.9717855418831937,0.9628687155175945,0.9781674841639174,0.6929424592982167,0.9633267310357864,0.7775382231111112
MM_R12,0,77,0.8012942578042066,0.08333333333333333,0.9882696004147666,0.979019242719887,0.6694134758909543,0.6764482781291008,0.9683886189279294,0.9602476128388071,0.9843987294182343,0.6041558268277541,0.9632299279653896,0.6945914140214091
MM_R12,0,78,0.8365295737774832,0.875,0.981692705514735,0.9683079034674401,0.5712141520281633,0.6619747032721838,0.9662301144546656,0.960140072657742,0.971387795823556,0.6669538079396539,0.9614490796160955,0.7245459096587222
MM_R12,0,79,0.796271154255736,0.125,0.989048272215574,0.9800025383631388,0.7115804102520148,0.5747604866822561,0.9692175757781228,0.9600575613709624,0.9705924558783732,0.7076131513585215,0.957612068422379,0.7791515109331711
MM_R12,0,80,0.797644896334799,0.08333333333333333,0.9906318224173202,0.985672846845552,0.6985722238818806,0.5897539456685384,0.9732160827071296,0.9618045248893532,0.9737432766505467,0.7413955764925998,0.9609283119119624,0.7812726361596066
MM_R12,0,81,0.7912767956551817,0.25,0.9724013457752448,0.9575124914350074,0.7531880397101244,0.5911306987206141,0.9417823193822601,0.9578190840288784,0.9598439291760487,0.4589575229253134,0.960929952641969,0.6498288220685461
MM_R12,0,82,0.7730795550278463,0.2916666666666667,0.989043224187749,0.9835822091383092,0.4916258395959933,0.5924101074536642,0.9395080276824302,0.9551715488825979,0.9236517153199643,0.6231229693993278,0.9577899235551076,0.6131898323478906
MM_R12,0,83,0.7900861120784887,0.041666666666666664,0.991667805871384,0.9853169564328162,0.6657057301700114,0.5953730568289757,0.9728401885942383,0.9594375983605863,0.9719002927823732,0.7511459180842275,0.9526321247059811,0.8397159926269365
MM_R12,0,84,0.8154756484360498,0.25,0.9799379120608952,0.9712852395827474,0.743532181829214,0.6513320679465929,0.9708398667038521,0.9649869997822517,0.9732264776624019,0.7117021556781686,0.9677475139658936,0.7743202810702117
MM_R12,0,85,0.8380299298830596,0.5416666666666666,0.981123634907355,0.9716029499091355,0.7216756430764993,0.688645084698995,0.9605199638153582,0.9594300304147336,0.9580439012297379,0.6803171288060106,0.9582558908770161,0.7560722529888153
MM_R12,0,86,0.8622541801932211,1.0,0.9770310899036133,0.9643154079618018,0.7345988455414773,0.6301732386151949,0.9713286065875488,0.9556478921908974,0.9750640246496406,0.7058163324128026,0.9520375241515456,0.7320271212121715
MM_R12,0,87,0.7768651805841245,0.041666666666666664,0.9882458904199515,0.9794504948690825,0.7352509175737699,0.4622520903746287,0.9790149000118898,0.9579399503479439,0.9730256172598049,0.8459150389484738,0.9510914792296706,0.8161239481490591
MM_R12,0,88,0.8037438198170048,0.20833333333333334,0.9895733188170063,0.9807973591330784,0.750107555091381,0.5265144022802511,0.9790326030749933,0.9609316527703781,0.9716195498583137,0.861472267171611,0.9553816600512434,0.8428743235442949
MM_R12,0,89,0.7966536876817855,0.375,0.9780485856346189,0.9636529039713292,0.7218944245576858,0.5290967014928659,0.9678230467446335,0.9573318259063575,0.9746127528769355,0.6665128916501999,0.9557613249747984,0.7256967619709347
MM_R12,0,90,0.777518627803694,0.20833333333333334,0.9847402233915586,0.9757423177264095,0.654967078268528,0.4910607698063056,0.9699908989424536,0.9616235382193635,0.9648781985204707,0.7633757448714712,0.9643075594338039,0.7262973753006562
MM_R12,0,91,0.7923120300103339,0.4166666666666667,0.9822198257407931,0.9701579648684833,0.6769579170644283,0.4857243672013283,0.9736184800645383,0.95778179694066,0.9683687116109555,0.7941530003495838,0.9534633185273856,0.7721155823572822
MM_R12,0,92,0.8275274823523411,0.6666666666666666,0.986512258647969,0.9754804227866378,0.7422575274606547,0.5078749296565851,0.9625528781130047,0.9580236532897676,0.9553903477486744,0.7193991030039995,0.9564560100596439,0.7395722555077594
MM_R12,0,93,0.7799221637222651,0.625,0.9856909961166626,0.9761563510676615,0.4527529146025578,0.5160623714327812,0.9644728470305641,0.9517177370443132,0.9647709239795003,0.6865492689868679,0.9446207682291666,0.7242817017047302
MM_R12,0,94,0.7447825231309777,0.0,0.976400075478427,0.9656151684281093,0.6411088824272156,0.46777720873554546,0.9596678016827114,0.9590717562942461,0.963690142557826,0.6254375317822332,0.9618927330099126,0.6763444426267043
MM_R12,0,95,0.7713086022861968,0.20833333333333334,0.9785529338863023,0.9675172045339946,0.6373289926350117,0.5260544878741106,0.962139095649975,0.9578492535467289,0.9684784771694291,0.6267075515959574,0.9580714728242609,0.7037763887125513
MM_R12,0,96,0.8308071539462305,0.6666666666666666,0.9842954363873991,0.9694570319325315,0.6894949866334598,0.6249112784862518,0.9651991554325862,0.9416276381637397,0.9664015215571208,0.6856082661644273,0.9287109375,0.6467370543143024
MM_R12,0,97,0.7726652833986406,0.25,0.9810233466229338,0.9678840879521339,0.6562030228972434,0.5237467822929224,0.9381736249650657,0.9504815500750471,0.9388850678599651,0.5278565801032211,0.9482723769321236,0.6155460350539373
MM_R12,0,98,0.7976573031636749,0.125,0.9852183021610902,0.9755698362986247,0.7415219576160114,0.5650236656268438,0.9708178196131844,0.9689398464181126,0.9865504472005752,0.6208246492821238,0.9746192193800404,0.7869870442411174
MM_R12,0,99,0.7875551526517159,0.25,0.9732644214039485,0.957441235134025,0.7302375676234564,0.5667264349758625,0.959688158644266,0.9573933628212624,0.9559709781440354,0.6824812077633713,0.956508513419859,0.7157542352443156
MM_R12,0,100,0.7878846966730978,0.4583333333333333,0.9919535511175178,0.9851656537040386,0.5053495665391287,0.5486320294439793,0.9608671305215303,0.9578910405102404,0.9539302901154564,0.7073342761267787,0.9518892021589381,0.7955247098984926
MM_R12,0,101,0.7612357097211303,0.2916666666666667,0.987260753589185,0.978796980739419,0.5581067431966463,0.4431619296471278,0.9546213836821892,0.9604181822447972,0.9602293326489387,0.5890864239114783,0.9631659394951276,0.7047292907600817
MM_R12,0,102,0.7913517524669387,0.08333333333333333,0.9866207608280728,0.9764493925119536,0.6392716657618681,0.6483202340702215,0.9718591643665139,0.9618483627196278,0.9590581052245634,0.8428745930609496,0.9633634833879369,0.7526712456475133
MM_R12,0,103,0.8074923390399834,0.0,0.9895582233952682,0.9817807915163974,0.7307706668972968,0.6676391636331876,0.9781992857078606,0.9647120767092193,0.9802051810647852,0.7716097436521364,0.9678384104082661,0.766295823066131
MM_R12,0,104,0.798133380163851,0.25,0.9838214398666043,0.9687367806637209,0.6689445981880029,0.6233450000484785,0.9690074807518649,0.9543143577329353,0.9657657794574256,0.7374943174097849,0.948945076234879,0.7414396745355233
MM_R12,0,105,0.7838300682583201,0.08333333333333333,0.9890896569769438,0.979768526865766,0.6043783871332805,0.6200926850239435,0.9692579522261567,0.9617399428847396,0.9808383436613185,0.6429701074957848,0.9630868563088036,0.7534217678982279
MM_R12,0,106,0.8178837104825122,0.375,0.9825739363446293,0.9680515741990282,0.7521604077517986,0.6148525973161062,0.9646341743530972,0.9560896528573647,0.9827136143000536,0.5717791613677273,0.9530258999075941,0.7297516342090524
MM_R12,0,107,0.8128200166130137,0.0,0.990960530367106,0.9844423155769024,0.7946214438478152,0.6199218307932218,0.9832063444023079,0.9651859254479961,0.978451750651803,0.8846340140570765,0.9621440928469421,0.8617696477019269
MM_R12,0,108,0.7861816931106292,0.08333333333333333,0.9839910234461557,0.9712844478538614,0.7137936037282149,0.5673511251807213,0.9662141454523839,0.9636265035924954,0.9764438349232879,0.6282285937796468,0.9697688933341734,0.7006377189055734
MM_R12,0,109,0.7482348757892097,0.16666666666666666,0.9806428875616383,0.9779782059925054,0.4944179783016443,0.5391845690707365,0.9368221310076864,0.9540813565958995,0.9271776410600832,0.5711885117318319,0.9534373949932796,0.650129167282063
MM_R12,0,110,0.804359326811578,0.0,0.9898110405206791,0.9829653862644644,0.6898619103928407,0.6756672710180283,0.9812706741988017,0.9682981548627355,0.990366014501741,0.7368353958363119,0.9763935048093079,0.7510338445072589
MM_R12,0,111,0.7783934506214459,0.041666666666666664,0.9909226861653302,0.9827019116847344,0.6067884795864423,0.6009387324253718,0.9674230181111353,0.9544930097375247,0.963907603174448,0.727048682777778,0.9491209624915995,0.7449949966824573
MM_R12,0,112,0.8330818630313718,0.5833333333333334,0.9897435667583747,0.9806941002022986,0.7554581436514854,0.4989397091170152,0.9879189132235745,0.971793468585528,0.9883587551453421,0.8756385341934536,0.972848871702789,0.8917360759299734
MM_R12,0,113,0.8387033955000844,0.4583333333333333,0.9777143365659565,0.9655216288722418,0.7720748888452849,0.6883421987295151,0.9749296796478771,0.9647260722837485,0.9762351678343871,0.7496109093013017,0.965662802419355,0.7937740314265956
MM_R12,0,114,0.8202328338776916,0.20833333333333334,0.9885905096029464,0.9813752829249388,0.6587409111360708,0.7270389447609583,0.9719126868629561,0.9669669226945472,0.9680235577767254,0.7684856912364131,0.9684615596648186,0.8302427802396857
MM_R12,0,115,0.849696102433881,1.0,0.9680331206128061,0.9497444408391816,0.7315579649806022,0.6499089847008387,0.9470496501705461,0.9558608958794023,0.9332694581118964,0.6642176735660305,0.952264601184476,0.73653400592182
MM_R12,0,116,0.7995354123980024,0.0,0.9891697961564209,0.9807369814978705,0.6896813424925009,0.6675773213307062,0.9751190953114036,0.9626347217811287,0.9729822355332555,0.7807924352262331,0.964260962701613,0.7608607631662617
MM_R12,0,117,0.7650395540898423,0.7916666666666666,0.9178360550719203,0.9016338808863771,0.6371431092421214,0.5798291166623434,0.9690279808549939,0.9519008215862256,0.9596150888390439,0.790203861568285,0.9432346795194894,0.7556051955274914
MM_R12,0,118,0.784964182549009,0.0,0.9869898688482545,0.9778191927211738,0.7087597261865936,0.5752960170308749,0.9721064769389378,0.9606908002775674,0.9746387852856548,0.718537784141043,0.963420908938172,0.7107864009297412
MM_R12,0,119,0.8231529594428828,0.16666666666666666,0.99052638603574,0.9836930275742525,0.7401485076546669,0.6630985836187998,0.9802630762161882,0.9667255946979866,0.9745028966296744,0.8565500935782557,0.9675985356812836,0.8349176256552987
MM_R12,0,120,0.8006382872195849,0.0,0.9913828910297872,0.9858872457072625,0.7111257101098696,0.6098608151078224,0.9861021074498165,0.9693489436691053,0.9824178178384099,0.9200617904248445,0.969868649718582,0.8673226172509401
MM_R12,0,121,0.8176242749364865,0.16666666666666666,0.9861500324993484,0.9791525764403,0.7252309766411781,0.6650140856703123,0.9796155785262955,0.9704812276078648,0.9810557119868776,0.7880730136581089,0.9736269058719759,0.8531339440656744
MM_R12,0,122,0.819694079069018,0.0,0.9887120681125386,0.9818952130725961,0.7760732223590215,0.7027903472383817,0.9756901286478209,0.9679544472569851,0.984489232982679,0.7007597160080205,0.9766173003822244,0.7327823204838712
MM_R12,0,123,0.7968244683516157,0.125,0.9770378217893727,0.9666006429522644,0.7500581640005111,0.6079343805710474,0.9724152608605197,0.9641598016693199,0.9775223786471993,0.7037635853757029,0.9684947024109544,0.7442080410926238
MM_R12,0,124,0.7976841305416463,0.25,0.9649585915260349,0.9510764781166525,0.7342253710826238,0.6552755783001581,0.9752937384970647,0.9579004112165789,0.9769029340516496,0.7501648515462875,0.9536546276461694,0.772917724174002
MM_R12,0,125,0.7981860369274443,0.041666666666666664,0.9790900652281849,0.9702510095110126,0.7114648375908533,0.6990263536572456,0.9677095197342626,0.954295088584994,0.9623966791056177,0.7443246604955714,0.9473135343161964,0.7633855718633403
MM_R12,0,126,0.8307636851973985,0.375,0.9842268676632795,0.9720001183304133,0.7256304891904195,0.7175270070632299,0.9558401322930988,0.9572366963523032,0.9517431128970397,0.6570640951395035,0.9547965757308469,0.7413059758103412
MM_R12,0,127,0.7885180785108007,1.0,0.958660516003165,0.9363413363500358,0.590104151715835,0.4837270639836788,0.9492325546239169,0.9379383177680735,0.9456704651075666,0.6077487342383551,0.9190591791624664,0.6856082211370054
MM_R12,0,128,0.807010145756083,0.75,0.9848232188204104,0.9713527649056678,0.6530134619275728,0.4895307707289855,0.938406622834452,0.9416059621256544,0.924822047312734,0.6008117992592894,0.929735081170195,0.6285123196632966
MM_R12,0,129,0.7111849536190195,0.5833333333333334,0.9419872453423662,0.9282309735912125,0.4252417492369811,0.459495189289252,0.9195485613836669,0.9442937799348433,0.8851584264387687,0.6145775680956633,0.9342287125126009,0.6432374906928643
MM_R12,0,130,0.7828411139483471,0.16666666666666666,0.9743538703410569,0.9605675477607578,0.7092117258906364,0.591135506828626,0.9673412831560677,0.9474292654962452,0.9626559500171933,0.7355084399814191,0.9363849598874326,0.7188107630480891
MM_R12,0,131,0.798076330224556,0.6666666666666666,0.9614083836153094,0.9483546386357227,0.6893504756689072,0.5270704440772533,0.9693863131857201,0.9532748217765649,0.9617501819326032,0.7788368424643641,0.94761477234543,0.726222346658292
MM_R12,0,132,0.7995397907999393,0.625,0.9781127576362558,0.9617246828048057,0.6678509580592316,0.5351461507380009,0.9316959342661241,0.9492440922195383,0.9199444555066606,0.5571689913454263,0.9420989662088374,0.6788682471150937
MM_R12,0,133,0.8188539278252269,1.0,0.9549509043627392,0.9224971763448777,0.6936482499539851,0.6100373516480128,0.9502925212543989,0.9498718128975803,0.924567729074468,0.7700748314028201,0.9382675334971436,0.7652634356332861
MM_R12,0,134,0.797585243846685,0.20833333333333334,0.9848021458152942,0.9761808581601561,0.7278053856889407,0.5427270929018656,0.9753725633160134,0.9603162084083587,0.9740658455718588,0.7758453902990922,0.9600751323084676,0.7554836914591168
MM_R12,0,135,0.7989999778127425,0.0,0.9880478841127648,0.9761713044316161,0.682970962425073,0.6838607639074326,0.9762759952735948,0.9639320690565776,0.9824036597324314,0.7220960505630659,0.9688789613785284,0.7270347702762355
MM_R12,0,136,0.7099865831596539,0.6666666666666666,0.9028914906370163,0.8868860636661257,0.5797026537979643,0.5348809485634168,0.9000211511149555,0.9363324975079234,0.848544578368385,0.5985526306473691,0.9181836856308805,0.645547913144464
MM_R12,0,137,0.747878832118308,1.0,0.91234128349004,0.8807908095565496,0.5311158614357313,0.5934074769417444,0.9416580232132156,0.9399891161837125,0.9265765658309383,0.6351386030083117,0.9246294575352824,0.660174516879994
MM_R12,0,138,0.818926567921519,0.08333333333333333,0.9862162004414033,0.9766702923899383,0.7912173360586165,0.6647635598977407,0.9692793347027076,0.9726753987550992,0.9876461418405657,0.596432231042696,0.9832425681493616,0.7722545266151428
MM_R12,0,139,0.8353989115935849,1.0,0.976048036280707,0.9572445363001106,0.6149351806441943,0.6147826761007309,0.9663804913456984,0.9473302838471748,0.9633275743133277,0.7176793904408164,0.9339173019573254,0.7578183477339537
MM_R12,0,140,0.7711954231155402,0.5416666666666666,0.9875149965889505,0.9782451435631397,0.6377714300652345,0.33227238059043884,0.9368281476459757,0.9548199812522501,0.9369068552529619,0.5253598530493353,0.957733154296875,0.5999291506798371
MM_R12,0,141,0.783502853261566,0.0,0.9913197359784368,0.9848559535406775,0.6290521233280499,0.6085447371006012,0.969940207181966,0.9648717041181346,0.9789928500690769,0.6648687093478182,0.9695539577032931,0.7508662045001984
MM_R12,0,142,0.772211149480884,0.0,0.984974306130186,0.9755339720669914,0.6608549037575722,0.5492843401928743,0.9653152846430303,0.9695933616783833,0.9835395405209192,0.5753740956804351,0.980863509639617,0.7164583154346632
MM_R12,0,143,0.7628419373543464,0.0,0.9876919231172927,0.9804307818023208,0.5504723073542118,0.5715373232960701,0.9815953696372866,0.9589807005710634,0.976955495093779,0.8590432146321172,0.9528276997227821,0.8241624197234279
MM_R12,0,144,0.7819609812048357,0.0,0.9859409875972216,0.97519020757644,0.7075312745571137,0.5518848473827044,0.9791361492072195,0.966285370879012,0.9851594614566013,0.7451193714919297,0.9717689432123656,0.7585531207530395
MM_R12,0,145,0.797516068197342,0.0,0.9912679916042867,0.9868944848285001,0.7520213522513708,0.5501997731626034,0.9824070654873217,0.969700303843457,0.9847636639030389,0.8050270203662955,0.9755862656460014,0.7941967488630958
MM_R12,0,146,0.7606684108947981,0.0,0.9910055008674737,0.9846662351118973,0.5162430325398842,0.5713267674048742,0.9767862511966663,0.9613081758170413,0.9733991076548895,0.8061516952255497,0.9584678731938844,0.7998465843822645
MM_R12,0,147,0.7128735451003679,0.08333333333333333,0.9911385284719895,0.9860394252671135,0.2738304278254509,0.4841853554050128,0.9603621692403634,0.955619142172034,0.9643390115390543,0.6317677157728568,0.9539381457913306,0.695584365207216
MM_R12,0,148,0.7721534645906847,0.08333333333333333,0.9890924091654854,0.9842397540612938,0.5981432521839937,0.5206482484936714,0.978217664791733,0.9670694782340655,0.987401468418939,0.7152428439129954,0.975047121765793,0.7287572738916978
MM_R12,0,149,0.776591212871258,0.20833333333333334,0.9868172144148867,0.9780989453683491,0.6611221582690875,0.48657097046573955,0.9573087199047343,0.9569546728033385,0.9602248238860279,0.6169299178797266,0.9584622947118616,0.6619175199581229
MM_R12,0,150,0.7703471972322619,0.041666666666666664,0.9883775014605796,0.9792345645770529,0.7080122820039589,0.4509678507844607,0.9713986841752177,0.9617855823808394,0.9770082504118002,0.6949113079387209,0.969017110845094,0.646920343456061
MM_R12,0,151,0.8138277720970634,0.625,0.9790671960485361,0.9656845822053798,0.6713929624855518,0.5672244442005953,0.9673225858528065,0.9504020345874976,0.9603018357708891,0.7569296606208967,0.9408605431997649,0.7465327874473904
MM_R12,0,152,0.8249040386058311,0.9166666666666666,0.973090469624311,0.9572693726595709,0.6685586175819238,0.5669381469488144,0.9482775169656864,0.9465570300292313,0.9382891638144372,0.6470590836328008,0.9360879877562164,0.6888034661179003
MM_R12,0,153,0.8121526550290069,0.16666666666666666,0.987939923239929,0.9790812445232291,0.7113258715470631,0.6445897147059441,0.9733290301285799,0.9706135053982194,0.9859942955275377,0.6623445182390835,0.977677211966566,0.7898389016804488
MM_R12,0,154,0.7977048713016177,0.875,0.9852923663246088,0.9768174321043727,0.5129692908128103,0.42953118681907654,0.9682106442103353,0.9606600498394388,0.9547500897158857,0.8177134951819545,0.9548976446992606,0.8420847174913987
MM_R12,0,155,0.7740666882046422,0.0,0.9934237032156314,0.9892775612329346,0.6965876245498658,0.4551587825020154,0.9771817318226885,0.9625737917176714,0.9682628628146904,0.857459721357926,0.959746330015121,0.8290611233400262
MM_R12,0,156,0.8451696505448804,0.6666666666666666,0.9878493635023009,0.9779933534026926,0.7250829682250818,0.6061188081900278,0.9782428928807722,0.960875908339133,0.9707417184867526,0.85326665510302,0.9597525647891465,0.7703508579212687
MM_R12,0,157,0.8009826395016544,0.16666666666666666,0.9850602684247592,0.9755764222222995,0.7316464603443941,0.5816149041056633,0.9684758619071667,0.9669702424296389,0.9802323582191622,0.6349471454387126,0.976371847173219,0.7024939435979595
MM_R12,0,158,0.8003267828028111,0.4166666666666667,0.9825126800466076,0.9759069866993847,0.6771850521365801,0.5232427939772606,0.9672683340837652,0.9616771177820599,0.967868446622805,0.6994009048718474,0.963656517767137,0.7417155782813611
MM_R12,0,159,0.778474132600363,0.08333333333333333,0.9826236593018692,0.9714607588216371,0.6571003920336564,0.5796803074578444,0.9697100295920406,0.9594802365703883,0.977634621243323,0.672779511741322,0.9616495768229166,0.6958909575705943
MM_R12,0,160,0.8401289388412819,0.75,0.9847448789341087,0.9742022002054975,0.7273995020488897,0.5707467993100485,0.9668821427027782,0.9555641208590497,0.9650290573957147,0.7134216984976893,0.9498051469044019,0.763822928071022
MM_R12,0,161,0.7987923131359995,0.20833333333333334,0.9881857638616122,0.9795837329104057,0.7009469817578792,0.5637807423869768,0.9730807265524146,0.9570282454169025,0.966547163623956,0.8010363974001097,0.9550453103998655,0.7274547245191492
MM_R12,0,162,0.8117183110506703,0.08333333333333333,0.9860685640416097,0.9762027463102653,0.7840166568756105,0.6422947073976198,0.9669487477485433,0.9633062332006107,0.9805397449802328,0.6115669297135394,0.9696986700898856,0.6870838021454604
MM_R12,0,163,0.7973596615000849,0.0,0.989705026071853,0.981941906377381,0.7374937959512075,0.6032921771208445,0.9695891194533498,0.9653824445487272,0.980982342554677,0.6465727390478486,0.9718792002688171,0.7254280616407809
MM_R12,0,164,0.7861820803327502,0.125,0.9808706640592267,0.9638833063100677,0.7199804344276588,0.5772968406478564,0.9649755210039285,0.9600500677591383,0.972990745177833,0.6372403648236523,0.9625916839927755,0.7011721976425337
MM_R12,0,165,0.7694301679412731,0.0,0.9892050703965852,0.9813281087314382,0.5967517643670242,0.5601891353726387,0.9742564232012305,0.9655358693455476,0.9813986840026994,0.7023666388476673,0.9679043677545364,0.78606934003208
MM_R12,0,166,0.7887554107126445,0.0,0.9852965899396914,0.9774486433446796,0.7161911750336487,0.5896350517868996,0.9714589829859981,0.9684002288001392,0.9859653465770265,0.637167289853096,0.9785362981980846,0.7155343689348387
MM_R12,0,167,0.8051032091987496,0.9583333333333334,0.9618270814275971,0.940490932558097,0.6209563663601875,0.5908892999092737,0.9300947348358312,0.9312771632286089,0.9233543359504273,0.5256600370225699,0.9080774450814854,0.6454643723757371
MM_R12,0,168,0.8121988896571206,0.3333333333333333,0.9875376219780261,0.978511868660746,0.7541040500998498,0.5428216258684794,0.9577197122373402,0.9685127154626136,0.9811328992007239,0.5128712860624427,0.9815575384324596,0.662287162049957
MM_R12,0,169,0.8076991171624108,0.0,0.9863684101897823,0.9786300823968999,0.7691981008648873,0.6353323037425677,0.9761810192868164,0.9772883274293136,0.9937860684529428,0.6492143979539042,0.990699686029906,0.7952556908130646
MM_R12,0,170,0.7926961599216035,1.0,0.9393195683991262,0.915775687242645,0.6970966492096583,0.5341272167861462,0.9421014362183996,0.9378974804974588,0.9385242621184036,0.5670830048620701,0.919406029485887,0.6788630200468976
MM_R12,0,171,0.7869882292468273,1.0,0.9435055070411132,0.9127554856094661,0.63341113169988,0.5312140385309855,0.9424375049642114,0.9548023577531003,0.900830745817192,0.836772426314976,0.9471675093455981,0.7780012449492579
MM_R12,0,172,0.855965614288211,0.625,0.98104328796081,0.9687836502891741,0.7763640688856442,0.6833344325423241,0.9799705822403509,0.9672856368119059,0.9734363698510714,0.862146908822267,0.967142084593414,0.854051733146543
MM_R12,0,173,0.8193037086229377,0.3333333333333333,0.9874723069165566,0.9774926852556615,0.7319267697632313,0.6091427480181059,0.9747231803645594,0.9575059984425187,0.9701461893736676,0.7981441571660663,0.9543945968792004,0.75623833226121
MM_R12,0,174,0.846964503644714,0.75,0.9824854527865501,0.9730453107092115,0.6664358768860499,0.6678782602151235,0.9771387814020813,0.9608239126588046,0.9795287937246343,0.7607788948909097,0.9637398668514785,0.7099457541885583
MM_R12,0,175,0.8459189749316955,0.875,0.9711745166358403,0.9581905745992474,0.7645479656259218,0.5745270450909933,0.9774637645931806,0.9641007899736262,0.9698952445259659,0.8461634471364643,0.964274416687668,0.7961044168990591
MM_R12,0,176,0.8196381438634741,0.16666666666666666,0.9882427610574887,0.9795200860188679,0.7303742336233455,0.6828695684671402,0.9744784813583168,0.9615731365929712,0.9698295075326197,0.7965481838454371,0.9580376737861224,0.8237028180257134
MM_R12,0,177,0.8187779316492237,0.0,0.9885405001397297,0.9814148019341862,0.7606780447562537,0.7125735009709994,0.9787790492485509,0.966421130259952,0.9855595098467923,0.7352583589761154,0.9711316836777554,0.7674711631691974
MM_R12,0,178,0.8346988753236485,0.4166666666666667,0.9861042662995724,0.9770818761750762,0.7287363798419634,0.6617791255315145,0.9790766997451014,0.9646386103455932,0.9759269663162771,0.8216342362372772,0.9648486721900201,0.8060962732719339
MM_R12,0,179,0.793726340471342,0.0,0.9862876290790754,0.9779780236724157,0.7791818285981814,0.5453359484672546,0.9815363934168886,0.9661763361010159,0.9848535814753143,0.7884195103593494,0.9731737362441196,0.7302299828633018
MM_R12,0,180,0.7925647795147549,0.375,0.9761918807201181,0.9664031432345023,0.717216995805502,0.4924699626863003,0.9752810092513978,0.960981259311974,0.9748721308605646,0.7676665361808694,0.963023195984543,0.7262942363386569
MM_R12,0,181,0.824087646517458,0.2916666666666667,0.9846196005111446,0.9731920513452268,0.68109277009964,0.7237337579329809,0.9794282084152482,0.9604961217860754,0.9772741989663212,0.8170763202335524,0.9582572034610215,0.7818078891090725
MM_R12,0,182,0.8299681521873901,0.20833333333333334,0.9879824690910687,0.979686844426822,0.7063068906466166,0.7421364014347395,0.9797154287119044,0.9655770103316872,0.9750629193199578,0.8402909208898959,0.9662784043178764,0.8189895373323689
MM_R12,0,183,0.7968158725137939,0.16666666666666666,0.9790453359634675,0.9667744837555231,0.6575765158732733,0.6827847411235174,0.9716056143294436,0.9570218840897787,0.9684968472168011,0.7605272265880004,0.9518124159946236,0.7744052928426991
MM_R12,0,184,0.8618459691256052,1.0,0.9764887115954154,0.9644664523648281,0.6608274081349372,0.7131589328249296,0.959005972576039,0.9586153726636429,0.9693707331053671,0.5863418462483779,0.9536326418640794,0.7905404204907625
MM_R12,0,185,0.7968609461185577,0.20833333333333334,0.9857718023674481,0.9745594908598981,0.6552663503587246,0.6123337894678116,0.97906118781065,0.9565879065141248,0.9803285953658882,0.7850509681131529,0.9499465778309811,0.7866791311813437
MM_R12,0,186,0.8056415046267564,0.2916666666666667,0.9929350483558735,0.9876904546045789,0.6789049472908179,0.552006491770347,0.9693483379129316,0.959154836493891,0.969694958458985,0.7150468223768732,0.9526180144279234,0.8329389432202214
MM_R12,0,187,0.7986344265129818,0.08333333333333333,0.9897278282597836,0.9827448847636678,0.680684427668651,0.6303516800204912,0.9709194181732728,0.9598929836177316,0.9787041965511539,0.6810499922088955,0.9553140619749664,0.8070716151724691
MM_R12,0,188,0.8506113244004541,0.6666666666666666,0.9886260426813621,0.9803984649041119,0.7169878245393435,0.6619214688738188,0.9653319997832575,0.956173581195276,0.9579085329126927,0.7419803706200226,0.9466254121513776,0.8333087796750276
MM_R12,0,189,0.8171337025350712,0.125,0.9879269316745573,0.9789421198414822,0.7386104826132455,0.6752551272511482,0.9731038653390107,0.9676179351412705,0.9819041851867913,0.687230117942976,0.9721830634660619,0.7849400905163392
MM_R12,0,190,0.8198891703329674,0.3333333333333333,0.9921951454844091,0.9874153635860269,0.7014843352138996,0.5863662560780843,0.9765193897998774,0.9663320992973116,0.9762902679222245,0.7764488931583322,0.965889879452285,0.8467786130697831
MM_R12,0,191,0.8055648411883817,0.4166666666666667,0.9867457921781604,0.9775205600495432,0.657139981140693,0.5699299698074659,0.9655623873170697,0.9546825913691418,0.963468153430249,0.7062731411146081,0.946465605048723,0.7834297230710154
MM_R12,0,192,0.8517698893698114,0.7916666666666666,0.9778509415991512,0.9606468460139106,0.6861610601345699,0.7231768543521563,0.9685017064350099,0.9570124121452316,0.9645212653183167,0.7395729882561642,0.950733143796203,0.7872946495595186
MM_R12,0,193,0.8163506857863173,0.5,0.9881224139178241,0.9811834184562459,0.6273011512060961,0.5873748833934466,0.9742427189644385,0.9665466437901875,0.9742918896178404,0.7553915679454803,0.9668155793220765,0.8401537848555524
MM_R12,0,194,0.869828809763844,1.0,0.9888952248706863,0.9798341028441012,0.6774418832858404,0.6466217512885729,0.9675601994186849,0.9643575550061035,0.9650117620345084,0.7218472348607105,0.9642311014154906,0.8073438885419265
MM_R12,0,195,0.8362118033609724,0.625,0.9877402394302925,0.977651920700385,0.6936232987542947,0.6207913160324097,0.9644539033829025,0.9585422707756259,0.9683111328431355,0.6615878142740416,0.9548533449890794,0.7744025743525961
MM_R12,0,196,0.80667259823697,0.20833333333333334,0.9828077566990263,0.9666887510835735,0.7000235441327094,0.6860813697179159,0.9613130712717787,0.954711026753588,0.9694983471705708,0.6103752320227416,0.9480354555191531,0.7644208255021469
MM_R12,0,197,0.8021728986182981,0.25,0.9826312783187306,0.9690149798112757,0.6734791613618533,0.6466448977589607,0.9676379424244357,0.956794888218938,0.9762777007956019,0.6517498713472615,0.9512184717321909,0.7768500479667083
MM_R12,0,198,0.82149833661798,0.20833333333333334,0.9919454080868532,0.9868185619513193,0.6939316341777643,0.6727318267027537,0.9795608331533451,0.9612003599674575,0.976377935619444,0.8252174996811411,0.9568829280073925,0.830802066170651
MM_R12,0,199,0.8034569924988624,0.20833333333333334,0.9865298935722718,0.9760962770655265,0.6645344182352225,0.6427751556038857,0.97027971796989,0.9615386175116614,0.9771131992099747,0.6826974375416404,0.9605030346942204,0.7802225040352863
MM_S3_L20_29,0,0,0.8205901227491055,0.7916666666666666,0.9775634026970387,0.9626428743593053,0.5702715246876081,0.633956623574098,0.9676650652826618,0.9562909812012678,0.9581598322237692,0.7801141998042231,0.947802471858199,0.8158304406249005
MM_S3_L20_29,0,1,0.8107820388533828,0.125,0.983328073274174,0.9706300221237482,0.7643793280919393,0.6346442823608717,0.9827278575161037,0.9679749786963597,0.9777166333089594,0.8806909543016682,0.9640936082409274,0.901959434799526
MM_S3_L20_29,0,2,0.8328419342786975,0.5833333333333334,0.9907187188681266,0.9850051930527282,0.6378870730102063,0.6592218453685442,0.9652684943535667,0.9476323026744634,0.9469088505032243,0.8321532749611399,0.928990517893145,0.8401054830654807
MM_S3_L20_29,0,3,0.7923398343473065,0.0,0.9887156899477799,0.9802386481777515,0.7253711192806561,0.5762631446123123,0.9839049371673984,0.9637166176094536,0.9853892742546014,0.8229792092157446,0.960282192435316,0.8513255430304486
MM_S3_L20_29,0,4,0.8537545643242345,1.0,0.9704921305097597,0.9510913992239759,0.7630850842595102,0.6093758667508761,0.9670900516333844,0.9557462263931614,0.9473455170149444,0.8659091241981672,0.9463097356980846,0.8250598648320073
MM_S3_L20_29,0,5,0.8266455506626612,0.5,0.9915233280929225,0.9858780757469289,0.6269744329154491,0.6232484156886736,0.9774051340437038,0.9690092685292419,0.969828456520073,0.8457172875818999,0.967970981392809,0.8813259990318961
MM_S3_L20_29,0,6,0.8330127922096717,0.8333333333333334,0.9830003045995598,0.9654126532716688,0.6760125252604484,0.5560073355833689,0.9665983768109809,0.9616439468974908,0.9655259977425298,0.7063749315945999,0.9585669732862904,0.8139055837755618
MM_S3_L20_29,0,7,0.8319152150010967,0.5833333333333334,0.9808149944049913,0.9682920800315009,0.76713646342357,0.5921290169159571,0.961156792170723,0.959223688199474,0.9649142253222646,0.6410364981578744,0.9540641538558469,0.8050766328106755
MM_S3_L20_29,0,8,0.8166387877135171,0.5416666666666666,0.988988799062887,0.9805777128225838,0.663503401229779,0.5862603026131789,0.9498943141171438,0.9467039910715204,0.9428330251686675,0.6371956888748251,0.9336501911122311,0.7428928594226423
MM_S3_L20_29,0,9,0.8029788340735341,0.0,0.9893521289473469,0.9830943772605821,0.7091847530504068,0.6476902216672897,0.9888456695987697,0.9624161890583841,0.986063553921638,0.944517635780832,0.952720724126344,0.9055521591849949
MM_S3_L20_29,0,10,0.8109813221083425,0.20833333333333334,0.9871102392731784,0.9755858348865134,0.7227822722494602,0.618319034576416,0.9813595890696879,0.9626650932388289,0.9770865991951959,0.8519554799017699,0.9551473638062836,0.883746017580447
MM_S3_L20_29,0,11,0.8402957432899789,0.75,0.9869730376154497,0.9784572882200377,0.6909530498584111,0.5940868357817332,0.9612552737612079,0.956789097944836,0.9435445579389731,0.7950561707434447,0.95196040984123,0.766597515862921
MM_S3_L20_29,0,12,0.8209585142855336,1.0,0.9792024138130815,0.9657728077539431,0.6049987354874611,0.5100891167918841,0.9559869085029128,0.9466757473377152,0.9428561423975294,0.7157539608685867,0.9326500021001344,0.7572939616182576
MM_S3_L20_29,0,13,0.8245374311743929,0.875,0.9656915649825487,0.9398521417106679,0.7107361170152823,0.6257968917489052,0.944790290940007,0.9420266164763591,0.9311794236062033,0.6479993883682333,0.9257513887138776,0.716123974841574
MM_S3_L20_29,0,14,0.8031963138676027,1.0,0.9486109627891919,0.9162036944058984,0.7016709379355112,0.5423762736221155,0.9532040248373553,0.9448356181494247,0.9326195061126704,0.7512327808400859,0.9212954941616264,0.8631358639053677
MM_S3_L20_29,0,15,0.8241144604857042,1.0,0.9296809696531153,0.9138028239892199,0.7598115183909734,0.6494415973623594,0.9800087363512472,0.9527995833554038,0.9726950591930779,0.8725487421388212,0.9386143838205646,0.8495862160039984
MM_S3_L20_29,0,16,0.8278327666336746,0.75,0.9878015690209635,0.9765982403864268,0.6355992865314086,0.6206627860665321,0.9321033392105195,0.945035780545207,0.9189550477650857,0.5650435718505279,0.9323444981728831,0.7059731140084888
MM_S3_L20_29,0,17,0.8422150368716435,0.9166666666666666,0.9850297640804081,0.9749375398642096,0.7015617176393668,0.5616352731982867,0.9386660034504505,0.952065381428484,0.9203160084303349,0.6377705413362255,0.9413212601856519,0.7825418607048367
MM_S3_L20_29,0,18,0.7842728390318039,0.0,0.9931431967982469,0.9904020708857798,0.6704391094545524,0.5512628940244516,0.9755027574896987,0.9598263254119427,0.9614803939256618,0.9151541461115298,0.9478398805023521,0.9013461807499761
MM_S3_L20_29,0,19,0.7623080984624526,0.08333333333333333,0.9905689384151172,0.985420595878869,0.6254992264012496,0.45921752601861954,0.962914353598992,0.9521170065940415,0.9554987978390468,0.7232342472542888,0.9391581217447916,0.823103956554247
MM_S3_L20_29,0,20,0.7952750243295829,0.041666666666666664,0.9899053465301199,0.9810488995383767,0.7260797755420209,0.5888366624712944,0.9767476761351369,0.9541745848872712,0.969446690332505,0.8368212438148,0.9505218177713374,0.7081755587588185
MM_S3_L20_29,0,21,0.7799104155478932,0.125,0.9901771259396298,0.98477601013542,0.6207593601445357,0.5190414277215799,0.9801158835856162,0.9679457396184005,0.9794223421924216,0.8115424967330435,0.9645917338709676,0.8964771135993626
MM_S3_L20_29,0,22,0.7536160799959055,0.375,0.9753950754304199,0.9635573341955546,0.5243793725470702,0.4662974737584591,0.9611602681252477,0.9556585811616122,0.9612886744240919,0.6664962127156879,0.9460386871009744,0.8268131341623224
MM_S3_L20_29,0,23,0.8134702350350326,0.375,0.9884027199055888,0.9793795013349821,0.7384960141777993,0.5585783446828524,0.9574765356795405,0.9554104511476808,0.9566553502233438,0.6472804604665093,0.9458775674143145,0.8206769318684287
MM_S3_L20_29,0,24,0.8234038872930879,0.9166666666666666,0.9778062800717168,0.9648964261697008,0.642908429801464,0.5426205682257811,0.9452012368862949,0.9517762738563942,0.9142533256321824,0.7712240717981172,0.9394347488239246,0.7993278309054996
MM_S3_L20_29,0,25,0.49332920294724286,1.0,0.7602774591488721,0.6932221836513944,0.3401647913455963,0.33118023350834846,0.8150025921851474,0.921226541506463,0.7048849402075654,0.4655198269402203,0.890166251890121,0.6082408758609191
MM_S3_L20_29,0,26,0.8204617089891371,1.0,0.9831179167077636,0.9659104776538275,0.6455752031008403,0.4626735175649325,0.9587717465029927,0.9367389076783406,0.9500345640204927,0.7052095396363217,0.9180740848664314,0.6611491985943007
MM_S3_L20_29,0,27,0.7941334730207894,0.125,0.9904977764895874,0.9813732578863505,0.7187580398718515,0.5462045830984911,0.9781236163540933,0.9514777140936337,0.9685346836684853,0.8802193882672683,0.9349056777133736,0.8601262491682301
MM_S3_L20_29,0,28,0.7925090594641647,0.2916666666666667,0.9743905281766003,0.9632827564781786,0.7700298180182775,0.5020372892419497,0.9713717097886098,0.9595782522703532,0.9648365053919054,0.7859467695588651,0.9574073053175404,0.7678348020367001
MM_S3_L20_29,0,29,0.7813019190964015,1.0,0.9533156414733436,0.9320191140268363,0.6095752485593159,0.4644945226609707,0.9209321527217803,0.9497529882553514,0.9189672692007916,0.45350601167782495,0.9418042910996304,0.7054157995659373
MM_S3_L20_29,0,30,0.8508423887944048,1.0,0.971214054815228,0.9492266203063765,0.7101566121975581,0.6679630304376284,0.9521063714378766,0.9524343582221975,0.9366952622289298,0.7052711241919062,0.9407716156334005,0.7989778518676758
MM_S3_L20_29,0,31,0.8028736395526892,0.16666666666666666,0.9839556328615254,0.9750914985837501,0.7469619931777318,0.5951847061514854,0.9713059705378821,0.9560323644065232,0.9655831188604397,0.7788924393446549,0.9475990213373656,0.806932191485944
MM_S3_L20_29,0,32,0.76793134798187,0.25,0.9923405329245747,0.9874546943147197,0.4409592111657063,0.5685380573074023,0.9667441954069895,0.9612647590814744,0.9478114364288186,0.8524773639181386,0.9565252488659274,0.8367810301158739
MM_S3_L20_29,0,33,0.7876185886805914,0.0,0.9920195295133797,0.9868818275289598,0.6401559925576051,0.5900865867733955,0.9821740245413048,0.9736688879997978,0.9864889114534341,0.7855684718360072,0.974436770203293,0.91593151377595
MM_S3_L20_29,0,34,0.8045448612434968,1.0,0.9582873523109016,0.9357699830547657,0.6693270494043827,0.5138106594483057,0.9498211695753703,0.9357225375264492,0.930686808201254,0.714765165163123,0.9078090216523856,0.7911821072516234
MM_S3_L20_29,0,35,0.8111547321323265,0.25,0.9832980014937479,0.9732290032642338,0.7369253630936146,0.6169596190253893,0.9723885168997312,0.960784263132405,0.9646883252006705,0.8053768950959911,0.9567264023647514,0.8178888352020927
MM_S3_L20_29,0,36,0.8087674909161277,1.0,0.9626319018927015,0.938595721924227,0.6619332946340243,0.49739496409893036,0.9556541252792146,0.9518941796616464,0.9500015734504629,0.6695958000162373,0.939954860236055,0.7945206709530043
MM_S3_L20_29,0,37,0.7875975249833841,0.041666666666666664,0.9930231546582012,0.9894061011816162,0.6283116330703099,0.620309775074323,0.9670432931219368,0.9501255906020042,0.9521641526170956,0.8195125408794569,0.9343514391171034,0.8354963569537454
MM_S3_L20_29,0,38,0.8054063654152996,0.9583333333333334,0.9746680581995827,0.956694931921616,0.6136257975796858,0.4758705807228883,0.9517997358031499,0.9395002756840766,0.9195410441006384,0.8369296452273494,0.91502199890793,0.796973345072373
MM_S3_L20_29,0,39,0.8150148414298409,0.5,0.9904930196593416,0.9811597714237138,0.7233870648344358,0.5002886640528837,0.9670154883293861,0.9537805274358749,0.9637635565733397,0.7228425430214923,0.9390757570984544,0.864147301601327
MM_S3_L20_29,0,40,0.770478658728541,0.20833333333333334,0.9895237412448878,0.9824268192637201,0.6418898169199626,0.4402882121503353,0.9692392667104519,0.9501976451121931,0.9621098294293368,0.7731380022090414,0.933054934265793,0.8531810550586038
MM_S3_L20_29,0,41,0.8310956149983019,0.7916666666666666,0.9798629236880679,0.9640261423354056,0.6748464785019556,0.5881150811910629,0.9683971131055858,0.9541307256605182,0.970945904892619,0.6952136605978012,0.943188739079301,0.8230457474356112
MM_S3_L20_29,0,42,0.7799618740636558,0.0,0.9923332519576711,0.9859537470574473,0.6126182736704747,0.5741522908210754,0.9851264794302285,0.9675191822211598,0.9806417571280592,0.9167732168798861,0.9620502430905576,0.9170233114905979
MM_S3_L20_29,0,43,0.814747924561746,0.08333333333333333,0.9913121755702371,0.9850488208867366,0.7172483756641547,0.6607819323738416,0.9856665857137014,0.9664072153322878,0.9838547991408455,0.8756247473799664,0.9601696383568549,0.9127204534800156
MM_S3_L20_29,0,44,0.8315953737659985,0.7916666666666666,0.9886735840616593,0.977986001461939,0.69792046358188,0.4958728452523549,0.9703007516711891,0.9558320242074796,0.9680103839084667,0.7405368089675903,0.9451881326654905,0.8427978883618894
MM_S3_L20_29,0,45,0.7758030606056541,0.0,0.9916939924685598,0.987624251452926,0.6518894947320223,0.5329713995258013,0.9694315334386703,0.9608331676185812,0.9572990948073966,0.8169456655564515,0.9516919864121304,0.8800162789614304
MM_S3_L20_29,0,46,0.7885296673531665,0.041666666666666664,0.9906747970500076,0.9835434206170973,0.7232708485424518,0.5416369177401066,0.966204035131419,0.9609274916234313,0.9630783546355463,0.7170470441165178,0.9510104271673386,0.8926349437755087
MM_S3_L20_29,0,47,0.7778401363792657,0.0,0.9930163124106777,0.9895495185859843,0.6931856291492781,0.4728195369243622,0.9790056596011624,0.969069890411026,0.9721439660636969,0.8547165769597759,0.9651180800571236,0.9174441539722941
MM_S3_L20_29,0,48,0.7904324188196146,0.2916666666666667,0.992923260022863,0.9863860057654724,0.5930759918193023,0.5405584312975407,0.9742577056268766,0.9563686663522456,0.9635746547131129,0.8453543795191724,0.9430220409106184,0.8769778933214105
MM_S3_L20_29,0,49,0.8194151916682315,0.9166666666666666,0.9765148661787691,0.9598786947773951,0.6857134100794792,0.5002161376178265,0.9459669131335432,0.9449393933995253,0.9218238139905597,0.7218558568021526,0.9325381043136761,0.6967398524284363
MM_S3_L20_29,0,50,0.8572834884922064,0.75,0.9576017617021657,0.9505441989774018,0.7553558887541293,0.7918455426891645,0.9725460512218267,0.9649805913578401,0.9697590044108771,0.7650553467481033,0.9616384198588709,0.862646749486094
MM_S3_L20_29,0,51,0.7936121880674248,0.041666666666666664,0.9916862348766742,0.9859904184840085,0.690028148839871,0.5990686416625977,0.9623670980240805,0.9633427740196021,0.9644333192257469,0.659122650390086,0.9626773300991264,0.7974749518477399
MM_S3_L20_29,0,52,0.8178085502417971,0.16666666666666666,0.9787612605186453,0.9696383411588233,0.7452456251780193,0.728576734662056,0.9719115131280965,0.9539807512344843,0.963698107268541,0.8057081867819247,0.9480928810693884,0.7450648500867512
MM_S3_L20_29,0,53,0.840040244854148,1.0,0.9822442924019753,0.9674509646066652,0.6646349566678206,0.5437658155957857,0.9657368038815468,0.9498783704184245,0.9646862714441232,0.7000130097503248,0.93634033203125,0.7885240867086079
MM_S3_L20_29,0,54,0.8034649961395051,0.125,0.9817258189082926,0.967953717202143,0.7419405961036682,0.6381198565165201,0.9742275805734318,0.963598908281129,0.9735391210083679,0.7620030797046163,0.96214113953293,0.8227521530959917
MM_S3_L20_29,0,55,0.8121827948837356,0.8333333333333334,0.9812458574787198,0.966740784769744,0.7413676099975904,0.4240769458313783,0.925315959200223,0.9483270442410096,0.9096496320700133,0.5469616875052452,0.936261248844926,0.75341938500819
MM_S3_L20_29,0,56,0.8307025510527729,0.8333333333333334,0.9696280042803416,0.9544675136703292,0.6869976348678271,0.6481670513749123,0.9473986993961941,0.9466713254036551,0.9393657936203864,0.6236767859562583,0.9361073483702956,0.6937365596709044
MM_S3_L20_29,0,57,0.8362485897349665,1.0,0.9793113021866214,0.9643845338447422,0.610809995085001,0.6036968206365904,0.9577801872963931,0.9475897433700986,0.9376290023166646,0.7861404302327529,0.9297544417842741,0.8294967309288357
MM_S3_L20_29,0,58,0.847198254151357,0.4166666666666667,0.9921914542207255,0.9866729634454826,0.7406279094517231,0.6819117590785027,0.9779337717063906,0.9674487770472068,0.9696647733530049,0.8586612978707189,0.9669343681745631,0.8592855878498243
MM_S3_L20_29,0,59,0.791071875765289,0.041666666666666664,0.9906934961315738,0.984158075479121,0.6342753441631794,0.6063389529784521,0.9899879090922145,0.969227559827552,0.9871628540818409,0.9585394535375678,0.9640338856686826,0.9322366597859756
MM_S3_L20_29,0,60,0.852925004133476,0.9583333333333334,0.9905435413073409,0.9839282600318683,0.7187140966951847,0.5067296860118707,0.9783383725249163,0.9497763775522426,0.9731932769539536,0.8305473832980447,0.9335753738239246,0.8364505677119546
MM_S3_L20_29,0,61,0.8171968800382494,0.5833333333333334,0.988769865935824,0.9800894191062528,0.7566869754095872,0.4543801123897235,0.9624245529650185,0.9532643175542437,0.9551461349011108,0.7193232560935228,0.9380414409022176,0.8641648098178532
MM_S3_L20_29,0,62,0.836774399990375,1.0,0.9807656545589137,0.9639564373134788,0.6407984480758508,0.545527957379818,0.9740879945490141,0.9539877688637746,0.9599990388478643,0.8884732023529385,0.9404835034442205,0.8546676972638005
MM_S3_L20_29,0,63,0.7796827870103945,0.041666666666666664,0.9921226085829558,0.9858059296031403,0.6383005360762278,0.545729917784532,0.9823495842251445,0.956047676138713,0.9773443111729238,0.8731886368730793,0.942026117796539,0.8817138477512028
MM_S3_L20_29,0,64,0.781211628055626,0.08333333333333333,0.992847018573945,0.987296351965736,0.6464523868262768,0.5164780455331007,0.9752640651838554,0.9649076715837644,0.9663389399247144,0.8383811621562295,0.9600652879284274,0.877384866061418
MM_S3_L20_29,0,65,0.8366504181328025,0.5833333333333334,0.9886425396374942,0.9800332221719953,0.7255987483263017,0.5896784216165543,0.9770278630820011,0.9574903164761944,0.9662945004560614,0.8810845198838607,0.943077169438844,0.9026224418826725
MM_S3_L20_29,0,66,0.7964857081441266,0.0,0.9918938372292545,0.9854420454283946,0.714529692083597,0.6075192019343376,0.9705012880984669,0.9617174615433969,0.9769253273324301,0.6860336641902509,0.9586513068086356,0.8159660295299862
MM_S3_L20_29,0,67,0.6095351042870912,1.0,0.8320066876792266,0.7808081552094103,0.4121760222129523,0.4235738553106785,0.8797563312830433,0.9454127548441317,0.7976660349466388,0.6731634998451108,0.9310890115717406,0.7424755729734898
MM_S3_L20_29,0,68,0.7678785411168378,0.08333333333333333,0.9904506923223128,0.9814459872791191,0.6031458614269892,0.5395457359651724,0.9533056238144727,0.9525709297739198,0.9448485231848173,0.67263697606066,0.945538592594926,0.739843452754228
MM_S3_L20_29,0,69,0.8023131001239255,0.625,0.9579483655784622,0.9299093925874997,0.7250558239718279,0.6187359044949213,0.9610351362584537,0.9476698259790927,0.946804381626588,0.7645634866279104,0.935958041939684,0.7348216836867125
MM_S3_L20_29,0,70,0.763174618393871,0.20833333333333334,0.9797371286523943,0.9649499655549043,0.6932814804712931,0.4701247612635295,0.9318594051574739,0.9470922071509355,0.9296492804042114,0.5110204883891604,0.940156013734879,0.6374315703692643
MM_S3_L20_29,0,71,0.7576583408208395,0.08333333333333333,0.9738105006590793,0.9604491453544766,0.6541298970580102,0.49591804419954616,0.978377145380799,0.9603794534995584,0.9729073034018598,0.8345825814682505,0.9557291666666666,0.8222589596458103
MM_S3_L20_29,0,72,0.8294593240425852,0.9583333333333334,0.9798292288813153,0.9672470551690244,0.6979269894460837,0.46547669917345047,0.9679410209301357,0.9523211767729186,0.9542411333851275,0.8174965925838636,0.9402613486013105,0.8050267463145049
MM_S3_L20_29,0,73,0.8431113519922294,0.9583333333333334,0.9883267436504072,0.9812106160166997,0.580840383519729,0.5715909153223038,0.9774533183172927,0.9683838154207408,0.9754184436814118,0.7998815593512162,0.9666324738533266,0.8828932461531266
MM_S3_L20_29,0,74,0.8554975868974821,0.5833333333333334,0.9863054504218368,0.9782584699150784,0.7571700217326484,0.7107498223582903,0.9658051749435966,0.9543984761994371,0.9610608354290967,0.7246108074551043,0.95001220703125,0.7237978460996047
MM_S3_L20_29,0,75,0.8627757388662088,0.9583333333333334,0.9794400747895979,0.9666975230952494,0.7066614318390686,0.651348332564036,0.9808131846814948,0.9594785129129049,0.9738873066681046,0.8806906161100968,0.9505346154653899,0.8635667134886202
MM_S3_L20_29,0,76,0.7910933106639463,0.0,0.9882392194795623,0.981052935863632,0.7556582422057788,0.5274339740475019,0.9816404549512985,0.9729698813000991,0.9879483486856184,0.7650514180245607,0.9746270948840726,0.8965861888035483
MM_S3_L20_29,0,77,0.8170136599887063,0.125,0.9877224768780376,0.9776150306065877,0.7223143365979195,0.7225055247545242,0.9677271779288165,0.9519943599233421,0.976553036681106,0.6512016505002975,0.9441971317414315,0.7435551953056584
MM_S3_L20_29,0,78,0.8444953074548811,1.0,0.9802194738887957,0.9659690786031336,0.5805304544170697,0.6498657936851183,0.9695594975212581,0.9597956123522821,0.9648231136141926,0.7564423745093138,0.9559004588793684,0.7921072270559228
MM_S3_L20_29,0,79,0.7885803010925044,0.08333333333333333,0.9913423860347944,0.9825635589805303,0.6368433403472106,0.6035673767328262,0.9721689414340448,0.9589775709527345,0.9673084616260503,0.7788976612298385,0.953272665700605,0.8126421428245046
MM_S3_L20_29,0,80,0.8103678410914561,0.125,0.9901546954157153,0.9842928723572126,0.7420552791158359,0.6041241238514582,0.9742037174095088,0.9678714793766151,0.9610412193322054,0.8734126570432083,0.9659446798345095,0.8779494166374207
MM_S3_L20_29,0,81,0.8019856365131167,0.5,0.9669076992596288,0.9508419007257697,0.7171635976930459,0.6033977667490641,0.9453827130574645,0.9585491967253074,0.9594403055686783,0.49145911439605383,0.9622215353032595,0.6525668864664824
MM_S3_L20_29,0,82,0.7623261762657403,0.041666666666666664,0.9893344481799056,0.9832372887851366,0.5032618548969428,0.6251135344306628,0.9460620608884561,0.9574008512907001,0.930827728963347,0.669479805490245,0.9588623046875,0.6706678018621777
MM_S3_L20_29,0,83,0.7790350425869731,0.0,0.9920423835998889,0.9866752651002674,0.6448039995878935,0.5497390280167261,0.9806456971207534,0.9605053860807274,0.974615635730887,0.8640972401784814,0.9503547914566534,0.8910432133985602
MM_S3_L20_29,0,84,0.8396241250279328,0.5833333333333334,0.9758656246417652,0.966727471273709,0.7320514998336632,0.666894202431043,0.9776761142111234,0.9682919888635322,0.9780475115503675,0.7811785340309143,0.964932349420363,0.8994472933852155
MM_S3_L20_29,0,85,0.8691349989609493,0.9166666666666666,0.9799318172147332,0.9668667299295562,0.7220985243221124,0.7202949325243632,0.9618003185901468,0.957935022548055,0.9433971832516374,0.8064267091129137,0.9510895103536626,0.8158647573512533
MM_S3_L20_29,0,86,0.8544690479699486,1.0,0.9762827642510515,0.9628517993135389,0.7355145261188348,0.5859745591878891,0.9726053468041268,0.9539490922507238,0.9688869606182781,0.7727459772773411,0.9436041719170026,0.8030697897724484
MM_S3_L20_29,0,87,0.7658019795746516,0.0,0.9914288808262427,0.9850201180557799,0.6664255538582802,0.4587458297610283,0.9783177149972784,0.9550795610839554,0.969732557213114,0.8666881271030592,0.9412467710433469,0.8680899363497029
MM_S3_L20_29,0,88,0.7869348157072747,0.08333333333333333,0.991500673826852,0.98431433622354,0.7077825905382632,0.5153269643584887,0.979016468179673,0.9540440521816178,0.9686621332200623,0.9122516175974971,0.9371163973244286,0.8937082018541254
MM_S3_L20_29,0,89,0.8238308828846361,0.9166666666666666,0.9601422482944387,0.9350420574736752,0.7507729116082192,0.5430040806531906,0.9728687433318012,0.954179707566979,0.9733634718082925,0.7386081575051598,0.9446867255754369,0.7918015796205272
MM_S3_L20_29,0,90,0.799596585284764,0.6666666666666666,0.9843144437327028,0.9721910326309454,0.5307008125384649,0.5553019742170969,0.9622797347503121,0.957515479771764,0.9417801711668249,0.8254638728888138,0.9502809586063509,0.8148612885371499
MM_S3_L20_29,0,91,0.7849765791821169,0.20833333333333334,0.9867321970144971,0.9759970004262488,0.6439136960109075,0.5353794830540816,0.9809014332649145,0.9578660490440888,0.9737233799952333,0.8867409773494886,0.9497874270203294,0.8360485486362291
MM_S3_L20_29,0,92,0.8505797762115718,1.0,0.9844139604849241,0.971262430677227,0.7026854068537552,0.5599085142215093,0.9575551762736433,0.9544360132641844,0.9405526802023892,0.7591305718473766,0.9479977187289986,0.759463342635528
MM_S3_L20_29,0,93,0.78197615284874,0.7083333333333334,0.9860364965753484,0.9748807346509173,0.4081882232924303,0.5410253331065178,0.9590356371660326,0.9516513395608861,0.9500122505730838,0.7091710321281267,0.94340334656418,0.7456667099310004
MM_S3_L20_29,0,94,0.743253349208026,0.041666666666666664,0.97173652762721,0.9605310079319026,0.5374462446570397,0.5716928541660309,0.9647889119232119,0.9536729398344571,0.9591441760941218,0.7238845151403676,0.9432756977696571,0.7985226861808611
MM_S3_L20_29,0,95,0.7848058185373326,0.25,0.9802354602603818,0.9720717229095159,0.640672773172458,0.5569118161996206,0.9756091785370845,0.9570092932027278,0.9717046999002017,0.800115704536438,0.947581301453293,0.8422825504904208
MM_S3_L20_29,0,96,0.8269285501360669,0.9166666666666666,0.9800685744613312,0.9606140753802132,0.6208895476162434,0.5972938711444536,0.9611492187401477,0.9335857298751341,0.9450066004709531,0.7810765504837036,0.907490720031082,0.7413828515488169
MM_S3_L20_29,0,97,0.8005287431668703,0.4583333333333333,0.9812995415758895,0.9690884426528332,0.719036670923233,0.5649140079816183,0.9258580504852483,0.93805481932374,0.9010871122040415,0.5954048568787782,0.9185804141465054,0.7016283921573473
MM_S3_L20_29,0,98,0.7860804569406027,0.16666666666666666,0.982973757312717,0.9723413859707076,0.7068105346957841,0.5395791195333004,0.9630464907829358,0.961247800764677,0.9771043967095113,0.5889031938884569,0.9580737698462701,0.8059451735537985
MM_S3_L20_29,0,99,0.7902619173499913,0.3333333333333333,0.9702894635410848,0.9515959826949375,0.6808366459608077,0.6263081282377243,0.9560754710027215,0.9544036725144824,0.934265499794355,0.7857767531405324,0.9433790637600806,0.8295559857202612
MM_S3_L20_29,0,100,0.7946223869357183,0.6666666666666666,0.9917106899179574,0.984275547760764,0.39599515299002325,0.593330351014932,0.965124948789152,0.9597607751978897,0.9541395085473215,0.7708861976861954,0.953338623046875,0.8389767952587294
MM_S3_L20_29,0,101,0.7368683530972662,0.16666666666666666,0.9893862296868163,0.9826299557888429,0.4301036248604457,0.4731026565035184,0.9473629416095924,0.955281595473151,0.9425762460356758,0.6021797569549602,0.9526508290280579,0.7100302486316018
MM_S3_L20_29,0,102,0.7904017183487954,0.125,0.9876152124081173,0.9767720805663688,0.5462734552472829,0.7051040058334669,0.9781549660237597,0.9600390694337261,0.9691256296730811,0.8698986354081527,0.9542200232064854,0.8349847547386003
MM_S3_L20_29,0,103,0.812794146879583,0.0,0.9902169121829495,0.9844424340849609,0.7425302385290463,0.6706289773186048,0.9854829725658538,0.9659983686544612,0.9840322587518923,0.8670396441998689,0.9622950400075604,0.8768187437368475
MM_S3_L20_29,0,104,0.8440013412097981,0.7916666666666666,0.9825947953817611,0.9670713149254618,0.6989993022382258,0.624197838207086,0.9723419138859818,0.9551978031000529,0.9604244454493447,0.8391603179599928,0.9435851394489246,0.8472608250120411
MM_S3_L20_29,0,105,0.7838568962238787,0.08333333333333333,0.9887007175987753,0.9817812716259676,0.4792195008695126,0.697050467133522,0.9901051791674927,0.9764089051930102,0.9924149365434723,0.881692287714585,0.9820540233324931,0.8919531871443209
MM_S3_L20_29,0,106,0.810989918951094,0.5,0.9729859451411293,0.9544197966070737,0.7239809888601304,0.6103395149111748,0.9645518631654517,0.952503675265646,0.9740129908326493,0.6208702905670457,0.9446443947412634,0.7530442476272583
MM_S3_L20_29,0,107,0.8051258219958327,0.0,0.9873619139297531,0.9805444230441175,0.7830950484673181,0.60997906823953,0.9812757528816404,0.9626589170595116,0.9730716873240727,0.9143020601376243,0.952984881657426,0.9086663360181062
MM_S3_L20_29,0,108,0.8122229949629307,0.375,0.9799560915838618,0.9631398995717366,0.7367177007595699,0.6152965178092321,0.9621363849192545,0.9585709844180269,0.9537112865476839,0.7246858322102091,0.956491449827789,0.7566540811372839
MM_S3_L20_29,0,109,0.7490226684576206,0.16666666666666666,0.9877357617685756,0.9822316775134965,0.4605224144210418,0.5497738557557265,0.9345345690813466,0.950610192284616,0.9277876815408147,0.5485557178440301,0.9474031181745634,0.6340176832416783
MM_S3_L20_29,0,110,0.8071543554965342,0.08333333333333333,0.9891205252478038,0.9820777133009791,0.7305148210624854,0.622187485297521,0.9821316265797756,0.9631899046470326,0.9840892114706579,0.8061576142259266,0.9626566569010416,0.7926548440819201
MM_S3_L20_29,0,111,0.7610452400616681,0.041666666666666664,0.9923287081770921,0.9862857761336308,0.5294917804002762,0.5648759379982948,0.9632202088133214,0.9478667205406316,0.949164889993206,0.7809474118377852,0.9325213688676076,0.7865099570025569
MM_S3_L20_29,0,112,0.807148872026411,0.4166666666666667,0.9886633808265338,0.9778590274402519,0.7204576225578784,0.4786509647965431,0.9846212854608675,0.9609182839900473,0.9808287326927466,0.8933731693288555,0.9495938208795364,0.9073969397855841
MM_S3_L20_29,0,113,0.8639605079536075,0.75,0.9702735346325362,0.9575634087612427,0.7892286675175031,0.7260739679137865,0.977745434052918,0.9700051922382472,0.9705702209424588,0.8451766216236613,0.9688048003822245,0.8956823154636051
MM_S3_L20_29,0,114,0.8267795782568776,0.2916666666666667,0.9894940307087564,0.981498399824878,0.6652659436066946,0.720073752105236,0.9703708297301538,0.9667465028614831,0.9589095315946046,0.8188658784265104,0.966129426033266,0.853408677422482
MM_S3_L20_29,0,115,0.8513697628006222,1.0,0.9733919776271663,0.9558664125554702,0.7561652955909569,0.6234579533338547,0.9373114733094111,0.9479071231257268,0.9161243344587024,0.6486767303684483,0.9385622086063509,0.694213506968125
MM_S3_L20_29,0,116,0.81235052148773,0.0,0.9913752834418874,0.986357451108546,0.7202545439700286,0.6994629924496015,0.9757865418729726,0.9606628026919694,0.9645963340436898,0.8675309043863545,0.9559053810693884,0.8294084681117017
MM_S3_L20_29,0,117,0.8008410828549989,0.2916666666666667,0.9711423133040462,0.9547483349158096,0.7315508310496807,0.6207183450460434,0.9805523964947492,0.9576351840397628,0.977458333095876,0.8323566524878793,0.952442128171203,0.782726552175439
MM_S3_L20_29,0,118,0.7849606859015489,0.0,0.988795621742064,0.9834081112948897,0.6862718589603901,0.5729720617334048,0.9762558731904313,0.95969960317341,0.9690014486832004,0.8308452017929243,0.9544106760332661,0.8215044309263644
MM_S3_L20_29,0,119,0.8000755856683195,0.0,0.987259515624418,0.9801556129860721,0.7247418758273124,0.6395053789019585,0.9744856384572461,0.9666123116116755,0.9604788334058818,0.8951293243014294,0.9620003648983535,0.8958399412424668
MM_S3_L20_29,0,120,0.7934342683828107,0.0,0.9904030047204068,0.9854712928042693,0.7111492460469405,0.5696354930599531,0.9871607454999065,0.9668523377464681,0.9823158603281743,0.9482659645702528,0.960345196467574,0.9214023558989816
MM_S3_L20_29,0,121,0.8047439341424675,0.0,0.9841414981835861,0.9778055367906108,0.7157821439703306,0.6723468974232674,0.9872982095360552,0.9728836349034475,0.9870129704715743,0.8776971879212753,0.9713882938508064,0.9318447514720585
MM_S3_L20_29,0,122,0.8193302888488779,0.0,0.9868684269377118,0.9780567034397251,0.7834400150179862,0.7061698933442434,0.9803688116186201,0.9665428929852456,0.9823551309365097,0.7897124264551245,0.9687526251680106,0.8039504574692767
MM_S3_L20_29,0,123,0.789684506465401,0.041666666666666664,0.976724309085168,0.9666370989450442,0.7528841173648834,0.5950916583339373,0.976910204900464,0.9648881262132875,0.9667384654924435,0.8687309493189272,0.960158481392809,0.8758362259553827
MM_S3_L20_29,0,124,0.8117345425730949,0.2916666666666667,0.9720853151716676,0.9601642564231274,0.7657047510147095,0.6318821658690771,0.9832161985302722,0.9609767692009962,0.9800303615629673,0.8609746474286785,0.949419903498824,0.911327345215756
MM_S3_L20_29,0,125,0.8004471086744085,0.0,0.9788412235175409,0.9696659995839486,0.7139357581734657,0.7171316420038542,0.978973327077254,0.9573918501389556,0.9685068718928803,0.9135490293088167,0.9450224189348119,0.8775162891201351
MM_S3_L20_29,0,126,0.8362078266526237,0.5,0.9824460891056773,0.9688376731342739,0.7308221799135207,0.7127991591890653,0.9482145261718236,0.9542786170410157,0.9354391869117497,0.66602254367393,0.9451572869413644,0.7883618253728618
MM_S3_L20_29,0,127,0.7559818684457085,1.0,0.9472468954321105,0.9139919949512857,0.5948811673621337,0.42603548367818195,0.9064370714088653,0.9312896734817345,0.8773958109399324,0.52090717592965,0.9049551358786964,0.7037143888680831
MM_S3_L20_29,0,128,0.8015122266683434,0.875,0.9833797799336601,0.9666318561516557,0.5836628875633081,0.4703523466984431,0.9375301314045253,0.9482568810098556,0.9269147933090247,0.5826864968175474,0.9424806000084005,0.6375085594861404
MM_S3_L20_29,0,129,0.701931461035809,0.5416666666666666,0.9463535326275127,0.9320049306146458,0.40387946765869853,0.4371010648707549,0.9067851403176065,0.9400338801167384,0.8605759353426996,0.6094729500296323,0.9244063182543684,0.6657199140476144
MM_S3_L20_29,0,130,0.807788595285331,0.4166666666666667,0.9766765647203282,0.9621003383904502,0.7281107181807359,0.5939425677061081,0.9705789549110387,0.9471025318809598,0.9635676866577518,0.7834391904913861,0.9312501312584006,0.7839753511159316
MM_S3_L20_29,0,131,0.8057121701683906,1.0,0.9443092416184705,0.9280147518207823,0.7220860826969147,0.5104577727615833,0.9578461594870826,0.9487608095886403,0.9335226322454151,0.8212411598018978,0.9348423455351144,0.7812582034131755
MM_S3_L20_29,0,132,0.8336004655201071,1.0,0.9773080316578421,0.953018482214485,0.7282794567445915,0.547631082435449,0.9276575517257788,0.9433045770122342,0.9018867057898353,0.6119330447653065,0.9293124291204636,0.6954870774694111
MM_S3_L20_29,0,133,0.8072766096692866,1.0,0.9502780476631165,0.905490035325094,0.7178176220754783,0.5719424510995547,0.949378622966574,0.9510919491002193,0.9208317213561587,0.7860941277897876,0.9383151146673386,0.795117287532143
MM_S3_L20_29,0,134,0.8178207006927596,0.5833333333333334,0.9844750414752202,0.9730339547387915,0.6871778498093287,0.5325631772478422,0.979668699763296,0.9598741154725747,0.9732403035365765,0.8574185021545576,0.9552346506426411,0.8080091256162395
MM_S3_L20_29,0,135,0.7981249720901762,0.0,0.9906365019543252,0.9820331095870025,0.6874375167489051,0.6436509142319361,0.9807666468792067,0.9640081463548814,0.9836785598227413,0.7855336031188136,0.9619836294522849,0.8371300010577493
MM_S3_L20_29,0,136,0.6361932777960843,0.9583333333333334,0.8350301353989186,0.7998954916312023,0.47973262206340833,0.5119875408709049,0.8743523152325335,0.9325691542991802,0.7949683155003254,0.6135287661429333,0.9088082262264785,0.6777901714262755
MM_S3_L20_29,0,137,0.7554869630758773,1.0,0.9194714342330444,0.8915097819434271,0.6082031347850959,0.5083731673657894,0.9380603461296418,0.9460728140955741,0.9179713766100587,0.6462489852438802,0.9362845472110215,0.6692606683658517
MM_S3_L20_29,0,138,0.8172435191972828,0.08333333333333333,0.9823445252236548,0.9685266136343963,0.7862634313106538,0.700841635465622,0.9658492780192973,0.9706103301753384,0.983470346578347,0.5832965785394544,0.9783807569934476,0.7828415178734324
MM_S3_L20_29,0,139,0.8334160100564356,1.0,0.9763146401344548,0.9517681762283924,0.681276133308808,0.5774363279342651,0.9597345741280868,0.9323822271668357,0.9514405500263936,0.7089519235103027,0.8997953681535619,0.8211484214533931
MM_S3_L20_29,0,140,0.758595451232135,0.625,0.9866317888396309,0.9767780713980493,0.5197852165003617,0.31544018412629765,0.9515077868946844,0.9555925048909547,0.9426590929669079,0.659437349309092,0.9527965258526545,0.7174795140390811
MM_S3_L20_29,0,141,0.801611326872969,0.0,0.9945473505066348,0.9919103963653636,0.6438754280408223,0.6599973489840826,0.9849583597975163,0.9676313979430732,0.983375183516933,0.8625660499800807,0.965323499453965,0.8796002968497898
MM_S3_L20_29,0,142,0.7307215572832317,0.0,0.9688192967317061,0.9553469584658254,0.5197495801746846,0.5385512051482996,0.9624962101772748,0.9661480002642456,0.9651885438830622,0.6563098046766676,0.970649637201781,0.7668665777082029
MM_S3_L20_29,0,143,0.7509884416809501,0.0,0.9877916382897457,0.9825835117717195,0.5238872601091862,0.5080236593882242,0.9834662097387171,0.9624594183133449,0.9780633010931554,0.902934757263764,0.9525993101058466,0.9084774022516997
MM_S3_L20_29,0,144,0.7585341873169144,0.08333333333333333,0.9801010875479926,0.9663183783394059,0.6325051529208819,0.496047077079614,0.9689253521760635,0.9610042864006116,0.9675764982658689,0.7228850800058116,0.9578673660114246,0.7997236297182415
MM_S3_L20_29,0,145,0.8040126946305163,0.0,0.988511310326006,0.9834221102832968,0.7732840860883395,0.5891211032867432,0.9840197790356552,0.9689463686879481,0.9776411867269905,0.9303355048532072,0.9655499201948925,0.9088051552357881
MM_S3_L20_29,0,146,0.7530636698599557,0.0,0.9890381253342312,0.9838370369540321,0.4963354281087717,0.5476334181924661,0.9795535080982418,0.9612454170878345,0.9695526583781165,0.915704053381215,0.9528431225848455,0.87618673754775
MM_S3_L20_29,0,147,0.7237509335898482,0.08333333333333333,0.99103995236787,0.985829279508466,0.24658774962027866,0.5692763899763426,0.971337936461054,0.9562871370305105,0.9626469871289628,0.8048295715580815,0.9464019447244624,0.8388465422651042
MM_S3_L20_29,0,148,0.765631362637347,0.041666666666666664,0.9896679725869307,0.9840899923268486,0.5385736232250928,0.5493338803450266,0.9858839220592573,0.9661642186091223,0.9837725502188488,0.8852446195871934,0.9600091749621975,0.908473683440167
MM_S3_L20_29,0,149,0.7795214124690398,0.20833333333333334,0.9861806069995217,0.9781061845667223,0.6806746962666512,0.5141011017064253,0.9502190300909753,0.9439804764606424,0.9276166652399366,0.7425594588984614,0.9285311134912634,0.7359143495559692
MM_S3_L20_29,0,150,0.7641523622461032,0.041666666666666664,0.9857217994415611,0.9762878340443755,0.6910762208700181,0.4516516936322053,0.9750094732830346,0.9535264036530319,0.9621285128016627,0.8833809378354446,0.948954592468918,0.7129380489173143
MM_S3_L20_29,0,151,0.8286570124328438,1.0,0.9792499885528537,0.9612133862146365,0.69347004622221,0.5003478067616621,0.9505481682541618,0.9391552786113717,0.9264615792981399,0.7599221169948578,0.9132152270245296,0.8234598675499791
MM_S3_L20_29,0,152,0.8323564843080354,0.875,0.9799801914999365,0.9651591890777639,0.6627120696504911,0.5874468411008517,0.9563510456854497,0.9467321412846079,0.9382674651600982,0.7578670738831811,0.933851344611055,0.740054111117902
MM_S3_L20_29,0,153,0.800143556345177,0.16666666666666666,0.9823463739877777,0.973327945182526,0.6707886972030005,0.6312238201498985,0.981543029325163,0.9713020472833819,0.9840042851464722,0.7961260650468909,0.9761825069304435,0.84207314706367
MM_S3_L20_29,0,154,0.7564917004436599,0.5833333333333334,0.986349136241443,0.977518575760274,0.44102627192934357,0.3803580775856972,0.9638922166486986,0.9596298828708935,0.9476284404355351,0.8059924840927124,0.95050048828125,0.866676732249882
MM_S3_L20_29,0,155,0.7604783449242281,0.0,0.9938381078934718,0.9899620009987963,0.6713145122428735,0.40034279599785805,0.9720354737720042,0.9585300388499229,0.9578535322059866,0.8588335358578226,0.9504693144111224,0.8443299635596897
MM_S3_L20_29,0,156,0.8326679509332207,0.3333333333333333,0.988917084137452,0.9809534399338018,0.7634694017966589,0.6299541021386782,0.9809692602672898,0.9670369921325515,0.9738252734545098,0.887341004350911,0.9653333438340054,0.8665046717809595
MM_S3_L20_29,0,157,0.8158494770977952,0.25,0.9823067179364252,0.9683750802395391,0.7638699369629225,0.6462704539299011,0.9664957664878527,0.9590538056738183,0.9732652627011781,0.6558705811267314,0.9591087423345095,0.727255897677463
MM_S3_L20_29,0,158,0.8348159846498481,0.75,0.983545518181305,0.9768412976483113,0.7310845102866491,0.5125016036132971,0.9726374111298336,0.9631562217536933,0.956581156540622,0.8996249178181523,0.9558033276629705,0.8895836239275725
MM_S3_L20_29,0,159,0.7904672452587749,0.08333333333333333,0.9833820319210083,0.9705348610098845,0.6821337979535261,0.6207829440633456,0.9813144612649056,0.9580946326271463,0.9742935295066526,0.891620590634968,0.9498927618867606,0.8404045130895532
MM_S3_L20_29,0,160,0.8216080720171438,0.5,0.9877007517674613,0.977876815141416,0.7316219863295554,0.568252849082152,0.9623490215807499,0.9468072284067786,0.9507061949260133,0.7533204127912936,0.9289754231770834,0.8112144379512124
MM_S3_L20_29,0,161,0.7782798595984647,0.20833333333333334,0.9881509828397913,0.9831614677422967,0.5150727586448193,0.586760068933169,0.986917999562246,0.9598532149212096,0.9842264228049785,0.9167426448801289,0.9489178401167675,0.8921625419803287
MM_S3_L20_29,0,162,0.815621249496574,0.25,0.9833515514801897,0.9712966456911922,0.7824380569656689,0.6094121038913727,0.9695914107980149,0.9603206863267763,0.9777228317914471,0.6707372030486232,0.9621549216649866,0.7190122779296793
MM_S3_L20_29,0,163,0.7930617690289534,0.0,0.9880801660561764,0.9796987932491926,0.6731535463035107,0.6460701252023379,0.9740489441740582,0.965402866949367,0.980878456345489,0.7031247350184814,0.9682361233618951,0.7801772628141486
MM_S3_L20_29,0,164,0.7896770441239516,0.041666666666666664,0.9847217062368779,0.9728271510865953,0.7358850938081742,0.5837359304229418,0.971619001849041,0.9577762838410168,0.9713289091183293,0.7344598342543063,0.9565587197580644,0.7271748081497524
MM_S3_L20_29,0,165,0.7437806061408744,0.0,0.9893409077981561,0.9829118172717252,0.3658419823894898,0.6048554629087448,0.9846894068377315,0.9674291080732593,0.9815952555947406,0.8814814336921858,0.9610313497563844,0.9262993918812793
MM_S3_L20_29,0,166,0.8104634356282319,0.0,0.9879232733157366,0.9815694639495774,0.7588305375973384,0.657520480453968,0.980183728980078,0.9685711210927991,0.9856444206289066,0.7605905753114949,0.9715930569556451,0.8311878999938136
MM_S3_L20_29,0,167,0.7998601238956026,1.0,0.9691130879941676,0.9481946709888435,0.5489646729330222,0.5539182809491953,0.9352150483812016,0.9329578134175728,0.9148520565721938,0.6248824350211931,0.9105703702536961,0.6601121179435564
MM_S3_L20_29,0,168,0.8005045666369075,0.20833333333333334,0.9817993474653854,0.9682511463663936,0.748001123070717,0.5983536665638288,0.9509404933083004,0.962872414383824,0.9683733457519162,0.5065883223129355,0.9696609332997314,0.6733020634754844
MM_S3_L20_29,0,169,0.7963086715805527,0.0,0.9813564157354019,0.969493236884572,0.7502150602142016,0.6273883829514185,0.9764918845506884,0.9731278559523439,0.9936962761786035,0.6533872569384782,0.9805475050403226,0.8331423272257266
MM_S3_L20_29,0,170,0.8120229995770193,1.0,0.9550197883516315,0.9270771216722875,0.7279060549537341,0.5523204381267229,0.9410457067687448,0.9331057194774739,0.9259728571820643,0.6293326875437861,0.908601822391633,0.7033938791440881
MM_S3_L20_29,0,171,0.7858850445429671,1.0,0.948432110230763,0.9077301598841849,0.6407299142579238,0.5177266212801138,0.9371817416155673,0.9561383863298181,0.8905760950298719,0.833921008783838,0.948339318716398,0.7962784197019495
MM_S3_L20_29,0,172,0.8612060833369732,0.6666666666666666,0.9818155705810487,0.9677337856074564,0.7675606702764829,0.6994886596997579,0.9780906972552046,0.9733881924764504,0.9668215939434627,0.9120446728623431,0.9727691322244624,0.9281893839006838
MM_S3_L20_29,0,173,0.8195501242080016,0.4166666666666667,0.9875742714032357,0.9784189641086104,0.6786905640363692,0.6215726087490717,0.9791912785263842,0.952085162934566,0.9731689142764255,0.8477665717187135,0.9344590710055444,0.8769306333168693
MM_S3_L20_29,0,174,0.8605213904879871,1.0,0.9794403809621174,0.9655839987050475,0.6716816918551922,0.6632849623759588,0.9760771659020703,0.9566030102765817,0.9699127781855804,0.8217389739078024,0.9489874070690524,0.8013736320578534
MM_S3_L20_29,0,175,0.8449980216489157,0.7916666666666666,0.9688028383449104,0.9541631540441825,0.7622132984797161,0.6251227284471194,0.9752486516979539,0.9707578908236156,0.9620528332488512,0.8940575304238693,0.9703106623823924,0.8956783919230752
MM_S3_L20_29,0,176,0.8082101250130687,0.0,0.9904644282522334,0.985337766128428,0.719039992640416,0.6631365890304247,0.9827157382515619,0.9668574019078315,0.9776088671898971,0.8821754922037539,0.960926999327957,0.9145127897677214
MM_S3_L20_29,0,177,0.8061847166872694,0.0,0.9883611683832112,0.9799943735591726,0.7276221918066342,0.6607966050505638,0.984083672894131,0.9673153379142679,0.9847101511894375,0.8302557377711587,0.9651955225134409,0.873698335626851
MM_S3_L20_29,0,178,0.8513473690442781,0.5,0.989266985201013,0.9796437281798692,0.7419541805982591,0.6869088361660639,0.980009193404129,0.9715422598052302,0.9709879232830899,0.9059191061102826,0.9701275569136425,0.9166328077730925
MM_S3_L20_29,0,179,0.7957214752593232,0.0,0.9835546207628646,0.9719837386623708,0.7674985672036807,0.5969327713052431,0.9824363660983387,0.9643644894662935,0.9785847745996009,0.8596631586551666,0.9639114872101815,0.8170793186063352
MM_S3_L20_29,0,180,0.8100243202169952,0.8333333333333334,0.9735849770216952,0.9608233315492768,0.6546658897399902,0.4748164353271325,0.9672562888515448,0.9594444198404996,0.9471006947419336,0.8743133655060893,0.9519394084971439,0.8491146214630293
MM_S3_L20_29,0,181,0.8503675961408061,0.4583333333333333,0.9848240455607695,0.9717130859303319,0.7316014468173186,0.7632181495428085,0.9813725794496815,0.9593915156452058,0.9741537893811861,0.8973394735999729,0.9517933835265456,0.8496511138003805
MM_S3_L20_29,0,182,0.8273124145248306,0.041666666666666664,0.9877003941146066,0.981171943782981,0.7235266975065072,0.7774613623817762,0.9821300661044167,0.9712336460252301,0.9758874738328561,0.8924531522004501,0.9722992271505376,0.8834819910318955
MM_S3_L20_29,0,183,0.8052394033573466,0.5833333333333334,0.9751483585792461,0.9543636685103373,0.6006618037819862,0.6446650798122088,0.9670753104157362,0.9523015012217931,0.9469077982889709,0.8709789540456689,0.9399043257518481,0.8131745587224546
MM_S3_L20_29,0,184,0.8668784800013625,1.0,0.9804907237564127,0.9679763984836005,0.6797957858939966,0.6888761793573698,0.9631473673487018,0.965983900207882,0.974157230107374,0.6020750043832738,0.966021465998824,0.8360689917336339
MM_S3_L20_29,0,185,0.828009041864516,0.7083333333333334,0.9891086327903148,0.9784511655763862,0.6135237912336985,0.5784017418821653,0.9826732606254956,0.9580363736975049,0.9791238147725342,0.8588957631069681,0.943798106203797,0.9078457627607428
MM_S3_L20_29,0,186,0.8627423846303037,0.7916666666666666,0.9937275216053747,0.9897627673897089,0.7320269448061784,0.612632637222608,0.97264272078397,0.9556397304216623,0.9713562496246831,0.7526770272980565,0.943286854733703,0.8595739434594694
MM_S3_L20_29,0,187,0.7962260980897676,0.08333333333333333,0.9917997969227161,0.9865761510297363,0.6687972913185756,0.6054891645908356,0.9739282019336186,0.9599877707747929,0.9746240453934799,0.7461692017057667,0.9479337302587365,0.9045693122822306
MM_S3_L20_29,0,188,0.8369058736911946,0.625,0.9859710661786528,0.9764231681044585,0.6988911535342535,0.6355708142121633,0.9623335434483167,0.9558330316655873,0.9486022221865834,0.7704893493134043,0.9438450310819894,0.8578922994758772
MM_S3_L20_29,0,189,0.8210336690876545,0.2916666666666667,0.9860352090668963,0.9744363967110129,0.7474932982524236,0.6341116254528364,0.9718785084356089,0.963450258346764,0.9735005500335848,0.7227738843016003,0.96228519562752,0.8104351435018622
MM_S3_L20_29,0,190,0.8621596805808921,0.8333333333333334,0.9920190095365365,0.9866667475186142,0.745204960356156,0.5784466663996378,0.9735608395055638,0.9626736761112286,0.9636567085180231,0.8303420530713123,0.9535033523395496,0.9017856522746708
MM_S3_L20_29,0,191,0.7740979685966519,0.041666666666666664,0.989008830504988,0.9806632884966783,0.6183946625888348,0.5830125287175179,0.9631446671789053,0.9511514969315636,0.9565098663812042,0.7197897550852402,0.9366268034904234,0.8327488342057103
MM_S3_L20_29,0,192,0.8636257160567138,0.9166666666666666,0.9771590896014596,0.9575399650467767,0.7101298372944195,0.7471446146567663,0.9567453954724373,0.9504768883259338,0.9411460179234705,0.7383472427077915,0.936519499747984,0.8062251378660616
MM_S3_L20_29,0,193,0.8645801940818065,0.875,0.9873718371144012,0.9793058297213385,0.7099980081121128,0.6395645315448443,0.971766429097542,0.9677618265112068,0.9685931404431661,0.7621763659560162,0.9655010264406921,0.8808800007985986
MM_S3_L20_29,0,194,0.8499674672213555,0.9583333333333334,0.9900812703284586,0.9815223036638271,0.5761378049602112,0.6344081138571104,0.9660671643907612,0.9631598269175615,0.9582583857399802,0.7521302414977032,0.959380119077621,0.8489826023578644
MM_S3_L20_29,0,195,0.8599114786835121,1.0,0.98901333115192,0.9780170339774461,0.719617496430874,0.5613415837287903,0.9698843899555429,0.9498949824797479,0.9615817170149535,0.7881650043570477,0.9327861826906921,0.849839669206868
MM_S3_L20_29,0,196,0.8477433688434571,0.875,0.979286227344652,0.959860479753781,0.7080984328190487,0.6540355285008749,0.9592626597024397,0.9476951275114317,0.9494240269145018,0.7156540583009305,0.9317288962743616,0.7916099895601687
MM_S3_L20_29,0,197,0.825002208335662,0.7083333333333334,0.9786018644264374,0.9617923214544658,0.6479690264662107,0.6439879337946574,0.9622598254434308,0.9471920623700387,0.957984626052841,0.6987206670253173,0.9297209708921371,0.8120071291923523
MM_S3_L20_29,0,198,0.8270300070410398,0.375,0.9910448568472083,0.9846160529875286,0.7019160355627537,0.6432170396049818,0.9751232270538027,0.9526199081375438,0.9696052126906892,0.8103381660969361,0.9360118578839046,0.8712727220162101
MM_S3_L20_29,0,199,0.7821946609556168,0.20833333333333334,0.9850364218097539,0.9748201486331965,0.5485391270617644,0.6177163645625114,0.9781073294538242,0.963197911760619,0.9781329481191534,0.7873308198607486,0.957613052860383,0.8668936257777007
MM_R12,1,0,0.8153024111462023,0.6666666666666666,0.9774498064095726,0.9621960917329476,0.6055957620342572,0.6309014583627383,0.9644015372454385,0.9572348544394377,0.9698819651078153,0.651313656050226,0.954458257203461,0.7478639567675798
MM_R12,1,1,0.8004426656064948,0.041666666666666664,0.9876782500421153,0.9755836262812022,0.7799539831280708,0.5677260011434555,0.9841917583275869,0.9648758914301224,0.9847175740106131,0.8325729182232982,0.9650147140667004,0.8144362840963446
MM_R12,1,2,0.7975388145257669,0.08333333333333333,0.9864128000679809,0.979076605295044,0.7131079991658528,0.6198636988798777,0.968935983753667,0.9558562358628807,0.9741720508744,0.6840386695188024,0.9520335863995295,0.7413465102081713
MM_R12,1,3,0.793165342530583,0.0,0.9845549587128076,0.9761316071927938,0.7429685675104459,0.5877201097706953,0.9781221805161313,0.9699473602296443,0.9872444949403244,0.7150355328036391,0.9774015693254369,0.7789785175219827
MM_R12,1,4,0.8256114571729237,0.8333333333333334,0.9680798448359788,0.9476724244410696,0.7452085591355959,0.5449000435570875,0.9674566054438491,0.9556167013803929,0.9598943111236377,0.7627558649882026,0.9491547615297379,0.7717376675294794
MM_R12,1,5,0.8197417557823575,0.3333333333333333,0.9884539995019628,0.979868125506476,0.710721077620983,0.6138263046741486,0.9734309595874934,0.9657086821982309,0.9664552359170812,0.8082860701757929,0.967125021001344,0.803032240141993
MM_R12,1,6,0.7832908851460197,0.125,0.9863431438467852,0.9760464344149321,0.6964230307936669,0.5206447492043177,0.9713178021328389,0.9618251770011685,0.9761053620567246,0.6986962420784909,0.9640542307207661,0.7396816086509953
MM_R12,1,7,0.7995418945587727,0.16666666666666666,0.9881532902989735,0.9789384914379493,0.7182737702131271,0.5835684984922409,0.9635305375723083,0.9582309540229463,0.974732367061479,0.6037258515539377,0.958440965221774,0.7117290736540504
MM_R12,1,8,0.7901463619687015,0.125,0.9922440309906162,0.9862566397470586,0.6862865485747655,0.52825324361523,0.9703863984976849,0.9621155976813656,0.967375248670578,0.7476201647001764,0.9615891979586694,0.780890774467717
MM_R12,1,9,0.8003128622515221,0.0,0.9870813126983565,0.9775820005173776,0.7178505060076713,0.6488441775242487,0.9846720933835638,0.9627115895460071,0.9826958819182329,0.8637840527555217,0.963141328545027,0.7752874215012011
MM_R12,1,10,0.7947784675269692,0.0,0.9873524779625614,0.9789539719718734,0.7134519760807355,0.6043075521787008,0.9816528008493707,0.9714750877016516,0.9863344748975128,0.7783894921126573,0.9767393706947244,0.8393194170101829
MM_R12,1,11,0.8000260709083261,0.2916666666666667,0.9881297932447181,0.9802385346562255,0.6620028326412042,0.5930328294634819,0.9580071843019186,0.9512126241481192,0.9533612460939475,0.6782245567149442,0.9451120027931786,0.6959579084878382
MM_R12,1,12,0.8219921670527163,1.0,0.9773884702270182,0.9629561608912898,0.5901280019680658,0.5632478160162767,0.9489806468122864,0.9396287792705641,0.9405650542147699,0.6410148156725842,0.9220738564768145,0.692265967959943
MM_R12,1,13,0.8278184908091956,0.625,0.9743247181692597,0.9583851876601676,0.7107116473217806,0.649688350657622,0.9657382617151363,0.9555514153913913,0.9572492281515751,0.7557380983363027,0.9521231702578964,0.726945684655853
MM_R12,1,14,0.8143060832710695,1.0,0.9572107161854756,0.9352423357028589,0.6747087291876475,0.5570506056149801,0.9560177210198626,0.9450907925302202,0.9465875709329241,0.693168554617011,0.9240154963667675,0.8387698427490566
MM_R12,1,15,0.7730637688263706,1.0,0.899702705928978,0.8780385135825163,0.6970732809603216,0.6051472971836726,0.9628890572830144,0.9487920083293789,0.9623299926038712,0.6827074049607568,0.9374806393859206,0.7496654624524324
MM_R12,1,16,0.7939231945671762,0.25,0.9853318698352368,0.9746169384008919,0.6251586067179838,0.6667881036798159,0.9338431454751159,0.9492323530491728,0.9469571579648282,0.4429671369169069,0.949446811470934,0.5494452504360158
MM_R12,1,17,0.8192869255478799,1.0,0.9771229847021757,0.9629528873107013,0.6158394182225068,0.5205585310856501,0.9409717403430068,0.9467875720188731,0.9270491875227421,0.6195297623458116,0.9361083328082996,0.7002577367036239
MM_R12,1,18,0.7978308108731867,0.0,0.9932177885397319,0.9900671521627826,0.7364190502961477,0.555588332315286,0.9834929216615631,0.9665545545942688,0.9797390023626947,0.8710582100826761,0.9641047652049731,0.8689392312713291
MM_R12,1,19,0.7700625215239607,0.0,0.9920072920776365,0.986316540778852,0.7069943846265475,0.43560537447532016,0.9676043260667662,0.9678789113071616,0.9729880301221724,0.6755104544370071,0.972202424080141,0.7898940975251405
MM_R12,1,20,0.7891119184886044,0.0,0.9879732599028452,0.9786031084123001,0.7053591331342856,0.5947091182072958,0.9764797024410033,0.9609400133588383,0.9777194902461064,0.7643733776133993,0.9664142567624326,0.6622495171816453
MM_R12,1,21,0.7844942567086659,0.125,0.9877357377832127,0.9807133269465828,0.6832776419321697,0.5164173531035582,0.9751703647962705,0.9642738236173525,0.9748837379438262,0.7659620707449706,0.9659246629284274,0.7807033638591352
MM_R12,1,22,0.8029442002108976,0.8333333333333334,0.9697561366614323,0.9586690420808356,0.609010675350825,0.4911838509142399,0.969736411596291,0.9589338070943431,0.974403546462136,0.6912350667559582,0.9544329899613575,0.788703634687092
MM_R12,1,23,0.8192613718218589,0.5,0.9866882001125549,0.9755567517935061,0.7030882424612841,0.5876454015572866,0.9598029257856296,0.9516827365628943,0.9565633011441076,0.6805631061610968,0.9456518029653896,0.7056789961845978
MM_R12,1,24,0.8307242995296897,0.8333333333333334,0.9801295737486443,0.9709619701298234,0.6683697328468163,0.5551446514825026,0.9625807783579488,0.9566325780972073,0.9544845658845157,0.7254098731538524,0.9550167616977486,0.715287715844486
MM_R12,1,25,0.7889021080232214,1.0,0.9524972452019819,0.9316303935705447,0.6229546098907789,0.5193185483415922,0.9239044510932154,0.9361444486346354,0.9146470547283209,0.5038524820752766,0.9163782263314851,0.6701440953690073
MM_R12,1,26,0.8193975084865002,1.0,0.9742130019869117,0.9531964474254185,0.6655634253223738,0.5020184069871902,0.9543095001147538,0.939561359718832,0.9354133382039045,0.7459347105544546,0.9222277569514449,0.6867953357489213
MM_R12,1,27,0.7775419018926114,0.0,0.9896019208074968,0.9809193898649777,0.64125193297863,0.5458423867821693,0.9877366606447072,0.9703549389017718,0.985646297133738,0.9207518567209658,0.9716780467699934,0.8691929967507072
MM_R12,1,28,0.7847183426450427,0.2916666666666667,0.975548601318755,0.9644442462453654,0.7171648434797921,0.5092980799575647,0.9641827307452643,0.9568298980690609,0.9673566251031813,0.6662365133347719,0.9562210575226815,0.6995344161987305
MM_R12,1,29,0.7805794657524043,1.0,0.9459446984819865,0.9270720671984106,0.6657483570277691,0.4396299049258232,0.9322937476395176,0.9418657151200819,0.9246144924032431,0.541584053117296,0.9264004615045364,0.6964630141206409
MM_R12,1,30,0.8597984343854085,1.0,0.9744832161014632,0.9560068379819784,0.7057131132483482,0.6899713352322578,0.9585375619402677,0.9551016633243835,0.959635855449784,0.6413138839213745,0.9507082047001009,0.7373933636623881
MM_R12,1,31,0.8049930309834266,0.16666666666666666,0.9852830892354421,0.9763463209657108,0.7223352993528048,0.6179487804571787,0.9710971533234525,0.9618992659601157,0.9722326116295911,0.7209261532710947,0.9620210380964381,0.7681012024050173
MM_R12,1,32,0.810133197836477,0.4166666666666667,0.9888049020407962,0.9838154414510415,0.6134660835564136,0.584664893647035,0.9782485882536358,0.9692530986114333,0.984019614876278,0.7395320696675259,0.9772207608786961,0.763468364658563
MM_R12,1,33,0.7977735160083429,0.125,0.9885707010483294,0.9787790016021605,0.7143204728762309,0.5882417609294256,0.968931650640073,0.9591845322638347,0.9768233017655471,0.6665879960941232,0.955959197013609,0.7775236808735392
MM_R12,1,34,0.7957208993064593,0.9583333333333334,0.9544401442907781,0.9323209951126498,0.6280092708269756,0.5319827795028687,0.9576351477323808,0.9357027418143703,0.94373153827043,0.7311554415070493,0.910857169858871,0.755371080144592
MM_R12,1,35,0.7910773576411461,0.041666666666666664,0.9812425426888541,0.9688324425734725,0.7471965111792086,0.5926747942964236,0.9753774425243341,0.9630648628994116,0.9721054183219069,0.7921313604582911,0.9636427356350806,0.778870894857075
MM_R12,1,36,0.8204815523207647,0.9166666666666666,0.9636700082877702,0.9455041384385302,0.7321733796099821,0.5150301990409692,0.9533280878336589,0.9596186576132387,0.9567101077847583,0.5929303621144398,0.9609916440902219,0.7152451069458671
MM_R12,1,37,0.7952461252796775,0.0,0.9934419779072078,0.9893909128468023,0.6814590982099373,0.6199430351456007,0.9723359341215114,0.9576389212285932,0.9673496593310628,0.7813170370848282,0.950874246576781,0.805534945881885
MM_R12,1,38,0.8087152258989859,0.9583333333333334,0.969409837357419,0.9487704928404366,0.6216236332555612,0.5209196309248606,0.9629900463075242,0.9356376867483679,0.9458173300710419,0.8060544204452763,0.9111771122101815,0.7495652022569076
MM_R12,1,39,0.7918658048213801,0.125,0.985113980762466,0.9751044565166523,0.7258959385752677,0.5450545400381088,0.9751994083678799,0.964827748101917,0.9786738694034597,0.7328167518843776,0.964764666813676,0.8194895017406215
MM_R12,1,40,0.786565249347331,0.041666666666666664,0.9885806903427473,0.9811453286728828,0.6855010447402795,0.58058583488067,0.9735001298970177,0.9543989464130774,0.9791699407962703,0.7075240210346554,0.9492719096522176,0.7380925429903943
MM_R12,1,41,0.8244231887428242,0.2916666666666667,0.9845926086222342,0.9745654311834597,0.7199360233545304,0.6997374668717384,0.9677607412823596,0.958566547089719,0.9814864458335985,0.6150768334450929,0.9597332041750674,0.6984272450208664
MM_R12,1,42,0.8031196093171166,0.0,0.9920529551894507,0.9857439764964034,0.6845513263841471,0.6522444039583206,0.9837121452106917,0.9702398709769661,0.9820570211497044,0.8491245611854221,0.972337620232695,0.8609790374403414
MM_R12,1,43,0.8130054637849368,0.041666666666666664,0.9888052523471105,0.9793216735708947,0.7231934858858584,0.6971286038557688,0.9828080703849921,0.9624290455286432,0.9811352915581195,0.8412890045539193,0.9581856676327285,0.8454193161881488
MM_R12,1,44,0.8441347708124469,0.9166666666666666,0.9831610134857747,0.9718332554000654,0.7290184676647186,0.519776564091444,0.9701375774592877,0.9556135492449949,0.969076705876217,0.7286785523528638,0.9498353363365255,0.7644694473432458
MM_R12,1,45,0.798118436933599,0.0,0.991831557507262,0.9879707952924804,0.7324208864569665,0.5677887399991354,0.98450719907166,0.9686888261675813,0.9814489311188139,0.877342533806096,0.9696747154317876,0.8567348135554272
MM_R12,1,46,0.7869304353391092,0.041666666666666664,0.9902716550183998,0.982522827503728,0.7107368451356888,0.5491493220130602,0.9629640183555764,0.96281624454606,0.96710436502772,0.6507621932288875,0.9592793782552084,0.8411596611790035
MM_R12,1,47,0.7865197393188706,0.0,0.9924638742339958,0.9881616362754038,0.667398463189602,0.5593409885962805,0.9802535026625089,0.9689670346367198,0.9748715278442188,0.8519895685755688,0.967448244812668,0.8891669252644414
MM_R12,1,48,0.7951244853283216,0.16666666666666666,0.990247422082667,0.9818263460218516,0.6986794018248718,0.5467388182878494,0.9754703883608351,0.9573095010482531,0.9658272283211832,0.8468817822311235,0.9500620852234544,0.8089840133552966
MM_R12,1,49,0.7941853642972595,0.375,0.9845624971995862,0.9762688046187357,0.6939289649327597,0.490801473458608,0.9651024758154745,0.9551341895704479,0.9666958901510444,0.6830295985159667,0.955201179750504,0.6556287754489027
MM_R12,1,50,0.8654723727763378,0.7083333333333334,0.9717434790363201,0.9628851628771016,0.7727880057692529,0.7526093969742457,0.9783490146225852,0.9703449781282973,0.9804294507109349,0.7722651802975199,0.9738552954889114,0.8475835750932279
MM_R12,1,51,0.8137791141791422,0.08333333333333333,0.9918893411648181,0.9869017643476624,0.7523418706655502,0.625583253800869,0.9714960792516204,0.9689376252472511,0.9812664440883103,0.6724047242947246,0.9780640961021506,0.7439386442951534
MM_R12,1,52,0.7999264436411385,0.125,0.9841538347976225,0.9743856806381076,0.7657681758205096,0.5721378649274508,0.9689450936850328,0.9633482664435308,0.9783803229770994,0.6546458005905151,0.9674495573966734,0.7317714587501858
MM_R12,1,53,0.822965781152797,0.6666666666666666,0.9798965473934039,0.9658450575435862,0.6809024413923422,0.5772545138994852,0.9738371455884857,0.9563957638707808,0.9756563661159366,0.7354308910991835,0.9527328655283939,0.7487891620915869
MM_R12,1,54,0.8135067550599171,0.25,0.9831371359207411,0.9698439733654846,0.7428580868244171,0.6320529753963152,0.9750864185707971,0.9613643561004711,0.9780526627055419,0.7363432270029316,0.9606073851226479,0.7724833235792492
MM_R12,1,55,0.83032046333087,0.875,0.9786788610778698,0.9662963818880467,0.7605579981207847,0.486541027824084,0.9414882014621601,0.9531055359061412,0.9497419678636136,0.5044267789825149,0.9520490092615926,0.6395927881417067
MM_R12,1,56,0.7969610060810839,0.2916666666666667,0.9736969248928279,0.9608018345303005,0.6839384327828885,0.6461013555526733,0.9601824799929989,0.9545137261079445,0.9702959917085145,0.5933756792674894,0.9517848517305106,0.6939445513746013
MM_R12,1,57,0.8582609282371679,1.0,0.9776337696687248,0.9634953030573777,0.7054640449583531,0.6544090732932091,0.9621036922355571,0.9481832583984305,0.9568348532963183,0.7042272745267205,0.9387905982232864,0.7026538388884586
MM_R12,1,58,0.8251951272923752,0.16666666666666666,0.9895906520058091,0.9812614347810059,0.7263199734687805,0.7167077486713728,0.9746534892529586,0.959217361006646,0.975579314013963,0.7506076447341753,0.957730200982863,0.7573319783677226
MM_R12,1,59,0.7920377525810671,0.08333333333333333,0.9838870822491731,0.9743963649070341,0.7148723843197028,0.5775541712840399,0.9853943180683368,0.9608792460465502,0.9844302133687081,0.8604771196842194,0.962525398500504,0.7314569561377816
MM_R12,1,60,0.8515252124884655,1.0,0.989058219458323,0.9805655828488419,0.716253221531709,0.4890992343425751,0.9796730831349647,0.9518166222858406,0.9767558198542364,0.8241550235644631,0.938874275453629,0.8151560205480327
MM_R12,1,61,0.7896719675068932,0.2916666666666667,0.9866438192175019,0.9763300492483027,0.7179509581625462,0.47598670547207195,0.9642460717665534,0.952785875921292,0.9696217223360973,0.651026778894922,0.9464787308887769,0.7287764316019805
MM_R12,1,62,0.8543372924990165,0.9583333333333334,0.9814069465756684,0.9678606288105834,0.6928132566809655,0.6058016071716944,0.9770766322324315,0.958766871554749,0.9726764523294023,0.8163215297719707,0.952588153141801,0.8207182210424672
MM_R12,1,63,0.7934884247238768,0.0,0.991764494805705,0.985173518088908,0.7165587096412978,0.5552361359198889,0.9874179424666213,0.9706728298998102,0.9857356532286573,0.9072095855422642,0.9694463258148523,0.9025643299455228
MM_R12,1,64,0.7947856225624458,0.08333333333333333,0.9912894647958156,0.9843555479267843,0.6751796100040277,0.5842800363898277,0.97924734202708,0.9651386353694216,0.9707484993562904,0.8808171956435494,0.962139170656922,0.8609419089296589
MM_R12,1,65,0.8020939677850685,0.20833333333333334,0.9846109516148133,0.9735274908589382,0.684159782131513,0.6442215045293173,0.9628088307986274,0.9558753076185944,0.9727922510155427,0.6080143710841304,0.9535299321656585,0.7148541510105133
MM_R12,1,66,0.7951996540407578,0.0,0.9891926245755011,0.9818908557782766,0.6973762215673923,0.6367068812251091,0.9686610639605764,0.9621665104387471,0.9813277368503872,0.6283103927322056,0.9661799605174731,0.71379614589007
MM_R12,1,67,0.8004937044241601,1.0,0.9699388159853878,0.9522272041420531,0.5142925629019738,0.49529807021220523,0.9696858743696822,0.9649543082578318,0.9647186807086392,0.7600785001464512,0.9650691863029234,0.8178003093470698
MM_R12,1,68,0.7819312225412596,0.20833333333333334,0.9874703264147836,0.9786491093292735,0.5921805345018705,0.5669783800840378,0.9659824239550204,0.9638675441957295,0.9688865389394504,0.6807521652916203,0.9671059885332661,0.7563852026410725
MM_R12,1,69,0.8248166562435058,0.7916666666666666,0.966929750236544,0.9503217374577243,0.7010095632076263,0.606537309785684,0.9655675089873008,0.9535785029797798,0.9581982628191992,0.7435727378596431,0.9497998965683804,0.6972080132235652
MM_R12,1,70,0.7485492608596384,0.125,0.969524777989009,0.9553449392318726,0.6261088466644287,0.526155828187863,0.9458908181128441,0.9487565192830102,0.9428153298594939,0.5887389238113943,0.9422991352696574,0.6579887005298034
MM_R12,1,71,0.7498787059170133,0.5,0.9757451114775653,0.9610530989621978,0.4821231175214052,0.43635614464680356,0.9601684914946569,0.9498398426584599,0.965144841781547,0.6217051980936009,0.9430364793346774,0.6829393324644669
MM_R12,1,72,0.8173642880441752,0.625,0.975770029350883,0.9654651128388698,0.7319926486412683,0.52415689950188,0.9751321968889646,0.9564661548362778,0.9737475504798274,0.7744293744149415,0.9515735257056451,0.7641589499038198
MM_R12,1,73,0.7948468225424464,0.3333333333333333,0.9913387035996885,0.9849744694490058,0.6067790981133779,0.5301454837123553,0.9751415923466479,0.9658056061732929,0.9826761094793196,0.7059163370210192,0.9695362378192204,0.7716736158599025
MM_R12,1,74,0.8098810828698209,0.25,0.980579311348048,0.9715109923306633,0.6921206264694532,0.6968356370925903,0.9550361754612874,0.9540895513405765,0.963673889757164,0.5707316171863804,0.9523558257728494,0.6685901834912922
MM_R12,1,75,0.7959159973831967,0.125,0.9753015282785791,0.9590667538393557,0.7551451519131661,0.6187257195512453,0.9752564508197038,0.9650229124061225,0.9730246196430857,0.7826320140258126,0.968865507392473,0.7624786450811054
MM_R12,1,76,0.8133722369477314,0.5416666666666666,0.9852919565731458,0.9757155968083276,0.7669427466392517,0.42981058980027836,0.9742398383036536,0.968166016251714,0.9826499309030273,0.6951187946226286,0.971891341670867,0.806369423866272
MM_R12,1,77,0.8298155045297853,0.20833333333333334,0.9899712825197149,0.9836410648682539,0.6923955192665261,0.7466072042783102,0.9761482603516217,0.9619855076799121,0.9832292662592984,0.7154464851255002,0.9635974514868951,0.753177412826082
MM_R12,1,78,0.8507703793417124,0.9583333333333334,0.9816685820860944,0.9679951239255518,0.6094414140284061,0.6712643578648567,0.9703040043117058,0.9597979127907825,0.9678398301444388,0.7420920263166013,0.9569695585517474,0.7807357214067293
MM_R12,1,79,0.794924314927873,0.041666666666666664,0.9877203509456814,0.9778378065115486,0.719335116793712,0.5993256196379662,0.974780898146275,0.9633597429847677,0.9733481338668254,0.7717864610578703,0.961843511109711,0.8190013196157373
MM_R12,1,80,0.805611988728603,0.2916666666666667,0.9901770649306139,0.9850658678151424,0.6548666420082251,0.5848733919362227,0.9754417158194283,0.9594385757143234,0.9752121393879255,0.7675304445235626,0.9562732327368951,0.780515435597171
MM_R12,1,81,0.8079752911831775,0.375,0.9730959260215762,0.9580357390291551,0.7565528354545434,0.6139808048804601,0.9506998669785635,0.9619447053885519,0.9573957876412459,0.5592745383796485,0.9667476530997984,0.6910705683024033
MM_R12,1,82,0.7639324760985867,0.08333333333333333,0.9897274483945555,0.9847031937120786,0.532028578321139,0.5688166121641794,0.9559959247688056,0.9575487779674422,0.9432330298968541,0.7135655666175096,0.9565446094800066,0.7200543426949045
MM_R12,1,83,0.8094407636163485,0.041666666666666664,0.9922405740342862,0.9866862975693995,0.7068769768377146,0.6545908028880755,0.9823053246976151,0.9658415126829957,0.9803712722514907,0.8389382530813632,0.9617618027553764,0.8793887081353561
MM_R12,1,84,0.8168236733373164,0.375,0.9849890386073783,0.9780896515628091,0.6423950126767158,0.6593548357486725,0.9728148871524288,0.9660059269698525,0.972934538959175,0.7414513223845026,0.967648413873488,0.8046316115752511
MM_R12,1,85,0.8349766912405376,0.5416666666666666,0.9811322295229375,0.970680656152613,0.732779766023159,0.6662868658701578,0.9584742847654715,0.9566698935226817,0.9607383848358225,0.6301006857791672,0.954263666624664,0.7285034915675288
MM_R12,1,86,0.850294583870541,0.9583333333333334,0.9752629000336631,0.9625360167104434,0.7286014992992084,0.5911582584182421,0.9708041914982354,0.9553439348011831,0.9732748977439378,0.7109717629525972,0.9505477413054436,0.7502470534780751
MM_R12,1,87,0.7903698919494448,0.0,0.9914075875340268,0.9852775426861508,0.7438524431486924,0.5352028260628382,0.9815991742350366,0.956071222938446,0.9759822124114601,0.8704526113427203,0.94816408875168,0.7969700421976007
MM_R12,1,88,0.796208780756155,0.08333333333333333,0.990886504145558,0.9836304901082532,0.7688405472040176,0.49841071541110676,0.984206568622174,0.9643918490249028,0.9799710571846013,0.8940041324366694,0.9625857773647514,0.8391610682010651
MM_R12,1,89,0.7965184135661012,0.375,0.9761793026522175,0.960029933109782,0.7181743169824282,0.5440419018268585,0.9706008240625176,0.9579434180565376,0.9736025832112759,0.7058586510627166,0.9543627667170699,0.7657151513773462
MM_R12,1,90,0.7766397518136452,0.041666666666666664,0.9894285346569034,0.9819272718008826,0.673262930115064,0.5115831134219965,0.9702375355861316,0.965866698717129,0.9813502091233449,0.6524668238733126,0.9745201192876344,0.6931088754664296
MM_R12,1,91,0.7821544093487189,0.125,0.9790156006509472,0.9647284931606718,0.7199031777679922,0.5454739692310492,0.978215129763055,0.9558387411965876,0.9737128438728471,0.8250352183113927,0.9492259692120296,0.7782511665769245
MM_R12,1,92,0.8090749640344161,0.625,0.9855002921431734,0.9747638246592354,0.6995996932685374,0.46672244866689044,0.9575533046856609,0.9550420554963827,0.9526745593676003,0.6768372441115587,0.9538948305191531,0.6752232837936153
MM_R12,1,93,0.7878528409449651,0.8333333333333334,0.9871288248925222,0.9764909735692093,0.4384912122537692,0.4869844950735569,0.9501895770051192,0.9529112843004931,0.9424146671769439,0.6449643538697906,0.9473844138524865,0.7182566491158112
MM_R12,1,94,0.747190501125623,0.125,0.9771961128546414,0.9670413886799532,0.6230054438114166,0.44501015295584995,0.9534992239842156,0.9551348129871915,0.9534589776428798,0.6125086571859277,0.9535689815398185,0.683819082768067
MM_R12,1,95,0.7656137792976901,0.125,0.9882397764618741,0.982273478445664,0.6608374517162641,0.41795781006415683,0.967172509222222,0.9654600099156528,0.98226838999538,0.6015494009884803,0.9742648216985886,0.6831230090364165
MM_R12,1,96,0.8015922107477951,0.4166666666666667,0.9846356014394272,0.9720882317599129,0.6490288002292316,0.5883100777864456,0.9623785400451625,0.9469514764854035,0.9702846020139674,0.6173437879137371,0.938417496219758,0.6625986779513566
MM_R12,1,97,0.7821733486670028,0.3333333333333333,0.9810412997578988,0.9688946038289786,0.6402428640425205,0.5635279143850008,0.9357373300148728,0.9478086980855124,0.9326370236093319,0.5347674333530924,0.9411086215767809,0.646066083856251
MM_R12,1,98,0.8002249935392972,0.25,0.986182707300817,0.9762738128892737,0.6968770178159079,0.5640913061797619,0.9716395763389535,0.9642114877672435,0.981993056192834,0.6693636752341104,0.9634632397723454,0.8209772213645603
MM_R12,1,99,0.8002723877879062,0.0,0.9868573183960714,0.9775681782392116,0.7570169041057427,0.6307296206553777,0.9653183892471892,0.9643056468969604,0.9740240526615933,0.6339321322941586,0.9689547631048389,0.7409084167169488
MM_R12,1,100,0.7618969249616556,0.08333333333333333,0.9910192793127682,0.9824197734493056,0.5477920986711978,0.513545331855615,0.9732063266314315,0.9633440437598084,0.9723761092911483,0.7537793704996938,0.9618392452116935,0.8181096302426379
MM_R12,1,101,0.7709961032152223,0.20833333333333334,0.9915765318736559,0.9846896982076121,0.49205974124372,0.5661612264811993,0.9665256011114941,0.9630123079915642,0.9596739640078878,0.7474417686462402,0.9613138834635416,0.8135707637538081
MM_R12,1,102,0.8080359229335963,0.041666666666666664,0.9910516772915097,0.9834442142567603,0.7406569697459539,0.6422980725765228,0.9726247917786841,0.961073635616324,0.960158102334507,0.8466867182565772,0.9613253685735889,0.7588054913541545
MM_R12,1,103,0.8006055273508917,0.0,0.988781344386676,0.9807351272090589,0.6725214505195618,0.6788971871137619,0.9821733806751244,0.9669705655955804,0.9818514078374833,0.8234970180884652,0.970348399172547,0.7904495959696562
MM_R12,1,104,0.8441436245372438,0.7083333333333334,0.9852063544227044,0.9739557863060945,0.6962401100993155,0.6447699293494225,0.9712076532736827,0.9541465588491761,0.9682187200874411,0.755422765146131,0.949931154968918,0.7170645711214646
MM_R12,1,105,0.7940958314638042,0.20833333333333334,0.9876209997997522,0.9768876236248639,0.6107989041507244,0.6260407765706381,0.9701200639604343,0.964442051189741,0.9775290177554213,0.6785884509268014,0.967697963919691,0.7625334515519764
MM_R12,1,106,0.804247808019897,0.5416666666666666,0.9776298261859498,0.9619765281677246,0.6627937086919944,0.5698866074283918,0.957721360493756,0.9589044317817329,0.9804158495558846,0.5184967758376962,0.9591431976646505,0.7218747378691382
MM_R12,1,107,0.8142890463393144,0.0,0.9901564705962365,0.9840596228253607,0.7953790897130967,0.6329856986800829,0.9819397016642887,0.9659254736112405,0.9748643598649451,0.905633886223254,0.9650012600806451,0.8477840281051138
MM_R12,1,108,0.8074891029587392,0.20833333333333334,0.9813509948797524,0.9676136323439529,0.7337470960120361,0.6350837126374245,0.9681937888176791,0.9672839604564315,0.9755813539909419,0.6639512842116149,0.974790511592742,0.7432773275219876
MM_R12,1,109,0.7450832888895629,0.125,0.9853136184925656,0.9762807214182186,0.4664141551156839,0.5634457021951675,0.9340496446580745,0.9510490626045477,0.9322223903270818,0.5223033518894858,0.9468800534484206,0.6580557557551757
MM_R12,1,110,0.8033064049132547,0.0,0.9877260736368458,0.9780073758433847,0.6925843957563241,0.7029375384251276,0.9742540702044277,0.9623226656496978,0.9857000308812305,0.6791971581785575,0.9673658801663306,0.6949947813282842
MM_R12,1,111,0.8482497712426859,0.75,0.9899282769824603,0.9829506472434874,0.6651976940035821,0.6331651359796524,0.9723622184651521,0.9590858897235415,0.9731071270922179,0.7318563396516053,0.9558633783812164,0.7757512181997299
MM_R12,1,112,0.8469776059376846,0.7916666666666666,0.9906074674817398,0.9826589428131877,0.7409608660141629,0.507316724707683,0.9838086697365744,0.9635414596842425,0.9785529983139808,0.9065457297408063,0.957465059013777,0.8758372716281725
MM_R12,1,113,0.8540034354588129,0.5833333333333334,0.9797625322429466,0.9676540602266398,0.774551380177339,0.7089338128765424,0.9745333970682365,0.9658836332441473,0.9744904557222961,0.7593222441880599,0.9675460323210685,0.8014325862345488
MM_R12,1,114,0.8039918208694383,0.041666666666666664,0.9884140261582658,0.9809843288527595,0.6582493828237057,0.7038626472155253,0.9744431523538436,0.9670635743443957,0.969107763741606,0.8025391471126805,0.9690440188172044,0.823236487481905
MM_R12,1,115,0.8456287499001316,1.0,0.9641527323437907,0.9446971523995492,0.7461031446854274,0.6273472482959429,0.9556521882819368,0.9547018437599446,0.9409810115573226,0.7231932250053986,0.947449714906754,0.7697627920171489
MM_R12,1,116,0.8048356806481013,0.0,0.9899476605379064,0.9837414466088115,0.675597357302904,0.7017961516976357,0.9749653888069587,0.9653845958558686,0.9759228779103166,0.7534852371267651,0.9702913017683134,0.7544870370108149
MM_R12,1,117,0.7824906413139883,0.125,0.9803586134965546,0.9666227826106003,0.6848309654494127,0.5868161941568056,0.966607355090377,0.9556863438523046,0.9708376390639172,0.6764922310476718,0.9517940398185484,0.7392856932204702
MM_R12,1,118,0.8009455979890708,0.041666666666666664,0.9850256855322183,0.978539925852632,0.6891794676582018,0.6771705622474352,0.9745834082654118,0.9626437318330652,0.9738784018623573,0.7647283284560494,0.962940175046203,0.7764305239138396
MM_R12,1,119,0.806020168864783,0.0,0.9905449658360421,0.9836826702348548,0.7417698247234027,0.6373714432120323,0.9789900797611913,0.9649023833955663,0.9749307040004961,0.8273352222598117,0.963438956968246,0.8413290666497272
MM_R12,1,120,0.8005381859264641,0.0,0.9911153161870904,0.9846045918713987,0.6956835313141346,0.6305021395285925,0.9859190898269148,0.9684203259936371,0.9825830363458202,0.9100761996663135,0.9687942997101814,0.860094876393028
MM_R12,1,121,0.806347444032376,0.0,0.9879284961875822,0.980417100783267,0.7482710120081902,0.6441555420557658,0.9822264325244617,0.9669971785252756,0.9826758506717862,0.8184712211722913,0.9662183535996304,0.857450959475144
MM_R12,1,122,0.8251443437713455,0.0,0.9871115245540286,0.9798605862006643,0.7752915515502293,0.7437148168683052,0.9797741809504134,0.9690473253619775,0.9813460062748643,0.7882860931365386,0.9767672631048389,0.763863345851069
MM_R12,1,123,0.8071215696162363,0.125,0.9856985655625617,0.9757149171205907,0.7712567476431529,0.6111122493942579,0.966495381059549,0.9606081030692621,0.972947822783583,0.6576628156978152,0.963194816343246,0.7117360668337863
MM_R12,1,124,0.7947513030880049,0.0,0.9780675491188952,0.9691662942272385,0.725549884090821,0.6751621613899866,0.9730924503055224,0.9605102574853733,0.9742065324017437,0.7350779389557631,0.9581896053847446,0.7827528669782307
MM_R12,1,125,0.803164886182995,0.041666666666666664,0.9834990654346155,0.974079917069354,0.7313958803812662,0.6789225737253824,0.9721232081442706,0.9557068941056803,0.9707029754275917,0.7489016276338826,0.9509405320690525,0.7544288680605267
MM_R12,1,126,0.8121815465735641,0.20833333333333334,0.9851463734495164,0.9763276981372461,0.7469317513704299,0.6361265952388445,0.9595500188368941,0.9598029584128449,0.9564999300305562,0.6778918686120406,0.959483156922043,0.7500290248704993
MM_R12,1,127,0.7931180656009125,0.8333333333333334,0.9786344497601392,0.9643551407296673,0.5619858827193579,0.4675058188537757,0.9506279773446175,0.9466874515225966,0.9596349778034353,0.5502589874617432,0.9399076072118615,0.6283578474236571
MM_R12,1,128,0.8030274338940641,0.9583333333333334,0.9800303785712186,0.9603000185068916,0.5927994663019975,0.4897075816988945,0.9219622428888847,0.938283439848477,0.9222694306323925,0.4469422162712916,0.9271082724294355,0.556085627688014
MM_R12,1,129,0.7697791575566499,0.5,0.9836456343766584,0.9723982415168114,0.4876137681553761,0.5077221704026064,0.9512570215293973,0.9536992723853496,0.944753367333643,0.6435477882623672,0.949210218203965,0.7143479106218918
MM_R12,1,130,0.8222759656025235,0.4583333333333333,0.9843873480157214,0.9730750508557738,0.7393988385796547,0.5804591240982214,0.9768981967430229,0.9560170550050957,0.9693650428646353,0.840851459166278,0.9493772445186494,0.7810373280359351
MM_R12,1,131,0.8290062258054346,0.9583333333333334,0.9601973408542994,0.9443374384462443,0.6917569813628991,0.5964602157473564,0.967485807396355,0.9537415278365468,0.9577262369134734,0.7807086842215579,0.9454024120043684,0.771772647033567
MM_R12,1,132,0.8266996738348692,1.0,0.9744472155994254,0.9556356600686616,0.6900637691716355,0.5374985958139101,0.9331788415018444,0.9431423483711319,0.9162403750083139,0.593550833347051,0.9298850438928091,0.6790584753388944
MM_R12,1,133,0.7996133098066627,1.0,0.9409363088239658,0.9080182614669301,0.7007000263532003,0.5745230813821157,0.9458442568211315,0.9467289492180201,0.917899272895308,0.7512399398762247,0.933390627625168,0.7489578685034877
MM_R12,1,134,0.8048673995203723,0.25,0.9877340250573758,0.9807511855963789,0.7105301036934057,0.5554883629083633,0.9786615120509587,0.9638430955349957,0.9844854331465177,0.7427017183407493,0.967282202935988,0.7535593341226163
MM_R12,1,135,0.7966074484920227,0.0,0.9905853903827824,0.9843694786035936,0.6744545906285445,0.6379587103923162,0.9805993632769899,0.9661349582066722,0.9785434773532292,0.8246045980764471,0.9641569404191869,0.8607099587502687
MM_R12,1,136,0.819325904729822,0.8333333333333334,0.9683625022621526,0.953622913672254,0.6879262636601925,0.5534593301514784,0.9597682170659549,0.9555060177255883,0.9477323179123222,0.7335231485574142,0.9507219868321574,0.752129030616387
MM_R12,1,137,0.741175848372361,1.0,0.9103612035247682,0.8785973368127361,0.534719768166542,0.5492419352134069,0.9451118050665587,0.944166729142764,0.9282645955281232,0.6738687701847242,0.9303460890246976,0.711203791525053
MM_R12,1,138,0.8091620167207177,0.041666666666666664,0.9800948772029437,0.9721929744178174,0.7800646807750066,0.6576908951004347,0.9738290573420004,0.9751402763839389,0.9812885388651843,0.6978757161161174,0.9859983382686494,0.802804383246795
MM_R12,1,139,0.8276778516339427,1.0,0.9652090552672948,0.9444062425420174,0.6938997413714727,0.5785463079810143,0.9495801642764695,0.9462801948088861,0.9469719513529732,0.6025142374893894,0.9333007156207999,0.7320591509342194
MM_R12,1,140,0.7600395432521742,0.4166666666666667,0.984695299116204,0.9763346962289873,0.597937339792649,0.3519398445884387,0.9572534082416683,0.9556008123692928,0.9583919907930077,0.6293019717154296,0.9521175917758736,0.7286312774471615
MM_R12,1,141,0.7791474340836682,0.0,0.9914694545222974,0.9853842128336039,0.501464006503423,0.6913701618711153,0.9791191538473081,0.9676507701098783,0.9845588621833632,0.7501125086260878,0.9696576518397176,0.8323518322861713
MM_R12,1,142,0.7546780090806242,0.0,0.9809029376377657,0.9694229177400177,0.6058852410813172,0.5252814454336961,0.9660165622935256,0.9656334640869942,0.9738282284108543,0.6466352912880804,0.9726021059097784,0.7218611133487328
MM_R12,1,143,0.7736468101751925,0.08333333333333333,0.9829920210572208,0.9736938069848454,0.6028466243545215,0.5908975849548975,0.9718583575654479,0.9608502671576598,0.9693620899111353,0.7570455845283426,0.9606500441028226,0.7612562911665958
MM_R12,1,144,0.7722402840325416,0.0,0.9826969612982079,0.9638279107661031,0.7087454823156198,0.5418982555468878,0.9741206167822224,0.9612944949769551,0.9759427964366892,0.7379338035117025,0.9584209483156924,0.8002359815265822
MM_R12,1,145,0.7994194530679916,0.0,0.9895684178927387,0.9839560644494162,0.7252493675053119,0.6073409467935562,0.979349756764158,0.9692134551016295,0.9804023938874403,0.7890364404605783,0.9740462764616935,0.8050183958333471
MM_R12,1,146,0.8156710066109623,0.8333333333333334,0.9821339324382338,0.968681524820577,0.5769875350097815,0.5474354947606722,0.9636309231904162,0.9561087570629594,0.9661222093848773,0.6677117875736692,0.9499167165448589,0.7756183970233669
MM_R12,1,147,0.7462694217953971,0.08333333333333333,0.990995594067065,0.9850559830276016,0.37449895292520524,0.5912405997514725,0.9747840991720077,0.9523706589452106,0.9712673640379342,0.7890658534091451,0.94439697265625,0.752810625926308
MM_R12,1,148,0.7599402927492453,0.0,0.9913233856905252,0.9867084696791529,0.6224544736246268,0.4470644071698189,0.9779827299518389,0.9652348909825715,0.988698478267398,0.7034671624069628,0.970753659484207,0.7420762628316879
MM_R12,1,149,0.7662241645136579,0.20833333333333334,0.9830314742604144,0.974423918926638,0.6509866874416669,0.4615152180194855,0.9522490305586664,0.9544676569734918,0.9574609348770752,0.575012771655684,0.9540362614457325,0.6529239118099213
MM_R12,1,150,0.764075658431971,0.125,0.985262146385924,0.9774074340957443,0.6981896923979122,0.4166349694132805,0.9603469786412884,0.9546104129441053,0.9652215877287492,0.6240124129082846,0.9542774487567205,0.6536369317251703
MM_R12,1,151,0.8182431216179444,0.7916666666666666,0.9762404540711035,0.9632476421742657,0.655843833386898,0.5634345213572184,0.9565794122193466,0.9456456376539677,0.9474441036581993,0.6945313603981681,0.9361319593203965,0.6571105919454409
MM_R12,1,152,0.8202954889327798,0.9166666666666666,0.9766899255584534,0.9593642983561249,0.639739324748516,0.5601025273402532,0.9385283944966405,0.9459060647382241,0.9269987841447195,0.593335954391438,0.9368469894573254,0.6539870163668757
MM_R12,1,153,0.7894705121575828,0.0,0.9896832392885261,0.9834424086255965,0.750538457632065,0.5161393110950788,0.9751161494552015,0.9745267525567655,0.9910602038425784,0.652734146008025,0.9872662944178426,0.7681926890559818
MM_R12,1,154,0.8054707388761196,0.75,0.984479511072109,0.975598415829777,0.6167328402896722,0.4290398173034191,0.9756835538154989,0.9658519801940706,0.9664840141451488,0.8448446639206099,0.9628689673639114,0.8673757522002511
MM_R12,1,155,0.7631681290843398,0.0,0.9936383968161695,0.9895884946280834,0.6690436473488809,0.4335993155837059,0.9646614939934707,0.95618699058002,0.951060990051877,0.7887583446243535,0.9493500084005376,0.7846558754858763
MM_R12,1,156,0.8549053811994981,0.8333333333333334,0.987504729353458,0.9774056604095533,0.7086910959084829,0.614049198726813,0.9728301552947024,0.9590426715173014,0.9609451326391389,0.8433603657328564,0.9590923350344421,0.72716124355793
MM_R12,1,157,0.7943050015196259,0.08333333333333333,0.9838779850229503,0.9682681925156537,0.7593421004712582,0.5775392899910609,0.9688902793439867,0.9654394417107648,0.9807556877213139,0.6378549910757852,0.9748380927629369,0.6725162416696548
MM_R12,1,158,0.821812326733374,0.5833333333333334,0.978095728774245,0.9695396255823522,0.7078394339978695,0.5779223293066025,0.970420547407867,0.9614008327030708,0.966933002274844,0.7524603683015575,0.9647147886214719,0.7127606570720673
MM_R12,1,159,0.8008081530065636,0.0,0.985730128172396,0.9756455107452043,0.7472738208870093,0.6413565253218015,0.9779202499845779,0.9620106596711643,0.9827936301708862,0.7445399417825367,0.9623390115717406,0.7672050031630889
MM_R12,1,160,0.825827103154707,0.5833333333333334,0.987004948176705,0.9768702208606247,0.7435134059687457,0.5469688437879086,0.9574635932994863,0.9512190034803186,0.9597079731443877,0.6219280930640905,0.943497524466566,0.7263129677461542
MM_R12,1,161,0.7832398139631661,0.20833333333333334,0.991217288720413,0.9853441820425145,0.5993604295452436,0.5225176612536112,0.9766707671321027,0.9656055422755724,0.9812744897940466,0.7358691666437231,0.9721915952620966,0.7275889107714528
MM_R12,1,162,0.810134381097731,0.08333333333333333,0.9886232975847777,0.9804252718788345,0.7730981588363649,0.6197908769051234,0.9674743324147386,0.9650464531645527,0.984791766331401,0.593694285530111,0.9728826707409274,0.6930221636658129
MM_R12,1,163,0.7883814289999764,0.08333333333333333,0.990019890675844,0.9828373311781416,0.7323334927856923,0.5021005421876907,0.9706208779366255,0.9665807929049275,0.9829128588479693,0.6474971448921639,0.9743675313970094,0.7239481852106426
MM_R12,1,164,0.7815073267410372,0.08333333333333333,0.9813210370161612,0.9670599744210836,0.7265954093138376,0.5530695070823034,0.9599128258636437,0.9629117559297903,0.9786866548401054,0.5477966680798841,0.9700911327074934,0.6669780404671378
MM_R12,1,165,0.7805541948024654,0.08333333333333333,0.9895161401852258,0.9820856047222039,0.6476282131175201,0.5358745145301024,0.974193224191151,0.9663047553498636,0.9816002742016828,0.7000046406427155,0.9701492145497314,0.7784045915240827
MM_R12,1,166,0.8150426995469958,0.20833333333333334,0.9864415092288548,0.9788373282142713,0.7402187978227932,0.6223849157492319,0.975684461576722,0.9664065747336051,0.9820400982374146,0.7170416123193243,0.9735264931955646,0.7326704503401466
MM_R12,1,167,0.8146329942413034,0.9166666666666666,0.9652935395707205,0.9452708908155852,0.6319529590507348,0.6053808033466339,0.9440572567936005,0.9432033820591595,0.9406575224091931,0.5778272462927777,0.926371584656418,0.7483289604601653
MM_R12,1,168,0.8257275569420628,0.3333333333333333,0.9858842103338471,0.9743116815884908,0.7758019735415776,0.6416256527105967,0.9489839188126701,0.9645754408782072,0.9672753672686315,0.4884172763027575,0.9744525212113575,0.6496428957451945
MM_R12,1,169,0.8036794955426401,0.0,0.9866389271036272,0.9783746902070014,0.7571190870304902,0.6253204618891081,0.9738118890536561,0.9761798766464659,0.9911181433627041,0.6329128233634908,0.9875934559811829,0.8153968557067539
MM_R12,1,170,0.8167405893031989,1.0,0.9567572697925248,0.9301632909213794,0.6923469064136345,0.5760342329740524,0.949877463935025,0.946310022430481,0.9450768400985066,0.618409320064213,0.9340698898479504,0.7200092614992805
MM_R12,1,171,0.7974406652276664,1.0,0.9483178780856925,0.9126624140084957,0.6794579105575879,0.5433041503032049,0.9450203080233969,0.947802081941239,0.9058506773604501,0.8383894679339036,0.9342972950268816,0.7636701568313267
MM_R12,1,172,0.8768129764188296,1.0,0.9792465174489786,0.966787324699701,0.7476945184667905,0.6698607554038366,0.9814323393165797,0.9672769118473825,0.9763506104148204,0.8622527005879775,0.9671519289734544,0.8537842138953831
MM_R12,1,173,0.8057680304214961,0.08333333333333333,0.9896235893551687,0.9812075082772697,0.7154652445018291,0.6478005995353063,0.973297724811485,0.9568340831404728,0.9712034904107613,0.7654861263606859,0.9546144547001009,0.7281415935443796
MM_R12,1,174,0.8146547298296264,0.5416666666666666,0.9818162270598826,0.9707879844833823,0.6191800455749035,0.6176417879760265,0.9771235568730577,0.9608596806374711,0.9823898471571425,0.7339973909699399,0.963320824407762,0.7176367993588033
MM_R12,1,175,0.8464875876159247,0.7916666666666666,0.9742598356808075,0.9612926822861815,0.7588430682818096,0.6073459262649218,0.9765298856475818,0.9643887522445844,0.9676043519009184,0.8499037688193114,0.9636345319850471,0.8243321672729824
MM_R12,1,176,0.8103657374604064,0.041666666666666664,0.9912936789004019,0.9856736629616979,0.7401633645097414,0.6472631543874741,0.9729796749434438,0.9635936290250586,0.968567697952191,0.7818668912286344,0.962433845766129,0.8149733996909597
MM_R12,1,177,0.8188897445810694,0.0,0.9877458517233239,0.9792424782428867,0.7454009197155634,0.7425247157613436,0.9783918637086155,0.9627967971223775,0.9824683288492823,0.756642786057099,0.9609286400579636,0.8120662958725638
MM_R12,1,178,0.8560527775061844,0.5833333333333334,0.9871918641358491,0.9761425973543155,0.763373805830876,0.6792589426040649,0.9800830089149032,0.965357852215185,0.9722385439340786,0.8840392529964447,0.9647748393397176,0.8360017719476119
MM_R12,1,179,0.7917392453706729,0.0,0.9867317335278202,0.9772089963255365,0.7307582529385884,0.5828626304864883,0.9796028501061661,0.9667644931464913,0.9836808582867986,0.7664586376884709,0.9738333097068214,0.7416755757901979
MM_R12,1,180,0.7798446799450388,0.20833333333333334,0.9809132973960226,0.9710205332126494,0.685619918256998,0.49759601801633835,0.976522995286178,0.9587777337436929,0.9747951082404582,0.7886703305918238,0.9584173387096774,0.7295049134155979
MM_R12,1,181,0.8733397340417691,0.9583333333333334,0.9809412609739855,0.9642200856426962,0.7001895263294378,0.7282754555344582,0.9761842030897515,0.9632933382927497,0.9672522588122275,0.846904755934425,0.9625736359627016,0.7975564974805583
MM_R12,1,182,0.8275833713329649,0.125,0.9901752840401578,0.9855353679532319,0.7464348343014717,0.6982723623514175,0.9814962087018758,0.9689124325334273,0.978862123984483,0.8377273834269979,0.973850373298891,0.7969046837609747
MM_R12,1,183,0.7783610643300001,0.125,0.9734283450925257,0.9609173182568519,0.6180888465046882,0.6544314573208491,0.9711560675096713,0.9602078528941039,0.9663454315034293,0.7696924322973127,0.9591231807585685,0.7635351063116737
MM_R12,1,184,0.8648888869941875,0.9583333333333334,0.9818924451417113,0.9695011931307175,0.6632817374666532,0.717537688712279,0.9653202121341072,0.9543796080028893,0.9702260685303519,0.659764900803566,0.9486717306157594,0.7493540223525919
MM_R12,1,185,0.8221193980225673,0.5416666666666666,0.9844791168138448,0.9723003242530076,0.6785309359431267,0.5941173881292343,0.9782149727881634,0.9595309230817485,0.976393766861449,0.8048962950706482,0.9536283759660619,0.8296509916367738
MM_R12,1,186,0.8339002943580082,0.5833333333333334,0.9926405408602929,0.9883443557748607,0.6637909620503585,0.5888848602771759,0.9765995200843207,0.9642046523346052,0.9772445661646705,0.769602929768355,0.9600777574764784,0.8627278480840765
MM_R12,1,187,0.7929276408049944,0.20833333333333334,0.992231590133902,0.9876148355163,0.6388994668920835,0.5455358450611433,0.9735697213960876,0.961500072318714,0.97910107640169,0.709022268652916,0.9582801736811156,0.813874377504639
MM_R12,1,188,0.8477955873476772,0.6666666666666666,0.9859363816347259,0.9769218629092173,0.69207389925917,0.6732015808423361,0.9734150049311054,0.9594745833203636,0.9773250257055605,0.7181158788178278,0.954108125420027,0.8178532538206681
MM_R12,1,189,0.8116011956046404,0.125,0.9882575625176026,0.9788407279385462,0.7214143996934096,0.6516230876247088,0.9771941181823379,0.9670385504628007,0.9736793090098649,0.810822852279829,0.966560281733031,0.8549106211765952
MM_R12,1,190,0.8136044654066992,0.375,0.9909507922098015,0.9860811220275031,0.6650418238341809,0.5821996442973614,0.9733774299607082,0.9592965735816653,0.974444934357238,0.738036310867123,0.9533589680989584,0.8260021002396293
MM_R12,1,191,0.8330164926061285,0.7916666666666666,0.9849233961793482,0.9755779103515975,0.6432879399259885,0.5942962020635605,0.9550780490304215,0.957779446172876,0.9593921435936804,0.5958938914472642,0.958091817876344,0.7002635177062906
MM_R12,1,192,0.824403566186563,0.5,0.9798911805821051,0.962582702574387,0.6568441000084082,0.7077416156729063,0.9688058439169014,0.9571061614580133,0.9712529780883942,0.6978202228960784,0.9511239656838036,0.7852905081666034
MM_R12,1,193,0.8634259396923833,0.8333333333333334,0.9892527720914828,0.9830627001578511,0.714632221410672,0.6439237917462984,0.9679454759383873,0.9620202111674588,0.9640819127521206,0.7335670739412308,0.9592931603872646,0.8147712738617606
MM_R12,1,194,0.851098522596369,0.9583333333333334,0.9860168335967905,0.9754152740138808,0.6147358236213525,0.6261733050147692,0.9702435610110535,0.9650168645448497,0.9629008332167261,0.7834080379942189,0.9669022098664315,0.7857159525156021
MM_R12,1,195,0.8080317525327778,0.125,0.9911220874059352,0.9833080315511991,0.6700092347959677,0.6810457209746043,0.9690617210212844,0.9570158187394769,0.9774375401277057,0.662594199180603,0.9547893565188171,0.7316651013882264
MM_R12,1,196,0.8228696252751463,0.4583333333333333,0.9800613686418966,0.9677769723281363,0.7434940084815024,0.6114974543452263,0.9698653662381277,0.960518126018581,0.9842144377048939,0.6243740640904593,0.9626451717909946,0.7175201352523721
MM_R12,1,197,0.7984247460051501,0.5416666666666666,0.9663739788945538,0.944952292068332,0.6771728817621868,0.6256022254625956,0.955251706096262,0.943754810362214,0.9578716656373393,0.6063422797166783,0.9258645990843415,0.7668539454107699
MM_R12,1,198,0.8194629551901325,0.3333333333333333,0.9906166096509681,0.9828868077471364,0.6740863285462062,0.6432109773159027,0.9717880323834475,0.9596530030441291,0.9683463140440884,0.7642989923124728,0.9535670126638105,0.8335207039895265
MM_R12,1,199,0.7988886322552877,0.08333333333333333,0.9866421109468687,0.9755566187154235,0.6677511738240719,0.6758430997530619,0.9696611248834573,0.9602951997934014,0.9771045974345617,0.6754918185913045,0.960553241032426,0.7483677455912465
MM_S3_L20_29,1,0,0.8026114077610244,0.4166666666666667,0.9832418067073622,0.9689149403883741,0.606710319618384,0.628965879480044,0.9703239792159201,0.9560521687689736,0.9736807346744563,0.7013084642265154,0.9495790543094756,0.7795398157575856
MM_S3_L20_29,1,1,0.8281148390817895,0.16666666666666666,0.9842348920491378,0.9731810950765422,0.7889587248365085,0.6799122740825018,0.9890519638329804,0.9713593953473211,0.9870848823539031,0.9380853098371754,0.970097367481519,0.9124275743961334
MM_S3_L20_29,1,2,0.8034319838285413,0.4166666666666667,0.9902374125761714,0.9839947236519233,0.564256446287036,0.6234506492813429,0.9663557731393667,0.9510840499789066,0.9521396220611628,0.8097978726677273,0.9329469742313509,0.8711927325829215
MM_S3_L20_29,1,3,0.7989785246348173,0.0,0.9859130858738542,0.9763894688849355,0.7585996816555659,0.600582646826903,0.9819244878018453,0.9695662449528685,0.9867531572298338,0.7794764637947083,0.9745440739457326,0.8096926082735476
MM_S3_L20_29,1,4,0.8335774339776056,1.0,0.957550926753321,0.9286849222931207,0.7389302424093088,0.6157669648528099,0.9589157113461635,0.9565034611552337,0.9313690085164321,0.8616634387037029,0.9452622936617944,0.8571434461552164
MM_S3_L20_29,1,5,0.8179027775850272,0.5,0.9901154069459573,0.9820395230857374,0.6312957753241063,0.5934835796554884,0.9702411707695431,0.9632422806325683,0.9616427425976082,0.7938882656719374,0.9585049536920364,0.8594465411227682
MM_S3_L20_29,1,6,0.7940570333068213,0.20833333333333334,0.9856793474042855,0.9745789590614294,0.6978351376950741,0.5411298548181852,0.9773623918933046,0.9659403108902186,0.9717723925908407,0.8266628682613373,0.965623753045195,0.8398855587710505
MM_S3_L20_29,1,7,0.819742854441654,0.25,0.9887531695774969,0.9796711745215397,0.7745980783303579,0.6106666301687559,0.9660666796185672,0.957649256486115,0.9687246710702938,0.6824989143920981,0.951245379704301,0.7982344147951707
MM_S3_L20_29,1,8,0.8114915001859553,0.5,0.9888030364650979,0.9803716137518291,0.6875582557419936,0.5345468024412791,0.9597826072316118,0.9501353112195011,0.9523141000379799,0.7033528951199158,0.9370153283560146,0.7869359915671141
MM_S3_L20_29,1,9,0.7994980160681919,0.0,0.9889868650225256,0.9815639393002379,0.7230720341205598,0.6146830047170321,0.987583704334769,0.9648932906326088,0.9844092672230094,0.9348276348217673,0.960450203188004,0.8725419821946517
MM_S3_L20_29,1,10,0.8190318803277801,0.5416666666666666,0.9892549680523697,0.9798766436919667,0.6585160088539124,0.5678213760256767,0.97110272503991,0.9578697426412868,0.965755412975947,0.7738470059374104,0.9462477161038306,0.8743611327979876
MM_S3_L20_29,1,11,0.8007474097922765,0.5,0.9865236568778747,0.9787008199037289,0.577199608584245,0.5868000636498133,0.9517169505222971,0.95755146830399,0.9315278250924361,0.7344329000815101,0.9508519326486895,0.8021022794039353
MM_S3_L20_29,1,12,0.826731771201535,1.0,0.9809759254694949,0.9679758604835061,0.6550733985503515,0.500901230921348,0.951238937251333,0.9394187583740748,0.9380204708425589,0.6880435820506967,0.9213512789818549,0.7006843621316163
MM_S3_L20_29,1,13,0.8325272643895507,0.9166666666666666,0.9661708693241068,0.941240240701663,0.7125687001148858,0.6173903966943423,0.962081120503508,0.9509137811110729,0.9415493288267683,0.8243113341538802,0.9414325016801076,0.7534472644329071
MM_S3_L20_29,1,14,0.8015238981029076,1.0,0.95306473003865,0.9241039509866752,0.6498521016289791,0.5473069796959559,0.9523312600056001,0.9451672968263582,0.9341903586861907,0.7241259314443754,0.922045635920699,0.8623346543830374
MM_S3_L20_29,1,15,0.7719984246775549,1.0,0.8919987751735384,0.8723263927534514,0.7090651759008567,0.6121046617627144,0.9716102839198723,0.9530376398789636,0.9641620486333805,0.795911185119463,0.942283712407594,0.7938116568586101
MM_S3_L20_29,1,16,0.6874399079539143,0.9583333333333334,0.8817984398585302,0.8540460532786799,0.5102672936829428,0.539115077505509,0.8551502552316276,0.9262286456283357,0.7961946712576493,0.4199302058019068,0.905196323189684,0.523954843049464
MM_S3_L20_29,1,17,0.8341529439306927,0.9166666666666666,0.980385081389846,0.9625841585639255,0.6819161416590213,0.5731760983665785,0.9379420032900505,0.9563540892696789,0.9203588729023293,0.6244468377984088,0.9520122569094421,0.7572240285251451
MM_S3_L20_29,1,18,0.7919754868761264,0.0,0.99351743056683,0.9906023656620698,0.7042369756102561,0.5509954517086347,0.9831659376960827,0.9640632996179935,0.976949671904246,0.9124660440113234,0.9548280777469759,0.9207636752854222
MM_S3_L20_29,1,19,0.7485657174503255,0.0,0.9879282006893675,0.9796093176003375,0.6072875342269738,0.47015755499402684,0.9486245765483486,0.9529184022235079,0.9298869454331937,0.7041529300420181,0.941686486685148,0.7998776850493058
MM_S3_L20_29,1,20,0.7786685989286006,0.0,0.9880111714509375,0.9775933629936642,0.6633038947979609,0.5829318910837173,0.9765261292585897,0.9524401318350669,0.9726403246643723,0.808334108280099,0.9479153540826614,0.6878666735213735
MM_S3_L20_29,1,21,0.7791806765742352,0.125,0.9909665110873114,0.9863133091357797,0.6497891604403655,0.4975263799230258,0.97496383753055,0.9582870243336132,0.9685468219460981,0.8156343853991964,0.9482300460979501,0.8628428384013798
MM_S3_L20_29,1,22,0.764514965497357,0.4583333333333333,0.9607128974714664,0.9505432740535612,0.5824268296857674,0.49869529530406,0.9765336041372116,0.9602368557672651,0.9772712659611497,0.7684427046257517,0.9507833501344085,0.8766860352910083
MM_S3_L20_29,1,23,0.8068386361500851,0.25,0.987387352680047,0.9784055539205964,0.7224130251506965,0.5833330775300661,0.969608241488972,0.9573485413475566,0.9619598602976209,0.7807977212511975,0.9507597236223119,0.7962768155595531
MM_S3_L20_29,1,24,0.8484743455964392,1.0,0.9815690579145951,0.9696652191137177,0.6411474159359932,0.6198056861758232,0.9590345976697964,0.9546508692726389,0.9331576216925858,0.845096415799597,0.944668677545363,0.8110181520814481
MM_S3_L20_29,1,25,0.5340788411826385,0.9583333333333334,0.7766477250401659,0.7471279987322738,0.4109069300318758,0.348638857404391,0.8136914365780733,0.919355103561589,0.7038295063433008,0.45784995883055357,0.8859820622269825,0.6161870651918909
MM_S3_L20_29,1,26,0.8225278712117857,1.0,0.9795789808355678,0.9592735888911229,0.6650307009617488,0.49176354706287384,0.9528714091518923,0.9380972328330753,0.9360529001682035,0.7192436560340549,0.9176642305107526,0.719697312168453
MM_S3_L20_29,1,27,0.7766655791982402,0.041666666666666664,0.9904339384373021,0.9821210096474567,0.6379065473377704,0.532825406640768,0.9850125469965375,0.9607010892200639,0.9803885324026949,0.9172502043454543,0.950692125546035,0.8914996268956558
MM_S3_L20_29,1,28,0.8102219135003013,0.5833333333333334,0.9740831750826741,0.9623291441038543,0.7475379622975985,0.5117135643959045,0.9637595923051462,0.9556333487735023,0.9573175648367535,0.7224300840626592,0.9493687127226144,0.7692356537217679
MM_S3_L20_29,1,29,0.7838143924579435,1.0,0.9548827468175661,0.9359043182111254,0.63768871580561,0.4326327169934909,0.9325231453543091,0.9428457364334206,0.9285885486551511,0.5243380383952804,0.927043955813172,0.7215816378593445
MM_S3_L20_29,1,30,0.8513804758887035,1.0,0.9716162552622322,0.9472664533876906,0.6942989492913089,0.6834790830810865,0.953808425753448,0.9566834323393246,0.9311168424945365,0.7742826251879983,0.9469086021505376,0.8425623930018881
MM_S3_L20_29,1,31,0.7977830965489421,0.20833333333333334,0.9811767604310688,0.9721300718051934,0.70006417542696,0.5919576783974966,0.97612366404007,0.9620009851185363,0.9691104461909622,0.8279408151688783,0.9573416761172715,0.845257510309634
MM_S3_L20_29,1,32,0.8114675423549763,0.5833333333333334,0.9909756755689277,0.9855856565089006,0.5236675307651361,0.6010846371452013,0.9716502280151995,0.9649880427193764,0.9614742618975459,0.8188233880893044,0.9632164739793346,0.8465824114239734
MM_S3_L20_29,1,33,0.7933857713083132,0.25,0.9909756984359435,0.9813972581445781,0.6764135853946209,0.5484563149511814,0.9500710905412187,0.9543464007496647,0.944212352236112,0.6277788300877032,0.9451677876134074,0.7895945984384288
MM_S3_L20_29,1,34,0.8058796258682025,1.0,0.9528894549634535,0.9292884515001884,0.6536432272692522,0.5540999323129654,0.9611620421549758,0.9407369011156952,0.9434929403165976,0.7938101382359214,0.9169957971060149,0.8072088360786438
MM_S3_L20_29,1,35,0.8075624670938194,0.125,0.983278357008832,0.9699458283536574,0.7488867346445719,0.6486406673987707,0.9737544064010283,0.9628758142358511,0.9644548355411459,0.8273665438527646,0.957718059580813,0.8599754312764043
MM_S3_L20_29,1,36,0.817184575390246,1.0,0.9595777653923111,0.9315584285586489,0.6873377345502375,0.5635530203580856,0.9462140702709139,0.9546016532400509,0.9300543210038574,0.6764718261749848,0.9461522256174394,0.7849230779253918
MM_S3_L20_29,1,37,0.77661382072415,0.125,0.9915792165522207,0.9863587158762552,0.5562950055301189,0.6005769371986389,0.9575488015428021,0.9523286073258604,0.9351977806498287,0.8036487607852273,0.9405842442666331,0.7985698360463848
MM_S3_L20_29,1,38,0.805202827879177,0.9583333333333334,0.9750793582367954,0.9528545099925371,0.6371713192264239,0.448019793877999,0.9643472088745225,0.9374584554881635,0.9428371142956519,0.8545983861321989,0.9098454957367271,0.8230220001676808
MM_S3_L20_29,1,39,0.8068876063977333,0.3333333333333333,0.9904389024890806,0.9815653135184369,0.7295611091951528,0.5041124174992243,0.9722555051589467,0.9637228643825058,0.967384983495038,0.779739799382894,0.9579051028015794,0.8749330950819928
MM_S3_L20_29,1,40,0.7951314267566694,0.5416666666666666,0.9900665222307762,0.9834278371209413,0.6027850908289353,0.4469032287597656,0.9786836508028446,0.957909117050848,0.9757565624851695,0.8172805555488752,0.9465725806451614,0.8714798766633739
MM_S3_L20_29,1,41,0.8410232060239166,0.7916666666666666,0.9830668791107892,0.9698710288097656,0.6619825752576192,0.6480345552166303,0.96541601857015,0.9498525214154395,0.9719925681830093,0.6508516001960506,0.939302505985383,0.7535411158333654
MM_S3_L20_29,1,42,0.7811822855180582,0.0,0.9931860460396766,0.9875954833490397,0.6420741019397974,0.5482582151889801,0.9818989962106919,0.9681076026913603,0.9756411583593456,0.8881156768487848,0.9637277254494289,0.9107488963914954
MM_S3_L20_29,1,43,0.7999755156592973,0.0,0.9890791964401576,0.9809568603833517,0.706934374322494,0.6486667667826017,0.9805337254237064,0.9610794795791752,0.9747057316364139,0.8605147250320601,0.951283444640457,0.8928962583127229
MM_S3_L20_29,1,44,0.8437045145772136,0.875,0.9890128309870957,0.9791434308672263,0.6979025119543075,0.5256636217236519,0.9717526199139536,0.9567797912591697,0.9621796873948908,0.8152383876883466,0.9443766276041666,0.8707458700822748
MM_S3_L20_29,1,45,0.7845718020020498,0.0,0.9921150058685037,0.9887539155148213,0.7074157651762167,0.5123968596259753,0.9790558592169321,0.9654717346354179,0.9693642982472014,0.9006837450939676,0.9587904407132056,0.9061343941999518
MM_S3_L20_29,1,46,0.7918111805984365,0.125,0.991799474429603,0.9853729115202535,0.6938628716270129,0.5669456434746584,0.9558410328671788,0.9514056061802516,0.9560732398061983,0.6251359044209771,0.934580813172043,0.8617940311846526
MM_S3_L20_29,1,47,0.7838669786792659,0.0,0.9928346362440617,0.988841136686163,0.6838643912971021,0.5290932146211466,0.978252709083565,0.9658486220695615,0.9690506987433921,0.8751582373743472,0.9599166377898185,0.9008935599223428
MM_S3_L20_29,1,48,0.7938448711806264,0.20833333333333334,0.9926203074701657,0.9856825430214015,0.674246725961566,0.5259391131500403,0.9780082791863113,0.9532967565399512,0.9673520258517675,0.8989740402802177,0.9368850543934811,0.8768978987051093
MM_S3_L20_29,1,49,0.8198335294666108,0.75,0.9846049672486146,0.9749721776036656,0.6621551789840062,0.5249685247739156,0.9554219194943269,0.9488643944767841,0.943780017515985,0.702004110035689,0.940286615843414,0.6996322980393535
MM_S3_L20_29,1,50,0.8831301470924297,0.9583333333333334,0.9706683336675646,0.9613121282820608,0.7532277442018191,0.7725833977262179,0.9789479775735668,0.9678281737315194,0.9778152623323985,0.8053035580593607,0.9644253638482864,0.8958967081878496
MM_S3_L20_29,1,51,0.7966576618288671,0.041666666666666664,0.9926246978371641,0.9880884294026817,0.7255664187173049,0.5831114090979099,0.9619920916257293,0.9572684218375191,0.9640428934206243,0.6570875155537025,0.9539266606812836,0.7561477357926576
MM_S3_L20_29,1,52,0.8139119569480985,0.125,0.9814401910886031,0.9710003912838455,0.7666640066107115,0.660166896879673,0.9834704028243207,0.9658664224524355,0.9783325053110558,0.8977177324502364,0.963871125252016,0.8582910882390064
MM_S3_L20_29,1,53,0.8354712731705468,0.9583333333333334,0.9822664500401078,0.9690932145305707,0.6254221095144749,0.5644118090470632,0.9677333917798814,0.951988452529193,0.9674661315737231,0.7087506693990334,0.9400060510122646,0.7968431743590728
MM_S3_L20_29,1,54,0.8355979598922197,0.4583333333333333,0.9815189282427047,0.9672115260479498,0.7600968765219053,0.6598726312319437,0.9769287998223154,0.964955282191246,0.9744368345346501,0.7992584964503413,0.9637513519615255,0.8386853311372839
MM_S3_L20_29,1,55,0.7960747067421342,0.625,0.9778959525418592,0.9648850461236792,0.7513086114823818,0.4253986378510793,0.9251904102291495,0.9519061414231199,0.9224765765811167,0.47732052579522133,0.9458660823042674,0.7105596778185471
MM_S3_L20_29,1,56,0.8412791644156492,1.0,0.9648804441590931,0.9451927867590214,0.6912271258234978,0.6600199093421301,0.9520172484524908,0.9505329800487333,0.9435867449288727,0.6599539116672848,0.9420323525705645,0.7278169173261394
MM_S3_L20_29,1,57,0.8308129815108857,1.0,0.9798327805607344,0.964280112584432,0.5489051829526822,0.6379997879266739,0.9550939712521358,0.9430917753275692,0.9351951017655352,0.7625651502090952,0.9234730710265456,0.7815657983655515
MM_S3_L20_29,1,58,0.8551616355362857,0.5,0.9912908502641992,0.9833070657611672,0.7457301344474155,0.7211416810750961,0.9758304297431067,0.9529712711346202,0.9691415772803368,0.8236627695353135,0.9409347041960685,0.821857943483021
MM_S3_L20_29,1,59,0.8074227391048587,0.16666666666666666,0.989226749873145,0.9831888672962688,0.7292077825963498,0.5679665580391884,0.9906346513612897,0.9648773045430877,0.9915134038335532,0.9194947908753934,0.9591704337827621,0.890437117089396
MM_S3_L20_29,1,60,0.8452039619549127,1.0,0.991114999367543,0.9847387115550198,0.7049958676596483,0.4481638583044211,0.9755511007388936,0.9500583514262312,0.9653003449321435,0.8539462944735652,0.9307303479922715,0.8731270562047544
MM_S3_L20_29,1,61,0.8190038860311493,0.7083333333333334,0.9896802096407993,0.9804157386807835,0.7236064991851648,0.44003626083334285,0.9602297005500452,0.9497470718711606,0.9546524648384382,0.6950023064146871,0.9298499322706654,0.8761457619459733
MM_S3_L20_29,1,62,0.8365072060387738,0.9583333333333334,0.9778645684947769,0.9558974201383155,0.6929281367361545,0.5483726933598518,0.973070445344281,0.9517768492614773,0.9605945807791526,0.8509409000044283,0.9340426537298386,0.8745867908000946
MM_S3_L20_29,1,63,0.7835468419193349,0.0,0.9917185002994625,0.985529646803351,0.6871179929375648,0.539442470918099,0.9840315734989629,0.9586924535930083,0.9788935314263068,0.9084929564724797,0.9468042517221101,0.8904074067654817
MM_S3_L20_29,1,64,0.7773418626646175,0.041666666666666664,0.9922290154079499,0.9871336904031779,0.6432942166676124,0.5139776517947515,0.9790712782548585,0.9644927513593693,0.9691687357682053,0.9048714028752368,0.9570955666162634,0.9024320801962977
MM_S3_L20_29,1,65,0.8459912730940347,0.7916666666666666,0.9851050603532827,0.9727305346844243,0.6922856819132965,0.6339307601253191,0.9623619539068263,0.9535186600855049,0.9630180298881506,0.6722802429095559,0.944505588982695,0.7796524516914202
MM_S3_L20_29,1,66,0.7965890869225192,0.0,0.9924805190392499,0.9864148796773424,0.7457879512012004,0.576354925831159,0.9701165214029075,0.9590527199336624,0.9752271386484305,0.6909114219572233,0.9532533050865256,0.8182178347007089
MM_S3_L20_29,1,67,0.71238675353929,1.0,0.9029638565677488,0.8796254983135299,0.4911498355617126,0.4306550274292628,0.9315256170406406,0.9541686790366359,0.8908493658077091,0.7370721529359403,0.94415283203125,0.8006068102043608
MM_S3_L20_29,1,68,0.7607348908614855,0.08333333333333333,0.989028874567136,0.9815704285708907,0.5162942196428776,0.5584011723597845,0.9610830998287628,0.965121832430456,0.947415657421594,0.7607918718586797,0.966444118048555,0.793946579746578
MM_S3_L20_29,1,69,0.828046629312661,0.9166666666666666,0.9648158388934277,0.9425638322736702,0.7045694571733474,0.6172797530889511,0.9530835030118823,0.9439733830799302,0.932310990388355,0.7519256171324978,0.9296038227696571,0.716767000115436
MM_S3_L20_29,1,70,0.7581998274275359,0.16666666666666666,0.977134598682147,0.964592446532904,0.6444536409775415,0.49858857070406276,0.9465931021508306,0.9481978249571833,0.9347085488098923,0.6485310734614081,0.9407791629914314,0.6649226008549981
MM_S3_L20_29,1,71,0.7839014607281348,0.4583333333333333,0.9824501433048142,0.9729382737789279,0.6428832515577475,0.44918980697790784,0.9675501314361052,0.9532949520071282,0.9631748036030799,0.7346058507328448,0.9413058373235886,0.8269155103227367
MM_S3_L20_29,1,72,0.8128261060928426,1.0,0.971403760359349,0.9569820124339433,0.6625403259197871,0.44329937050739926,0.9604205866617255,0.9479032789889499,0.9488409464397739,0.73527297636737,0.9319566295992944,0.7947984700617583
MM_S3_L20_29,1,73,0.7755747032956128,0.25,0.9938442707405923,0.9898978392283121,0.42470501380662123,0.5976346383492152,0.981828429410692,0.9667466482480093,0.9807912728558946,0.8260615779005963,0.9640420893187164,0.8738862768463467
MM_S3_L20_29,1,74,0.8374829524550024,0.5,0.9845156685337062,0.9757711655174206,0.6929571146269641,0.7256137579679489,0.9556894115196065,0.9533779422881761,0.9592248480967296,0.6022172090799912,0.9494812668010754,0.694857032402702
MM_S3_L20_29,1,75,0.8002379182033947,0.125,0.9774659200181438,0.9623658408526502,0.7417396365106107,0.6354347169399261,0.9798345974178734,0.9673139545802906,0.9732671970481513,0.8609742172386335,0.9651715678553426,0.8739463816518369
MM_S3_L20_29,1,76,0.7936892728302929,0.3333333333333333,0.9776579341397943,0.9658742043707106,0.7635506491859753,0.46296123911937076,0.973894364264623,0.9678782723493583,0.9728058509288294,0.7624922342922377,0.9661418955813171,0.8757996779421101
MM_S3_L20_29,1,77,0.834195960247337,0.2916666666666667,0.9900272212864477,0.9826572713119531,0.6789294227461019,0.7606023525198301,0.9743848142024348,0.9551947296273174,0.9748802340479307,0.7522683661916981,0.9467753748739919,0.7908106381478517
MM_S3_L20_29,1,78,0.8241034829569833,0.9583333333333334,0.970220082287797,0.9477191666372461,0.5821976348261039,0.636106975376606,0.9612786217658528,0.9550774364157846,0.9500534939830021,0.7397657354240832,0.9459382744245631,0.8013283014297485
MM_S3_L20_29,1,79,0.8009272420240633,0.0,0.9911384030079936,0.9831990654562034,0.7212152214845021,0.6219904149572054,0.9812354276053753,0.96451138087484,0.9770768630488585,0.8493607795756796,0.9567913752730175,0.9072370697622714
MM_S3_L20_29,1,80,0.8527210155406979,0.6666666666666666,0.9915510952509491,0.9867890600675072,0.7107103688518207,0.6286504988869032,0.9771390104412491,0.9651529217770828,0.9663879625819704,0.8833742647067361,0.9605181294102824,0.8778257357037585
MM_S3_L20_29,1,81,0.8047392911225406,0.375,0.9736665578233087,0.9603296496509727,0.7510773253937563,0.5898789266745249,0.9518410405995817,0.9612513898922375,0.9593080007020504,0.5608520261619402,0.964833249327957,0.7047096458466157
MM_S3_L20_29,1,82,0.7729829451360419,0.0,0.9904715332567693,0.9855679466443904,0.6049073527256648,0.5748105545838674,0.9656206050642974,0.961583851618388,0.9527386599570834,0.7907737869283428,0.9597742224252354,0.7882980872755465
MM_S3_L20_29,1,83,0.8013332758081787,0.0,0.9924637111007968,0.9881552796348249,0.6812332565089066,0.6492333163817724,0.9834554622126342,0.9607167548241966,0.980220787507552,0.8642612669778906,0.9490097209971439,0.9099446094554403
MM_S3_L20_29,1,84,0.815634090819011,0.375,0.9837484250672537,0.9764977096732146,0.6189099153379599,0.6802327185869217,0.9733054198059715,0.9681112313657788,0.9721884050516673,0.7577418840449789,0.9636634088331654,0.9116459151972895
MM_S3_L20_29,1,85,0.8633310707866314,0.875,0.9803714569309442,0.9670516477690803,0.7350706090033055,0.6825682719548544,0.9656020148645479,0.9589708914803379,0.9513151928462008,0.8035482531008513,0.9554850260416666,0.7783427666062894
MM_S3_L20_29,1,86,0.8465370650052143,1.0,0.9751572391643624,0.9602354866227293,0.7335255697866282,0.5398901042838892,0.9758525515538737,0.9566307306274112,0.9662049713554562,0.8503978148750637,0.9423486853158604,0.8932107751784117
MM_S3_L20_29,1,87,0.7814062893989149,0.0,0.9918181817032888,0.9870466968982048,0.7140104219814143,0.5015654613574346,0.981746078884251,0.95523146299517,0.975002443518049,0.8950683487498242,0.9402311591691869,0.8846216616423234
MM_S3_L20_29,1,88,0.7763456816697076,0.0,0.9915988812583066,0.9853707512609319,0.6954588423172634,0.49265744537115097,0.9767876142308548,0.9594014156711693,0.9671203919476078,0.8615769938282345,0.9498697916666666,0.8682809368423794
MM_S3_L20_29,1,89,0.833407210245899,0.9583333333333334,0.9683251951761163,0.9463355488247341,0.7276829613248507,0.547708161175251,0.9722927826017028,0.9556095010821369,0.9684829355007217,0.7708185574282771,0.9464071950604839,0.8168924982133119
MM_S3_L20_29,1,90,0.7742087894251592,0.16666666666666666,0.9841398248453882,0.9729463555454428,0.611228185693423,0.5487806300322214,0.9633855084205752,0.9636004649031679,0.9539008052038248,0.7429882456427035,0.9631879252772176,0.7975558871808259
MM_S3_L20_29,1,91,0.785784038858423,0.16666666666666666,0.9830789801445566,0.9694457640055738,0.6895828944941362,0.5450000315904617,0.9831271933114092,0.9566772659554705,0.9771740195812076,0.9068421553010526,0.9473187846522176,0.8371679044288137
MM_S3_L20_29,1,92,0.852917275827126,1.0,0.9798113869446015,0.9654488549512975,0.7337210420270761,0.5756231273214022,0.9560133412707633,0.9557072088139439,0.9378293662141727,0.755430259782335,0.9518885458669354,0.7380900188632633
MM_S3_L20_29,1,93,0.7797137735034336,0.625,0.9868647876726219,0.9763000253758399,0.45660668840010965,0.5019461289048195,0.9602475594326085,0.9586909715740534,0.9414467010046206,0.7958178442457448,0.9551693495883736,0.7740776085335276
MM_S3_L20_29,1,94,0.7597341311504967,0.08333333333333333,0.9806491599976811,0.971156234367221,0.5929380318522454,0.5697714313864708,0.9482662929715552,0.9483820127738842,0.934295095262989,0.6756163116382516,0.93559084656418,0.762411435013232
MM_S3_L20_29,1,95,0.7928821714322638,0.2916666666666667,0.9873647211264239,0.9815438982708002,0.6549553928275903,0.5089787766337395,0.9839318077136593,0.9611126520810283,0.9835032379274727,0.8402240885340649,0.9520335863995296,0.8839051567989847
MM_S3_L20_29,1,96,0.8355084370553918,0.8333333333333334,0.9816525575361391,0.9652764113899929,0.6737920820216338,0.6055699462691942,0.9667401713647737,0.9422246938792442,0.9636034963912862,0.7203942926033683,0.9250744235131049,0.7346711197625035
MM_S3_L20_29,1,97,0.7896570517772634,0.125,0.9861698051395669,0.9785437710144941,0.7210105246802171,0.5895385046799978,0.9339425305958425,0.9511404640207939,0.9161724163599873,0.5993313750495082,0.9432176159274194,0.7282966401266016
MM_S3_L20_29,1,98,0.8127533664527753,0.5833333333333334,0.9753867356706823,0.9634582320069954,0.7032601159811019,0.5718955285847187,0.9617253275307668,0.9522474701710761,0.9639375816469872,0.6546639625145041,0.9386754189768145,0.8345104183839716
MM_S3_L20_29,1,99,0.7902036181802459,0.0,0.9762495796651548,0.9675335667491739,0.7625143237908681,0.6242186600963274,0.9727489550719236,0.9571592910559691,0.9596607559711062,0.8543614175008691,0.9453778010542675,0.8683524066987245
MM_S3_L20_29,1,100,0.7409231642935216,0.20833333333333334,0.9872240440005388,0.977037361088921,0.4069176421314478,0.5003940661748251,0.9617886106089669,0.9604700725579972,0.96039617858747,0.6812953288140504,0.9550754998319894,0.8350650059140247
MM_S3_L20_29,1,101,0.7760888250395733,0.5833333333333334,0.9909121672471888,0.9845423976969875,0.412394825120767,0.5203764103353024,0.948032944830916,0.9596064512087391,0.9331641639833169,0.6797846345149953,0.9572205902427755,0.770229631791944
MM_S3_L20_29,1,102,0.7764986778693521,0.0,0.9894788941445748,0.9796139712427175,0.5762145283073187,0.6527388195196787,0.968668043034802,0.953840144958359,0.9498216279091373,0.8763364760772042,0.9427765877016129,0.8199125567208165
MM_S3_L20_29,1,103,0.776841400340262,0.041666666666666664,0.9863929179206702,0.9778058245680691,0.5714950897544622,0.6377807855606079,0.971660518443665,0.9634636412036123,0.9585832114261325,0.8435605595941129,0.9576842605426746,0.8714490688365438
MM_S3_L20_29,1,104,0.862881518893528,1.0,0.9838478744458818,0.9703793293120814,0.6880656493703524,0.6393301958839098,0.9752282533557706,0.9535382303257292,0.9639080488072929,0.8626450131768766,0.9422623829175066,0.8169671206370644
MM_S3_L20_29,1,105,0.773371963814876,0.20833333333333334,0.9872517942287908,0.977915459988164,0.3954807616521914,0.694850188990434,0.9772648548304362,0.9658667992675362,0.973125688170874,0.8158002897449161,0.9638878606980846,0.8581344459367835
MM_S3_L20_29,1,106,0.8331515549849612,0.875,0.969910868455251,0.9482419864804138,0.6864290105799835,0.6417350769042969,0.9579923403066405,0.9507343719989158,0.9706823194539674,0.5652858819002691,0.9386232437626009,0.7828966858594314
MM_S3_L20_29,1,107,0.8176203983045247,0.0,0.9884341109264293,0.9834574732125975,0.7948245439926783,0.6547388732433319,0.9856524682101037,0.968613323018617,0.9794131150889781,0.9471369450506957,0.963226318359375,0.9281168269074481
MM_S3_L20_29,1,108,0.8064742728418698,0.4166666666666667,0.9713726177843155,0.9514777622191734,0.720497639477253,0.6492943366368612,0.9578893338966026,0.9511137287171105,0.9451833497933162,0.7248979197896045,0.9423949539020496,0.7443570326203885
MM_S3_L20_29,1,109,0.7484906267368608,0.08333333333333333,0.9893996023448702,0.9829857327579674,0.48785997385780017,0.5511663816869259,0.9365734115485052,0.9501289493824611,0.9292982065629575,0.5586868751308193,0.9429577242943549,0.6955853888522023
MM_S3_L20_29,1,110,0.7966513309161976,0.0,0.9890573433197547,0.9806281978398367,0.6865758890906969,0.6467643529176712,0.9811015127015293,0.9617812420440828,0.9847165800791275,0.782617471140364,0.963308354859711,0.751678127957427
MM_S3_L20_29,1,111,0.8322478746064784,0.75,0.991175221203599,0.984261408194997,0.596053755035003,0.6144124741355578,0.9624346783634289,0.9500009813465221,0.9467636500635455,0.787520820679872,0.9324143932711694,0.8556040642054185
MM_S3_L20_29,1,112,0.8114182676564448,0.375,0.9901162196569704,0.9808192408162784,0.7448103011647861,0.4929494063059489,0.9842198459098667,0.9590232825762706,0.97899766819131,0.9135911866374637,0.944547591670867,0.9228639045487279
MM_S3_L20_29,1,113,0.8773689726600366,0.9166666666666666,0.973023277458167,0.9586875778397704,0.788279112180074,0.7286850959062576,0.973679849837381,0.9659111177000014,0.9615325930938926,0.8542432512926019,0.9616528582829301,0.8835054674874181
MM_S3_L20_29,1,114,0.8097061530507488,0.08333333333333333,0.9924734740344899,0.9881196946684833,0.6811686992645263,0.6459684272607168,0.9777944718113233,0.9775392906580734,0.9662372648155176,0.9118919126365496,0.9791968560987904,0.9443723857402802
MM_S3_L20_29,1,115,0.8455943168407132,1.0,0.9714209065477895,0.9536782457937601,0.712256355335315,0.6326171482602755,0.9437627950404152,0.9496189327319842,0.9196431246255675,0.7078995523245438,0.936829597719254,0.7774957353654115
MM_S3_L20_29,1,116,0.8124063015602521,0.041666666666666664,0.9914622848445674,0.9871427265062831,0.6850691334903241,0.7094005246957144,0.972157920137192,0.9655444818878579,0.9561133303389114,0.8889274752658346,0.962698003297211,0.8632763624191284
MM_S3_L20_29,1,117,0.8128667567405757,0.625,0.9792818392325323,0.9632165567547668,0.7112862955530485,0.5379512732227644,0.9629119900937829,0.9461338612828248,0.965188584981426,0.6620245439850766,0.9313899214549731,0.7595071948092916
MM_S3_L20_29,1,118,0.8118931220559233,0.08333333333333333,0.9893116540477109,0.9849598484101638,0.7123873524367811,0.6552143692970276,0.9834903867934924,0.9675327438852291,0.979631482152849,0.8730788606664409,0.964722664125504,0.8866085436033166
MM_S3_L20_29,1,119,0.7994961813990492,0.0,0.9883508483671916,0.9816185508288587,0.7190109399457771,0.6466930086414019,0.9696131477105175,0.9612904857192323,0.952428294325708,0.8654917659966842,0.9551926479544691,0.853651198356048
MM_S3_L20_29,1,120,0.7977815219764588,0.0,0.9922418622792111,0.9880632151186077,0.6994995470841726,0.599812924861908,0.9834926032316508,0.9673880778607531,0.9781374633712794,0.9025393854016843,0.9620932302167339,0.9131983674090841
MM_S3_L20_29,1,121,0.8231500701450515,0.3333333333333333,0.9773582520613228,0.9666180680000704,0.7416396027803421,0.6683082779248556,0.9812000605614193,0.9667881944548986,0.978595504997879,0.8341122451035873,0.9605712890625,0.9172360987766929
MM_S3_L20_29,1,122,0.8359542506876436,0.0,0.9861649686430024,0.9782018673965355,0.7855681578318278,0.8054821267724037,0.9846041264907447,0.9692579666201606,0.983851764511357,0.8490292637244515,0.972913844611055,0.8318380998528522
MM_S3_L20_29,1,123,0.7889759578399004,0.125,0.980285070028167,0.9663091911989099,0.755938104291757,0.5562626545627912,0.968869343404676,0.9557231777095437,0.9671006324871253,0.7251658057389052,0.9495898831275201,0.7688448033902956
MM_S3_L20_29,1,124,0.8067521157117116,0.0,0.9843329883641715,0.9785778402113446,0.7670653041203815,0.6518967424829801,0.9843860901854447,0.9602483957359825,0.980367243810687,0.8931742932485498,0.9500391150033604,0.8886633385782656
MM_S3_L20_29,1,125,0.8013377992705752,0.0,0.9783023763493631,0.968525671491436,0.7179205331703026,0.7214363738894463,0.9808742373999243,0.9575382582547144,0.9725456594299245,0.9091070423955503,0.9483268491683469,0.8464497561040132
MM_S3_L20_29,1,126,0.8147248818731353,0.25,0.9851715668271849,0.9748032432755614,0.7425533892711004,0.6414841065804163,0.9621938331586685,0.9565894582372015,0.946727746316502,0.7839910543483236,0.9497126097320229,0.789015926744627
MM_S3_L20_29,1,127,0.782828775699591,0.9583333333333334,0.9668151883336504,0.9430371549394397,0.6047703641156356,0.42445263763268787,0.9386197268737861,0.9341377694364367,0.9295168925797747,0.5796074378101722,0.9129937284736224,0.6590810755024785
MM_S3_L20_29,1,128,0.8107267096008819,1.0,0.9804005675147774,0.9589460905081307,0.6549216038485368,0.46786973625421524,0.9123709073561891,0.9401620211111865,0.9053600560272894,0.43704002026630484,0.9300904632896505,0.569752970467443
MM_S3_L20_29,1,129,0.7372428606911832,0.3333333333333333,0.9868778952551388,0.9772861196324717,0.3489221768577894,0.5115832835435867,0.9382664933078337,0.9519408500850698,0.9309184202744114,0.5667771041069342,0.9464852938088039,0.6983279624710912
MM_S3_L20_29,1,130,0.8380683633932828,0.5833333333333334,0.9852087592780984,0.9745778502592074,0.732971444427967,0.6099844425916672,0.9818786397646132,0.959227733179603,0.9766776373469702,0.8687046869941379,0.9501785770539315,0.8622232364571613
MM_S3_L20_29,1,131,0.8185731224380823,0.9583333333333334,0.9557313128747462,0.9368397097182429,0.7102091318865617,0.537259096900622,0.9683197309863601,0.9592830794235386,0.9522256042447782,0.8406968298165695,0.9521766580561156,0.8416451060253641
MM_S3_L20_29,1,132,0.8353762431912682,0.9583333333333334,0.9858084245068071,0.9686642423174741,0.7193950586517652,0.516694520910581,0.9328029929123286,0.9394669420597112,0.9107216103903708,0.6194783656493478,0.9216584236391129,0.694881049187287
MM_S3_L20_29,1,133,0.8021409354532818,1.0,0.9443513918020466,0.9100617478875552,0.7069372574488323,0.5635222991307577,0.9443669878600224,0.9509349197564383,0.9125211520060418,0.7717791497707367,0.9397589570732526,0.772300871817962
MM_S3_L20_29,1,134,0.8341129365714364,0.6666666666666666,0.986231427973574,0.97688713654194,0.7030939829846222,0.5664661526679993,0.980755746951305,0.9574524936806958,0.9748838944460756,0.8635478486185488,0.9502835837743616,0.810635040635648
MM_S3_L20_29,1,135,0.7890933552172466,0.0,0.9916605260410121,0.9873764964684941,0.6360117785135905,0.6168723503748575,0.9779174665516001,0.9676331383698304,0.9688100082178911,0.868080479943234,0.9629923502604166,0.9078357051248136
MM_S3_L20_29,1,136,0.6351225693061698,0.9583333333333334,0.8359659765901405,0.7929092877830556,0.49180646065622574,0.4919256940484047,0.8769203600385671,0.9426542321415982,0.7971058478128286,0.6350947402255691,0.9282787692162299,0.6888589538309885
MM_S3_L20_29,1,137,0.7633891115719634,1.0,0.9250167890356596,0.8950622599109326,0.6276191693047682,0.5087958835065365,0.9413811634322039,0.9453557909438596,0.9213431323728253,0.6704811972120533,0.9319369408392136,0.7236346634833709
MM_S3_L20_29,1,138,0.8056965842120783,0.041666666666666664,0.9768859518002951,0.9651145161366929,0.770959885617097,0.6770890007416407,0.9743529634880082,0.9726817542283799,0.9780980488385564,0.724976651046587,0.9802239530829974,0.8242696018322654
MM_S3_L20_29,1,139,0.8336833658504231,1.0,0.9733749914714669,0.9509037461156161,0.7362978667020798,0.5482172258198261,0.9396097093131334,0.9411870384123606,0.9265241756314232,0.6068905067184697,0.918882308467742,0.7892668998759725
MM_S3_L20_29,1,140,0.7327083611332464,0.3333333333333333,0.9875833421528184,0.9789868136247,0.4956383838504553,0.292708042388161,0.9604201837168063,0.9591262869516944,0.9590799063444138,0.672622772662536,0.9537760416666666,0.8071757023749144
MM_S3_L20_29,1,141,0.7813464565390486,0.041666666666666664,0.9923566690182869,0.9871954608976452,0.5151087182760238,0.6539719849824905,0.9850754375048437,0.969355179551659,0.981390570480657,0.9009220626043237,0.967502717048891,0.8956996863302977
MM_S3_L20_29,1,142,0.7294060515824138,0.0,0.9832018232621721,0.9767994224635604,0.4453782546023528,0.5031368210911751,0.9610974500806354,0.9629453743531026,0.956573410820897,0.6940552258621091,0.96160888671875,0.8027964532375336
MM_S3_L20_29,1,143,0.7663616025048849,0.08333333333333333,0.9868312484524986,0.9774940516434464,0.5878289666275184,0.5459351365764936,0.9711719833805876,0.9534711997073653,0.9583550866653202,0.8361576432767122,0.941172610047043,0.8338991960753566
MM_S3_L20_29,1,144,0.748466334714225,0.041666666666666664,0.9814144180889132,0.9671706363656162,0.5814009414116542,0.5177875484029452,0.956556606491386,0.9554199417241359,0.9564361434069372,0.6345445656258127,0.9482868153561829,0.7800142052380935
MM_S3_L20_29,1,145,0.7972681003923336,0.0,0.9900951549530811,0.9863430711178998,0.6994651379187902,0.614910731712977,0.9777068967435912,0.9676689940501966,0.9629678390920162,0.9535846982313239,0.9614303752940189,0.927145409843196
MM_S3_L20_29,1,146,0.7713863004473747,0.2916666666666667,0.9835142394770632,0.973991309622534,0.5413432283699512,0.5412916255493959,0.9712187588885003,0.9537639651494724,0.9674981212824263,0.7621740148119305,0.9406610304309475,0.8480136472245922
MM_S3_L20_29,1,147,0.7357553463962841,0.08333333333333333,0.9897061307896555,0.9837002993019578,0.3256890131533146,0.5706531852483749,0.9777257604283989,0.956573554775726,0.9682307689981435,0.8705436496630959,0.947254139889953,0.8354131216588228
MM_S3_L20_29,1,148,0.740935844127494,0.0,0.992186241850432,0.9881336074444204,0.39423900860051314,0.5525074427326521,0.9811146221385147,0.9569421470597176,0.9834300271605932,0.793515119863593,0.9464813560567876,0.8537944399792216
MM_S3_L20_29,1,149,0.7648288105524312,0.2916666666666667,0.9874569223884576,0.9804363023221883,0.5823310933758815,0.4836925230920315,0.9372250275753666,0.9411287307117814,0.9220107323940724,0.6046808964532354,0.9272516722320229,0.6546409117138904
MM_S3_L20_29,1,150,0.8055792771910762,0.5,0.9840927424329181,0.9731755922043245,0.7616146519780159,0.4406091595689456,0.9697257662630655,0.9541060936178006,0.9559414714414585,0.8308425753012948,0.94626707671791,0.7696793532889822
MM_S3_L20_29,1,151,0.817844259838304,1.0,0.9767910124608962,0.9594416149301468,0.6648178127408028,0.49170202016830444,0.9428595149825975,0.931205671903491,0.9222159873574011,0.6829977761144224,0.905103786017305,0.695795810740927
MM_S3_L20_29,1,152,0.8232663726449394,0.9166666666666666,0.9774200575859647,0.9618224832746719,0.6549929436544577,0.5517934784293175,0.9391399069512607,0.9477626619045635,0.9218573176492285,0.6321214988179829,0.9390606623823924,0.6802046726579252
MM_S3_L20_29,1,153,0.7850166811258037,0.0,0.9835667454183047,0.97395579253926,0.7074289817114673,0.5813339737554392,0.9741509934512912,0.9720669931082666,0.9883500727754767,0.6571476453024409,0.980491720220094,0.7912871546071508
MM_S3_L20_29,1,154,0.7825999289430926,0.75,0.9846039313955343,0.9754781537585789,0.5149620178590218,0.40278346215685207,0.9661236680278641,0.9588077033234575,0.9483112424852386,0.8355716933374819,0.9476616972236224,0.879769028528877
MM_S3_L20_29,1,155,0.7670333733836124,0.08333333333333333,0.993826599147234,0.989710068858527,0.6533443981409073,0.4361856070657571,0.9632457800147157,0.9541597485746086,0.9460417057878227,0.808681044889533,0.9436084378150204,0.813581504251646
MM_S3_L20_29,1,156,0.8698907111314509,0.6666666666666666,0.9887592279273564,0.9802281644219666,0.7876364816228548,0.6877698649962743,0.9791624892467157,0.9654954603700263,0.970461736843791,0.8828976517138274,0.963205317015289,0.8575450544771941
MM_S3_L20_29,1,157,0.799335576636091,0.08333333333333333,0.9817677360937994,0.9627939186065025,0.7686080996195476,0.6337888265649477,0.9652063642117272,0.9606425913584921,0.9766150503469412,0.6138467685036038,0.9635538080687164,0.7060678037612335
MM_S3_L20_29,1,158,0.8517366349224632,1.0,0.9771220186957811,0.9675183023502624,0.7232835629582405,0.5467326367894808,0.9752114372945062,0.9651686900925425,0.9625312290605037,0.8834024745485057,0.9610648206485216,0.8717948638874552
MM_S3_L20_29,1,159,0.7927817842666004,0.0,0.9876385096146573,0.9793116922472036,0.728209364116192,0.5899890810251236,0.9840036541388407,0.9580956942260239,0.9785615353975244,0.9136617054109988,0.943494899298555,0.9133683572644773
MM_S3_L20_29,1,160,0.8221276418896402,0.75,0.9823281496490971,0.9704493393305859,0.7145830384890237,0.5103676045934359,0.9585789937758736,0.9439892729927046,0.9463512108370823,0.7262234156546385,0.9245648127730175,0.7884977135969244
MM_S3_L20_29,1,161,0.8448230376486214,0.9166666666666666,0.9893182031973744,0.982921523167417,0.5782261078556379,0.5833460663755735,0.9882086995256616,0.970012035326997,0.9875459441093989,0.9029779758142389,0.96973148469002,0.8857097573902296
MM_S3_L20_29,1,162,0.8207818614259004,0.7083333333333334,0.962878887510867,0.9402969198678832,0.7766661582390467,0.5848862826824188,0.9602418548305612,0.9599385200776501,0.9673144595036584,0.6105900633594264,0.9604252640919019,0.7364113369713658
MM_S3_L20_29,1,163,0.7893456487495547,0.125,0.9883701977084905,0.9801106475147545,0.6057062794268132,0.6319998875260353,0.9744849814188453,0.9596765677720857,0.9779712800537386,0.7274263488209766,0.954824468140961,0.8083485209423563
MM_S3_L20_29,1,164,0.7868083122985899,0.08333333333333333,0.9828829298991676,0.9666881020552193,0.6987331995864711,0.6104031478365263,0.965660811065487,0.958405263584876,0.9812497787818474,0.5933860967988553,0.9589164487777219,0.7096409344154856
MM_S3_L20_29,1,165,0.7637081792743591,0.08333333333333333,0.9889438405006471,0.9823917376839256,0.43985156128803893,0.6192110354701678,0.9825733916656608,0.9709302445445432,0.9767107820158364,0.8938683245493018,0.9688756799185146,0.9169818007427714
MM_S3_L20_29,1,166,0.8202351576499447,0.125,0.9873829886987663,0.980723910549887,0.7704768580198289,0.6403000329931577,0.9851511959388963,0.9721947037096906,0.9838174303132359,0.8619206560694653,0.974395751953125,0.8803616878779038
MM_S3_L20_29,1,167,0.8152654900927234,1.0,0.9704126448268573,0.9506305709383845,0.5916438789168993,0.5772682478030523,0.9465828729129808,0.9401670997660537,0.9329104397886542,0.6588647359091303,0.9189390777259744,0.7645010792690775
MM_S3_L20_29,1,168,0.8250210041247847,0.5,0.9775425783286664,0.9608217682713777,0.7341965326666832,0.6692954450845718,0.9444696231228078,0.961845673434094,0.9609709084434535,0.4775847293355543,0.9684917490969421,0.6577585773623508
MM_S3_L20_29,1,169,0.7934264111061308,0.0,0.974479678378652,0.9614272869879903,0.7431124268472195,0.665474034845829,0.9723098073374153,0.973519295381133,0.9879097066499213,0.634857126876064,0.9803775254116264,0.8452677985896235
MM_S3_L20_29,1,170,0.8141512082793909,1.0,0.9573272504071147,0.9272773247139128,0.7043945626417796,0.5658756345510483,0.948695899349303,0.9378126184694974,0.9339057761494831,0.6829077892977259,0.917002688172043,0.7211784053107967
MM_S3_L20_29,1,171,0.7872951813777742,1.0,0.9467835071881168,0.9095536579493603,0.661277339508136,0.5131861778597037,0.9389328419103776,0.9501155324441556,0.8929858257773743,0.8448160640571428,0.9380870531964045,0.772879588863124
MM_S3_L20_29,1,172,0.859195650922906,0.7083333333333334,0.9804794524452632,0.9674714032341453,0.7424248376488686,0.6889005030194918,0.9830988959789849,0.9743101863722892,0.9779205416799875,0.8903215981048086,0.9745532620337701,0.9288165439730105
MM_S3_L20_29,1,173,0.813726751410724,0.2916666666666667,0.9878464037921822,0.9775202461317475,0.686513739178578,0.6427152951558431,0.9738026475192818,0.9546583832903598,0.9707596366123487,0.7772957488246586,0.9444845876386089,0.8175620022027389
MM_S3_L20_29,1,174,0.8465050704419599,0.8333333333333334,0.9819988584676659,0.9704187044910354,0.6087492757538954,0.6925570989648501,0.9776165374986784,0.9582761049415339,0.977282182543829,0.7862949922032978,0.9526564075100806,0.7955741428810618
MM_S3_L20_29,1,175,0.8558996846661729,0.9166666666666666,0.9708284354913395,0.9566546736979017,0.756946831246217,0.6324132134517034,0.9709869753507295,0.9690284845000899,0.954250631753796,0.8804108021051987,0.9676982920656921,0.886892169713974
MM_S3_L20_29,1,176,0.8004849055993637,0.0,0.9923171561426386,0.988345254266184,0.6968437738716603,0.6359212497870127,0.9785423074794304,0.9591894520018375,0.9716668215089589,0.8495711723099584,0.950263895014281,0.8607287277346072
MM_S3_L20_29,1,177,0.8254799819416141,0.08333333333333333,0.9895418474206515,0.9803965614901649,0.7266572276254495,0.74136966218551,0.9804501201210467,0.9697264725538712,0.9750134577193568,0.8549450791400411,0.9660870951990926,0.9214691066223643
MM_S3_L20_29,1,178,0.8700581276869299,0.7916666666666666,0.990303462337125,0.9803066792441348,0.7415064301838478,0.6717662190397581,0.9752957153243469,0.9653045265811228,0.9608913490608817,0.9184449366901232,0.9595648652763776,0.8943199994771377
MM_S3_L20_29,1,179,0.7952860605752268,0.0,0.98641203591869,0.977461590174756,0.7334006757537525,0.5915925403436025,0.9846356630073029,0.9713451856148089,0.9816324366356737,0.8787906571574833,0.9742064117103494,0.8641349465950675
MM_S3_L20_29,1,180,0.8228692347875268,0.8333333333333334,0.9839169799584201,0.9732570991796606,0.6778455804288387,0.4606295848886172,0.9756964682346193,0.956215764731802,0.9631293589870135,0.8900161281875942,0.9412884455855174,0.895154762527217
MM_S3_L20_29,1,181,0.8814019835942659,1.0,0.9833040834834647,0.9694007022708071,0.6991422431667645,0.7424576406677564,0.973316686107705,0.9630820955454826,0.9586174880224531,0.885610571374064,0.9594605148479501,0.8458362312420554
MM_S3_L20_29,1,182,0.8269679434142129,0.125,0.9866876138440969,0.9807907707161373,0.7309776296218237,0.7433862785498301,0.9768800418628923,0.9663374347750683,0.964936150418174,0.9020989835262299,0.96378416656166,0.8678900767927584
MM_S3_L20_29,1,183,0.8071597147575295,0.6666666666666666,0.9761348332622682,0.9566379349216136,0.5469848530987899,0.6533847029010454,0.9723705064323576,0.9523395908795892,0.9568198234323533,0.8839275590751482,0.939971923828125,0.8134565742119498
MM_S3_L20_29,1,184,0.8667247536096252,0.8333333333333334,0.9845089711348617,0.9729479861415289,0.73427705625693,0.6900518213709196,0.9661027391686267,0.9630444415059456,0.9718166105849768,0.6596206478450609,0.9606398715767809,0.8299355416194253
MM_S3_L20_29,1,185,0.8458835845476739,0.875,0.9890655095902172,0.9768934833458047,0.6750222281118233,0.5642013301452001,0.9766810576390889,0.9557628139120932,0.9695049048832027,0.8346960609373839,0.9405261624243951,0.8939425051212311
MM_S3_L20_29,1,186,0.8737045138735625,0.9583333333333334,0.9925196454850637,0.9882949928637424,0.7313275148967903,0.5972023457288742,0.9807862511406995,0.9575711806147872,0.9814299444758122,0.8058695657097775,0.943173316217238,0.9035453239212865
MM_S3_L20_29,1,187,0.8104395693141486,0.5,0.991460598531725,0.9851674446872636,0.6787773861487706,0.5184172776838144,0.9544085623626496,0.9518434838344257,0.9423382232987111,0.6984340438376302,0.9358953660534275,0.8576038415017335
MM_S3_L20_29,1,188,0.8639933929086052,0.8333333333333334,0.9868973356189802,0.9773281953693216,0.6934676939249039,0.6866161326567332,0.974816925681249,0.9602938554139198,0.9687525656434799,0.8120570778846741,0.9479294643607191,0.9128890711328258
MM_S3_L20_29,1,189,0.8348332486697344,0.4583333333333333,0.9885678802405563,0.9782253857921152,0.7348572365442912,0.6446984745562077,0.9681912252271486,0.958887980583219,0.95710967421051,0.7978910142960756,0.948101084719422,0.8765047542426897
MM_S3_L20_29,1,190,0.8580454408192951,0.875,0.9927646546566008,0.9879841539984434,0.7080811376372974,0.5816858435670534,0.9664243431520889,0.9542218911073871,0.9591724929870457,0.750079113504161,0.940622309202789,0.8578966195168702
MM_S3_L20_29,1,191,0.8045918096905784,0.5833333333333334,0.9895939480565419,0.9811244289859448,0.5566028746465842,0.5779852817455927,0.9550362956884958,0.9514773500523074,0.9445033915421015,0.6937881824762925,0.9384959231140794,0.8067762851715088
MM_S3_L20_29,1,192,0.8539450086103031,0.7083333333333334,0.979694553351448,0.960887256089379,0.7287923521796863,0.741983118156592,0.9612222400208346,0.9539995162668315,0.9474910063849341,0.762277039496795,0.9435464182207661,0.806637651246527
MM_S3_L20_29,1,193,0.8644636379107535,1.0,0.9896781459721903,0.9826260270636066,0.6467599966128668,0.6532793194055557,0.9602224840740158,0.9551466570973712,0.9489800341988123,0.730496742155241,0.9442089449974799,0.8377654837525409
MM_S3_L20_29,1,194,0.8497405824333664,1.0,0.9902292901030901,0.9820467972677518,0.5524409432709216,0.6201573088765144,0.9721069359144164,0.9680656333226767,0.9635155156094543,0.8107471543809642,0.967063985845094,0.8695202754891437
MM_S3_L20_29,1,195,0.8158287883466199,0.3333333333333333,0.9900952172804738,0.98175480396919,0.6618674391011398,0.6466947471102079,0.9711069867262778,0.9528241266371033,0.9702516956835665,0.7349343695070433,0.9437108193674395,0.7696070761784263
MM_S3_L20_29,1,196,0.8054835270516634,0.16666666666666666,0.9803518311215157,0.9684020837927175,0.7516746441523234,0.636709046860536,0.9695397427086615,0.9583987102592596,0.9805392129046302,0.6489662858455078,0.9548743463331654,0.7694718759992848
MM_S3_L20_29,1,197,0.832200793102008,1.0,0.9629183798471163,0.9341692360398038,0.7309863744676113,0.6280592158436775,0.9472501956374472,0.9322502403525301,0.9389133752193503,0.6249563363583192,0.904574486517137,0.7461892094301141
MM_S3_L20_29,1,198,0.8690018843105023,0.9166666666666666,0.9892075076294912,0.9803420387062373,0.714867085913817,0.6611846735080084,0.9702453133168557,0.9486401519163817,0.9595666115963329,0.8123630544413691,0.9268300046202956,0.8885313544584357
MM_S3_L20_29,1,199,0.8045243083799367,0.4583333333333333,0.9868545957209821,0.9754347849125956,0.5842387469609579,0.619612650324901,0.972931003490782,0.9489553103952201,0.9676663698928971,0.7882328953432001,0.932471162529402,0.8297606291978256
