arm,seed,prompt,dino_early_4_8,dino_late_38_47,motion_early_4_8,motion_late_38_47,wall_s,dit_ms_per_block,commit_calls,nosink_reads,trb_calls,far_reads,far_anchors,early_nosink_reads,sat_0,sat_1,sat_2,sat_3,sat_4,sat_5,sat_6,sat_7,sat_8,sat_9,sat_10,sat_11,sat_12,sat_13,sat_14,sat_15,sat_16,sat_17,sat_18,sat_19,sat_20,sat_21,sat_22,sat_23,sat_24,sat_25,sat_26,sat_27,sat_28,sat_29,sat_30,sat_31,sat_32,sat_33,sat_34,sat_35,sat_36,sat_37,sat_38,sat_39,sat_40,sat_41,sat_42,sat_43,sat_44,sat_45,sat_46,sat_47,bri_0,bri_1,bri_2,bri_3,bri_4,bri_5,bri_6,bri_7,bri_8,bri_9,bri_10,bri_11,bri_12,bri_13,bri_14,bri_15,bri_16,bri_17,bri_18,bri_19,bri_20,bri_21,bri_22,bri_23,bri_24,bri_25,bri_26,bri_27,bri_28,bri_29,bri_30,bri_31,bri_32,bri_33,bri_34,bri_35,bri_36,bri_37,bri_38,bri_39,bri_40,bri_41,bri_42,bri_43,bri_44,bri_45,bri_46,bri_47,det_0,det_1,det_2,det_3,det_4,det_5,det_6,det_7,det_8,det_9,det_10,det_11,det_12,det_13,det_14,det_15,det_16,det_17,det_18,det_19,det_20,det_21,det_22,det_23,det_24,det_25,det_26,det_27,det_28,det_29,det_30,det_31,det_32,det_33,det_34,det_35,det_36,det_37,det_38,det_39,det_40,det_41,det_42,det_43,det_44,det_45,det_46,det_47
SGF_N,0,0,0.08247518539428711,0.06921368837356567,8.541956901550293,8.541707992553711,174.85602569580078,2732.125401496887,64,0,0,0,0,0,0.5139204785227776,0.5391400307416916,0.5555186867713928,0.5444314926862717,0.5453299656510353,0.5440973341464996,0.5486533120274544,0.5499227717518806,0.5548740923404694,0.5536909326910973,0.5583894327282906,0.556527815759182,0.5579876452684402,0.5629873797297478,0.5590755939483643,0.5509301200509071,0.5470703840255737,0.5552613362669945,0.5540397763252258,0.5497202351689339,0.5440991595387459,0.5551265180110931,0.553698442876339,0.5545240193605423,0.5562617629766464,0.5497259870171547,0.5518495887517929,0.5428589731454849,0.5412760078907013,0.5296926647424698,0.5260254591703415,0.5200509130954742,0.5158350020647049,0.5165245607495308,0.5258354395627975,0.5226023942232132,0.5149530693888664,0.5164070874452591,0.5060397461056709,0.4986014924943447,0.5010830499231815,0.508925162255764,0.5101762264966965,0.5218505188822746,0.5263612940907478,0.5285948812961578,0.5484281852841377,0.5500713331358773,0.38342034444212914,0.3836986646056175,0.3869465962052345,0.4047023020684719,0.3980637229979038,0.40129949152469635,0.3922133482992649,0.3926677964627743,0.3900793381035328,0.39727291837334633,0.3927481323480606,0.4006834588944912,0.4069969207048416,0.405769269913435,0.4109143652021885,0.4135361462831497,0.4197518154978752,0.41445398703217506,0.4089540056884289,0.40952442213892937,0.41580845788121223,0.4074656441807747,0.40732616558671,0.4036698006093502,0.4064113162457943,0.4127889350056648,0.41132165864109993,0.42115718126296997,0.4218910187482834,0.42997870221734047,0.44041572883725166,0.44442760199308395,0.44639478996396065,0.4410741291940212,0.4291306734085083,0.4270220659673214,0.4329896345734596,0.42970769852399826,0.43921271339058876,0.44229040667414665,0.4401647076010704,0.4305441826581955,0.4229753911495209,0.4060109294950962,0.39605357870459557,0.3932185173034668,0.37903987243771553,0.37971448046820505,0.12237496953457594,0.1265517482534051,0.12893828749656677,0.13693032413721085,0.14692982845008373,0.14989591576159,0.14784927666187286,0.14860165119171143,0.1444986816495657,0.14427757635712624,0.14260171726346016,0.14523938670754433,0.14558718353509903,0.14100843854248524,0.13515721075236797,0.1375114470720291,0.13513999059796333,0.13722213357686996,0.1385340429842472,0.1428140066564083,0.1450378317385912,0.14315496943891048,0.14287088438868523,0.1398973073810339,0.1346085648983717,0.13202695176005363,0.12964948453009129,0.12705114670097828,0.1254315096884966,0.12644541636109352,0.12430455535650253,0.12683226075023413,0.13115668296813965,0.13393428549170494,0.13204517401754856,0.13200796768069267,0.1292379405349493,0.125987165607512,0.1276821456849575,0.13049291260540485,0.1306754034012556,0.1323783230036497,0.1349439173936844,0.13478353805840015,0.13561343401670456,0.14002363570034504,0.14017409645020962,0.1439809948205948
SGF_N,1,0,0.06297725439071655,0.0718647837638855,7.174074649810791,7.215092182159424,173.54018807411194,2711.565438657999,64,0,0,0,0,0,0.4637306407094002,0.48039551079273224,0.49174410849809647,0.4988805912435055,0.5018041022121906,0.5118974298238754,0.5204079076647758,0.5266483947634697,0.5208810642361641,0.5088199600577354,0.5037569105625153,0.502014297991991,0.5055281445384026,0.5152389630675316,0.5184404850006104,0.5140169113874435,0.5113525539636612,0.5074272528290749,0.5121138617396355,0.5123112574219704,0.5122995749115944,0.5124461054801941,0.5046087726950645,0.49793801456689835,0.4994819536805153,0.4988147206604481,0.503986768424511,0.4997900314629078,0.49449363350868225,0.48758142068982124,0.47420524060726166,0.47151796519756317,0.4713963158428669,0.477672778069973,0.4806850105524063,0.4896364025771618,0.5065500661730766,0.5225358158349991,0.5340065807104111,0.5473249182105064,0.5465738996863365,0.5499094054102898,0.5568493008613586,0.5547243282198906,0.548434853553772,0.5465153753757477,0.5456882193684578,0.550757884979248,0.3997965566813946,0.40639856085181236,0.4050970934331417,0.4184134267270565,0.41748885810375214,0.4025709070265293,0.39247554168105125,0.38647062703967094,0.38583341985940933,0.3966900669038296,0.40809542685747147,0.41003480926156044,0.4093460887670517,0.4000771567225456,0.3974870704114437,0.40139275044202805,0.3989112004637718,0.3996952213346958,0.39496060833334923,0.3953060284256935,0.3924294076859951,0.39685389772057533,0.40047895535826683,0.4013003893196583,0.3962314575910568,0.39758360758423805,0.3974757790565491,0.39800282940268517,0.39421292021870613,0.395581666380167,0.4039492756128311,0.4036565236747265,0.4052688777446747,0.4061601087450981,0.4063107520341873,0.4030437059700489,0.3958938457071781,0.3858075700700283,0.37920453026890755,0.37337008491158485,0.3736906871199608,0.37481725960969925,0.374847162514925,0.37612783908843994,0.37415624037384987,0.37750035524368286,0.38005996122956276,0.3769716663019998,0.10177426505833864,0.10780470632016659,0.10873118322342634,0.11623761896044016,0.11820772103965282,0.11605922598391771,0.11224603746086359,0.11355997156351805,0.11737220082432032,0.11877672281116247,0.1200362415984273,0.11882148776203394,0.11739481985569,0.11340577341616154,0.11082394141703844,0.11037336383014917,0.10936924628913403,0.10772944893687963,0.10456869285553694,0.10257141478359699,0.10235116071999073,0.1054238360375166,0.10423761885613203,0.10539581719785929,0.1082666302099824,0.10868456121534109,0.10831435024738312,0.1081137927249074,0.1084076575934887,0.11098008416593075,0.12005326990038157,0.1321241855621338,0.1410511564463377,0.14788200706243515,0.15064087882637978,0.14792567677795887,0.1474645473062992,0.14698000811040401,0.14317958429455757,0.13873820193111897,0.13180610537528992,0.12712098192423582,0.12657711189240217,0.12565598543733358,0.12484483234584332,0.12916389666497707,0.13224888034164906,0.13369737565517426
SGF_N,0,1,0.07276761531829834,0.0494837760925293,6.300563335418701,9.112751960754395,175.0270290374756,2734.797328710556,64,0,0,0,0,0,0.4390244223177433,0.4746702201664448,0.4759705141186714,0.488680686801672,0.4978744834661484,0.49962639063596725,0.5234140381217003,0.5450747907161713,0.5359867289662361,0.5372786447405815,0.5543134957551956,0.5444529205560684,0.5432347878813744,0.5492514222860336,0.5307956263422966,0.514061950147152,0.4912901856005192,0.4841448590159416,0.49301040917634964,0.49098270013928413,0.5036421790719032,0.5056154951453209,0.500413104891777,0.4862491525709629,0.475816261023283,0.47118793800473213,0.49973898753523827,0.5169257372617722,0.5341658368706703,0.5452142581343651,0.5358324125409126,0.5198682174086571,0.5350164771080017,0.5340817272663116,0.5425610393285751,0.5509519949555397,0.5397199392318726,0.5418173894286156,0.5467785000801086,0.5515723899006844,0.5527395009994507,0.5548408702015877,0.5354684516787529,0.5609994754195213,0.5581837221980095,0.543902076780796,0.5617648512125015,0.5665537714958191,0.44904037192463875,0.4299200065433979,0.43195024132728577,0.4209609031677246,0.4106591232120991,0.4115428403019905,0.38766879215836525,0.36771370843052864,0.37636467814445496,0.36763714253902435,0.34694183990359306,0.3504510223865509,0.36096177250146866,0.3597721718251705,0.37611182406544685,0.3900620937347412,0.3994259238243103,0.3896308206021786,0.3727620057761669,0.3887263275682926,0.3714488707482815,0.3863620422780514,0.39762336015701294,0.400920856744051,0.41831861808896065,0.42963434755802155,0.4031152278184891,0.3930143564939499,0.3826703205704689,0.36779268831014633,0.378042109310627,0.4029781147837639,0.38364817202091217,0.3805672153830528,0.3777310810983181,0.3795079030096531,0.38652049750089645,0.37382547929883003,0.3750077001750469,0.3817843422293663,0.3778207451105118,0.37186918407678604,0.4001951292157173,0.38167792558670044,0.38810427859425545,0.39632223173975945,0.3649595230817795,0.3796484300068447,0.1293950118124485,0.13557437807321548,0.13943524658679962,0.13929933868348598,0.14020180515944958,0.14316745847463608,0.13840970769524574,0.13326438702642918,0.1344003677368164,0.13429799303412437,0.13461954146623611,0.13988003693521023,0.1431206539273262,0.14391200803220272,0.1487664319574833,0.1563857588917017,0.15270241349935532,0.15037830732762814,0.1402876265347004,0.14213098771870136,0.13425489701330662,0.14131741970777512,0.14252890832722187,0.13839758560061455,0.1374301966279745,0.14278856851160526,0.1391979604959488,0.13784741051495075,0.13532092422246933,0.13290408812463284,0.13636054284870625,0.1436583213508129,0.14114801585674286,0.14081674441695213,0.13599521853029728,0.13614393584430218,0.1385890170931816,0.13632954098284245,0.13681610114872456,0.134839603677392,0.13079907558858395,0.1276054149493575,0.13487927429378033,0.1319192536175251,0.12976257875561714,0.13249050080776215,0.12568258494138718,0.1280987560749054
SGF_N,1,1,0.06940895318984985,0.03515082597732544,6.504330635070801,6.554379940032959,175.32503867149353,2739.4537292420864,64,0,0,0,0,0,0.41164030879735947,0.44772687554359436,0.4598466567695141,0.46975722163915634,0.507531926035881,0.5177867040038109,0.5247283056378365,0.5273034423589706,0.5119878053665161,0.5068874768912792,0.509111076593399,0.5169000253081322,0.5243978202342987,0.5229339301586151,0.5089442357420921,0.5190113410353661,0.508734680712223,0.5041787326335907,0.5333095788955688,0.5239621251821518,0.5130596607923508,0.519844725728035,0.5215582549571991,0.5060407109558582,0.5263443887233734,0.5302860960364342,0.5221197754144669,0.5159395411610603,0.5325493216514587,0.5554132908582687,0.5287490859627724,0.5304805710911751,0.5488961264491081,0.544661171734333,0.5412728860974312,0.5595516338944435,0.5342806205153465,0.5231488421559334,0.5394027382135391,0.5450557842850685,0.5365922525525093,0.554431289434433,0.5485363528132439,0.5279290601611137,0.5410602316260338,0.5317441523075104,0.5389856770634651,0.5323437282017299,0.4100251756608486,0.38176481798291206,0.3714408688247204,0.3577527776360512,0.3218061998486519,0.3127063363790512,0.30389151722192764,0.30429141223430634,0.31714076548814774,0.31959086284041405,0.3124188967049122,0.304961983114481,0.300151277333498,0.29602857679128647,0.30306925252079964,0.30391253530979156,0.30064595490694046,0.3061598837375641,0.2849544771015644,0.2844712883234024,0.29270290583372116,0.30570051819086075,0.30911391973495483,0.31610896810889244,0.2983788326382637,0.2935515157878399,0.29416125640273094,0.3017803616821766,0.3011922426521778,0.27728481963276863,0.2848900519311428,0.2972795404493809,0.2882252633571625,0.28672077879309654,0.2952832765877247,0.28880108520388603,0.3129834979772568,0.3305402509868145,0.30957119166851044,0.3004010021686554,0.30872582644224167,0.2803329601883888,0.27697352692484856,0.2898729592561722,0.28192560374736786,0.2912725396454334,0.2802112139761448,0.2850204450743539,0.1243917616084218,0.1319448072463274,0.13068278692662716,0.13341890089213848,0.13004355505108833,0.1292619574815035,0.12628663890063763,0.1283506453037262,0.13053935952484608,0.12948798574507236,0.12505889777094126,0.12266016378998756,0.1229837303981185,0.1272203316912055,0.12853289768099785,0.1263510910794139,0.12479455396533012,0.12162547465413809,0.11652947217226028,0.10863450635224581,0.10851384792476892,0.11398406699299812,0.12299393117427826,0.12705844081938267,0.12929121777415276,0.1336870826780796,0.13041538931429386,0.12846842221915722,0.1250341208651662,0.11872429307550192,0.11964277271181345,0.12354526575654745,0.12381272297352552,0.12277195230126381,0.12178304698318243,0.11884987261146307,0.12040200550109148,0.11509654205292463,0.11349625419825315,0.11027654353529215,0.10309047903865576,0.1080993777140975,0.11120567191392183,0.11213574185967445,0.10838995222002268,0.11105002090334892,0.108660695143044,0.10482472500630788
SGF_N,0,2,0.12914401292800903,0.08591490983963013,5.163545608520508,3.683481216430664,174.34360766410828,2724.118869751692,64,0,0,0,0,0,0.4514550678431988,0.47601431608200073,0.499948438256979,0.5175265371799469,0.5214780494570732,0.5181650891900063,0.5170165300369263,0.5122115984559059,0.5087534040212631,0.501858115196228,0.49313512071967125,0.48177502676844597,0.4767415001988411,0.4747970327734947,0.48041681945323944,0.47882505133748055,0.4767331965267658,0.4781486913561821,0.47530486807227135,0.4691782742738724,0.4615473002195358,0.45819294080138206,0.45697860419750214,0.45333562418818474,0.45291488990187645,0.4505869336426258,0.44741513207554817,0.44629741087555885,0.44363486766815186,0.4423948749899864,0.44319718703627586,0.437276478856802,0.4353615790605545,0.43710222840309143,0.45928819850087166,0.45771757140755653,0.4605708234012127,0.4591442346572876,0.45225515216588974,0.4540325403213501,0.4574563056230545,0.45510248094797134,0.4450698569417,0.4381764568388462,0.44675713777542114,0.4550185985863209,0.4595847390592098,0.46294747080121723,0.3846051022410393,0.3703417591750622,0.36316288635134697,0.3654620796442032,0.3621327243745327,0.35098540782928467,0.3460540771484375,0.34659842774271965,0.34647059440612793,0.35022440552711487,0.351442813873291,0.34971488639712334,0.3491259403526783,0.3510041646659374,0.3415929973125458,0.32775595784187317,0.31682879477739334,0.31085124984383583,0.3118390366435051,0.31900327652692795,0.32745951414108276,0.33503688871860504,0.34165170043706894,0.34702107310295105,0.35219523683190346,0.3591822348535061,0.3666713647544384,0.37129687517881393,0.37481679767370224,0.3752697594463825,0.3765237480401993,0.37264203280210495,0.3694212846457958,0.3681649900972843,0.3696509078145027,0.37434088811278343,0.37748024240136147,0.3764970228075981,0.3795035183429718,0.38664892315864563,0.3870561644434929,0.37806857004761696,0.3760680556297302,0.384752806276083,0.3922777660191059,0.38909825682640076,0.38183601573109627,0.37486104880060467,0.07597040571272373,0.07590976543724537,0.0775183867663145,0.07677965611219406,0.07468985393643379,0.07448227237910032,0.07317868992686272,0.07054423727095127,0.0716831861063838,0.07389474380761385,0.07407623808830976,0.07375507429242134,0.07421391922980547,0.07300738245248795,0.06904654484242201,0.06881561782211065,0.07172029931098223,0.07315598335117102,0.07400605827569962,0.07389648258686066,0.07355793844908476,0.07399825658649206,0.07502202037721872,0.0754954731091857,0.0752782104536891,0.07593819592148066,0.07580656185746193,0.07350693829357624,0.0718354880809784,0.07058350089937449,0.06933637335896492,0.06894832849502563,0.06917440705001354,0.06879644561558962,0.06524133682250977,0.06445007026195526,0.06939610466361046,0.07422072999179363,0.07567205280065536,0.07604623585939407,0.07925419975072145,0.08119717705994844,0.07924135122448206,0.07818889152258635,0.08050180319696665,0.0832327101379633,0.08140963409096003,0.07919726627213615
SGF_N,1,2,0.04039698839187622,-0.0032712817192077637,3.6235861778259277,2.999499797821045,174.0265669822693,2719.1651090979576,64,0,0,0,0,0,0.4765780605375767,0.46824099123477936,0.47684895247220993,0.4866253137588501,0.48688700795173645,0.4753943420946598,0.4681328646838665,0.4648599401116371,0.460917666554451,0.45181869342923164,0.4547136500477791,0.48568960279226303,0.5153408870100975,0.5107664540410042,0.5069646462798119,0.498450618237257,0.48865530267357826,0.49847462028265,0.5034717246890068,0.503418393433094,0.4983935169875622,0.49245111271739006,0.48587388917803764,0.4795535318553448,0.4769706167280674,0.47806166112422943,0.47968292608857155,0.4717430807650089,0.4571261294186115,0.44688571989536285,0.4442680813372135,0.44295306876301765,0.4455319158732891,0.4497596174478531,0.4572478048503399,0.45800909772515297,0.4502166472375393,0.4397151656448841,0.43269501626491547,0.432728111743927,0.4412088580429554,0.4676050581037998,0.48341604694724083,0.4926988556981087,0.5115010067820549,0.5156130939722061,0.50819481164217,0.5221037779535566,0.38822659105062485,0.3948441781103611,0.40302304551005363,0.4070540927350521,0.4116666316986084,0.4204000420868397,0.4232543557882309,0.421974316239357,0.42036623135209084,0.42120693251490593,0.4160943441092968,0.394846647977829,0.38173238560557365,0.382026094943285,0.3732115887105465,0.36866844817996025,0.3690769672393799,0.36424420773983,0.3680563345551491,0.3691519573330879,0.36334801837801933,0.36629781499505043,0.3760164976119995,0.38181497156620026,0.38293416425585747,0.38434335961937904,0.38795948028564453,0.39549824222922325,0.40084267035126686,0.40680916979908943,0.4114237017929554,0.4110196717083454,0.41220610216259956,0.4151944927871227,0.41546353697776794,0.41796936467289925,0.427636057138443,0.43154965341091156,0.4315702095627785,0.42397910356521606,0.41021301969885826,0.394716277718544,0.3850928582251072,0.38000183925032616,0.36786067485809326,0.37051182612776756,0.3729866184294224,0.3445084052426474,0.0650341846048832,0.06382110994309187,0.05983155407011509,0.05796288559213281,0.05739250872284174,0.05764242075383663,0.05894784349948168,0.06056584557518363,0.061508848797529936,0.06230517476797104,0.06317641772329807,0.06441809982061386,0.06324321404099464,0.06256276229396462,0.06481689680367708,0.06430046167224646,0.061632522381842136,0.05950023513287306,0.06028113141655922,0.06234852550551295,0.06340354355052114,0.06432964745908976,0.06259904708713293,0.060997809283435345,0.059808049350976944,0.05939843412488699,0.05939243361353874,0.06206718226894736,0.06410399917513132,0.062187508679926395,0.06198736419901252,0.06298154452815652,0.06417341902852058,0.06448171194642782,0.06412641331553459,0.06430854089558125,0.06400288548320532,0.062108613550662994,0.060360809322446585,0.0595083013176918,0.05929679051041603,0.0596585376188159,0.060292248614132404,0.060545796528458595,0.05862528644502163,0.05681377835571766,0.05597086204215884,0.05514256762606757
SGF_N,0,3,0.13352715969085693,0.04963493347167969,8.201128959655762,6.892116546630859,174.20598483085632,2721.96851298213,64,0,0,0,0,0,0.6367685347795486,0.6365516111254692,0.625898189842701,0.6207791492342949,0.6159630492329597,0.6144173964858055,0.6119662299752235,0.6115072593092918,0.6106533780694008,0.6070711612701416,0.5999146923422813,0.5923973247408867,0.5853620171546936,0.5811534598469734,0.5761178508400917,0.5708756744861603,0.5704557225108147,0.5645243525505066,0.5545918568968773,0.5493980050086975,0.5459522157907486,0.5454345792531967,0.5482134446501732,0.5477510839700699,0.5504050850868225,0.5548634603619576,0.5590469911694527,0.5576442629098892,0.5518331527709961,0.5459896847605705,0.541665256023407,0.536825530230999,0.5359140485525131,0.5373155474662781,0.5325219556689262,0.5279595628380775,0.5277363881468773,0.5269192680716515,0.5340772196650505,0.5413851514458656,0.5483798906207085,0.5553836971521378,0.5660635456442833,0.5709986239671707,0.5776218324899673,0.5840784534811974,0.5869744122028351,0.5849596091679165,0.3099699653685093,0.3064377158880234,0.30769604444503784,0.3054543659090996,0.29953694343566895,0.30084653198719025,0.3015098124742508,0.30077574774622917,0.29656755551695824,0.2937888726592064,0.2949635498225689,0.29622068256139755,0.30188464373350143,0.3068915605545044,0.31291668862104416,0.32265594601631165,0.3280031643807888,0.33354370668530464,0.34043118730187416,0.3396688997745514,0.3357533998787403,0.332206591963768,0.32898450270295143,0.3282345049083233,0.32717785611748695,0.32663048431277275,0.3286225274205208,0.333905141800642,0.33910655975341797,0.33915092051029205,0.3380404971539974,0.3375019021332264,0.33584095537662506,0.33210811391472816,0.3365863114595413,0.3416847847402096,0.3454131856560707,0.3453768230974674,0.3343683257699013,0.3233141452074051,0.3158697746694088,0.31412269175052643,0.3123001828789711,0.31212572008371353,0.31187425553798676,0.3133182004094124,0.3157612457871437,0.3161412647792271,0.13102605938911438,0.1309256237000227,0.1285804994404316,0.12979082763195038,0.12968202866613865,0.13055042922496796,0.13199095986783504,0.1339031271636486,0.1336180791258812,0.13069880940020084,0.12895032577216625,0.1304580606520176,0.13226298801600933,0.1344101820141077,0.13609625957906246,0.13946667686104774,0.14293507486581802,0.14537149854004383,0.14833042211830616,0.14834631234407425,0.14697199501097202,0.1445197779685259,0.14573516510426998,0.1472515258938074,0.14491654187440872,0.1407693289220333,0.13785469345748425,0.1383349597454071,0.13709109835326672,0.1359521523118019,0.13881094381213188,0.14436698332428932,0.14685654640197754,0.14510846138000488,0.14528684504330158,0.14412684924900532,0.1381950955837965,0.1336386576294899,0.13785991072654724,0.14191186241805553,0.14158635959029198,0.14007381163537502,0.1387264635413885,0.13678897358477116,0.13344571739435196,0.1327128354460001,0.13343522138893604,0.12964979239872523
SGF_N,1,3,0.08466339111328125,0.04028761386871338,6.098532676696777,6.00779390335083,174.62509155273438,2728.5170555114746,64,0,0,0,0,0,0.6498820707201958,0.6543315798044205,0.6502252519130707,0.6506026089191437,0.6497501730918884,0.6480021700263023,0.6491869688034058,0.6467162221670151,0.6426857933402061,0.6372833177447319,0.6315012723207474,0.6280307620763779,0.632686547935009,0.6420408487319946,0.6482572108507156,0.6495067253708839,0.6436684429645538,0.6390670165419579,0.6387621611356735,0.6400138661265373,0.6449010819196701,0.6475660800933838,0.6507395580410957,0.6561198234558105,0.6609949693083763,0.6573902815580368,0.6535824164748192,0.6525159999728203,0.6553486287593842,0.659581147134304,0.6603305041790009,0.6637155413627625,0.6649312824010849,0.6620865017175674,0.6628385633230209,0.6674748733639717,0.668518953025341,0.6644302979111671,0.6589369922876358,0.6445142701268196,0.6320826262235641,0.6301529929041862,0.6347400695085526,0.6380496323108673,0.6352924630045891,0.6336708962917328,0.6310976520180702,0.6239619936261859,0.37902938574552536,0.3797590248286724,0.3841080330312252,0.38140278309583664,0.37710825353860855,0.37358278036117554,0.36668410152196884,0.3627059794962406,0.36116161569952965,0.3598531559109688,0.35819539800286293,0.35859695076942444,0.35278604179620743,0.34084438160061836,0.33089422434568405,0.32518555223941803,0.3204647935926914,0.3167204484343529,0.3124403692781925,0.30871353298425674,0.30676211789250374,0.30842987075448036,0.30987946316599846,0.3087472878396511,0.30582935363054276,0.30453286319971085,0.30030855536460876,0.29820508882403374,0.29590867832303047,0.29324979707598686,0.29198459908366203,0.28788090869784355,0.286638580262661,0.2836301773786545,0.285981010645628,0.2876216731965542,0.2879074737429619,0.2847027964890003,0.2814791351556778,0.28330424055457115,0.2862706519663334,0.28835953027009964,0.2859170138835907,0.28380900621414185,0.2863128259778023,0.2910838723182678,0.29154205694794655,0.29650124481746126,0.12747053429484367,0.12806252110749483,0.12962228246033192,0.13066950254142284,0.13257352448999882,0.1333046592772007,0.1350892223417759,0.13813349232077599,0.14238307066261768,0.14659596048295498,0.14601195603609085,0.14236006140708923,0.13503028452396393,0.1316624004393816,0.1294365245848894,0.13211353309452534,0.1363229714334011,0.14118469692766666,0.142349636182189,0.1405603624880314,0.1395613830536604,0.14116724580526352,0.1446864902973175,0.14669171534478664,0.14703096821904182,0.14811532199382782,0.1503607351332903,0.15044348873198032,0.14830884523689747,0.14557044953107834,0.14509188756346703,0.1457875706255436,0.14709726721048355,0.14674677699804306,0.14611424505710602,0.1472859513014555,0.1458964180201292,0.14434381946921349,0.1426855120807886,0.14064309373497963,0.13918275572359562,0.13891093991696835,0.13829208724200726,0.13758348859846592,0.140791404992342,0.1433385070413351,0.14584027975797653,0.14775989949703217
SGF_N,0,4,0.15470486879348755,0.08397877216339111,4.6699652671813965,4.348627090454102,175.04876017570496,2735.13687774539,64,0,0,0,0,0,0.7699180021882057,0.77103441208601,0.7728385776281357,0.7692739963531494,0.7749217450618744,0.7763822078704834,0.7725032418966293,0.7678947597742081,0.7666483595967293,0.765504740178585,0.766053318977356,0.7654662132263184,0.7644563317298889,0.7624841630458832,0.7670863121747971,0.7673125863075256,0.7740955576300621,0.7693171203136444,0.7663493752479553,0.7687523290514946,0.7666218876838684,0.7716980949044228,0.7695556730031967,0.7691697925329208,0.7687891498208046,0.7683409750461578,0.7733264937996864,0.7723250463604927,0.7717146351933479,0.7716319188475609,0.7696042358875275,0.7679061368107796,0.7682855501770973,0.766103945672512,0.7699372246861458,0.7703285738825798,0.7721358984708786,0.7735643908381462,0.7665420323610306,0.7696128860116005,0.7651307806372643,0.7674791887402534,0.766778439283371,0.7636070474982262,0.7684511169791222,0.7652578055858612,0.7673188894987106,0.768854422228677,0.2511077467352152,0.2700873874127865,0.27073200419545174,0.269811499863863,0.27583443745970726,0.26981738209724426,0.26642780378460884,0.26823311299085617,0.26388154923915863,0.2667684331536293,0.2678395248949528,0.271291796118021,0.2700367011129856,0.2698308974504471,0.2647717371582985,0.2646550312638283,0.2649908661842346,0.2636525370180607,0.2632798030972481,0.2671717517077923,0.26797809079289436,0.26540151983499527,0.25762738659977913,0.2593081332743168,0.2597874514758587,0.25872160494327545,0.26032526791095734,0.25889602676033974,0.26337775588035583,0.2647766210138798,0.2639031819999218,0.266831137239933,0.26318753883242607,0.2647508420050144,0.2663053274154663,0.26830438897013664,0.26195959374308586,0.2603910230100155,0.262558463960886,0.26613201200962067,0.2655252665281296,0.25765542313456535,0.26529454067349434,0.26112309470772743,0.2606414742767811,0.25832757726311684,0.2602614536881447,0.2614041694572994,0.04646380851045251,0.05134637886658311,0.05379781872034073,0.05334171699360013,0.057133147958666086,0.054899293929338455,0.05451433081179857,0.055457080248743296,0.0542870513163507,0.05320044653490186,0.05148022435605526,0.05189818516373634,0.05348577816039324,0.054991309996694326,0.05449581239372492,0.05459769535809755,0.05561800114810467,0.055241500958800316,0.055226655676960945,0.05558191891759634,0.05727862007915974,0.057064587250351906,0.05441264156252146,0.05347636388614774,0.0530777289532125,0.052016034722328186,0.05367052601650357,0.0539483493193984,0.05290605779737234,0.05397916445508599,0.052785915322601795,0.051968137267977,0.05206190422177315,0.05223413137719035,0.053963497281074524,0.053843720350414515,0.052789186127483845,0.053420678712427616,0.05169564299285412,0.05348306428641081,0.053325180895626545,0.04972152877599001,0.05332986079156399,0.05094220954924822,0.05008323071524501,0.05363590130582452,0.05548024224117398,0.05628014515553202
SGF_N,1,4,0.15696465969085693,0.1604207158088684,5.201651096343994,4.653439044952393,175.5112705230713,2742.363601922989,64,0,0,0,0,0,0.8229204714298248,0.8207576647400856,0.8246710896492004,0.8244342431426048,0.8166256248950958,0.8139209374785423,0.8176484704017639,0.8209518492221832,0.8225540816783905,0.8244921341538429,0.8257716596126556,0.8265899941325188,0.8253255784511566,0.8272140622138977,0.8263594582676888,0.8273378983139992,0.826563373208046,0.8266926407814026,0.8261241987347603,0.827640525996685,0.8246063143014908,0.8248977437615395,0.8223781883716583,0.8217738792300224,0.82280283421278,0.8245499357581139,0.8268335536122322,0.8244904056191444,0.824264757335186,0.8238208964467049,0.8249693512916565,0.8281801789999008,0.8241553008556366,0.8287536576390266,0.8272013366222382,0.829863891005516,0.821265809237957,0.8228956535458565,0.8251901492476463,0.8248837366700172,0.8243894577026367,0.8255206495523453,0.8253613635897636,0.8243730291724205,0.826413594186306,0.8322674185037613,0.8241624534130096,0.827660356249128,0.2648790292441845,0.2711290121078491,0.27208684757351875,0.2722165919840336,0.2744080200791359,0.27277886867523193,0.2742989957332611,0.27295660600066185,0.2691643163561821,0.27009904384613037,0.27059515565633774,0.26991506293416023,0.26995331048965454,0.27108344435691833,0.27294017374515533,0.27198298647999763,0.27094266563653946,0.2745382711291313,0.2722930796444416,0.2730141952633858,0.2748648524284363,0.2748011201620102,0.271911084651947,0.2729383632540703,0.27305523306131363,0.27158841863274574,0.26427527889609337,0.2709886282682419,0.2754927836358547,0.27209631353616714,0.27193955332040787,0.2713336609303951,0.2736799791455269,0.27004824578762054,0.26819536834955215,0.26611366495490074,0.27337154746055603,0.27348092943429947,0.2765684090554714,0.27599792554974556,0.27411048114299774,0.2703915163874626,0.2707892619073391,0.2690495625138283,0.2655302435159683,0.26909203827381134,0.27187706530094147,0.2699009563241686,0.05323229776695371,0.05502021545544267,0.05648671882227063,0.05531518626958132,0.05902976309880614,0.0598463099449873,0.06087729148566723,0.06111728027462959,0.05785168008878827,0.05860921321436763,0.05823283502832055,0.05704105459153652,0.05631441483274102,0.05563458241522312,0.056237378157675266,0.05480371741577983,0.05591784277930856,0.057424396276474,0.056439890526235104,0.05487222038209438,0.057219269685447216,0.05579604022204876,0.05530927516520023,0.05619061505421996,0.05627752048894763,0.0569145898334682,0.05711298529058695,0.05710164876654744,0.05330989742651582,0.05413134954869747,0.054236314725130796,0.05094151245430112,0.056005184538662434,0.0558524071238935,0.057586461305618286,0.05588541040197015,0.05798172438517213,0.05550312623381615,0.05580467125400901,0.0582725228741765,0.059295968152582645,0.05848550843074918,0.057058549486100674,0.05691682267934084,0.0566982738673687,0.05336139863356948,0.05684181256219745,0.05604092723556927
SGF_N,0,5,0.15874475240707397,0.16368281841278076,4.537387847900391,7.64741325378418,174.32359838485718,2723.8062247633934,64,0,0,0,0,0,0.5140798687934875,0.5046789571642876,0.4961243271827698,0.4994730316102505,0.49344270676374435,0.49014435335993767,0.48770928755402565,0.48357463628053665,0.4799398221075535,0.47308966889977455,0.4708076938986778,0.4786000922322273,0.47517796233296394,0.4767231047153473,0.4919663295149803,0.504450123757124,0.5010671615600586,0.505773026496172,0.5156881362199783,0.5128037184476852,0.5110754445195198,0.5166977569460869,0.5225721970200539,0.5357247591018677,0.5372479856014252,0.512978371232748,0.509544275701046,0.5179464519023895,0.5292030051350594,0.5303116887807846,0.5308060795068741,0.5255615785717964,0.524824433028698,0.5145990960299969,0.530709981918335,0.4640558995306492,0.475162610411644,0.4473005384206772,0.4548095837235451,0.45370299741625786,0.4559534005820751,0.45364678278565407,0.44613557308912277,0.4420309104025364,0.4625345766544342,0.4591218866407871,0.4663035310804844,0.4800036677292415,0.44692132994532585,0.44997522979974747,0.44297536835074425,0.44994716718792915,0.4499799571931362,0.4466388188302517,0.4465534836053848,0.44445497915148735,0.4348933957517147,0.4421716034412384,0.4332117736339569,0.43427927419543266,0.43226735666394234,0.39113783091306686,0.38263430818915367,0.38090213760733604,0.38822535052895546,0.3842674121260643,0.38488127291202545,0.3791446089744568,0.37113793194293976,0.36729537695646286,0.37723422795534134,0.379407599568367,0.37185630574822426,0.38672666251659393,0.3944823853671551,0.40252695605158806,0.40214749053120613,0.3849768713116646,0.4055870473384857,0.40648214146494865,0.4086710438132286,0.4101884886622429,0.40109504386782646,0.41975242272019386,0.4092290438711643,0.4074581451714039,0.3930577263236046,0.38411765545606613,0.37991899251937866,0.375607144087553,0.36969537660479546,0.36755531653761864,0.37819238379597664,0.38162337243556976,0.3848055973649025,0.3927526431424277,0.0631358353421092,0.06476226495578885,0.06882122438400984,0.07032925728708506,0.0702810026705265,0.0711218100041151,0.06933436635881662,0.06782064586877823,0.06945501361042261,0.07332004141062498,0.07066901586949825,0.06985541991889477,0.06994283758103848,0.07206310890614986,0.07580623310059309,0.07769187074154615,0.07941338792443275,0.08143188618123531,0.08062469121068716,0.08188354875892401,0.08058042638003826,0.0810247641056776,0.08513960521668196,0.08637117408216,0.07905294094234705,0.08246803469955921,0.08326553646475077,0.0847736494615674,0.08796305488795042,0.08184431586414576,0.0796084888279438,0.0851802984252572,0.08382403012365103,0.08231626823544502,0.07472453732043505,0.07730504218488932,0.07630357146263123,0.07849372457712889,0.0781607860699296,0.07898696511983871,0.07884422410279512,0.07785337325185537,0.07795713096857071,0.07878457102924585,0.07789696380496025,0.07976235542446375,0.07982980087399483,0.07821037939616612
SGF_N,1,5,0.14555495977401733,0.12425345182418823,3.6682631969451904,4.882236003875732,175.77548503875732,2746.491953730583,64,0,0,0,0,0,0.6457505002617836,0.6501535028219223,0.6525737568736076,0.6572375670075417,0.6573563441634178,0.6544635444879532,0.6532340347766876,0.6602936908602715,0.6657196953892708,0.6549530178308487,0.6551340147852898,0.6518010348081589,0.6615336686372757,0.6640995219349861,0.6587177887558937,0.6580861508846283,0.6563037261366844,0.6581811979413033,0.6611797511577606,0.6602287590503693,0.6626332029700279,0.6589296832680702,0.6594457626342773,0.6626396030187607,0.6598738580942154,0.6566070318222046,0.6674448624253273,0.6648185774683952,0.6640202030539513,0.6642441228032112,0.6649749577045441,0.6625815257430077,0.6662218421697617,0.663668267428875,0.6613715216517448,0.6609912291169167,0.6645409688353539,0.6660500466823578,0.6638588011264801,0.65705855935812,0.6505213901400566,0.6538406983017921,0.657493457198143,0.6512540206313133,0.6548338979482651,0.6552161425352097,0.6535457521677017,0.6564124737467084,0.25340427458286285,0.25117427855730057,0.24931987933814526,0.24656347930431366,0.24524813331663609,0.2489094641059637,0.25107478722929955,0.24464212357997894,0.23930507339537144,0.2536904513835907,0.25148433446884155,0.25051127187907696,0.24246527254581451,0.2423579189926386,0.24338575452566147,0.24141237884759903,0.23988881893455982,0.23656625114381313,0.23246820829808712,0.2368362993001938,0.23506050370633602,0.23764527961611748,0.23655732534825802,0.2333579920232296,0.2380829155445099,0.23895198479294777,0.2405623085796833,0.24476037919521332,0.24123888462781906,0.23827344551682472,0.23510857485234737,0.23459315299987793,0.23079502023756504,0.23494737036526203,0.23882029950618744,0.23711928725242615,0.23807581700384617,0.23748456872999668,0.23618221655488014,0.23768418096005917,0.24519764818251133,0.24849290587008,0.24622466787695885,0.2528482861816883,0.25100451707839966,0.25368694961071014,0.2573564425110817,0.260169403893607,0.06905988696962595,0.0704600065946579,0.07113786973059177,0.07388536259531975,0.07773153111338615,0.07689539156854153,0.07560715917497873,0.08048248011618853,0.08329723216593266,0.07879849057644606,0.07965430617332458,0.07707851473242044,0.07911907322704792,0.08171277027577162,0.08222092222422361,0.08022270258516073,0.07969027012586594,0.07984882034361362,0.08159689046442509,0.07955441623926163,0.08060359302908182,0.07996339164674282,0.07856704760342836,0.08195408619940281,0.08117759972810745,0.07760030496865511,0.08220993261784315,0.08298245910555124,0.08466119226068258,0.08032570499926805,0.08160738833248615,0.0837388439103961,0.08646808285266161,0.08674301952123642,0.08418009150773287,0.08310052379965782,0.08395051676779985,0.08657670114189386,0.08704642113298178,0.08368618786334991,0.08193051721900702,0.08133883308619261,0.0840562591329217,0.08272921200841665,0.08279071375727654,0.08358184341341257,0.08158897329121828,0.08007858054978508
SGF_N,0,6,0.03345942497253418,0.06420093774795532,7.892483711242676,10.605112075805664,174.84126114845276,2731.8947054445744,64,0,0,0,0,0,0.54451023042202,0.522630549967289,0.5184431672096252,0.511335089802742,0.5066246837377548,0.49750394374132156,0.5005010813474655,0.49220219627022743,0.5029642321169376,0.504393920302391,0.4970495365560055,0.4879334606230259,0.49159395694732666,0.4979693777859211,0.5024945065379143,0.5016747154295444,0.4983760230243206,0.493148073554039,0.49074576050043106,0.49686286598443985,0.49741046130657196,0.48915277421474457,0.4812263622879982,0.47989120706915855,0.48226625099778175,0.48902271315455437,0.4881596565246582,0.48226017132401466,0.4791693538427353,0.4751635231077671,0.48348889499902725,0.49158061668276787,0.4987880140542984,0.4930207431316376,0.4964507296681404,0.4883587695658207,0.4806600585579872,0.48735105991363525,0.48242460936307907,0.4784982390701771,0.4852660931646824,0.49126898124814034,0.49687569215893745,0.4923715405166149,0.4875783361494541,0.4808409921824932,0.47007255628705025,0.46651755060468403,0.4429077059030533,0.4623252637684345,0.4714219272136688,0.4780232086777687,0.4793008491396904,0.4807688221335411,0.4788515120744705,0.4946736544370651,0.4859927110373974,0.47779636830091476,0.48196642845869064,0.48441414535045624,0.48316269367933273,0.48431189358234406,0.48561497032642365,0.48426422104239464,0.49003827571868896,0.4915021173655987,0.48918378725647926,0.47646573558449745,0.4787174202501774,0.48361700028181076,0.48788196220993996,0.4843163229525089,0.48417646810412407,0.4783700816333294,0.4829811677336693,0.4852465018630028,0.4892524518072605,0.4943323843181133,0.49362821877002716,0.4867120757699013,0.48352600261569023,0.48635533824563026,0.4850677028298378,0.4953787177801132,0.5078090727329254,0.5067373141646385,0.5098244100809097,0.5127635672688484,0.5011953487992287,0.4948372431099415,0.4885287806391716,0.48826001957058907,0.4907202869653702,0.491675041615963,0.4895933270454407,0.4938607130731855,0.11502431705594063,0.11209011822938919,0.113346628844738,0.1086339633911848,0.10517112910747528,0.10560533497482538,0.11224931292235851,0.11193338129669428,0.11409711092710495,0.11301720049232244,0.12061783391982317,0.11526276730000973,0.11762458086013794,0.1127827912569046,0.1140078455209732,0.11708406265825033,0.11443920340389013,0.11765990406274796,0.11873862333595753,0.12145069520920515,0.12109892535954714,0.12567651737481356,0.12439608108252287,0.1283126026391983,0.12996327318251133,0.134659081697464,0.1407204195857048,0.14049225859344006,0.13671626709401608,0.13634868524968624,0.13105509616434574,0.12669668719172478,0.12534323427826166,0.12256237212568521,0.11965858191251755,0.12043731939047575,0.11452407110482454,0.1138079147785902,0.12104854546487331,0.11646934226155281,0.11915115267038345,0.11733128223568201,0.1214625658467412,0.12013317551463842,0.12031756527721882,0.11872174683958292,0.12391985394060612,0.12247424679143089
SGF_N,1,6,0.09442001581192017,0.07635647058486938,8.509931564331055,10.389984130859375,176.04410314559937,2750.68911164999,64,0,0,0,0,0,0.5199784636497498,0.5384575128555298,0.5399075374007225,0.5472007468342781,0.5542334243655205,0.5474681034684181,0.5446699112653732,0.5351667329668999,0.5331301912665367,0.5287488177418709,0.5335261449217796,0.5289811193943024,0.524313822388649,0.5251665189862251,0.5257300361990929,0.5240408703684807,0.5210900828242302,0.5258207470178604,0.5259537175297737,0.5255832821130753,0.5344322547316551,0.5235424861311913,0.5170829147100449,0.5103035196661949,0.5102078020572662,0.5097294449806213,0.5041665807366371,0.5135772973299026,0.5202765390276909,0.5228286758065224,0.5242427513003349,0.5291586741805077,0.5300100594758987,0.5300707444548607,0.5228855386376381,0.5245061814785004,0.5183640345931053,0.5218829810619354,0.5257560610771179,0.533840499818325,0.5300344973802567,0.523800328373909,0.5294884815812111,0.5239190235733986,0.5225196182727814,0.5224477276206017,0.5191608965396881,0.5244943073817662,0.4839782603085041,0.4755367152392864,0.47424134984612465,0.47215157747268677,0.4712371937930584,0.4761689566075802,0.47838228940963745,0.4807460531592369,0.47878674045205116,0.4787221811711788,0.4730903133749962,0.4808398112654686,0.4836854599416256,0.4843917414546013,0.4843030795454979,0.4845806546509266,0.490520142018795,0.487610287964344,0.4889517091214657,0.4877166822552681,0.48282286152243614,0.4885743297636509,0.4942817948758602,0.49670686200261116,0.49650831893086433,0.49946916848421097,0.49823567271232605,0.49284298717975616,0.4915241189301014,0.4938255436718464,0.4927780404686928,0.4887320399284363,0.48538659885525703,0.48750903457403183,0.4897290915250778,0.49184904992580414,0.4957013688981533,0.49290354549884796,0.49319763481616974,0.4861433394253254,0.4875415116548538,0.4898108094930649,0.4866536371409893,0.4910160228610039,0.49162567406892776,0.4890710599720478,0.4903050698339939,0.4894379462514605,0.11141336429864168,0.10650487337261438,0.10587672051042318,0.109370200894773,0.10980796255171299,0.11054011434316635,0.11091703362762928,0.11125341709703207,0.11414494458585978,0.11498294491320848,0.11367423739284277,0.11345038190484047,0.11384071689099073,0.11403588950634003,0.11043625138700008,0.11284439917653799,0.11059574596583843,0.11219857633113861,0.10877655446529388,0.11278029065579176,0.11312057822942734,0.11238710023462772,0.11057390738278627,0.10783712193369865,0.1095584649592638,0.11249678954482079,0.1127977017313242,0.11235709115862846,0.1109132468700409,0.11106227338314056,0.1135342214256525,0.11292333528399467,0.11464461777359247,0.11417049821466208,0.11477755755186081,0.1119103068485856,0.1132607739418745,0.11100246291607618,0.11075214762240648,0.11240775510668755,0.11270007956773043,0.11255748849362135,0.11082890164107084,0.11150508001446724,0.11119985673576593,0.11263052932918072,0.11417403165251017,0.11211124275411878
SGF_N,0,7,0.07229346036911011,0.04158526659011841,1.4212359189987183,3.281008243560791,174.31619334220886,2723.6905209720135,64,0,0,0,0,0,0.5204956084489822,0.524660512804985,0.5278475806117058,0.524668425321579,0.5255817547440529,0.5283513888716698,0.5296224057674408,0.5274066925048828,0.5274180546402931,0.5293563082814217,0.529075525701046,0.5296191051602364,0.5295224860310555,0.5308710932731628,0.5315791219472885,0.5287925451993942,0.5263516902923584,0.5272145420312881,0.5340150371193886,0.5340997576713562,0.5356617718935013,0.5309655889868736,0.5269264802336693,0.5273763090372086,0.5256851837038994,0.5291650742292404,0.5310971066355705,0.5312611535191536,0.5254480168223381,0.5328812524676323,0.5444936901330948,0.5411008223891258,0.5401683077216148,0.5341938734054565,0.5291882157325745,0.5227755829691887,0.5221243426203728,0.5262833684682846,0.526816114783287,0.5304556041955948,0.5468126907944679,0.5590894445776939,0.5594577267765999,0.5553613677620888,0.5660871341824532,0.5696765184402466,0.5665243789553642,0.5675827690533229,0.5644844174385071,0.5634018555283546,0.5623655915260315,0.5631115585565567,0.5629128515720367,0.5613301992416382,0.5619862228631973,0.562948539853096,0.5624378025531769,0.5618351772427559,0.5608431845903397,0.5605878308415413,0.5631866455078125,0.5614872500300407,0.5539013221859932,0.5483289659023285,0.5455347523093224,0.5445979833602905,0.5517306998372078,0.5566666945815086,0.5496940240263939,0.541244849562645,0.5393485873937607,0.5398848801851273,0.5451275333762169,0.542799822986126,0.5400263965129852,0.5413545295596123,0.5471699088811874,0.5278303772211075,0.5198505371809006,0.5226825103163719,0.5208481028676033,0.5179435610771179,0.513152576982975,0.5140089839696884,0.5124157518148422,0.5100056901574135,0.5111981332302094,0.5067918598651886,0.4978124648332596,0.49706079810857773,0.5117588490247726,0.5290351882576942,0.5303772911429405,0.5328793302178383,0.5378302410244942,0.5382735558918544,0.08482308033853769,0.08616328053176403,0.08322660624980927,0.0832449784502387,0.08272180613130331,0.08211971540004015,0.08169998787343502,0.08151471894234419,0.08166264183819294,0.08191803097724915,0.08269602805376053,0.08401397708803415,0.08380785025656223,0.08328765444457531,0.08310877904295921,0.08410025015473366,0.08504376467317343,0.08395077101886272,0.08310238923877478,0.08373506739735603,0.08393531199544668,0.08451956883072853,0.0854003056883812,0.08518738020211458,0.08496188838034868,0.08490241877734661,0.08496152888983488,0.08421603124588728,0.08338900655508041,0.08578487113118172,0.08701936900615692,0.08583076298236847,0.08648128155618906,0.08831727411597967,0.08992341067641973,0.09111032169312239,0.09170637559145689,0.09223413839936256,0.09003680106252432,0.09163755737245083,0.09145729523152113,0.0891210325062275,0.08513744082301855,0.0866556791588664,0.08164969459176064,0.08167284820228815,0.08127254340797663,0.08068761974573135
SGF_N,1,7,0.06787341833114624,0.04899877309799194,2.1113481521606445,3.194769859313965,174.88231444358826,2732.5361631810665,64,0,0,0,0,0,0.5380407273769379,0.5455607399344444,0.548820436000824,0.5506332069635391,0.549779549241066,0.5477607846260071,0.5498564019799232,0.5478390902280807,0.5474771484732628,0.5448136925697327,0.5455421954393387,0.5525677427649498,0.5544325113296509,0.5546337738633156,0.5593470335006714,0.5558989644050598,0.5559353306889534,0.5515483766794205,0.5498035922646523,0.5536639764904976,0.5559895634651184,0.553045392036438,0.5528643801808357,0.5552181005477905,0.5549903512001038,0.5558230802416801,0.5548754706978798,0.5556380450725555,0.5596066191792488,0.5630048140883446,0.5661261230707169,0.5653463378548622,0.5627991855144501,0.5661771222949028,0.561963252723217,0.5603314712643623,0.5581157803535461,0.5563872382044792,0.5590262040495872,0.5517319440841675,0.5450482070446014,0.5459936633706093,0.5459620952606201,0.5495134890079498,0.5396479815244675,0.5279594287276268,0.523227758705616,0.5267071894236973,0.6086766421794891,0.6060652285814285,0.6030811965465546,0.6016234010457993,0.6046914607286453,0.605844646692276,0.6029112040996552,0.603204183280468,0.6038852706551552,0.6096030101180077,0.6103741899132729,0.6071332171559334,0.605213887989521,0.6017774194478989,0.6050553694367409,0.6118538752198219,0.6083317548036575,0.612932026386261,0.6121805757284164,0.6059115156531334,0.6061117500066757,0.6056450754404068,0.6078106909990311,0.6019583716988564,0.6006927862763405,0.600039504468441,0.6064333915710449,0.6062613800168037,0.6033174246549606,0.6003138571977615,0.5997508615255356,0.6032448709011078,0.6082125082612038,0.6090310737490654,0.6083175987005234,0.6079354584217072,0.6077316775918007,0.611635223031044,0.6072836145758629,0.6136277318000793,0.6080819368362427,0.6010987460613251,0.5983782038092613,0.5957675203680992,0.587601400911808,0.5901049897074699,0.5922909528017044,0.5860609923090253,0.08371145464479923,0.08417159225791693,0.08505062479525805,0.08362964354455471,0.07981032133102417,0.07915574871003628,0.08043777290731668,0.08098975755274296,0.07910687662661076,0.07766453456133604,0.07585120759904385,0.0803793678060174,0.08142416458576918,0.08331393543630838,0.07902272697538137,0.07601463980972767,0.07805688306689262,0.07736987993121147,0.0780979860574007,0.07931593246757984,0.07714630104601383,0.0779402730986476,0.07578891515731812,0.07826626487076283,0.07913750503212214,0.07950932811945677,0.07530431635677814,0.07664798200130463,0.07835519406944513,0.0791686000302434,0.07973496336489916,0.07806827407330275,0.07751960027962923,0.07603923045098782,0.07858214434236288,0.07866626512259245,0.07920862827450037,0.07764940243214369,0.0793501166626811,0.07773681823164225,0.07936039846390486,0.08087576180696487,0.0807328587397933,0.07835530396550894,0.0892778467386961,0.0904226778075099,0.09101001638919115,0.09110744936125618
SGF_N,0,8,0.14742577075958252,0.09869134426116943,5.813696384429932,6.4508514404296875,174.2363338470459,2722.442716360092,64,0,0,0,0,0,0.6178494617342949,0.6163180768489838,0.6273733675479889,0.6301430687308311,0.623471200466156,0.6140411272644997,0.6170957908034325,0.6199051290750504,0.6216228529810905,0.6227639988064766,0.6236123666167259,0.6332395821809769,0.6387163698673248,0.6426362171769142,0.6419823169708252,0.6473700255155563,0.6447727009654045,0.6417627111077309,0.6346350982785225,0.6420025527477264,0.6413899809122086,0.6362361907958984,0.6376076862215996,0.6380001455545425,0.6466009989380836,0.6537512540817261,0.6508167162537575,0.6453393921256065,0.6441635265946388,0.6491039022803307,0.6494614332914352,0.6462969556450844,0.6419745236635208,0.6422222256660461,0.6458468437194824,0.6550047844648361,0.6505756378173828,0.6460416689515114,0.6474071517586708,0.645275704562664,0.6485511660575867,0.6528390496969223,0.6586326435208321,0.662180170416832,0.6573843583464622,0.6517116129398346,0.6513547524809837,0.6601336172648838,0.378355722874403,0.37670911848545074,0.37439221888780594,0.37265096604824066,0.3738184906542301,0.3754270151257515,0.37450674176216125,0.3759197071194649,0.3758224546909332,0.37020784616470337,0.3702777400612831,0.36552392691373825,0.36375224217772484,0.3606710284948349,0.3612348511815071,0.35692861303687096,0.354897178709507,0.35091328993439674,0.35407423600554466,0.3521674983203411,0.3512467294931412,0.3477862998843193,0.34459394216537476,0.34356753155589104,0.33990704640746117,0.3334924429655075,0.330070398747921,0.3342413567006588,0.33940668404102325,0.34104692935943604,0.34394534677267075,0.3394002318382263,0.34831759333610535,0.3417448438704014,0.34362634643912315,0.33200041204690933,0.3290875665843487,0.3331162966787815,0.33472390845417976,0.33582228422164917,0.3310854956507683,0.32540087029337883,0.3174421489238739,0.3143705576658249,0.3177403546869755,0.3267049677670002,0.3340003192424774,0.33439821004867554,0.16337772272527218,0.16461853682994843,0.1672412920743227,0.16729982569813728,0.16545234620571136,0.16201158612966537,0.16239997744560242,0.16154245659708977,0.16281274892389774,0.16206886246800423,0.1622761357575655,0.1610356606543064,0.16097706370055676,0.15719926357269287,0.1582041848450899,0.15899920463562012,0.1576014719903469,0.15688824839890003,0.15950168669223785,0.15737975016236305,0.1563484389334917,0.15192752331495285,0.15121012181043625,0.15001853927969933,0.15089724212884903,0.14865995943546295,0.14956194534897804,0.15085847675800323,0.15007098019123077,0.15186455473303795,0.15468600019812584,0.15317805856466293,0.1528447363525629,0.1472445335239172,0.148441381752491,0.15186894498765469,0.15199651010334492,0.14987256564199924,0.15092720091342926,0.1471074726432562,0.14769374765455723,0.14574738591909409,0.14929046668112278,0.14598697423934937,0.14548114873468876,0.1487878728657961,0.1556855645030737,0.162057597722326
SGF_N,1,8,0.16686564683914185,0.12801218032836914,7.456910610198975,7.832980155944824,174.29652762413025,2723.383244127035,64,0,0,0,0,0,0.49476949125528336,0.49905071780085564,0.5050961375236511,0.5078974366188049,0.5094153210520744,0.5149001032114029,0.5170220732688904,0.5169140622019768,0.5229239836335182,0.5202960297465324,0.5187464728951454,0.5206929296255112,0.5269317999482155,0.5232588276267052,0.5265173390507698,0.5320706441998482,0.5313104316592216,0.5312551483511925,0.5312826856970787,0.5367127433419228,0.5422448441386223,0.5409407243132591,0.5426759272813797,0.5408601090312004,0.5392965823411942,0.5448002070188522,0.538524217903614,0.5369300991296768,0.5433786287903786,0.5399741753935814,0.5389098152518272,0.5410839542746544,0.5283172205090523,0.5363088697195053,0.5356721505522728,0.5328476205468178,0.5332722514867783,0.5267182514071465,0.5240256041288376,0.5325035378336906,0.5251446068286896,0.5400848090648651,0.5214324221014977,0.5211931839585304,0.5176121294498444,0.5216996371746063,0.5194491073489189,0.513772325856345,0.3877093940973282,0.38595232367515564,0.3862951174378395,0.38673335686326027,0.3868790902197361,0.3836296796798706,0.38194895908236504,0.3823588639497757,0.3770803362131119,0.379609327763319,0.37926747277379036,0.38110245764255524,0.3772257976233959,0.377859178930521,0.37445564195513725,0.3702741302549839,0.36982759460806847,0.3666137717664242,0.36425426229834557,0.36017055064439774,0.3586239069700241,0.3587154485285282,0.3524060808122158,0.35054295882582664,0.349778488278389,0.3447982631623745,0.3515358120203018,0.35238105058670044,0.3467646650969982,0.34547603130340576,0.3497084453701973,0.3519221320748329,0.363036148250103,0.3555379807949066,0.3563194312155247,0.3560783751308918,0.35731033608317375,0.3583444878458977,0.36005133390426636,0.35843535885214806,0.3698728233575821,0.36003972217440605,0.37654343619942665,0.3763490580022335,0.38360096514225006,0.3818836212158203,0.3821413777768612,0.38868510723114014,0.1700972579419613,0.17617665976285934,0.17640547826886177,0.17501094937324524,0.17292532324790955,0.17051300406455994,0.17160131223499775,0.1689639464020729,0.16829384304583073,0.16828429140150547,0.16943887434899807,0.17058676667511463,0.1646843794733286,0.16997870057821274,0.16524858213961124,0.1657922826707363,0.16236191987991333,0.1601818110793829,0.15862625651061535,0.158260615542531,0.15712633728981018,0.15621083043515682,0.15580951422452927,0.1546100601553917,0.15480521880090237,0.15342086739838123,0.1571301333606243,0.15725070051848888,0.15193378180265427,0.15337551943957806,0.1556746531277895,0.15326077677309513,0.16316449642181396,0.15753139555454254,0.15636046789586544,0.15539866127073765,0.15547505393624306,0.16070693358778954,0.1599859967827797,0.1566659789532423,0.15838227421045303,0.1501670777797699,0.15673201903700829,0.15668495744466782,0.15920239686965942,0.15890504233539104,0.1567117366939783,0.16503084557397024
SGF_N,0,9,0.2680540084838867,0.2665759325027466,4.130022048950195,4.356379508972168,174.79185009002686,2731.1226576566696,64,0,0,0,0,0,0.5113241299986839,0.5119634941220284,0.5142691060900688,0.5092444121837616,0.510514497756958,0.5172467529773712,0.500942338258028,0.5139383748173714,0.5145178362727165,0.5129097327589989,0.511006087064743,0.511636808514595,0.5085977166891098,0.5076175481081009,0.5114069879055023,0.5094596818089485,0.5091559588909149,0.5115924030542374,0.511999286711216,0.5125169306993484,0.5113099664449692,0.5118420645594597,0.5140626132488251,0.5131432488560677,0.5152353122830391,0.513496108353138,0.512128196656704,0.5106254816055298,0.5111325979232788,0.5122214630246162,0.5124113857746124,0.5119570046663284,0.5122268497943878,0.5078250914812088,0.504771925508976,0.5098938122391701,0.5083760544657707,0.5090412646532059,0.5086779221892357,0.5092251524329185,0.5087936818599701,0.5037466585636139,0.5092513337731361,0.5085957199335098,0.5087283179163933,0.5078887417912483,0.5090663433074951,0.5108306663376945,0.42000049725174904,0.419176671653986,0.42207328975200653,0.42170072346925735,0.4191862568259239,0.42075613141059875,0.4269016645848751,0.42138541117310524,0.423087190836668,0.42722252011299133,0.43199438601732254,0.4273155406117439,0.4293571822345257,0.431720744818449,0.4261743910610676,0.42854124307632446,0.4266592748463154,0.42393509671092033,0.42312269285321236,0.4252174533903599,0.42741256207227707,0.42792829871177673,0.4255446344614029,0.4252338446676731,0.42534926906228065,0.42382431775331497,0.4240031875669956,0.4238981530070305,0.42444223538041115,0.4223540537059307,0.4228103421628475,0.42423298954963684,0.4243535213172436,0.4278675615787506,0.43080464005470276,0.4252079203724861,0.4273458160459995,0.429850984364748,0.4260774664580822,0.42622190341353416,0.4241626150906086,0.4306180737912655,0.42632821202278137,0.4263392202556133,0.4244643524289131,0.42574283853173256,0.4259773902595043,0.4236792538847242,0.049507866613566875,0.04996578674763441,0.05225729523226619,0.054164319299161434,0.05376276047900319,0.05397349689155817,0.052498297300189734,0.05132412491366267,0.051967817824333906,0.05087894340977073,0.05067754117771983,0.05137594137340784,0.053230642806738615,0.05204019695520401,0.0517146922647953,0.051381027325987816,0.05324350856244564,0.05419005546718836,0.05465676914900541,0.05576350260525942,0.05375521723181009,0.05466662673279643,0.05320117110386491,0.053709895350039005,0.05389500083401799,0.05409911787137389,0.05261853849515319,0.05082630505785346,0.05150647275149822,0.051969490479677916,0.053210115525871515,0.052029595244675875,0.0520133338868618,0.05302491644397378,0.05326214665547013,0.05282602505758405,0.05368692381307483,0.0520816151984036,0.05191218573600054,0.05333206569775939,0.05206761276349425,0.052341694477945566,0.05143729085102677,0.052154292818158865,0.05180976027622819,0.053160089533776045,0.05211776355281472,0.05161830676453454
SGF_N,1,9,0.2823176980018616,0.24823570251464844,6.639984607696533,6.766305446624756,175.0437319278717,2735.0583113729954,64,0,0,0,0,0,0.4799192175269127,0.4867511950433254,0.47540632262825966,0.4790303073823452,0.4845033995807171,0.48473306000232697,0.48505987972021103,0.48089393600821495,0.48964882642030716,0.4846506677567959,0.47871388494968414,0.48244067654013634,0.4806939624249935,0.48290757834911346,0.4700986109673977,0.47846487537026405,0.4824913777410984,0.4794967696070671,0.4852425567805767,0.4868488013744354,0.4736206829547882,0.47622790932655334,0.4752900302410126,0.474722009152174,0.47604385763406754,0.47314687818288803,0.46866315975785255,0.47195177897810936,0.47516853734850883,0.47345437854528427,0.4710703007876873,0.4630688615143299,0.4727906584739685,0.46388616785407066,0.4655325412750244,0.47465553134679794,0.46718963235616684,0.48472121730446815,0.4755799286067486,0.4875558204948902,0.47532808408141136,0.4805315025150776,0.4722132347524166,0.47978485748171806,0.4687013439834118,0.4713834412395954,0.4685225337743759,0.4712442713124411,0.4656941071152687,0.4652055725455284,0.4687936455011368,0.4658821374177933,0.46801743283867836,0.46155083179473877,0.46727626770734787,0.47004787251353264,0.4608123451471329,0.4718261919915676,0.47495514526963234,0.46653541177511215,0.4671553894877434,0.463544350117445,0.47195597365498543,0.46530212089419365,0.46053388714790344,0.4697702042758465,0.46574949100613594,0.4654429294168949,0.47260603308677673,0.46958253160119057,0.4676837809383869,0.4715234898030758,0.469303235411644,0.4712764471769333,0.4780842550098896,0.4762674942612648,0.47210146859288216,0.4730439521372318,0.47424765303730965,0.4716259725391865,0.4701591245830059,0.47358426079154015,0.4731997326016426,0.4659031815826893,0.47207124531269073,0.4553955905139446,0.46519337594509125,0.4533195458352566,0.46720365434885025,0.46131686493754387,0.4643009975552559,0.45731889829039574,0.4612704999744892,0.45819875597953796,0.46209219098091125,0.46032905152865816,0.05323476344347,0.06048505054786801,0.06255640927702188,0.06211211159825325,0.0640748618170619,0.06294163595885038,0.06375626008957624,0.06473655859008431,0.06353857135400176,0.06219935556873679,0.06449099211022258,0.06025502644479275,0.06592619325965643,0.06078214105218649,0.05952548747882247,0.05925561487674713,0.05871720518916845,0.061341417487710714,0.06143364682793617,0.060948860831558704,0.06240923656150699,0.06158765917643905,0.05862514954060316,0.060443267691880465,0.06097835535183549,0.05874581867828965,0.06081023206934333,0.06147257564589381,0.05869858292862773,0.0588633893057704,0.06064862851053476,0.0576645671389997,0.05725024826824665,0.05929472157731652,0.059292785823345184,0.058927653823047876,0.05995279271155596,0.05842142039909959,0.05794969154521823,0.05807029316201806,0.057607089169323444,0.05678734602406621,0.057253082282841206,0.060165849048644304,0.0562763586640358,0.06010687770321965,0.06038573430851102,0.05907819579754557
SGF_N,0,10,0.1613004207611084,0.19888454675674438,3.420710802078247,3.115056037902832,173.77422332763672,2715.2222394943237,64,0,0,0,0,0,0.5959507077932358,0.615202970802784,0.643413707613945,0.6581873595714569,0.664048321545124,0.662275530397892,0.6493444368243217,0.6247617974877357,0.6065184324979782,0.6109091490507126,0.6163571774959564,0.620452806353569,0.6274899765849113,0.6309361606836319,0.6335933059453964,0.6132000014185905,0.6014650911092758,0.6012155190110207,0.6085399314761162,0.6094230711460114,0.6066533848643303,0.6041810438036919,0.6014407947659492,0.6012916713953018,0.5964756906032562,0.5989049151539803,0.6006237417459488,0.5963458195328712,0.5882362946867943,0.5906862989068031,0.5815529152750969,0.5787114202976227,0.5804722681641579,0.5905757993459702,0.5959515273571014,0.5957147404551506,0.5961408987641335,0.5940631031990051,0.5934660211205482,0.5812625512480736,0.5681500509381294,0.5710315108299255,0.5760780051350594,0.5750528424978256,0.5690349489450455,0.5682752355933189,0.5738190561532974,0.5821414504732404,0.3714894540607929,0.35946810245513916,0.3379317410290241,0.3250906839966774,0.3178139664232731,0.3149944841861725,0.3267059326171875,0.35500578209757805,0.3755593076348305,0.37348832190036774,0.3643960617482662,0.3569820672273636,0.3468042463064194,0.339363943785429,0.3352414630353451,0.3520229682326317,0.3663638047873974,0.3655688427388668,0.3588999956846237,0.3559616059064865,0.35438694432377815,0.35527659952640533,0.3607045114040375,0.3617608807981014,0.36549070850014687,0.36709490418434143,0.3691035024821758,0.36980708688497543,0.3688981980085373,0.3632282055914402,0.37146102264523506,0.3734416104853153,0.372436985373497,0.3687506392598152,0.36369630694389343,0.3615906536579132,0.3607231378555298,0.3595139607787132,0.3574747070670128,0.364323403686285,0.3768765814602375,0.3829933740198612,0.381962314248085,0.38089273124933243,0.38064363971352577,0.3813761807978153,0.38050901889801025,0.3770442690168108,0.04754091612994671,0.04680403554812074,0.045790793374180794,0.04463787516579032,0.04437630902975798,0.04326162580400705,0.039606159552931786,0.04339405708014965,0.0464597437530756,0.047376868315041065,0.04912609187886119,0.047691332176327705,0.04648015694692731,0.04558173660188913,0.043773665092885494,0.04198277974501252,0.04345598537474871,0.04516850830987096,0.045877145137637854,0.04644639836624265,0.04779494879767299,0.04835599986836314,0.0487078963778913,0.04955169837921858,0.04915686044842005,0.04958172654733062,0.04833285976201296,0.048440438229590654,0.046896085143089294,0.04721397766843438,0.04788946593180299,0.04840895161032677,0.048495120368897915,0.048469227738678455,0.048135938588529825,0.04502047784626484,0.04415283352136612,0.04519676649942994,0.04651153553277254,0.047236481215804815,0.04851233307272196,0.049359964206814766,0.04876706609502435,0.04880524659529328,0.04913617484271526,0.05062636127695441,0.051435102708637714,0.05208233743906021
SGF_N,1,10,0.16011977195739746,0.15372437238693237,3.765511989593506,3.2383830547332764,174.61859607696533,2728.4155637025833,64,0,0,0,0,0,0.616646021604538,0.625752180814743,0.6291028708219528,0.61277174949646,0.6127649769186974,0.6138055697083473,0.6144576892256737,0.6197335124015808,0.6153257936239243,0.6205061301589012,0.6168153807520866,0.6121252402663231,0.6141359880566597,0.6148753687739372,0.6215290948748589,0.6226840317249298,0.6178847402334213,0.611446350812912,0.6180086433887482,0.6236397922039032,0.62551598995924,0.6263075619935989,0.6332074925303459,0.637447863817215,0.6322995722293854,0.6301436126232147,0.6343490853905678,0.6365755125880241,0.6321368217468262,0.6338808760046959,0.6314899399876595,0.6335398107767105,0.6300979778170586,0.6325854510068893,0.6273732483386993,0.6294193938374519,0.6284234151244164,0.6229001805186272,0.6302588731050491,0.6386819779872894,0.6378682404756546,0.6390876844525337,0.6325735524296761,0.6339276805520058,0.6334025785326958,0.6436935216188431,0.65058434009552,0.6465177450861249,0.34437159448862076,0.32787197455763817,0.3208959326148033,0.3288978561758995,0.33472219854593277,0.3319718688726425,0.31906891986727715,0.3148466758430004,0.32547973096370697,0.324773944914341,0.32846708595752716,0.3244761638343334,0.30696432292461395,0.3033267743885517,0.3126053363084793,0.3266453556716442,0.33804072067141533,0.340120654553175,0.32144374027848244,0.3207968808710575,0.32723476365208626,0.32726310193538666,0.32099151983857155,0.3146996907889843,0.3247668482363224,0.32763538509607315,0.3236755058169365,0.32840370014309883,0.3331151381134987,0.32952625676989555,0.3324933424592018,0.3258696347475052,0.3276747837662697,0.32585839182138443,0.33251526579260826,0.3295624814927578,0.3269968666136265,0.32959146052598953,0.32053209841251373,0.31350257620215416,0.31255023553967476,0.3213255740702152,0.32575342804193497,0.3230605125427246,0.31783340871334076,0.310149934142828,0.3089255169034004,0.3165707119873592,0.04635447124019265,0.04818705841898918,0.04930358426645398,0.046817551366984844,0.046550529543310404,0.048076195642352104,0.05011319275945425,0.04950749594718218,0.048701760824769735,0.049139801412820816,0.04935193620622158,0.04784177988767624,0.04806772759184241,0.048146921675652266,0.04696472454816103,0.048813245724886656,0.04765428323298693,0.04190416866913438,0.04002747917547822,0.04405391588807106,0.044217984192073345,0.044775402173399925,0.04699906334280968,0.0465347352437675,0.04688839754089713,0.04606052627786994,0.045829336158931255,0.04655927745625377,0.04683892987668514,0.04771536309272051,0.0474167768843472,0.04930243408307433,0.05103394389152527,0.05079493345692754,0.04976039985194802,0.04824183974415064,0.049050090834498405,0.04924247646704316,0.049819924402982,0.05035940045490861,0.05029720673337579,0.04825840564444661,0.04844729881733656,0.04679645551368594,0.04888323321938515,0.049685871694236994,0.04842434357851744,0.04832846564905984
SGF_N,0,11,0.17480581998825073,0.16399526596069336,8.680150032043457,10.18320369720459,174.6561849117279,2729.0028892457485,64,0,0,0,0,0,0.7450909167528152,0.7418814823031425,0.7457151412963867,0.7503944933414459,0.7495756894350052,0.7477148622274399,0.7483284771442413,0.7518876492977142,0.7507054433226585,0.7493486180901527,0.7454336658120155,0.7487558797001839,0.7506251707673073,0.7454454675316811,0.748589277267456,0.7516319528222084,0.7487185597419739,0.7467983514070511,0.7305608317255974,0.7187318280339241,0.7108147069811821,0.7085744440555573,0.704820454120636,0.7094372659921646,0.7162950485944748,0.7191565334796906,0.7243373617529869,0.7177656888961792,0.7195903062820435,0.7207353636622429,0.7239805683493614,0.731800839304924,0.7369559481739998,0.7357345297932625,0.7346253544092178,0.7377874627709389,0.7379410341382027,0.7357729747891426,0.733492836356163,0.736771896481514,0.7381157949566841,0.7350619658827782,0.7357933148741722,0.737382099032402,0.7343766391277313,0.7335158437490463,0.7296222299337387,0.7232066903795514,0.39588870480656624,0.4080664850771427,0.4040021076798439,0.406842865049839,0.40359997749328613,0.4054913744330406,0.4023580998182297,0.3998897671699524,0.4029248468577862,0.40292562171816826,0.40753408148884773,0.4002000018954277,0.4041558541357517,0.4091409333050251,0.40618087723851204,0.40509694069623947,0.4054214544594288,0.4090285748243332,0.4123557433485985,0.4229036159813404,0.42468690872192383,0.42705074697732925,0.42747508361935616,0.4249067194759846,0.42645641788840294,0.4284420534968376,0.4264383353292942,0.42592986300587654,0.4246240518987179,0.42197285592556,0.41876573115587234,0.41678500920534134,0.41625288128852844,0.4168221354484558,0.4170343838632107,0.41574665904045105,0.41671275720000267,0.42060112580657005,0.4215923584997654,0.42022744938731194,0.4237809106707573,0.4213802218437195,0.42038702964782715,0.41714024916291237,0.4203807860612869,0.4225211814045906,0.4281768836081028,0.42865943908691406,0.0601411173120141,0.06733807269483805,0.0701146200299263,0.06991822458803654,0.07008472736924887,0.0694070216268301,0.06893121358007193,0.0689892116934061,0.07099682092666626,0.07052725926041603,0.0713905906304717,0.071647590957582,0.07140383031219244,0.0706003000959754,0.07152561005204916,0.0687584774568677,0.07185390219092369,0.07206769287586212,0.07344997022300959,0.07483718451112509,0.0759011022746563,0.07533828262239695,0.07810409646481276,0.07790436688810587,0.07946081459522247,0.07960639707744122,0.0780038507655263,0.07780663389712572,0.0759011385962367,0.07590366527438164,0.07437740825116634,0.07399823609739542,0.07498776260763407,0.0759102338925004,0.07617683336138725,0.07665343210101128,0.0750138321891427,0.07435095962136984,0.07467430271208286,0.07504522986710072,0.07481927145272493,0.07514424156397581,0.07556247618049383,0.07537194062024355,0.07522505894303322,0.07378218043595552,0.07641734648495913,0.07664507521050316
SGF_N,1,11,0.16727101802825928,0.16735583543777466,10.033285140991211,9.364920616149902,175.72430205345154,2745.6922195851803,64,0,0,0,0,0,0.7226800248026848,0.7222013920545578,0.7217947915196419,0.7233119681477547,0.7231649681925774,0.7205707728862762,0.7192386463284492,0.7192320823669434,0.7159542441368103,0.7149187549948692,0.7154275104403496,0.7228200063109398,0.7191091403365135,0.718758724629879,0.7244854122400284,0.7235186472535133,0.7225692048668861,0.7221179828047752,0.7178094461560249,0.7150645479559898,0.7127785384654999,0.7142261937260628,0.7162436693906784,0.7152139991521835,0.7186258658766747,0.7202615737915039,0.7199913933873177,0.7209182381629944,0.7203501313924789,0.7228706553578377,0.7218986228108406,0.7236607223749161,0.725488044321537,0.720832921564579,0.7240120321512222,0.7245803847908974,0.7254667356610298,0.7265781313180923,0.7254929468035698,0.7247250601649284,0.7196263819932938,0.7238085865974426,0.7208281010389328,0.7192767858505249,0.7137626111507416,0.7121623083949089,0.7143353223800659,0.7155381866863796,0.3921319805085659,0.39911383017897606,0.39970169588923454,0.40045980736613274,0.39832383021712303,0.40037065371870995,0.4007578268647194,0.40245113521814346,0.404146995395422,0.40495890378952026,0.4051733575761318,0.3993595279753208,0.4017561227083206,0.40032749623060226,0.3951842859387398,0.39713677018880844,0.39870719239115715,0.3986700735986233,0.4030560106039047,0.40615251660346985,0.41055678203701973,0.40766675770282745,0.40524372458457947,0.40648287534713745,0.40497978404164314,0.40171610936522484,0.4020855836570263,0.39952972531318665,0.3993017300963402,0.3972075581550598,0.398304708302021,0.3982403352856636,0.3987307623028755,0.4015039913356304,0.3995966911315918,0.39877840131521225,0.39871207252144814,0.3975748345255852,0.39596108719706535,0.39974580332636833,0.4002053216099739,0.4014257490634918,0.4020581319928169,0.40037475153803825,0.40216534584760666,0.40141163393855095,0.40241536125540733,0.40206195201192585,0.06312363501638174,0.06689491216093302,0.06646197941154242,0.06928307190537453,0.0688385870307684,0.07069823052734137,0.06984991207718849,0.07094608619809151,0.07251560967415571,0.07251010369509459,0.07259360514581203,0.07127165794372559,0.07133317459374666,0.07107231765985489,0.07086085714399815,0.07161027751863003,0.07100781612098217,0.06960569228976965,0.0708515252918005,0.07108432054519653,0.07231597881764174,0.07234358228743076,0.07192485593259335,0.07320779096335173,0.07085460610687733,0.07138913869857788,0.07244572881609201,0.07243449334055185,0.0721043711528182,0.07116324082016945,0.07118447683751583,0.07211334072053432,0.07143839728087187,0.07182462327182293,0.07227121666073799,0.07227624207735062,0.07022221852093935,0.06963713467121124,0.07200150657445192,0.07177661266177893,0.07067786436527967,0.07149495370686054,0.07172192353755236,0.07286109309643507,0.07225953321903944,0.0723024494946003,0.07323488593101501,0.07340255273239953
SGF_N,0,12,0.20426172018051147,0.10056519508361816,8.25538444519043,10.713781356811523,174.77707934379578,2730.891864746809,64,0,0,0,0,0,0.47977840155363083,0.5669086501002312,0.5951969996094704,0.6115963980555534,0.6102123558521271,0.6177379786968231,0.6066570803523064,0.6032667309045792,0.5834628194570541,0.565292127430439,0.55811807513237,0.5569897517561913,0.5561174377799034,0.5569551587104797,0.5627232640981674,0.5643062815070152,0.5717124491930008,0.5668218359351158,0.5694992691278458,0.5652634277939796,0.5850021243095398,0.583290234208107,0.5879333764314651,0.5941070839762688,0.5791638568043709,0.578610897064209,0.5755875632166862,0.5693655908107758,0.5569615736603737,0.5546949356794357,0.553231380879879,0.5549180507659912,0.5674475431442261,0.5565812066197395,0.5613777339458466,0.5619830191135406,0.5572201460599899,0.5674332082271576,0.5711384415626526,0.569157212972641,0.5803150534629822,0.5945370644330978,0.5848198980093002,0.5707388818264008,0.567099541425705,0.5654957816004753,0.5676998123526573,0.5736034597669329,0.39937595650553703,0.3536965101957321,0.3404133953154087,0.32958512753248215,0.3239135071635246,0.31126566231250763,0.3087881729006767,0.3154025413095951,0.33813613653182983,0.35118794068694115,0.354817233979702,0.35733601078391075,0.35979459434747696,0.3582744710147381,0.35565052181482315,0.34915734827518463,0.3435826897621155,0.35047758743166924,0.3356853649020195,0.33249567449092865,0.3258408159017563,0.32772065699100494,0.3305105157196522,0.32709649950265884,0.3273380249738693,0.3300178796052933,0.3348592594265938,0.33598407730460167,0.3334580659866333,0.3277739956974983,0.33552186191082,0.33453626185655594,0.33392636850476265,0.339358139783144,0.3354848884046078,0.3271749019622803,0.34081554785370827,0.34252794459462166,0.3296574465930462,0.3345705568790436,0.33050766214728355,0.31634827703237534,0.3211945667862892,0.34166955947875977,0.3414834178984165,0.33689748868346214,0.334698636084795,0.34155178921563284,0.15657839737832546,0.154899712651968,0.15434129536151886,0.16026096791028976,0.15602507442235947,0.15364481322467327,0.15376321785151958,0.152893403545022,0.15539500303566456,0.1566066760569811,0.15266900323331356,0.14864815399050713,0.14650546573102474,0.14740425534546375,0.14379822462797165,0.1409456841647625,0.14028852432966232,0.1389471348375082,0.13902762345969677,0.13467364013195038,0.13400311022996902,0.13613762333989143,0.13817214034497738,0.1356117408722639,0.1352237518876791,0.14052338525652885,0.143585454672575,0.1452343799173832,0.14330801740288734,0.1384424939751625,0.14678372628986835,0.14799277856945992,0.14497648924589157,0.14958752505481243,0.15082299895584583,0.15224160626530647,0.1571432389318943,0.1552504003047943,0.15082360431551933,0.1450621597468853,0.1430347803980112,0.13926228880882263,0.13842946663498878,0.13919122330844402,0.13821224309504032,0.13462740741670132,0.1383526660501957,0.14488314943654196
SGF_N,1,12,0.30963724851608276,0.09530133008956909,8.6404447555542,9.778938293457031,173.11218452453613,2704.877883195877,64,0,0,0,0,0,0.481770072132349,0.5042719282209873,0.5173436626791954,0.5396612957119942,0.535468652844429,0.5394454747438431,0.5400457978248596,0.547219954431057,0.5478931069374084,0.5430125519633293,0.546841099858284,0.5511107966303825,0.5559256672859192,0.559643104672432,0.5566064417362213,0.5397486388683319,0.5370803773403168,0.5374375730752945,0.5423987656831741,0.5351147875189781,0.5375806093215942,0.53543421626091,0.5236377269029617,0.512097142636776,0.5059311538934708,0.4915265738964081,0.4879355654120445,0.48655060306191444,0.4877340905368328,0.47274281829595566,0.47589344158768654,0.4624278247356415,0.45154687389731407,0.4514085240662098,0.4607275500893593,0.4713134691119194,0.4850399121642113,0.4986328184604645,0.5089830681681633,0.5176107957959175,0.5214440748095512,0.5209848880767822,0.536096528172493,0.5466706827282906,0.5480557382106781,0.5357751175761223,0.5495298355817795,0.5582941089357648,0.4042489007115364,0.3942326754331589,0.38387977331876755,0.36612457409501076,0.3646491467952728,0.36606932431459427,0.3598201721906662,0.34691358357667923,0.3507908061146736,0.3314509019255638,0.3366321995854378,0.3379509411752224,0.34121687710285187,0.3404799997806549,0.35269730538129807,0.356513150036335,0.3493402898311615,0.34760264679789543,0.341958686709404,0.3549685478210449,0.3507595956325531,0.34097057953476906,0.3410707339644432,0.3480536825954914,0.35055696964263916,0.3501267433166504,0.35444260388612747,0.3426147773861885,0.3515969552099705,0.35306262597441673,0.3612036667764187,0.3745105490088463,0.37162116914987564,0.3768586926162243,0.37953026592731476,0.37393513694405556,0.36898767203092575,0.37538231164216995,0.3767198733985424,0.3739016428589821,0.37455840036273,0.36202673241496086,0.3445894084870815,0.338281974196434,0.34057147800922394,0.3432474173605442,0.3453662544488907,0.3420594334602356,0.13192951492965221,0.13194957375526428,0.1290010791271925,0.12625422421842813,0.1250749109312892,0.12473526503890753,0.12442964781075716,0.12538607139140368,0.12756656110286713,0.12436459120362997,0.1250201752409339,0.12343484535813332,0.126397754997015,0.12901150807738304,0.13414226658642292,0.13402852229773998,0.13828801177442074,0.13699134066700935,0.1347529087215662,0.13291273266077042,0.1355072595179081,0.13708439469337463,0.13096392154693604,0.13357922434806824,0.13091944344341755,0.12367756757885218,0.12233747728168964,0.11986695881932974,0.11965290829539299,0.11951380223035812,0.11876456253230572,0.12193388678133488,0.11864591762423515,0.11396397836506367,0.11365895438939333,0.11166965216398239,0.1093981470912695,0.10991762485355139,0.11022320669144392,0.1100060734897852,0.10966130718588829,0.10672563221305609,0.11174461245536804,0.11387184169143438,0.11501826997846365,0.12040270119905472,0.1212034672498703,0.11614819190331868
SGF_N,0,13,0.04915428161621094,0.08162623643875122,6.43186092376709,7.264598846435547,174.56088519096375,2727.5138311088085,64,0,0,0,0,0,0.5783647671341896,0.5807756260037422,0.5892887189984322,0.5944893062114716,0.598556324839592,0.5978513136506081,0.5872148498892784,0.588205061852932,0.5923296734690666,0.5907985791563988,0.5800260156393051,0.5691400989890099,0.568203903734684,0.5792567431926727,0.5772353187203407,0.5818248391151428,0.5831778571009636,0.5859524309635162,0.5874953418970108,0.590172566473484,0.5890842154622078,0.5931827500462532,0.5913925468921661,0.5878293365240097,0.5927130579948425,0.5915412083268166,0.5883155390620232,0.5841368213295937,0.5889703929424286,0.5845926254987717,0.5805462002754211,0.5793013945221901,0.5796300321817398,0.5788946002721786,0.5703578293323517,0.5762515589594841,0.5833388045430183,0.581313818693161,0.5860119834542274,0.5842966437339783,0.57891546189785,0.5727209448814392,0.5798081383109093,0.5825649872422218,0.5827569663524628,0.5797007456421852,0.5609035268425941,0.5778382165091378,0.5085591152310371,0.5123538076877594,0.5127633884549141,0.5090946555137634,0.5062453076243401,0.5050303041934967,0.5062130838632584,0.5085281059145927,0.5091668590903282,0.5120497941970825,0.5133780539035797,0.5146553963422775,0.5179288983345032,0.5073373690247536,0.504315473139286,0.5039541572332382,0.5083179175853729,0.5079030394554138,0.5078554302453995,0.5107092261314392,0.5092954710125923,0.5102258399128914,0.5098048895597458,0.5127761214971542,0.5124228298664093,0.5137900859117508,0.5165448114275932,0.5167764127254486,0.5174048617482185,0.5182875916361809,0.5138047635555267,0.5186385959386826,0.5205243155360222,0.5167258828878403,0.5136927887797356,0.5113433003425598,0.5165381282567978,0.5144593045115471,0.5137332156300545,0.5140891522169113,0.5188771560788155,0.5214777812361717,0.5259323492646217,0.52333864569664,0.5245295986533165,0.5234638080000877,0.5263573452830315,0.5262883731297084,0.10594863817095757,0.10893937200307846,0.10878980066627264,0.10912954714149237,0.1082096267491579,0.10744229983538389,0.1091415723785758,0.10950974188745022,0.11345428042113781,0.11485216300934553,0.11199647188186646,0.10939942114055157,0.11057131737470627,0.10892545245587826,0.10816279891878366,0.1081787571310997,0.10912133660167456,0.10984478984028101,0.11011037696152925,0.10971859004348516,0.11033394746482372,0.11109453067183495,0.11162972915917635,0.11216858867555857,0.11187937203794718,0.1111825555562973,0.11066396161913872,0.111011216416955,0.10964887868613005,0.10950889065861702,0.11230050958693027,0.11149791907519102,0.11469309497624636,0.11576144676655531,0.11507772374898195,0.11373098473995924,0.11547658033668995,0.11631276737898588,0.1170030478388071,0.11225397419184446,0.11310852412134409,0.11342369392514229,0.11356356367468834,0.11220076400786638,0.11315360851585865,0.11161964572966099,0.1112386230379343,0.11860314118010658
SGF_N,1,13,0.06789880990982056,0.03122842311859131,5.334475994110107,6.511608600616455,174.1645634174347,2721.321303397417,64,0,0,0,0,0,0.6480430290102959,0.6540958508849144,0.6583527103066444,0.6611562669277191,0.6594069302082062,0.6588166654109955,0.6620837450027466,0.6626234725117683,0.6591962948441505,0.6617471873760223,0.6627707555890083,0.6645185723900795,0.6525071486830711,0.6511842608451843,0.6550432667136192,0.6526580825448036,0.6580893769860268,0.6553005278110504,0.6553178206086159,0.657708540558815,0.6544186249375343,0.6533246487379074,0.6530646085739136,0.6524148359894753,0.6513592004776001,0.651849590241909,0.647758923470974,0.6497689336538315,0.648862436413765,0.6495531797409058,0.6503826305270195,0.6538326814770699,0.6579917818307877,0.6562965735793114,0.6489081382751465,0.6503242626786232,0.6530238091945648,0.6564576178789139,0.6603606939315796,0.6625714674592018,0.6616553738713264,0.6636798679828644,0.6605619862675667,0.6613040789961815,0.6624616011977196,0.6570306122303009,0.654957078397274,0.6567867483411517,0.4486998878419399,0.45082642138004303,0.4429079592227936,0.4403980001807213,0.44260816276073456,0.4433717168867588,0.44514622539281845,0.4441967234015465,0.44952617958188057,0.45073501765727997,0.4482969343662262,0.4430450312793255,0.4488585814833641,0.44905609264969826,0.44859643280506134,0.4491884782910347,0.4479726664721966,0.45137399807572365,0.45359886065125465,0.45189154520630836,0.45568468794226646,0.4541034810245037,0.45156482234597206,0.4526146426796913,0.45046307891607285,0.448546651750803,0.4466290585696697,0.4470300190150738,0.44900453463196754,0.4518330618739128,0.45212091878056526,0.45328961312770844,0.452183336019516,0.45642298087477684,0.4614064060151577,0.45636823773384094,0.45535335689783096,0.45492204651236534,0.4493881091475487,0.4496094845235348,0.4497953690588474,0.447072047740221,0.453164741396904,0.4559195414185524,0.4552334174513817,0.45973070338368416,0.45752837881445885,0.45665040612220764,0.1319917980581522,0.14267897605895996,0.13748471811413765,0.1384650431573391,0.14179826527833939,0.1379706747829914,0.13513714261353016,0.13561260141432285,0.1369171440601349,0.13917596265673637,0.14062117412686348,0.14067178778350353,0.13837115094065666,0.13833320327103138,0.14079452492296696,0.14102368988096714,0.14074314758181572,0.14290040731430054,0.14263476058840752,0.14095194451510906,0.1432505790144205,0.14222217164933681,0.14272305369377136,0.14474155195057392,0.14470698311924934,0.14429702423512936,0.14146065711975098,0.13892663456499577,0.13927576690912247,0.13899091817438602,0.13858451507985592,0.1406782828271389,0.1386975422501564,0.13809408619999886,0.13966350443661213,0.13515964522957802,0.13841993734240532,0.14553263783454895,0.1425818782299757,0.13873339258134365,0.1387739349156618,0.13517309352755547,0.13651313818991184,0.13933702185750008,0.13884214125573635,0.14029183983802795,0.13738932460546494,0.13505412212439946
SGF_N,0,14,0.054968178272247314,0.0445711612701416,3.626371383666992,5.1950860023498535,174.25386238098145,2722.716599702835,64,0,0,0,0,0,0.7121434360742569,0.7155919149518013,0.713477224111557,0.7127110958099365,0.707741305232048,0.7081630006432533,0.7073405161499977,0.7019836530089378,0.7002141997218132,0.6901966258883476,0.6949774250388145,0.6768474727869034,0.6634711921215057,0.6464807465672493,0.6361600831151009,0.626635380089283,0.6144559606909752,0.5962886735796928,0.5839464589953423,0.5747590661048889,0.5552589744329453,0.5399022623896599,0.5283516645431519,0.5207158625125885,0.5096386186778545,0.4869238846004009,0.48510291427373886,0.48782456293702126,0.49431388080120087,0.5034802183508873,0.48828431963920593,0.47985434904694557,0.4787076972424984,0.4634018503129482,0.4622532054781914,0.47288551181554794,0.4644123949110508,0.4739750549197197,0.47029149904847145,0.4651518948376179,0.46375275403261185,0.48409566283226013,0.4822549894452095,0.4894940070807934,0.49116310104727745,0.4835502915084362,0.48975978419184685,0.4863243741648538,0.24773103930056095,0.24282394349575043,0.24100821278989315,0.23719227872788906,0.2417087648063898,0.24011599272489548,0.23078876547515392,0.23314257711172104,0.23349992744624615,0.23568073846399784,0.21942150592803955,0.22287027351558208,0.2242014855146408,0.22875666990876198,0.2160416729748249,0.2013104148209095,0.19590646587312222,0.19585917703807354,0.19646655954420567,0.18946287781000137,0.183531166985631,0.18120979517698288,0.18402265198528767,0.17326309345662594,0.17159773036837578,0.16783150658011436,0.16794530674815178,0.17163768038153648,0.1706633996218443,0.17824783734977245,0.1808337513357401,0.18244714103639126,0.1938578076660633,0.19332483410835266,0.197367612272501,0.19926936365664005,0.20741241239011288,0.1947601605206728,0.189554363489151,0.1891743205487728,0.18725474551320076,0.17259410582482815,0.1752741914242506,0.1748255379498005,0.17554939165711403,0.18312584049999714,0.18457003496587276,0.17957166263035365,0.1162219075486064,0.1202620742842555,0.11977637559175491,0.12087071035057306,0.12083783838897943,0.11969783809036016,0.12236100621521473,0.12292304635047913,0.12378207966685295,0.12062792386859655,0.11889313347637653,0.12114748451858759,0.12595562264323235,0.13136911392211914,0.13356193713843822,0.12409001868218184,0.1194168021902442,0.1229990879073739,0.12217386439442635,0.12414230685681105,0.12884419411420822,0.12751067243516445,0.1296667354181409,0.12768712732940912,0.12336660083383322,0.11825807020068169,0.11583151761442423,0.10955750476568937,0.10858611296862364,0.1122382078319788,0.1140914810821414,0.11579107027500868,0.11860471591353416,0.1190591724589467,0.11868350859731436,0.12023966386914253,0.12082367483526468,0.12257207371294498,0.12237414624541998,0.1283562071621418,0.12609562743455172,0.12334737088531256,0.1224043844267726,0.1222857553511858,0.12338153459131718,0.12826794385910034,0.12487034779042006,0.12327994725533895
SGF_N,1,14,0.0729743242263794,0.06387746334075928,3.3666458129882812,5.719610691070557,175.58040308952332,2743.443798273802,64,0,0,0,0,0,0.7390719503164291,0.7359686568379402,0.7468078956007957,0.7438400909304619,0.7367009446024895,0.731844462454319,0.7276029586791992,0.7419483289122581,0.732498325407505,0.7383868843317032,0.7314104214310646,0.7425864711403847,0.7277194783091545,0.7272868975996971,0.7381450682878494,0.7376192659139633,0.7380896359682083,0.7450073808431625,0.7401858642697334,0.7302905023097992,0.7396414652466774,0.7292866930365562,0.7164840623736382,0.7079431340098381,0.7141910567879677,0.691684179008007,0.6993451416492462,0.6659871265292168,0.6624851673841476,0.671662762761116,0.6826700642704964,0.6532118245959282,0.6491601094603539,0.6431783735752106,0.6191514283418655,0.6145988255739212,0.6179104521870613,0.595561794936657,0.5802958235144615,0.6010924726724625,0.57992372661829,0.587618924677372,0.6002224311232567,0.6195539310574532,0.6240231543779373,0.6115777045488358,0.6330236345529556,0.646638640335628,0.26478342339396477,0.2632112503051758,0.25128369592130184,0.244821323081851,0.2593487575650215,0.26121363788843155,0.27350591495633125,0.2607774846255779,0.26768748834729195,0.26741189137101173,0.26022617146372795,0.2583578024059534,0.2714587189257145,0.27460747212171555,0.2641165368258953,0.27162371948361397,0.261968906968832,0.25257276743650436,0.2682304233312607,0.2636372335255146,0.2649819813668728,0.2672930136322975,0.27198223397135735,0.26629383489489555,0.25123411417007446,0.2773752398788929,0.2686639502644539,0.2762945406138897,0.2742377668619156,0.2762088477611542,0.26568756625056267,0.2711857929825783,0.2751772962510586,0.27171121165156364,0.2736792489886284,0.2704322002828121,0.27091097831726074,0.2734408676624298,0.2783467210829258,0.25462855212390423,0.2724190168082714,0.2638463117182255,0.25790780782699585,0.25357928685843945,0.24958172626793385,0.2610401064157486,0.2528517358005047,0.24990785121917725,0.10730733908712864,0.11499456036835909,0.11720658652484417,0.1201871708035469,0.12213389482349157,0.12025681510567665,0.11709828395396471,0.11425005458295345,0.11219979636371136,0.11426192615181208,0.11635160259902477,0.11106876749545336,0.11006138473749161,0.11346931662410498,0.11181045509874821,0.10996488761156797,0.11140793282538652,0.11175081692636013,0.1126984627917409,0.11449506040662527,0.11841265577822924,0.11962869297713041,0.115169039927423,0.12041251920163631,0.1219667224213481,0.12613504473119974,0.12468759063631296,0.13341260515153408,0.13446306809782982,0.12969936337321997,0.13554219901561737,0.13675649464130402,0.13708661124110222,0.13706962950527668,0.1377199087291956,0.1330735720694065,0.1344184186309576,0.1345296185463667,0.13839658349752426,0.13142388127744198,0.12573275715112686,0.13326353393495083,0.13851281628012657,0.14080980233848095,0.14042485691606998,0.14283411391079426,0.14443129859864712,0.13759786316326686
SGF_N,0,15,0.07220858335494995,-0.0016750097274780273,7.034834861755371,8.45470905303955,174.6279616355896,2728.5619005560875,64,0,0,0,0,0,0.7058595269918442,0.7203780189156532,0.724940836429596,0.7271345853805542,0.7186732739210129,0.7102377042174339,0.7054734230041504,0.6980646476149559,0.6862320750951767,0.6858726888895035,0.6842375472187996,0.6845357343554497,0.6855838894844055,0.6953916773200035,0.7010672613978386,0.6912401467561722,0.6823049038648605,0.6746228635311127,0.6675490364432335,0.6770724579691887,0.6838153228163719,0.690271370112896,0.6933112740516663,0.7040425837039948,0.7077259570360184,0.704158753156662,0.7023113518953323,0.7041071429848671,0.7100153267383575,0.7144750654697418,0.7185875922441483,0.7141148224473,0.7130045145750046,0.72274449467659,0.7171363830566406,0.7213829532265663,0.7188883721828461,0.7151020541787148,0.7202924862504005,0.7138023898005486,0.7207272872328758,0.7192488759756088,0.7090987041592598,0.7010992988944054,0.6919934451580048,0.702649213373661,0.696412593126297,0.6949106114251273,0.4645557962357998,0.4703954756259918,0.47876545414328575,0.4736153967678547,0.46432585269212723,0.4605773948132992,0.4637906178832054,0.46699555218219757,0.473786361515522,0.4650191552937031,0.4637538716197014,0.46011149510741234,0.4548213556408882,0.4529752880334854,0.45234981551766396,0.45713866129517555,0.4624617323279381,0.46460215374827385,0.4658956453204155,0.4574866257607937,0.4601212218403816,0.4583919830620289,0.46551691368222237,0.4664650037884712,0.46973439306020737,0.4701915830373764,0.4719218946993351,0.47127000615000725,0.47090471908450127,0.47443630918860435,0.4695989340543747,0.47348785772919655,0.4729654975235462,0.47182871401309967,0.4799823835492134,0.4733264669775963,0.4702488146722317,0.4675699286162853,0.46021803468465805,0.45672478526830673,0.4534684717655182,0.45278017595410347,0.458487793803215,0.4602934271097183,0.4657632149755955,0.4631514400243759,0.4669571965932846,0.4630914032459259,0.07792581524699926,0.08122787997126579,0.08188039157539606,0.08089468255639076,0.08022321201860905,0.08056781068444252,0.08063303865492344,0.08328307885676622,0.08290870394557714,0.08567334245890379,0.08581687044352293,0.0873252060264349,0.09172558225691319,0.08726591896265745,0.09040708281099796,0.0910551780834794,0.09311724733561277,0.09342289064079523,0.0989442290738225,0.10066182259470224,0.09946562722325325,0.09916722867637873,0.10688800457865,0.10952525120228529,0.1091567212715745,0.1067147022113204,0.10728379432111979,0.10606699995696545,0.10337437875568867,0.1021390138193965,0.10064715147018433,0.10198482032865286,0.1025795629248023,0.10055866278707981,0.09968520235270262,0.10213791765272617,0.10085274185985327,0.09877852536737919,0.09777458570897579,0.09747589007019997,0.09858589340001345,0.10185140930116177,0.10587567742913961,0.10471968073397875,0.10621610935777426,0.1086394302546978,0.11045748647302389,0.11014722713402339
SGF_N,1,15,0.0925491452217102,0.0955512523651123,10.677410125732422,8.82541561126709,173.77831649780273,2715.2861952781677,64,0,0,0,0,0,0.6972699612379074,0.6973767951130867,0.701010063290596,0.7055098190903664,0.7134760692715645,0.7151905447244644,0.7090583890676498,0.7014468088746071,0.702017217874527,0.7010719031095505,0.6988267004489899,0.7033225297927856,0.7077636197209358,0.7133908793330193,0.7162187695503235,0.7204928547143936,0.7258343771100044,0.7273175790905952,0.7285210266709328,0.7290392965078354,0.7301871478557587,0.7287626191973686,0.7325050681829453,0.7377233952283859,0.7482706680893898,0.7460638880729675,0.7469344362616539,0.7464190199971199,0.7487114667892456,0.7548021897673607,0.7519592940807343,0.7519659996032715,0.7561323791742325,0.755777969956398,0.7537821903824806,0.7522118389606476,0.7404814586043358,0.7360203340649605,0.7340811043977737,0.7408641055226326,0.7478840425610542,0.7428711801767349,0.7524305507540703,0.7515116631984711,0.7516540661454201,0.754339225590229,0.7614791095256805,0.76514390536717,0.41773292422294617,0.41733314096927643,0.4177253022789955,0.41485460847616196,0.4051085524260998,0.39912767708301544,0.4016848988831043,0.4017936401069164,0.3977713771164417,0.39587902650237083,0.3967267647385597,0.3895581178367138,0.3837425634264946,0.37656521424651146,0.37106236815452576,0.3666313737630844,0.36431265622377396,0.3661116063594818,0.3680568337440491,0.37098633497953415,0.3692706599831581,0.37100905179977417,0.37310899049043655,0.37144751101732254,0.36746175959706306,0.3668036721646786,0.3645273558795452,0.3655737265944481,0.362190131098032,0.35724716633558273,0.361164677888155,0.36035607755184174,0.35934635251760483,0.36207691207528114,0.3662106394767761,0.368000078946352,0.37685783952474594,0.3877796567976475,0.39167560264468193,0.3887894041836262,0.38569241762161255,0.39538607001304626,0.3834235183894634,0.37531621009111404,0.37229784578084946,0.37319422513246536,0.36927859112620354,0.37247938343456816,0.08350373897701502,0.10860517155379057,0.12230248469859362,0.12742799520492554,0.13027877919375896,0.12917223013937473,0.1312648206949234,0.13393794931471348,0.13565929420292377,0.13506111688911915,0.13513308763504028,0.13483814895153046,0.13441718183457851,0.1346424650400877,0.13625583611428738,0.13511240296065807,0.13289119862020016,0.13349539786577225,0.1310754530131817,0.13035630993545055,0.13120250217616558,0.13157556392252445,0.13451042398810387,0.14036017283797264,0.14572034031152725,0.14616940170526505,0.1427150946110487,0.13842494040727615,0.13437755964696407,0.13405033387243748,0.13176738657057285,0.12851573899388313,0.1251201294362545,0.12190688122063875,0.11980750877410173,0.12270167656242847,0.12582940142601728,0.12759855575859547,0.12742523569613695,0.12288064882159233,0.11819583084434271,0.1196807837113738,0.11731409467756748,0.11942193657159805,0.11737382505089045,0.11834212392568588,0.11723786499351263,0.11407634296587535
SGF_N,0,16,0.22286486625671387,0.15865808725357056,11.251791954040527,6.306229591369629,175.1617991924286,2736.9031123816967,64,0,0,0,0,0,0.5276099890470505,0.5727149918675423,0.6220109835267067,0.660516083240509,0.6699317321181297,0.6557212769985199,0.6556383594870567,0.663112185895443,0.6643336117267609,0.6631600335240364,0.6627267748117447,0.64881531894207,0.6698034703731537,0.6794291362166405,0.6565627157688141,0.6452374011278152,0.6293234303593636,0.626391626894474,0.6315915212035179,0.6459109485149384,0.6682186052203178,0.6529710590839386,0.6479309722781181,0.6564151868224144,0.6541321203112602,0.6481424197554588,0.6463607177138329,0.6448306664824486,0.6400396227836609,0.6292855590581894,0.628794863820076,0.6225517466664314,0.6131250187754631,0.6238258257508278,0.6255781650543213,0.6473379656672478,0.6569591015577316,0.6660508289933205,0.6664993837475777,0.656869925558567,0.6455367654561996,0.6301057860255241,0.6119055673480034,0.5916139408946037,0.5873106494545937,0.6179645508527756,0.6249400898814201,0.634871883051736,0.4351596422493458,0.4046787768602371,0.3649899438023567,0.35719261318445206,0.34310270100831985,0.32261044159531593,0.3093462288379669,0.30810553953051567,0.31277188658714294,0.31428832933306694,0.31668705493211746,0.3264008089900017,0.2969609834253788,0.30878908932209015,0.341931477189064,0.36524148657917976,0.38149983063340187,0.38922957703471184,0.3850700780749321,0.3642207384109497,0.3352934271097183,0.34714511409401894,0.3595341555774212,0.3574741408228874,0.3552192635834217,0.360743623226881,0.35899338498711586,0.3537803515791893,0.3626716658473015,0.3705335035920143,0.367454431951046,0.37434881553053856,0.3824133723974228,0.3594687916338444,0.3504234477877617,0.32715610787272453,0.32359421625733376,0.3251478932797909,0.32296890392899513,0.3228232152760029,0.33248187229037285,0.35020752251148224,0.37478969991207123,0.4049672819674015,0.4237097203731537,0.40180690586566925,0.390622615814209,0.3905715729509081,0.11652448028326035,0.11300274264067411,0.11013450101017952,0.12135809008032084,0.12772048264741898,0.13756210543215275,0.14504417963325977,0.14222243800759315,0.13831444829702377,0.12994791008532047,0.12289443612098694,0.11030351836234331,0.098746033385396,0.08608875796198845,0.09462559036910534,0.09712398424744606,0.09052896127104759,0.09135508816689253,0.09429112356156111,0.11026476416736841,0.13770652003586292,0.1450939904898405,0.14287726394832134,0.14326555654406548,0.1411898210644722,0.13490430638194084,0.1312879640609026,0.127896330319345,0.12179242540150881,0.11780496779829264,0.12066345009952784,0.11766676232218742,0.11238105408847332,0.11661729589104652,0.1157807307317853,0.12182744592428207,0.12393699865788221,0.1220537880435586,0.12181142531335354,0.1269155191257596,0.1253996454179287,0.12034842558205128,0.1190242450684309,0.11265092063695192,0.11710321996361017,0.11638996656984091,0.11733769625425339,0.11275728579078402
SGF_N,1,16,0.17570650577545166,-0.028485536575317383,6.9057416915893555,4.718283653259277,174.20562076568604,2721.9628244638443,64,0,0,0,0,0,0.6230241134762764,0.6159215271472931,0.6171076223254204,0.6176614612340927,0.6230562478303909,0.6260374337434769,0.6285349726676941,0.6258060112595558,0.6226393505930901,0.6303093284368515,0.6258460357785225,0.6235871389508247,0.618471086025238,0.5986900553107262,0.5825740769505501,0.5727545022964478,0.5714313834905624,0.5714380368590355,0.5697553157806396,0.5714719146490097,0.5721433907747269,0.5710085183382034,0.5645213276147842,0.5773861259222031,0.5867236629128456,0.5858675315976143,0.5838723257184029,0.5831774771213531,0.5957996398210526,0.6112710610032082,0.6182384714484215,0.6151226609945297,0.6194729879498482,0.6302065029740334,0.6306955441832542,0.6354956701397896,0.6387388333678246,0.6436346471309662,0.6402733698487282,0.6291416883468628,0.6261092573404312,0.6084959208965302,0.606688104569912,0.6214442625641823,0.6051165461540222,0.5954781845211983,0.5927858650684357,0.5728317669459752,0.33551571890711784,0.37450096011161804,0.39353804662823677,0.4163794331252575,0.4022086672484875,0.3836766742169857,0.3800101652741432,0.37837330624461174,0.38531652465462685,0.38946105167269707,0.3926631771028042,0.39035702869296074,0.38304344192147255,0.37901927903294563,0.3763285130262375,0.3734547980129719,0.3773469664156437,0.3797747902572155,0.38628173992037773,0.38748395442962646,0.3917466439306736,0.4022909961640835,0.4102114215493202,0.39809947833418846,0.39373429119586945,0.40355129167437553,0.41246066987514496,0.4184575565159321,0.4087950512766838,0.39288195967674255,0.3877798467874527,0.39440883323550224,0.37857402488589287,0.36854758113622665,0.37292909622192383,0.36981412023305893,0.3705902099609375,0.3717630058526993,0.3835737593472004,0.39890527725219727,0.4061688408255577,0.42925770208239555,0.4413693845272064,0.4098232015967369,0.42522308602929115,0.4369576573371887,0.44749584421515465,0.46730113455227446,0.11065544188022614,0.10403542686253786,0.0980480806902051,0.09816678706556559,0.09242408908903599,0.09145873971283436,0.09041640069335699,0.09123269934207201,0.0950308321043849,0.10193534847348928,0.10440369602292776,0.1073657413944602,0.10910934768617153,0.10802432429045439,0.10734139010310173,0.10542723909020424,0.1034590108320117,0.10235616937279701,0.10190304648131132,0.10132315009832382,0.10163173265755177,0.09864140674471855,0.09228882752358913,0.09541613981127739,0.09523133561015129,0.09069834928959608,0.09095024596899748,0.09002121072262526,0.09329131618142128,0.0985785499215126,0.09732984099537134,0.08853042125701904,0.09209402836859226,0.09268762171268463,0.08873941097408533,0.08707660436630249,0.08836719579994678,0.09008650295436382,0.08753297291696072,0.08276081830263138,0.08250280376523733,0.07624601013958454,0.07488674018532038,0.0865103853866458,0.08387729339301586,0.07938596233725548,0.08107373118400574,0.07482572538512093
SGF_N,0,17,0.32130104303359985,0.3286059498786926,6.872686862945557,4.475088119506836,174.3340756893158,2723.9699326455593,64,0,0,0,0,0,0.6931116878986359,0.7171610444784164,0.7150721624493599,0.7397095263004303,0.738980196416378,0.729500412940979,0.7188006117939949,0.720683366060257,0.7187534868717194,0.7176733687520027,0.7179108709096909,0.7111641466617584,0.7124157920479774,0.7083042860031128,0.7133686542510986,0.7125786617398262,0.719520203769207,0.7165911868214607,0.7120883092284203,0.7105256617069244,0.6944810301065445,0.6922568157315254,0.7017190679907799,0.706060603260994,0.7031517699360847,0.7025468349456787,0.690156951546669,0.6934369802474976,0.6956464573740959,0.6976563930511475,0.6969357579946518,0.6948031708598137,0.6944675669074059,0.6898873895406723,0.6880574971437454,0.6899552717804909,0.688734345138073,0.6948345676064491,0.6976666152477264,0.7018160074949265,0.6973806768655777,0.6916736960411072,0.6955175995826721,0.6980315521359444,0.6925559639930725,0.6906757801771164,0.6920825839042664,0.6996266756738935,0.38920730724930763,0.3826618902385235,0.3884022794663906,0.3713119588792324,0.3685758262872696,0.3719051368534565,0.3615025505423546,0.35345136001706123,0.35280680656433105,0.3512055464088917,0.34811708703637123,0.3422701731324196,0.3422683998942375,0.3459089994430542,0.34603752940893173,0.34704964607954025,0.3564760535955429,0.3595803380012512,0.3611765541136265,0.3631221018731594,0.3711318224668503,0.36640385910868645,0.3629567474126816,0.3616394028067589,0.3612101711332798,0.35527436807751656,0.3596941716969013,0.3627152442932129,0.36555854231119156,0.3679417781531811,0.3681432828307152,0.36606689542531967,0.3655134104192257,0.36568840220570564,0.36699947342276573,0.3663628473877907,0.3668641597032547,0.36048945784568787,0.3555266372859478,0.35194018110632896,0.35175617784261703,0.35020264983177185,0.3543243333697319,0.3508279025554657,0.3565037027001381,0.3589834198355675,0.3532186411321163,0.3539791192327227,0.0847263103350997,0.09084727056324482,0.09680467005819082,0.10360295884311199,0.109668442979455,0.11237645894289017,0.11668738536536694,0.1211148863658309,0.11973890103399754,0.12024667393416166,0.11970498133450747,0.11530264001339674,0.114965938962996,0.11363665107637644,0.11453405674546957,0.11522015742957592,0.11496125161647797,0.11237617582082748,0.11086386442184448,0.10833432525396347,0.10878219921141863,0.10897467378526926,0.10843964666128159,0.10831936914473772,0.1073915297165513,0.10759125743061304,0.11265212297439575,0.11670299526304007,0.11727427691221237,0.1184277692809701,0.11974784918129444,0.1191216092556715,0.11854860559105873,0.12030445411801338,0.11840089410543442,0.11799953877925873,0.11380601581186056,0.11107896268367767,0.11057334393262863,0.11012597102671862,0.1119546452537179,0.113000413402915,0.11633237358182669,0.11747333221137524,0.1195596307516098,0.1204403443261981,0.1232634074985981,0.12470957211085729
SGF_N,1,17,0.33136141300201416,0.2556235194206238,5.616762638092041,5.304625511169434,175.1599142551422,2736.873660236597,64,0,0,0,0,0,0.6325113326311111,0.6389860138297081,0.6404928267002106,0.6451050490140915,0.6421527788043022,0.6359793767333031,0.6372922956943512,0.6457125172019005,0.6444143950939178,0.6526641771197319,0.6513059064745903,0.6434039995074272,0.6374590992927551,0.638032391667366,0.6362987011671066,0.6338420212268829,0.6332568451762199,0.6334313973784447,0.6257220730185509,0.6273852363228798,0.6289278715848923,0.6361044943332672,0.6333466023206711,0.6306900680065155,0.6306537315249443,0.635596938431263,0.6358888149261475,0.6376500725746155,0.6377978101372719,0.6390643566846848,0.6355255842208862,0.6278676241636276,0.6286607459187508,0.6264898404479027,0.627433642745018,0.6284761652350426,0.6250337809324265,0.621891587972641,0.6263890936970711,0.6193133667111397,0.6121412068605423,0.6089861243963242,0.6075672879815102,0.6048228517174721,0.6086665466427803,0.6138740107417107,0.6176816895604134,0.625943090234484,0.3396007753908634,0.34717029705643654,0.3474278412759304,0.3635908327996731,0.3644457571208477,0.3679801784455776,0.3622438460588455,0.35676204040646553,0.3534240424633026,0.350491963326931,0.34569399058818817,0.3514123111963272,0.35013194754719734,0.3430018424987793,0.3369144946336746,0.34421632811427116,0.34792356938123703,0.3352971114218235,0.3268601931631565,0.3250971660017967,0.3179405406117439,0.3081529885530472,0.30053531378507614,0.2924727164208889,0.2922666035592556,0.2908840589225292,0.2932201400399208,0.2929987721145153,0.28987811505794525,0.28543105721473694,0.2938113324344158,0.29488373175263405,0.29068832471966743,0.2862732410430908,0.27812500298023224,0.27809108421206474,0.27943407371640205,0.2764519900083542,0.2627674303948879,0.260476965457201,0.2564786821603775,0.25055870972573757,0.2612624950706959,0.26245079562067986,0.2522870562970638,0.25766654312610626,0.2638524957001209,0.25858862485204426,0.10996496398001909,0.11208506859838963,0.11369655840098858,0.11427698004990816,0.11525637377053499,0.11910821311175823,0.12134718243032694,0.11552590504288673,0.1153295487165451,0.11459676828235388,0.11510979384183884,0.11479844897985458,0.11507679428905249,0.11747413408011198,0.11690862569957972,0.11854991316795349,0.11997208278626204,0.11941883526742458,0.12007480952888727,0.11683415342122316,0.11855580657720566,0.11997324228286743,0.11348863784223795,0.10900623071938753,0.10875915084034204,0.107314957305789,0.10695930477231741,0.10646450612694025,0.10694463551044464,0.10758498590439558,0.11064121965318918,0.1161068631336093,0.11568642966449261,0.11576382629573345,0.11358786933124065,0.11478633992373943,0.11726622469723225,0.11257765255868435,0.10105545166879892,0.09897617623209953,0.09820153936743736,0.09710944071412086,0.10275771655142307,0.10526139941066504,0.09687494300305843,0.09899434726685286,0.10354610718786716,0.10185959722314562
SGF_N,0,18,0.18375205993652344,0.027949661016464233,6.325945854187012,4.601187705993652,173.8160321712494,2715.8755026757717,64,0,0,0,0,0,0.5392040684819221,0.5243307650089264,0.507059533149004,0.49002624675631523,0.4761391468346119,0.46608916670084,0.45809101685881615,0.4466486945748329,0.4287737309932709,0.4126594215631485,0.3962375409901142,0.37924734503030777,0.36472608149051666,0.35758840665221214,0.35615381598472595,0.3538877107203007,0.35068194195628166,0.3548614978790283,0.357888575643301,0.3616585284471512,0.36595355346798897,0.3710423484444618,0.38002708181738853,0.38956019654870033,0.39783769100904465,0.40486622601747513,0.4103210121393204,0.41051190719008446,0.4118693619966507,0.41598687693476677,0.4141337536275387,0.4123486466705799,0.4162236824631691,0.4201790802180767,0.4158093184232712,0.40665367990732193,0.4054151363670826,0.4089239090681076,0.4121812507510185,0.4138942323625088,0.41732050478458405,0.4259818457067013,0.43301771581172943,0.4351274408400059,0.43411939963698387,0.43824516609311104,0.44161271676421165,0.4473643941538675,0.3891308307647705,0.38527026772499084,0.3832654692232609,0.3832946866750717,0.3826647810637951,0.3814212828874588,0.3769701458513737,0.37592414394021034,0.3816449046134949,0.3880072459578514,0.39261800423264503,0.3923489674925804,0.39132918417453766,0.3894268795847893,0.3874262683093548,0.38692332804203033,0.3848148509860039,0.3818281777203083,0.37659290060400963,0.3713933825492859,0.36451052129268646,0.35790353268384933,0.3555641360580921,0.3511046841740608,0.3458651006221771,0.3391513340175152,0.33431488275527954,0.32855046167969704,0.32377711310982704,0.3172370046377182,0.31400875002145767,0.3098945766687393,0.30557049810886383,0.3004526272416115,0.3025995194911957,0.30366988480091095,0.2962064817547798,0.2842787131667137,0.2748645097017288,0.2678114213049412,0.2624984011054039,0.2546250596642494,0.24617142602801323,0.24017872661352158,0.24076507799327374,0.2431462462991476,0.24345640651881695,0.24016608084951127,0.15090401098132133,0.15090065822005272,0.14883180893957615,0.14840086176991463,0.1443326771259308,0.1409042775630951,0.13740279339253902,0.13480811193585396,0.13073705509305,0.11938529182225466,0.11174237262457609,0.10715939197689295,0.10559479892253876,0.10228928551077843,0.09867946058511734,0.09385944157838821,0.08606800250709057,0.08188934344798326,0.07890099287033081,0.07656425796449184,0.07561234291642904,0.07604695297777653,0.07486900128424168,0.07445631455630064,0.07348436210304499,0.07480923179537058,0.07644092757254839,0.07773861195892096,0.08139218110591173,0.08422049973160028,0.08838494401425123,0.09173685777932405,0.09180372394621372,0.09444092027842999,0.09923877194523811,0.10498009622097015,0.10507309064269066,0.10312137566506863,0.10223047994077206,0.1006562253460288,0.09922948107123375,0.09744642581790686,0.09667521063238382,0.09696205798536539,0.09947741869837046,0.10088094882667065,0.10045729111880064,0.09809888367141996
SGF_N,1,18,0.18235158920288086,-0.026203930377960205,4.116334438323975,4.5485968589782715,174.10913467407227,2720.455229282379,64,0,0,0,0,0,0.5212445184588432,0.521006353199482,0.5173897296190262,0.5145976692438126,0.5087464451789856,0.5037418976426125,0.49943777918815613,0.49642130360007286,0.4939859062433243,0.49297770857810974,0.4931585341691971,0.49585384503006935,0.49985748156905174,0.4983551502227783,0.49615560844540596,0.49237214773893356,0.49259036779403687,0.49296170100569725,0.4919317811727524,0.492864154279232,0.4986720569431782,0.5023183897137642,0.5030379593372345,0.5004920698702335,0.5003187097609043,0.4972239285707474,0.4979226216673851,0.5014560781419277,0.5027652904391289,0.5073695555329323,0.5121452361345291,0.5135606527328491,0.5178529098629951,0.5180103331804276,0.5160919353365898,0.5171671733260155,0.5152725949883461,0.5143137127161026,0.5124910324811935,0.5168765112757683,0.5199567526578903,0.5178659334778786,0.5134062096476555,0.5084860175848007,0.5057141184806824,0.5044382661581039,0.5060188695788383,0.5088876570974078,0.4110897034406662,0.4063854552805424,0.4030224643647671,0.40111415460705757,0.40454845130443573,0.4072194807231426,0.4047408513724804,0.4022550694644451,0.40082985535264015,0.4004806876182556,0.39973313733935356,0.3971640467643738,0.3924706019461155,0.388856440782547,0.38715167343616486,0.38775112479925156,0.3871747888624668,0.386976920068264,0.3885931670665741,0.3876351863145828,0.3828857094049454,0.3797334283590317,0.3774026818573475,0.37567343190312386,0.3722182363271713,0.3724598065018654,0.3739301636815071,0.37249113991856575,0.3690788000822067,0.36644820868968964,0.3659239821135998,0.3665097765624523,0.3655724748969078,0.3667626604437828,0.3663262240588665,0.36445265635848045,0.36224040761590004,0.36091409251093864,0.3606961704790592,0.35993652045726776,0.3576718345284462,0.3535734489560127,0.35002052411437035,0.34984685853123665,0.3505488596856594,0.3527999706566334,0.3538324497640133,0.35143581458500456,0.12144191097468138,0.1218012236058712,0.12101120129227638,0.12391115166246891,0.1257411651313305,0.12705737724900246,0.12791503593325615,0.12842191010713577,0.12830794043838978,0.12940934672951698,0.128945242613554,0.12785375863313675,0.1275478284806013,0.12745625339448452,0.12767118774354458,0.1301111113280058,0.1309159528464079,0.13134623691439629,0.1327491533011198,0.13241993449628353,0.13108466006815434,0.1298587080091238,0.12836097367107868,0.12824358604848385,0.12968851253390312,0.13133234903216362,0.13069392926990986,0.12736294232308865,0.12849300354719162,0.12805349193513393,0.12699076905846596,0.12745208479464054,0.12647147849202156,0.12591638509184122,0.12499865610152483,0.12621595803648233,0.12638683803379536,0.12583669554442167,0.12423877138644457,0.12562127597630024,0.1232561506330967,0.12223638780415058,0.12349767703562975,0.12374895438551903,0.123856489546597,0.12418795749545097,0.12656523287296295,0.12542063210691726
SGF_N,0,19,0.11608093976974487,0.08972001075744629,5.070127487182617,5.164640426635742,174.25685214996338,2722.763314843178,64,0,0,0,0,0,0.6652770787477493,0.6870317310094833,0.6905059292912483,0.6912332475185394,0.6903524249792099,0.6824485808610916,0.68675247579813,0.6856135055422783,0.6885424107313156,0.6905418261885643,0.6864254102110863,0.6795001998543739,0.6834740787744522,0.6841139048337936,0.6908145993947983,0.6911415085196495,0.6994905322790146,0.7007360979914665,0.6969484239816666,0.6989555582404137,0.6967510357499123,0.6950492188334465,0.696168340742588,0.6935500949621201,0.6961774304509163,0.6938106492161751,0.6930946335196495,0.6924880519509315,0.6869839355349541,0.6855815947055817,0.6872845143079758,0.6961272060871124,0.6853335425257683,0.686574749648571,0.6858128309249878,0.692499190568924,0.6955965608358383,0.6908071115612984,0.690407894551754,0.6884928569197655,0.696665957570076,0.6946360766887665,0.6880192086100578,0.6907443478703499,0.6944151967763901,0.694325402379036,0.6938289999961853,0.6931553738457816,0.42054545506834984,0.4177194908261299,0.4348207265138626,0.4208064116537571,0.41952478885650635,0.4231688939034939,0.4266156926751137,0.43265656381845474,0.41766490042209625,0.4193357340991497,0.41823962330818176,0.4157843552529812,0.417276356369257,0.4292467497289181,0.42783017456531525,0.4215085692703724,0.4144788421690464,0.41393598169088364,0.4214516691863537,0.4174627996981144,0.4248739331960678,0.4179655462503433,0.41726621612906456,0.4259946160018444,0.42532699182629585,0.42538396269083023,0.42440615594387054,0.4165181741118431,0.4239328093826771,0.42715848982334137,0.42945079505443573,0.4237213283777237,0.4230318181216717,0.4167979508638382,0.42573631554841995,0.4267919026315212,0.4224116578698158,0.42170288041234016,0.4258566088974476,0.42615990340709686,0.41419605910778046,0.4211554639041424,0.43284760043025017,0.42882345244288445,0.4326193183660507,0.4331025443971157,0.42243092879652977,0.41993055599076407,0.1005622735247016,0.10530455503612757,0.10832807887345552,0.10903943050652742,0.10720755439251661,0.10213763546198606,0.10420449636876583,0.1053410330787301,0.1065228683874011,0.10309558175504208,0.10076336655765772,0.10243567358702421,0.10242718923836946,0.10280342679470778,0.10400515235960484,0.10579502116888762,0.10748546291142702,0.1090867891907692,0.10884087160229683,0.1091025723144412,0.10920896101742983,0.10621244739741087,0.10673174075782299,0.10789281781762838,0.11154399812221527,0.1082637570798397,0.10439401492476463,0.10435973759740591,0.10521027725189924,0.10440208483487368,0.10379717219620943,0.10434612445533276,0.10383624769747257,0.10204181168228388,0.10530842188745737,0.10980244819074869,0.11033380962908268,0.10851060319691896,0.10756360739469528,0.10688126366585493,0.10646131169050932,0.10726301278918982,0.10445327591150999,0.10557550098747015,0.10658168140798807,0.10525868088006973,0.10170397069305182,0.10594450150217329
SGF_N,1,19,0.10708403587341309,0.06632530689239502,6.870236873626709,9.183438301086426,174.8371148109436,2731.829918920994,64,0,0,0,0,0,0.6735314503312111,0.6687123998999596,0.6555979773402214,0.6424808204174042,0.6288561001420021,0.6168597415089607,0.6103108674287796,0.6056781262159348,0.5976446494460106,0.5896120667457581,0.5946251228451729,0.5955163240432739,0.5920929685235023,0.5871890932321548,0.5835073366761208,0.5805947929620743,0.5812166482210159,0.5738352090120316,0.5670810788869858,0.5658616572618484,0.56730617582798,0.5616756826639175,0.5549145191907883,0.5564428567886353,0.5784378424286842,0.5952044650912285,0.5897074714303017,0.5698782056570053,0.5688149407505989,0.570673905313015,0.5699334070086479,0.5678988248109818,0.5621693283319473,0.5558149516582489,0.5608355328440666,0.5544314682483673,0.5616125911474228,0.560959167778492,0.5665677562355995,0.5705524384975433,0.5791947469115257,0.5881459191441536,0.5904453918337822,0.5763560682535172,0.5742363631725311,0.5690055191516876,0.5728033632040024,0.5803594418934414,0.38633080944418907,0.40484416857361794,0.4001634009182453,0.4133734703063965,0.4157859794795513,0.42368051409721375,0.4325997158885002,0.42746538296341896,0.433516938239336,0.4310140758752823,0.4123491197824478,0.4096411429345608,0.4347105547785759,0.44477464631199837,0.43710271269083023,0.4362282305955887,0.4375005178153515,0.443777471780777,0.4469461180269718,0.44108733907341957,0.43832283467054367,0.4441751688718796,0.4528636038303375,0.4510885514318943,0.4419426955282688,0.4497205689549446,0.44885217770934105,0.45531194657087326,0.4513216018676758,0.4489552229642868,0.4416711889207363,0.43536781892180443,0.43402228131890297,0.44513192027807236,0.4365507774055004,0.4391936808824539,0.4302455447614193,0.44443241506814957,0.43775567039847374,0.45566756278276443,0.4565042406320572,0.4453229047358036,0.42860159650444984,0.4318903721868992,0.43238554894924164,0.436155054718256,0.4377131871879101,0.43812123792512075,0.11728593520820141,0.12765375804156065,0.13794859498739243,0.14430558681488037,0.14769061096012592,0.14651518687605858,0.14635970629751682,0.14397838711738586,0.1378579530864954,0.14016218855977058,0.1446968000382185,0.1423994805663824,0.13975071907043457,0.13572852686047554,0.14303304813802242,0.14463923871517181,0.1452641673386097,0.14255379512906075,0.13997891172766685,0.14292102307081223,0.13857031986117363,0.1372111365199089,0.13688568584620953,0.1331575158983469,0.1331795733422041,0.13317225500941277,0.1360737681388855,0.1391285192221403,0.1435424517840147,0.14554116874933243,0.1456521973013878,0.14937642216682434,0.14316987432539463,0.1337723471224308,0.1449719648808241,0.14270732551813126,0.14707032777369022,0.1434702854603529,0.147074144333601,0.14077796787023544,0.14349090680480003,0.1471225693821907,0.14685142785310745,0.14797624945640564,0.14848380908370018,0.1460521947592497,0.14553340338170528,0.14977302934442246
SGF_W,0,0,0.08182352781295776,0.10184335708618164,9.939305305480957,9.772165298461914,172.48463368415833,2695.072401314974,64,1920,0,0,0,0,0.5128320828080177,0.5476006343960762,0.5687801986932755,0.5801462829113007,0.5745057240128517,0.5610156804323196,0.5520730540156364,0.5531038716435432,0.5531455799937248,0.5503798648715019,0.5436917170882225,0.5468378663063049,0.5470645800232887,0.5549755021929741,0.5574841499328613,0.5580528378486633,0.5556217804551125,0.5570393055677414,0.5561575889587402,0.5505030080676079,0.5493685901165009,0.5438406988978386,0.5490290224552155,0.5565396845340729,0.5488499999046326,0.5512214452028275,0.5544623583555222,0.5507915988564491,0.5324181020259857,0.5425521209836006,0.5431819260120392,0.5472530275583267,0.5498624220490456,0.5528786331415176,0.5383715406060219,0.5398286953568459,0.5321401357650757,0.5371113047003746,0.5460206344723701,0.5447836592793465,0.5492434948682785,0.5535796135663986,0.5498340651392937,0.5607647150754929,0.5575578808784485,0.5399200618267059,0.5491467341780663,0.5551493423325675,0.4011627547442913,0.3871953636407852,0.368943739682436,0.3582810312509537,0.3708137273788452,0.38549773395061493,0.38953982666134834,0.38939836993813515,0.38847101107239723,0.39236968383193016,0.3909686394035816,0.39821627736091614,0.3938046470284462,0.38157960399985313,0.38631216064095497,0.39382482692599297,0.3904324024915695,0.3889258950948715,0.3892337754368782,0.3927517645061016,0.39914704114198685,0.40764205902814865,0.39887940138578415,0.3960929960012436,0.39834440499544144,0.39745572209358215,0.39708640053868294,0.38630660995841026,0.39949001744389534,0.40297407656908035,0.4034551568329334,0.400015726685524,0.39818820357322693,0.3982055112719536,0.41455672308802605,0.41215791925787926,0.41561510413885117,0.4103646092116833,0.40790102630853653,0.40620115771889687,0.3962392695248127,0.38403746485710144,0.3855290487408638,0.38768602907657623,0.3987755738198757,0.40321629121899605,0.39788496121764183,0.3909101401056562,0.1332867294549942,0.12871732655912638,0.12420335877686739,0.1251787357032299,0.12670954409986734,0.12855635397136211,0.12801324389874935,0.12369692977517843,0.12172606959939003,0.12185005564242601,0.12198986019939184,0.12648042757064104,0.12747244536876678,0.12705835700035095,0.12890373915433884,0.13395816273987293,0.13896340318024158,0.13616924360394478,0.13677640818059444,0.13176727294921875,0.13181990757584572,0.1332007236778736,0.13073783181607723,0.1292240358889103,0.1293404959142208,0.13033369183540344,0.1354499775916338,0.13151616044342518,0.12674531619995832,0.12797364313155413,0.12930536828935146,0.1319924257695675,0.13084653951227665,0.13216237910091877,0.13133543357253075,0.13288462907075882,0.13419790007174015,0.13273572362959385,0.12865346856415272,0.13028691336512566,0.1281450130045414,0.13174378126859665,0.12963595241308212,0.13076305575668812,0.1317682322114706,0.12828539684414864,0.12718300335109234,0.12608225217887334
SGF_W,1,0,0.10351806879043579,0.09713679552078247,8.609966278076172,9.27272891998291,172.8014657497406,2700.022902339697,64,1920,0,0,0,0,0.5285348296165466,0.49875833466649055,0.49414176121354103,0.49943607300519943,0.5124990828335285,0.519024308770895,0.524383008480072,0.5379128828644753,0.5290505737066269,0.5475399121642113,0.5290415585041046,0.5427270606160164,0.544756181538105,0.5490242168307304,0.5405037328600883,0.5296295955777168,0.515230730175972,0.525937907397747,0.521863080561161,0.536795012652874,0.5250312834978104,0.5481598302721977,0.5261106193065643,0.5394939854741096,0.5257501155138016,0.5161712467670441,0.5325445681810379,0.5354817435145378,0.5275178328156471,0.5374669283628464,0.5423012748360634,0.5485611408948898,0.5506395176053047,0.5449720025062561,0.5501023456454277,0.5280895158648491,0.5360045656561852,0.5462293326854706,0.5438485518097878,0.5320372134447098,0.516901683062315,0.5416472777724266,0.5457987561821938,0.5168076753616333,0.5129132531583309,0.5309112593531609,0.5383042022585869,0.5373112559318542,0.37878410518169403,0.4080074578523636,0.4158061854541302,0.40512217953801155,0.38677285984158516,0.4032609798014164,0.4012879505753517,0.39348001033067703,0.3962334506213665,0.39558757841587067,0.41691863536834717,0.3992873877286911,0.40151408687233925,0.3964330740272999,0.4009069390594959,0.4019889160990715,0.4074212573468685,0.40015680715441704,0.3995477296411991,0.38900480791926384,0.3982140049338341,0.3884882666170597,0.4040640629827976,0.38464173302054405,0.39615315943956375,0.40709222480654716,0.395794790238142,0.400091465562582,0.4071971923112869,0.38589882105588913,0.39486901834607124,0.39682187139987946,0.39578836038708687,0.40068144723773,0.3911111541092396,0.3937891349196434,0.4077112153172493,0.3984980992972851,0.401630163192749,0.4058454670011997,0.4126618951559067,0.4011809229850769,0.3977278880774975,0.4073702245950699,0.4086645841598511,0.39628462493419647,0.39731548354029655,0.39419993332454134,0.09955709055066109,0.10336056724190712,0.10398762114346027,0.10130722355097532,0.10023863613605499,0.10088102985173464,0.10387368500232697,0.1012611286714673,0.10315135680139065,0.10462565068155527,0.10666202567517757,0.10788936633616686,0.10301096364855766,0.1014745682477951,0.10375748295336962,0.10692971758544445,0.10607833229005337,0.10659971460700035,0.10603495594114065,0.104516820050776,0.10299102496355772,0.10588615201413631,0.10941256210207939,0.10762453731149435,0.10722102783620358,0.1057214206084609,0.10840610880404711,0.10931300558149815,0.1064057620242238,0.11068100854754448,0.1079802131280303,0.11039671022444963,0.10911497380584478,0.10930219665169716,0.10851995181292295,0.1067102225497365,0.10113740339875221,0.10352658666670322,0.10377454105764627,0.10299613606184721,0.10334663186222315,0.10041986871510744,0.09724657237529755,0.10124503448605537,0.10704244766384363,0.10637180414050817,0.10560813266783953,0.10451344826391765
SGF_W,0,1,0.06883889436721802,0.040357351303100586,9.820784568786621,10.026007652282715,172.49479246139526,2695.231132209301,64,1920,0,0,0,0,0.4683379493653774,0.5329523906111717,0.5712379738688469,0.5896955952048302,0.5741029903292656,0.5164354369044304,0.5528769940137863,0.5601106211543083,0.5736139193177223,0.5872610062360764,0.5745590254664421,0.5581487193703651,0.5196731016039848,0.49699512496590614,0.5065851621329784,0.4978766031563282,0.5005168132483959,0.49340926855802536,0.5061199143528938,0.4911176636815071,0.48783374950289726,0.4981256164610386,0.5108657889068127,0.5327014774084091,0.5150307416915894,0.5322306752204895,0.592123381793499,0.6109368726611137,0.6321101859211922,0.6260790601372719,0.6040167585015297,0.5747126042842865,0.5626450106501579,0.5884262472391129,0.5886151418089867,0.5965141654014587,0.5990478098392487,0.6169577464461327,0.6137598231434822,0.6172001734375954,0.6110302656888962,0.6058467328548431,0.5843517780303955,0.5753773152828217,0.5587631389498711,0.5469682812690735,0.5247058942914009,0.5175830977303642,0.43284737691283226,0.3866202235221863,0.36446959525346756,0.339848380535841,0.3493345119059086,0.3944573365151882,0.37301094084978104,0.36824437603354454,0.36692411452531815,0.3587985821068287,0.36679093912243843,0.3838791251182556,0.4114762358367443,0.42025214433670044,0.40869115665555,0.41276252269744873,0.4185153692960739,0.4232776053249836,0.40611301362514496,0.40747110918164253,0.4090404324233532,0.40204165130853653,0.3955782875418663,0.37688351422548294,0.38352715969085693,0.3757837116718292,0.32651883736252785,0.31706859171390533,0.30370792746543884,0.31519248709082603,0.33485447615385056,0.3509734086692333,0.35582637786865234,0.33876732364296913,0.3434455841779709,0.32967016100883484,0.33856622129678726,0.3284136801958084,0.32559313625097275,0.3263173960149288,0.3244762010872364,0.32999806478619576,0.3489089645445347,0.359314426779747,0.3772253058850765,0.3859008587896824,0.3983008675277233,0.40342776264463154,0.14015728421509266,0.14112748578190804,0.13938257843255997,0.14099512062966824,0.13543188385665417,0.1309466864913702,0.13948577269911766,0.14039196074008942,0.14209457859396935,0.14255081117153168,0.13753528706729412,0.13439317606389523,0.13068484142422676,0.1303870864212513,0.1416118759661913,0.14438295923173428,0.14960472099483013,0.15400663577020168,0.14977015182375908,0.14930357038974762,0.15158025920391083,0.1386396735906601,0.12612408213317394,0.1261006873100996,0.11974196881055832,0.11703892052173615,0.11889026593416929,0.12039450835436583,0.11549450363963842,0.11367964930832386,0.11633736547082663,0.12126590497791767,0.12730990536510944,0.1305669629946351,0.12462908495217562,0.12360538635402918,0.12565652653574944,0.12413804233074188,0.11736621800810099,0.12271099630743265,0.12585733272135258,0.1236548013985157,0.12012184131890535,0.12544974964112043,0.12729499489068985,0.13304717279970646,0.13686509616672993,0.14004709252289363
SGF_W,1,1,0.07516473531723022,0.09964185953140259,7.579136848449707,7.34288215637207,171.87049841880798,2685.4765377938747,64,1920,0,0,0,0,0.5127572938799858,0.5420128777623177,0.5756742283701897,0.5752281099557877,0.5574519038200378,0.5599988773465157,0.5630523636937141,0.5327501967549324,0.5064899362623692,0.5031493194401264,0.48365966603159904,0.48924077302217484,0.4731782414019108,0.47798043116927147,0.49003947153687477,0.4838578999042511,0.49318038672208786,0.5164316743612289,0.518848717212677,0.5256006270647049,0.5309646353125572,0.5327775552868843,0.5213213711977005,0.5150674879550934,0.5159530788660049,0.5196973979473114,0.5265040174126625,0.5366340726613998,0.537484422326088,0.5269651189446449,0.5212645307183266,0.5135809630155563,0.5174138247966766,0.5207016095519066,0.5194537416100502,0.5404882505536079,0.5412820056080818,0.5302078649401665,0.524347297847271,0.5299197807908058,0.5235533639788628,0.5209013074636459,0.552668996155262,0.5480426773428917,0.5478730425238609,0.5409052446484566,0.514944814145565,0.4940230931554522,0.3979165814816952,0.3684465102851391,0.3548699654638767,0.34862644597887993,0.36355313658714294,0.3652561530470848,0.36288541555404663,0.3839407078921795,0.4134436920285225,0.4153899699449539,0.42492451146245,0.42171597480773926,0.4346161521971226,0.43231628835201263,0.42620949447155,0.4315425716340542,0.41961487755179405,0.3976798877120018,0.39084525033831596,0.3856118582189083,0.3877229504287243,0.38609379529953003,0.39152440801262856,0.39690733328461647,0.3905189819633961,0.38635964319109917,0.38656148687005043,0.3776763826608658,0.3756237104535103,0.38474116101861,0.3936409242451191,0.40032096207141876,0.39992618560791016,0.40078888088464737,0.3944501355290413,0.3742567077279091,0.3719259276986122,0.3846580944955349,0.38563597947359085,0.3887784816324711,0.39028649032115936,0.38923727720975876,0.3722502887248993,0.3718864582479,0.3680451437830925,0.3726607747375965,0.40776171535253525,0.42401491744177683,0.1142758447676897,0.1158176138997078,0.12037402112036943,0.1213309234008193,0.12171022966504097,0.12265399377793074,0.12191397044807673,0.1231912849470973,0.12936463207006454,0.1313838865607977,0.13234275951981544,0.1292366087436676,0.12993067502975464,0.1309307310730219,0.13123141415417194,0.12866993620991707,0.1250107390806079,0.12304129730910063,0.12496197409927845,0.11919007077813148,0.11863595433533192,0.12030062265694141,0.1202113339677453,0.12386148702353239,0.12355689331889153,0.12291442230343819,0.12214978411793709,0.12343368772417307,0.11969556380063295,0.1173466369509697,0.12149634212255478,0.12268442660570145,0.12572258058935404,0.12412030342966318,0.12256588321179152,0.12020341958850622,0.12306075543165207,0.12263663858175278,0.12094090413302183,0.1187312426045537,0.11802653037011623,0.1198694771155715,0.12466419860720634,0.1201983978971839,0.12223022989928722,0.12297286186367273,0.12399338558316231,0.1275696860892432
SGF_W,0,2,0.10556697845458984,0.09953427314758301,7.561283588409424,4.317719459533691,171.8549244403839,2685.2331943809986,64,1920,0,0,0,0,0.5244806855916977,0.534267745912075,0.5463603809475899,0.5496463477611542,0.5470593720674515,0.52854373306036,0.5399980992078781,0.5308118984103203,0.5288952365517616,0.5157487839460373,0.5237643718719482,0.5321845784783363,0.5324250757694244,0.5107517912983894,0.524057924747467,0.5202360078692436,0.5215592682361603,0.5171839892864227,0.5241417661309242,0.5294600948691368,0.5253675282001495,0.5238005965948105,0.5217502862215042,0.5165198221802711,0.5148974806070328,0.5081242993474007,0.506583034992218,0.5109974816441536,0.5229900926351547,0.5262213200330734,0.509070485830307,0.5231745094060898,0.5225098505616188,0.5184072554111481,0.5168764516711235,0.5241396352648735,0.5194386914372444,0.5149220377206802,0.5257067382335663,0.5304897949099541,0.5275035724043846,0.5272019132971764,0.5268640294671059,0.527937039732933,0.5307072475552559,0.5281618013978004,0.5224076732993126,0.514458886214665,0.377429336309433,0.38584546744823456,0.39449912309646606,0.40132418274879456,0.40819818899035454,0.4109129048883915,0.4026121124625206,0.38869038969278336,0.39709603041410446,0.40298547223210335,0.4061696231365204,0.4076806865632534,0.4050666317343712,0.41548268124461174,0.41837115585803986,0.4101456515491009,0.3983411006629467,0.3978864401578903,0.3975805714726448,0.3943703807890415,0.3981790095567703,0.4074343629181385,0.4078049808740616,0.4119160994887352,0.4147682897746563,0.4166973605751991,0.41869116947054863,0.4149840846657753,0.4090019650757313,0.4086706079542637,0.415179256349802,0.40359626710414886,0.39951396360993385,0.40421628952026367,0.39711518958210945,0.3983542062342167,0.40612735599279404,0.4092552103102207,0.40423720702528954,0.39555469900369644,0.3894765339791775,0.3819900006055832,0.3799225054681301,0.38175225257873535,0.3831348605453968,0.38619405776262283,0.3927908316254616,0.3947255526270185,0.08634543232619762,0.09111618436872959,0.096413379535079,0.09732283651828766,0.09178891498595476,0.09193758480250835,0.08742114622145891,0.08735083416104317,0.08680954203009605,0.0798925319686532,0.08183986879885197,0.084094881080091,0.08444522600620985,0.08534662239253521,0.0845297584310174,0.07941423170268536,0.08010455034673214,0.08124091662466526,0.0800553122535348,0.0845796475186944,0.09084939397871494,0.09124569967389107,0.0908321738243103,0.08978906366974115,0.09089639689773321,0.09025140292942524,0.08857610635459423,0.08777148276567459,0.08739846106618643,0.08735904190689325,0.09520448092371225,0.08893990237265825,0.08710049744695425,0.08416256867349148,0.08709408435970545,0.08640785049647093,0.08746903575956821,0.08808745164424181,0.0897719468921423,0.08731194213032722,0.08554855920374393,0.08715933468192816,0.08526605740189552,0.08358770981431007,0.08425670396536589,0.08607406355440617,0.08634248655289412,0.0875576063990593
SGF_W,1,2,0.08439803123474121,0.08839935064315796,6.117946147918701,5.7785162925720215,172.43346500396729,2694.272890686989,64,1920,0,0,0,0,0.5050660446286201,0.5196782350540161,0.5333224236965179,0.5407161638140678,0.5419467240571976,0.5442145690321922,0.5376862585544586,0.5329831317067146,0.5317404344677925,0.5313775390386581,0.5317749530076981,0.5324849858880043,0.5377050787210464,0.5373300984501839,0.5342531278729439,0.5309808328747749,0.5243762880563736,0.5293198898434639,0.5343989431858063,0.5351319015026093,0.536180667579174,0.5369652584195137,0.5391572490334511,0.5373900234699249,0.5335336029529572,0.5356106013059616,0.5330214500427246,0.53387051820755,0.5331464260816574,0.5389248132705688,0.5361399427056313,0.5331560596823692,0.5318202897906303,0.5339821502566338,0.5370984822511673,0.534484475851059,0.5353489518165588,0.5319466963410378,0.5266579762101173,0.5245522707700729,0.5192083343863487,0.5181943103671074,0.5156583338975906,0.5192189365625381,0.5233818367123604,0.5316973105072975,0.5355166420340538,0.5371522307395935,0.4027901403605938,0.39179569855332375,0.3928638957440853,0.39020368456840515,0.3818575069308281,0.3738851174712181,0.38972044736146927,0.3962651304900646,0.4001048430800438,0.4058947078883648,0.3979009874165058,0.39077261090278625,0.3944171629846096,0.3896588943898678,0.39199593663215637,0.3931657336652279,0.3973410055041313,0.39406315609812737,0.3940531834959984,0.3951040841639042,0.39063286408782005,0.3930615894496441,0.3925527036190033,0.3927638940513134,0.3984753005206585,0.39573512598872185,0.3997132182121277,0.39586644619703293,0.40085722506046295,0.3878186009824276,0.39335897564888,0.3943542428314686,0.39268142729997635,0.39602482691407204,0.3983527533710003,0.39119691401720047,0.3922548294067383,0.40031029656529427,0.3917520232498646,0.3981119580566883,0.40330586209893227,0.4086780659854412,0.4077451005578041,0.40770139172673225,0.4055616669356823,0.3988124206662178,0.4013354815542698,0.39833007965769085,0.0778697319328785,0.07928990758955479,0.07826208882033825,0.0778457559645176,0.0789010114967823,0.0774416709318757,0.07729109842330217,0.0764582334086299,0.0773082971572876,0.07935377210378647,0.07883915863931179,0.07875197380781174,0.07882388588041067,0.07871918939054012,0.07885276153683662,0.0792636414989829,0.08041941467672586,0.0787263922393322,0.07720800023525953,0.07655848190188408,0.07657210994511843,0.07620650064200163,0.07838934473693371,0.07892503961920738,0.07916186563670635,0.07859927229583263,0.07895611505955458,0.07952551357448101,0.07838273700326681,0.07739772088825703,0.07701631542295218,0.07835618127137423,0.07593980245292187,0.07732020225375891,0.07816195394843817,0.07747207023203373,0.07886634301394224,0.07856540195643902,0.081770870834589,0.08338864706456661,0.08103094436228275,0.07910603191703558,0.07760961074382067,0.07946658972650766,0.07918859180063009,0.07621264737099409,0.07574728690087795,0.0753559438245637
SGF_W,0,3,0.14627432823181152,0.1256197690963745,9.793037414550781,12.515604019165039,172.67810106277466,2698.095329105854,64,1920,0,0,0,0,0.6576155126094818,0.6502083912491798,0.6481906026601791,0.6395262852311134,0.6335672736167908,0.6293729245662689,0.6205883175134659,0.6202714890241623,0.6058713123202324,0.5944736748933792,0.5963795259594917,0.5899850055575371,0.5958141162991524,0.6021475866436958,0.5976887717843056,0.5931962728500366,0.5948007628321648,0.6011805757880211,0.6113736554980278,0.6189761385321617,0.629768617451191,0.6255969628691673,0.618908703327179,0.6071043387055397,0.5964458584785461,0.6021415889263153,0.6059925332665443,0.60799241065979,0.6060826554894447,0.6162247359752655,0.6189273297786713,0.6127846539020538,0.608580470085144,0.5982749611139297,0.5941185429692268,0.5939264670014381,0.5971753224730492,0.6044918969273567,0.6106592938303947,0.6038837879896164,0.5939682349562645,0.5936004146933556,0.5974062457680702,0.5868749395012856,0.5903228744864464,0.5933591276407242,0.6060233488678932,0.6214366555213928,0.31567998230457306,0.32996373251080513,0.3399277627468109,0.33364860713481903,0.32906318455934525,0.3403925411403179,0.35346321016550064,0.3548695519566536,0.3598320670425892,0.3678928576409817,0.3649899736046791,0.36778268963098526,0.3661249354481697,0.37001528963446617,0.37101995199918747,0.36862025037407875,0.36078133061528206,0.3505697548389435,0.3513989634811878,0.35090723633766174,0.35330767557024956,0.3668401874601841,0.3680416829884052,0.37121421471238136,0.38224340230226517,0.3709340877830982,0.36838192492723465,0.36568483710289,0.36469636484980583,0.3607570454478264,0.3645186126232147,0.3707032650709152,0.37832045555114746,0.3757249303162098,0.38068005815148354,0.3822738155722618,0.37894894927740097,0.3734922856092453,0.3667273744940758,0.3725903667509556,0.37415115535259247,0.3693626895546913,0.36877891793847084,0.37248656898736954,0.3679370805621147,0.36248720809817314,0.35861435905098915,0.3569945054394858,0.12603799812495708,0.12325665168464184,0.13162487745285034,0.1408021878451109,0.15049577504396439,0.15028051286935806,0.14630006439983845,0.14179223962128162,0.1496977098286152,0.15211202017962933,0.14954264648258686,0.14861546643078327,0.15140340477228165,0.15189334750175476,0.15431135706603527,0.1573786921799183,0.15464589186012745,0.15366682223975658,0.14800743386149406,0.1425750982016325,0.13983026519417763,0.14212650246918201,0.14852198772132397,0.1490744799375534,0.14728814736008644,0.14727305807173252,0.14390844479203224,0.14913811348378658,0.15186427161097527,0.14501712284982204,0.14513021893799305,0.14766507968306541,0.14770465344190598,0.1484678741544485,0.15613374300301075,0.15165101550519466,0.14958658628165722,0.14480612240731716,0.14742136001586914,0.14845352806150913,0.1548425555229187,0.15620184130966663,0.16045350767672062,0.1619200985878706,0.15955768525600433,0.16248136572539806,0.15874959342181683,0.148319274187088
SGF_W,1,3,0.13763362169265747,0.15657246112823486,7.1897454261779785,7.290492057800293,172.62239813804626,2697.224970906973,64,1920,0,0,0,0,0.7046922072768211,0.7050327435135841,0.6999190524220467,0.6929405033588409,0.6821095645427704,0.6743846461176872,0.6748145297169685,0.6725984290242195,0.668473482131958,0.6705971211194992,0.6756735891103745,0.6763496026396751,0.6733098849654198,0.6663364395499229,0.6491055935621262,0.6546811163425446,0.6642698794603348,0.674898087978363,0.6809697225689888,0.679616317152977,0.6819659397006035,0.6927221268415451,0.6966361328959465,0.7036740034818649,0.6929898336529732,0.6825577840209007,0.6798061951994896,0.6752012297511101,0.6669866889715195,0.6702381297945976,0.676492415368557,0.6782933250069618,0.670213557779789,0.6645971015095711,0.6611728444695473,0.666025921702385,0.6651723235845566,0.6675661653280258,0.6702069863677025,0.6721772477030754,0.6574034690856934,0.6690235286951065,0.6747932359576225,0.6781321913003922,0.6775331646203995,0.6737622693181038,0.6706430688500404,0.6708170856748309,0.33177525177598,0.34160183370113373,0.3544025458395481,0.36665166914463043,0.37400825694203377,0.3795863948762417,0.37837717309594154,0.37544307485222816,0.3758414648473263,0.37555792555212975,0.3675840273499489,0.3678114227950573,0.37014289945364,0.37755556777119637,0.3843606151640415,0.38591956719756126,0.37870484218001366,0.3704726956784725,0.3666306920349598,0.3596647158265114,0.36065511032938957,0.36034249514341354,0.3649572841823101,0.3623473197221756,0.3697422295808792,0.37148140743374825,0.3695143237709999,0.3695330433547497,0.37287548929452896,0.3719624727964401,0.37041377648711205,0.3705184869468212,0.3714089058339596,0.37619028240442276,0.3804694563150406,0.3785996586084366,0.37252409011125565,0.3745175562798977,0.3749885931611061,0.3715766482055187,0.38316699862480164,0.3775857873260975,0.3727824129164219,0.3725801073014736,0.36798908188939095,0.36465366929769516,0.36663198471069336,0.3735026334013258,0.11562948394566774,0.12133171688765287,0.12332351878285408,0.12964201532304287,0.12863842584192753,0.128848509863019,0.12908784113824368,0.12714668363332748,0.12530966848134995,0.12776201963424683,0.1256496263667941,0.12139897141605616,0.12124649062752724,0.12153504975140095,0.12603975366801023,0.13180360943078995,0.13112139701843262,0.1323068793863058,0.13034306094050407,0.1271034674718976,0.12410258408635855,0.12608069460839033,0.12109352648258209,0.12231511250138283,0.12508406024426222,0.12555042002350092,0.12205751519650221,0.12112951371818781,0.12017261609435081,0.11756952572613955,0.11867974977940321,0.1171844182536006,0.11828721687197685,0.12138899508863688,0.12561158556491137,0.1260407231748104,0.12436260003596544,0.12647734954953194,0.12662840355187654,0.1256907656788826,0.12654233817011118,0.12959405779838562,0.12954764813184738,0.12686774972826242,0.12597903423011303,0.12475415784865618,0.12562129087746143,0.12684222949402674
SGF_W,0,4,0.16475242376327515,0.17314255237579346,4.167708396911621,4.560821056365967,172.29817700386047,2692.15901568532,64,1920,0,0,0,0,0.7695019617676735,0.7822807729244232,0.7856454998254776,0.7788238897919655,0.7790248841047287,0.783370167016983,0.7802427634596825,0.7829206958413124,0.7805677726864815,0.785603865981102,0.782213531434536,0.7821541205048561,0.7791278883814812,0.7792141959071159,0.7815253287553787,0.7820767015218735,0.7839256152510643,0.7817688286304474,0.7859700694680214,0.7866505011916161,0.7858236581087112,0.7831306755542755,0.7802864983677864,0.7829669415950775,0.7784550338983536,0.7797207683324814,0.78213931620121,0.7836863026022911,0.7844117656350136,0.7842421755194664,0.7844572514295578,0.7862974256277084,0.7818986475467682,0.7854657769203186,0.784675844013691,0.7836171537637711,0.7796833887696266,0.783186711370945,0.7809174060821533,0.7820470556616783,0.7835547849535942,0.7830286771059036,0.7821439653635025,0.7784614562988281,0.7821149826049805,0.7810847088694572,0.7833853587508202,0.7860736506325858,0.24964895099401474,0.253720510751009,0.25652630627155304,0.25478920713067055,0.2477188166230917,0.24875158444046974,0.2465951070189476,0.24922438524663448,0.24538184143602848,0.24992622435092926,0.25066959485411644,0.24640130810439587,0.24491743370890617,0.24648239836096764,0.24902337044477463,0.24895643070340157,0.2481606137007475,0.24373461492359638,0.2486895564943552,0.25198905542492867,0.249591663479805,0.2502225246280432,0.24920618534088135,0.24785464257001877,0.24582543410360813,0.2471000999212265,0.24414479918777943,0.24485565163195133,0.24913055635988712,0.24744178541004658,0.25063833966851234,0.2506748903542757,0.2457101047039032,0.24586532823741436,0.24686978198587894,0.2477645892649889,0.24908491410315037,0.24842915870249271,0.2444877177476883,0.24702048115432262,0.24561400339007378,0.24561164155602455,0.24703137204051018,0.2497627306729555,0.2549702003598213,0.24913928844034672,0.24543517641723156,0.24397750624588557,0.05745608080178499,0.05739085841923952,0.06160940183326602,0.0586932897567749,0.0609341524541378,0.06231003440916538,0.05983434012159705,0.060526526998728514,0.05882996693253517,0.06055693607777357,0.061376179568469524,0.0607401835732162,0.05930973403155804,0.06187590770423412,0.06208247970789671,0.062025217805057764,0.05933930305764079,0.058062033262103796,0.059129622764885426,0.0602598711848259,0.0580570213496685,0.059709860011935234,0.060189470648765564,0.06033219024538994,0.058933233842253685,0.06116405548527837,0.062271798960864544,0.0614859526976943,0.061672796960920095,0.061776791233569384,0.06102944305166602,0.06285499827936292,0.05954524874687195,0.06132310815155506,0.062400114722549915,0.06123839085921645,0.061079354491084814,0.06194161018356681,0.06144658802077174,0.06203683326020837,0.05969115486368537,0.06037765322253108,0.06158277951180935,0.061134079936891794,0.06241951510310173,0.06297544622793794,0.06128107663244009,0.060414591538054604
SGF_W,1,4,0.17111772298812866,0.17328119277954102,3.811570405960083,3.353449583053589,171.56281065940857,2680.668916553259,64,1920,0,0,0,0,0.7833341360092163,0.7808690369129181,0.7774506136775017,0.7808957099914551,0.7850756347179413,0.7885197177529335,0.7914923131465912,0.789212554693222,0.7862872406840324,0.7871651872992516,0.788341261446476,0.7866047844290733,0.7856773063540459,0.7877725437283516,0.7863864526152611,0.7897922545671463,0.7876977846026421,0.7886982038617134,0.7863923013210297,0.7874636650085449,0.7880230993032455,0.7877210527658463,0.7859164699912071,0.7880565524101257,0.7880593910813332,0.7840885072946548,0.7841689437627792,0.7817214876413345,0.781794473528862,0.7812151610851288,0.7850860580801964,0.7862045243382454,0.7868723496794701,0.7841506451368332,0.7861870527267456,0.7861447334289551,0.7893590107560158,0.7876657173037529,0.7875549271702766,0.7847999855875969,0.7866297513246536,0.7895381450653076,0.7907629683613777,0.7918965369462967,0.7886251211166382,0.7860263660550117,0.7853353098034859,0.7874975970813206,0.32258685678243637,0.3317662365734577,0.3329522870481014,0.3362030200660229,0.3331579715013504,0.3245643451809883,0.3221660815179348,0.3229406327009201,0.32129158824682236,0.32295071333646774,0.3212132789194584,0.3231518380343914,0.33067046478390694,0.32976795360445976,0.3283796161413193,0.32928723841905594,0.3271818533539772,0.32678090408444405,0.32707251980900764,0.32541461661458015,0.3285002112388611,0.32918326929211617,0.33124952390789986,0.3213450126349926,0.3275997154414654,0.3256077468395233,0.3322882205247879,0.33170153200626373,0.3380417115986347,0.329290010035038,0.331178393214941,0.32828423380851746,0.32740141451358795,0.3239384554326534,0.3258857689797878,0.3258332647383213,0.32504957914352417,0.3257419094443321,0.32947447523474693,0.3266601860523224,0.32745252549648285,0.3288112096488476,0.32737214118242264,0.3245958834886551,0.32325511425733566,0.32788466289639473,0.328533299267292,0.32763043471745085,0.05987106217071414,0.06264906888827682,0.06216234480962157,0.06492667458951473,0.06467968504875898,0.06459447741508484,0.06302471505478024,0.06296580145135522,0.06404346879571676,0.06401273002848029,0.0625069928355515,0.06289410684257746,0.061897541861981153,0.06282622553408146,0.06385430134832859,0.06282594241201878,0.064640655182302,0.06358967395499349,0.06385303335264325,0.06444137450307608,0.06399026047438383,0.06329210894182324,0.061429574619978666,0.06321205943822861,0.06293812673538923,0.06352146668359637,0.06357700424268842,0.06449287198483944,0.061060233507305384,0.06393100041896105,0.06221754988655448,0.06174411764368415,0.06239124573767185,0.06286472268402576,0.06449372414499521,0.06455581076443195,0.06355623342096806,0.06409041211009026,0.06355640850961208,0.06391425710171461,0.06396330986171961,0.06480151135474443,0.06398861855268478,0.06390557251870632,0.0641371039673686,0.06390834413468838,0.06432524509727955,0.06399586371013097
SGF_W,0,5,0.1321779489517212,0.13651412725448608,5.573927402496338,2.7638540267944336,171.773179769516,2683.9559338986874,64,1920,0,0,0,0,0.48726826906204224,0.49218862503767014,0.49034637957811356,0.4882809780538082,0.4934131130576134,0.49563192948699,0.49404553323984146,0.4953777641057968,0.4966052211821079,0.4969481751322746,0.49553655833005905,0.4928577207028866,0.49741794914007187,0.499840822070837,0.5018587969243526,0.5000287108123302,0.49712155014276505,0.49835682287812233,0.4975169412791729,0.5016156286001205,0.4971774257719517,0.4991926774382591,0.49623915180563927,0.5019825287163258,0.5010158531367779,0.49752917885780334,0.496498703956604,0.500042486935854,0.4965585768222809,0.4990617111325264,0.5006971508264542,0.49928154051303864,0.49830490723252296,0.4943757764995098,0.49940596520900726,0.498508982360363,0.49606066197156906,0.495344877243042,0.4963957108557224,0.4957459755241871,0.494371023029089,0.498053602874279,0.49814192578196526,0.497398741543293,0.4998977854847908,0.49724356085062027,0.4988105855882168,0.5009675025939941,0.4602463133633137,0.44999976828694344,0.4463898539543152,0.44994259625673294,0.4488042928278446,0.4414729215204716,0.4437619671225548,0.4513865113258362,0.4568190686404705,0.4592258222401142,0.4615919105708599,0.46400556713342667,0.4609558768570423,0.4613903760910034,0.45805927738547325,0.4597405232489109,0.4637288711965084,0.462572131305933,0.4615984596312046,0.4599730223417282,0.46483248472213745,0.46391113102436066,0.46188146620988846,0.4568171910941601,0.45931514352560043,0.46379316598176956,0.4644632786512375,0.45934049785137177,0.46197956800460815,0.45932895690202713,0.4568457715213299,0.4619103856384754,0.46605538576841354,0.4641249440610409,0.4579894505441189,0.4612526670098305,0.46304525434970856,0.46495311334729195,0.4639836587011814,0.4622410833835602,0.46234937757253647,0.4608635939657688,0.459920272231102,0.46084313094615936,0.45926935970783234,0.46264946088194847,0.46024707704782486,0.4580561986991337,0.05644856160506606,0.06669542519375682,0.07456880155950785,0.06613722629845142,0.06736123468726873,0.06989848613739014,0.07190161570906639,0.062485452741384506,0.06395276263356209,0.06748243607580662,0.06384507520124316,0.06023148400709033,0.060841500759124756,0.06445643911138177,0.06432122737169266,0.06255136895924807,0.05721528874710202,0.061324060428887606,0.05870560323819518,0.06333483336493373,0.05908739287406206,0.06203968171030283,0.060255246702581644,0.06355448858812451,0.06749708950519562,0.06578314397484064,0.06374790705740452,0.0656943703070283,0.06357073411345482,0.06008042627945542,0.06558427400887012,0.06414131866768003,0.0648316745646298,0.061560592614114285,0.06383919855579734,0.06338029401376843,0.06206008745357394,0.06293035112321377,0.06190357496961951,0.06471813935786486,0.062477515544742346,0.06615896616131067,0.0629515191540122,0.06281791720539331,0.06334860529750586,0.060912529937922955,0.06240219948813319,0.06171154869454248
SGF_W,1,5,0.13244348764419556,0.1328054666519165,4.679998397827148,4.710722923278809,171.63620352745056,2681.815680116415,64,1920,0,0,0,0,0.5270573794841766,0.5240335837006569,0.528069369494915,0.5351844877004623,0.5362148806452751,0.5348079726099968,0.5336961150169373,0.5307998955249786,0.5304849743843079,0.5299828425049782,0.5291126295924187,0.5294339656829834,0.5306500047445297,0.5327592641115189,0.5312257334589958,0.5320772603154182,0.5318962037563324,0.5326179265975952,0.5308273732662201,0.532248854637146,0.5311583504080772,0.5339496582746506,0.5315078422427177,0.5332435443997383,0.5343042388558388,0.5320905968546867,0.5348464399576187,0.535169392824173,0.5342177227139473,0.5321027338504791,0.5335905700922012,0.5322524979710579,0.5318857729434967,0.5326505228877068,0.5331701189279556,0.5334671810269356,0.5332605764269829,0.5336092486977577,0.5323469042778015,0.530587263405323,0.533741220831871,0.533975787460804,0.5335069075226784,0.5324616581201553,0.5325387716293335,0.5317848399281502,0.532710075378418,0.5328130125999451,0.28078822419047356,0.27995141595602036,0.2836228348314762,0.2735585980117321,0.2765968181192875,0.28104886412620544,0.2826225571334362,0.2843410260975361,0.2834184318780899,0.2846514768898487,0.28505099564790726,0.28453486040234566,0.28498873859643936,0.283998966217041,0.28270331025123596,0.28298912569880486,0.28237633779644966,0.2827577330172062,0.28447043523192406,0.2852567248046398,0.28353476896882057,0.28258733451366425,0.28314245864748955,0.2845768742263317,0.2814812995493412,0.28127216920256615,0.2813320532441139,0.2836770676076412,0.2837243936955929,0.2843664921820164,0.28118234872817993,0.2836133800446987,0.285299938172102,0.28635479137301445,0.2849622666835785,0.28424135595560074,0.284230288118124,0.28451037406921387,0.28570273518562317,0.2856944315135479,0.28397781401872635,0.28330980241298676,0.2844947949051857,0.28314460068941116,0.2829879932105541,0.2836039699614048,0.28407253697514534,0.28475339497838703,0.09270023927092552,0.0915214754641056,0.09366960637271404,0.08810310158878565,0.0913910148665309,0.09527104813605547,0.09327774774283171,0.09275954589247704,0.09361015912145376,0.09287294466048479,0.09209374990314245,0.09257982857525349,0.09304351080209017,0.09350816626101732,0.09372188337147236,0.09672946110367775,0.09540425799787045,0.08964299317449331,0.09326747804880142,0.09347992390394211,0.09380855411291122,0.08763977698981762,0.09269632678478956,0.09414169657975435,0.09246497601270676,0.09255226422101259,0.09213029406964779,0.09189322032034397,0.09213411435484886,0.09237053152173758,0.09136479068547487,0.09555004816502333,0.09728622902184725,0.09310147631913424,0.09384789504110813,0.09050572011619806,0.08941682707518339,0.09409546293318272,0.09365668054670095,0.0925659341737628,0.09341131616383791,0.09277029894292355,0.09050670824944973,0.09288688935339451,0.09394014999270439,0.091567886993289,0.09170702379196882,0.09153816742556435
SGF_W,0,6,0.08943098783493042,0.07801544666290283,9.013973236083984,10.428685188293457,172.98991918563843,2702.9674872756004,64,1920,0,0,0,0,0.5946991071105003,0.5933236330747604,0.5991278886795044,0.60234784334898,0.6061792299151421,0.5989388450980186,0.6008354127407074,0.599167488515377,0.596342071890831,0.599260613322258,0.5990646779537201,0.5958418697118759,0.5989162474870682,0.6031494215130806,0.5954353585839272,0.5979482308030128,0.5985430553555489,0.5972235128283501,0.5979657098650932,0.5978535711765289,0.5961844548583031,0.6016872599720955,0.6036205068230629,0.5996712148189545,0.6020046547055244,0.5984287112951279,0.5969666242599487,0.6019626557826996,0.6021778807044029,0.5984146445989609,0.6022883951663971,0.6019991934299469,0.6041396036744118,0.6028868854045868,0.6009941250085831,0.5974813550710678,0.6036429181694984,0.6039456054568291,0.6014032512903214,0.603997178375721,0.6035223454236984,0.601709209382534,0.5997712314128876,0.6004258543252945,0.5986903011798859,0.6022201627492905,0.6019972041249275,0.5988555550575256,0.44382886961102486,0.4512708857655525,0.4490646943449974,0.4483356215059757,0.4452168270945549,0.4487758129835129,0.44459621235728264,0.44414421170949936,0.4471549578011036,0.4445842355489731,0.4438758157193661,0.44892433658242226,0.44620156660676,0.443978875875473,0.4495549537241459,0.448680616915226,0.4498126283288002,0.4472866840660572,0.4451073221862316,0.44405390694737434,0.44605159014463425,0.4430466331541538,0.4422305077314377,0.44578763097524643,0.4438558481633663,0.4442640617489815,0.4480758309364319,0.4423213601112366,0.44331496581435204,0.44704777374863625,0.4437555782496929,0.4453101195394993,0.44374745711684227,0.44129255786538124,0.4448419213294983,0.44647784531116486,0.4425285644829273,0.44246551766991615,0.4444412589073181,0.44313042238354683,0.44395624473690987,0.4447883144021034,0.44643257185816765,0.44613274931907654,0.4446985572576523,0.44518135488033295,0.4445359781384468,0.44860582266535076,0.11488660704344511,0.11155432555824518,0.10444783419370651,0.10472129378467798,0.11242902930825949,0.11497541796416044,0.12391319032758474,0.12513741571456194,0.12536779325455427,0.1234619664028287,0.12018141429871321,0.12311132252216339,0.12226441223174334,0.12091467622667551,0.12258983682841063,0.12298871576786041,0.12512600608170033,0.12435060273855925,0.1207524361088872,0.12181253731250763,0.12358251586556435,0.12170787993818521,0.12069026660174131,0.1233854042366147,0.12093236483633518,0.12112157605588436,0.12354078609496355,0.12290449813008308,0.12096964381635189,0.12227076105773449,0.12112525850534439,0.12341355718672276,0.12413920555263758,0.12161213345825672,0.12089147884398699,0.12044228706508875,0.12188160233199596,0.12234096601605415,0.12158114276826382,0.12182615324854851,0.1209153812378645,0.1219111355021596,0.12082858476787806,0.1215247567743063,0.12047647405415773,0.12165775708854198,0.12162184435874224,0.12259059292929513
SGF_W,1,6,0.08978664875030518,0.07482695579528809,6.914295673370361,7.952178001403809,173.09317326545715,2704.580832272768,64,1920,0,0,0,0,0.5132907852530479,0.5074617862701416,0.5043361932039261,0.5021063648164272,0.508120708167553,0.5148628503084183,0.514584444463253,0.5171418786048889,0.5291556566953659,0.528466023504734,0.5270889550447464,0.5244549810886383,0.5284337997436523,0.5352945253252983,0.5383293554186821,0.5269104912877083,0.5258328765630722,0.5339581295847893,0.5236674025654793,0.5344227328896523,0.5297937020659447,0.5340330526232719,0.5315522402524948,0.5295809581875801,0.5337322428822517,0.5333090201020241,0.5413809791207314,0.5305242985486984,0.5345473140478134,0.5354388952255249,0.5392254218459129,0.5369579568505287,0.5319126769900322,0.5338455215096474,0.5272475183010101,0.5282866060733795,0.5211838409304619,0.5159680396318436,0.5182362124323845,0.5275508686900139,0.5252964720129967,0.525074265897274,0.5223317220807076,0.5245538130402565,0.5252061933279037,0.5293781608343124,0.5324988588690758,0.5312540105410984,0.4830547496676445,0.4881097488105297,0.49301066249608994,0.4983385354280472,0.49946650862693787,0.4973435364663601,0.5050287023186684,0.5085436254739761,0.5038321241736412,0.5028229057788849,0.4989195987582207,0.49920014292001724,0.4930902235209942,0.48759152367711067,0.489546325057745,0.5017932318150997,0.5034324862062931,0.49594903364777565,0.4998426102101803,0.4946017861366272,0.4974687248468399,0.49904052168130875,0.4997742436826229,0.5001438781619072,0.5024937614798546,0.4969925619661808,0.49192406982183456,0.5032313875854015,0.5027464777231216,0.49953098595142365,0.4936703145503998,0.49256986379623413,0.4954102970659733,0.4975483641028404,0.4974898137152195,0.4963061474263668,0.5008324421942234,0.5027931518852711,0.4990738183259964,0.49055948853492737,0.49189962446689606,0.49015549570322037,0.4921371042728424,0.4892479032278061,0.49305135011672974,0.4919131472706795,0.4926091134548187,0.489820339850017,0.10550731606781483,0.10627493541687727,0.10643420647829771,0.10889662615954876,0.10894651152193546,0.10467839986085892,0.0982943456619978,0.10190826840698719,0.10084168612957001,0.1014783950522542,0.10202199220657349,0.10140207037329674,0.10268634743988514,0.10556036978960037,0.09986450523138046,0.09802994877099991,0.09786408860236406,0.09793318994343281,0.0986873097717762,0.09753764793276787,0.09699278976768255,0.09557602368295193,0.09813622292131186,0.0967140169814229,0.09725267346948385,0.09569292329251766,0.09456173423677683,0.09304021671414375,0.09072258602827787,0.0945659875869751,0.09959834162145853,0.0997557295486331,0.09844792541116476,0.10381329711526632,0.10706817451864481,0.10197327192872763,0.10450060293078423,0.10122808907181025,0.10152411554008722,0.09885092917829752,0.10021592676639557,0.10432967077940702,0.10464099328964949,0.1037131967023015,0.1006163191050291,0.10405420325696468,0.10294040758162737,0.10297220945358276
SGF_W,0,7,0.1589309573173523,0.1425389051437378,2.7706105709075928,2.293912172317505,171.9810118675232,2687.20331043005,64,1920,0,0,0,0,0.50471031665802,0.5077555254101753,0.5091813877224922,0.5089911371469498,0.512265183031559,0.5149317905306816,0.5148259699344635,0.511879950761795,0.5123159512877464,0.5129066035151482,0.5149373114109039,0.5127490982413292,0.5116818100214005,0.5132362246513367,0.5156865045428276,0.5182074829936028,0.5179132670164108,0.5156240314245224,0.5162453055381775,0.5200890600681305,0.5205732583999634,0.5204398706555367,0.5225992873311043,0.5209250301122665,0.5155750066041946,0.5165838748216629,0.5166699141263962,0.5188899710774422,0.5186296999454498,0.5164340808987617,0.5152644142508507,0.5139931067824364,0.5143628194928169,0.5153198391199112,0.514383852481842,0.513842448592186,0.5169866606593132,0.5187558606266975,0.5187688693404198,0.5205754563212395,0.5209770053625107,0.5209247842431068,0.5225065872073174,0.5165767595171928,0.5158190429210663,0.5168041661381721,0.5182023346424103,0.5194238764899117,0.573963426053524,0.5717685744166374,0.5684826076030731,0.5669708624482155,0.5701387971639633,0.5700781047344208,0.567300483584404,0.5659779459238052,0.5716433748602867,0.5727172195911407,0.572031207382679,0.5743088722229004,0.5765631124377251,0.5753410384058952,0.5741269439458847,0.5727578029036522,0.57182177901268,0.5737069025635719,0.5734241157770157,0.5720123127102852,0.5734361633658409,0.5748395547270775,0.5725934952497482,0.5712415874004364,0.5728110000491142,0.5724261775612831,0.5729785189032555,0.5728427022695541,0.5729416906833649,0.5743682980537415,0.5748285427689552,0.5746067613363266,0.5747733041644096,0.5751356109976768,0.5754855647683144,0.5744097158312798,0.5736039504408836,0.573265939950943,0.5718060359358788,0.5727847069501877,0.572090171277523,0.5726988688111305,0.5707341358065605,0.575628824532032,0.5775307044386864,0.575318805873394,0.5756729245185852,0.5751767669405256,0.08662200905382633,0.08896118961274624,0.08818592689931393,0.088246313855052,0.08908133860677481,0.08982610143721104,0.09020900912582874,0.09148408472537994,0.08851602207869291,0.08784717693924904,0.08835908770561218,0.08869902323931456,0.08795545808970928,0.08774815499782562,0.08792843017727137,0.08754615392535925,0.08724779170006514,0.0879359245300293,0.08798064384609461,0.08793533407151699,0.08849850483238697,0.08813506737351418,0.0897504361346364,0.09035335760563612,0.0893052164465189,0.08842617645859718,0.0895931338891387,0.08902769722044468,0.08941151574254036,0.08861537743359804,0.08937142696231604,0.08870497532188892,0.08807658962905407,0.088555121794343,0.08816794771701097,0.08800368662923574,0.08800172805786133,0.08840445056557655,0.08891049027442932,0.08929452486336231,0.08937088865786791,0.088205236941576,0.0881230104714632,0.08575791586190462,0.0858292793855071,0.08713851403445005,0.08519056160002947,0.08502167356865746
SGF_W,1,7,0.14735406637191772,0.12714165449142456,1.8510470390319824,2.3754498958587646,171.8963589668274,2685.880608856678,64,1920,0,0,0,0,0.5014554262161255,0.5066227838397026,0.5089707300066948,0.5098282545804977,0.5086301043629646,0.509998194873333,0.5124487951397896,0.5123265534639359,0.5146188512444496,0.5105500891804695,0.5104724541306496,0.5110991969704628,0.5096057951450348,0.5090356096625328,0.5105179771780968,0.5119623914361,0.5128280147910118,0.5121458172798157,0.5125137567520142,0.5123312622308731,0.5138048082590103,0.5123704150319099,0.5126765444874763,0.514050267636776,0.5126474946737289,0.5133455544710159,0.5140453577041626,0.5157032534480095,0.513627253472805,0.513056255877018,0.5138444676995277,0.5126871764659882,0.5150529742240906,0.5166243314743042,0.517905592918396,0.5166669934988022,0.5167897194623947,0.5225209668278694,0.5250051617622375,0.5232709869742393,0.526857003569603,0.527696006000042,0.5266077294945717,0.5279577225446701,0.5221802741289139,0.5204096958041191,0.5190407782793045,0.5190019862992423,0.5901977494359016,0.5917206704616547,0.5928048491477966,0.594485267996788,0.5968950986862183,0.6000357791781425,0.5992354825139046,0.5991227403283119,0.5989997535943985,0.5940741375088692,0.597190149128437,0.5953316912055016,0.5928775444626808,0.592445470392704,0.589933805167675,0.5897371098399162,0.5900834426283836,0.5914631187915802,0.5916561558842659,0.5905457884073257,0.5888242125511169,0.5896047502756119,0.5900641456246376,0.5891234427690506,0.589079886674881,0.5889874920248985,0.5893991142511368,0.5886661559343338,0.5911131948232651,0.5926217213273048,0.5918975621461868,0.5927548930048943,0.593381293118,0.5930365398526192,0.5919914469122887,0.5920140147209167,0.592256024479866,0.5942262336611748,0.5928913131356239,0.5953571125864983,0.5927019789814949,0.5950526222586632,0.5954325869679451,0.5934708416461945,0.5950920209288597,0.5935521870851517,0.5941773876547813,0.5942011901310512,0.07789929304271936,0.07879534736275673,0.07915964350104332,0.0769401490688324,0.07611575070768595,0.07522448059171438,0.07668000366538763,0.0766395851969719,0.07641879562288523,0.07921368535608053,0.07776933163404465,0.07712893560528755,0.07744214870035648,0.07802936341613531,0.07840207777917385,0.07848074194043875,0.07812905870378017,0.0784359211102128,0.07883958239108324,0.07749474886804819,0.07815184444189072,0.07836082670837641,0.07922145258635283,0.07813367526978254,0.07932964712381363,0.07904981356114149,0.07881890330463648,0.0779047068208456,0.07835098914802074,0.07839872781187296,0.07732189726084471,0.07870832365006208,0.0778542123734951,0.07785692997276783,0.07799016404896975,0.0783942062407732,0.07855390384793282,0.07751161232590675,0.07624517567455769,0.07608508504927158,0.07641609013080597,0.0750924339517951,0.07580767571926117,0.07511036563664675,0.07672153785824776,0.07812271825969219,0.07779016438871622,0.07557283022574016
SGF_W,0,8,0.20779389142990112,0.13385730981826782,8.639312744140625,12.88093090057373,171.4452314376831,2678.8317412137985,64,1920,0,0,0,0,0.6163030713796616,0.6303735896945,0.6423051506280899,0.645471528172493,0.6435036063194275,0.6486543640494347,0.6432898417115211,0.6346329599618912,0.6282918229699135,0.6116561591625214,0.6048908084630966,0.6013709753751755,0.5934178605675697,0.5900863930583,0.5826235711574554,0.5755566880106926,0.5810233354568481,0.5850601568818092,0.5784521400928497,0.585821770131588,0.5980068892240524,0.6129551455378532,0.6081371307373047,0.6029465720057487,0.6043260842561722,0.5890482142567635,0.5748612433671951,0.5614215359091759,0.5585669279098511,0.5775311887264252,0.5995839983224869,0.6036285758018494,0.607736200094223,0.6145791336894035,0.6194321066141129,0.6200971156358719,0.6220978125929832,0.6169207617640495,0.6131062433123589,0.6119870617985725,0.6218706518411636,0.6304614618420601,0.6318745762109756,0.6313828825950623,0.6309486106038094,0.6281481981277466,0.6301789358258247,0.6274381790842328,0.35610854625701904,0.3468843623995781,0.34073883295059204,0.33676647767424583,0.3404066860675812,0.34546513110399246,0.35036272183060646,0.35859687998890877,0.3620622754096985,0.37266451865434647,0.3790626488626003,0.3849923461675644,0.3877279534935951,0.3847340755164623,0.38072966039180756,0.37822215259075165,0.3734731078147888,0.3731980584561825,0.3753148019313812,0.36770374700427055,0.3568289130926132,0.3546169698238373,0.35447075963020325,0.35995034500956535,0.3618762604892254,0.37301814556121826,0.37940552830696106,0.387572456151247,0.39314987137913704,0.3901812955737114,0.3990691974759102,0.4013448841869831,0.3986049257218838,0.3919828310608864,0.38467303290963173,0.37865500524640083,0.37634049355983734,0.38200947269797325,0.38255564123392105,0.38575898110866547,0.3843293748795986,0.37962091714143753,0.3735366240143776,0.3744559474289417,0.37662962079048157,0.3786667659878731,0.3743397258222103,0.36958112035478863,0.1640123464167118,0.16890094056725502,0.17233567871153355,0.17755184695124626,0.1783478893339634,0.17707017622888088,0.1766572091728449,0.17771360091865063,0.17772116884589195,0.17763752862811089,0.17913164757192135,0.17886481620371342,0.1766862254589796,0.16885120794177055,0.1668330542743206,0.16565833799540997,0.16286586597561836,0.1660975143313408,0.16728530451655388,0.16857395507395267,0.16762738302350044,0.16672691144049168,0.1683932263404131,0.17194189317524433,0.17171789333224297,0.173277722671628,0.17375340312719345,0.16997159644961357,0.16615752689540386,0.1666224729269743,0.1687308680266142,0.17406131140887737,0.1782009955495596,0.17789754830300808,0.17879671975970268,0.1766350120306015,0.17575202696025372,0.17936978675425053,0.17896411567926407,0.17976179160177708,0.18148120306432247,0.17923597246408463,0.17694550938904285,0.17584821395576,0.1803330834954977,0.18140266090631485,0.18162786029279232,0.1807031695331846
SGF_W,1,8,0.1498396396636963,0.1021420955657959,9.214949607849121,9.283530235290527,171.6205449104309,2681.571014225483,64,1920,0,0,0,0,0.5216435492038727,0.5369889438152313,0.5507330968976021,0.560025654733181,0.5625362396240234,0.5636188238859177,0.5638358369469643,0.5682305470108986,0.5657658576965332,0.5622975528240204,0.5542974099516869,0.5521754994988441,0.5477183163166046,0.5480707809329033,0.5532252192497253,0.5558609664440155,0.5587579682469368,0.5623923167586327,0.5609734877943993,0.563654825091362,0.5587039738893509,0.5638894438743591,0.5550032779574394,0.5622725635766983,0.5576722845435143,0.5542087107896805,0.5584591329097748,0.5553189516067505,0.5509137287735939,0.5567006021738052,0.5477257519960403,0.5476149022579193,0.5482170209288597,0.5431044176220894,0.5376323387026787,0.543745256960392,0.551825076341629,0.5554531589150429,0.553529679775238,0.5490718930959702,0.54927908629179,0.5418678373098373,0.5416238307952881,0.5414814800024033,0.5412425845861435,0.5392191782593727,0.5429864004254341,0.5399824976921082,0.37815919145941734,0.3713300749659538,0.3610864542424679,0.3569142706692219,0.3564755581319332,0.35932616889476776,0.362608689814806,0.3658609539270401,0.3691072128713131,0.3711380399763584,0.37845969945192337,0.3767291493713856,0.38387224078178406,0.38270000740885735,0.38083405420184135,0.37882063910365105,0.3736008331179619,0.3734171763062477,0.37390759214758873,0.3727702163159847,0.37810028716921806,0.373002253472805,0.3742733336985111,0.37052617967128754,0.37383343651890755,0.37238766998052597,0.36777371540665627,0.3706812970340252,0.37887775152921677,0.3757249303162098,0.38379915803670883,0.3790036663413048,0.3745856359601021,0.373682226985693,0.38019995763897896,0.38590341061353683,0.37409549206495285,0.3689657784998417,0.37160012498497963,0.38036587461829185,0.3743675500154495,0.3811793364584446,0.38267984241247177,0.3861452527344227,0.39067480713129044,0.39070116728544235,0.3866584859788418,0.38693138531276156,0.15784390829503536,0.16427496634423733,0.16823888942599297,0.1715410277247429,0.1700978297740221,0.16853596083819866,0.16895661689341068,0.16752306558191776,0.1697076689451933,0.17156841233372688,0.17292331345379353,0.17342946492135525,0.17034020461142063,0.17255420796573162,0.17292552441358566,0.16768788173794746,0.16686601005494595,0.17105307802557945,0.170854015275836,0.1717128586024046,0.16829711012542248,0.16627840884029865,0.16833618097007275,0.16558153182268143,0.16400175541639328,0.16249828971922398,0.16324274241924286,0.16497974656522274,0.16730324923992157,0.1662264820188284,0.16238112188875675,0.16313882172107697,0.16126330383121967,0.15847055800259113,0.15443134121596813,0.15863600373268127,0.15868561156094074,0.15804576873779297,0.15509903244674206,0.15965083055198193,0.15638943575322628,0.15496950410306454,0.16185965202748775,0.1649104431271553,0.1627909019589424,0.1619853675365448,0.1617723796516657,0.16166972049645015
SGF_W,0,9,0.3712761402130127,0.4170483350753784,4.838548183441162,4.4979143142700195,172.42968487739563,2694.2138262093067,64,1920,0,0,0,0,0.41387705504894257,0.4092383347451687,0.40430231019854546,0.40724819898605347,0.4086661674082279,0.3963812068104744,0.40180134400725365,0.39937418699264526,0.38903825730085373,0.3912912420928478,0.40872085466980934,0.4126187935471535,0.41588766500353813,0.42138227075338364,0.4188028648495674,0.41953733563423157,0.4184267558157444,0.41241033002734184,0.40146560221910477,0.39576729759573936,0.39958542585372925,0.3952775001525879,0.40305061638355255,0.412961445748806,0.40738745033741,0.40812375396490097,0.4094391502439976,0.4070921689271927,0.4003760777413845,0.401431430131197,0.3983922526240349,0.39944135770201683,0.404099989682436,0.41226305067539215,0.41390424221754074,0.4124241732060909,0.41099080070853233,0.41683705896139145,0.4218902811408043,0.4244675450026989,0.4150097034871578,0.41426728665828705,0.40763743594288826,0.4058556519448757,0.40249139070510864,0.406334288418293,0.395892471075058,0.3947196432522365,0.3910529501736164,0.4132700599730015,0.4330272376537323,0.43405739590525627,0.4301818124949932,0.44333503395318985,0.442743681371212,0.44495562463998795,0.4471795856952667,0.44161946699023247,0.4222273454070091,0.4211825914680958,0.4179793745279312,0.40820661559700966,0.4046109616756439,0.4029501639306545,0.4010719954967499,0.4075836278498173,0.4175378307700157,0.4236419275403023,0.42729492858052254,0.4400808922946453,0.426212128251791,0.4128073826432228,0.41618769243359566,0.4165964014828205,0.41916317492723465,0.42718860879540443,0.4295561835169792,0.43485940620303154,0.4382529780268669,0.43222861737012863,0.4257901683449745,0.4162152484059334,0.4116768650710583,0.41514890640974045,0.4100026451051235,0.39567334577441216,0.3873596452176571,0.3856138400733471,0.39795392751693726,0.407486405223608,0.4241090230643749,0.4300105459988117,0.4330599382519722,0.4365536645054817,0.44932685419917107,0.44482598985944477,0.04340707836672664,0.047297980170696974,0.04455179441720247,0.04429961182177067,0.04465423710644245,0.04196783062070608,0.04491556016728282,0.042544286232441664,0.040903492365032434,0.04019486112520099,0.0422203429043293,0.04079886665567756,0.04190141102299094,0.042841904796659946,0.04243776202201843,0.04367166291922331,0.044081217143684626,0.043575110379606485,0.04279173305258155,0.04424252035096288,0.0457991654984653,0.04171605687588453,0.042914383579045534,0.04391678562387824,0.04198165703564882,0.042908156756311655,0.04379703989252448,0.0438320254907012,0.04169210838153958,0.04382587829604745,0.04210495436564088,0.04044619528576732,0.04311068914830685,0.042309415992349386,0.04204175528138876,0.04015428340062499,0.04154661810025573,0.044261140283197165,0.04647686146199703,0.04753795126453042,0.04520829301327467,0.045557721983641386,0.04280070774257183,0.04489568527787924,0.042338000144809484,0.04271747078746557,0.04039565520361066,0.04143158718943596
SGF_W,1,9,0.3993328809738159,0.4162915349006653,4.840381622314453,5.425789833068848,172.08196187019348,2688.780654221773,64,1920,0,0,0,0,0.5299746990203857,0.52559494972229,0.5290996879339218,0.5372440740466118,0.5469779595732689,0.5425766706466675,0.5458391234278679,0.5503377839922905,0.5467781946063042,0.5429787859320641,0.5461664572358131,0.5445387214422226,0.5442335978150368,0.5411387905478477,0.5404826626181602,0.5461390540003777,0.5498908534646034,0.5440306216478348,0.5495855435729027,0.549173928797245,0.544245645403862,0.5458821654319763,0.5478628501296043,0.5498348250985146,0.5467013940215111,0.5498168468475342,0.5468195676803589,0.5458558276295662,0.5457332208752632,0.5461732670664787,0.5455549880862236,0.5450207218527794,0.5481087937951088,0.5464765802025795,0.5440226346254349,0.5480598956346512,0.5481149405241013,0.5461345538496971,0.5489273518323898,0.5494408383965492,0.5461068004369736,0.5431395322084427,0.5419248640537262,0.5420679524540901,0.5430324748158455,0.541113518178463,0.5419175699353218,0.544889782156263,0.461116261780262,0.46475280821323395,0.4624037407338619,0.45876751095056534,0.4541843496263027,0.45840834453701973,0.4591381289064884,0.4572076238691807,0.4596691317856312,0.462451945990324,0.4623565338551998,0.4644315131008625,0.46512534469366074,0.4664868675172329,0.466621570289135,0.46116190776228905,0.45956800132989883,0.4647185616195202,0.4617360793054104,0.461894191801548,0.46292492374777794,0.4671172574162483,0.46376264467835426,0.4606304503977299,0.4649142064154148,0.4608001597225666,0.46635807678103447,0.46518630534410477,0.46189500018954277,0.4618096090853214,0.46027494221925735,0.46039991825819016,0.45872726291418076,0.46289194375276566,0.4650709107518196,0.46219028905034065,0.46294453740119934,0.462948989123106,0.4592578634619713,0.4595745578408241,0.46476538106799126,0.46498696133494377,0.46753108873963356,0.46555841341614723,0.46453043073415756,0.46666518971323967,0.4647260420024395,0.4600957844938551,0.06177270179614425,0.06410683365538716,0.06563826557248831,0.06821471638977528,0.06777054723352194,0.06904265005141497,0.06860995478928089,0.06888915318995714,0.0707753337919712,0.07035248540341854,0.06672367360442877,0.06825207266956568,0.06707515567541122,0.06526332069188356,0.06817388907074928,0.06719428952783346,0.06645875237882137,0.0697375237941742,0.0696634417399764,0.0692085986956954,0.0727594867348671,0.07095157820731401,0.0682686110958457,0.06902521383017302,0.06793223135173321,0.06875445321202278,0.06735573150217533,0.06804388388991356,0.06850762572139502,0.06758234463632107,0.06855450570583344,0.06911789439618587,0.0684089157730341,0.06984049826860428,0.07055977825075388,0.06811203993856907,0.06813871301710606,0.0692139295861125,0.06768515706062317,0.06851351354271173,0.06792999524623156,0.06759511772543192,0.06787768565118313,0.06825656909495592,0.06497134687379003,0.06559947784990072,0.06789452396333218,0.06654428797108787
SGF_W,0,10,0.22467392683029175,0.18011963367462158,3.5170021057128906,4.219338417053223,172.68807244300842,2698.2511319220066,64,1920,0,0,0,0,0.6651068702340126,0.6708322092890739,0.6717817708849907,0.6759795174002647,0.6749448552727699,0.6767470240592957,0.6850719749927521,0.6806577295064926,0.6831325516104698,0.6839278116822243,0.6780673786997795,0.6794770136475563,0.6795880123972893,0.6754389926791191,0.6736182495951653,0.6729406788945198,0.6745406836271286,0.6752353236079216,0.6740716993808746,0.6744195818901062,0.6779846549034119,0.6747480779886246,0.6822428703308105,0.6838675513863564,0.678771361708641,0.6790406554937363,0.6737067922949791,0.669159434735775,0.6731658652424812,0.676116444170475,0.680391401052475,0.6794088706374168,0.6723165661096573,0.6627221703529358,0.660407580435276,0.6584472060203552,0.6612958833575249,0.67159853130579,0.6669774949550629,0.6729735136032104,0.6763144433498383,0.6791498586535454,0.6845108643174171,0.6903285980224609,0.69459268450737,0.6957986876368523,0.6951662302017212,0.7039932438305446,0.3506097309291363,0.33599814400076866,0.32321523502469063,0.32521434873342514,0.33579782769083977,0.34805767983198166,0.34577057883143425,0.3512105420231819,0.35012099519371986,0.3500317446887493,0.3512200489640236,0.34730253368616104,0.34584397077560425,0.3506922908127308,0.3536076433956623,0.35456060618162155,0.35482238233089447,0.35324276238679886,0.3565848283469677,0.35869915783405304,0.3583538867533207,0.3650480844080448,0.35749955102801323,0.35717449337244034,0.35691454261541367,0.35681309923529625,0.36113889515399933,0.3682367317378521,0.36932989582419395,0.36346322670578957,0.3569357097148895,0.3572056107223034,0.35595678165555,0.36184385791420937,0.3583400174975395,0.3569057434797287,0.36025022342801094,0.3483275771141052,0.35307132452726364,0.35349270701408386,0.3574424348771572,0.3561714477837086,0.35374198853969574,0.34618013724684715,0.3399665541946888,0.33888886123895645,0.32711897045373917,0.3152566467012678,0.03913705237209797,0.03831890085712075,0.03874293528497219,0.03996726078912616,0.04204064328223467,0.039524535182863474,0.04047050140798092,0.04082239372655749,0.041597880423069,0.04073737608268857,0.041685476433485746,0.041740411426872015,0.04298678832128644,0.042360440362244844,0.04046997334808111,0.040489694103598595,0.04271671827882528,0.04155570175498724,0.041690189857035875,0.041595413349568844,0.040943745989352465,0.041259622666984797,0.040708205197006464,0.04123037727549672,0.040927342139184475,0.041933138854801655,0.042288733180612326,0.043625941034406424,0.04366245353594422,0.043644723016768694,0.04298911336809397,0.040539320558309555,0.04217054694890976,0.0430263327434659,0.04285861272364855,0.04420535545796156,0.04374076472595334,0.040735505521297455,0.04051771527156234,0.040398947428911924,0.041892271023243666,0.04064297350123525,0.04074356239289045,0.03968854062259197,0.04068811656907201,0.040301183238625526,0.040703709702938795,0.040987110031502585
SGF_W,1,10,0.24387109279632568,0.23860591650009155,4.048059463500977,3.656710386276245,171.63114738464355,2681.7366778850555,64,1920,0,0,0,0,0.6388253942131996,0.6289889216423035,0.6512871906161308,0.6647588685154915,0.6651936396956444,0.65200986713171,0.6510338857769966,0.6576216444373131,0.6602766513824463,0.650499239563942,0.6452335119247437,0.6629722267389297,0.6650734469294548,0.6652273014187813,0.6662738993763924,0.668490543961525,0.6673227101564407,0.6600254401564598,0.6669508218765259,0.6626064404845238,0.6651852503418922,0.6600907668471336,0.6684278845787048,0.6739495247602463,0.6554653495550156,0.6597021520137787,0.6633872389793396,0.6701864302158356,0.6657193675637245,0.6665690168738365,0.6667516604065895,0.6621058434247971,0.6556669995188713,0.662950724363327,0.6634620949625969,0.6672783941030502,0.6617356762290001,0.6581337377429008,0.6636205539107323,0.6605050787329674,0.6588985770940781,0.6522179543972015,0.6500008478760719,0.6500941589474678,0.658869668841362,0.6734532713890076,0.663946308195591,0.6507957066808429,0.3546774089336395,0.3598177582025528,0.342163372784853,0.33521147817373276,0.33471086248755455,0.3442338556051254,0.35367772728204727,0.3467310890555382,0.3447194844484329,0.35169583559036255,0.35156261548399925,0.3365122899413109,0.3404998145997524,0.34755396842956543,0.346875611692667,0.3417232446372509,0.3403952792286873,0.3462589532136917,0.34508388862013817,0.35109465196728706,0.3518741764128208,0.3505297638475895,0.3376399762928486,0.33188164606690407,0.3439929373562336,0.33910374343395233,0.3392578735947609,0.3387439213693142,0.3386106379330158,0.337710153311491,0.3368043750524521,0.3387991525232792,0.3465549014508724,0.34297195449471474,0.3413965068757534,0.3420775718986988,0.34543638676404953,0.33767104893922806,0.33410344272851944,0.34570854157209396,0.3519072122871876,0.35741472989320755,0.3558212146162987,0.35527943819761276,0.34643369540572166,0.3371341675519943,0.3400324247777462,0.3507164290973118,0.04863624135032296,0.04492532601580024,0.049872048664838076,0.04830829240381718,0.049976155161857605,0.04740684386342764,0.049872059375047684,0.050130669958889484,0.04828398721292615,0.046949617099016905,0.04835654655471444,0.048309143632650375,0.04989469796419144,0.04789702733978629,0.04785339441150427,0.050266478676348925,0.051622703205794096,0.05127793923020363,0.05051046935841441,0.0508288792334497,0.05220685200765729,0.047964598052203655,0.051308306865394115,0.05291582690551877,0.04948385478928685,0.051545774564146996,0.05419109668582678,0.05328008392825723,0.05140795139595866,0.04816498328000307,0.05072958068922162,0.04515095194801688,0.04863458126783371,0.05043185222893953,0.052776247728616,0.05216165725141764,0.048645800445228815,0.049764716532081366,0.05198365589603782,0.04815079737454653,0.050036333967000246,0.04583956580609083,0.04917610343545675,0.048505900893360376,0.048566910438239574,0.04528714530169964,0.04740454023703933,0.04580605296151979
SGF_W,0,11,0.16309106349945068,0.19854998588562012,8.496052742004395,9.421592712402344,171.95846962928772,2686.8510879576206,64,1920,0,0,0,0,0.7176794111728668,0.7259850278496742,0.7047450467944145,0.7028000429272652,0.7036187946796417,0.714698538184166,0.7168349102139473,0.7122600302100182,0.7073810696601868,0.7206886410713196,0.7228706255555153,0.7265145108103752,0.714649461209774,0.7193282321095467,0.7154621854424477,0.7165060713887215,0.7225552871823311,0.7198289856314659,0.722098208963871,0.7288239598274231,0.7211021408438683,0.7213319316506386,0.7301959916949272,0.7335690557956696,0.7252612262964249,0.7273561879992485,0.7178545072674751,0.7168768867850304,0.7192906886339188,0.7168533504009247,0.7222793400287628,0.7199319005012512,0.7306787073612213,0.7169691398739815,0.719461090862751,0.7124266177415848,0.7209731861948967,0.7117904797196388,0.7231149449944496,0.7225697562098503,0.7268003597855568,0.7256156802177429,0.7260033711791039,0.7206661775708199,0.7251264005899429,0.7320082560181618,0.7307790890336037,0.7189021365983146,0.3577355593442917,0.3586747795343399,0.3829917758703232,0.37183400988578796,0.3671276457607746,0.38100091740489006,0.37293853238224983,0.3776729740202427,0.3856523372232914,0.3825576528906822,0.3752559795975685,0.37035511806607246,0.3753378205001354,0.3730171099305153,0.3651503399014473,0.374333243817091,0.36683230847120285,0.3688361980021,0.36732207983732224,0.3554753363132477,0.35807129740715027,0.3678348585963249,0.35889438539743423,0.3658459559082985,0.36452070251107216,0.36802616715431213,0.3758532926440239,0.36898254975676537,0.362184751778841,0.3625086396932602,0.3638451434671879,0.36966630443930626,0.3602450303733349,0.3663000352680683,0.367938619107008,0.3773186057806015,0.3751865290105343,0.3795805983245373,0.38496843352913857,0.37420956417918205,0.3724418804049492,0.3681025169789791,0.37240052595734596,0.376393336802721,0.37805406004190445,0.371038980782032,0.36999574676156044,0.37398452843938557,0.05294241802766919,0.059232850559055805,0.059904154390096664,0.05983146047219634,0.058952154126018286,0.05845003901049495,0.057911903131753206,0.05823863158002496,0.05965798627585173,0.05843751551583409,0.05927776638418436,0.058844552375376225,0.05914307665079832,0.05851013958454132,0.05836065532639623,0.05964766535907984,0.06055973656475544,0.06142151961103082,0.05940617434680462,0.059552612248808146,0.058780580293387175,0.05919287772849202,0.05968578392639756,0.059415056835860014,0.05905808508396149,0.05842049699276686,0.05850390251725912,0.059600106440484524,0.058957047294825315,0.05840746220201254,0.05868523754179478,0.05905790813267231,0.05963532533496618,0.06041656481102109,0.05903118476271629,0.058738579507917166,0.059156885370612144,0.058196308091282845,0.058562468737363815,0.05912544159218669,0.059282952919602394,0.059698634780943394,0.061916659120470285,0.06119839195162058,0.05900397012010217,0.06019376125186682,0.05822331225499511,0.05666883449469294
SGF_W,1,11,0.24493402242660522,0.25805848836898804,8.175721168518066,8.370380401611328,171.577791929245,2680.902998894453,64,1920,0,0,0,0,0.7515528425574303,0.7542031556367874,0.7537254020571709,0.7635731920599937,0.7664794474840164,0.7655458375811577,0.7692535445094109,0.767136350274086,0.7657151371240616,0.7655379772186279,0.7677881494164467,0.7687483131885529,0.7675238475203514,0.7692793309688568,0.7714878469705582,0.7691839933395386,0.7676430493593216,0.7653562724590302,0.7652311325073242,0.7625788822770119,0.7600397244095802,0.7607943788170815,0.7643878012895584,0.7581667229533195,0.7492887750267982,0.753652773797512,0.7564332410693169,0.7605178281664848,0.7664316892623901,0.7683586329221725,0.7663562670350075,0.765147939324379,0.7681153193116188,0.7656531035900116,0.766365572810173,0.764417015016079,0.7653372809290886,0.7671949937939644,0.7622884064912796,0.7610230669379234,0.7575705423951149,0.758126750588417,0.760742537677288,0.7549973800778389,0.7545971423387527,0.7524215877056122,0.7551931962370872,0.759078928402492,0.3748689405620098,0.379617553204298,0.3818379081785679,0.37636541947722435,0.3744500167667866,0.37382154166698456,0.3703150153160095,0.37231364846229553,0.3729242756962776,0.3771941140294075,0.3773415721952915,0.3782215900719166,0.3801545761525631,0.37854865193367004,0.3791003152728081,0.3788614347577095,0.3786006048321724,0.3840689994394779,0.3855348862707615,0.3899437338113785,0.39115846529603004,0.38481397554278374,0.3886116035282612,0.39685845375061035,0.39824872463941574,0.39103107899427414,0.38694748282432556,0.38077567517757416,0.37597182765603065,0.3788989521563053,0.38121096044778824,0.3811391405761242,0.3769558295607567,0.3775290437042713,0.3753224350512028,0.3734291270375252,0.3736000657081604,0.3718232735991478,0.3735557273030281,0.3730212226510048,0.3791261278092861,0.3802805542945862,0.37629202380776405,0.3788176253437996,0.38066457211971283,0.3851438984274864,0.3840150386095047,0.38274053164890837,0.06738008186221123,0.06860558316111565,0.07107512280344963,0.07017036713659763,0.07092548161745071,0.07207051943987608,0.06943504605442286,0.07007429376244545,0.0707710413262248,0.07039259653538465,0.06882663164287806,0.06951394584029913,0.07175836618989706,0.07073106989264488,0.07107593771070242,0.06929375510662794,0.06908559333533049,0.0679569086059928,0.06407707324251533,0.06493695778772235,0.06400812976062298,0.07036774512380362,0.07194690406322479,0.06795521918684244,0.07281307969242334,0.07764897868037224,0.07477353326976299,0.07000655867159367,0.06999651715159416,0.0690520228818059,0.06949544418603182,0.06812776811420918,0.06622812710702419,0.06946336291730404,0.06975001469254494,0.06903219595551491,0.07073774468153715,0.07080781366676092,0.07083935849368572,0.0689677745103836,0.06777909211814404,0.06741987634450197,0.06842406746000051,0.06788593344390392,0.0664227893576026,0.06635093782097101,0.06913327053189278,0.0874957772237914
SGF_W,0,12,0.2529986500740051,0.38674768805503845,9.030791282653809,11.475725173950195,171.48735570907593,2679.4899329543114,64,1920,0,0,0,0,0.47603218629956245,0.4823381267488003,0.49664176627993584,0.48319927603006363,0.4976726844906807,0.49708932265639305,0.49543021246790886,0.5066547058522701,0.5136088207364082,0.4990965351462364,0.4942753091454506,0.4809703230857849,0.4821399450302124,0.4849500022828579,0.49704497680068016,0.5098242163658142,0.49420884251594543,0.4502635933458805,0.43127133697271347,0.4301728419959545,0.45785368978977203,0.47659579664468765,0.48028143867850304,0.48413318023085594,0.4884196035563946,0.49258601665496826,0.49223555997014046,0.4915405735373497,0.49271079152822495,0.49090342223644257,0.4782332144677639,0.4703148491680622,0.47459618002176285,0.4870501458644867,0.4938790611922741,0.4938051216304302,0.4949549324810505,0.5059595108032227,0.4858955144882202,0.47471801191568375,0.4731934033334255,0.4649958200752735,0.47415803372859955,0.47127335518598557,0.47178635001182556,0.48560656234622,0.5020801052451134,0.5077958021845136,0.42320940643548965,0.41324713081121445,0.4019450731575489,0.40065479651093483,0.40226076170802116,0.39878712967038155,0.40016698464751244,0.4023171402513981,0.40276072546839714,0.4127424582839012,0.4061480946838856,0.4098946042358875,0.4126465357840061,0.4174647480249405,0.4189055450260639,0.41904210299253464,0.43063293024897575,0.4383566714823246,0.4487469121813774,0.44503026455640793,0.44697486236691475,0.43931373208761215,0.4251357726752758,0.41560523957014084,0.42553993314504623,0.42259835079312325,0.41586704179644585,0.41977253556251526,0.4236249588429928,0.42253146693110466,0.42678460478782654,0.4344688132405281,0.432443056255579,0.432009544223547,0.42674116790294647,0.42448678985238075,0.42431220412254333,0.41405530273914337,0.4216577708721161,0.42011669650673866,0.41484784334897995,0.4101780913770199,0.41624123230576515,0.4168160818517208,0.4162285178899765,0.4163140766322613,0.4130720905959606,0.409431163753782,0.1620381437242031,0.1691234651952982,0.1677524782717228,0.17178291082382202,0.1737903468310833,0.17211189679801464,0.16578404791653156,0.16564408130943775,0.16950106620788574,0.169334564357996,0.17593644745647907,0.17506053298711777,0.17392284609377384,0.17239387705922127,0.17266246862709522,0.1736880037933588,0.17745850794017315,0.18410121463239193,0.18483924493193626,0.18338212370872498,0.18767828680574894,0.19042128883302212,0.18473128601908684,0.18087653629481792,0.18017116375267506,0.18242890201509,0.17610015161335468,0.17537102103233337,0.17041142657399178,0.17065240070223808,0.17096676118671894,0.17865964956581593,0.18021581135690212,0.17900284379720688,0.17043928802013397,0.169918579980731,0.1707682255655527,0.17137395404279232,0.17236160300672054,0.17118525691330433,0.16848205029964447,0.16469738446176052,0.16852054744958878,0.1678316704928875,0.16780462302267551,0.16909940727055073,0.16835594922304153,0.1671102217265538
SGF_W,1,12,0.21087753772735596,0.08259326219558716,11.92546558380127,10.470431327819824,171.97779607772827,2687.1530637145042,64,1920,0,0,0,0,0.47861483693122864,0.511896476149559,0.5177565738558769,0.5125943422317505,0.49799688905477524,0.4934005029499531,0.46073872968554497,0.45717107877135277,0.48378999903798103,0.4716380089521408,0.4576905407011509,0.46080464869737625,0.4634724222123623,0.4721701592206955,0.48035844787955284,0.4752924367785454,0.48320839181542397,0.5069251246750355,0.5278998985886574,0.5159042999148369,0.5263046622276306,0.5259451940655708,0.5228641033172607,0.5164831504225731,0.5104967802762985,0.5073244273662567,0.5055961683392525,0.5082895904779434,0.5082868784666061,0.499085258692503,0.49533944204449654,0.499969270080328,0.5143846645951271,0.49599654227495193,0.4872332587838173,0.49616603553295135,0.49990129470825195,0.5098836794495583,0.497974157333374,0.4959971234202385,0.4925742782652378,0.5017081126570702,0.49962837621569633,0.48855195939540863,0.48610498383641243,0.4890866354107857,0.49387292191386223,0.4983752795628139,0.4075830914080143,0.38641464337706566,0.37639379501342773,0.37355107441544533,0.38779856264591217,0.40194787085056305,0.4130812957882881,0.40567247197031975,0.3966502547264099,0.40101511403918266,0.42402707785367966,0.42684875056147575,0.4294132962822914,0.4135458841919899,0.39976049214601517,0.4082939624786377,0.42583346739411354,0.4232317544519901,0.42096520587801933,0.42371705919504166,0.42842215299606323,0.41194726899266243,0.41624613106250763,0.42345625162124634,0.43724481016397476,0.4375159591436386,0.4362603574991226,0.42458101734519005,0.428277812898159,0.4238852448761463,0.4245508871972561,0.42093130946159363,0.4125744551420212,0.4093811511993408,0.4154677614569664,0.42107750475406647,0.42625605314970016,0.4222337566316128,0.42282963544130325,0.43015042692422867,0.42854904755949974,0.4230980835855007,0.4221819192171097,0.42521360144019127,0.4200839251279831,0.414890393614769,0.4091505780816078,0.4086402824946812,0.15706038661301136,0.1563879493623972,0.1570884957909584,0.1581462360918522,0.15918919257819653,0.16192353516817093,0.1631518080830574,0.15420379117131233,0.15555465407669544,0.1613110601902008,0.17197191156446934,0.17581340856850147,0.1676939707249403,0.16024458035826683,0.15815476328134537,0.16251302137970924,0.15578854084014893,0.14732840470969677,0.14314019866287708,0.14115268550813198,0.1415644120424986,0.14347201026976109,0.15352067351341248,0.15205528400838375,0.1573289819061756,0.15634065307676792,0.1564722415059805,0.15649546310305595,0.16050466150045395,0.15365201234817505,0.15508616529405117,0.15683277882635593,0.16280211694538593,0.16862007603049278,0.17038876004517078,0.16627678461372852,0.1603552419692278,0.1666183564811945,0.16764439083635807,0.1661259476095438,0.17008648440241814,0.1740966085344553,0.17029756121337414,0.17406245693564415,0.17084535770118237,0.1687876284122467,0.16722896322607994,0.16100191644259862
SGF_W,0,13,0.3787131905555725,0.36852407455444336,6.625124454498291,6.203912734985352,172.1512143611908,2689.862724393606,64,1920,0,0,0,0,0.6050059273838997,0.6085250452160835,0.6109086871147156,0.6171564683318138,0.614642471075058,0.6151343733072281,0.6101719364523888,0.6106392219662666,0.6116601824760437,0.6128131300210953,0.6123725324869156,0.607491247355938,0.6056681126356125,0.6090480014681816,0.6136202439665794,0.6137646436691284,0.6186379939317703,0.6164969280362129,0.6150560304522514,0.6168879866600037,0.615749791264534,0.6154126077890396,0.616926796734333,0.6186991631984711,0.6126823723316193,0.6116994693875313,0.6132930964231491,0.6127786636352539,0.6094245836138725,0.6156774684786797,0.6168788522481918,0.6143031939864159,0.6136498525738716,0.6112992018461227,0.6112782284617424,0.6100583150982857,0.6103077009320259,0.6097970008850098,0.6106683760881424,0.6134080141782761,0.6124697327613831,0.6165375709533691,0.615298368036747,0.6081896647810936,0.6051236987113953,0.6106749325990677,0.6106431186199188,0.6110125694956098,0.4885541833937168,0.48977508023381233,0.49087171629071236,0.4884827919304371,0.4906858764588833,0.49297866597771645,0.49427080899477005,0.49481698498129845,0.49594735726714134,0.4923049360513687,0.4944888465106487,0.49567124992609024,0.49403973668813705,0.49280206859111786,0.4963982626795769,0.49579330161213875,0.4893745742738247,0.49098264053463936,0.4913059398531914,0.4898674339056015,0.4914359971880913,0.49306871742010117,0.49355993047356606,0.489779531955719,0.4945894815027714,0.4935896135866642,0.49105850234627724,0.4928712584078312,0.4917036071419716,0.48958970978856087,0.49281707406044006,0.4925999864935875,0.49302221089601517,0.49166565388441086,0.4924824871122837,0.4945652335882187,0.4915481358766556,0.492304477840662,0.4939618892967701,0.49489085376262665,0.49219318479299545,0.4941704422235489,0.49397218599915504,0.49764009937644005,0.4973943941295147,0.49617792665958405,0.49439531564712524,0.4954804650374821,0.11425752751529217,0.11739606224000454,0.12157188635319471,0.1255241921171546,0.1251194356009364,0.11777402367442846,0.12132534943521023,0.12134622037410736,0.12193138338625431,0.12227220274508,0.12343689613044262,0.1238352507352829,0.1221343008801341,0.12134289275854826,0.11644776072353125,0.12091130763292313,0.11864598002284765,0.11668778210878372,0.1174042047932744,0.11650179140269756,0.11939612682908773,0.11858709063380957,0.12085264641791582,0.11885566171258688,0.11714992485940456,0.11335917934775352,0.11634719558060169,0.1191383870318532,0.1198631664738059,0.12064743228256702,0.12119787465780973,0.12330428138375282,0.1217862581834197,0.12172284163534641,0.12388966791331768,0.12501169554889202,0.12289184425026178,0.12220732308924198,0.12207307107746601,0.12100058794021606,0.12318969890475273,0.12248993013054132,0.1253218613564968,0.12327542714774609,0.1260215202346444,0.12342020962387323,0.12076104711741209,0.12094057989971978
SGF_W,1,13,0.24329227209091187,0.1577724814414978,5.714203834533691,6.377061367034912,173.4938199520111,2710.8409367501736,64,1920,0,0,0,0,0.6228944957256317,0.6294037699699402,0.6306499466300011,0.6363665536046028,0.6362484991550446,0.6330893486738205,0.6305669471621513,0.6345886215567589,0.6346026360988617,0.6338978856801987,0.6355413943529129,0.6279049962759018,0.6351086124777794,0.6360880360007286,0.6352371051907539,0.6349665895104408,0.6367366388440132,0.638231173157692,0.6402866840362549,0.635242223739624,0.6357265561819077,0.6381446346640587,0.6409515663981438,0.6396294012665749,0.6399099677801132,0.6377785205841064,0.6324380487203598,0.6338058263063431,0.6361886113882065,0.6293846219778061,0.631287194788456,0.6283840611577034,0.6287933886051178,0.6299661621451378,0.6303534805774689,0.6307530254125595,0.6389372795820236,0.636059045791626,0.6358448415994644,0.6342764273285866,0.6308231726288795,0.6360492408275604,0.6390814855694771,0.635159969329834,0.6315893083810806,0.6345796063542366,0.6319443136453629,0.6305886251585824,0.4499380998313427,0.44725289195775986,0.4445856101810932,0.4447742663323879,0.4466395117342472,0.4539591334760189,0.4593508243560791,0.4602927230298519,0.45953308790922165,0.4601275809109211,0.4609176553785801,0.4656005725264549,0.46015415340662,0.4575444906949997,0.4564427547156811,0.4573841169476509,0.45575592294335365,0.45475541800260544,0.451730128377676,0.4541699178516865,0.4540001191198826,0.4530532620847225,0.45216361433267593,0.4525049217045307,0.4520166926085949,0.4513719566166401,0.4559847228229046,0.45716119185090065,0.458234254270792,0.46235063672065735,0.4591360352933407,0.4622858427464962,0.4662107639014721,0.4618856646120548,0.460689190775156,0.45908765494823456,0.453869991004467,0.45217061415314674,0.45367179811000824,0.4541301131248474,0.4529525563120842,0.4475436694920063,0.4492880254983902,0.45645520836114883,0.45929552987217903,0.4553862325847149,0.4560619927942753,0.4580799639225006,0.12595121003687382,0.13002545200288296,0.12796364445239305,0.13451622985303402,0.13270504772663116,0.13271614350378513,0.13013715762645006,0.12548256758600473,0.12592929508537054,0.12546620704233646,0.12629692908376455,0.12968524917960167,0.13572986610233784,0.13624515570700169,0.13664374873042107,0.13572116754949093,0.13306019455194473,0.1311117224395275,0.12999187968671322,0.1272242832928896,0.12815901823341846,0.13513976894319057,0.135111004114151,0.13491064868867397,0.132939537987113,0.13368098624050617,0.13323326595127583,0.13272365182638168,0.1365500818938017,0.13617395237088203,0.13268854096531868,0.12952852435410023,0.12692944426089525,0.12713851686567068,0.12717777211219072,0.12919692508876324,0.13201512955129147,0.13005449250340462,0.12794615514576435,0.1283065341413021,0.1273645218461752,0.12605108600109816,0.12260455824434757,0.12051503825932741,0.12459754291921854,0.12994988821446896,0.13072029687464237,0.12916826350348337
SGF_W,0,14,0.054146409034729004,0.0703803300857544,3.669843912124634,4.028639793395996,171.90870928764343,2686.0735826194286,64,1920,0,0,0,0,0.7492768540978432,0.7593753784894943,0.7562576904892921,0.7480357736349106,0.7523110806941986,0.7574607506394386,0.7395613789558411,0.7333311960101128,0.7335262224078178,0.7406124845147133,0.7330606132745743,0.7544249296188354,0.7446865141391754,0.7277867719531059,0.7366571947932243,0.7269174605607986,0.7281591221690178,0.7316517233848572,0.7422213554382324,0.7355781719088554,0.7449375912547112,0.746552512049675,0.7400474175810814,0.7286702692508698,0.7215757519006729,0.7371494397521019,0.7312052771449089,0.7305969521403313,0.727341502904892,0.7283781617879868,0.7332974895834923,0.7339527159929276,0.7143996804952621,0.6966387405991554,0.6885991990566254,0.6928697302937508,0.6896447613835335,0.6920537427067757,0.704063281416893,0.7137886211276054,0.7341375201940536,0.7443403974175453,0.7506048530340195,0.7581609562039375,0.7644505724310875,0.7657220587134361,0.767070896923542,0.7670591729027885,0.2431103065609932,0.2416498363018036,0.23565699346363544,0.24199216812849045,0.24208106100559235,0.24552665278315544,0.25471000745892525,0.24461821280419827,0.25595127046108246,0.2485573124140501,0.2599029764533043,0.240768538787961,0.23356487415730953,0.24751943163573742,0.22589113749563694,0.25332648679614067,0.25568714551627636,0.25515960343182087,0.25514553114771843,0.2621234320104122,0.2558809965848923,0.2537692226469517,0.25597989931702614,0.24915901385247707,0.25489480420947075,0.24934614822268486,0.25077665224671364,0.2513040713965893,0.2506939098238945,0.2558471728116274,0.24600216187536716,0.24157289415597916,0.24867895804345608,0.25139608047902584,0.25480883568525314,0.25905679538846016,0.2563040629029274,0.2572291512042284,0.25002659671008587,0.25462072528898716,0.2468755692243576,0.2431059665977955,0.24131975509226322,0.2423286084085703,0.24250229634344578,0.2531064935028553,0.2514015641063452,0.24712397583893367,0.10746072605252266,0.11270675901323557,0.11220213305205107,0.11697583459317684,0.11754782404750586,0.11791455745697021,0.11806927155703306,0.11883177142590284,0.11361543741077185,0.11148010101169348,0.12089900579303503,0.13379765674471855,0.12693796679377556,0.12768110819160938,0.12255398742854595,0.11925295274704695,0.1266871877014637,0.12625796161592007,0.12627318128943443,0.12609689123928547,0.12668779864907265,0.12706667371094227,0.12902518082410097,0.13012566417455673,0.12310124188661575,0.12059543188661337,0.11806339211761951,0.11984274070709944,0.1175600728020072,0.11857340671122074,0.11790672782808542,0.1216329000890255,0.12788471020758152,0.13022629544138908,0.13743011094629765,0.13953124918043613,0.13966929726302624,0.13567644730210304,0.12938138283789158,0.1285587064921856,0.12557027209550142,0.12190637271851301,0.11927506886422634,0.11806548293679953,0.1144805857911706,0.11260419059544802,0.11457545310258865,0.113954524908747
SGF_W,1,14,0.07266312837600708,0.07098066806793213,4.329681873321533,5.6643452644348145,170.86452984809875,2669.758278876543,64,1920,0,0,0,0,0.6723003461956978,0.6690614148974419,0.6648285761475563,0.6720322370529175,0.6620285734534264,0.6593050807714462,0.6702456623315811,0.6565930470824242,0.6649356558918953,0.6660168394446373,0.6637720987200737,0.6678717508912086,0.6656962782144547,0.6636426970362663,0.6640649735927582,0.6693151742219925,0.6723118424415588,0.66737200319767,0.6734089031815529,0.666626051068306,0.6675365418195724,0.6713168770074844,0.6699347048997879,0.6716311722993851,0.6763955056667328,0.6726295650005341,0.6741378009319305,0.6773435398936272,0.6826076954603195,0.6803724691271782,0.681490458548069,0.6717483699321747,0.6724483817815781,0.675322026014328,0.671362854540348,0.6757694631814957,0.6775836497545242,0.6824183464050293,0.6826328337192535,0.6813208162784576,0.6736385747790337,0.6806180104613304,0.6769151464104652,0.6766194477677345,0.6825060248374939,0.6847505643963814,0.6855734586715698,0.6836902499198914,0.27787546440958977,0.26605577394366264,0.26092495396733284,0.26077763363718987,0.2708054929971695,0.2816081754863262,0.27527816221117973,0.27277134731411934,0.26930975914001465,0.2735251598060131,0.27365316450595856,0.2741467021405697,0.27681227773427963,0.27781009301543236,0.26908809691667557,0.2790622003376484,0.27619569003582,0.27103761211037636,0.27014272287487984,0.2742598131299019,0.2634737230837345,0.26580648869276047,0.2771490253508091,0.27803444489836693,0.2738269567489624,0.2719617113471031,0.26845255494117737,0.2813728004693985,0.27380719408392906,0.2761791795492172,0.27463164925575256,0.27619754523038864,0.2782718911767006,0.2799478508532047,0.2722551226615906,0.2732035182416439,0.2719768397510052,0.271364688873291,0.26723336055874825,0.26072360947728157,0.2636062055826187,0.27250732108950615,0.275008674710989,0.27261411026120186,0.2717733830213547,0.27376751601696014,0.269101582467556,0.273948073387146,0.13177078403532505,0.14576252177357674,0.15035069175064564,0.15041238442063332,0.1459418535232544,0.14365500397980213,0.14298725686967373,0.1520553007721901,0.1493053138256073,0.14467409998178482,0.14832692965865135,0.14261760748922825,0.14194954559206963,0.14540346525609493,0.1434218417853117,0.14788594841957092,0.14499611593782902,0.14830604009330273,0.14609956368803978,0.14619859494268894,0.1472453437745571,0.14532135799527168,0.14416411519050598,0.1476146001368761,0.1406651083379984,0.14608133397996426,0.14609870687127113,0.14033732376992702,0.14226447232067585,0.14365670830011368,0.1387999914586544,0.1442095786333084,0.1449095904827118,0.14110443368554115,0.14915860816836357,0.14446590654551983,0.14054346829652786,0.14030572399497032,0.14349977858364582,0.13828797079622746,0.14347627386450768,0.1442683693021536,0.1423716489225626,0.1409846544265747,0.13621444255113602,0.1342253852635622,0.14041685685515404,0.14123078967843736
SGF_W,0,15,0.10228538513183594,0.09965246915817261,12.211331367492676,14.018391609191895,171.8825511932373,2685.664862394333,64,1920,0,0,0,0,0.6560368537902832,0.6667673289775848,0.6803987324237823,0.6772651672363281,0.6797554269433022,0.6695722863078117,0.6799340695142746,0.6765237897634506,0.6921549290418625,0.6822736486792564,0.6772363930940628,0.6827548295259476,0.6867002248764038,0.6899172961711884,0.6916350871324539,0.6803133711218834,0.6813337206840515,0.6752376556396484,0.6755420863628387,0.6767735853791237,0.6864393875002861,0.6826840415596962,0.68275236338377,0.6741745471954346,0.6678760349750519,0.6606398373842239,0.6606094613671303,0.6588815078139305,0.6582745909690857,0.6720523461699486,0.659793071448803,0.6643947586417198,0.6731769368052483,0.6782516315579414,0.6726013496518135,0.6670756042003632,0.6733428910374641,0.6628625467419624,0.6707649827003479,0.6773645281791687,0.6827109381556511,0.6670055985450745,0.6614384725689888,0.655035026371479,0.6621010825037956,0.63638636469841,0.6431063339114189,0.6577156186103821,0.47791990265250206,0.491825208067894,0.4762420170009136,0.4757807105779648,0.4733455255627632,0.4821966215968132,0.4944934584200382,0.5014956332743168,0.48656338080763817,0.48367615789175034,0.48430876806378365,0.4923403598368168,0.4911675602197647,0.48574334010481834,0.480671189725399,0.5061309859156609,0.4849923849105835,0.4828372374176979,0.4873683378100395,0.49240894243121147,0.4869416579604149,0.49704673886299133,0.5064886212348938,0.5095141604542732,0.5034295096993446,0.5007948502898216,0.49552473425865173,0.49100539088249207,0.4875044636428356,0.4983004406094551,0.5055350735783577,0.4913049079477787,0.4835841581225395,0.4859126918017864,0.49778128415346146,0.4996885918080807,0.49280139431357384,0.49095945432782173,0.48746752366423607,0.4871761351823807,0.49030278250575066,0.49716755375266075,0.4971816651523113,0.4963296763598919,0.478801716119051,0.4989978224039078,0.4922366477549076,0.4873306282929012,0.0697565097361803,0.07523436937481165,0.08275349903851748,0.08407843671739101,0.08078709710389376,0.07660213764756918,0.08029257599264383,0.08163157198578119,0.08224315941333771,0.0814442215487361,0.0771336741745472,0.07500887475907803,0.07263514958322048,0.07092889584600925,0.07253708224743605,0.07442701607942581,0.07410164829343557,0.07494947034865618,0.07721342612057924,0.07654068619012833,0.07626780401915312,0.07624448742717505,0.07641488406807184,0.07528388034552336,0.0753675326704979,0.07760226633399725,0.07643386162817478,0.07683789730072021,0.07525641098618507,0.07529975567013025,0.07859687972813845,0.0768931396305561,0.08004998695105314,0.08200667332857847,0.07970128767192364,0.08211755566298962,0.07968453783541918,0.08347503934055567,0.07994701061397791,0.07516852207481861,0.0780522646382451,0.08093050122261047,0.08072943147271872,0.08161484636366367,0.08620554767549038,0.08948479685932398,0.08574419654905796,0.08215420373848506
SGF_W,1,15,0.0956343412399292,0.1012679934501648,13.939713478088379,14.424294471740723,172.25289368629456,2691.4514638483524,64,1920,0,0,0,0,0.7453050687909126,0.7622532472014427,0.7741309627890587,0.7743613198399544,0.7738006263971329,0.7634463757276535,0.7544379830360413,0.7572101056575775,0.7530340850353241,0.7598572671413422,0.7606322765350342,0.7575517520308495,0.7493562921881676,0.7426065132021904,0.7496595308184624,0.7555180191993713,0.7621966302394867,0.751060277223587,0.7567114904522896,0.7669878453016281,0.7620142698287964,0.7541571632027626,0.7488903626799583,0.7554017454385757,0.7641036584973335,0.7759251222014427,0.7793587669730186,0.7724741920828819,0.7682360112667084,0.7631935104727745,0.760038785636425,0.7586232274770737,0.7643310651183128,0.7652597352862358,0.7603582814335823,0.749961644411087,0.751234769821167,0.7547016218304634,0.7557224631309509,0.7609836459159851,0.763297975063324,0.7661280259490013,0.7675073072314262,0.7725369408726692,0.7723071053624153,0.7633657604455948,0.7518049851059914,0.7453972526959011,0.3875708393752575,0.3763851709663868,0.38185833767056465,0.3860696665942669,0.38600077852606773,0.4005267657339573,0.4024827666580677,0.3975974917411804,0.39910534024238586,0.39786631613969803,0.393811147660017,0.39290468767285347,0.39240122586488724,0.39407380297780037,0.3953689932823181,0.39118700847029686,0.3925502449274063,0.3991776593029499,0.40447740629315376,0.3982955999672413,0.40194906666874886,0.39848340675234795,0.400501549243927,0.3962346985936165,0.39816321060061455,0.3982042521238327,0.39350349456071854,0.3996148928999901,0.3971383459866047,0.3967963308095932,0.396425012499094,0.3968173675239086,0.3983208239078522,0.39767178893089294,0.3965703882277012,0.402927428483963,0.4032621793448925,0.39732545614242554,0.4024016670882702,0.40049274638295174,0.39697710424661636,0.4007098786532879,0.40036921575665474,0.3928825296461582,0.39228035882115364,0.3995036631822586,0.4085291661322117,0.4093440089906965,0.09707861673086882,0.11362657323479652,0.12225540541112423,0.12805888894945383,0.13422179594635963,0.1310439556837082,0.1301845833659172,0.12894553411751986,0.13201170414686203,0.12679634150117636,0.12244033999741077,0.1263613235205412,0.12242794781923294,0.12696251645684242,0.12575814314186573,0.12343994900584221,0.12082409672439098,0.11930790450423956,0.12083349283784628,0.12282977625727654,0.11427022982388735,0.11675541009753942,0.1187104843556881,0.12022842094302177,0.12300191819667816,0.12170874513685703,0.12290951982140541,0.12684504315257072,0.1266322284936905,0.12124586291611195,0.12236789055168629,0.12230348773300648,0.11712662875652313,0.11840254254639149,0.12457079719752073,0.12855872884392738,0.12839789129793644,0.12261576019227505,0.11901052482426167,0.12019877973943949,0.11930087488144636,0.11900995671749115,0.12150884978473186,0.12355578038841486,0.12268082331866026,0.12373134214431047,0.12600712478160858,0.12363220538411822
SGF_W,0,16,0.10572314262390137,0.10104793310165405,14.9561185836792,14.142071723937988,171.98343086242676,2687.241107225418,64,1920,0,0,0,0,0.5765963569283485,0.6040622666478157,0.6133777350187302,0.614587739109993,0.6053551062941551,0.5785737335681915,0.5817212909460068,0.5785220041871071,0.5874601453542709,0.5949191004037857,0.607695922255516,0.6040139868855476,0.5972155258059502,0.5786192119121552,0.5848620608448982,0.6018635407090187,0.5897095203399658,0.601135641336441,0.6030765920877457,0.589122548699379,0.5728980451822281,0.5827008634805679,0.5717549920082092,0.5796167477965355,0.5941030383110046,0.5934858843684196,0.5874588787555695,0.5768563523888588,0.588953785598278,0.5737831890583038,0.5723564773797989,0.5685629993677139,0.5759814083576202,0.5749953910708427,0.56829384714365,0.5739181190729141,0.5836908221244812,0.5792476981878281,0.5831181704998016,0.5921550914645195,0.5910977497696877,0.5784699022769928,0.5924557819962502,0.579216368496418,0.5870445221662521,0.5798272341489792,0.5675717666745186,0.5759597335542951,0.36028269305825233,0.34968285635113716,0.30527880042791367,0.2576260585337877,0.3180970102548599,0.35449032858014107,0.327431995421648,0.2992303594946861,0.3286317065358162,0.33710839226841927,0.30269240215420723,0.33211879432201385,0.32597489282488823,0.3465344049036503,0.33612897619605064,0.30331554263830185,0.3161495514214039,0.3061845079064369,0.30095701664686203,0.34682655334472656,0.3518134653568268,0.3419097997248173,0.3564790189266205,0.3651219941675663,0.2924286276102066,0.3204549252986908,0.31924206018447876,0.3449760749936104,0.369540024548769,0.369664091616869,0.35590069741010666,0.3665771633386612,0.32976920530200005,0.34210534393787384,0.3657076135277748,0.3090670257806778,0.32345377281308174,0.3466683439910412,0.3665996864438057,0.3555903397500515,0.32625865191221237,0.30363937094807625,0.32657023146748543,0.36625777930021286,0.3271312341094017,0.3459862507879734,0.37691618502140045,0.3510031614984785,0.14354117028415203,0.13945678249001503,0.1385107059031725,0.13424251973628998,0.14174214750528336,0.13802991062402725,0.13261847011744976,0.13396012783050537,0.1319310124963522,0.13558299466967583,0.13423486799001694,0.1519435215741396,0.15235593169927597,0.15161551535129547,0.12806541472673416,0.11970442906022072,0.12392458505928516,0.12619396671652794,0.12929771095514297,0.1376917902380228,0.13559080474078655,0.1279698871076107,0.13601766526699066,0.13382037729024887,0.1272832155227661,0.13839958794414997,0.12910832930356264,0.12942800670862198,0.12839488591998816,0.12800222635269165,0.13084526546299458,0.13107262458652258,0.11760495509952307,0.12472984753549099,0.12495585065335035,0.12694669701159,0.13222308829426765,0.13197390735149384,0.12092130910605192,0.13035747595131397,0.12914883717894554,0.12282552383840084,0.1330034751445055,0.1380413118749857,0.13581427745521069,0.1405845694243908,0.13819572515785694,0.1324851427759443
SGF_W,1,16,0.10472869873046875,0.10930734872817993,16.568571090698242,17.3791446685791,171.64561009407043,2681.9626577198505,64,1920,0,0,0,0,0.6147341951727867,0.6332350969314575,0.6398554444313049,0.6603816747665405,0.644430622458458,0.6410871595144272,0.6492609605193138,0.6487893685698509,0.6421582400798798,0.6438661068677902,0.6360953971743584,0.6473157033324242,0.6455406695604324,0.6452611312270164,0.6446848586201668,0.6523156985640526,0.6411602646112442,0.6468944102525711,0.6483874246478081,0.6613244563341141,0.6546546965837479,0.6412012726068497,0.6411765515804291,0.628703311085701,0.6324943602085114,0.6318488344550133,0.6331503987312317,0.6382467150688171,0.6362425610423088,0.6294357478618622,0.6270307525992393,0.639578565955162,0.6549986228346825,0.6520933359861374,0.6283817514777184,0.6263342723250389,0.6248314902186394,0.6353600472211838,0.6456732451915741,0.6427762359380722,0.638480082154274,0.6489308550953865,0.6503994837403297,0.642545148730278,0.6461455300450325,0.6471891403198242,0.6426748707890511,0.6327097415924072,0.32650403305888176,0.3376301899552345,0.3440110608935356,0.32616695761680603,0.34763452410697937,0.3606366291642189,0.3334960788488388,0.34801336750388145,0.3637765757739544,0.35041360929608345,0.3676835000514984,0.34600573033094406,0.3582724891602993,0.34623224660754204,0.3508220203220844,0.35276468843221664,0.3414020948112011,0.3338179551064968,0.34087491407990456,0.3349044919013977,0.34184807911515236,0.35631250217556953,0.34993981942534447,0.3638927787542343,0.3591994196176529,0.3609791100025177,0.3625873103737831,0.36717405170202255,0.3713315576314926,0.38176778703927994,0.38798073679208755,0.3710687607526779,0.35404570028185844,0.34213241189718246,0.3519306629896164,0.3707008771598339,0.37683985009789467,0.34386971592903137,0.35523171722888947,0.3585912510752678,0.363521259278059,0.3476133495569229,0.3497018590569496,0.3583141304552555,0.350489716976881,0.35704008117318153,0.3594542630016804,0.37400107298578533,0.09978313744068146,0.09340327698737383,0.10164897982031107,0.1013567028567195,0.10532203875482082,0.10879305191338062,0.10620371531695127,0.10886170156300068,0.1130364304408431,0.10785481426864862,0.11272988561540842,0.1071952199563384,0.11396882962435484,0.11422816663980484,0.10621792357414961,0.11047491617500782,0.1109437644481659,0.10548470541834831,0.10883908253163099,0.10400720871984959,0.09589258395135403,0.09412040747702122,0.09977993089705706,0.10375027265399694,0.10143037885427475,0.10124432947486639,0.10165191162377596,0.10069549921900034,0.1016837889328599,0.10068310238420963,0.09844542667269707,0.09978380799293518,0.10306969005614519,0.103705576620996,0.10363881383091211,0.10394817590713501,0.10985562857240438,0.10382332373410463,0.11146826297044754,0.1055087735876441,0.10163504630327225,0.10393285192549229,0.10659908223897219,0.11188192665576935,0.10404888447374105,0.10628025606274605,0.10400830022990704,0.10677127646548408
SGF_W,0,17,0.215198814868927,0.23539024591445923,12.915556907653809,12.163625717163086,171.71859073638916,2683.1029802560806,64,1920,0,0,0,0,0.6225212141871452,0.625707320868969,0.6259902566671371,0.6211130023002625,0.6207565665245056,0.6034507378935814,0.613817423582077,0.6186327114701271,0.6291415840387344,0.6482337340712547,0.6579365506768227,0.6527510359883308,0.6540181040763855,0.6580040231347084,0.6561862006783485,0.6549810841679573,0.6570785641670227,0.6532382145524025,0.6510937586426735,0.6460263952612877,0.6514756307005882,0.6553996875882149,0.6539686545729637,0.6403965055942535,0.6280687674880028,0.6325503438711166,0.634440116584301,0.6373583674430847,0.6293756142258644,0.6331874802708626,0.6345544382929802,0.6398468241095543,0.6445115357637405,0.6572330668568611,0.664377324283123,0.6658669710159302,0.6629315242171288,0.6639010086655617,0.6648180857300758,0.6635757386684418,0.6584020853042603,0.6535976827144623,0.6548863425850868,0.655454970896244,0.6507812589406967,0.6413529962301254,0.6434575691819191,0.6530154943466187,0.4130195416510105,0.44698411226272583,0.4656546600162983,0.4507167525589466,0.43449941650032997,0.4424656555056572,0.43599047884345055,0.42783408239483833,0.4259931854903698,0.4172980785369873,0.4223647601902485,0.40823936462402344,0.41458991914987564,0.40892115235328674,0.4136960916221142,0.41263827309012413,0.4245891347527504,0.43437691777944565,0.41850288212299347,0.42090290412306786,0.4128728583455086,0.41462987288832664,0.4272076226770878,0.4231630861759186,0.4242309257388115,0.41589516401290894,0.40395017713308334,0.4023837149143219,0.4120820537209511,0.41616884618997574,0.42312587797641754,0.42305413633584976,0.4301878549158573,0.42931314185261726,0.4244394712150097,0.41406775638461113,0.42256712540984154,0.42441660165786743,0.417633343487978,0.4167773611843586,0.4204278700053692,0.4274286851286888,0.44131479412317276,0.4440278559923172,0.45093802362680435,0.4436443895101547,0.4339970648288727,0.4324971778052194,0.10315030999481678,0.11019913014024496,0.11639028135687113,0.12231164518743753,0.1236982885748148,0.12583159562200308,0.1241737874224782,0.12184431683272123,0.11981652583926916,0.11788081470876932,0.11875609867274761,0.1169789507985115,0.11735767219215631,0.1207918580621481,0.11952225957065821,0.11958462186157703,0.11492529883980751,0.11640175804495811,0.11888005957007408,0.11929586995393038,0.11990305781364441,0.1207238482311368,0.12396050710231066,0.1264587501063943,0.12682519108057022,0.12619709596037865,0.1245455825701356,0.12212576158344746,0.11936803534626961,0.11879981867969036,0.12040732335299253,0.11949463561177254,0.12039727531373501,0.11612680181860924,0.11609298828989267,0.11326935980468988,0.11335280071943998,0.11314825899899006,0.11498268973082304,0.11594290193170309,0.11370885279029608,0.11623286455869675,0.12101132608950138,0.120500641874969,0.11910453718155622,0.11918526515364647,0.11712758149951696,0.11716615621532712
SGF_W,1,17,0.28256094455718994,0.27082210779190063,9.13653564453125,9.286602973937988,171.23086786270142,2675.4823103547096,64,1920,0,0,0,0,0.5345857366919518,0.5392860993742943,0.5366721972823143,0.533690981566906,0.5178151726722717,0.5294494330883026,0.5281559228897095,0.5249291211366653,0.5281960442662239,0.5303227379918098,0.5353176221251488,0.5343954190611839,0.5484327748417854,0.5358285382390022,0.5358666703104973,0.545915924012661,0.5388937294483185,0.5418949201703072,0.5357968211174011,0.523434467613697,0.52524434030056,0.5283961743116379,0.5355153381824493,0.5350746214389801,0.5322602316737175,0.5287253856658936,0.5282111093401909,0.5409832522273064,0.5326841920614243,0.5319604724645615,0.5309372469782829,0.5292862355709076,0.519013300538063,0.5258224010467529,0.5270653292536736,0.5314108431339264,0.5265829712152481,0.5233337134122849,0.5202394053339958,0.5404561385512352,0.5375917702913284,0.5176854319870472,0.5196447595953941,0.5229733064770699,0.5217229649424553,0.5354527682065964,0.5365766510367393,0.5301540323666164,0.363646674901247,0.38567253202199936,0.36538155749440193,0.3406900390982628,0.35503438860177994,0.37659601867198944,0.3763632960617542,0.374687310308218,0.37503740563988686,0.36848731338977814,0.3738706409931183,0.3639209195971489,0.37555863708257675,0.3780261166393757,0.36992017179727554,0.3740617074072361,0.3573998585343361,0.3459575027227402,0.3530424125492573,0.3742927387356758,0.38714970275759697,0.37408407032489777,0.35910195112228394,0.36694707721471786,0.37977784499526024,0.376131322234869,0.37126097828149796,0.353433545678854,0.3753676302731037,0.36884887889027596,0.3753584213554859,0.3811061978340149,0.3812139369547367,0.37785082310438156,0.37520918995141983,0.3669241666793823,0.3571138121187687,0.35561591759324074,0.36559899151325226,0.364593505859375,0.3525515981018543,0.3604331240057945,0.37298671528697014,0.35581471771001816,0.35296935588121414,0.3574826866388321,0.3661467730998993,0.37309877787317547,0.10585418157279491,0.10944119561463594,0.11486943531781435,0.11813521198928356,0.12128414772450924,0.12602319195866585,0.12060425151139498,0.1189748402684927,0.1233565928414464,0.11807577405124903,0.11541344597935677,0.11682697851210833,0.11855532601475716,0.11685394030064344,0.11200085747987032,0.11769701726734638,0.11802628822624683,0.11667871568351984,0.11566791404038668,0.11205150932073593,0.11187345907092094,0.1142439553514123,0.11764986161142588,0.11103302054107189,0.11249435041099787,0.115911397151649,0.11856839992105961,0.11807970702648163,0.1163777094334364,0.11451270151883364,0.11730113718658686,0.11571585852652788,0.1128084259107709,0.11516017839312553,0.11725680716335773,0.1196179436519742,0.11446603946387768,0.11706743855029345,0.11974663473665714,0.1197899840772152,0.11867759749293327,0.12115826178342104,0.11723885126411915,0.11307406984269619,0.1104158153757453,0.11402009706944227,0.1133601600304246,0.1117756717971393
SGF_W,0,18,0.3106027841567993,0.2718324065208435,6.986607074737549,8.327024459838867,172.11429595947266,2689.2858743667603,64,1920,0,0,0,0,0.550711490213871,0.5410325080156326,0.5294994488358498,0.514193095266819,0.5039108395576477,0.5053939297795296,0.5059385374188423,0.5003039576113224,0.5032230131328106,0.5098134428262711,0.5167850032448769,0.5198964700102806,0.5164767727255821,0.514930784702301,0.5124224275350571,0.5103316605091095,0.5136633068323135,0.5130205675959587,0.5107211545109749,0.5148557424545288,0.5207030773162842,0.5215635150671005,0.5119719505310059,0.4989834688603878,0.49451812729239464,0.5029936283826828,0.5078902915120125,0.5099274218082428,0.5020484440028667,0.49151964113116264,0.49404487386345863,0.49646762758493423,0.5078343451023102,0.5064681321382523,0.5016732141375542,0.5087592378258705,0.5058803334832191,0.5134090855717659,0.5059733912348747,0.4931384138762951,0.47908488661050797,0.4710892513394356,0.4792804978787899,0.4857865981757641,0.48699357733130455,0.4814724698662758,0.48468925431370735,0.48030040093830656,0.37320680543780327,0.37102365121245384,0.3708929978311062,0.3752854913473129,0.3759552016854286,0.3718458004295826,0.36933764815330505,0.3698371388018131,0.3674212284386158,0.3736608177423477,0.3724215440452099,0.3693578466773033,0.3714551664888859,0.373540535569191,0.3779924660921097,0.37883856892585754,0.37232568860054016,0.36946776881814003,0.3717377483844757,0.3759194649755955,0.37512117996811867,0.3738635964691639,0.37238357961177826,0.37189405784010887,0.36916132643818855,0.3694794848561287,0.3654026985168457,0.3574564680457115,0.3565916642546654,0.3600234165787697,0.3623502068221569,0.3623567782342434,0.3643796518445015,0.3670062944293022,0.37086496502161026,0.36779069155454636,0.3623446635901928,0.3569504879415035,0.3618280813097954,0.3640430308878422,0.3627876937389374,0.36620182171463966,0.3678690604865551,0.3660687059164047,0.3654129095375538,0.370286475867033,0.3757530339062214,0.38062572479248047,0.13896426931023598,0.13917660526931286,0.13885802775621414,0.14176522009074688,0.142530744895339,0.13613194786012173,0.13279405236244202,0.131335886195302,0.12902633287012577,0.12895632721483707,0.13164080679416656,0.13221947103738785,0.13215245492756367,0.13011527620255947,0.12966886162757874,0.13316567800939083,0.1318107582628727,0.13054532557725906,0.12885821796953678,0.12929722480475903,0.131207762286067,0.129006652161479,0.12917084619402885,0.13069602474570274,0.1287944596260786,0.13095040246844292,0.12870500795543194,0.12871617823839188,0.12923277355730534,0.12974252738058567,0.13275491818785667,0.1328673679381609,0.13426451198756695,0.1335620991885662,0.13884344324469566,0.13765441440045834,0.12947152741253376,0.13301116600632668,0.1386264394968748,0.13876918889582157,0.13414430804550648,0.13239030353724957,0.13344069011509418,0.1339145228266716,0.13478952273726463,0.1389833763241768,0.14114332012832165,0.14319910960538046
SGF_W,1,18,0.34810900688171387,0.34525519609451294,7.740346908569336,8.099446296691895,172.05960488319397,2688.431326299906,64,1920,0,0,0,0,0.5147444903850555,0.5034734755754471,0.4942513108253479,0.496390700340271,0.49934452772140503,0.49956029281020164,0.4983810484409332,0.5007185861468315,0.5045696124434471,0.49078521877527237,0.486020315438509,0.49108951166272163,0.49405864998698235,0.4939986281096935,0.4964902997016907,0.5007034838199615,0.50384122133255,0.5026080012321472,0.4954795651137829,0.4853593520820141,0.4956851750612259,0.4986545629799366,0.5045153573155403,0.5066434293985367,0.5039037540555,0.5009434036910534,0.510118380188942,0.5114592909812927,0.511086992919445,0.5093844681978226,0.5108688101172447,0.5031845718622208,0.5060224756598473,0.511928103864193,0.5148279517889023,0.5162310376763344,0.5118801444768906,0.5105140507221222,0.5074119493365288,0.5087438002228737,0.5095120593905449,0.5125294625759125,0.5128267705440521,0.5153596475720406,0.51085264980793,0.5043723657727242,0.50122906640172,0.5138226406914848,0.44161688536405563,0.45312435179948807,0.46059564128518105,0.4608190357685089,0.46595901623368263,0.4715586416423321,0.47878972813487053,0.4810495413839817,0.4804762415587902,0.48570380359888077,0.48579681664705276,0.4827962964773178,0.48165156319737434,0.48275473713874817,0.47889819741249084,0.47515006735920906,0.4715617559850216,0.46980491653084755,0.47555260732769966,0.4842644929885864,0.47220709174871445,0.4693529047071934,0.4654476270079613,0.46475689113140106,0.4659619927406311,0.4636193625628948,0.4624999687075615,0.46827274933457375,0.46902943029999733,0.4691832885146141,0.46380557119846344,0.4697064869105816,0.4672454856336117,0.46218341588974,0.46340690180659294,0.4654121473431587,0.46991315856575966,0.46731964871287346,0.4676624499261379,0.4648541435599327,0.46510789170861244,0.46260136738419533,0.4652377478778362,0.4640422686934471,0.46728822588920593,0.47283218801021576,0.4772152006626129,0.4688968232699803,0.1504896879196167,0.16032670438289642,0.1653275303542614,0.1689254716038704,0.16944555565714836,0.16807005181908607,0.1639542281627655,0.16258477978408337,0.16132623329758644,0.16355018690228462,0.1591148916631937,0.16216392070055008,0.1623566597700119,0.16405318677425385,0.16380577348172665,0.16422183625400066,0.16190322302281857,0.1652107760310173,0.16519923694431782,0.16748036444187164,0.16825062222778797,0.168301647529006,0.1719171740114689,0.17429400980472565,0.16959338448941708,0.16926727071404457,0.16989131644368172,0.1687920093536377,0.17033573053777218,0.16948639787733555,0.16940183378756046,0.1689773965626955,0.16280245780944824,0.16081282682716846,0.1641651801764965,0.1674633603543043,0.16892094537615776,0.1695605982095003,0.1701638251543045,0.17264549806714058,0.17648744210600853,0.1785717848688364,0.17865369096398354,0.17688292264938354,0.17808686941862106,0.1788343507796526,0.17426477558910847,0.17293024914605276
SGF_W,0,19,0.23026657104492188,0.20233094692230225,5.353005886077881,5.814778804779053,173.58284878730774,2712.2320123016834,64,1920,0,0,0,0,0.7302798703312874,0.7379644811153412,0.736848957836628,0.746223583817482,0.7495199516415596,0.7504348084330559,0.7555505260825157,0.7523876875638962,0.7563661709427834,0.7571400329470634,0.7593505680561066,0.7588327899575233,0.7577004283666611,0.7591766268014908,0.7561941295862198,0.7604301050305367,0.7612756490707397,0.7582988068461418,0.7561471611261368,0.7535141333937645,0.7525008320808411,0.7590415701270103,0.7575817927718163,0.7586046680808067,0.7595424428582191,0.7626983746886253,0.7573726996779442,0.7567188814282417,0.7533199340105057,0.7546407282352448,0.7466975077986717,0.7475281730294228,0.7499083429574966,0.7570328637957573,0.7497601807117462,0.7576237767934799,0.7544507831335068,0.7542498782277107,0.7509186491370201,0.7558925151824951,0.7535547018051147,0.7516884878277779,0.7584027722477913,0.7514036446809769,0.7570028156042099,0.7550969943404198,0.7591050565242767,0.7596357890537807,0.42680777609348297,0.43584319576621056,0.4410456568002701,0.4319675415754318,0.4266032576560974,0.4223283901810646,0.4228566326200962,0.42209000512957573,0.4277929998934269,0.4255722239613533,0.42849285900592804,0.42812636494636536,0.43381723389029503,0.43378664180636406,0.43246252462267876,0.4279285781085491,0.42907266318798065,0.42821383848786354,0.43365664780139923,0.4304617792367935,0.42801065742969513,0.4289602115750313,0.4308624006807804,0.42735613137483597,0.4302731491625309,0.43144815787672997,0.42908091470599174,0.43066587299108505,0.4313494861125946,0.42408203333616257,0.4339805394411087,0.43461476266384125,0.434686616063118,0.4270230457186699,0.43262093514204025,0.42521124705672264,0.43202953040599823,0.4297288954257965,0.43436335399746895,0.4312695115804672,0.4280637912452221,0.4328412525355816,0.4321283735334873,0.4330808147788048,0.43390072137117386,0.43048829212784767,0.4282798133790493,0.4295972159930638,0.10964861419051886,0.10996704734861851,0.11173927132040262,0.11305203102529049,0.11128598172217607,0.11162302456796169,0.11185550224035978,0.11046355403959751,0.11094839964061975,0.10811551287770271,0.11086257640272379,0.10915167536586523,0.10922031011432409,0.10743427742272615,0.1084169214591384,0.10896082688122988,0.11044769175350666,0.1098282802850008,0.11324137821793556,0.11289959959685802,0.11265634186565876,0.11295744590461254,0.11267233826220036,0.1122759273275733,0.11120761279016733,0.11201838124543428,0.1105821430683136,0.11191460210829973,0.11268258467316628,0.1132531501352787,0.11415911465883255,0.11352695804089308,0.11406387481838465,0.11172747984528542,0.11083094775676727,0.1128343166783452,0.11242625676095486,0.11173948459327221,0.1125987097620964,0.11266875453293324,0.11253075674176216,0.11259989161044359,0.1136816656216979,0.11373451165854931,0.1134836869314313,0.11236629355698824,0.11163692362606525,0.11211101497922625
SGF_W,1,19,0.20298928022384644,0.21131283044815063,6.337635040283203,6.373710632324219,172.2011845111847,2690.643507987261,64,1920,0,0,0,0,0.6619699969887733,0.6790614873170853,0.6868905872106552,0.6936426982283592,0.6915747076272964,0.6913967430591583,0.6863202676177025,0.6843568086624146,0.6839854717254639,0.6823836117982864,0.6903305128216743,0.6881543770432472,0.6836476400494576,0.679969072341919,0.6843785792589188,0.6868081539869308,0.6817509680986404,0.6812850311398506,0.6841286271810532,0.6793023273348808,0.6819181069731712,0.6834806352853775,0.6864378079771996,0.6833565384149551,0.6922477260231972,0.6837632805109024,0.6789486408233643,0.6861970722675323,0.6897988244891167,0.6913334280252457,0.6796590015292168,0.6767925396561623,0.6761966198682785,0.6862039640545845,0.6894419640302658,0.68439120054245,0.683627188205719,0.6841230541467667,0.685846820473671,0.6855363771319389,0.6855591312050819,0.6886615753173828,0.6830091178417206,0.6791711449623108,0.6802343055605888,0.6825855299830437,0.6875432804226875,0.6855789933885846,0.39647798240184784,0.41262899711728096,0.41576334834098816,0.3995882570743561,0.41601013019680977,0.41006166115403175,0.4229423776268959,0.41112053021788597,0.41898447275161743,0.4210347719490528,0.40935711562633514,0.4075174294412136,0.4166393056511879,0.415319100022316,0.41611042991280556,0.4108768329024315,0.41809235513210297,0.42251795902848244,0.41932394728064537,0.4182228185236454,0.41866467520594597,0.4254593849182129,0.4161582700908184,0.41725539043545723,0.42385755851864815,0.4223332554101944,0.42329852283000946,0.4269375093281269,0.42412158101797104,0.41006146743893623,0.4171941690146923,0.4255296364426613,0.42564407363533974,0.4217415973544121,0.411336038261652,0.42507634311914444,0.41918639093637466,0.4067133031785488,0.41650760918855667,0.4237707480788231,0.42122427001595497,0.4201943539083004,0.414473757147789,0.4103310853242874,0.4101862274110317,0.41833389177918434,0.4122052602469921,0.41447414244924274,0.11976982560008764,0.12228727713227272,0.126200451515615,0.1254428131505847,0.12045582104474306,0.1253479365259409,0.12134567461907864,0.12443791050463915,0.12570789270102978,0.1207355260848999,0.12258624844253063,0.12180936709046364,0.11922215204685926,0.12030438520014286,0.1250432962551713,0.12576704006642103,0.12412503454834223,0.12149884831160307,0.12038718722760677,0.12218611314892769,0.12217102199792862,0.1186480363830924,0.11821946315467358,0.11608467902988195,0.11737479362636805,0.11714983079582453,0.11978553980588913,0.11985973082482815,0.11802218575030565,0.11881815269589424,0.12071833107620478,0.12012964580208063,0.12234380934387445,0.12099370267242193,0.12176034692674875,0.11687848158180714,0.11919585522264242,0.12331747263669968,0.12086478155106306,0.12148887012153864,0.1217346740886569,0.11576710641384125,0.11714986711740494,0.12208557035773993,0.12172101438045502,0.11940756347030401,0.12013076059520245,0.12218698752777916
SGF_NL,0,0,0.10992181301116943,0.07040625810623169,6.2285237312316895,10.968409538269043,169.3218057155609,2645.6532143056393,64,0,0,0,0,3840,0.49569227918982506,0.524876207113266,0.5375147238373756,0.548715628683567,0.5554520636796951,0.5550107434391975,0.5425078198313713,0.550876222550869,0.5507146492600441,0.5524866431951523,0.5461985170841217,0.5556902065873146,0.5576657876372337,0.5552698969841003,0.5590225383639336,0.5463046357035637,0.5514631643891335,0.5342487320303917,0.521940104663372,0.5154603719711304,0.52529027312994,0.5343804508447647,0.561883457005024,0.5627470090985298,0.5639920309185982,0.5533843114972115,0.565778024494648,0.5502740070223808,0.5632468238472939,0.5679054483771324,0.5617874935269356,0.5565726011991501,0.5547578111290932,0.5553237870335579,0.550636813044548,0.555651567876339,0.5554101020097733,0.5345141738653183,0.5390953198075294,0.5545564815402031,0.5654167905449867,0.5555680468678474,0.5533445551991463,0.5571530386805534,0.56425990909338,0.5726659595966339,0.581416167318821,0.5788525938987732,0.38759277015924454,0.38230886310338974,0.38911906257271767,0.3911961391568184,0.3858533762395382,0.3843659497797489,0.3874617926776409,0.3831186629831791,0.3899700418114662,0.3908558413386345,0.4039391204714775,0.4200609065592289,0.43904538825154305,0.4376096576452255,0.40916647017002106,0.41554708406329155,0.4127769395709038,0.403205931186676,0.38240019604563713,0.38621076196432114,0.3806072026491165,0.37898002937436104,0.38745270669460297,0.3885691873729229,0.37972046062350273,0.3766069896519184,0.37059361115098,0.35216646268963814,0.36413608118891716,0.3632383234798908,0.35720521211624146,0.36429255083203316,0.38676804676651955,0.36989501118659973,0.3633476346731186,0.35180462151765823,0.35136378556489944,0.3522994704544544,0.34764669090509415,0.3425847217440605,0.33576977252960205,0.347469050437212,0.35386997833848,0.3525436483323574,0.36489710956811905,0.35119491070508957,0.3419129513204098,0.3563133478164673,0.11411502305418253,0.11631670035421848,0.11739964131265879,0.11770753841847181,0.11442994326353073,0.1149016972631216,0.10695130471140146,0.107207540422678,0.10685502085834742,0.10300062503665686,0.10444416664540768,0.10810595378279686,0.11106207687407732,0.11458845902234316,0.11733586806803942,0.12261870689690113,0.12435803096741438,0.12373057752847672,0.12391159124672413,0.12361306976526976,0.12251339852809906,0.12387643940746784,0.11778949573636055,0.1149581577628851,0.1142866387963295,0.10938312206417322,0.10431273281574249,0.10324064362794161,0.10249977465718985,0.10018366295844316,0.10287733096629381,0.11087647825479507,0.11273083928972483,0.11314452067017555,0.10694074630737305,0.10483523365110159,0.10392502788454294,0.10499176103621721,0.10455387830734253,0.1045009521767497,0.09923454280942678,0.10200039111077785,0.10261610522866249,0.10018608998507261,0.10275282990187407,0.10360912140458822,0.1032713083550334,0.10523836208241326
SGF_NL,1,0,0.09665435552597046,0.038412392139434814,6.814976215362549,6.57617712020874,168.1663806438446,2627.599697560072,64,0,0,0,0,3840,0.5494608357548714,0.5611972808837891,0.5794646888971329,0.5817893892526627,0.5715752616524696,0.5530105158686638,0.5729882121086121,0.596375361084938,0.5867727771401405,0.5411079600453377,0.5273287370800972,0.5257498621940613,0.522766936570406,0.47634951025247574,0.48737911507487297,0.484817810356617,0.49390798434615135,0.4926551282405853,0.5146321430802345,0.5135335475206375,0.49114132300019264,0.47339459136128426,0.47574201971292496,0.4652276858687401,0.47612522915005684,0.49399563297629356,0.48363346606492996,0.47996513918042183,0.4588204622268677,0.4909227564930916,0.4668545797467232,0.484964057803154,0.5204131305217743,0.5023945569992065,0.47941504418849945,0.4557071328163147,0.46789317950606346,0.5067781209945679,0.5460364446043968,0.5717035457491875,0.5634871646761894,0.5465286672115326,0.5331462696194649,0.5498846471309662,0.5309220179915428,0.5226266533136368,0.5107912570238113,0.516513969217028,0.37926891446113586,0.3982064612209797,0.4060923755168915,0.42191869392991066,0.4373243935406208,0.43509257212281227,0.41765516996383667,0.39551711454987526,0.3923245929181576,0.4005129523575306,0.4030378945171833,0.4145233519375324,0.44894641265273094,0.46443141996860504,0.47062667086720467,0.45654917880892754,0.47015684843063354,0.47097019106149673,0.47521092742681503,0.4736274816095829,0.47300682961940765,0.47944658249616623,0.47780195623636246,0.47698457539081573,0.4722614474594593,0.4737265966832638,0.4812210574746132,0.4767357334494591,0.49573635682463646,0.4741089977324009,0.5023597329854965,0.49843643233180046,0.47980712726712227,0.48170866444706917,0.49168187752366066,0.5006501413881779,0.49263421818614006,0.4747447855770588,0.4559037797152996,0.44926901534199715,0.4499446451663971,0.4349268935620785,0.44203919544816017,0.44896918162703514,0.4642254412174225,0.4507063664495945,0.45902565866708755,0.447606018611363,0.09771648794412613,0.1024639755487442,0.1056631151586771,0.11272935476154089,0.1159444386139512,0.11449947766959667,0.1129575576633215,0.11281053815037012,0.11381606012582779,0.11460333969444036,0.11259125173091888,0.11100669391453266,0.10436892509460449,0.10544282756745815,0.10451733134686947,0.10958611592650414,0.11241932213306427,0.11041600815951824,0.11076822876930237,0.1125992676243186,0.11497285682708025,0.11737300828099251,0.11843501031398773,0.1152898482978344,0.11287849303334951,0.11197423841804266,0.11433455534279346,0.11699472367763519,0.11556578893214464,0.1106410389766097,0.10790042020380497,0.11017392482608557,0.11037244834005833,0.1107722045853734,0.11256591975688934,0.11545593105256557,0.11057246290147305,0.10846487898379564,0.10648618172854185,0.10827154852449894,0.11018567532300949,0.11386258248239756,0.11466118227690458,0.11729552038013935,0.11844799481332302,0.1188054857775569,0.1201179064810276,0.11202369630336761
SGF_NL,0,1,0.16287106275558472,-0.0031201839447021484,6.86965799331665,7.76052713394165,169.02241110801697,2640.975173562765,64,0,0,0,0,3840,0.4379846043884754,0.45990798994898796,0.4503091834485531,0.46029749512672424,0.47249702364206314,0.4558730646967888,0.46613550558686256,0.480669092386961,0.47430406883358955,0.460323516279459,0.4859163239598274,0.4895690120756626,0.47400470450520515,0.46639252454042435,0.46263739466667175,0.47254886850714684,0.45754675194621086,0.46425215527415276,0.4706876017153263,0.47149211540818214,0.477151345461607,0.4850171245634556,0.4824964515864849,0.4829179234802723,0.47929609194397926,0.4711729660630226,0.46814870461821556,0.4609670490026474,0.46515390276908875,0.4461027421057224,0.42593665048480034,0.4339611940085888,0.42608435824513435,0.4428279213607311,0.46976330131292343,0.4769314005970955,0.479373961687088,0.48001110181212425,0.4799671955406666,0.4821840263903141,0.4922184869647026,0.5046351030468941,0.49971814453601837,0.5108303464949131,0.5146873891353607,0.519424319267273,0.5169321447610855,0.5169557588441032,0.4210272282361984,0.3977026790380478,0.39876827970147133,0.3999050185084343,0.4108121991157532,0.4273974560201168,0.42594965174794197,0.42491110041737556,0.4280412793159485,0.4310351386666298,0.40449000149965286,0.4004179388284683,0.4008745737373829,0.40298110991716385,0.40252115204930305,0.39585987105965614,0.40759800747036934,0.3957044593989849,0.39349230006337166,0.393770556896925,0.4003658778965473,0.39953580871224403,0.40370918065309525,0.40971602872014046,0.412293940782547,0.41641126200556755,0.41992365941405296,0.42364606261253357,0.4210689999163151,0.43091272562742233,0.4430279769003391,0.43846679851412773,0.44461897015571594,0.43654948100447655,0.4188534580171108,0.41992301866412163,0.4153210148215294,0.4181820899248123,0.41495370492339134,0.4220632500946522,0.4049861431121826,0.4073079787194729,0.4063870348036289,0.4067258983850479,0.40424709394574165,0.40825380012393,0.41567519307136536,0.42247156160218374,0.12283219676464796,0.1256608022376895,0.13141879253089428,0.1337778326123953,0.1296403743326664,0.12719258479773998,0.1222363542765379,0.12110057845711708,0.11905584670603275,0.1153238844126463,0.1173807866871357,0.11915980838239193,0.11898656189441681,0.11324627045542002,0.11373687162995338,0.11704549472779036,0.11735306959599257,0.11360494326800108,0.11376234982162714,0.10991302318871021,0.11279558017849922,0.11399870086461306,0.11601928994059563,0.11080347839742899,0.11315654963254929,0.11980695463716984,0.1183513542637229,0.11801449954509735,0.12019514665007591,0.11242761090397835,0.11316576413810253,0.11857355013489723,0.11692135408520699,0.11849872767925262,0.12580534908920527,0.1202982421964407,0.12377602700144053,0.13229847140610218,0.13702483288943768,0.1275920895859599,0.12531468831002712,0.11802247073501348,0.12800872791558504,0.12548342440277338,0.1320105344057083,0.12869043089449406,0.1302895937114954,0.13169478944369725
SGF_NL,1,1,0.2325170636177063,0.1649913787841797,7.161985874176025,7.722629070281982,168.40574598312378,2631.339780986309,64,0,0,0,0,3840,0.40559718385338783,0.4453620910644531,0.4698404259979725,0.47592300549149513,0.4636756144464016,0.4664744958281517,0.45067543163895607,0.4999428056180477,0.5052130706608295,0.5013245120644569,0.518423318862915,0.5040400922298431,0.5001263096928596,0.49280428141355515,0.4794388860464096,0.4785767085850239,0.4632285088300705,0.4757615327835083,0.47957614809274673,0.4885382279753685,0.5043264292180538,0.4720393493771553,0.46581127867102623,0.48376303538680077,0.47944433987140656,0.4745013602077961,0.47120072692632675,0.46476229652762413,0.4592812843620777,0.4417000710964203,0.4348107874393463,0.42958594858646393,0.4231457971036434,0.42031965032219887,0.4313604421913624,0.43099750205874443,0.42956605181097984,0.42388852685689926,0.4054748937487602,0.4090745113790035,0.41406505927443504,0.4006786122918129,0.37976697087287903,0.37143949791789055,0.3787118010222912,0.3942318633198738,0.39670664072036743,0.39156946539878845,0.4013102054595947,0.36296068504452705,0.35235802084207535,0.3559110090136528,0.3573741167783737,0.35006415098905563,0.35878823697566986,0.33509600162506104,0.3456476852297783,0.3628005422651768,0.36593133956193924,0.3745984323322773,0.39304571226239204,0.3871249482035637,0.4060496464371681,0.39536501839756966,0.3928457275032997,0.3812207393348217,0.3762594424188137,0.36791304498910904,0.35629500448703766,0.38103462755680084,0.38150009512901306,0.37596479803323746,0.38141804933547974,0.39927682653069496,0.4066012464463711,0.40238530561327934,0.4050183966755867,0.4200509153306484,0.42726829648017883,0.44565124437212944,0.43990081176161766,0.4314849488437176,0.422129288315773,0.41955405101180077,0.42023248970508575,0.42673445120453835,0.43858252838253975,0.4437297135591507,0.42822301015257835,0.4330719821155071,0.43621261417865753,0.4443240463733673,0.43205326795578003,0.42375051602721214,0.4184879958629608,0.4173539536339896,0.12224692851305008,0.11612853407859802,0.11274463590234518,0.11072214599698782,0.10855845548212528,0.1073385663330555,0.11574419867247343,0.11983687710016966,0.12087998446077108,0.12272978015244007,0.124175775796175,0.1263728467747569,0.11778913252055645,0.11577506083995104,0.10975314397364855,0.11981346551328897,0.12351998407393694,0.12611000891774893,0.12469291035085917,0.11435729544609785,0.11997538339346647,0.12240785453468561,0.1174456886947155,0.12287319824099541,0.12084924522787333,0.12014818005263805,0.11953455861657858,0.11257285717874765,0.11445819400250912,0.1136904675513506,0.11132445372641087,0.10726808290928602,0.11562340892851353,0.12282217387109995,0.11052134912461042,0.11902601830661297,0.11887971218675375,0.11723846662789583,0.11489235516637564,0.1151691172271967,0.11719270702451468,0.11922604590654373,0.11804531700909138,0.11378330644220114,0.1102777998894453,0.1119564063847065,0.11150304973125458,0.11143255553075246
SGF_NL,0,2,0.05856412649154663,-0.040402889251708984,6.361174583435059,5.132051944732666,169.10389685630798,2642.2483883798122,64,0,0,0,0,3840,0.49343936517834663,0.49584702774882317,0.5103242471814156,0.4964839108288288,0.48748334124684334,0.49687089771032333,0.4981470890343189,0.4978681728243828,0.5024015493690968,0.5247032791376114,0.4941021353006363,0.4938066005706787,0.5067878291010857,0.49718982353806496,0.508696511387825,0.5245804488658905,0.5252679139375687,0.5227742567658424,0.5152856260538101,0.5228253304958344,0.5169631019234657,0.5196331515908241,0.5267115011811256,0.5315441116690636,0.5407977998256683,0.5299890711903572,0.5208026133477688,0.517918910831213,0.5233083926141262,0.5462831035256386,0.5328622348606586,0.5134559944272041,0.49362339451909065,0.48074863478541374,0.49625570699572563,0.49547287076711655,0.4763587452471256,0.478554867208004,0.46830737963318825,0.4952930472791195,0.5011486187577248,0.5008738301694393,0.5073899924755096,0.5148847214877605,0.5097042880952358,0.5110136605799198,0.5050003491342068,0.4882426772798811,0.39509494602680206,0.3981967456638813,0.40355829149484634,0.4055245779454708,0.4151109419763088,0.4115460254251957,0.4173688217997551,0.4296516515314579,0.42883023992180824,0.4108969457447529,0.4389548636972904,0.44390563666820526,0.4352988339960575,0.4568291902542114,0.4313308037817478,0.4194779321551323,0.42597611248493195,0.40458087250590324,0.4049207866191864,0.4117429815232754,0.4164891056716442,0.41342898830771446,0.41098518297076225,0.4151793159544468,0.4099550358951092,0.416499737650156,0.4144432358443737,0.4134141318500042,0.4095204174518585,0.3952176161110401,0.40349698811769485,0.40587033331394196,0.4027426540851593,0.4089658856391907,0.39443742856383324,0.3886876814067364,0.39404669404029846,0.3904464729130268,0.39086324349045753,0.3726755678653717,0.3633674420416355,0.3631529323756695,0.35937802493572235,0.34681737795472145,0.3471361957490444,0.34295885264873505,0.3290087580680847,0.32987846221242634,0.08665112312883139,0.08725298661738634,0.08314360491931438,0.08070372603833675,0.07842600252479315,0.07600441947579384,0.07921232748776674,0.07535222452133894,0.07653046865016222,0.07596021611243486,0.07157011795789003,0.0719861863180995,0.07007640041410923,0.07504100166261196,0.08015630766749382,0.08550665620714426,0.086998725309968,0.07829244900494814,0.07342135533690453,0.07039889134466648,0.07020333595573902,0.07268610410392284,0.07121922541409731,0.07166074588894844,0.06896738987416029,0.07639211788773537,0.08045808412134647,0.08263211511075497,0.08250944502651691,0.08391124941408634,0.0816452456638217,0.0781526742503047,0.08174988348037004,0.08310863561928272,0.08251687698066235,0.0894305994734168,0.0931733101606369,0.09478667099028826,0.0985665014013648,0.09902471862733364,0.10159964393824339,0.09904458932578564,0.09353456180542707,0.08921037800610065,0.08688817825168371,0.08728856593370438,0.08826922252774239,0.08960363055978503
SGF_NL,1,2,0.08026522397994995,0.09293454885482788,6.312701225280762,4.3335771560668945,169.58643627166748,2649.7880667448044,64,0,0,0,0,3840,0.4816078320145607,0.5030304901301861,0.5150298178195953,0.5463692098855972,0.5408955290913582,0.5463963598012924,0.5631542503833771,0.5639394745230675,0.5673474818468094,0.5599015057086945,0.5702763870358467,0.5521375387907028,0.5433130711317062,0.5481747165322304,0.5417216643691063,0.5469522625207901,0.5644132941961288,0.5573174357414246,0.5517165884375572,0.5450034663081169,0.5537475571036339,0.5636189207434654,0.5708537399768829,0.5785833895206451,0.5766645073890686,0.5936626866459846,0.6030574291944504,0.5877513214945793,0.5798722803592682,0.5877079591155052,0.5823562741279602,0.5726482644677162,0.574210561811924,0.5701947510242462,0.5773066654801369,0.5833222419023514,0.5864651873707771,0.5969544127583504,0.6046146154403687,0.6105613932013512,0.6010035797953606,0.604631781578064,0.6061315983533859,0.6209105625748634,0.6191737875342369,0.625002309679985,0.6209724470973015,0.6236807448523385,0.3639241196215153,0.344966284930706,0.34021569415926933,0.34550586342811584,0.35530849546194077,0.34460412710905075,0.3171517439186573,0.31284577399492264,0.35254476591944695,0.35245922207832336,0.3440285995602608,0.34889397770166397,0.35323282703757286,0.3532503470778465,0.35068340227007866,0.35920140892267227,0.3512790687382221,0.36299939826130867,0.3581417091190815,0.3629877269268036,0.35988692566752434,0.35452383756637573,0.34871236979961395,0.35878418758511543,0.3660232461988926,0.3561076819896698,0.35360855981707573,0.36246437579393387,0.36439937725663185,0.35426468774676323,0.3580349460244179,0.35899368673563004,0.35155072435736656,0.3528627045452595,0.3510175831615925,0.35093287006020546,0.3493378013372421,0.33455808088183403,0.3363783434033394,0.339364193379879,0.3238833248615265,0.34523747861385345,0.35730593279004097,0.3474778011441231,0.34972697123885155,0.34594109654426575,0.3431587256491184,0.3420731467860086,0.07096361089497805,0.07301592640578747,0.07698805816471577,0.07497132383286953,0.07211583759635687,0.07394700683653355,0.06544054299592972,0.05956673389300704,0.06613074615597725,0.06471130205318332,0.060072519816458225,0.06078857509419322,0.06469131540507078,0.06590406130999327,0.06446077907457948,0.06346936151385307,0.06221529608592391,0.06470855884253979,0.060116177424788475,0.060153483878821135,0.06280647311359644,0.05966752860695124,0.058912222273647785,0.05897240247577429,0.061072589829564095,0.06042403494939208,0.06074242666363716,0.05800108332186937,0.05707805138081312,0.05626595951616764,0.0514240344054997,0.04639114951714873,0.04474659264087677,0.04460242437198758,0.04861107375472784,0.05058051645755768,0.05289972899481654,0.053195095621049404,0.05264204367995262,0.051081322599202394,0.04867243580520153,0.05574955092743039,0.05975382262840867,0.060387497302144766,0.06245855474844575,0.06262792646884918,0.06431760033592582,0.06593491988522666
SGF_NL,0,3,0.17770177125930786,0.03725707530975342,9.152177810668945,10.083548545837402,168.9697539806366,2640.152405947447,64,0,0,0,0,3840,0.6366136074066162,0.6340353861451149,0.6288806274533272,0.6066098809242249,0.6092326194047928,0.5861362293362617,0.5672738961875439,0.5743188038468361,0.5489086024463177,0.5422451756894588,0.578344464302063,0.5784099102020264,0.5755233205854893,0.5885487645864487,0.5787545666098595,0.5711928270757198,0.5886895544826984,0.5624815970659256,0.5624074786901474,0.5636354722082615,0.5809600427746773,0.5366467274725437,0.5801658183336258,0.5668532326817513,0.5602966286242008,0.5705996677279472,0.5373828038573265,0.501603689044714,0.5530353300273418,0.5287966877222061,0.5280784033238888,0.5353116057813168,0.5097917430102825,0.5046325698494911,0.5281162858009338,0.5076723136007786,0.48648205399513245,0.5274552218616009,0.5204685591161251,0.5310828350484371,0.5484685897827148,0.5100841633975506,0.4854803867638111,0.4871377609670162,0.49747662618756294,0.5067594274878502,0.531698901206255,0.5284278477941241,0.363110214471817,0.3667919375002384,0.37052955478429794,0.3691922165453434,0.3612389713525772,0.3747042119503021,0.37500691786408424,0.36518847197294235,0.385042954236269,0.39203425869345665,0.36852502077817917,0.37129465118050575,0.3726504258811474,0.35965248569846153,0.3605243004858494,0.36014996469020844,0.34379036352038383,0.35975711047649384,0.36279336363077164,0.3557124696671963,0.3440527059137821,0.35573700442910194,0.3315376602113247,0.3344651162624359,0.33186976984143257,0.3337257318198681,0.366134911775589,0.387882836163044,0.3618703670799732,0.3751123398542404,0.37549908086657524,0.36531858518719673,0.36940259858965874,0.3695075586438179,0.3546946309506893,0.3565988428890705,0.3682149015367031,0.3602828159928322,0.3757273405790329,0.37438180670142174,0.36594222113490105,0.3936086595058441,0.4093722030520439,0.3964642062783241,0.37844042479991913,0.3742212653160095,0.3539659045636654,0.3555099921567099,0.13024352304637432,0.1366879865527153,0.12987018190324306,0.12756964843720198,0.12709331884980202,0.12987696658819914,0.12536108400672674,0.1273978827521205,0.12060500588268042,0.11729622539132833,0.11631800327450037,0.11332316882908344,0.11464176699519157,0.11603731568902731,0.11768428236246109,0.11429634969681501,0.11245107837021351,0.11502166371792555,0.11654650419950485,0.11158597655594349,0.10993778146803379,0.11155814118683338,0.11190327629446983,0.11220133677124977,0.1141787264496088,0.11249805521219969,0.1083678537979722,0.10285616014152765,0.11135527119040489,0.11270837299525738,0.11428420431911945,0.11775113642215729,0.1154000349342823,0.12060599680989981,0.12274332717061043,0.12367868237197399,0.1212239945307374,0.12443958036601543,0.1251961924135685,0.12502374220639467,0.12430993933230639,0.12079050298780203,0.12811805866658688,0.13000140618532896,0.1287850309163332,0.12511186115443707,0.12771826423704624,0.12481579290969032
SGF_NL,1,3,0.12258219718933105,0.03699606657028198,9.41951847076416,10.330681800842285,168.19694089889526,2628.0772015452385,64,0,0,0,0,3840,0.6819489002227783,0.6776484996080399,0.611224889755249,0.5824536122381687,0.59207708761096,0.5640227943658829,0.5870765708386898,0.602447971701622,0.5956581756472588,0.5793648064136505,0.5821551494300365,0.5711957961320877,0.5676741525530815,0.5711746141314507,0.5427046045660973,0.5420136116445065,0.5702648349106312,0.5486128628253937,0.5465173348784447,0.5578239783644676,0.5459494516253471,0.546590730547905,0.5721088089048862,0.5493683628737926,0.5247676149010658,0.5304026268422604,0.5100745856761932,0.4971865974366665,0.5115388296544552,0.519406646490097,0.5194578804075718,0.5346963554620743,0.5103184245526791,0.49584492295980453,0.5010772794485092,0.47117792442440987,0.4587443582713604,0.466088954359293,0.46102941408753395,0.4541211724281311,0.457415085285902,0.4699934870004654,0.4869818277657032,0.5136764124035835,0.5002426579594612,0.4796265847980976,0.4966052882373333,0.5036357087748391,0.34464361518621445,0.35211461037397385,0.37123527005314827,0.38622960820794106,0.3758254535496235,0.3817133605480194,0.36596569418907166,0.3613244257867336,0.37339039146900177,0.38729777932167053,0.38538172096014023,0.3902559094130993,0.3936881795525551,0.38735103607177734,0.3985401429235935,0.3988107852637768,0.38012681528925896,0.39693446084856987,0.39301973208785057,0.38232502713799477,0.39762962609529495,0.3979063555598259,0.376232098788023,0.3819548785686493,0.38689739629626274,0.38395392149686813,0.3922349661588669,0.386858444660902,0.3722006715834141,0.37500568479299545,0.37278738990426064,0.36920853704214096,0.3872106447815895,0.39935657009482384,0.3943220041692257,0.4068683199584484,0.42251844704151154,0.42201586067676544,0.4280603565275669,0.43457258120179176,0.4260892756283283,0.4139787256717682,0.40022899582982063,0.3871815502643585,0.39502499997615814,0.4018624499440193,0.3901548832654953,0.38231621044022696,0.11483786161988974,0.12016282696276903,0.12239311542361975,0.12445359397679567,0.12673224974423647,0.12407553102821112,0.12225464265793562,0.12350924871861935,0.12603339739143848,0.12955927476286888,0.137765321880579,0.1387901920825243,0.1437222734093666,0.14614368975162506,0.14877455681562424,0.14205249957740307,0.1449880562722683,0.1414634007960558,0.13725104834884405,0.13268707133829594,0.12968891393393278,0.12343395128846169,0.1251854682341218,0.12716264557093382,0.1288642343133688,0.13457186240702868,0.1393334213644266,0.14195415750145912,0.14462361671030521,0.14251116663217545,0.13859030790627003,0.13952289335429668,0.1378860678523779,0.1381317600607872,0.14026794023811817,0.137653024867177,0.13491801545023918,0.1351289451122284,0.1341665256768465,0.13019202928990126,0.135487150400877,0.13399141654372215,0.13117635808885098,0.13084083516150713,0.13431905396282673,0.13492097333073616,0.14194172993302345,0.147123641201428
SGF_NL,0,4,0.13457655906677246,0.09905755519866943,6.906325817108154,6.039556503295898,168.86486220359802,2638.513471931219,64,0,0,0,0,3840,0.7752225324511528,0.7886101230978966,0.7535428553819656,0.7098442316055298,0.6596354320645332,0.6461446210741997,0.6248146593570709,0.6211603656411171,0.5867576748132706,0.5709452927112579,0.5643455535173416,0.5767345055937767,0.5913818180561066,0.6173141375184059,0.6624292582273483,0.7154208049178123,0.7289400771260262,0.7324179783463478,0.7578224763274193,0.7777686268091202,0.7725145146250725,0.7541960030794144,0.7385540530085564,0.7290026322007179,0.718491680920124,0.7158233672380447,0.7261226400732994,0.738087996840477,0.7450968474149704,0.7510846555233002,0.7799502015113831,0.7623574510216713,0.763963021337986,0.7190882638096809,0.7150831818580627,0.7120184078812599,0.7225577086210251,0.7276988103985786,0.7342848256230354,0.7397594600915909,0.772670716047287,0.7561157718300819,0.7607779502868652,0.7795000895857811,0.7739427983760834,0.7700378596782684,0.759129174053669,0.755398724760328,0.2526908367872238,0.2713586650788784,0.2885216362774372,0.31352728605270386,0.3374203220009804,0.353469368070364,0.3430408276617527,0.3326599895954132,0.33897674828767776,0.3335016369819641,0.3405786119401455,0.3523174710571766,0.3513902574777603,0.33740539476275444,0.3114892765879631,0.2865867204964161,0.2814944051206112,0.2818741090595722,0.2751844860613346,0.2734353505074978,0.28494172915816307,0.2948448173701763,0.30643564835190773,0.3161521852016449,0.3263036124408245,0.3364649675786495,0.3315124027431011,0.3134564310312271,0.306926965713501,0.3052244186401367,0.27708516269922256,0.29834404960274696,0.3198847472667694,0.3603072613477707,0.3623422347009182,0.37133432924747467,0.36805741116404533,0.3590209260582924,0.36269817128777504,0.3671274520456791,0.3556685075163841,0.352456197142601,0.3413115553557873,0.3405774086713791,0.3411683179438114,0.3270874060690403,0.32945210486650467,0.32273997153554645,0.04826959874480963,0.04912962066009641,0.05096463905647397,0.047103410586714745,0.0431914203800261,0.04156782990321517,0.04118539672344923,0.04139425279572606,0.03940910380333662,0.03598832152783871,0.03564961487427354,0.03540387749671936,0.03722757427021861,0.038361153565347195,0.041903598699718714,0.051714851055294275,0.056890619453042746,0.06166996527463198,0.06462118215858936,0.0664520887658,0.07195117976516485,0.078116774559021,0.0921862656250596,0.10783807653933764,0.11378943920135498,0.1114813033491373,0.10389406327158213,0.0939707662910223,0.08428541757166386,0.07385831978172064,0.06338628893718123,0.05863511562347412,0.05827482556924224,0.0543104438111186,0.05245371209457517,0.047683203127235174,0.049184287432581186,0.05249230330809951,0.05539249209687114,0.05840198788791895,0.05877986270934343,0.05704431468620896,0.05553122749552131,0.058407547418028116,0.06359046511352062,0.07295800931751728,0.07417445909231901,0.07158432794468743
SGF_NL,1,4,0.11547112464904785,0.08867597579956055,4.081638813018799,4.415765285491943,168.54768681526184,2633.5576064884663,64,0,0,0,0,3840,0.838491290807724,0.8413454592227936,0.7997869849205017,0.7375756129622459,0.7243945300579071,0.6742189601063728,0.6445493921637535,0.6680085882544518,0.6898008808493614,0.6724366247653961,0.6979406103491783,0.6676535084843636,0.6145865097641945,0.5886630639433861,0.5701240301132202,0.5507257357239723,0.5687719285488129,0.6172979921102524,0.6666783392429352,0.6889931410551071,0.7103773951530457,0.7013262882828712,0.6825936064124107,0.6797117441892624,0.6827171817421913,0.6607798933982849,0.6606504991650581,0.6725592613220215,0.7005091905593872,0.699517510831356,0.6615613922476768,0.6618484631180763,0.6524838879704475,0.6554634869098663,0.6908063665032387,0.6862770989537239,0.682740144431591,0.6914969608187675,0.7060701251029968,0.6614706665277481,0.6655814722180367,0.698306992650032,0.7129068300127983,0.7225144803524017,0.7176172211766243,0.7242404893040657,0.7607425674796104,0.7584506443568638,0.3056348077952862,0.31429458037018776,0.34515947103500366,0.3782387264072895,0.3756150044500828,0.3759255036711693,0.3779149614274502,0.3718901723623276,0.37097128853201866,0.39808230102062225,0.39243167638778687,0.3903205543756485,0.4051402732729912,0.40440260246396065,0.3975784666836262,0.3954773545265198,0.3885999135673046,0.38724519684910774,0.3830602169036865,0.39194362238049507,0.3821619860827923,0.3909537121653557,0.3946859650313854,0.40422940254211426,0.40684153139591217,0.4132961593568325,0.4135090857744217,0.41586466506123543,0.40235111862421036,0.39448559656739235,0.3848288394510746,0.36898770928382874,0.3677993416786194,0.379580769687891,0.3697575740516186,0.3755260035395622,0.3907368890941143,0.40109241753816605,0.39798473939299583,0.39844897761940956,0.38256940990686417,0.39220304042100906,0.39313147962093353,0.3841997869312763,0.37945403903722763,0.376822791993618,0.35731658712029457,0.35889542954308645,0.05218020640313625,0.05286343628540635,0.04217013204470277,0.03633373440243304,0.038031723350286484,0.03330454742535949,0.03370498935692012,0.03639469691552222,0.03621596237644553,0.03497590823099017,0.03471298422664404,0.03633477073162794,0.036905179265886545,0.041904369834810495,0.04771873261779547,0.049277348443865776,0.05025786906480789,0.04725531209260225,0.04856295557692647,0.04428666224703193,0.0448355614207685,0.04167538974434137,0.037371447775512934,0.0377909867092967,0.03687165956944227,0.037860007490962744,0.03880593320354819,0.038239826913923025,0.039199656806886196,0.0401363936252892,0.03830113308504224,0.03906106576323509,0.03797991527244449,0.03765955287963152,0.03733817674219608,0.03652685880661011,0.03517658170312643,0.03481185156852007,0.036753322929143906,0.03346785856410861,0.03464621817693114,0.03420405276119709,0.032700708135962486,0.032843911089003086,0.03499931935220957,0.038127976935356855,0.0397260501049459,0.045256288456065316
SGF_NL,0,5,0.11176550388336182,0.04576253890991211,5.102182388305664,5.298299312591553,168.5383026599884,2633.410979062319,64,0,0,0,0,3840,0.5165014788508415,0.5121833309531212,0.4074697196483612,0.35918235033750534,0.3553033918142319,0.3602222874760628,0.3577122502028942,0.38845691829919815,0.3865526579320431,0.3867960125207901,0.3830895312130451,0.39520255848765373,0.4179054759442806,0.41124487668275833,0.4105653278529644,0.4199417158961296,0.4328047074377537,0.45176054537296295,0.44582029059529305,0.45384563505649567,0.45629772916436195,0.4698450118303299,0.4652695618569851,0.4442903697490692,0.4391925185918808,0.4426550716161728,0.43290963396430016,0.4257481321692467,0.4385073482990265,0.42990443482995033,0.41066913306713104,0.4147559106349945,0.4173108972609043,0.41784175485372543,0.43072372302412987,0.42408792674541473,0.4264986962080002,0.4320590943098068,0.4326125904917717,0.4385884329676628,0.42755456641316414,0.4445026218891144,0.45647960901260376,0.45905957370996475,0.4582456983625889,0.4437162019312382,0.4278085492551327,0.4276068764073508,0.44470833986997604,0.44689250737428665,0.4360322207212448,0.4260459579527378,0.4075109548866749,0.3785554729402065,0.35268092155456543,0.3791896775364876,0.3828165903687477,0.3740599490702152,0.3539111278951168,0.31813225895166397,0.33291495963931084,0.3209449462592602,0.3221130967140198,0.3135499432682991,0.3126301057636738,0.30720262229442596,0.31822509318590164,0.3281048610806465,0.34037327393889427,0.34117209166288376,0.3362439200282097,0.31973983719944954,0.3270461857318878,0.34038175642490387,0.36254017800092697,0.34967925399541855,0.3382854089140892,0.3255793936550617,0.3199996128678322,0.3190075717866421,0.3282869793474674,0.3152185343205929,0.3197476714849472,0.314912099391222,0.3134288638830185,0.32385993376374245,0.3336392715573311,0.31386615335941315,0.3174436092376709,0.32123563066124916,0.3121066987514496,0.2984241470694542,0.3167812339961529,0.31965848058462143,0.30878831818699837,0.31094775029591154,0.05291022313758731,0.05430956883355975,0.06153285130858421,0.06066527171060443,0.05739393178373575,0.05848433170467615,0.05272334534674883,0.04943132121115923,0.05919041996821761,0.061173001769930124,0.05637606233358383,0.05453263642266393,0.056283900048583746,0.04840089846402407,0.05542949540540576,0.056012615095824,0.058176588732749224,0.054680637549608946,0.05627291323617101,0.054876232985407114,0.06009834771975875,0.06459884997457266,0.05461888900026679,0.05619582626968622,0.05662704911082983,0.06035580160096288,0.06152962427586317,0.05699861096218228,0.06157386163249612,0.05956998560577631,0.058509201277047396,0.06558703677728772,0.06591138243675232,0.06617122795432806,0.06129497289657593,0.062269287183880806,0.06295321648940444,0.06134922103956342,0.06291968980804086,0.054695476312190294,0.051362589467316866,0.059869623742997646,0.06007479829713702,0.049295513425022364,0.052063407842069864,0.05308367498219013,0.0606545708142221,0.05800311852778707
SGF_NL,1,5,0.16231179237365723,0.1261715292930603,7.762842178344727,11.566620826721191,168.38997602462769,2631.0933753848076,64,0,0,0,0,3840,0.5952897667884827,0.6003299206495285,0.5324675440788269,0.4374428801238537,0.43226339668035507,0.43257997930049896,0.4535219520330429,0.4943886920809746,0.5074250511825085,0.5453628487884998,0.5496798381209373,0.5571921728551388,0.5737489685416222,0.5882758051156998,0.5766394138336182,0.5819517262279987,0.6134827174246311,0.5791784897446632,0.5524905771017075,0.5661544650793076,0.5413305722177029,0.517432663589716,0.5475258231163025,0.5300130918622017,0.49035749584436417,0.493762344121933,0.5069814585149288,0.5187744423747063,0.5274200141429901,0.5005968734622002,0.49253686144948006,0.4853002056479454,0.5110666938126087,0.5228507444262505,0.5152359455823898,0.5226998552680016,0.5202619433403015,0.5141075029969215,0.5366066321730614,0.5333840996026993,0.5489960163831711,0.5671124011278152,0.5640747398138046,0.5872903168201447,0.6213142052292824,0.6259979605674744,0.6460694894194603,0.6471523727689471,0.27985652908682823,0.27768055349588394,0.29680556058883667,0.3287339583039284,0.32887372747063637,0.3337745629251003,0.32260287925601006,0.30410101264715195,0.30737660825252533,0.29636988043785095,0.29033705219626427,0.2871992103755474,0.27580831199884415,0.27250343561172485,0.276659332215786,0.278656754642725,0.2912750765681267,0.3332442045211792,0.3817496821284294,0.39543499425053596,0.4082907363772392,0.41989488154649734,0.3842640519142151,0.3786895424127579,0.4034270979464054,0.4005662426352501,0.38870619237422943,0.3938489146530628,0.39849379658699036,0.4255892299115658,0.4394953064620495,0.43162841349840164,0.42163029685616493,0.40893686562776566,0.42817428335547447,0.4178934656083584,0.436559222638607,0.4327251724898815,0.42805303633213043,0.4247787855565548,0.4310120418667793,0.43374332040548325,0.4376622512936592,0.40700138732790947,0.3858332335948944,0.3887562043964863,0.38499363884329796,0.4006521999835968,0.08425925392657518,0.08624697383493185,0.07393403816968203,0.07167357206344604,0.06758037209510803,0.06601565331220627,0.07248086854815483,0.06923141656443477,0.0677213380113244,0.07181293796747923,0.07342997286468744,0.07053889520466328,0.05862048454582691,0.06227219430729747,0.06410493841394782,0.05345982685685158,0.06292947754263878,0.06470239954069257,0.05769858695566654,0.06529199937358499,0.06896381732076406,0.0692007471807301,0.06997600570321083,0.073188416659832,0.07366574741899967,0.07573207467794418,0.08302824106067419,0.08566066529601812,0.09562332276254892,0.10111476015299559,0.10270640067756176,0.10954657569527626,0.10561495274305344,0.10642142221331596,0.10030542872846127,0.1022456819191575,0.10100740008056164,0.09855710528790951,0.09405301418155432,0.08630026783794165,0.09008217602968216,0.09409010130912066,0.10274382494390011,0.09625426027923822,0.09341908805072308,0.09297309629619122,0.08858365193009377,0.09472553644861494
SGF_NL,0,6,0.0767400860786438,0.041688501834869385,8.752885818481445,7.799118995666504,169.00827431678772,2640.754286199808,64,0,0,0,0,3840,0.5497117936611176,0.5457923039793968,0.552293449640274,0.5575156137347221,0.5533874183893204,0.5655366629362106,0.5686091110110283,0.5809818580746651,0.580706037580967,0.5788920819759369,0.5954534336924553,0.6006495803594589,0.6149864494800568,0.6013072356581688,0.60373804718256,0.5991850942373276,0.5942817404866219,0.6021566763520241,0.6096690222620964,0.6171458959579468,0.6053579524159431,0.5911366641521454,0.5897161290049553,0.5965564772486687,0.6065589338541031,0.6220543384552002,0.6242363676428795,0.6301722973585129,0.6349638774991035,0.6064162403345108,0.5909030064940453,0.5662556514143944,0.5685989633202553,0.5821448341012001,0.57655318826437,0.5717554911971092,0.5594535544514656,0.5811827555298805,0.5749097168445587,0.579868458211422,0.5826652571558952,0.5685680136084557,0.576770231127739,0.5929461494088173,0.5718458071351051,0.562394268810749,0.5504617318511009,0.5416807787758964,0.46043189242482185,0.4652848020195961,0.4657379686832428,0.46741245314478874,0.4822225086390972,0.48953551799058914,0.499467596411705,0.497178602963686,0.5037365816533566,0.5019101090729237,0.49160338565707207,0.48482339829206467,0.4854566156864166,0.49923113733530045,0.4963800050318241,0.49613722786307335,0.4965657889842987,0.4914824739098549,0.483630008995533,0.4749542511999607,0.4846128784120083,0.4978240206837654,0.49192095175385475,0.4800976552069187,0.47303561121225357,0.456978689879179,0.4593227617442608,0.4590584859251976,0.45460671186447144,0.4750063009560108,0.48483137786388397,0.49658727273344994,0.48772693797945976,0.4852038696408272,0.4914654642343521,0.4931516498327255,0.5013375319540501,0.48724566027522087,0.49442043900489807,0.4967607259750366,0.4996093548834324,0.5031530484557152,0.49762938916683197,0.4821081906557083,0.5081035532057285,0.5093173608183861,0.5229996293783188,0.5156736969947815,0.12325572688132524,0.12322955671697855,0.11900319159030914,0.12027317099273205,0.12270489893853664,0.1214254004880786,0.12202727515250444,0.1214676983654499,0.11556208226829767,0.11185375414788723,0.11398453917354345,0.11291877273470163,0.11185193993151188,0.1139999171718955,0.11317778564989567,0.1152226161211729,0.10960982087999582,0.10767893586307764,0.10778874810785055,0.11403454747051,0.11643700581043959,0.11918666120618582,0.12917541526257992,0.12732750549912453,0.12043803371489048,0.11586642079055309,0.11362963262945414,0.1095466548576951,0.10989403538405895,0.10866575315594673,0.1108983950689435,0.11274814326316118,0.10992845986038446,0.11270254943519831,0.11676970217376947,0.11652132868766785,0.11765965912491083,0.11814016383141279,0.122686468064785,0.12258720491081476,0.12052365578711033,0.11796447448432446,0.11201793607324362,0.11268545594066381,0.11208683252334595,0.11377528589218855,0.1111044529825449,0.10941187398774284
SGF_NL,1,6,0.06698983907699585,0.023726582527160645,6.694028377532959,8.596479415893555,169.55513715744019,2649.299018085003,64,0,0,0,0,3840,0.5174913182854652,0.5014793910086155,0.49903763458132744,0.49780018255114555,0.5004172958433628,0.503568559885025,0.5041003227233887,0.505393385887146,0.4967719577252865,0.5038099028170109,0.49708860367536545,0.5078093186020851,0.4931797422468662,0.48806972056627274,0.5033801645040512,0.48708901926875114,0.4832046143710613,0.48146630823612213,0.49711497128009796,0.49654218927025795,0.5077907517552376,0.4977322891354561,0.5073396563529968,0.5149318799376488,0.5196122452616692,0.5166218429803848,0.5189280360937119,0.5127719044685364,0.5051269866526127,0.513230137526989,0.5153569132089615,0.5290181338787079,0.5334682539105415,0.5287681519985199,0.5249268338084221,0.5364498198032379,0.5302752405405045,0.526772640645504,0.528637059032917,0.5219196528196335,0.5074486434459686,0.5117516741156578,0.505465529859066,0.5141711011528969,0.5225843414664268,0.5198328644037247,0.5296536237001419,0.5290492858205523,0.48834317550063133,0.5111646018922329,0.5230257734656334,0.5311646461486816,0.5325846150517464,0.5338990166783333,0.5273570418357849,0.5236089825630188,0.5305393561720848,0.5327777788043022,0.538076288998127,0.5286625027656555,0.5435598790645599,0.5556406229734421,0.5374339148402214,0.5590742006897926,0.5562126934528351,0.5509669035673141,0.5441315695643425,0.54024837911129,0.5279961675405502,0.5413629338145256,0.5371968969702721,0.5336539596319199,0.5241971462965012,0.5287227109074593,0.5234771743416786,0.5253560766577721,0.5312093943357468,0.5246756747364998,0.5274706333875656,0.518218383193016,0.5060839876532555,0.5077318698167801,0.5082179456949234,0.5132626667618752,0.5088638588786125,0.5038387626409531,0.49769123643636703,0.5050311423838139,0.511230506002903,0.5069631189107895,0.5191495195031166,0.5101044327020645,0.5041379034519196,0.5066375210881233,0.4971204772591591,0.4951364781175341,0.12292567454278469,0.12875591218471527,0.1316977646201849,0.12955432198941708,0.12280695233494043,0.11390314903110266,0.11126607097685337,0.11309046018868685,0.11594123672693968,0.11320028826594353,0.11477072816342115,0.11619616206735373,0.11471964418888092,0.11759331822395325,0.11406422592699528,0.11107224971055984,0.11049274634569883,0.10986460372805595,0.1077935453504324,0.10765229538083076,0.11199249885976315,0.10882712993770838,0.11139295902103186,0.11172041203826666,0.10932043008506298,0.11018010694533587,0.1163558466359973,0.11188236903399229,0.11478972900658846,0.1119420612230897,0.11546151805669069,0.11550504341721535,0.11613844893872738,0.114024524576962,0.11397577356547117,0.1130261942744255,0.11051867250353098,0.10832760203629732,0.10849705711007118,0.10666543152183294,0.10711558349430561,0.11090341955423355,0.1079615755006671,0.10957832541316748,0.11103349924087524,0.10654754471033812,0.10510173719376326,0.10293078528983253
SGF_NL,0,7,0.03971540927886963,0.06347882747650146,4.22357177734375,5.2588629722595215,169.78243899345398,2652.8506092727184,64,0,0,0,0,3840,0.5374605283141136,0.5439482405781746,0.5552349537611008,0.5861682817339897,0.5882866680622101,0.5868206918239594,0.5767045840620995,0.5703145563602448,0.575903557240963,0.5824679285287857,0.5960277393460274,0.6078502386808395,0.6171644926071167,0.6144626289606094,0.5835466906428337,0.5899091213941574,0.6083788648247719,0.6105698943138123,0.610137827694416,0.6070114821195602,0.6062515303492546,0.6069161593914032,0.6053478792309761,0.6067197620868683,0.6093651205301285,0.6149808168411255,0.63960300385952,0.6487434133887291,0.6414511129260063,0.6418585181236267,0.6446571350097656,0.6179461255669594,0.5799159929156303,0.5492712631821632,0.5696609318256378,0.5702809169888496,0.5593380853533745,0.5564208254218102,0.5646830126643181,0.5541519597172737,0.5637111812829971,0.5723308399319649,0.5721528008580208,0.5726146921515465,0.5767552927136421,0.5757675841450691,0.5811070799827576,0.5568716015134539,0.5839587226510048,0.5849036872386932,0.5543486513197422,0.5065531991422176,0.5037489756941795,0.4929911233484745,0.49656591564416885,0.49170245975255966,0.48373406007885933,0.47675875574350357,0.46371307224035263,0.45298072323203087,0.43462149798870087,0.42671816796064377,0.44600530713796616,0.47713781520724297,0.45549629628658295,0.4413853995501995,0.4734884016215801,0.48366525769233704,0.4779504984617233,0.4897577799856663,0.5025438852608204,0.5055562630295753,0.49705036729574203,0.5109329111874104,0.4930265545845032,0.47806329652667046,0.4857911802828312,0.4833441451191902,0.47451063618063927,0.5007396899163723,0.5043574422597885,0.5016311667859554,0.49326787516474724,0.49944521114230156,0.5203318670392036,0.5353875234723091,0.5353378504514694,0.539174772799015,0.5227030217647552,0.4986303560435772,0.49343184381723404,0.5048031993210316,0.5010582432150841,0.49016718566417694,0.47795869782567024,0.48128487382616314,0.08097153156995773,0.07860453147441149,0.06882345024496317,0.06539645418524742,0.06209205649793148,0.06445188354700804,0.06506384909152985,0.06555091589689255,0.06797204352915287,0.06541444221511483,0.06445394037291408,0.06677259970456362,0.06262751342728734,0.05899999849498272,0.059708904940634966,0.060670553240925074,0.06239466182887554,0.06197475455701351,0.06875662319362164,0.07138747908174992,0.07389221712946892,0.07430903799831867,0.07297393027693033,0.07059282995760441,0.06934814061969519,0.06604865612462163,0.06518150540068746,0.06252592196688056,0.06080938456580043,0.06398961041122675,0.0605341661721468,0.05962407402694225,0.06001354940235615,0.06282549723982811,0.06451105838641524,0.06412780517712235,0.06484192330390215,0.06841943319886923,0.07542551681399345,0.07200168818235397,0.07161570619791746,0.06991347204893827,0.06725109927356243,0.06580080837011337,0.06382650742307305,0.06659274268895388,0.07347762864083052,0.0708952790924481
SGF_NL,1,7,0.08179312944412231,0.006661951541900635,3.309920310974121,3.718390703201294,169.70200443267822,2651.5938192605972,64,0,0,0,0,3840,0.5338525101542473,0.5347753465175629,0.5310035720467567,0.5259201750159264,0.5223428383469582,0.5302601158618927,0.527463361620903,0.5393963009119034,0.5547306910157204,0.5669070929288864,0.5362154692411423,0.4982486069202423,0.4793267585337162,0.48312983289361,0.47831641510128975,0.4711914546787739,0.48175138235092163,0.4945077672600746,0.5121011137962341,0.5140054821968079,0.5227557942271233,0.5394167229533195,0.5674288272857666,0.5765172615647316,0.5746816769242287,0.5736597403883934,0.5664215832948685,0.5661830231547356,0.5654946640133858,0.5646544173359871,0.5897833779454231,0.6155577674508095,0.6202022433280945,0.610732913017273,0.5723555684089661,0.5337943211197853,0.5082286596298218,0.497550543397665,0.5641293078660965,0.6015939116477966,0.6127190217375755,0.6198135316371918,0.6326572075486183,0.6448777765035629,0.6492762193083763,0.6481316238641739,0.6354697421193123,0.6257977059909275,0.6056955754756927,0.607084333896637,0.6072649732232094,0.6110542789101601,0.6145911887288094,0.6077164188027382,0.614919900894165,0.5973997861146927,0.5805044546723366,0.5561894848942757,0.5716841667890549,0.5851051583886147,0.5698557272553444,0.5542315132915974,0.5614991262555122,0.5514595285058022,0.5407981649041176,0.5248019360005856,0.5129923895001411,0.5180819407105446,0.5241545215249062,0.5324594527482986,0.5275531709194183,0.51325623691082,0.5117647498846054,0.5252690538764,0.533773384988308,0.5375584736466408,0.5409200415015221,0.5523033514618874,0.5780981034040451,0.5687078312039375,0.5658799484372139,0.5688103958964348,0.5734688490629196,0.5827116742730141,0.5969524532556534,0.5883995965123177,0.5301230177283287,0.49456798657774925,0.5062437355518341,0.5004226639866829,0.477938424795866,0.49528515711426735,0.4992424286901951,0.5029531307518482,0.5234718173742294,0.49334397060530527,0.07778824307024479,0.0784442676231265,0.07727704662829638,0.07664899528026581,0.07552769780158997,0.07566309720277786,0.07253369130194187,0.07164241559803486,0.07125051505863667,0.068142494186759,0.06505994033068419,0.06470053363591433,0.06469166604802012,0.06753447651863098,0.06824004743248224,0.06891769915819168,0.06905150227248669,0.06804116256535053,0.06795721128582954,0.0734914606437087,0.07531277742236853,0.0758157316595316,0.07553382962942123,0.07723723445087671,0.07830507401376963,0.07520593702793121,0.07510446198284626,0.07374458480626345,0.07650917023420334,0.07504453137516975,0.07080605439841747,0.06730031967163086,0.06546808499842882,0.06583142373710871,0.06894811615347862,0.0667834710329771,0.06423965282738209,0.06420604605227709,0.05959124956279993,0.06060242839157581,0.05918438173830509,0.059033289551734924,0.06333197420462966,0.0638344963081181,0.06319832662120461,0.06527909869328141,0.06811536196619272,0.07496190922600883
SGF_NL,0,8,0.2547738552093506,0.13150477409362793,5.033748149871826,6.763103485107422,168.8446168899536,2638.197138905525,64,0,0,0,0,3840,0.6134605631232262,0.6279077529907227,0.647522859275341,0.6508071944117546,0.6538499966263771,0.647272489964962,0.661652222275734,0.6701822355389595,0.669242225587368,0.6767283156514168,0.6820492520928383,0.6843672394752502,0.6785586923360825,0.6392816603183746,0.6457620784640312,0.628385491669178,0.6320171281695366,0.6076892092823982,0.6043925434350967,0.6390190795063972,0.5961035788059235,0.5986793264746666,0.6313904821872711,0.6412061005830765,0.6348634511232376,0.6410649791359901,0.6536167711019516,0.6634620577096939,0.6631413847208023,0.6490689069032669,0.6142328828573227,0.6453605070710182,0.6421181857585907,0.6462369784712791,0.6379428207874298,0.6359384432435036,0.623383417725563,0.6281140297651291,0.62356386333704,0.6294188871979713,0.6233954653143883,0.6295081451535225,0.6182883530855179,0.613094374537468,0.6039176061749458,0.6141945123672485,0.6172070130705833,0.613255432673863,0.39508986100554466,0.3781128115952015,0.35068852081894875,0.34034524112939835,0.3345678076148033,0.32770729809999466,0.31861188262701035,0.3121981993317604,0.31309809535741806,0.3050665520131588,0.30168043076992035,0.29755061119794846,0.30409472063183784,0.33518174290657043,0.32912102714180946,0.33308835327625275,0.3220686838030815,0.3338253125548363,0.32306911796331406,0.3023441769182682,0.3159237317740917,0.31348637491464615,0.29860277473926544,0.3025994300842285,0.30329467728734016,0.3006785772740841,0.29941951110959053,0.2965850308537483,0.2928662821650505,0.30154383927583694,0.31726329028606415,0.3009979948401451,0.3009778782725334,0.29420748353004456,0.2964218892157078,0.2991047874093056,0.3093716651201248,0.3147440291941166,0.3178938403725624,0.31509264186024666,0.3110997900366783,0.30374740064144135,0.3058750629425049,0.3037949353456497,0.3091428168118,0.3087887428700924,0.3142789639532566,0.3187528337751116,0.1519892532378435,0.15325572900474072,0.15038182027637959,0.15004383958876133,0.1494363434612751,0.14625240862369537,0.14576229453086853,0.14344660192728043,0.14302042312920094,0.13952138647437096,0.1356489472091198,0.12917925417423248,0.1258006915450096,0.11391124501824379,0.11753464303910732,0.11613186821341515,0.12226346414536238,0.11735342629253864,0.12379792518913746,0.13199236616492271,0.12498636823147535,0.12485319096595049,0.13271044194698334,0.14115187525749207,0.1413137298077345,0.14405065961182117,0.14776879362761974,0.14971956796944141,0.14546056278049946,0.1454448066651821,0.1435935478657484,0.14760494232177734,0.14963318966329098,0.1492327842861414,0.149052195250988,0.14832084253430367,0.14986282587051392,0.14760038629174232,0.14632443711161613,0.14606891386210918,0.1463884599506855,0.14301157370209694,0.14471565559506416,0.14557351544499397,0.1459210254251957,0.1462381612509489,0.14311323314905167,0.14173631370067596
SGF_NL,1,8,0.23807674646377563,0.1464901566505432,6.884458541870117,7.9797682762146,168.75394487380981,2636.7803886532784,64,0,0,0,0,3840,0.4852384813129902,0.49126965552568436,0.49751776829361916,0.5003000311553478,0.49890873953700066,0.5019564852118492,0.4993741400539875,0.5078453123569489,0.5047304332256317,0.5035270638763905,0.5014879740774632,0.49131593853235245,0.4810517765581608,0.4972498491406441,0.5094690322875977,0.5178215354681015,0.5209178850054741,0.523119367659092,0.5265269875526428,0.5225616618990898,0.5140797197818756,0.5089325830340385,0.5139252059161663,0.5063203722238541,0.5129253789782524,0.5125927701592445,0.5180712416768074,0.5105508118867874,0.5117463730275631,0.5000904276967049,0.5125203505158424,0.5076291337609291,0.5146579071879387,0.5098910555243492,0.5144165605306625,0.5018466487526894,0.511396087706089,0.5234765708446503,0.5273732841014862,0.5185147449374199,0.5144125148653984,0.5114025175571442,0.5173079743981361,0.5202668234705925,0.5302756577730179,0.5282480344176292,0.5263624042272568,0.5156442523002625,0.3955647051334381,0.3892909698188305,0.38133322075009346,0.37236932665109634,0.3779408559203148,0.3742772452533245,0.37694134935736656,0.3655095286667347,0.36318153515458107,0.36119040474295616,0.3656877540051937,0.3708593025803566,0.3690034709870815,0.3586745634675026,0.3533433750271797,0.34453366696834564,0.33521783724427223,0.33924608305096626,0.32993459329009056,0.33263319730758667,0.3455957770347595,0.3545177988708019,0.33805812895298004,0.34947192668914795,0.33534590527415276,0.33957698196172714,0.3302146792411804,0.33274487778544426,0.3339168317615986,0.34624193981289864,0.3333427682518959,0.34469782188534737,0.33398502320051193,0.3543892428278923,0.33248431235551834,0.33855534717440605,0.3310820683836937,0.32875922322273254,0.3245113454759121,0.33971402794122696,0.33352550864219666,0.339711781591177,0.3363322243094444,0.33699093759059906,0.3195912428200245,0.3132653869688511,0.3160649761557579,0.3276710425104414,0.1621824912726879,0.15881034918129444,0.15440689772367477,0.15589258074760437,0.16360499523580074,0.1619232539087534,0.16058530285954475,0.15429682284593582,0.1495759841054678,0.1490564774721861,0.14288424141705036,0.14564327523112297,0.14601258002221584,0.14568689092993736,0.14774522557854652,0.1485671028494835,0.1448916234076023,0.15042336098849773,0.14550544507801533,0.14747165888547897,0.15095946565270424,0.14996511489152908,0.15062876418232918,0.15515254437923431,0.15661376900970936,0.15668395720422268,0.1512123253196478,0.1542000137269497,0.15242805145680904,0.1605997569859028,0.15600922517478466,0.16214610822498798,0.15961472690105438,0.16382502019405365,0.16252505965530872,0.1673232838511467,0.16375182010233402,0.1652299165725708,0.16837024874985218,0.1765296868979931,0.16943544149398804,0.17474747262895107,0.16649165377020836,0.1654510833323002,0.16259402967989445,0.16110659576952457,0.16228159703314304,0.1603539756366185
SGF_NL,0,9,0.16391116380691528,0.031959593296051025,8.721543312072754,8.0534086227417,169.023442029953,2640.9912817180157,64,0,0,0,0,3840,0.5314598977565765,0.5245420709252357,0.4716297425329685,0.4712388180196285,0.5079053416848183,0.4804622158408165,0.45962008833885193,0.4864020608365536,0.4551924094557762,0.4519627206027508,0.4892795719206333,0.4881214313209057,0.4884064383804798,0.48949388414621353,0.48018214479088783,0.487338300794363,0.47818557918071747,0.4795251153409481,0.5009466037154198,0.5160901471972466,0.526438295841217,0.5249491930007935,0.534160315990448,0.547376275062561,0.5466729775071144,0.542753241956234,0.5561113283038139,0.5606595352292061,0.5484778434038162,0.5425375252962112,0.5503154397010803,0.5563548654317856,0.552576333284378,0.5515591129660606,0.5610483810305595,0.5576021522283554,0.5800108686089516,0.5834281072020531,0.580568216741085,0.5664538890123367,0.5710580199956894,0.5892224907875061,0.5743321105837822,0.563378281891346,0.5530230328440666,0.5524302199482918,0.5371056571602821,0.5342497144426618,0.4173756614327431,0.42418456450104713,0.44696595147252083,0.461615439504385,0.4642418213188648,0.4634085185825825,0.44088370352983475,0.44398288056254387,0.44975676015019417,0.44027508422732353,0.4289010614156723,0.43195732682943344,0.4375137388706207,0.4402311146259308,0.44149523600935936,0.43180539086461067,0.43804655596613884,0.44825465232133865,0.4404369965195656,0.4499429762363434,0.44576646387577057,0.4547524265944958,0.4444677084684372,0.4391378089785576,0.4634014219045639,0.4559970796108246,0.4511127658188343,0.43799474462866783,0.4435415230691433,0.45236845314502716,0.4429410845041275,0.4314253181219101,0.4457496628165245,0.4484839253127575,0.43688349798321724,0.42771461978554726,0.4155608341097832,0.41992637142539024,0.415304783731699,0.41771238669753075,0.40989555418491364,0.42241382598876953,0.4324357248842716,0.4355791173875332,0.43101829662919044,0.4181479997932911,0.42466380074620247,0.42013478704861235,0.05035634012892842,0.05239906767383218,0.043337422888725996,0.046772842295467854,0.04692830238491297,0.04669197415933013,0.052500701043754816,0.05661814007908106,0.057778870686888695,0.06051885196939111,0.06346743647009134,0.0673694172874093,0.06756329257041216,0.06421943241730332,0.05948176421225071,0.06274984683841467,0.06528207566589117,0.06522329803556204,0.06293883034959435,0.06362559273838997,0.06574841309338808,0.06942020077258348,0.07126362808048725,0.06744775269180536,0.07340790703892708,0.0701175918802619,0.07091678958386183,0.07257949002087116,0.07141183037310839,0.07240985333919525,0.06755499821156263,0.07147640734910965,0.07396325655281544,0.07466740719974041,0.07824861630797386,0.07839018758386374,0.08274258207529783,0.07967364974319935,0.07838884089142084,0.07956662215292454,0.0798518406227231,0.08107797708362341,0.08827243559062481,0.09295214246958494,0.08643018547445536,0.08596116304397583,0.08796845469623804,0.08527286670037679
SGF_NL,1,9,0.03302246332168579,-0.06739389896392822,5.772181510925293,7.26643705368042,168.81853437423706,2637.789599597454,64,0,0,0,0,3840,0.4485015608370304,0.4495494067668915,0.4179587848484516,0.4140949696302414,0.43450628966093063,0.4305724799633026,0.4214418977499008,0.4387122765183449,0.456304594874382,0.45131900906562805,0.4535833038389683,0.4591181054711342,0.4655457176268101,0.47557515278458595,0.46452943980693817,0.4487532302737236,0.4515575245022774,0.46303413435816765,0.436328936368227,0.43310900405049324,0.42406952008605003,0.41720224916934967,0.42707788199186325,0.4245692789554596,0.4421598091721535,0.41410088166594505,0.4124866984784603,0.4115722142159939,0.40598514676094055,0.40579797700047493,0.38792698457837105,0.40848008915781975,0.40663037076592445,0.4144931808114052,0.409898579120636,0.415721170604229,0.41489869356155396,0.4173869118094444,0.43251635879278183,0.433197058737278,0.42847613245248795,0.42982638254761696,0.43561507016420364,0.4521690905094147,0.46616729721426964,0.45974795892834663,0.45064162462949753,0.44406081097466604,0.48169343918561935,0.47837304323911667,0.4738786369562149,0.4675171785056591,0.45714350789785385,0.4516482464969158,0.43292655050754547,0.4359685368835926,0.43389471620321274,0.4433167725801468,0.4419538453221321,0.434835072606802,0.43776024505496025,0.4404243528842926,0.45121990516781807,0.45734379813075066,0.4528261125087738,0.4559454545378685,0.46779706329107285,0.47306860238313675,0.4634985476732254,0.447211179882288,0.44860099256038666,0.4423920400440693,0.4395914040505886,0.445990689098835,0.439797755330801,0.44243646040558815,0.43650583177804947,0.4354150518774986,0.4442863017320633,0.4355594962835312,0.43920984119176865,0.4274984672665596,0.4276788905262947,0.425627201795578,0.4252385012805462,0.42108676210045815,0.430320605635643,0.43170760571956635,0.43230926617980003,0.4250433221459389,0.414906058460474,0.4048599526286125,0.396932989358902,0.39301034063100815,0.3981615751981735,0.3937560660498483,0.051190979313105345,0.055264449678361416,0.05565183609724045,0.05932667199522257,0.059790828730911016,0.058635497000068426,0.0551359374076128,0.053645465057343245,0.05515052378177643,0.05455492855980992,0.05621694587171078,0.05991659685969353,0.06100056692957878,0.06589594529941678,0.06686925236135721,0.06239441968500614,0.061917857732623816,0.06643575709313154,0.06477977754548192,0.06317098625004292,0.06371519947424531,0.06356299109756947,0.06608779169619083,0.060583976563066244,0.06012880336493254,0.059642091393470764,0.058597883209586143,0.05959906196221709,0.06056859204545617,0.06030740775167942,0.06700032064691186,0.06982744112610817,0.07212638761848211,0.0751748364418745,0.07783087808638811,0.08267645165324211,0.08125821501016617,0.07969473768025637,0.08339790347963572,0.08135678805410862,0.08526352047920227,0.08924440108239651,0.09168484527617693,0.09352810773998499,0.0954644363373518,0.09341714810580015,0.09164334274828434,0.09503120183944702
SGF_NL,0,10,0.035579681396484375,0.0029151439666748047,4.187698841094971,4.744458198547363,168.94537043571472,2639.7714130580425,64,0,0,0,0,3840,0.6210814416408539,0.6409890875220299,0.6723035648465157,0.6572548300027847,0.6431806832551956,0.5962670370936394,0.5980222374200821,0.6053408086299896,0.5887157917022705,0.6011575385928154,0.6052534207701683,0.6110461130738258,0.6220548003911972,0.6257514208555222,0.6310750395059586,0.6428300216794014,0.6447581872344017,0.6381030306220055,0.6413086727261543,0.6549367308616638,0.6474676951766014,0.6251201927661896,0.6276108846068382,0.6099003031849861,0.6141206100583076,0.6229299902915955,0.6290022805333138,0.6201595291495323,0.6350327283143997,0.6371619626879692,0.6340420842170715,0.6325541734695435,0.6287390068173409,0.61546940356493,0.6208458691835403,0.6279134899377823,0.6238544210791588,0.6484289839863777,0.637380413711071,0.6022136509418488,0.5958380401134491,0.6003762111067772,0.5918470025062561,0.6005685552954674,0.6082997694611549,0.6100224480032921,0.6226287484169006,0.6081490857260567,0.3467429131269455,0.3372914455831051,0.3105447441339493,0.30856363475322723,0.31798047572374344,0.3500741980969906,0.35540009662508965,0.3523618131875992,0.35470444709062576,0.3650319464504719,0.36558787897229195,0.3544514589011669,0.3516107574105263,0.3478044606745243,0.34422025084495544,0.3625550642609596,0.37733113393187523,0.3860129117965698,0.37530409917235374,0.3727191463112831,0.36818554997444153,0.36019206047058105,0.3601900339126587,0.38289597630500793,0.38208840042352676,0.3733839988708496,0.3707781881093979,0.3706377372145653,0.3691866584122181,0.36752158403396606,0.3646770156919956,0.3531830385327339,0.3543172925710678,0.359663974493742,0.34980127587914467,0.32411427795886993,0.3185792304575443,0.31061288714408875,0.3174240365624428,0.3403528369963169,0.3492794595658779,0.3449367471039295,0.35187675431370735,0.3564036674797535,0.3534979745745659,0.35660214349627495,0.3513829857110977,0.36071059107780457,0.038934712298214436,0.03728858474642038,0.03485025744885206,0.031032335478812456,0.030226298375055194,0.026733403792604804,0.028902613557875156,0.02944004745222628,0.03152336901985109,0.027652942575514317,0.03054068540222943,0.03166986652649939,0.030179570894688368,0.028454387560486794,0.029850567691028118,0.03036362654529512,0.029405301436781883,0.03018995001912117,0.03415222279727459,0.035299813374876976,0.03569812886416912,0.039611401967704296,0.04055766202509403,0.03628426697105169,0.038338561076670885,0.04129629768431187,0.040520372800529,0.03788125887513161,0.03924482315778732,0.037750300485640764,0.03383367764763534,0.03589401300996542,0.035775544587522745,0.031726661371067166,0.03130967612378299,0.030769948847591877,0.029790281085297465,0.028683535754680634,0.029773083282634616,0.029403473949059844,0.030611573019996285,0.03202404826879501,0.03081372450105846,0.03266483289189637,0.033669219352304935,0.033628114964812994,0.035183964762836695,0.03467113045709474
SGF_NL,1,10,0.11130344867706299,0.06515675783157349,5.133981704711914,4.404561519622803,168.05626559257507,2625.8791498839855,64,0,0,0,0,3840,0.7092600986361504,0.7093176543712616,0.6598622128367424,0.5802351906895638,0.5843999311327934,0.5770034641027451,0.5721436887979507,0.5749943256378174,0.5563146397471428,0.5544619560241699,0.5693853348493576,0.5625281929969788,0.5428839698433876,0.5241786316037178,0.5124319493770599,0.5248033776879311,0.5571060851216316,0.5557135194540024,0.5510865300893784,0.5999784469604492,0.6076932400465012,0.6148345321416855,0.6417069584131241,0.6377446353435516,0.637524351477623,0.6436181738972664,0.6297128349542618,0.6335610523819923,0.6203359887003899,0.6162466704845428,0.6151022985577583,0.6560601592063904,0.6505037322640419,0.6323587372899055,0.6658762618899345,0.6693350374698639,0.6736413985490799,0.6761894896626472,0.67403344810009,0.6891832202672958,0.6885100454092026,0.7029721364378929,0.6938456743955612,0.6751607060432434,0.6702026128768921,0.6591713279485703,0.6576283723115921,0.6572453890527997,0.3024739511311054,0.3023545555770397,0.33612536266446114,0.41256628558039665,0.43330544233322144,0.4499308802187443,0.4712245501577854,0.45504726096987724,0.4288507178425789,0.3929051496088505,0.38778073713183403,0.38532616198062897,0.3935840278863907,0.4075627662241459,0.4059716872870922,0.41179677471518517,0.4136884994804859,0.39382288977503777,0.3937390223145485,0.36947791650891304,0.369309913367033,0.3601219467818737,0.34127769619226456,0.3345235176384449,0.35564659535884857,0.36351876333355904,0.3886304721236229,0.3853025995194912,0.37422044947743416,0.3649246282875538,0.3788205310702324,0.4069010242819786,0.38514475524425507,0.38765306025743484,0.3865158036351204,0.3930649161338806,0.39349644258618355,0.3885047435760498,0.3834916949272156,0.380010899156332,0.37688132002949715,0.379083514213562,0.3807131461799145,0.38119327649474144,0.3802885375916958,0.3738135024905205,0.3675246722996235,0.3533207816737039,0.048281621653586626,0.050363507587462664,0.051465609576553106,0.05038487631827593,0.04656202020123601,0.045772748067975044,0.044037063140422106,0.04557362571358681,0.04354490898549557,0.0412585292942822,0.04186618886888027,0.04174312064424157,0.04138949466869235,0.03803240042179823,0.03905618190765381,0.038379662204533815,0.03931162413209677,0.03956396784633398,0.0405808761715889,0.044740562327206135,0.04343597078695893,0.04255146440118551,0.04440358933061361,0.04557695472612977,0.04818109888583422,0.045927828643471,0.044038709718734026,0.04682707181200385,0.04962917463853955,0.04434192692860961,0.03991824109107256,0.04097788222134113,0.04392325831577182,0.04043467389419675,0.042685735039412975,0.043243871070444584,0.04435131372883916,0.045518699567765,0.04568684007972479,0.04324947344139218,0.04379097744822502,0.04572131531313062,0.045050719287246466,0.04302593134343624,0.04786388296633959,0.047961178701370955,0.049595790915191174,0.04162022950393813
SGF_NL,0,11,0.1293935775756836,0.0012488365173339844,11.028759956359863,10.47872543334961,170.05111384391785,2657.0486538112164,64,0,0,0,0,3840,0.6958953067660332,0.6874510943889618,0.682365320622921,0.6704105958342552,0.6597217693924904,0.6498107239603996,0.6512477621436119,0.6516407132148743,0.6446205601096153,0.6425839588046074,0.6321357935667038,0.6121799647808075,0.6129545643925667,0.6090902984142303,0.6017659828066826,0.6114981323480606,0.6102573350071907,0.5890717208385468,0.5855539962649345,0.5757808014750481,0.5711373165249825,0.5897439122200012,0.5837220922112465,0.5727660357952118,0.5603450983762741,0.5769119337201118,0.585789293050766,0.572213776409626,0.5720662102103233,0.5841896533966064,0.568512849509716,0.5982995927333832,0.609295055270195,0.6016671881079674,0.573173463344574,0.5661078616976738,0.5749576538801193,0.582596480846405,0.5796963348984718,0.5746045559644699,0.5740422084927559,0.5717353224754333,0.577698290348053,0.5868285447359085,0.6038521453738213,0.6225759983062744,0.6151471734046936,0.6116202218191964,0.4078404940664768,0.415049958974123,0.4213723689317703,0.42777223885059357,0.4464724734425545,0.44157444313168526,0.4578617066144943,0.4633905775845051,0.46909937635064125,0.4886140823364258,0.4801066145300865,0.4809580557048321,0.49251412972807884,0.49913493171334267,0.5137386992573738,0.5019984357059002,0.4944380186498165,0.4983297884464264,0.4978618025779724,0.496986448764801,0.4960836283862591,0.4884076155722141,0.4783734753727913,0.4785201661288738,0.489065483212471,0.478020615875721,0.47053365036845207,0.48331882804632187,0.4787226729094982,0.46112310141324997,0.4779064655303955,0.4586993008852005,0.4523026756942272,0.4652473069727421,0.485064584761858,0.4978545233607292,0.5022494494915009,0.5064374208450317,0.5021646283566952,0.4911656454205513,0.5038950406014919,0.4889942333102226,0.48688048869371414,0.4840279407799244,0.48507998138666153,0.4815911166369915,0.4863542318344116,0.4815731133733477,0.06926502287387848,0.07271879259496927,0.07751701679080725,0.0783311752602458,0.07927994895726442,0.08296589367091656,0.0846280800178647,0.08689038082957268,0.08929265197366476,0.09267545398324728,0.09480573795735836,0.09713523928076029,0.09738316666334867,0.09467026591300964,0.09433977492153645,0.09685712214559317,0.09561695531010628,0.09943402744829655,0.10311153158545494,0.1104572108015418,0.11627054121345282,0.11974541004747152,0.12034416198730469,0.12717250175774097,0.13117297738790512,0.13197108916938305,0.13155828043818474,0.13086992129683495,0.1273465622216463,0.12760766968131065,0.1251581059768796,0.12114106118679047,0.11758524086326361,0.1174215180799365,0.11832648608833551,0.12246277183294296,0.12084966525435448,0.11494605243206024,0.11404444836080074,0.12070180010050535,0.12536243814975023,0.13089721649885178,0.13156731985509396,0.13804585672914982,0.14249759539961815,0.13973897695541382,0.1381084006279707,0.13589775349412644
SGF_NL,1,11,0.15765857696533203,0.10497021675109863,10.723285675048828,9.869941711425781,168.51908111572266,2633.1106424331665,64,0,0,0,0,3840,0.6810423880815506,0.6735179275274277,0.678389310836792,0.671601727604866,0.6712557598948479,0.6610570177435875,0.6573438793420792,0.6234577670693398,0.6257307752966881,0.5796935930848122,0.594880148768425,0.6225655972957611,0.6300570592284203,0.6337364017963409,0.6314805671572685,0.6604871824383736,0.6503684520721436,0.6491885259747505,0.6532566472887993,0.6514635160565376,0.6611119508743286,0.6722516790032387,0.6669731289148331,0.677550919353962,0.6668100580573082,0.655372641980648,0.6471208781003952,0.6381804868578911,0.6395927518606186,0.62464439868927,0.6241881176829338,0.6116352304816246,0.6204354986548424,0.6477024480700493,0.6271888241171837,0.6382451429963112,0.6628591045737267,0.6574923321604729,0.6621596217155457,0.673834539949894,0.6777277067303658,0.6700764372944832,0.6723107621073723,0.701737143099308,0.7116642519831657,0.6970958933234215,0.674994483590126,0.676660248211452,0.4349251799285412,0.44091350957751274,0.4463108479976654,0.44892075657844543,0.42315225303173065,0.44268739223480225,0.4421864077448845,0.45348060131073,0.453686710447073,0.4878557175397873,0.4949736148118973,0.47428273782134056,0.46972570940852165,0.4699551351368427,0.48007136583328247,0.4752509891986847,0.4750881567597389,0.468112014234066,0.4584795832633972,0.46777717769145966,0.4597608298063278,0.4663967005908489,0.4771919324994087,0.47543733939528465,0.48889805376529694,0.48890116438269615,0.4879787042737007,0.4812202453613281,0.46486516669392586,0.4750470519065857,0.4928246848285198,0.5061920620501041,0.5028452053666115,0.48508837446570396,0.5030896067619324,0.48064959049224854,0.45639538019895554,0.46650755032896996,0.4624073691666126,0.4554378353059292,0.44488024711608887,0.4542338438332081,0.43313760310411453,0.417406652122736,0.40360353887081146,0.38495510816574097,0.3889794312417507,0.4002239150660379,0.06377161666750908,0.0676071522757411,0.07108404021710157,0.07463083695620298,0.07481917180120945,0.07260390743613243,0.07566640060395002,0.07888804282993078,0.08250882849097252,0.09059390518814325,0.09468064457178116,0.09748103749006987,0.10043150186538696,0.09844243712723255,0.10145168378949165,0.10329583007842302,0.10443928744643927,0.11054373905062675,0.1139165386557579,0.11403175722807646,0.10934569779783487,0.10915282648056746,0.10899314936250448,0.10944555886089802,0.11027738358825445,0.11610684543848038,0.12266918271780014,0.12282069306820631,0.11830293107777834,0.11743833590298891,0.118360361084342,0.1223338870331645,0.12935118190944195,0.131042942404747,0.1345075313001871,0.1356191188097,0.14086823910474777,0.14569060690701008,0.14706793427467346,0.14509312994778156,0.14564030803740025,0.14859582297503948,0.13930492103099823,0.12846339866518974,0.12082525342702866,0.11634695529937744,0.1085200347006321,0.09972918565784182
SGF_NL,0,12,0.1726064682006836,0.07849687337875366,7.570046424865723,10.443746566772461,170.00542044639587,2656.3346944749355,64,0,0,0,0,3840,0.4552154801785946,0.49870341271162033,0.5312341526150703,0.5311965122818947,0.5393547937273979,0.5193063318729401,0.5307144969701767,0.5331355407834053,0.5443089827895164,0.5491059571504593,0.5595961287617683,0.5576716586947441,0.5445585623383522,0.5416767075657845,0.5491071417927742,0.5289070531725883,0.539848193526268,0.5720342919230461,0.5643430277705193,0.5488379299640656,0.5457463562488556,0.5423228517174721,0.5470139533281326,0.5591812655329704,0.5535033643245697,0.5522994250059128,0.5518543273210526,0.5567522197961807,0.56268210709095,0.5660608038306236,0.5620297342538834,0.5589113458991051,0.5462864860892296,0.5447363555431366,0.5285503789782524,0.5240962877869606,0.5291270539164543,0.5278772786259651,0.5277159214019775,0.5229016318917274,0.5513858646154404,0.5755301341414452,0.5736239477992058,0.580808736383915,0.5770275518298149,0.5730745419859886,0.5812689587473869,0.5735653809138707,0.40180984884500504,0.39406348764896393,0.39510567113757133,0.3851730637252331,0.3744250684976578,0.36831409484148026,0.3621910512447357,0.3612583763897419,0.3575342148542404,0.3558042570948601,0.3454758897423744,0.34584686160087585,0.34999314323067665,0.3468978814780712,0.34028901159763336,0.3507908917963505,0.33378709480166435,0.330637913197279,0.3328543193638325,0.334781501442194,0.3412908725440502,0.3501000478863716,0.3517741374671459,0.34430042281746864,0.34344926103949547,0.3502884618937969,0.3465253785252571,0.3483584523200989,0.3496790826320648,0.35334327071905136,0.3541066013276577,0.3569732829928398,0.3620767891407013,0.364231888204813,0.37683698534965515,0.3853670172393322,0.3883868232369423,0.3862769156694412,0.38939258828759193,0.39817407354712486,0.3794078081846237,0.3510619103908539,0.34891215711832047,0.342233344912529,0.34642117097973824,0.35060855746269226,0.3383104130625725,0.3404636297907148,0.1572307702153921,0.1612813100218773,0.15631399489939213,0.14889916591346264,0.15164103358983994,0.15497326664626598,0.1504506878554821,0.14872431196272373,0.14606145210564137,0.14362928085029125,0.13820624724030495,0.1352490708231926,0.13328932970762253,0.13143594190478325,0.13018433563411236,0.13094292767345905,0.13247115910053253,0.1337711475789547,0.13217292726039886,0.12995721027255058,0.1344031896442175,0.135865805670619,0.137783695012331,0.1366265621036291,0.1324489489197731,0.1336696483194828,0.133910171687603,0.12742117326706648,0.12654603645205498,0.12503146566450596,0.12312800530344248,0.12475892622023821,0.13162388280034065,0.12890145555138588,0.13239059038460255,0.13368484564125538,0.1409446056932211,0.13906878232955933,0.13909373059868813,0.1391418743878603,0.14375603944063187,0.14840875938534737,0.1510624885559082,0.15221308544278145,0.1514708697795868,0.15680263005197048,0.15809430554509163,0.15817304381302424
SGF_NL,1,12,0.14690399169921875,0.10399872064590454,8.247648239135742,7.227204322814941,168.65121603012085,2635.1752504706383,64,0,0,0,0,3840,0.41293200105428696,0.4220358729362488,0.44391247257590294,0.44395142793655396,0.42099808901548386,0.40902862325310707,0.4051195718348026,0.39093439653515816,0.3976196348667145,0.40869494900107384,0.4263755641877651,0.42620406299829483,0.4306955263018608,0.4228532612323761,0.4169417731463909,0.3984690420329571,0.4040933698415756,0.4177958779036999,0.43795137479901314,0.4428797550499439,0.4312196485698223,0.43212875351309776,0.43390513211488724,0.44249433651566505,0.43815140798687935,0.43538640066981316,0.43264685943722725,0.43909547477960587,0.4422488249838352,0.4356572739779949,0.447333388030529,0.454815573990345,0.45413966849446297,0.44359593465924263,0.4504217244684696,0.4621774032711983,0.4601755179464817,0.4547681324183941,0.45873380824923515,0.46727878600358963,0.48098958656191826,0.4964977577328682,0.48378127813339233,0.46076004207134247,0.4576040133833885,0.46922221779823303,0.48618109151721,0.4785406844956534,0.42023518681526184,0.415755245834589,0.4120740629732609,0.409249197691679,0.40959620475769043,0.40858711674809456,0.3957790844142437,0.3956553675234318,0.4026343785226345,0.3971787728369236,0.3846205994486809,0.3826579302549362,0.3900887742638588,0.3977719768881798,0.4019414745271206,0.41789205372333527,0.43040619790554047,0.42453135177493095,0.4095972888171673,0.40667977929115295,0.4055337943136692,0.41041163727641106,0.4122752659022808,0.4118616059422493,0.41148314252495766,0.4113330952823162,0.4078572019934654,0.4049542136490345,0.40818243473768234,0.40820424258708954,0.40035443380475044,0.3949967138469219,0.38864075392484665,0.39790232107043266,0.3999435119330883,0.39058972895145416,0.3860827796161175,0.3841784782707691,0.38227207586169243,0.37942783907055855,0.36978572234511375,0.3635973669588566,0.36903800442814827,0.3730492703616619,0.37001317739486694,0.36229148507118225,0.3477076254785061,0.3496974493776049,0.17075879126787186,0.17876205407083035,0.18096590973436832,0.18704136833548546,0.19161020033061504,0.19484426267445087,0.19465908594429493,0.1947617158293724,0.19260666146874428,0.19257152639329433,0.19062530249357224,0.1857777889817953,0.1829500924795866,0.17920295894145966,0.18107844702899456,0.173403674736619,0.16917012445628643,0.16977962665259838,0.17680118046700954,0.173915458843112,0.16596540436148643,0.16712550073862076,0.1732985433191061,0.17678718827664852,0.1773387398570776,0.17321939207613468,0.17272385582327843,0.1658614631742239,0.16030654311180115,0.1605580560863018,0.15946886502206326,0.15677223913371563,0.15367712266743183,0.1506717335432768,0.16222608275711536,0.1679371129721403,0.16956036165356636,0.17379643209278584,0.16813089326024055,0.16503696702420712,0.16018416732549667,0.15554395504295826,0.15624154545366764,0.15733913145959377,0.15512943640351295,0.15637312270700932,0.151357751339674,0.15360907358782633
SGF_NL,0,13,0.09658408164978027,0.12188988924026489,7.330812931060791,9.561310768127441,169.13441610336304,2642.7252516150475,64,0,0,0,0,3840,0.5312558189034462,0.5415063723921776,0.5501511543989182,0.557353749871254,0.5646425932645798,0.5643231943249702,0.576104149222374,0.5886377468705177,0.6003750637173653,0.6024624705314636,0.5998047068715096,0.6080715730786324,0.5924103334546089,0.5973398610949516,0.5983278453350067,0.6031239479780197,0.5996660068631172,0.5961083620786667,0.5945319831371307,0.5966736599802971,0.5978251025080681,0.5985086634755135,0.5993211418390274,0.6024303659796715,0.6087732911109924,0.6141711473464966,0.6138770282268524,0.6086157485842705,0.6044593006372452,0.6026229113340378,0.5982135906815529,0.6003284901380539,0.6019085869193077,0.5995617583394051,0.5985143333673477,0.601837158203125,0.6075534448027611,0.6051782220602036,0.6158226206898689,0.6090107709169388,0.6049166321754456,0.6071918085217476,0.6050413623452187,0.606054849922657,0.6109534129500389,0.6125382855534554,0.6182797327637672,0.6260138409478324,0.5251405239105225,0.5258052572607994,0.5266430675983429,0.5274760499596596,0.5276632159948349,0.5185723081231117,0.5028397366404533,0.49099189043045044,0.4844566658139229,0.48809675872325897,0.491384606808424,0.4898708239197731,0.49739381670951843,0.4962264448404312,0.4961824044585228,0.49776147305965424,0.49899569153785706,0.49814001098275185,0.5027874559164047,0.5027179233729839,0.5035458207130432,0.5086265578866005,0.5108523666858673,0.5134434923529625,0.5144820362329483,0.5107691809535027,0.5055584609508514,0.5038112848997116,0.5041360631585121,0.5042584985494614,0.5061768516898155,0.5068411380052567,0.5084227100014687,0.5097280815243721,0.5084934383630753,0.509478434920311,0.5071659460663795,0.5036036819219589,0.49881990998983383,0.5019960403442383,0.5057794228196144,0.502544566988945,0.5030442550778389,0.5023250952363014,0.5012099705636501,0.49899569153785706,0.49577220156788826,0.493502608367375,0.12696471344679594,0.13262170739471912,0.13262576051056385,0.13622000999748707,0.13404443487524986,0.13220343738794327,0.13719856552779675,0.13934030942618847,0.13777478598058224,0.13660759292542934,0.13651705347001553,0.14212503097951412,0.13977116905152798,0.14223930053412914,0.14145555905997753,0.14473647996783257,0.1437922716140747,0.14256841130554676,0.13607862032949924,0.13696599937975407,0.13835424929857254,0.14335033483803272,0.1488170213997364,0.15187855251133442,0.14858737960457802,0.14705180004239082,0.15117965638637543,0.14666223339736462,0.14019929058849812,0.14070329628884792,0.14028155244886875,0.13932442478835583,0.14306969568133354,0.14236759021878242,0.14547595381736755,0.14624321274459362,0.13796024955809116,0.14066430181264877,0.1417614333331585,0.13956604897975922,0.13948716036975384,0.1367161087691784,0.13467135280370712,0.13700450211763382,0.13914060220122337,0.13653982244431973,0.13536787033081055,0.134212498153959
SGF_NL,1,13,0.1722204089164734,0.11859863996505737,7.169341087341309,8.270824432373047,168.36370062828064,2630.682822316885,64,0,0,0,0,3840,0.6992919892072678,0.706218771636486,0.6464225053787231,0.6523652151226997,0.7077146917581558,0.7079668268561363,0.6785712763667107,0.7152911871671677,0.7087474167346954,0.6960743889212608,0.684194952249527,0.7166723012924194,0.6917544826865196,0.712268091738224,0.7112493515014648,0.7135409191250801,0.7181577011942863,0.727862112224102,0.7384661883115768,0.7410490214824677,0.7427770793437958,0.7453824803233147,0.7372786104679108,0.7330588698387146,0.7327567562460899,0.7039763554930687,0.6967909634113312,0.6994838491082191,0.6960356160998344,0.7115591168403625,0.7368517890572548,0.7419566586613655,0.7253804132342339,0.7406057640910149,0.7474347352981567,0.742812879383564,0.7439310550689697,0.7438003048300743,0.7422564402222633,0.742619477212429,0.7428393885493279,0.7413128092885017,0.7354555726051331,0.7369696870446205,0.7389029413461685,0.7397952750325203,0.7412386387586594,0.7456527352333069,0.43106089159846306,0.42534999921917915,0.4480091445147991,0.45217277482151985,0.43299562484025955,0.43376632779836655,0.43808915093541145,0.4234827719628811,0.42407841235399246,0.4310276508331299,0.43974636122584343,0.42886484786868095,0.4359211325645447,0.42588989809155464,0.4262128882110119,0.4242429621517658,0.4207596108317375,0.414295744150877,0.41457733884453773,0.4179365783929825,0.4222276955842972,0.42283501476049423,0.4250711537897587,0.4254567101597786,0.42840535938739777,0.43888573721051216,0.4388458989560604,0.43734531477093697,0.43409550935029984,0.431405670940876,0.425247460603714,0.4241146966814995,0.4329581819474697,0.43102746084332466,0.4309515096247196,0.43362610042095184,0.43697984144091606,0.441927894949913,0.44140317291021347,0.4514845162630081,0.4526001513004303,0.44881797954440117,0.44583266973495483,0.43891823291778564,0.4334598407149315,0.4205721318721771,0.4163028262555599,0.4141041168144771,0.12772088777273893,0.12821303494274616,0.11770040262490511,0.12282693944871426,0.12898519821465015,0.12800261192023754,0.12460311502218246,0.12545782513916492,0.13054709509015083,0.13499977812170982,0.13431883044540882,0.13157295808196068,0.1316048577427864,0.1307122390717268,0.13150078989565372,0.1331525519490242,0.1312059424817562,0.13213969208300114,0.133224505931139,0.13501615077257156,0.13847719319164753,0.14889797382056713,0.15210190787911415,0.15841418877243996,0.15712447836995125,0.15268344432115555,0.14417575672268867,0.13665022514760494,0.13255630806088448,0.12520054448395967,0.1226689862087369,0.12356759700924158,0.13004586566239595,0.13567295484244823,0.14141356013715267,0.1440306194126606,0.14620283618569374,0.14902236498892307,0.14752564579248428,0.15221535973250866,0.1529932413250208,0.15007881447672844,0.14905959367752075,0.14934097044169903,0.14942988008260727,0.14833909086883068,0.15195666067302227,0.15846380591392517
SGF_NL,0,14,0.07056963443756104,0.08144420385360718,4.1852922439575195,3.757603645324707,169.23603916168213,2644.3131119012833,64,0,0,0,0,3840,0.646038755774498,0.6578187793493271,0.6560238003730774,0.6555128544569016,0.6616248711943626,0.6556228995323181,0.6550643891096115,0.6661560982465744,0.6610791608691216,0.6677414178848267,0.6677241176366806,0.6603900119662285,0.6719313338398933,0.6701706498861313,0.6834321096539497,0.6773814857006073,0.6748978570103645,0.6749231815338135,0.6659131273627281,0.664213664829731,0.6768468618392944,0.6725806817412376,0.6742189005017281,0.6760633736848831,0.6795927882194519,0.6655227169394493,0.6719869673252106,0.6693845316767693,0.6828259378671646,0.6769094616174698,0.6558477357029915,0.6566139534115791,0.6583834737539291,0.6555396988987923,0.6608448177576065,0.6656292304396629,0.6687564700841904,0.6676940694451332,0.6673266440629959,0.6664243340492249,0.6747382134199142,0.6773611977696419,0.6740689650177956,0.6758727133274078,0.685706689953804,0.6773911193013191,0.6695948913693428,0.679271970476423,0.2956306114792824,0.2850119024515152,0.2839170768857002,0.280065156519413,0.26933396607637405,0.26880884170532227,0.27201247960329056,0.270521130412817,0.28051581233739853,0.25949976593255997,0.26704486459493637,0.2654976099729538,0.26027240976691246,0.26366596296429634,0.2626793086528778,0.26845595985651016,0.26875829696655273,0.2767285741865635,0.2764197029173374,0.27225565910339355,0.27370280027389526,0.2727636396884918,0.2757636606693268,0.27578679844737053,0.27639634907245636,0.28165870159864426,0.2903839610517025,0.2951621487736702,0.2936658039689064,0.2897052578628063,0.301996685564518,0.3051994778215885,0.3084339499473572,0.3090033568441868,0.3045009784400463,0.3017721548676491,0.31004665419459343,0.3084557317197323,0.3045111410319805,0.3051408790051937,0.3024097941815853,0.3063071295619011,0.3118440806865692,0.3120088055729866,0.3065471947193146,0.31083081290125847,0.3038538433611393,0.2978377640247345,0.1304659266024828,0.1446167677640915,0.14803998358547688,0.15210822597146034,0.15308080986142159,0.14943083189427853,0.14846233278512955,0.1463636290282011,0.14810007065534592,0.1454130858182907,0.14235949888825417,0.1419920101761818,0.13674376904964447,0.1349605079740286,0.1295846812427044,0.12863996997475624,0.12964624539017677,0.1278135795146227,0.12872117571532726,0.12972833774983883,0.1268467539921403,0.13030383549630642,0.1294780932366848,0.13093375600874424,0.1292127314954996,0.1300558913499117,0.13322422467172146,0.1354657057672739,0.13174048624932766,0.12671444471925497,0.1294741090387106,0.13187671825289726,0.13346226327121258,0.13431500270962715,0.13618352450430393,0.1349952295422554,0.12820043601095676,0.13033916056156158,0.12765603885054588,0.1257706182077527,0.12409742269665003,0.1215818515047431,0.11893353145569563,0.11769162025302649,0.1207160297781229,0.11808708403259516,0.11864458210766315,0.11813003889151982
SGF_NL,1,14,0.027728736400604248,-0.04251474142074585,4.360681533813477,3.348212718963623,168.5587682723999,2633.7307542562485,64,0,0,0,0,3840,0.8004001528024673,0.8150471076369286,0.830503560602665,0.836941160261631,0.8344792872667313,0.8141337484121323,0.8239444941282272,0.8283166810870171,0.8320532739162445,0.8418410643935204,0.8449307009577751,0.8528243452310562,0.8595447167754173,0.8570646122097969,0.8613718375563622,0.8645434081554413,0.8667588010430336,0.8680601641535759,0.8768576830625534,0.869308590888977,0.8531529828906059,0.8520213589072227,0.8581922799348831,0.853546179831028,0.8442109525203705,0.845839112997055,0.8594376668334007,0.860725499689579,0.856166161596775,0.8533346429467201,0.8355788663029671,0.8290742933750153,0.8305248767137527,0.8216661065816879,0.8095718398690224,0.8106424361467361,0.8153126239776611,0.8019378930330276,0.7998383790254593,0.7935453802347183,0.8144412785768509,0.8249943628907204,0.8261186257004738,0.8103475496172905,0.796491764485836,0.8072560131549835,0.8093633726239204,0.8090976476669312,0.26265667378902435,0.2520731035619974,0.23700452037155628,0.2352121565490961,0.23741277679800987,0.24892884865403175,0.24369000270962715,0.2490597739815712,0.26801301538944244,0.26871970668435097,0.26621728017926216,0.26004304736852646,0.2648388482630253,0.2695705443620682,0.26582586765289307,0.25933003053069115,0.25198263116180897,0.24915599450469017,0.23826333694159985,0.2467652428895235,0.2582079581916332,0.25777350179851055,0.24432548694312572,0.24406283721327782,0.24719293229281902,0.24868806265294552,0.2586258687078953,0.26511574164032936,0.2654038593173027,0.2729407288134098,0.3020278103649616,0.3035246841609478,0.2925807647407055,0.2964182123541832,0.31492767110466957,0.3349297344684601,0.3467321954667568,0.3599744997918606,0.37500229850411415,0.3779730200767517,0.3634331487119198,0.3598637990653515,0.36764442548155785,0.3752831406891346,0.37843070551753044,0.3790004290640354,0.3787502646446228,0.38456274781908306,0.12995241023600101,0.1404186487197876,0.13225901126861572,0.12653419561684132,0.12231067102402449,0.1231826301664114,0.12331144884228706,0.12261271849274635,0.12081033550202847,0.12452607322484255,0.1242658095434308,0.12123571429401636,0.12079972866922617,0.12084641214460135,0.11907531786710024,0.11701677739620209,0.11524912156164646,0.11189918126910925,0.10925486870110035,0.11103443708270788,0.11754950787872076,0.11762676201760769,0.1139603154733777,0.114659508690238,0.11378101259469986,0.10945511516183615,0.10627701506018639,0.10393305961042643,0.10163101647049189,0.10146880708634853,0.1007024236023426,0.10620754957199097,0.10467925481498241,0.1048338059335947,0.10861192736774683,0.11161530017852783,0.10951098054647446,0.1058378117159009,0.1031461376696825,0.10871680546551943,0.10772329196333885,0.10610550362616777,0.10825433116406202,0.11043610330671072,0.11428758315742016,0.11840078514069319,0.11821695882827044,0.1235537018094744
SGF_NL,0,15,0.08716583251953125,0.023345887660980225,8.134841918945312,8.357386589050293,168.47456884384155,2632.4151381850243,64,0,0,0,0,3840,0.7149933278560638,0.7169203534722328,0.6994962990283966,0.6806537210941315,0.6695838496088982,0.6611727103590965,0.6485742181539536,0.664714127779007,0.6720014363527298,0.6819572821259499,0.690724790096283,0.6987233906984329,0.6887133717536926,0.6956530213356018,0.6862676292657852,0.6805774196982384,0.66932662576437,0.6772725209593773,0.6804966628551483,0.6819418221712112,0.6721973866224289,0.6644017025828362,0.664203092455864,0.672564186155796,0.6698479279875755,0.6549044996500015,0.6552408412098885,0.6507796198129654,0.6574159264564514,0.6701656803488731,0.6731053739786148,0.6622735187411308,0.6504035890102386,0.635916218161583,0.6475523710250854,0.6673189923167229,0.6795908883213997,0.6787277460098267,0.6785296872258186,0.6583236157894135,0.6544725373387337,0.6514975354075432,0.6558289900422096,0.6553001254796982,0.6584310829639435,0.6642417386174202,0.66604945063591,0.6733174324035645,0.44245266169309616,0.44627559557557106,0.4581933170557022,0.4724885895848274,0.4860574007034302,0.49731023609638214,0.5131693780422211,0.5071721747517586,0.5038063824176788,0.4924766644835472,0.48492976650595665,0.4758542589843273,0.47375719249248505,0.4640637896955013,0.47124993056058884,0.4757104590535164,0.4852087013423443,0.48222434148192406,0.48002417013049126,0.47929080203175545,0.48251162841916084,0.48182692751288414,0.4751991853117943,0.47384221106767654,0.470801655203104,0.4916493706405163,0.497385710477829,0.5056190975010395,0.5080836489796638,0.501985713839531,0.5001309774816036,0.503197930753231,0.5150639042258263,0.5265656486153603,0.5190344899892807,0.5009227357804775,0.4926612637937069,0.49385837092995644,0.4950014352798462,0.5029301270842552,0.5056356266140938,0.5036095678806305,0.4978482127189636,0.4956818073987961,0.49433764442801476,0.4950692355632782,0.4901071563363075,0.4850097724369594,0.07246964052319527,0.07851683627814054,0.07998007535934448,0.08865649905055761,0.0923721706494689,0.09305381774902344,0.09396258648484945,0.09307979233562946,0.09345507249236107,0.09504091367125511,0.09239904023706913,0.09006492048501968,0.09008407779037952,0.09163867589086294,0.08861446008086205,0.09506095759570599,0.10365079157054424,0.11103694699704647,0.12084605544805527,0.12689771223813295,0.13034310564398766,0.12899481877684593,0.12495280057191849,0.12209873460233212,0.11929761618375778,0.12041866220533848,0.1186609398573637,0.11187544744461775,0.10795611795037985,0.10370075423270464,0.10219076927751303,0.10597169771790504,0.10623902268707752,0.11063386220484972,0.11537334509193897,0.11752144619822502,0.12263111304491758,0.12366274744272232,0.12042682617902756,0.11686539929360151,0.11475702468305826,0.11564232315868139,0.11251814104616642,0.1141402842476964,0.11173179186880589,0.10892981942743063,0.11275165807455778,0.1155878912125315
SGF_NL,1,15,0.16145801544189453,0.012317836284637451,9.101274490356445,11.090469360351562,168.128160238266,2627.002503722906,64,0,0,0,0,3840,0.6828032433986664,0.681287057697773,0.6732311099767685,0.6666240766644478,0.6581887304782867,0.6490173563361168,0.6553657650947571,0.6587670221924782,0.651072733104229,0.6589534878730774,0.6710371598601341,0.6647182703018188,0.6566433683037758,0.6645796746015549,0.6743426248431206,0.681292824447155,0.6867306083440781,0.6918086782097816,0.6997668072581291,0.7087529003620148,0.7050113528966904,0.7010525614023209,0.7052485793828964,0.7111682221293449,0.7217330560088158,0.7173581123352051,0.7110767066478729,0.7103747799992561,0.7140982076525688,0.7075469270348549,0.6956975907087326,0.6931018680334091,0.6891060546040535,0.6942380145192146,0.7062744870781898,0.7085360139608383,0.701068177819252,0.6882277950644493,0.6825565844774246,0.6702034026384354,0.6725850477814674,0.6715192049741745,0.6834900081157684,0.6750098913908005,0.6782039031386375,0.6776728332042694,0.6854857057332993,0.6905993138040815,0.4404314458370209,0.45591290667653084,0.4637254774570465,0.46932924538850784,0.47306835278868675,0.4796542339026928,0.4750855751335621,0.4772650972008705,0.4944707825779915,0.4815720096230507,0.4737863205373287,0.4744628183543682,0.4779256768524647,0.4707968235015869,0.4630923755466938,0.45997045189142227,0.4535958282649517,0.4481111839413643,0.44561196491122246,0.43648242950439453,0.4334690272808075,0.43849868699908257,0.4384800121188164,0.4372413903474808,0.4327048286795616,0.4382101148366928,0.4422517232596874,0.44000475853681564,0.440320685505867,0.44517892599105835,0.4523824118077755,0.450148019939661,0.45193618163466454,0.44914083555340767,0.4437478445470333,0.45044396817684174,0.46128838136792183,0.46973590552806854,0.4711545631289482,0.4807325415313244,0.48044034093618393,0.4795680567622185,0.46862486004829407,0.4734977148473263,0.4728442393243313,0.4773694947361946,0.4693061523139477,0.46648028067180086,0.0882620420306921,0.10534754768013954,0.12130021676421165,0.12858637236058712,0.13120584562420845,0.1330346278846264,0.13335446454584599,0.13078548200428486,0.12997943349182606,0.12991048581898212,0.12586355302482843,0.12749043479561806,0.1315675787627697,0.1352759152650833,0.1388364750891924,0.1383984237909317,0.13168041594326496,0.12955079413950443,0.12189206667244434,0.11564441584050655,0.118602329865098,0.12272851727902889,0.124119165353477,0.12587337754666805,0.12461712677031755,0.12433783710002899,0.12953576538711786,0.13907489366829395,0.1429356224834919,0.14783347956836224,0.1495040152221918,0.1521135587245226,0.15395675785839558,0.14326216094195843,0.13888799957931042,0.13709265366196632,0.13698573783040047,0.13475950807332993,0.1349171195179224,0.1430652905255556,0.1493510790169239,0.151673786342144,0.14894843846559525,0.15320780873298645,0.15296431072056293,0.15670697018504143,0.15720046125352383,0.15834127153669084
SGF_NL,0,16,0.14346039295196533,0.017626702785491943,6.543599605560303,9.277501106262207,168.46092820167542,2632.2020031511784,64,0,0,0,0,3840,0.5650681778788567,0.5825993418693542,0.5999426543712616,0.6170072704553604,0.6172769889235497,0.6075175404548645,0.579691544175148,0.5873481556773186,0.5873539596796036,0.5596054084599018,0.5709651187062263,0.5870529934763908,0.5919738933444023,0.5870961919426918,0.567725881934166,0.6006690338253975,0.5740141421556473,0.5819132328033447,0.5909065455198288,0.5920585989952087,0.5877501294016838,0.5936204046010971,0.5854193791747093,0.5706236734986305,0.5563437715172768,0.566865473985672,0.5749708488583565,0.5741882398724556,0.5702967271208763,0.566481925547123,0.547978475689888,0.5583035722374916,0.5627010837197304,0.5693525895476341,0.5546095967292786,0.5630892664194107,0.5459604412317276,0.5474363304674625,0.5639307126402855,0.559185266494751,0.5551579296588898,0.5614480301737785,0.5622056201100349,0.5712606236338615,0.5637476593255997,0.5744640603661537,0.5853884369134903,0.5804247770990644,0.3510464020073414,0.32753967493772507,0.30907101184129715,0.2987234741449356,0.28794706240296364,0.2890019975602627,0.3168495148420334,0.30905041098594666,0.30762920528650284,0.33770594745874405,0.32444220036268234,0.3046911470592022,0.3073853850364685,0.31752877682447433,0.3378088027238846,0.3065309524536133,0.31829774007201195,0.31708722561597824,0.32145196199417114,0.31836337968707085,0.3351055346429348,0.33484870195388794,0.3397301696240902,0.36086316406726837,0.37600330263376236,0.3644680716097355,0.35980696231126785,0.3595117889344692,0.350285816937685,0.3460208475589752,0.3571287766098976,0.34728989377617836,0.34059805050492287,0.3373562656342983,0.3451761156320572,0.3405805304646492,0.35315290093421936,0.3470429554581642,0.3387931399047375,0.34353482723236084,0.3412291072309017,0.3338894695043564,0.33676888048648834,0.33397071063518524,0.3480526804924011,0.333532378077507,0.3296124264597893,0.3319878195013319,0.11834570299834013,0.119953827932477,0.13006590399891138,0.13737574592232704,0.13816420547664165,0.1379899587482214,0.13777362741529942,0.13221713714301586,0.1302703693509102,0.12547583039849997,0.12796881049871445,0.13556162267923355,0.13876898773014545,0.13900628872215748,0.13974510319530964,0.1456525083631277,0.1390316616743803,0.13779330626130104,0.13620647974312305,0.1328317243605852,0.13296827487647533,0.1352547537535429,0.1344588417559862,0.1331305243074894,0.12927088979631662,0.13033371046185493,0.1310005895793438,0.12782389111816883,0.12455974891781807,0.130760932341218,0.1317305862903595,0.14148245379328728,0.15007546544075012,0.1520063877105713,0.15437019616365433,0.160713043063879,0.15840439312160015,0.15638182125985622,0.16286094672977924,0.15954982861876488,0.15496850199997425,0.15330021642148495,0.1495939940214157,0.14994134195148945,0.14664476737380028,0.14936506934463978,0.14785615168511868,0.14720892906188965
SGF_NL,1,16,0.19850170612335205,0.1153598427772522,7.1933770179748535,6.875616550445557,168.43201398849487,2631.7502185702324,64,0,0,0,0,3840,0.5424289181828499,0.5746027156710625,0.5756744295358658,0.5715297311544418,0.5643356442451477,0.5523487851023674,0.5505367070436478,0.5455110147595406,0.5426035225391388,0.5432774871587753,0.5557213053107262,0.573398545384407,0.5760689899325371,0.5884354710578918,0.5890799388289452,0.5904379338026047,0.5911216661334038,0.5996982157230377,0.6258600056171417,0.6307911425828934,0.6233668774366379,0.6148340180516243,0.6131649240851402,0.5934130847454071,0.6091476380825043,0.6173846572637558,0.5999788418412209,0.6295839101076126,0.6416736394166946,0.6499553918838501,0.6358527392148972,0.6512865051627159,0.6300313398241997,0.6366847679018974,0.623873770236969,0.6130348742008209,0.5711398869752884,0.5686466172337532,0.552435927093029,0.5674593448638916,0.5786372050642967,0.5732128471136093,0.5770590007305145,0.5806581676006317,0.5677180960774422,0.5572636425495148,0.5848285555839539,0.5903191566467285,0.2949523963034153,0.30064135417342186,0.286953242495656,0.23584960959851742,0.23614663816988468,0.24615112133324146,0.26289284229278564,0.257187083363533,0.2573345508426428,0.2717394642531872,0.26680952310562134,0.2560298126190901,0.2749952618032694,0.2601248938590288,0.2537046018987894,0.24282604828476906,0.25296306796371937,0.2571879830211401,0.2538002133369446,0.24624918960034847,0.24879616871476173,0.26852016523480415,0.26373735442757607,0.2800817657262087,0.27076398208737373,0.26556880958378315,0.28871000558137894,0.2769751027226448,0.276915468275547,0.2898070327937603,0.3006163462996483,0.27585016563534737,0.3059845417737961,0.3188094161450863,0.32283030450344086,0.3380826972424984,0.35847628116607666,0.33761435002088547,0.3351363018155098,0.30882010608911514,0.3145403228700161,0.33224910125136375,0.32969798520207405,0.3111174516379833,0.31842607259750366,0.31886638328433037,0.2985965423285961,0.29742224301610676,0.09707567095756531,0.0957676749676466,0.09459493029862642,0.08742116577923298,0.09070167224854231,0.09506200440227985,0.09808788448572159,0.09683093708008528,0.09897361043840647,0.09690996538847685,0.09487657528370619,0.10376145411282778,0.09965691715478897,0.10202726162970066,0.10409251134842634,0.10710975155234337,0.10435342788696289,0.10291909612715244,0.1007361114025116,0.10059976670891047,0.10221932735294104,0.09978984575718641,0.09853174723684788,0.09872627258300781,0.10001051984727383,0.101143897511065,0.1022791936993599,0.10458757821470499,0.10645334515720606,0.106824672780931,0.10557176452130079,0.11051388550549746,0.107532505877316,0.10724239237606525,0.1007082024589181,0.10059553571045399,0.09088295605033636,0.08907530922442675,0.08986735716462135,0.09941391553729773,0.102532590739429,0.10218672081828117,0.09732275549322367,0.09726827684789896,0.09510397911071777,0.09367251582443714,0.10034957434982061,0.10522506598915372
SGF_NL,0,17,0.1838204264640808,0.11939769983291626,8.474031448364258,7.009430408477783,168.65217518806458,2635.190237313509,64,0,0,0,0,3840,0.6355431899428368,0.6452629119157791,0.6405249014496803,0.6466117799282074,0.6712695360183716,0.6699323281645775,0.6772127524018288,0.6668516770005226,0.6359641253948212,0.5875752717256546,0.6010621413588524,0.5734081864356995,0.5846163183450699,0.6362310200929642,0.680731289088726,0.6883634999394417,0.697054497897625,0.7086070850491524,0.7022663429379463,0.697028137743473,0.6896508783102036,0.6832745894789696,0.6754774004220963,0.6742154657840729,0.6835180670022964,0.6777425780892372,0.6619878038764,0.6494460552930832,0.6581339687108994,0.6643365770578384,0.652247965335846,0.6330545619130135,0.6278611570596695,0.6318858563899994,0.6353998333215714,0.6366169974207878,0.6434587016701698,0.6208626106381416,0.6252220869064331,0.6460088640451431,0.6432946771383286,0.6407170593738556,0.6123439148068428,0.6039863526821136,0.6098665595054626,0.6047036424279213,0.6137517690658569,0.6348345024245126,0.40816785395145416,0.4131312295794487,0.4267747886478901,0.44974464923143387,0.5017941407859325,0.4950404688715935,0.49680620804429054,0.4961950071156025,0.4972512796521187,0.49621715396642685,0.4775923006236553,0.48076071590185165,0.4756198562681675,0.4459380470216274,0.4274609535932541,0.4255155399441719,0.43689461797475815,0.4391457438468933,0.44689665734767914,0.459173571318388,0.4608972817659378,0.46065398678183556,0.4608403705060482,0.47093329578638077,0.47387827932834625,0.49837417528033257,0.4986269176006317,0.5045924298465252,0.48331912979483604,0.4690334089100361,0.480735931545496,0.4724583998322487,0.47535480186343193,0.470076996833086,0.4678990803658962,0.4555682875216007,0.4439517483115196,0.4592082090675831,0.45764942839741707,0.4374087117612362,0.4265775717794895,0.4277738370001316,0.42916150763630867,0.4203708991408348,0.41725729405879974,0.40288542956113815,0.4010240286588669,0.3959426156112126,0.09149301145225763,0.09941080212593079,0.10516344662755728,0.11509121209383011,0.12023581843823195,0.12364138662815094,0.12186410371214151,0.1232232078909874,0.13354651629924774,0.14111899957060814,0.14646916650235653,0.14154810085892677,0.13687521778047085,0.13625300489366055,0.13337713479995728,0.13279819674789906,0.12653793673962355,0.13046723417937756,0.13742154277861118,0.14093003794550896,0.1439707837998867,0.14304591342806816,0.13696636818349361,0.12168681155890226,0.11832750029861927,0.11512838769704103,0.11100179795175791,0.10385915357619524,0.11218168586492538,0.11804661527276039,0.12442595511674881,0.12678478751331568,0.13526649214327335,0.14235835894942284,0.14074945449829102,0.1386988777667284,0.14286962896585464,0.14020788110792637,0.13831611536443233,0.13014156185090542,0.12955100648105145,0.12917594984173775,0.13542251661419868,0.14282434061169624,0.14565584994852543,0.1454237550497055,0.14144839718937874,0.13579890983445303
SGF_NL,1,17,0.23423254489898682,0.2436341643333435,6.102773666381836,6.779816150665283,169.57333874702454,2649.5834179222584,64,0,0,0,0,3840,0.561932809650898,0.5470154657959938,0.5356108173727989,0.5088292025029659,0.4834056571125984,0.46092280745506287,0.4328296445310116,0.4659006670117378,0.4720909371972084,0.4347083494067192,0.47917022928595543,0.5000362247228622,0.5136779770255089,0.4929737001657486,0.4971228465437889,0.5062900371849537,0.5300110876560211,0.5127499997615814,0.4907282926142216,0.5484999567270279,0.5199842639267445,0.524819053709507,0.547804668545723,0.4931372031569481,0.49918124452233315,0.5120248273015022,0.5134113729000092,0.5361514836549759,0.5523766800761223,0.5204658210277557,0.510874230414629,0.5145375579595566,0.5302108526229858,0.5260893628001213,0.5059045702219009,0.49849652871489525,0.49759261682629585,0.4930817037820816,0.4818006455898285,0.4897928461432457,0.5207080170512199,0.5302416905760765,0.5388642325997353,0.5449325367808342,0.5414309054613113,0.5423992350697517,0.5394454747438431,0.5205706357955933,0.3317769095301628,0.3429306223988533,0.3640117906033993,0.3855562135577202,0.41992124915122986,0.4390316978096962,0.44517846405506134,0.43188898637890816,0.45010271295905113,0.46347393095493317,0.4652663804590702,0.4604080840945244,0.4481257200241089,0.46306174248456955,0.4698527529835701,0.48345427960157394,0.473298579454422,0.4750312641263008,0.4920084960758686,0.47129175066947937,0.4799930527806282,0.471673596650362,0.47191185504198074,0.47232119366526604,0.44631171599030495,0.41935113072395325,0.43908514082431793,0.4486115872859955,0.4430960528552532,0.4886017292737961,0.4959048591554165,0.4877263270318508,0.481774665415287,0.5053272694349289,0.5399640500545502,0.5364699065685272,0.5276678130030632,0.5348581373691559,0.5460975021123886,0.557812325656414,0.5646854341030121,0.5441085919737816,0.5086250975728035,0.49420158192515373,0.49552152678370476,0.4959670938551426,0.49473796784877777,0.4874005402837481,0.09051735606044531,0.09930823557078838,0.09159578941762447,0.10132397152483463,0.11022633872926235,0.11527500115334988,0.11354539543390274,0.11274430714547634,0.11574519239366055,0.10839861631393433,0.10983461048454046,0.11394150089472532,0.11366226524114609,0.11496370937675238,0.12134236469864845,0.12999818846583366,0.1373453550040722,0.13893357664346695,0.13202254567295313,0.14075305499136448,0.14199342764914036,0.14030748791992664,0.15080933272838593,0.14796088263392448,0.15583623945713043,0.1490135807543993,0.14604799449443817,0.13571561686694622,0.13318778946995735,0.1294591035693884,0.12977712228894234,0.12903845682740211,0.13266564160585403,0.13099203072488308,0.12289625685662031,0.1251529511064291,0.13489367067813873,0.1344009917229414,0.13265163823962212,0.1332488590851426,0.12381030339747667,0.13353457115590572,0.1426371019333601,0.14407414011657238,0.1416973639279604,0.13877476006746292,0.1400852669030428,0.12901654626641954
SGF_NL,0,18,0.20724612474441528,0.14431041479110718,7.822172164916992,8.073383331298828,168.37701725959778,2630.8908946812153,64,0,0,0,0,3840,0.5575759410858154,0.5425582826137543,0.48753585666418076,0.4409889541566372,0.4633879289031029,0.45541397854685783,0.4649023897945881,0.45897237211465836,0.4658378139138222,0.449898649007082,0.5012387335300446,0.4851200468838215,0.46000683307647705,0.4904828332364559,0.49635032564401627,0.4964035041630268,0.4803224690258503,0.4326530918478966,0.45301831141114235,0.46591009572148323,0.43701256811618805,0.429597944021225,0.42923790216445923,0.4241602383553982,0.4331669956445694,0.4450809694826603,0.4294312074780464,0.4137330763041973,0.4200694337487221,0.42434990033507347,0.44239556789398193,0.4681978262960911,0.47532474994659424,0.4869792126119137,0.5140357613563538,0.5098435990512371,0.49706216901540756,0.514220517128706,0.5009243115782738,0.4969552494585514,0.5230335704982281,0.5279575362801552,0.5274092108011246,0.5638966783881187,0.5587824396789074,0.5503273531794548,0.5782301910221577,0.5794848757130759,0.36885738372802734,0.36656394600868225,0.3837324343621731,0.3955497071146965,0.3809196390211582,0.38895660638809204,0.3904728963971138,0.38983307406306267,0.37765567377209663,0.3714122623205185,0.3590874560177326,0.37108395248651505,0.3888712227344513,0.38513126969337463,0.38818298280239105,0.3861629590392113,0.3856595493853092,0.40003716200590134,0.3905615359544754,0.38875843584537506,0.403645284473896,0.40189992636442184,0.3988693729043007,0.39706847444176674,0.39045700803399086,0.38509413227438927,0.3989967070519924,0.40017659217119217,0.3920608051121235,0.3876543380320072,0.3803507015109062,0.37529362738132477,0.374589279294014,0.37251992896199226,0.36262501031160355,0.36894650757312775,0.3791653923690319,0.3698130361735821,0.3725561797618866,0.37280266359448433,0.3614013269543648,0.3612778037786484,0.3588023744523525,0.33867809548974037,0.3371107913553715,0.33944057300686836,0.32897304743528366,0.3263243181364877,0.14986169710755348,0.15580555982887745,0.15954607166349888,0.16583844833076,0.17148141376674175,0.16876750625669956,0.16351323015987873,0.1560661382973194,0.15108258463442326,0.14737293124198914,0.14994387701153755,0.14636526070535183,0.1476855706423521,0.15202905982732773,0.15198799595236778,0.14849876053631306,0.14771436154842377,0.14350077137351036,0.14671714045107365,0.14741190150380135,0.14306997135281563,0.14109543897211552,0.14467021636664867,0.15010404214262962,0.15091832913458347,0.1542706247419119,0.15097863040864468,0.14472648687660694,0.13991122506558895,0.1436212696135044,0.1465467642992735,0.14589180983603,0.14318270236253738,0.14522604644298553,0.14840855449438095,0.15113514102995396,0.1471230834722519,0.147391639649868,0.14719820767641068,0.14315734431147575,0.14286663383245468,0.14203865826129913,0.1448909044265747,0.14198413118720055,0.1408378053456545,0.14107702113687992,0.14310776069760323,0.1443334605012621
SGF_NL,1,18,0.16705423593521118,-0.09149545431137085,6.305427551269531,7.881522178649902,168.25188088417053,2628.9356388151646,64,0,0,0,0,3840,0.5307725071907043,0.5324585661292076,0.48333675414323807,0.5046918541193008,0.5175282098352909,0.5207541882991791,0.5202970206737518,0.5171070210635662,0.5003779754042625,0.4842941500246525,0.4957068972289562,0.4892992563545704,0.48007189854979515,0.49249430373311043,0.49103935807943344,0.4965195804834366,0.5046368986368179,0.5124872848391533,0.5173649862408638,0.5184557847678661,0.5336335301399231,0.5221161767840385,0.5240691676735878,0.515857383608818,0.5043044574558735,0.4998251795768738,0.4947260320186615,0.4975014515221119,0.5012806840240955,0.49887900799512863,0.5080048553645611,0.5271421745419502,0.531818799674511,0.5427809283137321,0.5569800734519958,0.5651600956916809,0.5814706012606621,0.5911047160625458,0.5893395394086838,0.578975610435009,0.5885840430855751,0.5761431753635406,0.5865926519036293,0.5894626453518867,0.5849215313792229,0.5730019584298134,0.5775029957294464,0.5785042302949088,0.43745241686701775,0.441403117030859,0.4583895206451416,0.4475395157933235,0.4380108490586281,0.42679496854543686,0.41750040277838707,0.40975236147642136,0.42940908297896385,0.4320761114358902,0.42769723758101463,0.4307764992117882,0.4361686296761036,0.4134083464741707,0.4038996174931526,0.39800968021154404,0.38971829041838646,0.39745642989873886,0.40457360818982124,0.3957053869962692,0.39044760540127754,0.39757363498210907,0.39532116428017616,0.40382900834083557,0.4091007895767689,0.4092685654759407,0.4132662005722523,0.41541727259755135,0.41280803456902504,0.40709540247917175,0.4118215888738632,0.404017873108387,0.4010554812848568,0.3965292274951935,0.38886741548776627,0.38518960773944855,0.3815430700778961,0.3792131245136261,0.38268861174583435,0.388870470225811,0.38658444955945015,0.3912830799818039,0.38348763063549995,0.37733199819922447,0.37748395651578903,0.38294321298599243,0.37680504098534584,0.38222138796533855,0.14842518791556358,0.15390008874237537,0.1507124938070774,0.15425661019980907,0.15545504726469517,0.15437940508127213,0.1502799391746521,0.1444998513907194,0.13512002117931843,0.12307647708803415,0.1277456982061267,0.12613468430936337,0.12062738556414843,0.12836728431284428,0.12616182677447796,0.12810473795980215,0.13749036937952042,0.138211477547884,0.13523314613848925,0.13668746128678322,0.1329131219536066,0.13004999794065952,0.13359509594738483,0.1374942734837532,0.13878142181783915,0.1379381651058793,0.13212603610008955,0.12506581377238035,0.1290913624688983,0.12785536237061024,0.13364154379814863,0.14275899901986122,0.1462653987109661,0.1478438712656498,0.14654932543635368,0.14776659198105335,0.1480821669101715,0.1455797143280506,0.14522315561771393,0.1421926598995924,0.14763597585260868,0.14162438362836838,0.14970447681844234,0.14681832864880562,0.15100561454892159,0.15049265511333942,0.1530359387397766,0.15613661067826407
SGF_NL,0,19,0.1250181794166565,0.02872556447982788,6.887154579162598,7.716107368469238,168.50081825256348,2632.8252851963043,64,0,0,0,0,3840,0.7556774020195007,0.7758560255169868,0.7767141684889793,0.7745567709207535,0.7766309455037117,0.7662479653954506,0.7686296328902245,0.7812293395400047,0.7708543092012405,0.783441923558712,0.7850395739078522,0.7909778356552124,0.7857163920998573,0.789508692920208,0.7929745614528656,0.8018041700124741,0.7946470528841019,0.7952932044863701,0.7859137281775475,0.7847052738070488,0.7878309711813927,0.79073067009449,0.7972254306077957,0.7973731160163879,0.7836059331893921,0.7924723252654076,0.789085142314434,0.7808150500059128,0.7813372313976288,0.766363650560379,0.7768998146057129,0.7914597764611244,0.7732497230172157,0.7737439796328545,0.7630357891321182,0.7502260208129883,0.7277340739965439,0.731357254087925,0.7311142608523369,0.7376925051212311,0.7597891464829445,0.764014407992363,0.7720077782869339,0.7806295081973076,0.7793794721364975,0.7796332761645317,0.7849294990301132,0.7688732743263245,0.43166232109069824,0.44159838929772377,0.4780224487185478,0.5016843341290951,0.4895593374967575,0.49197879806160927,0.4980785399675369,0.5159498155117035,0.534972071647644,0.5229585245251656,0.5126730054616928,0.49100707843899727,0.49923208728432655,0.4882497452199459,0.4820546619594097,0.46817635372281075,0.4901607185602188,0.4725148342549801,0.46854283288121223,0.4733404777944088,0.4850723668932915,0.4882899187505245,0.46948519349098206,0.4502323418855667,0.4526730068027973,0.4598931781947613,0.46744344010949135,0.4660008028149605,0.4751499220728874,0.48600002750754356,0.4762461222708225,0.46947627514600754,0.47871217504143715,0.47860288619995117,0.48952601104974747,0.4975252188742161,0.5042460635304451,0.4932013265788555,0.49003002420067787,0.48905573412775993,0.47220294550061226,0.4630562327802181,0.46857592463493347,0.46779849752783775,0.4665561355650425,0.4694945737719536,0.45946337282657623,0.4635024241038731,0.10740948002785444,0.10562682896852493,0.10631190240383148,0.10617348365485668,0.10141482297331095,0.09600638598203659,0.1016860818490386,0.09953904896974564,0.08950256742537022,0.09087318927049637,0.08756543509662151,0.09077729936689138,0.09113858733326197,0.0973870912566781,0.09635398630052805,0.09191616717725992,0.08780445996671915,0.08258670754730701,0.08885105699300766,0.08392273634672165,0.08347687404602766,0.08076068572700024,0.08380778320133686,0.083522810600698,0.08469359762966633,0.0869180504232645,0.08419250138103962,0.08659008145332336,0.08184355404227972,0.08314711693674326,0.07920323498547077,0.08178762160241604,0.08786274306476116,0.0883165467530489,0.08946099132299423,0.09140864480286837,0.09110020007938147,0.0919607738032937,0.09356587938964367,0.08630259707570076,0.08473508432507515,0.08620902802795172,0.08379825577139854,0.08769566006958485,0.08603866025805473,0.088603007607162,0.0908467723056674,0.09327494353055954
SGF_NL,1,19,0.14863848686218262,-0.01603984832763672,7.9070820808410645,9.113797187805176,168.4827103614807,2632.542349398136,64,0,0,0,0,3840,0.6851594671607018,0.6860548928380013,0.6937435492873192,0.7032946199178696,0.681260272860527,0.6700019612908363,0.6676702797412872,0.670800656080246,0.6713736951351166,0.6872383207082748,0.6962847113609314,0.6913921535015106,0.6953885853290558,0.6882423087954521,0.6860493570566177,0.6807726100087166,0.6852528229355812,0.6756731122732162,0.6866715475916862,0.6786266714334488,0.6820255592465401,0.6703822612762451,0.6683400198817253,0.6600342020392418,0.6615191102027893,0.6657883748412132,0.6719869300723076,0.6793894395232201,0.6678755730390549,0.6612308919429779,0.6648217216134071,0.6836981698870659,0.676237441599369,0.6551596969366074,0.7039574012160301,0.7359458655118942,0.7298581525683403,0.7396114841103554,0.7310012727975845,0.7241697609424591,0.6971650943160057,0.6846042424440384,0.6752491816878319,0.6700596511363983,0.7004470303654671,0.7464475259184837,0.7431756779551506,0.7569418634687152,0.41749297827482224,0.4215383268892765,0.43194182217121124,0.44855544343590736,0.4766007773578167,0.4872726686298847,0.4885479770600796,0.48857422545552254,0.49593423306941986,0.4959355928003788,0.4953140579164028,0.5063444450497627,0.4970660023391247,0.4959833510220051,0.49594053253531456,0.4858594387769699,0.488763652741909,0.5041001066565514,0.5011301077902317,0.5159305185079575,0.5060337595641613,0.521037757396698,0.5202061384916306,0.5285475105047226,0.5151133313775063,0.5167730078101158,0.5135537050664425,0.4922212064266205,0.4930422641336918,0.5127858966588974,0.5098314955830574,0.5049190074205399,0.5276738628745079,0.5496681779623032,0.5641749948263168,0.5360961928963661,0.526946447789669,0.5255129262804985,0.5365123748779297,0.5281840562820435,0.5281565636396408,0.5248293504118919,0.5252398774027824,0.5203511118888855,0.5121039301156998,0.5101816058158875,0.503043781965971,0.49324672136987957,0.13416175357997417,0.137325344607234,0.13211999461054802,0.12846111878752708,0.13050810247659683,0.13317428529262543,0.1335441954433918,0.13497167639434338,0.12187520414590836,0.11946972738951445,0.1257907934486866,0.12433813512325287,0.12383694015443325,0.11642053723335266,0.1268288977444172,0.13246335089206696,0.13481775671243668,0.12879173923283815,0.12109361123293638,0.11567585822194815,0.11435448843985796,0.11276594456285238,0.12378612160682678,0.12493588495999575,0.11226292233914137,0.10753145720809698,0.10339060798287392,0.11034347023814917,0.11062728147953749,0.11800992395728827,0.11151407007128,0.11377416085451841,0.11195136699825525,0.11065017059445381,0.11319899559020996,0.10951108392328024,0.11341715417802334,0.10578029230237007,0.09883991349488497,0.09165942389518023,0.09558669850230217,0.0910631064325571,0.08464476931840181,0.09630458056926727,0.10011276882141829,0.09377396665513515,0.09356093592941761,0.09976410440036229
SGF_WL,0,0,0.06039696931838989,0.0266573429107666,6.424093246459961,7.010484218597412,166.82296109199524,2606.6087670624256,64,1920,0,0,0,3840,0.5588568970561028,0.5809833481907845,0.598458893597126,0.5993639603257179,0.5904410555958748,0.5986500307917595,0.6201729625463486,0.6371653750538826,0.6355598345398903,0.6381049454212189,0.6379463598132133,0.65938501060009,0.6536873877048492,0.6394670084118843,0.6260484680533409,0.6309939026832581,0.6446703299880028,0.6498158797621727,0.6314386874437332,0.6268345713615417,0.6103427037596703,0.6116559654474258,0.612417109310627,0.6230872273445129,0.628321036696434,0.6526346504688263,0.6552530750632286,0.6441466584801674,0.6391188502311707,0.6446656063199043,0.6547075062990189,0.6448796391487122,0.6247286796569824,0.6238820031285286,0.6274321377277374,0.6293540149927139,0.634361170232296,0.6361294090747833,0.6530497670173645,0.6460323184728622,0.6437955051660538,0.6340999901294708,0.6383265033364296,0.6362117826938629,0.6379461213946342,0.6299895197153091,0.6168303713202477,0.6188776663371495,0.37532422691583633,0.37902896851301193,0.3806980066001415,0.37624892592430115,0.37321946024894714,0.37383517622947693,0.3617487698793411,0.3465660586953163,0.3549939878284931,0.35782822221517563,0.356272354722023,0.33907655254006386,0.35046399384737015,0.35862230136990547,0.3602904938161373,0.34642916917800903,0.33732016384601593,0.3355598859488964,0.354034423828125,0.36284951493144035,0.38089465722441673,0.377451341599226,0.3752499185502529,0.3648701459169388,0.35244984552264214,0.3472396582365036,0.3455793522298336,0.3520508408546448,0.35240065306425095,0.33918996155261993,0.3283613845705986,0.3269065283238888,0.3531269393861294,0.3505534306168556,0.33903228491544724,0.35250670090317726,0.35442299023270607,0.34613775834441185,0.3310144394636154,0.3254164010286331,0.33161214366555214,0.33382825925946236,0.32846466824412346,0.3262809328734875,0.31955714151263237,0.32092855870723724,0.33105460181832314,0.3412911125591823,0.13526143319904804,0.14022143371403217,0.1408784482628107,0.14116614870727062,0.13667380437254906,0.13505467772483826,0.1314799040555954,0.13331587985157967,0.1290865745395422,0.12970944307744503,0.1298772068694234,0.12739909812808037,0.1294724326580763,0.13078375346958637,0.13003911916166544,0.13149747252464294,0.12671050243079662,0.1293729804456234,0.13882743194699287,0.13778029568493366,0.1363653652369976,0.13558334112167358,0.13857045583426952,0.13346253708004951,0.13797407038509846,0.1407830659300089,0.14317681267857552,0.14704244583845139,0.144681753590703,0.144387848675251,0.144345972687006,0.14010845124721527,0.14183939807116985,0.1433184240013361,0.14292305149137974,0.13894334062933922,0.13556919805705547,0.1322151068598032,0.12785493955016136,0.12895559892058372,0.13430683873593807,0.14134332910180092,0.14092330820858479,0.13939820043742657,0.13610615208745003,0.1345666367560625,0.1364563275128603,0.14070286069597518
SGF_WL,1,0,0.07875734567642212,0.05424702167510986,6.6281538009643555,6.479214668273926,166.36889386177063,2599.513966590166,64,1920,0,0,0,3840,0.5114086046814919,0.5319375991821289,0.5465491861104965,0.5550845935940742,0.5562891438603401,0.5513785257935524,0.5569188520312309,0.552898533642292,0.5425205230712891,0.5403867587447166,0.5434881895780563,0.5397514626383781,0.5289347246289253,0.5385729372501373,0.5334619954228401,0.5453045293688774,0.5337865427136421,0.530216671526432,0.5228387787938118,0.5098147913813591,0.509428933262825,0.5215132981538773,0.5073961466550827,0.5003405809402466,0.49769266322255135,0.5277051255106926,0.5344436466693878,0.5375828370451927,0.5579536333680153,0.5642083287239075,0.5734312906861305,0.5705733746290207,0.5746278613805771,0.5718116760253906,0.575040690600872,0.5811944454908371,0.5742167979478836,0.5771079137921333,0.5862561166286469,0.5910853445529938,0.5998453497886658,0.6151423007249832,0.6087936237454414,0.5953087881207466,0.5701863765716553,0.5722017958760262,0.5862151458859444,0.5836161715643746,0.38160351291298866,0.3836131580173969,0.38363680616021156,0.3818628825247288,0.38353095948696136,0.3878271207213402,0.378690205514431,0.3940851055085659,0.4054633714258671,0.4030173122882843,0.4007682502269745,0.4039919823408127,0.4028279036283493,0.3825162537395954,0.3781658448278904,0.3680502846837044,0.3727124221622944,0.37881890684366226,0.3809739723801613,0.3823550380766392,0.3896233104169369,0.3692534528672695,0.36779971420764923,0.36611485108733177,0.35436952859163284,0.34228698164224625,0.33955395221710205,0.3367770090699196,0.3388230502605438,0.3385761119425297,0.33309100940823555,0.33230119198560715,0.3329324424266815,0.33248675987124443,0.325005654245615,0.32326480001211166,0.32743746414780617,0.32735586538910866,0.31961021944880486,0.32740168645977974,0.32229258120059967,0.3067829795181751,0.30639057978987694,0.3053482286632061,0.31188420578837395,0.30442219972610474,0.30318988487124443,0.3038617968559265,0.11473760940134525,0.1174411941319704,0.11826912313699722,0.11908564530313015,0.11621939577162266,0.11371922865509987,0.11124148964881897,0.11693231575191021,0.12545134872198105,0.1308207605034113,0.13168297335505486,0.131674537435174,0.12632173020392656,0.12016065046191216,0.11791091784834862,0.11280024703592062,0.11181025020778179,0.11213636957108974,0.11688579618930817,0.11713230516761541,0.11597417667508125,0.1237992150709033,0.13195035979151726,0.13166574575006962,0.13355085998773575,0.13354766741394997,0.1289649298414588,0.12288504838943481,0.12769617978483438,0.13075021654367447,0.12751190923154354,0.12505652010440826,0.12564741261303425,0.12738029286265373,0.12615288514643908,0.12231114041060209,0.12219215743243694,0.11963687185198069,0.12188415508717299,0.12659613694995642,0.13037295453250408,0.12525416165590286,0.11588274408131838,0.11194649990648031,0.116386360488832,0.11566726211458445,0.11471556220203638,0.11546355060168675
SGF_WL,0,1,0.06564110517501831,0.02645862102508545,8.369953155517578,9.062311172485352,213.23705744743347,3331.829022616148,64,1920,0,0,0,3840,0.4197682701051235,0.49248387664556503,0.5018004588782787,0.5345322713255882,0.48841721192002296,0.4685666635632515,0.4813576191663742,0.4435817487537861,0.4293953366577625,0.41397761553525925,0.42173026129603386,0.4053945094347,0.3937450870871544,0.3874617703258991,0.3984593451023102,0.3884217031300068,0.38139043748378754,0.41365108266472816,0.4091365113854408,0.3781452253460884,0.36710380017757416,0.370926808565855,0.3561001308262348,0.3634278178215027,0.3437461145222187,0.3334975875914097,0.3433386981487274,0.3493165448307991,0.3978075832128525,0.404786866158247,0.39513760432600975,0.406551543623209,0.4157184362411499,0.4234398491680622,0.4341340996325016,0.37923068925738335,0.3702697679400444,0.3519878648221493,0.3349175341427326,0.3453430086374283,0.3373354598879814,0.3205636329948902,0.3289060778915882,0.3211052007973194,0.3247424513101578,0.31994226947426796,0.31156906858086586,0.34280008503368925,0.4360275901854038,0.39379211887717247,0.3882002830505371,0.3609711043536663,0.39355283603072166,0.436918206512928,0.4395146369934082,0.4657561145722866,0.4732784032821655,0.48638303577899933,0.4753410071134567,0.47953934222459793,0.4882223904132843,0.4792650416493416,0.4678928032517433,0.4830195680260658,0.49217866733670235,0.4807582311332226,0.48753761872649193,0.5095720142126083,0.5148569419980049,0.5023194141685963,0.5127301290631294,0.5123641453683376,0.5224481001496315,0.5301545113325119,0.5212723985314369,0.5090739205479622,0.47873810678720474,0.4740864001214504,0.49545225128531456,0.4887836128473282,0.4904225282371044,0.49655329436063766,0.4895925782620907,0.5095707103610039,0.5189266949892044,0.5187084227800369,0.52621278911829,0.5182015150785446,0.5250245779752731,0.5344982221722603,0.5225807353854179,0.5339635834097862,0.5347779169678688,0.5431102588772774,0.554057352244854,0.5311964579990932,0.12379507627338171,0.12808778509497643,0.12660958245396614,0.12205011490732431,0.11411360185593367,0.11413978040218353,0.11884312331676483,0.11799606587737799,0.11756070237606764,0.1189247015863657,0.12541085574775934,0.13080129027366638,0.1391643062233925,0.1424515750259161,0.137350145727396,0.13788221590220928,0.1408993825316429,0.14033283293247223,0.13934431597590446,0.13033761829137802,0.1286343764513731,0.13340826146304607,0.1323476005345583,0.13204832561314106,0.13042430952191353,0.13271404802799225,0.1466500200331211,0.1492951363325119,0.1512100901454687,0.14601529762148857,0.14811587892472744,0.1501221377402544,0.15148600563406944,0.15188989229500294,0.142870357260108,0.14134621992707253,0.1428388897329569,0.13926875591278076,0.14311154931783676,0.14822865463793278,0.14623142406344414,0.14427580311894417,0.14001274667680264,0.14475508965551853,0.15029536746442318,0.14238188602030277,0.1453347783535719,0.14852317741939
SGF_WL,1,1,0.07897734642028809,0.1256837248802185,7.72200870513916,8.969240188598633,165.58109593391418,2587.204623967409,64,1920,0,0,0,3840,0.449543546885252,0.48977478221058846,0.49517885223031044,0.49754082411527634,0.49009495973587036,0.4762534648180008,0.4849633499979973,0.46338335424661636,0.45449308305978775,0.44887249544262886,0.44031520187854767,0.4400240182876587,0.4391239956021309,0.4456496089696884,0.44606828317046165,0.4712592102587223,0.49005327746272087,0.4830552861094475,0.4654840715229511,0.4710969999432564,0.4828157387673855,0.4587276987731457,0.4721604511141777,0.4737524539232254,0.4800031930208206,0.488616768270731,0.4984930083155632,0.5056126415729523,0.4937041662633419,0.4904169887304306,0.4878479614853859,0.49031824991106987,0.4865325056016445,0.4700840003788471,0.4878679923713207,0.4907207414507866,0.4548157900571823,0.44242098182439804,0.45552654191851616,0.4405645504593849,0.46842624992132187,0.4701273664832115,0.4591739997267723,0.4333248622715473,0.4155119061470032,0.4127855785191059,0.41248927265405655,0.4114524849823543,0.42883335053920746,0.39245472475886345,0.3835548087954521,0.3716324120759964,0.38725458085536957,0.42323295399546623,0.4226018078625202,0.44452130794525146,0.45021192729473114,0.46148480474948883,0.46357055753469467,0.47238704934716225,0.4841494597494602,0.4818531647324562,0.48386675864458084,0.4679373577237129,0.4549628123641014,0.45316214486956596,0.4629407897591591,0.4534793794155121,0.4509930647909641,0.48262692615389824,0.47912703454494476,0.4640185572206974,0.4553789161145687,0.45951296016573906,0.4555204063653946,0.4417717196047306,0.4508805200457573,0.4576134569942951,0.4507989324629307,0.4517118111252785,0.4585641287267208,0.47032974287867546,0.46327732130885124,0.45961711928248405,0.49041588604450226,0.49831096455454826,0.48549534380435944,0.5066819228231907,0.48026591539382935,0.46826548129320145,0.475750595331192,0.5002104043960571,0.5148869082331657,0.5057910196483135,0.5038638301193714,0.49920614276613506,0.12074998766183853,0.11846165079623461,0.1172039546072483,0.11643795296549797,0.10408378392457962,0.09818331152200699,0.10318682342767715,0.10283034946769476,0.1031644158065319,0.10920412372797728,0.11447389610111713,0.11199062503874302,0.10677219461649656,0.10321097820997238,0.10244651138782501,0.09827951528131962,0.09657922107726336,0.09598409291356802,0.0952209746465087,0.09372029453516006,0.09459161944687366,0.09409968834370375,0.09154196549206972,0.09274115413427353,0.09762000013142824,0.1001551179215312,0.10237961355596781,0.10019555501639843,0.09798240754753351,0.09859731048345566,0.09508738294243813,0.09915293101221323,0.09667734708636999,0.10092704929411411,0.09982138779014349,0.10004541464149952,0.0969282602891326,0.10127241536974907,0.10385568346828222,0.10184106696397066,0.10228019021451473,0.09831045381724834,0.09850285854190588,0.10180817823857069,0.10578075144439936,0.11051350645720959,0.10764270834624767,0.10867861871208463
SGF_WL,0,2,0.03329354524612427,-0.16612005233764648,6.416602611541748,8.296690940856934,212.97374153137207,3327.7147114276886,64,1920,0,0,0,3840,0.43941759318113327,0.46430479362607,0.48681779205799103,0.49698176980018616,0.5416005700826645,0.5663106739521027,0.5406843349337578,0.5172674655914307,0.48310399055480957,0.48189328610897064,0.4689962714910507,0.4641181044280529,0.4582950249314308,0.4481727294623852,0.44923966750502586,0.46245598420500755,0.4537765495479107,0.46194371208548546,0.46317601203918457,0.446055568754673,0.438286978751421,0.43353090435266495,0.44346804544329643,0.502472311258316,0.535607747733593,0.5519048422574997,0.47307539731264114,0.460751723498106,0.4719490371644497,0.4606044068932533,0.46816853806376457,0.47058119997382164,0.4442799612879753,0.46366389840841293,0.4604450762271881,0.4454694055020809,0.45913388952612877,0.457097377628088,0.464082520455122,0.46269915997982025,0.4509402774274349,0.4338979572057724,0.43551308289170265,0.44373635202646255,0.4274972938001156,0.46090415865182877,0.44714387133717537,0.42718252539634705,0.3884561210870743,0.3832811750471592,0.38777901604771614,0.3882756941020489,0.39587047696113586,0.409304890781641,0.449430488049984,0.447574008256197,0.4446559473872185,0.4400419853627682,0.4282921925187111,0.4228496514260769,0.4223151206970215,0.4273877628147602,0.42917635291814804,0.43771540373563766,0.4358031377196312,0.44968464598059654,0.45176906138658524,0.4472542889416218,0.44730252400040627,0.45121992006897926,0.44615139439702034,0.4356747828423977,0.4324304200708866,0.4325851835310459,0.4642033316195011,0.45694101601839066,0.4462228864431381,0.44524264708161354,0.4307202883064747,0.4265431724488735,0.4505085460841656,0.4446326531469822,0.4349871687591076,0.43105029314756393,0.4304608665406704,0.4288414232432842,0.420590303838253,0.4141310043632984,0.4138355292379856,0.4122263267636299,0.42929432168602943,0.429067499935627,0.42694274336099625,0.425016388297081,0.4319128021597862,0.4429150010858263,0.08266868069767952,0.08713577408343554,0.09368308447301388,0.08478202670812607,0.062389484606683254,0.06071760645136237,0.05596887832507491,0.05628337757661939,0.06157005485147238,0.06183916423469782,0.06786373257637024,0.06762013677507639,0.06928620487451553,0.0743865305557847,0.08179642539471388,0.08200371265411377,0.07574130408465862,0.07622683700174093,0.07410475332289934,0.0746033526957035,0.07255818787962198,0.07340487744659185,0.07346025202423334,0.08311870321631432,0.09221383184194565,0.09017805568873882,0.09827518835663795,0.1069519380107522,0.11310710944235325,0.11083829682320356,0.10837218631058931,0.10342728160321712,0.10675556492060423,0.10701740626245737,0.1034661615267396,0.10070883296430111,0.10252045001834631,0.10232539754360914,0.10256819799542427,0.1013877484947443,0.0981672815978527,0.1046705199405551,0.11164162214845419,0.11157582700252533,0.11080255918204784,0.1122185280546546,0.1163793969899416,0.10930340737104416
SGF_WL,1,2,0.18565219640731812,0.30757278203964233,5.907200336456299,6.639235496520996,166.27040243148804,2597.9750379920006,64,1920,0,0,0,3840,0.5310520157217979,0.5365865379571915,0.5626880899071693,0.594227597117424,0.6001907587051392,0.6120918914675713,0.6411956027150154,0.6440131738781929,0.645484559237957,0.6420858949422836,0.6751482039690018,0.6706914156675339,0.654510147869587,0.6548342257738113,0.664893701672554,0.6901205703616142,0.7063250690698624,0.7021029591560364,0.6872679591178894,0.6843909472227097,0.6865924149751663,0.6898954957723618,0.6916034147143364,0.6909908726811409,0.6888179406523705,0.6714244708418846,0.6942530795931816,0.6868298128247261,0.6947549283504486,0.6806348264217377,0.6793803125619888,0.6729711294174194,0.6685720160603523,0.6806517317891121,0.6887457817792892,0.6834681928157806,0.6715448871254921,0.6578973233699799,0.6712905839085579,0.6794939637184143,0.6839336231350899,0.6842815056443214,0.6675517708063126,0.6622514724731445,0.6580939069390297,0.6701637580990791,0.6679978147149086,0.6719076037406921,0.3704622946679592,0.37805086746811867,0.3821241408586502,0.39458852633833885,0.38840317726135254,0.3828648626804352,0.3849005661904812,0.4006340838968754,0.41413161531090736,0.41234181076288223,0.417801383882761,0.4466576352715492,0.44849303737282753,0.43145082145929337,0.41601425781846046,0.41025104001164436,0.40778709575533867,0.423867117613554,0.43571560084819794,0.43338194116950035,0.4242401383817196,0.420681856572628,0.41533077508211136,0.41187410056591034,0.3934255391359329,0.3918808475136757,0.39180900529026985,0.4086593799293041,0.41543518379330635,0.4378817193210125,0.42620930820703506,0.4331224896013737,0.4310409873723984,0.44121646881103516,0.44082343205809593,0.4428306370973587,0.43882985040545464,0.441268615424633,0.43062638863921165,0.4125508852303028,0.41463377699255943,0.4205211214721203,0.43406395986676216,0.4293784536421299,0.4179471842944622,0.40724141150712967,0.40809769555926323,0.41525875670569284,0.07344335876405239,0.07393864914774895,0.07536505814641714,0.07546492852270603,0.06920930743217468,0.06656460370868444,0.06668812595307827,0.06702749710530043,0.06695794872939587,0.0687992898747325,0.06884770840406418,0.07213875651359558,0.07923152483999729,0.0808753203600645,0.08078718837350607,0.07857364043593407,0.07835136540234089,0.08219820261001587,0.08131896890699863,0.08717915322631598,0.09034894406795502,0.0928305508568883,0.10383511241525412,0.11138027347624302,0.11282297316938639,0.11681570578366518,0.11091109178960323,0.09890994615852833,0.08208724483847618,0.0864281952381134,0.07974441722035408,0.09107417799532413,0.08823660295456648,0.08073506318032742,0.08214640989899635,0.08556154370307922,0.08948957175016403,0.0891828378662467,0.08936166949570179,0.09426868800073862,0.09563609957695007,0.09133588708937168,0.0871958127245307,0.0941588506102562,0.10407651122659445,0.11784161161631346,0.11684594955295324,0.09857020952871867
SGF_WL,0,3,0.12434887886047363,0.10692131519317627,11.90999984741211,11.0960054397583,224.19368410110474,3503.0263140797615,64,1920,0,0,0,3840,0.6276661455631256,0.6249664649367332,0.5781878940761089,0.5683150552213192,0.5438185594975948,0.5575261153280735,0.5039999559521675,0.51809436455369,0.5377000384032726,0.5419435240328312,0.5240210108458996,0.6340256035327911,0.5961828082799911,0.5498253926634789,0.5667571052908897,0.5223360620439053,0.5363884195685387,0.5160759873688221,0.5066778175532818,0.506245743483305,0.5242830142378807,0.4724242500960827,0.5163884796202183,0.5417825765907764,0.49191418662667274,0.5346724577248096,0.5519624426960945,0.49557703733444214,0.5235098600387573,0.5039829760789871,0.557655643671751,0.5352845452725887,0.5013257600367069,0.47500092536211014,0.4685955233871937,0.49064622446894646,0.4880077689886093,0.4944583922624588,0.5521868765354156,0.5375331491231918,0.5596097484230995,0.5192478075623512,0.5074465498328209,0.48972630873322487,0.545778900384903,0.5281120426952839,0.5710492469370365,0.6054724880627224,0.345169760286808,0.35315893590450287,0.3699590004980564,0.3841788023710251,0.4107372723519802,0.41311776265501976,0.4243934527039528,0.414936076849699,0.4090111665427685,0.40592367202043533,0.41245805472135544,0.3675302378833294,0.3868000917136669,0.41749411448836327,0.428553719073534,0.4477202109992504,0.41851747781038284,0.4284658767282963,0.4149993360042572,0.40391990542411804,0.41162727773189545,0.4381066672503948,0.4221225269138813,0.4099933058023453,0.4272078350186348,0.4074367992579937,0.40548618510365486,0.42885738983750343,0.4204165004193783,0.42690860107541084,0.4037442170083523,0.40605248510837555,0.4002152942121029,0.4334586411714554,0.4353606291115284,0.4284508377313614,0.43582887575030327,0.4248664528131485,0.38761358335614204,0.38418757542967796,0.37112899124622345,0.38734062761068344,0.39361967891454697,0.4066106863319874,0.39161111414432526,0.3996085003018379,0.38414790481328964,0.3788039130823953,0.13576997071504593,0.1416479367762804,0.14273417927324772,0.1355626843869686,0.12466880306601524,0.1304297335445881,0.12515045516192913,0.11160159576684237,0.11273397319018841,0.12043687514960766,0.10387849062681198,0.12251056730747223,0.11622208915650845,0.11354568228125572,0.1161279296502471,0.1119587142020464,0.10289542749524117,0.09926692955195904,0.10164723917841911,0.10803050827234983,0.11662323400378227,0.10979265347123146,0.11307024769484997,0.1196461608633399,0.11683628614991903,0.12715090718120337,0.12912808544933796,0.105997234582901,0.10642261616885662,0.10169990174472332,0.1184964757412672,0.11798547301441431,0.1005715224891901,0.09858469478785992,0.09482782054692507,0.10573993809521198,0.11016056127846241,0.1109542977064848,0.11063363868743181,0.11220014188438654,0.11666641384363174,0.10655729193240404,0.09699144493788481,0.10359308123588562,0.1174390921369195,0.11902265064418316,0.12009324133396149,0.13167614809104375
SGF_WL,1,3,0.12291622161865234,0.09904825687408447,9.032247543334961,8.683869361877441,167.7398328781128,2620.9348887205124,64,1920,0,0,0,3840,0.6668825671076775,0.6694073006510735,0.6291613578796387,0.6297494247555733,0.6339647173881531,0.6360128596425056,0.5981417372822762,0.587043784558773,0.5385232232511044,0.5390967279672623,0.5681194365024567,0.5790671482682228,0.5708095207810402,0.5688927322626114,0.5710523054003716,0.6266244128346443,0.5852627344429493,0.5913112238049507,0.6034337878227234,0.6041640415787697,0.5862281695008278,0.6231194287538528,0.6532061547040939,0.6084883436560631,0.5803945958614349,0.5749882310628891,0.6252884417772293,0.5971303805708885,0.6053602546453476,0.5968438237905502,0.5668571516871452,0.6310053691267967,0.6137241646647453,0.5494650229811668,0.5704845823347569,0.5479177013039589,0.5712984427809715,0.6044111177325249,0.594415158033371,0.6229036152362823,0.6102666035294533,0.5918898060917854,0.6086712032556534,0.6188978105783463,0.575797401368618,0.5493505001068115,0.5697029456496239,0.5445453524589539,0.3479747511446476,0.3523055426776409,0.3637290932238102,0.3761550523340702,0.37906014174222946,0.38799553364515305,0.4136635586619377,0.412261251360178,0.4256293289363384,0.42326807603240013,0.41276840493083,0.4099302254617214,0.4277242012321949,0.4251326322555542,0.42194991558790207,0.3948601484298706,0.4029650054872036,0.3985449895262718,0.40371930226683617,0.40509626641869545,0.4009294621646404,0.3890356458723545,0.3752836808562279,0.3910508416593075,0.4006968177855015,0.392001386731863,0.39144789054989815,0.4153890870511532,0.42149945348501205,0.41714493557810783,0.4246656149625778,0.38846324011683464,0.3989376723766327,0.4212803840637207,0.4123450107872486,0.4268588162958622,0.41526247933506966,0.40725064650177956,0.4080309234559536,0.39866891503334045,0.4109243080019951,0.4266095720231533,0.42902733385562897,0.4261327162384987,0.4311434328556061,0.4401574693620205,0.43182584270834923,0.44562199286052157,0.12279843166470528,0.12430953793227673,0.11976339109241962,0.11928397137671709,0.10878648981451988,0.12143232114613056,0.10380104091018438,0.10396564938127995,0.10762899462133646,0.10648440010845661,0.11585647705942392,0.12291936483234167,0.10240516811609268,0.09131926111876965,0.10075357276946306,0.11624990124255419,0.11247453559190035,0.10554943978786469,0.10132150165736675,0.0940602496266365,0.09436737839132547,0.10992476623505354,0.11440497450530529,0.11036599613726139,0.10060355719178915,0.09937544167041779,0.10907152947038412,0.10259772278368473,0.10020066797733307,0.10410525649785995,0.10403712932020426,0.10535005666315556,0.10839963797479868,0.09640797600150108,0.0914592370390892,0.08913200441747904,0.08625475689768791,0.09240541141480207,0.09686360321938992,0.10222966689616442,0.09907710086554289,0.10183669533580542,0.09739818796515465,0.09805005509406328,0.09805978368967772,0.10205462016165257,0.10410714894533157,0.11076650342770986
SGF_WL,0,4,0.09190535545349121,0.015734553337097168,5.125497817993164,6.320539951324463,166.09614276885986,2595.2522307634354,64,1920,0,0,0,3840,0.7396029308438301,0.7471548616886139,0.7340650483965874,0.6968748047947884,0.6256197392940521,0.6558245047926903,0.6647932678461075,0.6689769998192787,0.6486901640892029,0.6336883902549744,0.6221471205353737,0.6543680727481842,0.6556451097130775,0.6961285099387169,0.6916910260915756,0.7365110963582993,0.7328300103545189,0.736027292907238,0.74602160602808,0.7319059520959854,0.7247525379061699,0.743084728717804,0.6942901238799095,0.7434541657567024,0.7361985221505165,0.7155585438013077,0.6951300129294395,0.7107180058956146,0.7295304238796234,0.7320739924907684,0.721416100859642,0.7170833498239517,0.723470650613308,0.7438659444451332,0.7234991788864136,0.7072614431381226,0.7037805244326591,0.7049821838736534,0.6917732283473015,0.7043445929884911,0.6933520287275314,0.6907315999269485,0.7006067559123039,0.6956240236759186,0.7213711738586426,0.7327594757080078,0.7300794497132301,0.7351794242858887,0.2912079058587551,0.3072502538561821,0.34032100811600685,0.34998076781630516,0.38324935734272003,0.3667883463203907,0.3626607470214367,0.3479202128946781,0.3664288967847824,0.3654914125800133,0.36706940084695816,0.3629519119858742,0.3715694025158882,0.3644626960158348,0.3594321198761463,0.3499224819242954,0.36001771688461304,0.34080033004283905,0.29747139662504196,0.31216196715831757,0.3342849761247635,0.3403559736907482,0.367517564445734,0.34754835441708565,0.34764139354228973,0.3535236269235611,0.37594759091734886,0.3777051344513893,0.35691069439053535,0.3516632840037346,0.34658729285001755,0.35520679503679276,0.37077556550502777,0.3797515109181404,0.3727768510580063,0.36736326292157173,0.3784881867468357,0.3711669147014618,0.3644268922507763,0.3502461351454258,0.3549754172563553,0.3707325905561447,0.36517832428216934,0.3614649623632431,0.34836704283952713,0.337631706148386,0.33436397463083267,0.3318911152226584,0.058389073237776756,0.0531946555711329,0.05073646688833833,0.04752023424953222,0.04006222542375326,0.03818011190742254,0.03591865627095103,0.03965944843366742,0.03822890855371952,0.03653780464082956,0.03523794608190656,0.03999753203243017,0.03521704999729991,0.03496737405657768,0.03714368911460042,0.04262682143598795,0.0452375216409564,0.04283590568229556,0.04039769247174263,0.03976467810571194,0.040583319030702114,0.039875317830592394,0.0412700935266912,0.042242474388331175,0.04290350107476115,0.039242677856236696,0.04144401615485549,0.04469775268808007,0.03969459654763341,0.03913426864892244,0.04071206692606211,0.04051530174911022,0.03781482810154557,0.04170337691903114,0.039628790225833654,0.03685702313669026,0.03567193681374192,0.03744816966354847,0.03880295902490616,0.04615370696410537,0.04433228773996234,0.05108052119612694,0.05540567124262452,0.06813104171305895,0.0730801410973072,0.07105523440986872,0.07113529182970524,0.07279001176357269
SGF_WL,1,4,0.11698609590530396,0.09663456678390503,4.0509724617004395,5.212839603424072,167.38034057617188,2615.3178215026855,64,1920,0,0,0,3840,0.8089529350399971,0.8109941482543945,0.7603905722498894,0.6535914838314056,0.61419627815485,0.6070364564657211,0.5924878567457199,0.5964992791414261,0.6238432973623276,0.6720404326915741,0.715106338262558,0.7472520396113396,0.7181028500199318,0.7306484431028366,0.7024330422282219,0.6726082414388657,0.6577411442995071,0.6935057640075684,0.7209562659263611,0.7217032238841057,0.7530729919672012,0.7426129803061485,0.7648408859968185,0.7826542183756828,0.8044210597872734,0.8020951971411705,0.7797908112406731,0.7844237685203552,0.7799760550260544,0.7404066398739815,0.7610353380441666,0.7740322202444077,0.7829774841666222,0.7862887531518936,0.7754908427596092,0.7674204111099243,0.751958541572094,0.7712808698415756,0.7601117342710495,0.753424771130085,0.7261379882693291,0.7080070078372955,0.6934550702571869,0.692488320171833,0.7316780760884285,0.7112902328372002,0.6797327175736427,0.6570082817758832,0.2786359041929245,0.2825990319252014,0.3147941045463085,0.3584021031856537,0.38549215719103813,0.398458618670702,0.38846340775489807,0.38931265473365784,0.36965351924300194,0.3780689798295498,0.38431917503476143,0.35939323902130127,0.3668491654098034,0.3618893586099148,0.3743857070803642,0.378387875854969,0.38830340281128883,0.3816075026988983,0.37241313606500626,0.3829912394285202,0.3676295094192028,0.35519425943493843,0.34637657180428505,0.3377795182168484,0.3490983135998249,0.3542621061205864,0.35822443291544914,0.3450339324772358,0.33724699169397354,0.3517218679189682,0.3627089038491249,0.36751585826277733,0.3639514781534672,0.3544911891222,0.3450568951666355,0.34200940281152725,0.3500143140554428,0.3627102002501488,0.38508356735110283,0.38291284441947937,0.37089844793081284,0.3929451033473015,0.38650499284267426,0.3736145608127117,0.3583209477365017,0.3618238791823387,0.36507586762309074,0.36427029967308044,0.05279562948271632,0.05302271107211709,0.0446678614243865,0.041755839716643095,0.039795310236513615,0.03735235799103975,0.03534213965758681,0.036214849911630154,0.03967797942459583,0.04092484759166837,0.038292715791612864,0.04169533448293805,0.04107640543952584,0.04071332607418299,0.03694703569635749,0.03596230177208781,0.034810859244316816,0.03688156232237816,0.039170391857624054,0.04202028829604387,0.045727178920060396,0.04192276205867529,0.04868931882083416,0.050294782500714064,0.051554331090301275,0.05035676248371601,0.046597777400165796,0.0455230874940753,0.04536824719980359,0.0473501430824399,0.0516443052329123,0.04806162416934967,0.04466917226091027,0.04430268798023462,0.04422448528930545,0.04287318326532841,0.04163631610572338,0.040137466974556446,0.04067191667854786,0.04188433662056923,0.04331296915188432,0.04211098374798894,0.04232281260192394,0.04009535210207105,0.041698561515659094,0.03521080035716295,0.037053405307233334,0.041346234402486255
SGF_WL,0,5,0.053811073303222656,0.05293750762939453,5.732105255126953,4.358249664306641,167.73589301109314,2620.8733282983303,64,1920,0,0,0,3840,0.4562593325972557,0.44919322058558464,0.3613474443554878,0.3193260170519352,0.33224842697381973,0.34982991591095924,0.3583652004599571,0.3712488189339638,0.36158404499292374,0.38902582973241806,0.3833748325705528,0.4056191071867943,0.44104237854480743,0.4381727874279022,0.41030754521489143,0.42427098006010056,0.43195587024092674,0.4441643916070461,0.4466695226728916,0.42132866382598877,0.4266290105879307,0.3935493640601635,0.40421871468424797,0.42584777995944023,0.42792145162820816,0.41212884336709976,0.448381882160902,0.42208611220121384,0.4262305684387684,0.46277715638279915,0.47268063202500343,0.4587787128984928,0.4359510503709316,0.4207059033215046,0.4212024658918381,0.43126556649804115,0.4168187193572521,0.4169129282236099,0.43641649559140205,0.42790796607732773,0.43379855155944824,0.4429287537932396,0.460721742361784,0.4608302563428879,0.4215031526982784,0.4100528620183468,0.4064675197005272,0.4016447535582951,0.48065001890063286,0.48406393080949783,0.46043290570378304,0.44868024066090584,0.44929076358675957,0.43657296895980835,0.4286179281771183,0.44557394459843636,0.4210255816578865,0.384674746543169,0.35625936836004257,0.34558385238051414,0.3390376642346382,0.33847568184137344,0.3544531650841236,0.35452335700392723,0.33390922471880913,0.34353650733828545,0.36645110324025154,0.37264805659651756,0.36786743998527527,0.3718095012009144,0.37164583802223206,0.36583375930786133,0.35126974433660507,0.3452269770205021,0.36067766696214676,0.35691985860466957,0.3505372479557991,0.33347225561738014,0.34374070540070534,0.3575174994766712,0.3531557060778141,0.34017544239759445,0.34622548893094063,0.34803151339292526,0.3490443639457226,0.3519585579633713,0.3437699154019356,0.3317525088787079,0.3384675793349743,0.3283159025013447,0.3179488331079483,0.3088448829948902,0.3654380775988102,0.36464161798357964,0.36536185443401337,0.3516276478767395,0.05544510064646602,0.06197942141443491,0.05980481207370758,0.05713392607867718,0.055855142418295145,0.05779104633256793,0.06378879537805915,0.06796305626630783,0.07145859580487013,0.07812169753015041,0.06117750937119126,0.05976442387327552,0.05733136646449566,0.052851628977805376,0.05789583828300238,0.058851304929703474,0.05723658110946417,0.06524941744282842,0.06386881927028298,0.06247090641409159,0.06843101046979427,0.06660124473273754,0.05587053392082453,0.058350919745862484,0.05596095323562622,0.058838540222495794,0.06363400304690003,0.054500420577824116,0.05917070247232914,0.0612795683555305,0.061945642344653606,0.06284550996497273,0.0678393472917378,0.06995636876672506,0.07039216719567776,0.06616327026858926,0.06940313568338752,0.06749794306233525,0.05970868514850736,0.056742948945611715,0.05191668542101979,0.06269804388284683,0.06432427652180195,0.061904025729745626,0.06361174490302801,0.06775294709950686,0.07612949330359697,0.07590466737747192
SGF_WL,1,5,0.03293049335479736,0.017834603786468506,4.162564277648926,4.435733318328857,166.20899319648743,2597.015518695116,64,1920,0,0,0,3840,0.6125508919358253,0.6260496005415916,0.608224906027317,0.5494375005364418,0.4943494163453579,0.4903337173163891,0.46594492718577385,0.4591633528470993,0.467198021709919,0.49873344600200653,0.5110455229878426,0.5174914374947548,0.5216599851846695,0.48387402668595314,0.4881288930773735,0.4674208387732506,0.4955506920814514,0.5052939467132092,0.510025393217802,0.5542910695075989,0.5433952137827873,0.5265549197793007,0.4995817132294178,0.4872238412499428,0.4702214263379574,0.49242955818772316,0.5023546628654003,0.48656604811549187,0.49479329213500023,0.4765242040157318,0.4387279786169529,0.4246888495981693,0.4216426983475685,0.44151878729462624,0.47981682047247887,0.49591274186968803,0.5199133679270744,0.5001995526254177,0.5152250379323959,0.5228950381278992,0.5211085081100464,0.5175641775131226,0.47177693992853165,0.47949179261922836,0.48343393206596375,0.45112721249461174,0.42148953676223755,0.4328055168901171,0.2958387993276119,0.2893313616514206,0.2873394638299942,0.34291835501790047,0.370438888669014,0.37014373019337654,0.3552466817200184,0.3466805927455425,0.32802852988243103,0.31501510366797447,0.3172750845551491,0.3197585828602314,0.3177402764558792,0.3310670554637909,0.31910691037774086,0.328454427421093,0.32397622987627983,0.30702880769968033,0.3121437318623066,0.31691813468933105,0.3293921984732151,0.3248688690364361,0.314726322889328,0.3184036761522293,0.365549448877573,0.34769223257899284,0.33902769163250923,0.34157446399331093,0.3402881994843483,0.34929103776812553,0.3567231148481369,0.35043618828058243,0.36598262190818787,0.3620605133473873,0.33057452365756035,0.3430870473384857,0.3340452201664448,0.340478852391243,0.3270934447646141,0.308908611536026,0.31668630614876747,0.3231501653790474,0.33428996428847313,0.3292950838804245,0.33293624222278595,0.35384998098015785,0.3616565838456154,0.33752082926886423,0.06421387381851673,0.06923892255872488,0.07364149671047926,0.07802944164723158,0.07605907227844,0.07425767742097378,0.06741761695593596,0.0633230279199779,0.05482683191075921,0.04902836121618748,0.053165745455771685,0.05372476298362017,0.05180883500725031,0.05969551298767328,0.06372836697846651,0.0648703332990408,0.052898977883160114,0.06417657667770982,0.06186514534056187,0.051077749114483595,0.056690072640776634,0.059678012039512396,0.06547251250594854,0.06375668058171868,0.06250372994691133,0.05800583213567734,0.05751657439395785,0.061103001702576876,0.06427100347355008,0.057749670930206776,0.06706300470978022,0.060372134670615196,0.05213197972625494,0.053700892720371485,0.05276814196258783,0.054439973551779985,0.05362166045233607,0.0659957081079483,0.06159476097673178,0.0578592773526907,0.054500567726790905,0.055625499691814184,0.06584710441529751,0.057345067616552114,0.0663160583935678,0.06570631032809615,0.06965839210897684,0.062166543411357064
SGF_WL,0,6,0.10501033067703247,0.06725174188613892,9.0192289352417,8.655619621276855,166.05818605422974,2594.6591570973396,64,1920,0,0,0,3840,0.5923277288675308,0.566605694591999,0.5649835988879204,0.6046778038144112,0.6512338817119598,0.6545134633779526,0.6649320870637894,0.678086943924427,0.6820214465260506,0.674342505633831,0.6792441010475159,0.6983349472284317,0.6933768764138222,0.6918754130601883,0.681185856461525,0.6695989295840263,0.6810326650738716,0.7008163630962372,0.69894839823246,0.6957372948527336,0.7047095373272896,0.7072193250060081,0.700595036149025,0.7009830102324486,0.7053163275122643,0.7059368714690208,0.6902895718812943,0.6904105767607689,0.6991563513875008,0.7130996882915497,0.710154689848423,0.7035603821277618,0.6982310339808464,0.6869834735989571,0.6791651546955109,0.665878064930439,0.6575102210044861,0.6506330668926239,0.6519479528069496,0.6419949680566788,0.6619846895337105,0.6628580987453461,0.6786455065011978,0.6922719329595566,0.682824619114399,0.6987075880169868,0.6949127316474915,0.72609053339277,0.44365808367729187,0.473290279507637,0.4839135482907295,0.45724060013890266,0.4443790279328823,0.4586634449660778,0.4635838307440281,0.46961139515042305,0.4728419855237007,0.4709252119064331,0.4726467654109001,0.4599530100822449,0.45570459589362144,0.46109240874648094,0.4776010736823082,0.5004565753042698,0.48068320378661156,0.46986567229032516,0.469644982367754,0.4658546559512615,0.4672398418188095,0.46509023383259773,0.47174130752682686,0.46441131457686424,0.4650229178369045,0.47836264967918396,0.49339738115668297,0.4934294894337654,0.4830770157277584,0.48617078363895416,0.492058452218771,0.49674439802765846,0.5087924674153328,0.5074534863233566,0.5148741751909256,0.5184367448091507,0.5273797735571861,0.5329901203513145,0.5401681140065193,0.5431416034698486,0.5252204239368439,0.5244900658726692,0.5013791434466839,0.4957741089165211,0.5231002643704414,0.5213586911559105,0.5316402986645699,0.5210262366703579,0.10867405589669943,0.10248315427452326,0.10182236041873693,0.1065326351672411,0.1177102355286479,0.12349867448210716,0.12070484180003405,0.11664288584142923,0.11489579733461142,0.11529513169080019,0.1138295279815793,0.10876517370343208,0.10525823384523392,0.10469514690339565,0.11382296588271856,0.11167449876666069,0.12083642557263374,0.11377902142703533,0.1156325051560998,0.1189070837572217,0.11894705798476934,0.11880316585302353,0.12200331129133701,0.11889370251446962,0.1218637628480792,0.12039945553988218,0.11875386629253626,0.11887941882014275,0.11541414260864258,0.10870247799903154,0.10522480215877295,0.11271051783114672,0.11762847937643528,0.11676871497184038,0.11898519191890955,0.12061821948736906,0.11749537847936153,0.11984888836741447,0.11903717834502459,0.11613318510353565,0.11781625170260668,0.10976019315421581,0.11247452907264233,0.11259782407432795,0.1046955743804574,0.10187684372067451,0.10236217454075813,0.1076334108199392
SGF_WL,1,6,0.027376890182495117,0.10879004001617432,8.129281044006348,8.520170211791992,166.52803492546082,2602.0005457103252,64,1920,0,0,0,3840,0.5568277612328529,0.5605645999312401,0.5675304904580116,0.5773220136761665,0.6084136143326759,0.5979932546615601,0.6002956405282021,0.6107488051056862,0.6173505485057831,0.6164814606308937,0.6342970430850983,0.6309932321310043,0.654540665447712,0.6505006551742554,0.6662609949707985,0.6775228083133698,0.6820586025714874,0.7009524926543236,0.6830106824636459,0.6765924990177155,0.6740102469921112,0.6605741456151009,0.6637937501072884,0.6731107831001282,0.687305361032486,0.6884257271885872,0.6761939898133278,0.6780009567737579,0.6932592540979385,0.6805250868201256,0.6688272133469582,0.6678172871470451,0.6474914848804474,0.6495384350419044,0.6465746611356735,0.6417031511664391,0.6550471857190132,0.6456850245594978,0.6379682794213295,0.6243838369846344,0.6458068192005157,0.653409406542778,0.6625060588121414,0.6778782904148102,0.6770623549818993,0.6870485320687294,0.6949875429272652,0.7176607506615775,0.46511824801564217,0.4680729918181896,0.4689008295536041,0.48343154788017273,0.4862096905708313,0.5095854736864567,0.5100884214043617,0.5115676447749138,0.5225990116596222,0.5303427949547768,0.5308000966906548,0.5332953259348869,0.5220602452754974,0.5148322135210037,0.513894148170948,0.5124544650316238,0.5206768587231636,0.5133384540677071,0.5193426087498665,0.505728542804718,0.5067659243941307,0.5136665925383568,0.5147713497281075,0.5076076872646809,0.49178094416856766,0.4944698326289654,0.5094202496111393,0.5075710788369179,0.494221992790699,0.5085908696055412,0.5252670347690582,0.524633377790451,0.5332934334874153,0.5237161591649055,0.5209701061248779,0.5238640233874321,0.5206040814518929,0.5150296315550804,0.5160785764455795,0.5231292322278023,0.5303556323051453,0.5311629176139832,0.5225839167833328,0.5221119746565819,0.5289880633354187,0.5367409512400627,0.5331341847777367,0.5229530845369611,0.09226576425135136,0.09187678154557943,0.09548648912459612,0.0990494629368186,0.10554702021181583,0.10297552030533552,0.10558906942605972,0.10263096448034048,0.09968711342662573,0.10420105047523975,0.10343334171921015,0.10598691832274199,0.1049442645162344,0.09978628624230623,0.09677043370902538,0.09246457368135452,0.08901788108050823,0.08819830790162086,0.08781721349805593,0.0899719875305891,0.0966929392889142,0.09848693571984768,0.09848158899694681,0.09582697879523039,0.09219269268214703,0.09125945717096329,0.09219852834939957,0.09283789899200201,0.09577241726219654,0.09607866033911705,0.1008228687569499,0.10937616415321827,0.11310082208365202,0.11291925515979528,0.11343233659863472,0.10939050372689962,0.10755359474569559,0.11317706946283579,0.1200618902221322,0.12763638142496347,0.1262944247573614,0.11774042714387178,0.1100652888417244,0.10470135882496834,0.10977435391396284,0.11160549335181713,0.10846580378711224,0.10417206798280988
SGF_WL,0,7,0.07147961854934692,0.07310748100280762,5.266995429992676,4.799154758453369,166.29787063598633,2598.4042286872864,64,1920,0,0,0,3840,0.5108879506587982,0.5125469192862511,0.5138096585869789,0.5188881754875183,0.5058315135538578,0.5318230986595154,0.5591979846358299,0.5354825556278229,0.5450847521424294,0.5757630616426468,0.5662944838404655,0.5820131450891495,0.5741358175873756,0.5676964148879051,0.5671573281288147,0.5819113999605179,0.5486880019307137,0.5593226179480553,0.5398896038532257,0.5348241701722145,0.5396417900919914,0.5480083897709846,0.5572432205080986,0.5758886709809303,0.5725408867001534,0.5617810785770416,0.5778620168566704,0.5804588720202446,0.5523388385772705,0.5507024973630905,0.5415598899126053,0.5487257838249207,0.5594611689448357,0.5656070038676262,0.5145943090319633,0.5176989771425724,0.5390908196568489,0.5585732758045197,0.5769967585802078,0.5558275505900383,0.5411172583699226,0.539670504629612,0.5559836626052856,0.5870905742049217,0.6011567115783691,0.6185724437236786,0.6489695981144905,0.6424663748059954,0.571347214281559,0.5707360282540321,0.5421033427119255,0.5473051518201828,0.5323201566934586,0.5301174819469452,0.4984334670007229,0.49996141716837883,0.5072783306241035,0.4710368290543556,0.4588640257716179,0.45808758214116096,0.48324114456772804,0.494813472032547,0.5407417714595795,0.5203954204916954,0.5288248136639595,0.519715428352356,0.5010183528065681,0.5093903988599777,0.5120590925216675,0.4825209528207779,0.5182611644268036,0.5149661675095558,0.4996703304350376,0.4970381483435631,0.488178301602602,0.46442507207393646,0.5026711188256741,0.498151782900095,0.48454323410987854,0.4968511089682579,0.49570750817656517,0.48913048580288887,0.5107060745358467,0.5170389264822006,0.5204451680183411,0.5238920152187347,0.5118427462875843,0.49132804572582245,0.5076420679688454,0.4965853691101074,0.5393946543335915,0.5147909820079803,0.49952634796500206,0.48722954839468,0.47440048679709435,0.48035538622311186,0.08452653884887695,0.0857191402465105,0.07586954813450575,0.0566578796133399,0.05869414145126939,0.05679045245051384,0.05556466896086931,0.05614632135257125,0.05609720107167959,0.05643561389297247,0.056367904879152775,0.054023593198508024,0.05388281727209687,0.05873711546882987,0.056116392370313406,0.052482256200164557,0.06007272331044078,0.057489560917019844,0.05936159333214164,0.06028111185878515,0.05967399664223194,0.06101623270660639,0.0581872733309865,0.05889584217220545,0.058014750480651855,0.05477734934538603,0.05489566456526518,0.055223577190190554,0.052153059747070074,0.05345578631386161,0.054475109558552504,0.05514948349446058,0.05687401024624705,0.05529838427901268,0.05408412776887417,0.05453387135639787,0.05813360307365656,0.05950131546705961,0.05379177024587989,0.05298764631152153,0.05356532847508788,0.05710000637918711,0.05634169513359666,0.05635738791897893,0.05711484653875232,0.06025285180658102,0.05641573294997215,0.054028418979474475
SGF_WL,1,7,-0.03582268953323364,-0.026845335960388184,4.465969562530518,4.566302299499512,165.55736923217773,2586.833894252777,64,1920,0,0,0,3840,0.5186410024762154,0.5271387323737144,0.5263375118374825,0.5440280959010124,0.576461099088192,0.5824504047632217,0.5861471518874168,0.6120927557349205,0.6193841248750687,0.6111382693052292,0.5949338525533676,0.6012508198618889,0.6180812269449234,0.6005151346325874,0.569196030497551,0.6084446236491203,0.6065653711557388,0.5917684137821198,0.6031411215662956,0.5957524552941322,0.5972354710102081,0.5975474715232849,0.607991486787796,0.6164314597845078,0.5977000594139099,0.607275053858757,0.6055531650781631,0.5861884281039238,0.580553688108921,0.6014213338494301,0.6070521399378777,0.5978528335690498,0.6204579323530197,0.6201920658349991,0.5911199301481247,0.5994525477290154,0.6273588091135025,0.618251383304596,0.6258104890584946,0.6231150105595589,0.6276670321822166,0.6307595297694206,0.6392688006162643,0.6305862665176392,0.6403870061039925,0.6215570718050003,0.6000514402985573,0.620036746774401,0.6191477999091148,0.6147845387458801,0.6147796139121056,0.6044412553310394,0.5858024507761002,0.5788434892892838,0.554251454770565,0.5704687610268593,0.5658500716090202,0.5831268206238747,0.5589178279042244,0.5652011036872864,0.5623811483383179,0.556134894490242,0.5450868681073189,0.546556256711483,0.5329893305897713,0.530966691672802,0.510651595890522,0.5230836533010006,0.5074013136327267,0.5028945729136467,0.5246139764785767,0.5149233527481556,0.506639625877142,0.5221930295228958,0.49860794842243195,0.4977443553507328,0.5142295174300671,0.532424584031105,0.519033782184124,0.5591551214456558,0.5520307496190071,0.5377557799220085,0.5342757999897003,0.5584302172064781,0.5277396999299526,0.5271826535463333,0.5135690346360207,0.5357740595936775,0.5181271880865097,0.5213484540581703,0.5243787467479706,0.5272348187863827,0.5153210684657097,0.5009671077132225,0.5442296341061592,0.5688423940113613,0.08350138086825609,0.08630768302828074,0.08730759005993605,0.08224896714091301,0.07426596526056528,0.06509552150964737,0.0665477691218257,0.06751054152846336,0.06708950363099575,0.0649912292137742,0.05767982639372349,0.06088729202747345,0.06008031731471419,0.060255599208176136,0.06469483394175768,0.06309296144172549,0.06291084457188845,0.06617436558008194,0.0660336697474122,0.06321936519816518,0.06300384132191539,0.06317633762955666,0.0638512521982193,0.061184249352663755,0.062227418180555105,0.06432058895006776,0.060998138040304184,0.05684429220855236,0.06024697795510292,0.06368157221004367,0.06773188523948193,0.0681196516379714,0.06321311835199594,0.05666377628222108,0.05875759990885854,0.05940191866829991,0.05949443066492677,0.06092494120821357,0.06412281095981598,0.06682235933840275,0.06798724085092545,0.06508782459422946,0.0624041547998786,0.059402748476713896,0.06030247313901782,0.056027397979050875,0.062445797491818666,0.061164227447339466
SGF_WL,0,8,0.2049344778060913,0.02412235736846924,9.082442283630371,9.65611743927002,180.62705731391907,2822.2977705299854,64,1920,0,0,0,3840,0.5571724101901054,0.5659262612462044,0.56499432772398,0.562401756644249,0.5500923171639442,0.5340668559074402,0.5104314461350441,0.5332260206341743,0.5454219803214073,0.5409517288208008,0.563606508076191,0.5725729689002037,0.5780242085456848,0.5880846157670021,0.5732766762375832,0.5781886354088783,0.5794780999422073,0.5870533734560013,0.577503427863121,0.54729825258255,0.5260876715183258,0.5416479110717773,0.5401159524917603,0.5304699391126633,0.5236006304621696,0.516389787197113,0.47788313776254654,0.4695781171321869,0.47231388092041016,0.47793928906321526,0.47474195435643196,0.481684360653162,0.4909382276237011,0.5114375874400139,0.5116965919733047,0.49209895730018616,0.485920500010252,0.4702248126268387,0.48247067257761955,0.47270556539297104,0.4590486250817776,0.48852136731147766,0.4870441406965256,0.5141866281628609,0.5285761430859566,0.4726812280714512,0.4397428035736084,0.44894651429993765,0.3950084038078785,0.3899717479944229,0.39092230796813965,0.387309979647398,0.393649622797966,0.39903077110648155,0.4080418162047863,0.4038647376000881,0.3994418792426586,0.38956015184521675,0.38434820249676704,0.3786878436803818,0.38574104756116867,0.3809214346110821,0.3994601294398308,0.3928264379501343,0.3933335207402706,0.38395313173532486,0.38231705129146576,0.398411363363266,0.4106844924390316,0.39132510498166084,0.3853761665523052,0.39030345156788826,0.38489196822047234,0.38669145479798317,0.40763429924845695,0.4123930186033249,0.4249911233782768,0.4438319019973278,0.44860009476542473,0.44970229640603065,0.4396980293095112,0.41492126509547234,0.40885530784726143,0.42499256879091263,0.4345024339854717,0.4496038146317005,0.4446619115769863,0.4516774043440819,0.4468526393175125,0.43025392293930054,0.4208415858447552,0.3960002101957798,0.391311913728714,0.42334624379873276,0.4506984315812588,0.44922739267349243,0.16112241707742214,0.1627986915409565,0.1674646195024252,0.16793852858245373,0.1680243518203497,0.16065208241343498,0.15737256594002247,0.15494107827544212,0.15957588702440262,0.15163662284612656,0.15309916250407696,0.15555829368531704,0.15586864575743675,0.15649938955903053,0.15951942093670368,0.15897825546562672,0.16206933185458183,0.16571788862347603,0.16592802666127682,0.1653727237135172,0.15829132311046124,0.1583076175302267,0.1568189598619938,0.15329949371516705,0.15125766582787037,0.1517890729010105,0.14840654842555523,0.1451040618121624,0.13657553493976593,0.13240276463329792,0.12509947828948498,0.12784396018832922,0.1308192890137434,0.1342100240290165,0.1394969243556261,0.13927351869642735,0.13551207818090916,0.13182411901652813,0.1322387307882309,0.12933509144932032,0.1251900466158986,0.12944394908845425,0.13112609833478928,0.1375687811523676,0.13548600487411022,0.13281656429171562,0.12998701259493828,0.1285332930939538
SGF_WL,1,8,0.2334466576576233,0.17199969291687012,8.50809383392334,10.184944152832031,165.79601407051086,2590.5627198517323,64,1920,0,0,0,3840,0.4791063629090786,0.49514545500278473,0.50972730666399,0.5261518433690071,0.5154946073889732,0.4927271008491516,0.48138515651226044,0.4798068664968014,0.4855305776000023,0.4892117641866207,0.48578818514943123,0.4741152226924896,0.4703562967479229,0.4633222557604313,0.4664088971912861,0.4757640175521374,0.4783518351614475,0.4770689159631729,0.47069382667541504,0.4555719569325447,0.4537503831088543,0.4652291461825371,0.45716965571045876,0.4738371707499027,0.48026997223496437,0.46950677037239075,0.4725702777504921,0.4733549505472183,0.46551355347037315,0.4642927385866642,0.4851822555065155,0.4931151531636715,0.4988805614411831,0.503365159034729,0.5078321397304535,0.5155264139175415,0.5045678690075874,0.4809241220355034,0.4626176506280899,0.46934565529227257,0.45536620542407036,0.44482461735606194,0.45024025067687035,0.44808245822787285,0.45595353841781616,0.4700675308704376,0.4796735532581806,0.48665884137153625,0.3502100855112076,0.33932751044631004,0.331526767462492,0.3225325122475624,0.3351251222193241,0.35946428030729294,0.3771839253604412,0.3904951140284538,0.3961216062307358,0.39665835350751877,0.39303551614284515,0.3957130014896393,0.3936203680932522,0.3974177986383438,0.40174585208296776,0.39152564853429794,0.38871946930885315,0.39771319925785065,0.3970133513212204,0.4067141227424145,0.4156966470181942,0.4051726534962654,0.4029564931988716,0.3841727152466774,0.38543765619397163,0.40324367210268974,0.39946527779102325,0.39317386224865913,0.3991016782820225,0.4043952152132988,0.38700923323631287,0.3804231621325016,0.37522948533296585,0.36565298959612846,0.374039638787508,0.38127871602773666,0.3876822404563427,0.4003218896687031,0.40720392763614655,0.4042612425982952,0.4158533252775669,0.41742654144763947,0.41748106479644775,0.4101265147328377,0.39825597032904625,0.39023709297180176,0.38216377049684525,0.3830423951148987,0.1667376384139061,0.1717859674245119,0.17236946895718575,0.176409512758255,0.1752427089959383,0.17000173218548298,0.16260079480707645,0.1562895104289055,0.15281215123832226,0.15490438789129257,0.15344724990427494,0.15812699496746063,0.1571862306445837,0.15315171517431736,0.14989589154720306,0.15301061235368252,0.1530521661043167,0.1486583910882473,0.1561986580491066,0.1604952048510313,0.1670884620398283,0.17331518791615963,0.1690818853676319,0.1674535684287548,0.16658248379826546,0.165000531822443,0.16539925709366798,0.16144515201449394,0.15879257954657078,0.1544986627995968,0.15876829996705055,0.1617738977074623,0.1623619943857193,0.16608199663460255,0.16381377167999744,0.1610812023282051,0.16283155418932438,0.1637926921248436,0.16887115873396397,0.16883504390716553,0.1706393901258707,0.16372885927557945,0.16423892788589,0.1623669695109129,0.16334679163992405,0.16213084571063519,0.16234618239104748,0.1618749839918954
SGF_WL,0,9,0.1887100338935852,0.1498761773109436,7.990790843963623,7.33981466293335,165.56860899925232,2587.0095156133175,64,1920,0,0,0,3840,0.5041217729449272,0.49810120463371277,0.4609011486172676,0.511889148503542,0.561411939561367,0.5099558904767036,0.45155663788318634,0.5529928058385849,0.503040261566639,0.5235325433313847,0.521628525108099,0.5300361849367619,0.4932033382356167,0.5449908524751663,0.49580568820238113,0.4980967901647091,0.5020758435130119,0.4962809905409813,0.5006547123193741,0.4381128214299679,0.3647608309984207,0.3569822907447815,0.39534543082118034,0.41164667159318924,0.44396423175930977,0.4781198836863041,0.44433803483843803,0.4985552355647087,0.5158912353217602,0.5050101280212402,0.5040387585759163,0.5366867333650589,0.5600759796798229,0.5442116111516953,0.5563543848693371,0.5826924294233322,0.5210203602910042,0.5826484635472298,0.6067918986082077,0.6165741756558418,0.6205035448074341,0.5946449264883995,0.5960461646318436,0.5904547348618507,0.5451289340853691,0.5796054899692535,0.5543368831276894,0.5055302807262966,0.41408419236540794,0.42498035356402397,0.45439792051911354,0.48645423352718353,0.4987935423851013,0.5137027017772198,0.5203291177749634,0.4913965314626694,0.5089548639953136,0.49280301108956337,0.5053973346948624,0.4923462010920048,0.5286112651228905,0.5142509043216705,0.5213274322450161,0.5427450314164162,0.540711373090744,0.5300086513161659,0.5260101705789566,0.5573178678750992,0.5716344714164734,0.5724894776940346,0.5435992255806923,0.5362760573625565,0.5143777467310429,0.5017066933214664,0.5158023908734322,0.5101038925349712,0.5461471378803253,0.5484483540058136,0.5324854180216789,0.4943130537867546,0.4855039529502392,0.506238304078579,0.5176764689385891,0.5193561241030693,0.5235137157142162,0.5032904297113419,0.48808812722563744,0.49100571870803833,0.5018856525421143,0.4972056783735752,0.5173602178692818,0.5016767270863056,0.5061211548745632,0.5220282673835754,0.5291465595364571,0.567004246371133,0.05107414396479726,0.05251147784292698,0.047646642196923494,0.045271716080605984,0.04762615589424968,0.04554432537406683,0.0418205545283854,0.048033871687948704,0.04664876963943243,0.047844970133155584,0.050311475060880184,0.04999786661937833,0.05390219669789076,0.05212211795151234,0.04958044830709696,0.05123509932309389,0.05106273293495178,0.051988241728395224,0.04808907397091389,0.04912069346755743,0.04416340496391058,0.03822030918672681,0.04261291911825538,0.040211554151028395,0.04533589445054531,0.05308464681729674,0.051524724811315536,0.05204503843560815,0.047267310321331024,0.04379890626296401,0.0481244595721364,0.054398680571466684,0.05047118617221713,0.047647527884691954,0.04845205461606383,0.04693712526932359,0.05278985807672143,0.05791671201586723,0.06141058588400483,0.05618405295535922,0.06575615610927343,0.06652654940262437,0.06322530983015895,0.05819818004965782,0.05513313319534063,0.05864495225250721,0.05535204242914915,0.05218879505991936
SGF_WL,1,9,0.032221853733062744,-0.09426307678222656,6.878457546234131,6.801187038421631,166.2637550830841,2597.871173173189,64,1920,0,0,0,3840,0.47966885939240456,0.4771939441561699,0.4688945338129997,0.45053407177329063,0.44521694257855415,0.4495606981217861,0.4883798211812973,0.5162683427333832,0.5626468807458878,0.5594363287091255,0.5538883022964001,0.5441497378051281,0.5401818752288818,0.5551929846405983,0.5653635784983635,0.5723915174603462,0.6090100109577179,0.5793546363711357,0.5699961632490158,0.6008497700095177,0.5970971956849098,0.5924142599105835,0.5959048494696617,0.5908389240503311,0.6123168021440506,0.6310288906097412,0.6519157588481903,0.6365314200520515,0.640933945775032,0.6297134831547737,0.6280147358775139,0.6186522766947746,0.6058627814054489,0.5601580739021301,0.5735809579491615,0.6443537697196007,0.6731305867433548,0.6867029368877411,0.679512694478035,0.6246796622872353,0.6104885116219521,0.5870837271213531,0.5489843338727951,0.49515552446246147,0.5919109284877777,0.5716153979301453,0.5887578055262566,0.602520329611642,0.5038669072091579,0.5075169019401073,0.4870440140366554,0.500700268894434,0.5128417685627937,0.4998255856335163,0.5123578161001205,0.533404678106308,0.511054053902626,0.5230839885771275,0.5188278071582317,0.5205949619412422,0.5402477160096169,0.5313932448625565,0.5272649079561234,0.5157221481204033,0.5019782185554504,0.5143141634762287,0.5193810053169727,0.5269336700439453,0.5194042921066284,0.5161253362894058,0.5155163779854774,0.5106084421277046,0.4928257614374161,0.49641214311122894,0.47184570133686066,0.48022301495075226,0.46031657606363297,0.45401572063565254,0.4645714946091175,0.46243850141763687,0.4561172164976597,0.47207993641495705,0.48880042880773544,0.4899643808603287,0.4742775335907936,0.45215917006134987,0.4569740369915962,0.4468919038772583,0.4316916950047016,0.424540925770998,0.41668304055929184,0.40295616537332535,0.40004947409033775,0.4299468472599983,0.39797109737992287,0.39078459995133535,0.05343830958008766,0.05753862112760544,0.046002489514648914,0.04320175852626562,0.04660117905586958,0.044968665577471256,0.04670887254178524,0.048407691065222025,0.05035428423434496,0.04935713158920407,0.046635234728455544,0.04859325895085931,0.04968954948708415,0.04998325975611806,0.05052377376705408,0.053542610257864,0.053554927464574575,0.051452289801090956,0.051872946321964264,0.05459056608378887,0.05614036554470658,0.05864862212911248,0.05477660242468119,0.04953970015048981,0.05159326735883951,0.05818313220515847,0.06598114315420389,0.07172203902155161,0.07851380109786987,0.07861336320638657,0.07935811392962933,0.07968641445040703,0.07387798000127077,0.0694587342441082,0.06104813516139984,0.06830476736649871,0.07023475226014853,0.06824963632971048,0.05614098208025098,0.05717222951352596,0.057308949530124664,0.054710728116333485,0.05844276072457433,0.05553828692063689,0.062031399458646774,0.06479845941066742,0.07157018687576056,0.07213295464004789
SGF_WL,0,10,0.021010994911193848,-0.007589399814605713,4.857873439788818,6.392337799072266,183.96293544769287,2874.420866370201,64,1920,0,0,0,3840,0.6830684393644333,0.6787875965237617,0.6550228372216225,0.5863752067089081,0.5657273903489113,0.5859175696969032,0.5920179635286331,0.5784682258963585,0.5970442667603493,0.6043817326426506,0.6020215824246407,0.6173259019851685,0.6008360013365746,0.6027672439813614,0.611813485622406,0.6090542748570442,0.6230256110429764,0.6407709643244743,0.6460454389452934,0.6242226213216782,0.6097182258963585,0.5943737477064133,0.6209902465343475,0.6603120416402817,0.6570317521691322,0.6417951732873917,0.6583387032151222,0.6376452520489693,0.6445687860250473,0.6529962718486786,0.6588999181985855,0.6619733199477196,0.6398306265473366,0.6267489865422249,0.6322303414344788,0.6354858130216599,0.6362211778759956,0.5857399851083755,0.5796826034784317,0.5813574120402336,0.5901804640889168,0.6119593679904938,0.638985350728035,0.6268839985132217,0.6226503029465675,0.6203716844320297,0.6281492859125137,0.6552729180880955,0.3477332703769207,0.35267195478081703,0.34363987296819687,0.3689365051686764,0.37779351323843,0.4014072008430958,0.3927917331457138,0.39122770354151726,0.40595582127571106,0.4025823846459389,0.40194668993353844,0.39224115014076233,0.38739996030926704,0.41069918125867844,0.43078266829252243,0.43294254690408707,0.42272211611270905,0.418506745249033,0.41392798721790314,0.4231052063405514,0.4289589412510395,0.43342673778533936,0.4323314242064953,0.42836225032806396,0.4248536117374897,0.4279465153813362,0.4419427737593651,0.4471338577568531,0.4516526013612747,0.44760069623589516,0.43964677676558495,0.4349478669464588,0.4288528449833393,0.4307342693209648,0.4271251857280731,0.4278087876737118,0.4301101565361023,0.43972523510456085,0.429060984402895,0.4356023110449314,0.43094268813729286,0.4221544936299324,0.4177251346409321,0.4046681746840477,0.4127882309257984,0.43367402255535126,0.44575105980038643,0.43340995056288584,0.04883281094953418,0.043864958453923464,0.0425899107940495,0.031035859370604157,0.028236810816451907,0.03211716469377279,0.037072538398206234,0.03562369802966714,0.038919673301279545,0.03588996082544327,0.03601516783237457,0.04163976851850748,0.033090407494455576,0.037711132783442736,0.046310610603541136,0.045930573251098394,0.04596902709454298,0.04987369477748871,0.04950104374438524,0.042509900871664286,0.037320205476135015,0.040152988862246275,0.04324282659217715,0.04599259328097105,0.04476466542109847,0.039014209527522326,0.045861261896789074,0.04583191266283393,0.04066567122936249,0.039984580129384995,0.039033560547977686,0.03775384044274688,0.04149555182084441,0.042685206048190594,0.041047456208616495,0.03881767485290766,0.03949136985465884,0.0376110733486712,0.038236701395362616,0.04162010224536061,0.04095466993749142,0.041169118136167526,0.04263006104156375,0.04093067813664675,0.0436497088521719,0.044892268255352974,0.045233740005642176,0.049036335732255666
SGF_WL,1,10,0.1482536792755127,0.1257873773574829,6.080915927886963,6.051173210144043,199.177494764328,3112.148355692625,64,1920,0,0,0,3840,0.6181767955422401,0.6243214011192322,0.6025921329855919,0.5667226538062096,0.5606979802250862,0.5502483993768692,0.5390374585986137,0.5571622401475906,0.5650877058506012,0.5883105993270874,0.5847035571932793,0.5781261697411537,0.6035757809877396,0.5812239721417427,0.5816953331232071,0.6110291257500648,0.6056136190891266,0.5720483139157295,0.5697688609361649,0.5602208450436592,0.5916801169514656,0.5854157581925392,0.5758223608136177,0.5768236368894577,0.5855166912078857,0.5750236958265305,0.6021214798092842,0.5850589349865913,0.5574928969144821,0.5574545338749886,0.5535939410328865,0.556554339826107,0.5607613027095795,0.5492471754550934,0.5460100844502449,0.5605271831154823,0.5677195563912392,0.5603175759315491,0.5692257508635521,0.572343572974205,0.5567706376314163,0.5817457586526871,0.5764753744006157,0.5459809526801109,0.5500752329826355,0.5579356476664543,0.5435132160782814,0.5824098416737148,0.356084369122982,0.35347427800297737,0.3551853783428669,0.39632025733590126,0.39898160099983215,0.41288140043616295,0.4567204862833023,0.4373026452958584,0.4334402196109295,0.4336470849812031,0.44067491218447685,0.45532065257430077,0.4535626508295536,0.4497470296919346,0.456397395581007,0.4197283834218979,0.40808799490332603,0.4234742969274521,0.40494919940829277,0.4151672124862671,0.42806218564510345,0.4334382452070713,0.4351801201701164,0.45268502086400986,0.4241730682551861,0.44270986691117287,0.430856067687273,0.4464937523007393,0.4725244790315628,0.4854045435786247,0.4814823493361473,0.47557470947504044,0.4819924905896187,0.4599357731640339,0.45483966916799545,0.45143089443445206,0.4412054605782032,0.4433872662484646,0.4482198469340801,0.43762724101543427,0.4452330730855465,0.446843046694994,0.4556836113333702,0.4549596533179283,0.4718153364956379,0.45802631974220276,0.46892740204930305,0.46276948707444326,0.06602833047509193,0.06555157713592052,0.06092452770099044,0.0622624671086669,0.07220057304948568,0.05100310454145074,0.05359496548771858,0.059679736848920584,0.05452704569324851,0.06760310474783182,0.06683065649122,0.053321607410907745,0.057840978261083364,0.05531179439276457,0.0584981101565063,0.06806574575603008,0.058476587291806936,0.05641231266781688,0.05397320771589875,0.050764833111315966,0.059294812846928835,0.06386981904506683,0.05767726246267557,0.05712829250842333,0.06010808516293764,0.059311320539563894,0.0666787987574935,0.06116208340972662,0.05843860609456897,0.05289581185206771,0.050878345500677824,0.05001302994787693,0.049172366969287395,0.047148417215794325,0.04744662018492818,0.057311028242111206,0.0578375356271863,0.05110439471900463,0.046334202867001295,0.044767316430807114,0.04723518993705511,0.05042967898771167,0.05228265328332782,0.0477703595533967,0.05674602696672082,0.05695930169895291,0.053790700156241655,0.06428286167127746
SGF_WL,0,11,0.1073870062828064,0.1096343994140625,9.706133842468262,10.349992752075195,167.4255805015564,2616.0246953368187,64,1920,0,0,0,3840,0.7177372947335243,0.712421141564846,0.7180791050195694,0.7297195717692375,0.7347275018692017,0.7250319793820381,0.7415722608566284,0.7494866028428078,0.7518651634454727,0.7482668831944466,0.7476635202765465,0.7450941875576973,0.7197613045573235,0.7188690006732941,0.7292533442378044,0.7288161888718605,0.7294775024056435,0.7426458895206451,0.7582888677716255,0.7747851386666298,0.7720255553722382,0.7715153098106384,0.7758148014545441,0.7780997827649117,0.7695704400539398,0.764348991215229,0.7349546998739243,0.7360069751739502,0.7317050769925117,0.7279371917247772,0.7383698001503944,0.7355361059308052,0.7432479485869408,0.7507245913147926,0.7421064749360085,0.737492561340332,0.745480552315712,0.7428737804293633,0.7378566488623619,0.7268371880054474,0.7231230661273003,0.7338589653372765,0.7400083616375923,0.72946397960186,0.7339011058211327,0.7306480780243874,0.7487872466444969,0.7452791844095502,0.39079877734184265,0.399381797760725,0.39593518152832985,0.40535347163677216,0.35477492213249207,0.31678440421819687,0.3015211634337902,0.3184562213718891,0.33222780376672745,0.34406639635562897,0.34207581356167793,0.342889878898859,0.3609616793692112,0.36621738970279694,0.3597423769533634,0.34586625546216965,0.33690953999757767,0.3402158096432686,0.35773831605911255,0.3528018593788147,0.3469991274178028,0.3354594483971596,0.3442077524960041,0.3460600711405277,0.33304338529706,0.3354988843202591,0.34287360683083534,0.3477386385202408,0.3476381376385689,0.3503289446234703,0.3546951487660408,0.35912391915917397,0.3618915230035782,0.36743713915348053,0.37311388179659843,0.38833943009376526,0.39673395082354546,0.3882601410150528,0.38766898959875107,0.39565565064549446,0.38502613082528114,0.3665968291461468,0.3573564998805523,0.3689035288989544,0.3751327879726887,0.36762382835149765,0.36332471296191216,0.3689418945993696,0.05040173092857003,0.05555150657892227,0.059761079493910074,0.06817731261253357,0.08276415895670652,0.09445641003549099,0.09575018379837275,0.09653182327747345,0.10029999073594809,0.1017856365069747,0.10762169770896435,0.11029787547886372,0.11535871028900146,0.1150012044236064,0.10898154228925705,0.10596566647291183,0.10508134122937918,0.10182396601885557,0.09501965623348951,0.08524288982152939,0.09075111709535122,0.08562676794826984,0.08710978180170059,0.08990530204027891,0.07959187496453524,0.08310496620833874,0.08014114201068878,0.08579412288963795,0.08448311313986778,0.08368444908410311,0.08102854527533054,0.0872010225430131,0.09813794028013945,0.11147327814251184,0.12079990282654762,0.1245427280664444,0.1189379058778286,0.11328847520053387,0.10890339314937592,0.10929370112717152,0.10504557006061077,0.0991314621642232,0.09570464957505465,0.09941425081342459,0.097049823962152,0.09357180539518595,0.09506443049758673,0.10038178733416966
SGF_WL,1,11,0.06687074899673462,0.03323930501937866,10.403337478637695,9.573970794677734,166.51782894134521,2601.841077208519,64,1920,0,0,0,3840,0.7207064479589462,0.7207190841436386,0.7071303129196167,0.6987888813018799,0.7190897166728973,0.7387026399374008,0.7493509277701378,0.7435371205210686,0.7633907645940781,0.767096146941185,0.7649414911866188,0.7570863217115402,0.7668942138552666,0.7523602247238159,0.6891183257102966,0.7523393556475639,0.7605163305997849,0.7641208097338676,0.7688432484865189,0.7879854217171669,0.7950237542390823,0.7939312011003494,0.7810186892747879,0.7759329676628113,0.7606378048658371,0.7635469138622284,0.7730594426393509,0.7612117156386375,0.7569462954998016,0.754830926656723,0.768988773226738,0.7743830233812332,0.7732439935207367,0.7797292694449425,0.7791532278060913,0.7808360829949379,0.7653861343860626,0.749037891626358,0.7576873004436493,0.7739742696285248,0.7710558474063873,0.7710922956466675,0.7740721628069878,0.7865306586027145,0.7927277684211731,0.7849849238991737,0.7841303199529648,0.7933800901685443,0.4100826270878315,0.41586650162935257,0.4215994291007519,0.4030109718441963,0.38712188974022865,0.3659456893801689,0.35349182039499283,0.3594818711280823,0.3468119539320469,0.33542902395129204,0.3313829153776169,0.351108867675066,0.33926862850785255,0.34269214048981667,0.36537477001547813,0.3494822457432747,0.35026586428284645,0.3551350347697735,0.35773058608174324,0.353031225502491,0.3566325381398201,0.3624906428158283,0.3703672029078007,0.3743017874658108,0.369604978710413,0.3677835166454315,0.3582729808986187,0.36042193695902824,0.35152746364474297,0.33809956163167953,0.3275288827717304,0.32617977261543274,0.335272204130888,0.3411310166120529,0.33532410860061646,0.3355381153523922,0.3382580168545246,0.3473407216370106,0.33334943279623985,0.33171816542744637,0.3372890502214432,0.3359706290066242,0.3343229256570339,0.31400738283991814,0.30914097651839256,0.31975793465971947,0.3101232126355171,0.30693765197481426,0.061485940124839544,0.06537976581603289,0.06995053123682737,0.0749825406819582,0.08130921702831984,0.07858575414866209,0.07746645249426365,0.08685308136045933,0.09011821169406176,0.08367363829165697,0.07734609954059124,0.07087009027600288,0.06557661760598421,0.06582456920295954,0.06544085498899221,0.064911138266325,0.06777714099735022,0.0690489299595356,0.0744275227189064,0.0715144444257021,0.07015713024884462,0.07117750216275454,0.07454964704811573,0.07475419715046883,0.07107228972017765,0.06832750979810953,0.06683519948273897,0.06631737388670444,0.06862222123891115,0.07473111897706985,0.07338417880237103,0.07887872774153948,0.074957893230021,0.0712882587686181,0.07176926080137491,0.07051545660942793,0.06958523765206337,0.07420345768332481,0.0754214134067297,0.07480744551867247,0.07984716817736626,0.08690972067415714,0.08498624060302973,0.07836316246539354,0.07231330778449774,0.07219950761646032,0.07406541891396046,0.07396129305873599
SGF_WL,0,12,0.42475199699401855,0.20950663089752197,9.448860168457031,11.326613426208496,165.56641292572021,2586.9752019643784,64,1920,0,0,0,3840,0.4792390279471874,0.5299539044499397,0.5714435949921608,0.591543085873127,0.5872083827853203,0.5852917805314064,0.5845368653535843,0.5856098681688309,0.581967830657959,0.5727881789207458,0.5636452957987785,0.5490786582231522,0.546612337231636,0.5517342463135719,0.5570160076022148,0.5480601191520691,0.5533972680568695,0.5446951985359192,0.5307912603020668,0.5289666801691055,0.5343688204884529,0.5625198483467102,0.5519300177693367,0.5588164627552032,0.556729145348072,0.5541925579309464,0.5432108715176582,0.5308824554085732,0.541396327316761,0.5391718298196793,0.5520724654197693,0.5423566624522209,0.5429310202598572,0.5508161559700966,0.5592370331287384,0.5610300526022911,0.5707621350884438,0.5712910592556,0.5724117234349251,0.5549399256706238,0.5591311231255531,0.5586954280734062,0.5558538436889648,0.5540847554802895,0.5546210631728172,0.57326889783144,0.5718684121966362,0.5676090632166181,0.4103133901953697,0.3978359326720238,0.3890407979488373,0.3863767050206661,0.3893760070204735,0.39151980727910995,0.39154457300901413,0.3924592174589634,0.3946536146104336,0.39309322088956833,0.402617733925581,0.40840885415673256,0.42651427164673805,0.4306776113808155,0.4244252070784569,0.4254356436431408,0.4311012029647827,0.4492608681321144,0.459825973957777,0.46509935706853867,0.4587559998035431,0.4499915912747383,0.44793984666466713,0.43661263957619667,0.4358476549386978,0.43076683953404427,0.4304305911064148,0.4374585561454296,0.4314442537724972,0.4339683800935745,0.42820189893245697,0.4375430755317211,0.43993013724684715,0.4422423951327801,0.44206973165273666,0.4416768550872803,0.44355088472366333,0.4459339268505573,0.44744062796235085,0.45093416795134544,0.45808305591344833,0.46291324496269226,0.4561978727579117,0.4599074609577656,0.45954590663313866,0.4572868049144745,0.46275247633457184,0.4787016681262425,0.15711805410683155,0.158014552667737,0.1567776147276163,0.1593364141881466,0.15574489161372185,0.14572380110621452,0.14358053170144558,0.13934724032878876,0.13945315219461918,0.1373319998383522,0.13489066436886787,0.13229459896683693,0.1364402435719967,0.13687063567340374,0.13402201980352402,0.13000179640948772,0.12712154164910316,0.12753249052911997,0.12396512646228075,0.11615310423076153,0.12731491588056087,0.126862577162683,0.1280797552317381,0.12149396166205406,0.11783022247254848,0.12169597391039133,0.12397834844887257,0.11815411783754826,0.12580867856740952,0.1195936817675829,0.12200706917792559,0.12459566723555326,0.12339574843645096,0.12494780216366053,0.12502331379801035,0.12668153271079063,0.13300159014761448,0.13417441584169865,0.13034961745142937,0.12980317696928978,0.1286170855164528,0.1293814405798912,0.1224868344143033,0.1318711582571268,0.13408194296061993,0.13924754410982132,0.14199404790997505,0.14427516502993448
SGF_WL,1,12,0.437598317861557,0.32432252168655396,10.959274291992188,8.202503204345703,165.56374979019165,2586.9335904717445,64,1920,0,0,0,3840,0.4606088101863861,0.4964074082672596,0.5217118114233017,0.506598100066185,0.49371887743473053,0.49505115300416946,0.49557624757289886,0.4778438024222851,0.4659704528748989,0.47022323310375214,0.46741940453648567,0.4744815044105053,0.47753090411424637,0.4725845754146576,0.4794744662940502,0.4910346046090126,0.49710891023278236,0.5128153562545776,0.49771980568766594,0.49937447905540466,0.47719722986221313,0.4636370316147804,0.4822131283581257,0.4783789850771427,0.4563537836074829,0.45129556581377983,0.4453837089240551,0.43614863231778145,0.4430652856826782,0.43715668842196465,0.45189278200268745,0.4638745002448559,0.46041981130838394,0.4734671413898468,0.4773227572441101,0.47943124547600746,0.4805523678660393,0.4649040028452873,0.46069592982530594,0.4329422414302826,0.4407681114971638,0.45059144869446754,0.4625288024544716,0.45020173490047455,0.45949557796120644,0.4504954442381859,0.4469439759850502,0.43502084272248404,0.4196213372051716,0.40591202676296234,0.38740137219429016,0.40227725729346275,0.39824294298887253,0.386494193226099,0.3767572306096554,0.3906327523291111,0.3927907384932041,0.38756071776151657,0.39102520793676376,0.3932109363377094,0.39455318078398705,0.39492497593164444,0.4094604551792145,0.4073129966855049,0.396565742790699,0.3904573991894722,0.3920612819492817,0.3790830783545971,0.37509768083691597,0.3825916014611721,0.38801876455545425,0.3944567032158375,0.4026700370013714,0.40804095193743706,0.4133352227509022,0.4139692299067974,0.40550317242741585,0.4073973000049591,0.4029211960732937,0.39632463455200195,0.39152471348643303,0.3981997072696686,0.3944260776042938,0.39865829795598984,0.38906558975577354,0.4008048176765442,0.39343559741973877,0.39311685785651207,0.3908283971250057,0.3841627724468708,0.3770320676267147,0.401920922100544,0.39248407259583473,0.4004976265132427,0.41263823956251144,0.42174610069819857,0.13908078707754612,0.1435601506382227,0.1382532473653555,0.14483310841023922,0.14222548343241215,0.13930748403072357,0.13544763438403606,0.1406840030103922,0.14667024463415146,0.14328848011791706,0.14763897098600864,0.14456495828926563,0.13960386626422405,0.14135016314685345,0.14405415393412113,0.14229551702737808,0.13880501314997673,0.14480366185307503,0.14449765160679817,0.14491468109190464,0.1506402436643839,0.14885487966239452,0.15364864841103554,0.15231193602085114,0.14905893057584763,0.1396989542990923,0.14739669300615788,0.14589798822999,0.14480226673185825,0.14457179978489876,0.1476055346429348,0.14185487106442451,0.14990865997970104,0.14944387413561344,0.1511123925447464,0.1446407549083233,0.14693206176161766,0.14780601486563683,0.14682657085359097,0.142739187926054,0.1343669295310974,0.13682826049625874,0.13059018552303314,0.1269444152712822,0.13101112842559814,0.12812833860516548,0.13130727782845497,0.11861176788806915
SGF_WL,0,13,0.3316084146499634,0.24258053302764893,8.335898399353027,9.533425331115723,202.99611735343933,3171.8143336474895,64,1920,0,0,0,3840,0.5998192727565765,0.6076683551073074,0.6161670982837677,0.6366012394428253,0.6496337577700615,0.6599040701985359,0.6631131991744041,0.6591146141290665,0.6458400040864944,0.6331302300095558,0.6520402878522873,0.63515405356884,0.6624075099825859,0.6865915581583977,0.6570948511362076,0.6426567807793617,0.7013177126646042,0.6665847972035408,0.6651913523674011,0.6783245131373405,0.680518738925457,0.6504330337047577,0.6843975484371185,0.6881466656923294,0.6819106712937355,0.6838624179363251,0.7174315899610519,0.7162084579467773,0.7207822501659393,0.6988635286688805,0.6580640375614166,0.6575448289513588,0.7079113721847534,0.6771900802850723,0.6628826186060905,0.6558753103017807,0.6700048297643661,0.6958218440413475,0.6499371826648712,0.6455083787441254,0.6489752531051636,0.6870159208774567,0.676681824028492,0.6778717786073685,0.6786743402481079,0.6542452648282051,0.6805533766746521,0.6783810087612697,0.48962216079235077,0.4967827871441841,0.5041154436767101,0.5097268298268318,0.5163491293787956,0.5222045481204987,0.520954042673111,0.5157917886972427,0.5176751613616943,0.5320675373077393,0.5297709256410599,0.5320411399006844,0.5253387987613678,0.5157579928636551,0.5345763117074966,0.5220222286880016,0.5086847878992558,0.5342198684811592,0.549347497522831,0.5528083890676498,0.5197695344686508,0.5287234485149384,0.5262032747268677,0.5098880715668201,0.5079858191311359,0.516779687255621,0.5139029622077942,0.5305638983845711,0.5257621183991432,0.5331588611006737,0.5424952954053879,0.5387504696846008,0.5218859612941742,0.527222216129303,0.4918420873582363,0.49452128633856773,0.4982574097812176,0.4972637929022312,0.5201941430568695,0.5089126788079739,0.5107045620679855,0.5139447562396526,0.521431103348732,0.531693585216999,0.5469447821378708,0.5561578273773193,0.5441806316375732,0.5379721096583775,0.1263251155614853,0.14092271588742733,0.14623224176466465,0.15063483081758022,0.14887742325663567,0.14662053994834423,0.14133798144757748,0.12673735432326794,0.11262068431824446,0.10563609097152948,0.09652207884937525,0.09637164324522018,0.10168784204870462,0.0964395273476839,0.09686041995882988,0.09706217888742685,0.09411963634192944,0.09011998772621155,0.08920872956514359,0.08382310718297958,0.08111972641199827,0.08279108721762896,0.08530659135431051,0.07968465704470873,0.08672369550913572,0.08737258054316044,0.09578943625092506,0.09866091422736645,0.08820396102964878,0.0840106988325715,0.08849295973777771,0.09947463218122721,0.08909956738352776,0.07762250024825335,0.08741338457912207,0.09898979961872101,0.0940326452255249,0.08878161665052176,0.08330908510833979,0.08539590798318386,0.08956578001379967,0.09563862904906273,0.09256670251488686,0.09096729196608067,0.09165313839912415,0.10083434078842402,0.10135962255299091,0.10158100404909678
SGF_WL,1,13,0.1637982726097107,0.2040591835975647,8.343255996704102,9.503213882446289,165.7250998020172,2589.454684406519,64,1920,0,0,0,3840,0.6714687347412109,0.6785629093647003,0.6623332723975182,0.6876609548926353,0.6860049962997437,0.6798692047595978,0.670370414853096,0.689012385904789,0.6833045557141304,0.6818275153636932,0.7279577180743217,0.7304101288318634,0.6819329336285591,0.6808600798249245,0.6668397635221481,0.6706497520208359,0.6804144382476807,0.6532707661390305,0.6807323917746544,0.6816429942846298,0.7033219560980797,0.7361553609371185,0.7328489273786545,0.70594572275877,0.6493017673492432,0.6538838446140289,0.6454585716128349,0.6593011096119881,0.6762349978089333,0.6874935626983643,0.6855912506580353,0.6654119193553925,0.6524295508861542,0.6920568645000458,0.684784822165966,0.6663714498281479,0.7086270153522491,0.6819442138075829,0.6582180485129356,0.6715802177786827,0.6973982751369476,0.6831337511539459,0.6728614121675491,0.6807238012552261,0.6691603139042854,0.694909118115902,0.6871181353926659,0.7239175353731427,0.43198952078819275,0.43079400807619095,0.4274565912783146,0.44707413390278816,0.47180555015802383,0.49988653883337975,0.49182622507214546,0.493004746735096,0.49554385617375374,0.4956180527806282,0.47180069610476494,0.47868189588189125,0.49867184832692146,0.49518926814198494,0.499844204634428,0.49938472732901573,0.48518307507038116,0.48699694499373436,0.4889385253190994,0.4912857860326767,0.4882323257625103,0.4867105297744274,0.4726460538804531,0.48226765915751457,0.525954581797123,0.5271517857909203,0.5134398490190506,0.5115067921578884,0.5072389729321003,0.5085597522556782,0.5032886900007725,0.5081409923732281,0.5124032460153103,0.5050674378871918,0.49618152901530266,0.5137749314308167,0.5016112588346004,0.4851068817079067,0.5012950487434864,0.5103802420198917,0.4950629994273186,0.4953801669180393,0.5025941617786884,0.4930228255689144,0.5047501474618912,0.497596800327301,0.49555277824401855,0.48871363060814993,0.11990430392324924,0.12141678296029568,0.12391920946538448,0.11745665408670902,0.09832610376179218,0.07981597166508436,0.07457039877772331,0.0729228937998414,0.07424541190266609,0.08140133414417505,0.08732038922607899,0.06839690823107958,0.07033588038757443,0.08156883157789707,0.07879326026886702,0.07882826868444681,0.0708959111943841,0.07078636810183525,0.07781675551086664,0.07569349743425846,0.07664022501558065,0.07488400861620903,0.07336041051894426,0.0775681883096695,0.08511855732649565,0.07868942059576511,0.07710609026253223,0.095941380597651,0.09915184881538153,0.09365123603492975,0.07868969347327948,0.08373725228011608,0.0842606108635664,0.08303444646298885,0.08847926277667284,0.09175877831876278,0.0948831494897604,0.07898416416719556,0.07364691514521837,0.08114676177501678,0.09054441843181849,0.08212360832840204,0.07279798667877913,0.08034584298729897,0.08141732821241021,0.08577929297462106,0.08674847427755594,0.09541995078325272
SGF_WL,0,14,0.020274817943572998,0.04660928249359131,6.42929744720459,6.051402568817139,216.41629147529602,3381.5045543015003,64,1920,0,0,0,3840,0.7164454460144043,0.7157951146364212,0.7016077861189842,0.7042342126369476,0.7096621915698051,0.7040946558117867,0.7062229737639427,0.7131587490439415,0.7169161215424538,0.676962360739708,0.6716442927718163,0.6703062430024147,0.6649328470230103,0.6625867187976837,0.6528030633926392,0.6388724371790886,0.6207098364830017,0.6142473071813583,0.6076792031526566,0.6166049540042877,0.6520914733409882,0.6661926582455635,0.6500184759497643,0.6433969959616661,0.6654894798994064,0.6746065616607666,0.6779733747243881,0.6679847314953804,0.6293438300490379,0.6026838198304176,0.6106011718511581,0.6217794492840767,0.6331539899110794,0.6327481716871262,0.6511629596352577,0.6702194884419441,0.673847496509552,0.6707125827670097,0.6643022298812866,0.6638704687356949,0.6411400064826012,0.6384285539388657,0.6344596818089485,0.6579857841134071,0.6768846288323402,0.6689360812306404,0.6571240350604057,0.6294730475970677,0.2486255168914795,0.24293730780482292,0.2489502653479576,0.25283938460052013,0.26136899553239346,0.26526326313614845,0.2626773528754711,0.24868156388401985,0.2520189117640257,0.27064846456050873,0.27968913316726685,0.29027872532606125,0.2936163395643234,0.28707657754421234,0.2764909155666828,0.2796621322631836,0.28789204359054565,0.27476203441619873,0.286719486117363,0.2886142358183861,0.30363940820097923,0.3168007433414459,0.33027325943112373,0.32447846233844757,0.2957325913012028,0.29050053656101227,0.2904951237142086,0.27319974452257156,0.2946329154074192,0.31536782160401344,0.3123922348022461,0.30570999905467033,0.29439425095915794,0.31476832181215286,0.3168846517801285,0.3084704391658306,0.29684701189398766,0.2857528254389763,0.28876544907689095,0.28564467281103134,0.28686755895614624,0.27773504331707954,0.27576610818505287,0.28177402541041374,0.28498462587594986,0.2917548306286335,0.28657615184783936,0.29321491718292236,0.1176724461838603,0.12358540948480368,0.13036291860044003,0.13910429552197456,0.1391815021634102,0.13319328799843788,0.13410078175365925,0.13818971998989582,0.137559799477458,0.13846250623464584,0.14564278908073902,0.13793152198195457,0.14414972998201847,0.14159330166876316,0.1347256451845169,0.1400455441325903,0.14102128520607948,0.13447129912674427,0.13900860771536827,0.13492722995579243,0.1407729797065258,0.13976762257516384,0.14511274360120296,0.1396285705268383,0.1442812206223607,0.13445677235722542,0.1393435075879097,0.14614835381507874,0.14569214545190334,0.14215792529284954,0.15293974615633488,0.1515839844942093,0.1551844533532858,0.16496346704661846,0.15917598828673363,0.15197298489511013,0.14764007553458214,0.1453775390982628,0.1485631912946701,0.13753504492342472,0.1416608039289713,0.15092219412326813,0.14227371662855148,0.1416926085948944,0.14337381348013878,0.1406953688710928,0.1438180934637785,0.14850918097155436
SGF_WL,1,14,0.05344432592391968,-0.054802775382995605,6.461654186248779,6.727684020996094,165.78218531608582,2590.346645563841,64,1920,0,0,0,3840,0.6893859729170799,0.6794029101729393,0.6735798642039299,0.6746963784098625,0.6641104370355606,0.617571197450161,0.620591014623642,0.6245749220252037,0.6289656758308411,0.6295908614993095,0.6217991188168526,0.6368636935949326,0.6371374353766441,0.6617782488465309,0.6547480672597885,0.6532638147473335,0.6630948334932327,0.6695500388741493,0.6766168102622032,0.6652235239744186,0.6665804237127304,0.6638981029391289,0.6753861531615257,0.6580993086099625,0.6634925305843353,0.6486824825406075,0.6594874486327171,0.6795915067195892,0.659033752977848,0.6510900259017944,0.6451841369271278,0.652754120528698,0.6533867865800858,0.6578359454870224,0.6783223375678062,0.638432115316391,0.645201101899147,0.6447804942727089,0.6554433032870293,0.6601799577474594,0.6637753993272781,0.6779277995228767,0.6792263984680176,0.6724433973431587,0.6588555872440338,0.6513216644525528,0.6470379754900932,0.6660464916910444,0.2378212735056877,0.22723481245338917,0.2178448960185051,0.20519831590354443,0.2042426597326994,0.23525033704936504,0.24520659260451794,0.25637441128492355,0.24573282524943352,0.2338351309299469,0.2398605365306139,0.2357188332825899,0.24109606258571148,0.23086693324148655,0.22890916839241982,0.2429273184388876,0.24750695563852787,0.24470900744199753,0.2319263555109501,0.24075205996632576,0.25052572414278984,0.246846292167902,0.2390550933778286,0.22425660118460655,0.21967898309230804,0.22217786870896816,0.218013733625412,0.2241769265383482,0.22941905446350574,0.2415791843086481,0.2589467726647854,0.267804441973567,0.2667970359325409,0.2515027616173029,0.2460231389850378,0.24814414605498314,0.23202768713235855,0.22926562651991844,0.23212494142353535,0.238256698474288,0.23672139830887318,0.2460306491702795,0.24598377011716366,0.2482136283069849,0.2516159825026989,0.2427717838436365,0.22464214824140072,0.22096427849360875,0.10651861038058996,0.11284794006496668,0.11465081758797169,0.11310051195323467,0.11902507022023201,0.12734280619770288,0.14094619825482368,0.13876320980489254,0.14069951139390469,0.1492959838360548,0.15457548201084137,0.14954867213964462,0.14423362724483013,0.15206443704664707,0.15697337500751019,0.14477312937378883,0.13203619047999382,0.14405112899839878,0.1492751818150282,0.14419476501643658,0.14898888766765594,0.13746773824095726,0.13474281411617994,0.12784761656075716,0.13178359903395176,0.12997320853173733,0.11821488756686449,0.11643876135349274,0.12209367845207453,0.135896441526711,0.13677598163485527,0.1463815700262785,0.1407811101526022,0.14038660936057568,0.13359451107680798,0.13600598461925983,0.13589315675199032,0.1337073976173997,0.12347674183547497,0.12326793186366558,0.13029216043651104,0.1287541026249528,0.1352884080260992,0.14390146918594837,0.139793137088418,0.13329279329627752,0.13162963651120663,0.13891202637127467
SGF_WL,0,15,0.05850106477737427,0.0328596830368042,12.567967414855957,14.913309097290039,431.28205966949463,6738.782182335854,64,1920,0,0,0,3840,0.6905161142349243,0.7008646354079247,0.7065858468413353,0.6934304982423782,0.673112690448761,0.6704468950629234,0.6716039329767227,0.675330713391304,0.692021943628788,0.6911914050579071,0.6934782639145851,0.7031688466668129,0.6918603479862213,0.6773135140538216,0.6694405674934387,0.6731181144714355,0.6672710254788399,0.6675308644771576,0.6766953691840172,0.6649904102087021,0.6593283042311668,0.6520831361413002,0.6642447412014008,0.6678370088338852,0.6636088490486145,0.6485083401203156,0.6480159237980843,0.6450747102499008,0.6427904143929482,0.6368860378861427,0.6464913636445999,0.6582544222474098,0.6733402833342552,0.6921274960041046,0.6997081786394119,0.6944016888737679,0.6877074167132378,0.6687900796532631,0.6682047992944717,0.6873155683279037,0.6838523745536804,0.6671819090843201,0.6617168039083481,0.656398355960846,0.6618523895740509,0.6607619076967239,0.6669890210032463,0.655784683568137,0.4466366581618786,0.44927168637514114,0.45368117466568947,0.4610181376338005,0.4998047649860382,0.5295624807476997,0.5328358039259911,0.5170907005667686,0.5126368179917336,0.5289780274033546,0.5427605658769608,0.5333018600940704,0.5204133316874504,0.5074329748749733,0.5104044750332832,0.5102620720863342,0.5104741454124451,0.5097498819231987,0.5088259726762772,0.5205035582184792,0.5375213101506233,0.5331378951668739,0.528247132897377,0.5180283188819885,0.5233989953994751,0.5335649251937866,0.5360113829374313,0.5408827736973763,0.5340831950306892,0.5335144475102425,0.532658115029335,0.5231202766299248,0.5225667208433151,0.5156697332859039,0.5063176564872265,0.5023049153387547,0.5101787075400352,0.5316942781209946,0.5345429256558418,0.5213321298360825,0.5131780505180359,0.5306084305047989,0.5385639071464539,0.5409244447946548,0.5345502719283104,0.5315901562571526,0.5288180559873581,0.5373913730893817,0.08430775068700314,0.09228830598294735,0.0924496054649353,0.09492382872849703,0.09476847760379314,0.08763206284493208,0.09340625908225775,0.09868475515395403,0.10290758032351732,0.09560120012611151,0.08774705417454243,0.0905647724866867,0.1016946816816926,0.11177452839910984,0.1132072601467371,0.11022898275405169,0.11309556476771832,0.1115025682374835,0.11230434291064739,0.10910344682633877,0.09887483716011047,0.10203955974429846,0.10951513983309269,0.11450509447604418,0.1146796140819788,0.10927320271730423,0.11413784231990576,0.11846507620066404,0.12660449277609587,0.12693945411592722,0.12823829893022776,0.12205686327069998,0.11580284312367439,0.11537117976695299,0.10860422719269991,0.10751549992710352,0.10608361754566431,0.10083909332752228,0.09953388292342424,0.09907935746014118,0.101029047742486,0.10219862777739763,0.10115048475563526,0.1025655698031187,0.10074841417372227,0.10251659527420998,0.10956612695008516,0.11226772729839597
SGF_WL,1,15,0.03958547115325928,0.013772845268249512,13.015501976013184,15.496785163879395,166.25785660743713,2597.779009491205,64,1920,0,0,0,3840,0.6391832232475281,0.640736810863018,0.6545898914337158,0.6508777514100075,0.6478234827518463,0.6437855511903763,0.6580347046256065,0.6651380881667137,0.6770158037543297,0.678407646715641,0.6796517819166183,0.6871964260935783,0.6936061680316925,0.6830736622214317,0.6845853999257088,0.684015303850174,0.6832736507058144,0.6850211918354034,0.6905796825885773,0.69881422072649,0.7021038755774498,0.6989777237176895,0.6956237182021141,0.7025308683514595,0.7006021291017532,0.7124999463558197,0.7177291959524155,0.7331466674804688,0.7118929550051689,0.7017568349838257,0.7093409225344658,0.7086017727851868,0.7116648554801941,0.7126632705330849,0.7118082121014595,0.7299195155501366,0.7317911088466644,0.7194378525018692,0.7278230488300323,0.7180687189102173,0.7165586724877357,0.7032703757286072,0.7020455971360207,0.693679004907608,0.6955855563282967,0.6935025751590729,0.6872349232435226,0.6903081706592015,0.44168806821107864,0.4480651132762432,0.4601064808666706,0.4661576710641384,0.4708299972116947,0.4853242412209511,0.4829726554453373,0.47709859162569046,0.47013718634843826,0.4713771864771843,0.4699135348200798,0.4674184173345566,0.47341223433613777,0.48129377141594887,0.4732631482183933,0.4832281954586506,0.4835493825376034,0.484350573271513,0.48425592109560966,0.481424905359745,0.47963666543364525,0.4740496575832367,0.4756717421114445,0.4753586985170841,0.4788121059536934,0.4685206338763237,0.4614403322339058,0.45452436432242393,0.4751039147377014,0.48631374910473824,0.48801427334547043,0.48631204664707184,0.4861958920955658,0.4893978089094162,0.48798323050141335,0.4756793789565563,0.47932474315166473,0.4892357513308525,0.46568890661001205,0.46579713001847267,0.4605833813548088,0.47128959000110626,0.4773852154612541,0.4840407483279705,0.4851745367050171,0.47829385474324226,0.48413200303912163,0.4804367082459586,0.08375858049839735,0.10101042501628399,0.11304077412933111,0.12369016651064157,0.13032549433410168,0.12887872755527496,0.12850965186953545,0.12906313128769398,0.12634603213518858,0.12703874800354242,0.12634399253875017,0.12332854885607958,0.12053836323320866,0.11973442882299423,0.12102545239031315,0.1208308869972825,0.11863098666071892,0.11809603963047266,0.1174619710072875,0.11408651433885098,0.11644934397190809,0.11900030914694071,0.11680107563734055,0.11421540286391973,0.10739586595445871,0.10603283438831568,0.1081848805770278,0.11493489239364862,0.11881024949252605,0.12165789864957333,0.11833406519144773,0.11870965175330639,0.11793859209865332,0.11616331804543734,0.11536923702806234,0.11186865158379078,0.10671516787260771,0.10825580265372992,0.11167864687740803,0.1177919264882803,0.12273579183965921,0.11988791637122631,0.11822367738932371,0.11983194947242737,0.11946450639516115,0.11812242306768894,0.12385836336761713,0.12088477185794286
SGF_WL,0,16,0.0905766487121582,0.02916795015335083,11.531030654907227,8.457771301269531,166.224440574646,2597.2568839788437,64,1920,0,0,0,3840,0.5879380404949188,0.6195160299539566,0.6536713168025017,0.6535232961177826,0.6524292305111885,0.6471831053495407,0.6425094157457352,0.6434924975037575,0.6474494934082031,0.6371514946222305,0.6392950192093849,0.6418149024248123,0.6419414579868317,0.6426067128777504,0.6434474885463715,0.6347445100545883,0.6264767944812775,0.6272512450814247,0.6314604878425598,0.6285495311021805,0.6160179674625397,0.6192508563399315,0.6145357713103294,0.6225730702280998,0.6036380678415298,0.6119990199804306,0.6232083439826965,0.6250655651092529,0.6219134405255318,0.6142222583293915,0.6017723977565765,0.5884155184030533,0.5868944227695465,0.597238264977932,0.6085693910717964,0.6143770068883896,0.612715408205986,0.6161978617310524,0.6224838718771935,0.611936092376709,0.606080986559391,0.6021617576479912,0.5949358865618706,0.5895399674773216,0.5882508307695389,0.5829982459545135,0.5889616906642914,0.592147980417524,0.39641382172703743,0.34611402824521065,0.31134117022156715,0.2830640412867069,0.2766561098396778,0.28749625012278557,0.29430682584643364,0.2954025976359844,0.28081919625401497,0.30222462862730026,0.31625673919916153,0.33198242634534836,0.33530398830771446,0.3338325619697571,0.3401562012732029,0.34705109149217606,0.34137534350156784,0.3422642610967159,0.351749062538147,0.36228281259536743,0.3680022209882736,0.3608247935771942,0.3628712221980095,0.3669339157640934,0.3749490864574909,0.36542144417762756,0.358544297516346,0.359425101429224,0.3581860810518265,0.35221823304891586,0.34954287111759186,0.35562877729535103,0.36096733435988426,0.3750772997736931,0.37136124074459076,0.3536704257130623,0.3447928801178932,0.33359677344560623,0.324461966753006,0.3260345831513405,0.3258322440087795,0.3228762410581112,0.3191720210015774,0.3231867291033268,0.3238086439669132,0.3263452462852001,0.32517554238438606,0.3215877967221396,0.12084716651588678,0.12716541066765785,0.14400414563715458,0.1606042329221964,0.17763350903987885,0.18794322572648525,0.18613923154771328,0.18223730102181435,0.17558235861361027,0.17858387529850006,0.18002371862530708,0.18866867385804653,0.194901367649436,0.19624846801161766,0.19839275069534779,0.2042532041668892,0.20544349774718285,0.20381022430956364,0.20182978548109531,0.19865261018276215,0.19705384969711304,0.19553705118596554,0.19468529894948006,0.1937656421214342,0.19446776621043682,0.196609765291214,0.19635175727307796,0.19863878190517426,0.19282943196594715,0.18647576682269573,0.18503810837864876,0.19243374839425087,0.19540746696293354,0.19685648009181023,0.19142074137926102,0.18731497041881084,0.18081529438495636,0.1762322410941124,0.17588096298277378,0.17657702416181564,0.17849025130271912,0.18182526342570782,0.1843888834118843,0.18958859890699387,0.18504873849451542,0.18306516110897064,0.1805555336177349,0.17779581248760223
SGF_WL,1,16,0.0981263518333435,0.009367585182189941,9.368910789489746,6.624770164489746,206.35586833953857,3224.31044280529,64,1920,0,0,0,3840,0.5724048689007759,0.571100689470768,0.5659357756376266,0.5636937767267227,0.570563368499279,0.5596150681376457,0.5588759928941727,0.5484162271022797,0.534263089299202,0.5355575606226921,0.5258943066000938,0.5161650031805038,0.5140664801001549,0.5176179558038712,0.5251259729266167,0.5571599826216698,0.5774016976356506,0.5652098953723907,0.5600003823637962,0.5579211935400963,0.5638700127601624,0.5689871907234192,0.5524087324738503,0.5430543199181557,0.5429120808839798,0.5346322432160378,0.5297864750027657,0.5348444655537605,0.5480832457542419,0.5486105307936668,0.5518904849886894,0.561021663248539,0.5461642369627953,0.5292740389704704,0.5170602351427078,0.524476133286953,0.5359644144773483,0.5498946011066437,0.5459249839186668,0.5415569469332695,0.5334514677524567,0.5274825319647789,0.5506443902850151,0.5512229949235916,0.5379141047596931,0.5099405944347382,0.5102259367704391,0.5220670189176287,0.28393832221627235,0.2563858423382044,0.33089327067136765,0.3397434204816818,0.3295009322464466,0.33120352774858475,0.33304864168167114,0.32751618698239326,0.3214592821896076,0.31080395728349686,0.3245514743030071,0.325802318751812,0.32824333757162094,0.32738134637475014,0.336507361382246,0.3122802935540676,0.2958829328417778,0.29816752672195435,0.2941494397819042,0.3011246360838413,0.31246042251586914,0.30839676409959793,0.3113728500902653,0.30628932267427444,0.30905549600720406,0.3117995336651802,0.3043462187051773,0.30238427966833115,0.29966873675584793,0.2968647629022598,0.2935994826257229,0.2918730080127716,0.3092726171016693,0.3274612985551357,0.33954594284296036,0.3412124328315258,0.3388609066605568,0.332615002989769,0.32343778386712074,0.3006647005677223,0.3004889562726021,0.3136557973921299,0.3214711882174015,0.31553541496396065,0.31250203773379326,0.32167528569698334,0.31500907242298126,0.3126624609742846,0.09549469035118818,0.0888673160225153,0.11459482554346323,0.11849904526025057,0.1218457194045186,0.11936888564378023,0.11346945352852345,0.11958323791623116,0.11402386520057917,0.11048868112266064,0.11488153040409088,0.11541936919093132,0.10941798333078623,0.10710797738283873,0.10316461510956287,0.10872214194387197,0.10918441787362099,0.1082677748054266,0.10962343588471413,0.1149622704833746,0.1191453579813242,0.11896982602775097,0.12153688911348581,0.1188651779666543,0.12290771584957838,0.12291588354855776,0.12302563898265362,0.12295493483543396,0.12728641834110022,0.1264053313061595,0.1211354834958911,0.12263884209096432,0.12433935981243849,0.1257318276911974,0.13250459916889668,0.13600089959800243,0.13852897472679615,0.14159785956144333,0.1378762237727642,0.1184504684060812,0.10562189016491175,0.10697601456195116,0.11662403214722872,0.11935836635529995,0.12369890417903662,0.12651798501610756,0.12457295041531324,0.12823250038283213
SGF_WL,0,17,-0.11994749307632446,-0.07817119359970093,6.570623874664307,5.460020065307617,234.29262518882751,3660.82226857543,64,1920,0,0,0,3840,0.5289532616734505,0.5427061021327972,0.5601099878549576,0.6049130409955978,0.6455869823694229,0.6629444807767868,0.666552722454071,0.661591462790966,0.6746284142136574,0.6601280346512794,0.6518626287579536,0.6591997891664505,0.6670802235603333,0.6831478402018547,0.7089538872241974,0.6905866861343384,0.6834311038255692,0.680364266037941,0.6610497385263443,0.6640243232250214,0.6684888526797295,0.6697584018111229,0.6672632545232773,0.6655859276652336,0.6589215993881226,0.6550402045249939,0.6641598343849182,0.6757084727287292,0.68789953738451,0.6877385079860687,0.6963224709033966,0.7007622420787811,0.7004013806581497,0.6882177665829659,0.6826687306165695,0.6876944899559021,0.6785490214824677,0.6738019734621048,0.6898515969514847,0.6977624818682671,0.6965747028589249,0.6908584460616112,0.6786573082208633,0.6631260737776756,0.6562795266509056,0.6620613262057304,0.655379056930542,0.6560477869851249,0.39042654260993004,0.3988494463264942,0.41780734807252884,0.4345059469342232,0.4404975175857544,0.44096193462610245,0.43652378395199776,0.4350307248532772,0.4593622386455536,0.4788101986050606,0.4837922789156437,0.49155425652861595,0.5034763365983963,0.48772089555859566,0.4630238935351372,0.46351490169763565,0.4524303488433361,0.4371208883821964,0.4319179654121399,0.43391795828938484,0.41857490316033363,0.4147237688302994,0.40951113030314445,0.4129166640341282,0.4202461652457714,0.4227292314171791,0.40917128324508667,0.4014168046414852,0.4078923463821411,0.41101502999663353,0.41918620839715004,0.41227947548031807,0.4266228713095188,0.4358569495379925,0.4385227635502815,0.44830628111958504,0.45728475973010063,0.4622700624167919,0.44653046876192093,0.4356977306306362,0.4382796660065651,0.43907828256487846,0.43717196956276894,0.435423593968153,0.43031133338809013,0.41831739246845245,0.41183219105005264,0.3877725303173065,0.1005209218710661,0.1067451136186719,0.10750330798327923,0.12097817473113537,0.1296352967619896,0.13766492158174515,0.14193353988230228,0.13419117033481598,0.14479786716401577,0.15630453638732433,0.15237302891910076,0.1370697934180498,0.12035857699811459,0.11997051909565926,0.12257492169737816,0.12163197714835405,0.12516604457050562,0.12744226679205894,0.13107113167643547,0.12942024879157543,0.12829171307384968,0.13104796409606934,0.13276946172118187,0.13361587561666965,0.13320739194750786,0.12823051400482655,0.12494129966944456,0.12331917975097895,0.12588386982679367,0.12843741476535797,0.12457642517983913,0.12182936631143093,0.12426364328712225,0.1288927886635065,0.12906806077808142,0.11957752704620361,0.1175645599141717,0.1090248879045248,0.10987031366676092,0.10707745514810085,0.1054685739800334,0.10865771397948265,0.11292322631925344,0.11506466288119555,0.11713971197605133,0.1139979986473918,0.12007294595241547,0.11824144316571099
SGF_WL,1,17,0.2504424452781677,0.20207589864730835,11.08896541595459,8.370661735534668,166.85649609565735,2607.132751494646,64,1920,0,0,0,3840,0.6266359388828278,0.6139139980077744,0.585880883038044,0.5262297242879868,0.5373630151152611,0.5333007723093033,0.5174636468291283,0.5240828767418861,0.5439081564545631,0.568958230316639,0.603292852640152,0.6085372939705849,0.6055425256490707,0.5904358848929405,0.5852388367056847,0.6077339127659798,0.5997312143445015,0.5744849070906639,0.5748368427157402,0.5759205669164658,0.6015613898634911,0.5908742770552635,0.5779992267489433,0.5717614963650703,0.5764545053243637,0.5828606188297272,0.5795670077204704,0.5982093065977097,0.6050378903746605,0.6064505130052567,0.6096860840916634,0.6200897917151451,0.6279344856739044,0.642395056784153,0.649051770567894,0.6365204751491547,0.6176132634282112,0.6059871166944504,0.623293861746788,0.6228122636675835,0.6253193765878677,0.6129659786820412,0.6211780086159706,0.5989708080887794,0.6098372042179108,0.6230053752660751,0.6304274648427963,0.6222360389573234,0.3645552508533001,0.36194590479135513,0.36956503614783287,0.4317628890275955,0.4828109182417393,0.5008652620017529,0.5189676955342293,0.5189743861556053,0.49858517944812775,0.4786182641983032,0.4804891273379326,0.48006119951605797,0.4929284378886223,0.497244518250227,0.49766766652464867,0.4850444160401821,0.4988791309297085,0.5010787397623062,0.5020604953169823,0.5015190243721008,0.4970134049654007,0.4970637336373329,0.5020072907209396,0.4882072024047375,0.4853530563414097,0.4811653308570385,0.47474829480051994,0.46038711816072464,0.4732060208916664,0.480302419513464,0.4716753773391247,0.46908167377114296,0.45704371854662895,0.43647193163633347,0.42513667792081833,0.4566640742123127,0.46565166488289833,0.4558315873146057,0.47392773628234863,0.4725978411734104,0.4615783058106899,0.4668615125119686,0.462098803371191,0.47138797491788864,0.4627154916524887,0.4593222700059414,0.46623795107007027,0.46344679594039917,0.11436961777508259,0.12481283582746983,0.12291984632611275,0.1308818906545639,0.1357912253588438,0.1314807329326868,0.1303145196288824,0.12601721286773682,0.1256306665018201,0.12746726721525192,0.1330609694123268,0.13343907706439495,0.13215572945773602,0.13064164109528065,0.13219344057142735,0.12544993497431278,0.12429928220808506,0.12350478209555149,0.11548283230513334,0.11487268004566431,0.11755355820059776,0.12283617816865444,0.13529744744300842,0.1381845586001873,0.13858874142169952,0.14241003431379795,0.14219952747225761,0.139855632558465,0.13860289007425308,0.13075285591185093,0.1272403635084629,0.14059529639780521,0.14778722636401653,0.1493887547403574,0.14567340351641178,0.13121147826313972,0.1273814421147108,0.13057971000671387,0.13618898391723633,0.13613095693290234,0.1367337889969349,0.13960307836532593,0.1352097000926733,0.1356927901506424,0.1309710033237934,0.12937564216554165,0.13369655422866344,0.1354769425732749
SGF_WL,0,18,0.10743629932403564,0.07824152708053589,8.064824104309082,8.282746315002441,201.46478414535522,3147.8872522711754,64,1920,0,0,0,3840,0.5277168601751328,0.5107138827443123,0.4651518352329731,0.4077673517167568,0.42610466480255127,0.4697542302310467,0.4857527017593384,0.48133107274770737,0.4688720889389515,0.4458691403269768,0.49939026683568954,0.48396022617816925,0.499005313962698,0.5010159648954868,0.49050458148121834,0.470352940261364,0.4762521833181381,0.5007088109850883,0.5221957191824913,0.5386970341205597,0.5199537873268127,0.5389543324708939,0.5314866676926613,0.5026039779186249,0.4969325661659241,0.4885261058807373,0.4879164397716522,0.500030156224966,0.4978721998631954,0.4864039570093155,0.5279940627515316,0.5435382798314095,0.5425475910305977,0.5476718172430992,0.485284760594368,0.5045465156435966,0.5033399015665054,0.4729432836174965,0.5087504237890244,0.5097343251109123,0.5050930306315422,0.5006491653621197,0.5060741305351257,0.5007584281265736,0.4954456798732281,0.5116054639220238,0.5170513466000557,0.5009552921567645,0.38384930044412613,0.3834919445216656,0.39457686990499496,0.4078616350889206,0.42478231713175774,0.4149494096636772,0.41866615787148476,0.4105069972574711,0.4122384935617447,0.42609304562211037,0.3920597769320011,0.40168531984090805,0.41310543939471245,0.4236943833529949,0.42257702723145485,0.44035475328564644,0.44148633256554604,0.4258822277188301,0.4214837923645973,0.40693486854434013,0.4090522266924381,0.4063871204853058,0.40916186198592186,0.42003150656819344,0.4191974028944969,0.417240496724844,0.4063832722604275,0.4017793945968151,0.3975313641130924,0.4153454788029194,0.3971063010394573,0.38916413486003876,0.3988834246993065,0.40892359986901283,0.4302860237658024,0.4244287498295307,0.4306176155805588,0.44513147324323654,0.4327525161206722,0.43605390936136246,0.43223651498556137,0.43340323492884636,0.4396458826959133,0.4496132545173168,0.4503791779279709,0.4217783063650131,0.41613004729151726,0.4252998105117253,0.14516662247478962,0.14555854350328445,0.1436572764068842,0.139320882037282,0.13392336387187243,0.13440370745956898,0.11233401298522949,0.11022192798554897,0.10642911493778229,0.10307844262570143,0.1041050124913454,0.10969365853816271,0.10672395396977663,0.11110112722963095,0.10695335827767849,0.10792014189064503,0.10247786343097687,0.1023698803037405,0.11392497830092907,0.11927252728492022,0.12314854376018047,0.13176229596138,0.12479605805128813,0.11580966040492058,0.12516208365559578,0.1241422863677144,0.12762909941375256,0.13725725375115871,0.13950582593679428,0.13290728628635406,0.13775231130421162,0.1379874348640442,0.13302848767489195,0.13258053734898567,0.1304311752319336,0.13708624057471752,0.13877033814787865,0.13122758269309998,0.13409324921667576,0.13373484835028648,0.1359936259686947,0.13761531095951796,0.12956521846354008,0.1266315197572112,0.12761800549924374,0.13758345693349838,0.1391329225152731,0.13421491427080973
SGF_WL,1,18,0.15458166599273682,0.10474765300750732,9.134236335754395,7.292060852050781,167.43347120285034,2616.1479875445366,64,1920,0,0,0,3840,0.5367955416440964,0.5520356968045235,0.55626480281353,0.5618355795741081,0.5552410408854485,0.5796069875359535,0.5998828858137131,0.6034345999360085,0.5674401149153709,0.5693886131048203,0.5323972105979919,0.5573068559169769,0.5658167451620102,0.5500399470329285,0.6139082387089729,0.5864740908145905,0.5785055607557297,0.6017157286405563,0.5910598114132881,0.5849683061242104,0.5970784947276115,0.5642971098423004,0.5620926693081856,0.5787680074572563,0.5683791935443878,0.545765645802021,0.5884734392166138,0.56724563986063,0.5440331920981407,0.6032642051577568,0.608524277806282,0.6129750534892082,0.6172713488340378,0.5959521606564522,0.6200056970119476,0.6210976615548134,0.6173137053847313,0.6189728528261185,0.621499665081501,0.6203809976577759,0.6138088628649712,0.6069498509168625,0.5836599171161652,0.5990030616521835,0.5961274281144142,0.5766870230436325,0.5995696857571602,0.596115938254765,0.42487066611647606,0.4175211414694786,0.4174313060939312,0.4175364226102829,0.4460657835006714,0.4504130259156227,0.4465358965098858,0.43449816852808,0.4265628345310688,0.39253924041986465,0.3986289016902447,0.3915802985429764,0.38180313259363174,0.38818544149398804,0.3671860434114933,0.39229559898376465,0.39613689854741096,0.39044039696455,0.39097465202212334,0.39758940786123276,0.3899218365550041,0.39461369439959526,0.4003451317548752,0.4037790484726429,0.41179588437080383,0.4226968511939049,0.406440407037735,0.4123198129236698,0.4115694724023342,0.41725147888064384,0.423667848110199,0.4145173393189907,0.4127974398434162,0.42003487795591354,0.4103299267590046,0.4190455563366413,0.40953749790787697,0.3976920507848263,0.3952857218682766,0.40181268006563187,0.4093978963792324,0.4094984345138073,0.4187750332057476,0.4052026942372322,0.403007160872221,0.4158829003572464,0.4114653319120407,0.4170661653791155,0.13456555269658566,0.1408629808574915,0.14824725314974785,0.15456698089838028,0.14634893834590912,0.13904546573758125,0.1312345452606678,0.12304713390767574,0.11164560727775097,0.09723421838134527,0.10201098769903183,0.10204577073454857,0.10201689694076777,0.1016777167096734,0.10471280571073294,0.1048307390883565,0.10662588104605675,0.11143713630735874,0.10756382718682289,0.11159633006900549,0.10957753751426935,0.10772810224443674,0.10841095633804798,0.11042502801865339,0.11281685158610344,0.1090456172823906,0.10785075556486845,0.10616178810596466,0.10632026940584183,0.11288570426404476,0.11558132339268923,0.11487513966858387,0.11676607001572847,0.11616673227399588,0.12269162572920322,0.11863274034112692,0.11620885692536831,0.1153096528723836,0.11059898044914007,0.10901353601366282,0.11117991525679827,0.11055135168135166,0.10857467446476221,0.11596776824444532,0.11765064671635628,0.12237562518566847,0.12278909143060446,0.12368295128856387
SGF_WL,0,19,0.1696847677230835,0.167974054813385,6.170197010040283,6.630204200744629,166.71042203903198,2604.8503443598747,64,1920,0,0,0,3840,0.7118667736649513,0.7259322330355644,0.7344432473182678,0.7796192392706871,0.7760590091347694,0.751323364675045,0.7422865256667137,0.7376539707183838,0.7466945797204971,0.7448510080575943,0.7388532906770706,0.737752303481102,0.7352940887212753,0.7444869354367256,0.7522523403167725,0.7666693702340126,0.7709620073437691,0.7782212793827057,0.7790756076574326,0.7866850271821022,0.7554839476943016,0.7549818158149719,0.759447492659092,0.7615250274538994,0.7686425372958183,0.7645324319601059,0.7816951349377632,0.7636406049132347,0.7622020915150642,0.7559178099036217,0.7498544976115227,0.7647222802042961,0.7569088041782379,0.7813821732997894,0.8234880343079567,0.8192763701081276,0.7946829199790955,0.7931066229939461,0.7754901424050331,0.7775280401110649,0.7816086038947105,0.7839155346155167,0.7981025278568268,0.7870433926582336,0.7835826799273491,0.7902889400720596,0.7987688034772873,0.8154666679246085,0.3983360715210438,0.41444239765405655,0.45054247230291367,0.4843373969197273,0.5028850585222244,0.5190574452280998,0.5084630772471428,0.5045592300593853,0.5059809498488903,0.511067982763052,0.5245567113161087,0.5137322396039963,0.5184844136238098,0.5077352188527584,0.515368714928627,0.5344731956720352,0.5355446338653564,0.5224691107869148,0.5201812535524368,0.5155661925673485,0.5107299536466599,0.49912285059690475,0.49230891838669777,0.48762503638863564,0.4861661419272423,0.4864655025303364,0.495758093893528,0.5002923868596554,0.5045346282422543,0.4997561313211918,0.5008672997355461,0.5136441588401794,0.5260951370000839,0.5098448432981968,0.4784199111163616,0.4879099428653717,0.5086282715201378,0.5013072825968266,0.5106042250990868,0.5021900087594986,0.49538353085517883,0.5003736764192581,0.5007728934288025,0.5076749250292778,0.5121751800179482,0.5048063211143017,0.5106374174356461,0.49491759708949495,0.0846065180376172,0.08722758293151855,0.08431183360517025,0.07207956351339817,0.07014747336506844,0.06803068704903126,0.06845792382955551,0.06884160358458757,0.06935563683509827,0.0624546417966485,0.06821263022720814,0.07305433880537748,0.0685806842520833,0.0723670618608594,0.06895161885768175,0.0667690010741353,0.06796266231685877,0.06099828518927097,0.05956483818590641,0.06507219979539514,0.06527660181745887,0.06278468389064074,0.06709330342710018,0.06875672936439514,0.06896340800449252,0.06601024605333805,0.06004694616422057,0.057940439786762,0.05812641838565469,0.05981942405924201,0.05743754608556628,0.06312308786436915,0.060511134564876556,0.06269702734425664,0.07074855454266071,0.0724566150456667,0.06131579913198948,0.0653162426315248,0.06355637405067682,0.06399568729102612,0.06675117323175073,0.06443882966414094,0.059914160054177046,0.05444850632920861,0.05539383087307215,0.05682613654062152,0.0587268783710897,0.05907881845320974
SGF_WL,1,19,-0.0047168731689453125,-0.005438566207885742,9.34111499786377,11.051688194274902,166.24704790115356,2597.6101234555244,64,1920,0,0,0,3840,0.6683868691325188,0.6822507828474045,0.6983037367463112,0.7107562720775604,0.7245374619960785,0.7440944835543633,0.7321720272302628,0.7451929822564125,0.7304384931921959,0.6996768712997437,0.7041709795594215,0.7041345685720444,0.7218254506587982,0.7172609716653824,0.7088468670845032,0.721745990216732,0.7038184031844139,0.6973984763026237,0.7018134221434593,0.6946555376052856,0.6988617777824402,0.7156991139054298,0.7227170765399933,0.7029125168919563,0.6922041475772858,0.6867756098508835,0.690346285700798,0.693666398525238,0.6863998621702194,0.6826072484254837,0.699199490249157,0.6816283985972404,0.6822095811367035,0.6902347430586815,0.6975821405649185,0.7278411760926247,0.702828124165535,0.6741788908839226,0.675833985209465,0.6830352917313576,0.6786047071218491,0.6808964014053345,0.6724294796586037,0.6701888144016266,0.66994958370924,0.6837619617581367,0.6911986246705055,0.6810315506798881,0.3926331549882889,0.40033892542123795,0.4211922101676464,0.44317540526390076,0.481708612293005,0.49246133491396904,0.5089984089136124,0.5055934749543667,0.5268615037202835,0.5527204349637032,0.5448160842061043,0.5334784835577011,0.5194840915501118,0.5358591377735138,0.534865029156208,0.5293448567390442,0.5469958707690239,0.5405614599585533,0.533226951956749,0.5565797612071037,0.5397911891341209,0.5291969627141953,0.516038328409195,0.5244278162717819,0.5427994653582573,0.5462659373879433,0.5440054759383202,0.552610419690609,0.5570481047034264,0.5595334470272064,0.5528361201286316,0.5758623406291008,0.5744519159197807,0.5646474584937096,0.5461172163486481,0.5186493620276451,0.5321411117911339,0.5555302202701569,0.5691089555621147,0.5795083865523338,0.5615153983235359,0.5631305053830147,0.567082054913044,0.5632829666137695,0.566752701997757,0.5675135850906372,0.5604584515094757,0.5733004042080471,0.12670557387173176,0.12844224646687508,0.12546101119369268,0.1302698478102684,0.11683709546923637,0.10959764383733273,0.09164233133196831,0.09249246772378683,0.09491702262312174,0.08443813677877188,0.08270526863634586,0.08598379138857126,0.07633284479379654,0.07901646476238966,0.08396904356777668,0.07827829197049141,0.07291262596845627,0.07719087321311235,0.07592577952891588,0.07438605558127165,0.0833544135093689,0.08915088512003422,0.0811992073431611,0.07613889221101999,0.08069799840450287,0.08178157825022936,0.086867431178689,0.08981130551546812,0.08837949763983488,0.08181037660688162,0.07437597308307886,0.07729776483029127,0.07833654619753361,0.07164210733026266,0.07003477122634649,0.07385335676372051,0.07962300814688206,0.07565401773899794,0.07924933079630136,0.07272231951355934,0.06969105824828148,0.07199301477521658,0.07413609139621258,0.08799994364380836,0.08432715013623238,0.08350357320159674,0.08547733817249537,0.07917723272527967
