vbench_root,arm,seed,prompt,subject_consistency,subject_consistency_clip2clip,dynamic_degree,motion_early_4_8,motion_late_38_47,wall_s,dit_ms_per_block,commit_calls,nosink_reads,trb_calls,far_reads,far_anchors
main,SGF_RFW,0,0,0.9820318329351204,0.9354266835295636,0.6666666666666666,7.567618370056152,9.486055374145508,277.2485520839691,4332.008626312017,64,1920,7320,0,0
main,SGF_RFW,1,0,0.9848422784949019,0.9540213216906008,0.9166666666666666,6.880227088928223,7.944817543029785,276.0537443161011,4313.339754939079,64,1920,7320,0,0
main,SGF_RFW,0,1,0.9857939018666316,0.957931206278179,0.75,6.977814674377441,8.09329605102539,277.8591389656067,4341.5490463376045,64,1920,7320,0,0
main,SGF_RFW,1,1,0.9859828020853577,0.9483428727025571,0.9583333333333334,10.733489990234375,11.973777770996094,275.72526931762695,4308.207333087921,64,1920,7320,0,0
main,SGF_RFW,0,2,0.9769552020610263,0.8766872921715612,1.0,5.668300151824951,5.330097198486328,275.9331076145172,4311.454806476831,64,1920,7320,0,0
main,SGF_RFW,1,2,0.9816957704998045,0.9378892662732498,0.5416666666666666,3.901519298553467,4.179704666137695,275.66362977027893,4307.244215160608,64,1920,7320,0,0
main,SGF_RFW,0,3,0.9861289578530895,0.933703054552493,0.2916666666666667,7.172357559204102,5.817416667938232,275.41065073013306,4303.291417658329,64,1920,7320,0,0
main,SGF_RFW,1,3,0.9855066505802849,0.88907525461653,0.0,5.982546329498291,6.34799337387085,445.8215961456299,6965.962439775467,64,1920,7320,0,0
main,SGF_RFW,0,4,0.9847900401252181,0.9449038570341856,1.0,11.352188110351562,11.7608642578125,275.2669098377228,4301.045466214418,64,1920,7320,0,0
main,SGF_RFW,1,4,0.9851403521436201,0.9364083150158757,0.9583333333333334,13.409759521484375,10.930346488952637,459.1206498146057,7173.760153353214,64,1920,7320,0,0
main,SGF_RFW,0,5,0.9855685577280816,0.9422865341538968,0.0,2.366734027862549,2.280266284942627,277.4192509651184,4334.675796329975,64,1920,7320,0,0
main,SGF_RFW,1,5,0.9811662041244954,0.878580593544504,0.375,3.5435664653778076,3.052373170852661,275.4582118988037,4304.034560918808,64,1920,7320,0,0
main,SGF_RFW,0,6,0.9754123964622595,0.8449994507043258,1.0,12.193486213684082,14.929099082946777,275.3582661151886,4302.472908049822,64,1920,7320,0,0
main,SGF_RFW,1,6,0.9737582157513679,0.799102087383685,1.0,12.880267143249512,15.125926971435547,275.4771282672882,4304.330129176378,64,1920,7320,0,0
main,SGF_RFW,0,7,0.9860344528484579,0.9350843740546185,0.7916666666666666,6.010531902313232,8.008545875549316,275.37753772735596,4302.774026989937,64,1920,7320,0,0
main,SGF_RFW,1,7,0.9811137197545307,0.8403138971847036,0.875,6.470076560974121,9.146389961242676,276.3533058166504,4318.020403385162,64,1920,7320,0,0
main,SGF_RFW,0,8,0.9917844760310709,0.964759922545889,0.0,5.102965354919434,4.518740653991699,277.4020092487335,4334.406394511461,64,1920,7320,0,0
main,SGF_RFW,1,8,0.9904483905975473,0.9487438642460367,0.16666666666666666,5.3874711990356445,5.465529441833496,275.4533040523529,4303.957875818014,64,1920,7320,0,0
main,SGF_RFW,0,9,0.994613373788834,0.981379887332087,1.0,4.692923069000244,4.596014976501465,276.4899015426636,4320.154711604118,64,1920,7320,0,0
main,SGF_RFW,1,9,0.9925042015631108,0.9766423145066137,1.0,6.2194318771362305,5.6947712898254395,275.33512115478516,4302.111268043518,64,1920,7320,0,0
main,SGF_RFW,0,10,0.9898044344618674,0.9618861558644668,0.375,4.623217582702637,5.166462421417236,275.8781805038452,4310.5965703725815,64,1920,7320,0,0
main,SGF_RFW,1,10,0.9842384152528018,0.8693569147068522,0.4583333333333333,5.017411708831787,5.544540882110596,275.5771014690399,4305.892210453749,64,1920,7320,0,0
main,SGF_RFW,0,11,0.9795005660303732,0.9115719315798386,1.0,11.766706466674805,11.571456909179688,274.96705412864685,4296.360220760107,64,1920,7320,0,0
main,SGF_RFW,1,11,0.9759706059179433,0.9520684947138247,0.9583333333333334,7.707464694976807,8.24169921875,275.8758246898651,4310.559760779142,64,1920,7320,0,0
main,SGF_RFW,0,12,0.9880578724873379,0.9276222171990768,1.0,6.286777973175049,6.740983009338379,275.44716358184814,4303.861930966377,64,1920,7320,0,0
main,SGF_RFW,1,12,0.9826600499378775,0.8966420526089877,1.0,8.082984924316406,9.16093635559082,276.62234449386597,4322.224132716656,64,1920,7320,0,0
main,SGF_RFW,0,13,0.9777087946806501,0.9621805224729622,1.0,16.4193058013916,18.572113037109375,275.3175814151764,4301.837209612131,64,1920,7320,0,0
main,SGF_RFW,1,13,0.9691332476039777,0.9546407085397969,1.0,13.260176658630371,14.433100700378418,276.2912759780884,4317.051187157631,64,1920,7320,0,0
main,SGF_RFW,0,14,0.9871765079149813,0.9117506237133689,1.0,7.087048053741455,10.950719833374023,277.3963851928711,4334.318518638611,64,1920,7320,0,0
main,SGF_RFW,1,14,0.9880714903157517,0.9364076736180679,1.0,7.63554048538208,11.1856689453125,276.96936440467834,4327.646318823099,64,1920,7320,0,0
main,SGF_RFW,0,15,0.9892465488795855,0.9633452555407649,1.0,21.157350540161133,22.876262664794922,275.3577206134796,4302.464384585619,64,1920,7320,0,0
main,SGF_RFW,1,15,0.9913422585696846,0.9588139212649801,1.0,7.362590312957764,9.000351905822754,275.9446530342102,4311.635203659534,64,1920,7320,0,0
main,SGF_RFW,0,16,0.9745316336668178,0.8316329613975858,0.875,3.879840612411499,5.482540130615234,275.9971811771393,4312.455955892801,64,1920,7320,0,0
main,SGF_RFW,1,16,0.9559723483301094,0.8046660688908204,1.0,7.479379177093506,5.4588727951049805,275.4034857749939,4303.17946523428,64,1920,7320,0,0
main,SGF_RFW,0,17,0.9843496344980016,0.9333082320897476,1.0,12.547136306762695,13.891520500183105,274.17168045043945,4283.9325070381165,64,1920,7320,0,0
main,SGF_RFW,1,17,0.9757721448099442,0.8649319656517195,0.9583333333333334,8.739550590515137,11.532858848571777,275.97441244125366,4312.1001943945885,64,1920,7320,0,0
main,SGF_RFW,0,18,0.991781005244497,0.9461289683113927,0.041666666666666664,3.473665714263916,3.8819832801818848,275.4526951313019,4303.948361426592,64,1920,7320,0,0
main,SGF_RFW,1,18,0.9927926779643833,0.9540327126565188,0.125,3.0470705032348633,3.7964866161346436,509.2747037410736,7957.417245954275,64,1920,7320,0,0
main,SGF_RFW,0,19,0.9747906420283967,0.8307449117950773,0.2916666666666667,6.591768264770508,7.107776641845703,275.32608246803284,4301.970038563013,64,1920,7320,0,0
main,SGF_RFW,1,19,0.9680539766931778,0.8772716016873069,0.7916666666666666,5.2890706062316895,5.689347743988037,275.62319254875183,4306.612383574247,64,1920,7320,0,0
main,SGF_RFW,0,20,0.9870759327652792,0.9386873141579007,0.041666666666666664,3.6640610694885254,4.073949337005615,277.4069263935089,4334.483224898577,64,1920,7320,0,0
main,SGF_RFW,1,20,0.9905273618777569,0.9600657950276914,0.0,1.8566633462905884,3.4595372676849365,275.7087941169739,4307.949908077717,64,1920,7320,0,0
main,SGF_RFW,0,21,0.9863891353147668,0.9133675409399945,0.75,8.010695457458496,7.4259490966796875,276.0464334487915,4313.225522637367,64,1920,7320,0,0
main,SGF_RFW,1,21,0.9851818692379367,0.8524644310059756,0.5416666666666666,7.280083656311035,7.320831298828125,510.30211639404297,7973.470568656921,64,1920,7320,0,0
main,SGF_RFW,0,22,0.9729536672492106,0.9004097878932953,1.0,16.052391052246094,16.11893081665039,275.36829924583435,4302.629675716162,64,1920,7320,0,0
main,SGF_RFW,1,22,0.9879461203984641,0.957142719756002,1.0,16.53373146057129,14.97293758392334,275.4686026573181,4304.196916520596,64,1920,7320,0,0
main,SGF_RFW,0,23,0.9749506012394918,0.8324579285538715,1.0,11.094550132751465,12.906970977783203,274.1843173503876,4284.129958599806,64,1920,7320,0,0
main,SGF_RFW,1,23,0.9794612223192208,0.9209399145582448,1.0,7.700998306274414,11.160117149353027,275.45041728019714,4303.91277000308,64,1920,7320,0,0
main,SGF_RFW,0,24,0.9757497002227599,0.935930372580238,1.0,10.523744583129883,9.821688652038574,275.3049318790436,4301.639560610056,64,1920,7320,0,0
main,SGF_RFW,1,24,0.9611544947466323,0.8680142708446669,1.0,9.477742195129395,9.902607917785645,276.38656640052795,4318.540100008249,64,1920,7320,0,0
main,SGF_RFW,0,25,0.977374125013457,0.8208829177462537,0.8333333333333334,7.269665241241455,13.191569328308105,275.2318513393402,4300.497677177191,64,1920,7320,0,0
main,SGF_RFW,1,25,0.9664643684228102,0.792351078727971,0.875,8.91798210144043,8.483050346374512,275.4470753669739,4303.860552608967,64,1920,7320,0,0
main,SGF_RFW,0,26,0.9818284847489896,0.9434095297170723,1.0,6.57382345199585,10.593891143798828,277.3117949962616,4332.996796816587,64,1920,7320,0,0
main,SGF_RFW,1,26,0.9825336881756659,0.922257626834123,1.0,6.577566623687744,7.921299934387207,275.3212022781372,4301.893785595894,64,1920,7320,0,0
main,SGF_RFW,0,27,0.9893891356978143,0.9481391155201456,0.041666666666666664,4.887099266052246,5.0630106925964355,275.9786739349365,4312.166780233383,64,1920,7320,0,0
main,SGF_RFW,1,27,0.9875781203080317,0.9384917422481204,0.041666666666666664,4.970341682434082,4.814164638519287,275.63618779182434,4306.815434247255,64,1920,7320,0,0
main,SGF_RFW,0,28,0.970702263434366,0.8552674819593844,1.0,11.100281715393066,10.976592063903809,275.31983494758606,4301.872421056032,64,1920,7320,0,0
main,SGF_RFW,1,28,0.9695820447657245,0.8435412787872812,1.0,11.998820304870605,11.658459663391113,275.86030316352844,4310.317236930132,64,1920,7320,0,0
main,SGF_RFW,0,29,0.980539890583492,0.9158945692622144,1.0,16.03199577331543,16.35973358154297,275.8580572605133,4310.28214469552,64,1920,7320,0,0
main,SGF_RFW,1,29,0.9766521816518766,0.8795173336630282,1.0,16.758207321166992,18.999792098999023,276.65445137023926,4322.725802659988,64,1920,7320,0,0
main,SGF_RFW,0,30,0.9719884605861996,0.924867560034213,1.0,12.404051780700684,12.051703453063965,275.3302869796753,4302.035734057426,64,1920,7320,0,0
main,SGF_RFW,1,30,0.9813391551921873,0.939877053965693,1.0,7.833932876586914,10.036053657531738,276.32317447662354,4317.549601197243,64,1920,7320,0,0
main,SGF_RFW,0,31,0.9900568568847143,0.9642892570599265,1.0,8.033690452575684,8.563787460327148,275.2606945037842,4300.948351621628,64,1920,7320,0,0
main,SGF_RFW,1,31,0.9858748887263982,0.932729070601256,0.9583333333333334,7.033723831176758,7.652778148651123,276.9756705760956,4327.744852751493,64,1920,7320,0,0
main,SGF_RFW,0,32,0.9846571056303098,0.9147114196549291,1.0,4.030033588409424,3.933746576309204,277.3347511291504,4333.355486392975,64,1920,7320,0,0
main,SGF_RFW,1,32,0.9852390223830417,0.885361311228379,1.0,5.338259696960449,7.916697978973389,276.00066328048706,4312.51036375761,64,1920,7320,0,0
main,SGF_RFW,0,33,0.9864502554584268,0.8712693997051405,0.16666666666666666,4.679007053375244,4.826590538024902,276.02640175819397,4312.912527471781,64,1920,7320,0,0
main,SGF_RFW,1,33,0.9841969870788789,0.8683259189128876,0.6666666666666666,4.471622943878174,4.876943111419678,275.389662027359,4302.9634691774845,64,1920,7320,0,0
main,SGF_RFW,0,34,0.9630205193933676,0.7624697011450062,1.0,10.471942901611328,13.113794326782227,275.3499586582184,4302.343104034662,64,1920,7320,0,0
main,SGF_RFW,1,34,0.9695342727893402,0.798317101986512,0.9166666666666666,7.4796576499938965,13.100223541259766,568.4187152385712,8881.542425602674,64,1920,7320,0,0
main,SGF_RFW,0,35,0.9841907282819907,0.9299368171588235,0.08333333333333333,7.277154445648193,6.754641532897949,275.8744912147522,4310.538925230503,64,1920,7320,0,0
main,SGF_RFW,1,35,0.9843760690154183,0.9203497378722482,0.5,5.6109089851379395,7.302317142486572,276.089075088501,4313.891798257828,64,1920,7320,0,0
main,SGF_RFW,0,36,0.969647811009675,0.8551478904226552,1.0,8.343954086303711,8.23275375366211,275.46171951293945,4304.089367389679,64,1920,7320,0,0
main,SGF_RFW,1,36,0.9745659107776875,0.9039483031500941,1.0,6.658871173858643,7.632847309112549,275.7903287410736,4309.223886579275,64,1920,7320,0,0
main,SGF_RFW,0,37,0.9898819991735829,0.9348825708679532,0.0,2.91133451461792,2.9665722846984863,275.3303391933441,4302.036549896002,64,1920,7320,0,0
main,SGF_RFW,1,37,0.9805563136371696,0.897489809471628,0.20833333333333334,2.901608467102051,2.792185068130493,275.6721305847168,4307.3770403862,64,1920,7320,0,0
main,SGF_RFW,0,38,0.9826986478944896,0.949356708837592,0.625,6.990945339202881,8.252618789672852,277.4286777973175,4334.823090583086,64,1920,7320,0,0
main,SGF_RFW,1,38,0.9846057946641582,0.9498496496159098,0.3333333333333333,5.7344183921813965,6.888885498046875,571.8339102268219,8934.904847294092,64,1920,7320,0,0
main,SGF_RFW,0,39,0.9889210253451771,0.9473310903362607,0.20833333333333334,5.44000768661499,5.53007698059082,277.3451166152954,4333.517447113991,64,1920,7320,0,0
main,SGF_RFW,1,39,0.9893461636106413,0.9304283364959384,0.16666666666666666,5.179101943969727,4.147735595703125,275.41299867630005,4303.328104317188,64,1920,7320,0,0
main,SGF_RFW,0,40,0.9833356141317048,0.9048314094543457,1.0,4.940584182739258,5.521038055419922,277.83357429504395,4341.149598360062,64,1920,7320,0,0
main,SGF_RFW,1,40,0.9866882879760448,0.9262057400268057,0.9583333333333334,5.762983798980713,4.586230278015137,566.4627940654755,8850.981157273054,64,1920,7320,0,0
main,SGF_RFW,0,41,0.983845956505592,0.8830533273842024,0.875,6.724521160125732,7.100910186767578,276.19492864608765,4315.5457600951195,64,1920,7320,0,0
main,SGF_RFW,1,41,0.9809644134365891,0.9358594741510308,0.9166666666666666,6.63181734085083,6.379238605499268,275.46149492263794,4304.085858166218,64,1920,7320,0,0
main,SGF_RFW,0,42,0.9940582997065057,0.9747520024361819,0.041666666666666664,1.930443525314331,1.9313308000564575,278.34999108314514,4349.218610674143,64,1920,7320,0,0
main,SGF_RFW,1,42,0.9926815488023092,0.9600791464681211,0.0,2.625156879425049,3.0841927528381348,276.3976092338562,4318.712644279003,64,1920,7320,0,0
main,SGF_RFW,0,43,0.9915729813676023,0.9519989853319913,0.0,4.987614631652832,4.749035835266113,276.00286412239075,4312.544751912355,64,1920,7320,0,0
main,SGF_RFW,1,43,0.9927513086873717,0.9549213310946589,0.3333333333333333,4.279303073883057,4.533071041107178,570.2250761985779,8909.76681560278,64,1920,7320,0,0
main,SGF_RFW,0,44,0.9765958273571327,0.802579772213231,1.0,7.1384782791137695,7.08743953704834,276.4715464115143,4319.867912679911,64,1920,7320,0,0
main,SGF_RFW,1,44,0.982863492620596,0.9182719795600228,1.0,6.729051113128662,7.0953826904296875,275.4693887233734,4304.20919880271,64,1920,7320,0,0
main,SGF_RFW,0,45,0.9931965023890941,0.9603813757067141,0.08333333333333333,3.3063528537750244,3.444223165512085,277.46579360961914,4335.403025150299,64,1920,7320,0,0
main,SGF_RFW,1,45,0.9921057858351122,0.9682219326496124,0.0,2.7486014366149902,3.305086135864258,275.2918658256531,4301.435403525829,64,1920,7320,0,0
main,SGF_RFW,0,46,0.9848882639339315,0.9058439874130747,0.5833333333333334,5.661287784576416,5.392280578613281,276.0155704021454,4312.743287533522,64,1920,7320,0,0
main,SGF_RFW,1,46,0.9834760374652737,0.9065849495970685,0.375,5.137186527252197,5.0320658683776855,275.6078634262085,4306.372866034508,64,1920,7320,0,0
main,SGF_RFW,0,47,0.9901935617092654,0.9084868871647379,0.08333333333333333,3.3877859115600586,2.166210174560547,276.1949989795685,4315.5468590557575,64,1920,7320,0,0
main,SGF_RFW,1,47,0.9883888323330772,0.9296923694403275,0.041666666666666664,2.6346306800842285,3.4841690063476562,275.7817578315735,4309.089966118336,64,1920,7320,0,0
main,SGF_RFW,0,48,0.9889529699982443,0.9234455979388693,0.375,3.1322600841522217,3.052377462387085,276.02894496917725,4312.9522651433945,64,1920,7320,0,0
main,SGF_RFW,1,48,0.9915813251010214,0.9572846980198569,0.2916666666666667,3.8749914169311523,3.191659688949585,276.6663875579834,4322.912305593491,64,1920,7320,0,0
main,SGF_RFW,0,49,0.9727428007590797,0.9018917990767438,0.9583333333333334,10.842742919921875,16.87510871887207,275.3251299858093,4301.955156028271,64,1920,7320,0,0
main,SGF_RFW,1,49,0.9780010596840837,0.948319137096405,1.0,13.033681869506836,18.494665145874023,276.30640935897827,4317.2876462340355,64,1920,7320,0,0
main,SGF_RFW,0,50,0.984897962394495,0.928638766641202,1.0,8.911402702331543,10.541579246520996,275.85352849960327,4310.211382806301,64,1920,7320,0,0
main,SGF_RFW,1,50,0.9810258118541656,0.951664669358212,1.0,9.407737731933594,9.09475326538086,276.9698486328125,4327.653884887695,64,1920,7320,0,0
main,SGF_RFW,0,51,0.9728861966052973,0.8065909322189247,0.6666666666666666,5.931735992431641,5.493740081787109,276.9783179759979,4327.786218374968,64,1920,7320,0,0
main,SGF_RFW,1,51,0.9785035177315228,0.8782216051350469,0.041666666666666664,3.264740228652954,3.998307943344116,275.9589400291443,4311.8584379553795,64,1920,7320,0,0
main,SGF_RFW,0,52,0.9741177955793856,0.8378843393014824,0.9166666666666666,9.881784439086914,17.646982192993164,276.28902435302734,4317.016005516052,64,1920,7320,0,0
main,SGF_RFW,1,52,0.963867930239667,0.76440989193709,0.8333333333333334,9.586709022521973,12.524761199951172,275.41166520118713,4303.307268768549,64,1920,7320,0,0
main,SGF_RFW,0,53,0.987990581304628,0.9668521673783012,1.0,11.383159637451172,14.1438627243042,276.6924362182617,4323.319315910339,64,1920,7320,0,0
main,SGF_RFW,1,53,0.9861455940051544,0.9671978950500488,1.0,14.975726127624512,14.267664909362793,276.04657435417175,4313.227724283934,64,1920,7320,0,0
main,SGF_RFW,0,54,0.9872783263820818,0.9383893958900286,0.5833333333333334,4.235598087310791,3.8994667530059814,276.49358773231506,4320.212308317423,64,1920,7320,0,0
main,SGF_RFW,1,54,0.9886536149477619,0.964248344950054,1.0,5.851417541503906,5.546403408050537,275.75168085098267,4308.620013296604,64,1920,7320,0,0
main,SGF_RFW,0,55,0.9827282762257123,0.8305191514284714,0.25,7.164794921875,9.405111312866211,275.3609881401062,4302.515439689159,64,1920,7320,0,0
main,SGF_RFW,1,55,0.9824485236527156,0.8951293579910112,0.625,7.2412238121032715,7.397771835327148,275.63046622276306,4306.726034730673,64,1920,7320,0,0
main,SGF_RFW,0,56,0.9698928395959121,0.7581583190223445,1.0,12.003172874450684,16.42792320251465,275.23422479629517,4300.534762442112,64,1920,7320,0,0
main,SGF_RFW,1,56,0.9813231365092364,0.8702378804269045,1.0,18.475948333740234,14.20935344696045,275.39205718040466,4303.000893443823,64,1920,7320,0,0
main,SGF_RFW,0,57,0.968829062404739,0.8991259569707125,1.0,9.7095365524292,9.802326202392578,277.3302137851715,4333.284590393305,64,1920,7320,0,0
main,SGF_RFW,1,57,0.9724357803344456,0.8849991365619326,1.0,8.619524955749512,8.003849983215332,275.47958540916443,4304.368522018194,64,1920,7320,0,0
main,SGF_RFW,0,58,0.9822812775203932,0.9036816708419634,0.875,3.3231279850006104,3.526444435119629,275.46056294441223,4304.071296006441,64,1920,7320,0,0
main,SGF_RFW,1,58,0.9791804023679899,0.8724899006926495,1.0,4.857877731323242,5.169042110443115,276.3965709209442,4318.696420639753,64,1920,7320,0,0
main,SGF_RFW,0,59,0.9948141547674197,0.9857110743937284,0.9583333333333334,5.306942939758301,4.187932014465332,276.24866127967834,4316.385332494974,64,1920,7320,0,0
main,SGF_RFW,1,59,0.994748834398281,0.9825053318687106,1.0,5.229842185974121,5.601119041442871,275.43022108078003,4303.597204387188,64,1920,7320,0,0
main,SGF_RFW,0,60,0.9875697610373729,0.9233732625194216,1.0,6.10954475402832,7.227903366088867,275.4664433002472,4304.163176566362,64,1920,7320,0,0
main,SGF_RFW,1,60,0.9884298887395871,0.9515187364557515,1.0,7.551091194152832,5.8811726570129395,275.1758863925934,4299.623224884272,64,1920,7320,0,0
main,SGF_RFW,0,61,0.9859016005719322,0.8897811316925547,0.75,5.146029949188232,4.358262062072754,276.62407398223877,4322.251155972481,64,1920,7320,0,0
main,SGF_RFW,1,61,0.9817779145506709,0.8632924595604772,0.9583333333333334,5.926089286804199,5.869123458862305,275.4695825576782,4304.212227463722,64,1920,7320,0,0
main,SGF_RFW,0,62,0.981361856736298,0.9165605617606122,1.0,8.069343566894531,8.738471031188965,276.0743932723999,4313.6623948812485,64,1920,7320,0,0
main,SGF_RFW,1,62,0.9851115484927623,0.9472978244657102,0.9583333333333334,7.2211713790893555,6.685898780822754,275.8228840827942,4309.732563793659,64,1920,7320,0,0
main,SGF_RFW,0,63,0.9945708383902184,0.9807001468927964,0.0,2.8131723403930664,2.6227951049804688,277.00709772109985,4328.235901892185,64,1920,7320,0,0
main,SGF_RFW,1,63,0.9958469886772554,0.984078497990318,0.0,2.6173365116119385,2.100391149520874,276.675740480423,4323.058445006609,64,1920,7320,0,0
main,SGF_RFW,0,64,0.9865143274041236,0.9232921036689178,0.5,3.5583267211914062,4.388597011566162,275.4281506538391,4303.564853966236,64,1920,7320,0,0
main,SGF_RFW,1,64,0.9906938759809659,0.9587893952494082,0.08333333333333333,4.720247745513916,4.073883056640625,276.2991142272949,4317.173659801483,64,1920,7320,0,0
main,SGF_RFW,0,65,0.9892828168815951,0.9528715364311052,0.5,5.231307506561279,4.608105659484863,275.0978293418884,4298.403583467007,64,1920,7320,0,0
main,SGF_RFW,1,65,0.9840952174677833,0.9007603539072949,0.9583333333333334,4.496537685394287,4.481662750244141,276.93986225128174,4327.185347676277,64,1920,7320,0,0
main,SGF_RFW,0,66,0.9872504300468158,0.9372928945914559,0.0,4.031343460083008,4.2647271156311035,275.383811712265,4302.872058004141,64,1920,7320,0,0
main,SGF_RFW,1,66,0.9913667413299665,0.9392238984937253,0.0,2.4073073863983154,2.8688833713531494,275.93645095825195,4311.507046222687,64,1920,7320,0,0
main,SGF_RFW,0,67,0.9875884640599439,0.930512802756351,0.6666666666666666,9.803797721862793,6.421320915222168,276.28961539268494,4317.025240510702,64,1920,7320,0,0
main,SGF_RFW,1,67,0.9889502234212996,0.9552661141623622,0.7083333333333334,8.594950675964355,8.455942153930664,275.41457986831665,4303.352810442448,64,1920,7320,0,0
main,SGF_RFW,0,68,0.9806421553417349,0.8380885772083116,0.5,8.925140380859375,6.09229850769043,275.3534326553345,4302.397385239601,64,1920,7320,0,0
main,SGF_RFW,1,68,0.9816610791200556,0.8499657097070114,0.9583333333333334,8.649767875671387,11.734615325927734,276.0300660133362,4312.969781458378,64,1920,7320,0,0
main,SGF_RFW,0,69,0.9789745531703472,0.9287613124951072,0.875,9.498696327209473,10.179633140563965,275.8515863418579,4310.18103659153,64,1920,7320,0,0
main,SGF_RFW,1,69,0.9819097300702971,0.8693732541540394,0.7083333333333334,8.691598892211914,7.5264482498168945,275.72391080856323,4308.1861063838005,64,1920,7320,0,0
main,SGF_RFW,0,70,0.958434976648281,0.6564281556917273,0.9583333333333334,17.388608932495117,19.034013748168945,275.77931094169617,4309.051733464003,64,1920,7320,0,0
main,SGF_RFW,1,70,0.9591689355954527,0.7732723083185112,0.9583333333333334,16.029409408569336,18.44756317138672,275.6212821006775,4306.582532823086,64,1920,7320,0,0
main,SGF_RFW,0,71,0.9864785933859365,0.939435882412869,1.0,12.698025703430176,12.765527725219727,276.62527322769165,4322.269894182682,64,1920,7320,0,0
main,SGF_RFW,1,71,0.9879454740981637,0.9510267312112063,1.0,19.20773696899414,19.124347686767578,568.3693449497223,8880.77101483941,64,1920,7320,0,0
main,SGF_RFW,0,72,0.975216670907194,0.8418405703876329,1.0,8.118026733398438,8.82015609741211,275.9184801578522,4311.22625246644,64,1920,7320,0,0
main,SGF_RFW,1,72,0.9823529026332064,0.9517600056917771,1.0,10.292952537536621,10.039447784423828,571.662606716156,8932.228229939938,64,1920,7320,0,0
main,SGF_RFW,0,73,0.9733994188298359,0.7702381934808648,1.0,10.843276977539062,11.45348072052002,275.8280076980591,4309.812620282173,64,1920,7320,0,0
main,SGF_RFW,1,73,0.9851469009947932,0.8978370518788047,0.875,3.8970043659210205,6.984882831573486,275.41407656669617,4303.344946354628,64,1920,7320,0,0
main,SGF_RFW,0,74,0.9711811065965126,0.7576880947403287,0.9583333333333334,5.385924339294434,5.982415199279785,275.4170091152191,4303.390767425299,64,1920,7320,0,0
main,SGF_RFW,1,74,0.9767200393653995,0.9178905396357827,1.0,8.5038423538208,6.954940319061279,533.0963051319122,8329.629767686129,64,1920,7320,0,0
main,SGF_RFW,0,75,0.9875710315227076,0.9458869099617004,1.0,9.035767555236816,9.212026596069336,275.2590641975403,4300.922878086567,64,1920,7320,0,0
main,SGF_RFW,1,75,0.98547383436324,0.9549054192460101,1.0,12.945964813232422,13.192167282104492,275.49581027030945,4304.622035473585,64,1920,7320,0,0
main,SGF_RFW,0,76,0.9731481287460273,0.8452905934789906,1.0,10.995718002319336,11.245128631591797,277.38947558403015,4334.210556000471,64,1920,7320,0,0
main,SGF_RFW,1,76,0.9739823897057477,0.799326215101325,1.0,11.183332443237305,11.595405578613281,276.3583028316498,4318.098481744528,64,1920,7320,0,0
main,SGF_RFW,0,77,0.9841278769581807,0.8929800715135491,0.25,5.193110466003418,4.643265724182129,275.53086495399475,4305.169764906168,64,1920,7320,0,0
main,SGF_RFW,1,77,0.9802121140714375,0.8720349073410034,0.375,4.824916839599609,5.853205680847168,275.5047798156738,4304.762184619904,64,1920,7320,0,0
main,SGF_RFW,0,78,0.9871124213041398,0.9524978593639707,1.0,8.485401153564453,9.869504928588867,276.27581548690796,4316.809616982937,64,1920,7320,0,0
main,SGF_RFW,1,78,0.9832154202913026,0.9499606671540634,1.0,7.946321487426758,9.221170425415039,275.1754231452942,4299.615986645222,64,1920,7320,0,0
main,SGF_RFW,0,79,0.975634107198354,0.8359448093435039,0.5416666666666666,7.63477897644043,6.02305793762207,275.568989276886,4305.7654574513435,64,1920,7320,0,0
main,SGF_RFW,1,79,0.9859613578508247,0.9379427186820818,0.041666666666666664,4.239616394042969,5.817000389099121,275.58304142951965,4305.985022336245,64,1920,7320,0,0
main,SGF_RFW,0,80,0.9904888295226616,0.9665999049725741,0.25,4.4045090675354,4.097297668457031,276.6321084499359,4322.376694530249,64,1920,7320,0,0
main,SGF_RFW,1,80,0.9876969405066628,0.9544073952280957,0.8333333333333334,4.108147621154785,4.346034526824951,275.85159707069397,4310.181204229593,64,1920,7320,0,0
main,SGF_RFW,0,81,0.9845786658284776,0.9617833002753878,0.7083333333333334,10.804230690002441,11.322891235351562,275.8617784976959,4310.340289026499,64,1920,7320,0,0
main,SGF_RFW,1,81,0.9833371501155522,0.9453529041746388,0.2916666666666667,6.997461795806885,8.696779251098633,522.7240099906921,8167.562656104565,64,1920,7320,0,0
main,SGF_RFW,0,82,0.9311651096428989,0.7604964874360872,1.0,12.127809524536133,10.41567611694336,275.50355410575867,4304.743032902479,64,1920,7320,0,0
main,SGF_RFW,1,82,0.9510636643890708,0.8391903936862946,1.0,5.5119805335998535,5.668553352355957,276.6460790634155,4322.594985365868,64,1920,7320,0,0
main,SGF_RFW,0,83,0.9869662879927041,0.863928638074709,0.125,4.587804794311523,4.142899036407471,275.47074484825134,4304.230388253927,64,1920,7320,0,0
main,SGF_RFW,1,83,0.9853092276678396,0.9004716873168945,0.7916666666666666,4.690319538116455,5.647891044616699,276.3087668418884,4317.324481904507,64,1920,7320,0,0
main,SGF_RFW,0,84,0.9776844296890873,0.9175848999749059,1.0,10.045063018798828,10.836528778076172,277.0254909992218,4328.523296862841,64,1920,7320,0,0
main,SGF_RFW,1,84,0.983684858934191,0.9309005802092344,0.6666666666666666,8.380106925964355,7.961589336395264,275.9446246623993,4311.634760349989,64,1920,7320,0,0
main,SGF_RFW,0,85,0.9736536199472358,0.9351080630136573,1.0,6.683684349060059,7.157436370849609,275.16706800460815,4299.485437572002,64,1920,7320,0,0
main,SGF_RFW,1,85,0.9731626287366929,0.9354133916937787,1.0,7.270648956298828,7.29158878326416,277.0441310405731,4328.814547508955,64,1920,7320,0,0
main,SGF_RFW,0,86,0.9854582341527226,0.9411736221417136,1.0,9.849702835083008,9.659053802490234,276.2796413898468,4316.869396716356,64,1920,7320,0,0
main,SGF_RFW,1,86,0.9849815268919908,0.8588003943795743,1.0,7.9270195960998535,7.9471211433410645,275.42816948890686,4303.56514826417,64,1920,7320,0,0
main,SGF_RFW,0,87,0.9855697144500835,0.9110530148381772,0.8333333333333334,5.277786731719971,3.8607888221740723,275.3166799545288,4301.823124289513,64,1920,7320,0,0
main,SGF_RFW,1,87,0.9904481785941637,0.9562828683334849,0.7083333333333334,6.190089702606201,5.06226921081543,276.08734345436096,4313.86474147439,64,1920,7320,0,0
main,SGF_RFW,0,88,0.9891617706253822,0.9100465878196383,0.7083333333333334,4.244426250457764,4.528778553009033,275.77109146118164,4308.923304080963,64,1920,7320,0,0
main,SGF_RFW,1,88,0.9914773894856267,0.9679528824661089,0.9166666666666666,5.786677837371826,5.528791427612305,275.7551763057709,4308.67462977767,64,1920,7320,0,0
main,SGF_RFW,0,89,0.9850645371680614,0.921820570593295,0.5,9.312654495239258,7.678709030151367,276.52127504348755,4320.644922554493,64,1920,7320,0,0
main,SGF_RFW,1,89,0.9916037250072235,0.9593411580376004,0.9583333333333334,10.46329116821289,9.143318176269531,275.595046043396,4306.172594428062,64,1920,7320,0,0
main,SGF_RFW,0,90,0.9802361091179345,0.9093704016312308,0.9583333333333334,11.762925148010254,11.862567901611328,275.8062286376953,4309.472322463989,64,1920,7320,0,0
main,SGF_RFW,1,90,0.9792803815714456,0.9395164756671243,0.875,13.668007850646973,14.678662300109863,275.36098647117615,4302.515413612127,64,1920,7320,0,0
main,SGF_RFW,0,91,0.9824511153900662,0.9502445083597432,0.7083333333333334,9.271610260009766,7.386281490325928,275.92362427711487,4311.30662932992,64,1920,7320,0,0
main,SGF_RFW,1,91,0.9819711258593085,0.9240884819756383,0.5416666666666666,9.412467002868652,8.580499649047852,275.44365429878235,4303.807098418474,64,1920,7320,0,0
main,SGF_RFW,0,92,0.9882949557950825,0.9356479839138364,0.9166666666666666,4.632287502288818,5.214969635009766,275.7419047355652,4308.467261493206,64,1920,7320,0,0
main,SGF_RFW,1,92,0.9895543287479683,0.9645269694535629,0.75,4.545186996459961,5.664735317230225,276.4309456348419,4319.233525544405,64,1920,7320,0,0
main,SGF_RFW,0,93,0.9702500325346164,0.8485628068447113,1.0,14.150565147399902,18.915908813476562,275.32852053642273,4302.008133381605,64,1920,7320,0,0
main,SGF_RFW,1,93,0.9633764607751308,0.8468901631624802,1.0,16.311914443969727,17.62154197692871,275.44659996032715,4303.853124380112,64,1920,7320,0,0
main,SGF_RFW,0,94,0.9821034942675434,0.9045326942982882,0.0,8.118812561035156,8.518220901489258,275.2270543575287,4300.422724336386,64,1920,7320,0,0
main,SGF_RFW,1,94,0.9870218199868663,0.9067169311253921,0.0,5.978382110595703,6.59467887878418,275.1776397228241,4299.6506206691265,64,1920,7320,0,0
main,SGF_RFW,0,95,0.9703244806402543,0.8921864058660424,1.0,11.825708389282227,13.752330780029297,277.3834137916565,4334.115840494633,64,1920,7320,0,0
main,SGF_RFW,1,95,0.9763468035775773,0.9076267014379087,0.9583333333333334,8.745115280151367,9.47771167755127,275.3853209018707,4302.89563909173,64,1920,7320,0,0
main,SGF_RFW,0,96,0.9735422752391777,0.8382615913515505,0.9583333333333334,5.422457218170166,5.4398627281188965,275.45560216903687,4303.993783891201,64,1920,7320,0,0
main,SGF_RFW,1,96,0.9610550635787397,0.796609631051188,1.0,6.859406471252441,7.7201948165893555,275.9007635116577,4310.949429869652,64,1920,7320,0,0
main,SGF_RFW,0,97,0.9222741482742082,0.638446019395538,1.0,10.994972229003906,11.517279624938965,276.3530158996582,4318.015873432159,64,1920,7320,0,0
main,SGF_RFW,1,97,0.9328416237101104,0.7056449152853178,1.0,9.69020938873291,10.643332481384277,276.70042729377747,4323.444176465273,64,1920,7320,0,0
main,SGF_RFW,0,98,0.988212989394969,0.9549214049525881,0.7916666666666666,7.100883960723877,10.510350227355957,275.4615046977997,4304.08601090312,64,1920,7320,0,0
main,SGF_RFW,1,98,0.9773374677376472,0.8513968690581942,1.0,12.718526840209961,12.728326797485352,276.32798075675964,4317.624699324369,64,1920,7320,0,0
main,SGF_RFW,0,99,0.9910031935992888,0.9576951161674833,0.0,9.965198516845703,9.402986526489258,275.4055335521698,4303.211461752653,64,1920,7320,0,0
main,SGF_RFW,1,99,0.9845882007630253,0.8761106353739033,0.9166666666666666,15.36646556854248,20.362943649291992,275.9287211894989,4311.38626858592,64,1920,7320,0,0
main,SGF_RFW,0,100,0.9940623867653239,0.9613778124684873,0.041666666666666664,2.1501317024230957,2.0637683868408203,276.6509346961975,4322.670854628086,64,1920,7320,0,0
main,SGF_RFW,1,100,0.990887721001271,0.9433929881323939,0.8333333333333334,3.8542640209198,4.686440944671631,277.036936044693,4328.702125698328,64,1920,7320,0,0
main,SGF_RFW,0,101,0.9926548221438029,0.9591160390688026,0.625,5.077205657958984,5.083758354187012,275.05857157707214,4297.790180891752,64,1920,7320,0,0
main,SGF_RFW,1,101,0.9934843501055045,0.9609199360660886,0.0,4.179733753204346,4.26863431930542,275.39870715141296,4303.104799240828,64,1920,7320,0,0
main,SGF_RFW,0,102,0.9891496773491891,0.9721826172393301,0.25,6.105175495147705,8.848480224609375,275.91573905944824,4311.183422803879,64,1920,7320,0,0
main,SGF_RFW,1,102,0.9942874566914043,0.9855859694273575,0.125,3.736363410949707,3.117908239364624,276.0498571395874,4313.279017806053,64,1920,7320,0,0
main,SGF_RFW,0,103,0.985792531334274,0.953638722067294,0.9583333333333334,8.486787796020508,10.820669174194336,276.32947611808777,4317.648064345121,64,1920,7320,0,0
main,SGF_RFW,1,103,0.9926700267810551,0.9689773839452992,0.0,5.508782863616943,5.427126407623291,275.7107503414154,4307.980474084616,64,1920,7320,0,0
main,SGF_RFW,0,104,0.9817348222242973,0.9002869310586349,0.9583333333333334,6.2290544509887695,6.54970121383667,275.4370982646942,4303.704660385847,64,1920,7320,0,0
main,SGF_RFW,1,104,0.9836795705598819,0.9198696820632272,1.0,4.980642318725586,5.332004070281982,275.6092760562897,4306.394938379526,64,1920,7320,0,0
main,SGF_RFW,0,105,0.9891523604216278,0.9231204468271007,0.0,8.200614929199219,10.623980522155762,276.9735267162323,4327.71135494113,64,1920,7320,0,0
main,SGF_RFW,1,105,0.9837031278703033,0.8933088377765989,0.0,7.712956428527832,7.104156017303467,403.46654653549194,6304.164789617062,64,1920,7320,0,0
main,SGF_RFW,0,106,0.9787462201217343,0.8576960796895235,0.9166666666666666,10.9403715133667,13.835175514221191,276.8006708621979,4325.010482221842,64,1920,7320,0,0
main,SGF_RFW,1,106,0.986688701392354,0.94809239714042,1.0,8.716172218322754,10.596461296081543,379.53985047340393,5930.310163646936,64,1920,7320,0,0
main,SGF_RFW,0,107,0.9888742218859035,0.9232327005137568,0.041666666666666664,4.090249538421631,6.912841320037842,275.86072278022766,4310.323793441057,64,1920,7320,0,0
main,SGF_RFW,1,107,0.9881757792038629,0.9354874310286149,0.3333333333333333,4.652502059936523,8.369477272033691,275.4277596473694,4303.558744490147,64,1920,7320,0,0
main,SGF_RFW,0,108,0.9795564017387551,0.8950828028761822,0.9166666666666666,8.690112113952637,7.910697937011719,275.7598237991333,4308.747246861458,64,1920,7320,0,0
main,SGF_RFW,1,108,0.9814616011567194,0.8902994497962619,0.5416666666666666,9.366193771362305,8.215705871582031,359.0895781517029,5610.7746586203575,64,1920,7320,0,0
main,SGF_RFW,0,109,0.9774436537235118,0.8900575573029726,0.875,6.675621509552002,7.743425369262695,275.89932560920715,4310.926962643862,64,1920,7320,0,0
main,SGF_RFW,1,109,0.9792391840323886,0.9474558869133825,0.0,6.973770618438721,7.104963779449463,358.8469293117523,5606.98327049613,64,1920,7320,0,0
main,SGF_RFW,0,110,0.988650031928905,0.9546157549256864,0.9166666666666666,8.194612503051758,10.348254203796387,275.7550654411316,4308.672897517681,64,1920,7320,0,0
main,SGF_RFW,1,110,0.9891299496785709,0.9538574050302091,0.5416666666666666,8.011497497558594,7.283042907714844,275.48190689086914,4304.40479516983,64,1920,7320,0,0
main,SGF_RFW,0,111,0.9752064098482544,0.9052525408889937,0.041666666666666664,3.2613790035247803,3.7935667037963867,276.56399512290955,4321.312423795462,64,1920,7320,0,0
main,SGF_RFW,1,111,0.978549255028077,0.9018967410792476,0.125,4.060896396636963,3.5601274967193604,276.30337619781494,4317.2402530908585,64,1920,7320,0,0
main,SGF_RFW,0,112,0.9901863288816294,0.9691198973552041,0.9166666666666666,6.844898223876953,6.147702217102051,275.3652834892273,4302.5825545191765,64,1920,7320,0,0
main,SGF_RFW,1,112,0.9896505480735783,0.9520469126494034,0.4166666666666667,7.785583019256592,9.418039321899414,275.46876072883606,4304.199386388063,64,1920,7320,0,0
main,SGF_RFW,0,113,0.9875980469935773,0.958906352519989,1.0,11.148636817932129,14.535422325134277,275.24771547317505,4300.74555426836,64,1920,7320,0,0
main,SGF_RFW,1,113,0.981934658469565,0.9341149874355482,1.0,16.1391658782959,18.76968765258789,275.20879650115967,4300.13744533062,64,1920,7320,0,0
main,SGF_RFW,0,114,0.978599984919145,0.9328281905340111,0.9166666666666666,4.291230201721191,4.730032444000244,277.368230342865,4333.8785991072655,64,1920,7320,0,0
main,SGF_RFW,1,114,0.9783090170451271,0.9204895055812338,0.7916666666666666,4.018959045410156,4.4758710861206055,275.47236251831055,4304.255664348602,64,1920,7320,0,0
main,SGF_RFW,0,115,0.9712289389415408,0.9053544155929399,1.0,21.092687606811523,17.162803649902344,275.53643321990967,4305.256769061089,64,1920,7320,0,0
main,SGF_RFW,1,115,0.9815895827520388,0.9431940420814181,1.0,13.208747863769531,12.23028564453125,275.8736159801483,4310.525249689817,64,1920,7320,0,0
main,SGF_RFW,0,116,0.9853155994352681,0.9682333145452583,0.3333333333333333,4.5364885330200195,4.7654595375061035,276.30772376060486,4317.308183759451,64,1920,7320,0,0
main,SGF_RFW,1,116,0.9890095287903083,0.9718093107575956,0.0,4.039995193481445,3.3538732528686523,276.6216859817505,4322.213843464851,64,1920,7320,0,0
main,SGF_RFW,0,117,0.9778193416303225,0.8402681266484052,0.8333333333333334,8.558503150939941,9.752897262573242,275.49113488197327,4304.548982530832,64,1920,7320,0,0
main,SGF_RFW,1,117,0.9763720557083815,0.8461443023837131,0.5416666666666666,7.029101371765137,9.654394149780273,276.30875301361084,4317.324265837669,64,1920,7320,0,0
main,SGF_RFW,0,118,0.9733814819378388,0.8753865918387538,1.0,8.033258438110352,9.111615180969238,276.6124358177185,4322.069309651852,64,1920,7320,0,0
main,SGF_RFW,1,118,0.9728303347630552,0.9216484297876772,1.0,11.781590461730957,11.526570320129395,275.9514145851135,4311.740852892399,64,1920,7320,0,0
main,SGF_RFW,0,119,0.9860398801832639,0.9557988475198331,0.041666666666666664,4.533118724822998,4.6672210693359375,275.50905585289,4304.8289977014065,64,1920,7320,0,0
main,SGF_RFW,1,119,0.9886882654919505,0.960526564846868,0.0,5.70867395401001,5.412320137023926,277.03940987586975,4328.740779310465,64,1920,7320,0,0
main,SGF_RFW,0,120,0.9903395719384321,0.9738244854885599,0.041666666666666664,3.242758274078369,3.3820719718933105,275.5261809825897,4305.096577852964,64,1920,7320,0,0
main,SGF_RFW,1,120,0.9911272219583863,0.9732501390187637,0.08333333333333333,3.8681743144989014,2.8099329471588135,275.485995054245,4304.468672722578,64,1920,7320,0,0
main,SGF_RFW,0,121,0.9808010763219945,0.8813479050346041,1.0,11.995625495910645,9.003710746765137,275.0960941314697,4298.3764708042145,64,1920,7320,0,0
main,SGF_RFW,1,121,0.9844402173089494,0.8750660173271013,0.8333333333333334,8.9315767288208,8.233144760131836,276.0912685394287,4313.926070928574,64,1920,7320,0,0
main,SGF_RFW,0,122,0.9902578295317824,0.9621629235537156,0.08333333333333333,7.175233364105225,6.0352373123168945,276.1211380958557,4314.3927827477455,64,1920,7320,0,0
main,SGF_RFW,1,122,0.9948396717042907,0.9879105972207111,0.0,4.107452392578125,2.8990092277526855,275.7008137702942,4307.825215160847,64,1920,7320,0,0
main,SGF_RFW,0,123,0.9690853794825213,0.88714516033297,0.4583333333333333,11.112979888916016,12.096219062805176,276.28616642951965,4316.971350461245,64,1920,7320,0,0
main,SGF_RFW,1,123,0.973922247918301,0.861012559870015,0.75,10.461464881896973,9.313994407653809,275.62162947654724,4306.587960571051,64,1920,7320,0,0
main,SGF_RFW,0,124,0.9841034062990955,0.8328990119954814,0.0,4.075011253356934,4.364178657531738,275.87252402305603,4310.5081878602505,64,1920,7320,0,0
main,SGF_RFW,1,124,0.986256304372548,0.8964569205823153,0.125,4.336709022521973,4.2107415199279785,350.92400574684143,5483.187589794397,64,1920,7320,0,0
main,SGF_RFW,0,125,0.9872136733931886,0.9642567271771639,0.5,10.526233673095703,11.51867389678955,277.0339114665985,4328.654866665602,64,1920,7320,0,0
main,SGF_RFW,1,125,0.9844818585080873,0.9691249093283778,0.9583333333333334,13.417928695678711,14.140900611877441,275.38840913772583,4302.943892776966,64,1920,7320,0,0
main,SGF_RFW,0,126,0.960569143646547,0.6555176293072493,0.375,7.9871039390563965,8.13119125366211,275.34489464759827,4302.263978868723,64,1920,7320,0,0
main,SGF_RFW,1,126,0.9721242306380568,0.828873687464258,0.5833333333333334,8.023911476135254,6.0844902992248535,352.7145023345947,5511.164098978043,64,1920,7320,0,0
main,SGF_RFW,0,127,0.9706472085713852,0.827480137348175,1.0,8.7850980758667,10.2554349899292,275.73442029953003,4308.350317180157,64,1920,7320,0,0
main,SGF_RFW,1,127,0.9725343214270802,0.8108031607192495,1.0,10.223814010620117,9.7396879196167,275.50542306900024,4304.772235453129,64,1920,7320,0,0
main,SGF_RFW,0,128,0.9570408036811925,0.6091929661191028,0.7083333333333334,5.310335159301758,6.809994220733643,276.0079529285431,4312.624264508486,64,1920,7320,0,0
main,SGF_RFW,1,128,0.9519570544448674,0.6139490215674691,0.9166666666666666,5.47524356842041,8.753945350646973,276.4081656932831,4318.877588957548,64,1920,7320,0,0
main,SGF_RFW,0,129,0.9843420226739856,0.9546747700027799,0.125,7.860010623931885,9.930732727050781,275.60044717788696,4306.256987154484,64,1920,7320,0,0
main,SGF_RFW,1,129,0.9814511140710135,0.8885307687780132,0.4166666666666667,7.858016490936279,10.091971397399902,275.5173442363739,4304.958503693342,64,1920,7320,0,0
main,SGF_RFW,0,130,0.9851391210842575,0.9321072062720424,1.0,14.091102600097656,14.517165184020996,276.5406677722931,4320.9479339420795,64,1920,7320,0,0
main,SGF_RFW,1,130,0.9827379451956061,0.9163758845432944,1.0,9.961934089660645,8.724074363708496,275.4647707939148,4304.137043654919,64,1920,7320,0,0
main,SGF_RFW,0,131,0.9767456407729725,0.9541048627832661,1.0,14.23687744140625,16.071414947509766,275.54621291160583,4305.409576743841,64,1920,7320,0,0
main,SGF_RFW,1,131,0.9739531941819175,0.9383027968199357,0.375,10.018342018127441,13.068485260009766,275.19689106941223,4299.951422959566,64,1920,7320,0,0
main,SGF_RFW,0,132,0.9628495712976344,0.8617514864258146,0.375,6.743456840515137,6.606906414031982,275.27853775024414,4301.227152347565,64,1920,7320,0,0
main,SGF_RFW,1,132,0.9613660900736538,0.823025274535884,0.5416666666666666,5.576150417327881,9.600459098815918,275.8672788143158,4310.426231473684,64,1920,7320,0,0
main,SGF_RFW,0,133,0.9728530734975852,0.9091217971366384,1.0,16.211008071899414,18.25349235534668,277.3360230922699,4333.375360816717,64,1920,7320,0,0
main,SGF_RFW,1,133,0.9800554435105049,0.901080986727839,1.0,16.119781494140625,15.152690887451172,276.6461319923401,4322.595812380314,64,1920,7320,0,0
main,SGF_RFW,0,134,0.9869264960784504,0.9630179470000059,0.375,3.8408918380737305,3.459221363067627,280.7303683757782,4386.412005871534,64,1920,7320,0,0
main,SGF_RFW,1,134,0.9767181026019434,0.9088568311670552,0.9166666666666666,3.7202107906341553,5.870611190795898,276.3516938686371,4317.995216697454,64,1920,7320,0,0
main,SGF_RFW,0,135,0.9910455998193962,0.9526037366493888,0.0,4.4712748527526855,5.135402679443359,276.2841410636902,4316.939704120159,64,1920,7320,0,0
main,SGF_RFW,1,135,0.9901814462938487,0.9600735604763031,0.0,4.45876407623291,3.9317643642425537,275.40081095695496,4303.137671202421,64,1920,7320,0,0
main,SGF_RFW,0,136,0.9832921557441189,0.9396617140458977,0.2916666666666667,9.441951751708984,7.299886226654053,275.46073484420776,4304.073981940746,64,1920,7320,0,0
main,SGF_RFW,1,136,0.9810431919185124,0.9122009938177854,0.4166666666666667,11.056997299194336,11.239541053771973,275.93263483047485,4311.44741922617,64,1920,7320,0,0
main,SGF_RFW,0,137,0.9836089120734499,0.9326839848704959,1.0,12.968454360961914,21.360074996948242,282.31848645210266,4411.226350814104,64,1920,7320,0,0
main,SGF_RFW,1,137,0.983132903301782,0.8790561790051669,1.0,15.064513206481934,16.132654190063477,276.99486088752747,4328.044701367617,64,1920,7320,0,0
main,SGF_RFW,0,138,0.988159108187379,0.9193905112536057,0.20833333333333334,5.194710731506348,5.842647075653076,275.46612334251404,4304.158177226782,64,1920,7320,0,0
main,SGF_RFW,1,138,0.9902018187713386,0.8883757979973502,0.75,5.803375720977783,7.056844234466553,275.9937810897827,4312.402829527855,64,1920,7320,0,0
main,SGF_RFW,0,139,0.9799611251054327,0.9228074991184733,1.0,9.973586082458496,9.679701805114746,276.6438195705414,4322.559680789709,64,1920,7320,0,0
main,SGF_RFW,1,139,0.9812167157730686,0.9234498169111168,1.0,8.518147468566895,11.090534210205078,275.76567363739014,4308.838650584221,64,1920,7320,0,0
main,SGF_RFW,0,140,0.9805092188328954,0.8868293684461842,0.7916666666666666,7.466466903686523,7.595038890838623,275.34049224853516,4302.195191383362,64,1920,7320,0,0
main,SGF_RFW,1,140,0.9645340597519878,0.7267724806847781,1.0,11.267580032348633,15.005475997924805,275.6336476802826,4306.7757450044155,64,1920,7320,0,0
main,SGF_RFW,0,141,0.9948800868840522,0.9763047345306562,0.08333333333333333,4.202683925628662,2.9941823482513428,283.6300485134125,4431.71950802207,64,1920,7320,0,0
main,SGF_RFW,1,141,0.9956495412518236,0.9779059096522952,0.0,2.854161024093628,2.231818437576294,349.832777261734,5466.137144714594,64,1920,7320,0,0
main,SGF_RFW,0,142,0.9950191704150239,0.9887157289878182,0.041666666666666664,5.662200450897217,3.7494590282440186,275.8746304512024,4310.541100800037,64,1920,7320,0,0
main,SGF_RFW,1,142,0.9974246264646225,0.9924630159917086,0.0,3.26938533782959,3.119501829147339,351.30805587768555,5489.188373088837,64,1920,7320,0,0
main,SGF_RFW,0,143,0.9817572321298181,0.937280254519504,0.6666666666666666,11.124715805053711,7.78197717666626,276.3679919242859,4318.249873816967,64,1920,7320,0,0
main,SGF_RFW,1,143,0.9744494143738014,0.8078256366045579,0.5,20.682666778564453,22.780813217163086,275.4581594467163,4304.033741354942,64,1920,7320,0,0
main,SGF_RFW,0,144,0.9860851879113488,0.9127032575399979,0.2916666666666667,15.01063346862793,12.784311294555664,327.25622034072876,5113.378442823887,64,1920,7320,0,0
main,SGF_RFW,1,144,0.9781228163062111,0.8842647257058517,0.0,4.752823352813721,5.28463888168335,350.35659432411194,5474.321786314249,64,1920,7320,0,0
main,SGF_RFW,0,145,0.9948873686897727,0.9937368475872538,0.0,4.145877361297607,3.2233402729034424,276.9518826007843,4327.373165637255,64,1920,7320,0,0
main,SGF_RFW,1,145,0.9928988254877237,0.9901806427084882,0.0,4.957252025604248,4.704056739807129,275.48252391815186,4304.414436221123,64,1920,7320,0,0
main,SGF_RFW,0,146,0.9877947855721131,0.8860270160695781,0.375,5.073123455047607,4.408236503601074,283.7193422317505,4433.114722371101,64,1920,7320,0,0
main,SGF_RFW,1,146,0.9841143647009005,0.8571116095003873,0.25,5.3616461753845215,5.904726505279541,276.40315437316895,4318.799287080765,64,1920,7320,0,0
main,SGF_RFW,0,147,0.988190632293262,0.9149028075777966,1.0,9.532464027404785,8.186360359191895,276.0452814102173,4313.207522034645,64,1920,7320,0,0
main,SGF_RFW,1,147,0.9794816514322862,0.9256452062855596,1.0,8.964064598083496,9.067227363586426,275.50577878952026,4304.777793586254,64,1920,7320,0,0
main,SGF_RFW,0,148,0.9789557131722931,0.8601459459118223,0.9166666666666666,4.951184272766113,8.061846733093262,283.90633511543274,4436.036486178637,64,1920,7320,0,0
main,SGF_RFW,1,148,0.9895588274090508,0.9370165700497836,0.2916666666666667,5.586650848388672,5.467452526092529,275.46750235557556,4304.179724305868,64,1920,7320,0,0
main,SGF_RFW,0,149,0.9636139506192172,0.8631328085194463,0.7916666666666666,8.867177963256836,7.390065670013428,331.8500418663025,5185.156904160976,64,1920,7320,0,0
main,SGF_RFW,1,149,0.9730548281377042,0.8514015765293784,0.375,9.505844116210938,14.090959548950195,275.2043933868408,4300.068646669388,64,1920,7320,0,0
main,SGF_RFW,0,150,0.9909853133470993,0.9513795544271884,0.125,2.613673686981201,2.4615461826324463,295.8896474838257,4623.275741934776,64,1920,7320,0,0
main,SGF_RFW,1,150,0.9866187616279981,0.9464238946852476,0.7916666666666666,3.2975845336914062,3.980544328689575,353.0617072582245,5516.589175909758,64,1920,7320,0,0
main,SGF_RFW,0,151,0.9738898250076332,0.919893513555112,1.0,6.869986057281494,6.693170070648193,430.34032130241394,6724.067520350218,64,1920,7320,0,0
main,SGF_RFW,1,151,0.9682992670450097,0.9187791412291318,0.9583333333333334,5.731388568878174,5.873508453369141,275.8289601802826,4309.8275028169155,64,1920,7320,0,0
main,SGF_RFW,0,152,0.972749139624589,0.8510806547558826,1.0,13.051488876342773,13.633454322814941,439.64328622817993,6869.426347315311,64,1920,7320,0,0
main,SGF_RFW,1,152,0.9817378343439339,0.9466182123059812,1.0,10.059326171875,8.95508861541748,276.3046963214874,4317.260880023241,64,1920,7320,0,0
main,SGF_RFW,0,153,0.9914465688833346,0.9685476616672849,0.9583333333333334,12.056548118591309,10.205557823181152,289.67557287216187,4526.180826127529,64,1920,7320,0,0
main,SGF_RFW,1,153,0.989401799761562,0.956307334744412,1.0,11.691136360168457,11.856900215148926,276.64554834365845,4322.586692869663,64,1920,7320,0,0
main,SGF_RFW,0,154,0.9818095254852942,0.9438750173734581,1.0,8.160831451416016,8.163045883178711,276.38779616355896,4318.559315055609,64,1920,7320,0,0
main,SGF_RFW,1,154,0.9706936263246274,0.8704839983712072,1.0,7.364729404449463,7.25896692276001,275.4149706363678,4303.358916193247,64,1920,7320,0,0
main,SGF_RFW,0,155,0.9881704669567055,0.9596542016319608,0.0,1.8563530445098877,1.9634331464767456,275.5003070831299,4304.692298173904,64,1920,7320,0,0
main,SGF_RFW,1,155,0.9889885338025172,0.9622544866541157,0.0,1.326775074005127,1.4253586530685425,275.96456360816956,4311.946306377649,64,1920,7320,0,0
main,SGF_RFW,0,156,0.9803883344547129,0.8897879823394442,1.0,7.080055236816406,8.228386878967285,275.291259765625,4301.425933837891,64,1920,7320,0,0
main,SGF_RFW,1,156,0.9855682455361955,0.9391653291557146,0.9166666666666666,5.732346057891846,5.06662130355835,277.01888942718506,4328.4201472997665,64,1920,7320,0,0
main,SGF_RFW,0,157,0.9740307147501887,0.7502840498219365,0.125,6.810240745544434,5.705711841583252,275.63811111450195,4306.845486164093,64,1920,7320,0,0
main,SGF_RFW,1,157,0.9799111141161138,0.8150275064551312,0.625,7.426684856414795,10.53394603729248,276.06800866127014,4313.562635332346,64,1920,7320,0,0
main,SGF_RFW,0,158,0.9812258777551962,0.9689169590887815,1.0,6.699385643005371,6.623194217681885,276.6667673587799,4322.918239980936,64,1920,7320,0,0
main,SGF_RFW,1,158,0.9802777085360015,0.9595343172550201,1.0,9.313776016235352,9.6239652633667,275.76374650001526,4308.808539062738,64,1920,7320,0,0
main,SGF_RFW,0,159,0.9901015689564506,0.9453740573447683,0.25,5.869575500488281,5.545935153961182,275.94889426231384,4311.701472848654,64,1920,7320,0,0
main,SGF_RFW,1,159,0.9864404698707033,0.9321086821348771,0.7916666666666666,6.406344890594482,9.518909454345703,275.6118092536926,4306.434519588947,64,1920,7320,0,0
main,SGF_RFW,0,160,0.9793201267769821,0.8995836597421895,0.9583333333333334,9.566071510314941,13.69706916809082,276.3575050830841,4318.086016923189,64,1920,7320,0,0
main,SGF_RFW,1,160,0.9776947923405913,0.9014886501042739,0.9583333333333334,9.31020450592041,10.064265251159668,349.96221375465393,5468.159589916468,64,1920,7320,0,0
main,SGF_RFW,0,161,0.9874835948664332,0.9557916729346566,1.0,9.388498306274414,11.281149864196777,276.96968388557434,4327.651310712099,64,1920,7320,0,0
main,SGF_RFW,1,161,0.9819494200039637,0.8306224417427311,1.0,8.46557331085205,8.423614501953125,351.7645227909088,5496.32066860795,64,1920,7320,0,0
main,SGF_RFW,0,162,0.9858272703746035,0.9506754369839377,1.0,10.479883193969727,11.817444801330566,293.2718346118927,4582.372415810823,64,1920,7320,0,0
main,SGF_RFW,1,162,0.9854408631907324,0.9314465263615483,1.0,11.838592529296875,18.29070472717285,275.42334723472595,4303.489800542593,64,1920,7320,0,0
main,SGF_RFW,0,163,0.9944147253848282,0.9818436477495277,0.625,5.067798614501953,6.271426677703857,293.3818769454956,4584.091827273369,64,1920,7320,0,0
main,SGF_RFW,1,163,0.9937338761875646,0.9790203195551167,0.5,7.238134384155273,7.3661322593688965,275.44254875183105,4303.78982424736,64,1920,7320,0,0
main,SGF_RFW,0,164,0.9905267308030968,0.953748152307842,0.0,5.957625865936279,4.423043727874756,276.045930147171,4313.217658549547,64,1920,7320,0,0
main,SGF_RFW,1,164,0.9882882021436453,0.9484434529491091,0.08333333333333333,6.975459098815918,10.648253440856934,276.4590194225311,4319.672178477049,64,1920,7320,0,0
main,SGF_RFW,0,165,0.9920443860299146,0.9531772849352463,1.0,8.46133041381836,6.548215866088867,292.8734676837921,4576.147932559252,64,1920,7320,0,0
main,SGF_RFW,1,165,0.9932839825093316,0.9729526574197024,1.0,6.629270553588867,5.338115692138672,275.4734261035919,4304.272282868624,64,1920,7320,0,0
main,SGF_RFW,0,166,0.9863969421698763,0.9623773758826047,0.6666666666666666,6.6082258224487305,7.236948013305664,292.5868618488312,4571.669716387987,64,1920,7320,0,0
main,SGF_RFW,1,166,0.9886680088956011,0.9308672106784323,1.0,9.378103256225586,7.302361011505127,275.5502362251282,4305.472441017628,64,1920,7320,0,0
main,SGF_RFW,0,167,0.9841986282391867,0.8355556441389996,1.0,10.265153884887695,12.35332202911377,398.56807804107666,6227.626219391823,64,1920,7320,0,0
main,SGF_RFW,1,167,0.9860074329593059,0.9020614053892052,1.0,9.471961975097656,14.062438011169434,275.2044870853424,4300.070110708475,64,1920,7320,0,0
main,SGF_RFW,0,168,0.9867777165876315,0.9368057769277821,0.20833333333333334,5.417634010314941,5.349591255187988,395.4992034435272,6179.675053805113,64,1920,7320,0,0
main,SGF_RFW,1,168,0.9888734869441613,0.912973191427148,0.08333333333333333,8.068628311157227,7.524368762969971,275.8361895084381,4309.9404610693455,64,1920,7320,0,0
main,SGF_RFW,0,169,0.9955837749340691,0.9690224269162053,0.0,3.971203088760376,4.049294948577881,280.9644355773926,4390.069305896759,64,1920,7320,0,0
main,SGF_RFW,1,169,0.995436955241401,0.9550620796887771,0.0,5.327636241912842,4.069075107574463,275.39242911338806,4303.0067048966885,64,1920,7320,0,0
main,SGF_RFW,0,170,0.9862220959138078,0.9306062641351119,0.9583333333333334,10.303934097290039,19.107036590576172,276.3540873527527,4318.032614886761,64,1920,7320,0,0
main,SGF_RFW,1,170,0.9822330959070648,0.9332559782525768,1.0,11.571600914001465,16.688447952270508,276.32571601867676,4317.589312791824,64,1920,7320,0,0
main,SGF_RFW,0,171,0.9687021120084841,0.8892352775387143,1.0,8.920879364013672,11.33165168762207,275.4590799808502,4304.048124700785,64,1920,7320,0,0
main,SGF_RFW,1,171,0.9577121889595711,0.8047348973543748,1.0,11.952882766723633,14.538213729858398,276.5971100330353,4321.829844266176,64,1920,7320,0,0
main,SGF_RFW,0,172,0.9860014157976865,0.965538361798162,1.0,13.544656753540039,13.363722801208496,275.6113328933716,4306.427076458931,64,1920,7320,0,0
main,SGF_RFW,1,172,0.9903851369779231,0.9792776017085366,1.0,10.689339637756348,11.263360023498535,275.98391914367676,4312.248736619949,64,1920,7320,0,0
main,SGF_RFW,0,173,0.9849825995136735,0.93663798596548,0.20833333333333334,3.4037270545959473,4.425760746002197,275.47761631011963,4304.337754845619,64,1920,7320,0,0
main,SGF_RFW,1,173,0.9788762030609813,0.9280708950498829,0.875,6.661160945892334,7.060504913330078,277.01933765411377,4328.427150845528,64,1920,7320,0,0
main,SGF_RFW,0,174,0.9906057211483992,0.9807100257147914,1.0,7.744989395141602,7.552417755126953,275.1920657157898,4299.876026809216,64,1920,7320,0,0
main,SGF_RFW,1,174,0.988927540831695,0.966124988120535,1.0,11.795599937438965,11.983585357666016,276.0370993614197,4313.0796775221825,64,1920,7320,0,0
main,SGF_RFW,0,175,0.9871999285561549,0.9563823433026023,1.0,14.368412971496582,13.83041763305664,275.8313932418823,4309.865519404411,64,1920,7320,0,0
main,SGF_RFW,1,175,0.981378381103888,0.9419533299363178,1.0,13.903964042663574,12.816874504089355,275.72705936431885,4308.235302567482,64,1920,7320,0,0
main,SGF_RFW,0,176,0.9879712297156708,0.9625465260899585,0.125,3.1248693466186523,3.3612661361694336,276.6249055862427,4322.264149785042,64,1920,7320,0,0
main,SGF_RFW,1,176,0.9872607374249774,0.9691110227418983,0.08333333333333333,3.2768805027008057,3.1900341510772705,275.6209032535553,4306.5766133368015,64,1920,7320,0,0
main,SGF_RFW,0,177,0.993810607221155,0.9659228998681774,0.0,7.445010185241699,4.703264236450195,276.3270351886749,4317.609924823046,64,1920,7320,0,0
main,SGF_RFW,1,177,0.9946056031886666,0.9766988819060117,0.041666666666666664,4.90732479095459,3.442614793777466,316.6913192272186,4948.301862925291,64,1920,7320,0,0
main,SGF_RFW,0,178,0.9901774378570275,0.970115954461305,1.0,5.746765613555908,5.266904354095459,277.0006489753723,4328.135140240192,64,1920,7320,0,0
main,SGF_RFW,1,178,0.9903054111228095,0.9552466610203618,0.875,5.416663646697998,5.353550434112549,307.92123532295227,4811.269301921129,64,1920,7320,0,0
main,SGF_RFW,0,179,0.9879550331827635,0.9610528349876404,1.0,8.326035499572754,7.554061412811279,276.01185035705566,4312.685161828995,64,1920,7320,0,0
main,SGF_RFW,1,179,0.99051406946938,0.9508389545523602,1.0,8.346419334411621,7.865921497344971,282.9654471874237,4421.335112303495,64,1920,7320,0,0
main,SGF_RFW,0,180,0.9773817424756807,0.980062528796818,1.0,12.499709129333496,11.551800727844238,275.43950748443604,4303.742304444313,64,1920,7320,0,0
main,SGF_RFW,1,180,0.9763979063126484,0.9769118337527566,1.0,10.638582229614258,11.16174602508545,275.3943135738373,4303.0361495912075,64,1920,7320,0,0
main,SGF_RFW,0,181,0.9846954075058587,0.9438635020152383,1.0,9.442933082580566,10.834541320800781,275.97911977767944,4312.173746526241,64,1920,7320,0,0
main,SGF_RFW,1,181,0.9800836613701298,0.9574829210405764,1.0,11.360824584960938,11.023052215576172,282.3511664867401,4411.736976355314,64,1920,7320,0,0
main,SGF_RFW,0,182,0.9870627109888627,0.9719457185786703,0.875,7.0294880867004395,7.678146839141846,275.72152519226074,4308.148831129074,64,1920,7320,0,0
main,SGF_RFW,1,182,0.9813657211166532,0.9685205791307533,0.0,3.3892998695373535,4.708375453948975,275.50666761398315,4304.791681468487,64,1920,7320,0,0
main,SGF_RFW,0,183,0.9869360449504043,0.9752319403316664,0.9166666666666666,7.5438714027404785,8.071944236755371,275.5971095561981,4306.204836815596,64,1920,7320,0,0
main,SGF_RFW,1,183,0.9896330726947361,0.9745102770950483,0.0,4.478468894958496,4.529332637786865,276.4464294910431,4319.475460797548,64,1920,7320,0,0
main,SGF_RFW,0,184,0.9861038496033586,0.9148070229136426,1.0,9.181669235229492,8.405763626098633,366.57273721694946,5727.699019014835,64,1920,7320,0,0
main,SGF_RFW,1,184,0.9869972313628841,0.8882112554881884,0.5416666666666666,6.199701309204102,4.670905113220215,275.4699285030365,4304.217632859945,64,1920,7320,0,0
main,SGF_RFW,0,185,0.9840165318936261,0.9209465578846311,0.7916666666666666,7.62150239944458,7.4696946144104,368.07431197166443,5751.161124557257,64,1920,7320,0,0
main,SGF_RFW,1,185,0.9864485809056353,0.9346952399481898,0.9583333333333334,6.9480767250061035,7.531448841094971,275.42320823669434,4303.487628698349,64,1920,7320,0,0
main,SGF_RFW,0,186,0.9864451872128909,0.9403411486874456,0.9583333333333334,5.109482288360596,6.573987007141113,407.463919878006,6366.6237480938435,64,1920,7320,0,0
main,SGF_RFW,1,186,0.9906904230932668,0.9576253813246022,0.08333333333333333,4.760707378387451,5.257407188415527,275.4610278606415,4304.078560322523,64,1920,7320,0,0
main,SGF_RFW,0,187,0.9748351673626808,0.8596479737240336,1.0,5.8357014656066895,6.6012959480285645,407.11613512039185,6361.189611256123,64,1920,7320,0,0
main,SGF_RFW,1,187,0.9827830140644567,0.9124565539152726,1.0,5.18497371673584,5.90158224105835,275.76156187057495,4308.774404227734,64,1920,7320,0,0
main,SGF_RFW,0,188,0.9839313072730606,0.9461039589798969,1.0,6.761931419372559,6.764468669891357,275.4797258377075,4304.37071621418,64,1920,7320,0,0
main,SGF_RFW,1,188,0.9803049515377923,0.9438016894070999,1.0,5.499782562255859,6.9172043800354,275.4016344547272,4303.150538355112,64,1920,7320,0,0
main,SGF_RFW,0,189,0.9805453478449309,0.9153591575829879,0.9166666666666666,6.124669075012207,6.582620143890381,275.4320616722107,4303.625963628292,64,1920,7320,0,0
main,SGF_RFW,1,189,0.9837534546584102,0.9190854805967082,1.0,7.608828544616699,8.368512153625488,276.31818294525146,4317.471608519554,64,1920,7320,0,0
main,SGF_RFW,0,190,0.9862610761507282,0.9727080282957657,0.75,2.944540023803711,3.326793670654297,276.30219197273254,4317.221749573946,64,1920,7320,0,0
main,SGF_RFW,1,190,0.9755429350326966,0.8856689256170521,0.9583333333333334,3.179447650909424,3.3438162803649902,275.93325901031494,4311.457172036171,64,1920,7320,0,0
main,SGF_RFW,0,191,0.9770728142478368,0.8574937089629794,1.0,8.08046817779541,7.784025192260742,275.4389908313751,4303.734231740236,64,1920,7320,0,0
main,SGF_RFW,1,191,0.9746019109122841,0.8983562990375186,1.0,8.613459587097168,8.052811622619629,276.68969464302063,4323.276478797197,64,1920,7320,0,0
main,SGF_RFW,0,192,0.9789251401754022,0.925008905970532,1.0,9.618820190429688,12.60719108581543,275.16463446617126,4299.447413533926,64,1920,7320,0,0
main,SGF_RFW,1,192,0.9833705802337708,0.9441295836282814,1.0,9.705557823181152,10.26901626586914,277.03376626968384,4328.65259796381,64,1920,7320,0,0
main,SGF_RFW,0,193,0.9804820100468731,0.8852550452170164,0.9583333333333334,6.669057369232178,8.118095397949219,275.4484555721283,4303.882118314505,64,1920,7320,0,0
main,SGF_RFW,1,193,0.9753924348603777,0.8936002397018931,1.0,9.924299240112305,9.270736694335938,276.0007643699646,4312.511943280697,64,1920,7320,0,0
main,SGF_RFW,0,194,0.9799999071374103,0.9426170134026072,1.0,11.302033424377441,12.884636878967285,275.8395929336548,4309.993639588356,64,1920,7320,0,0
main,SGF_RFW,1,194,0.978023038766595,0.8977826328381248,1.0,11.901545524597168,12.458380699157715,275.7379062175751,4308.4047846496105,64,1920,7320,0,0
main,SGF_RFW,0,195,0.9879193847873036,0.9315930086633434,0.9583333333333334,4.6936774253845215,5.311947822570801,276.66896748542786,4322.95261695981,64,1920,7320,0,0
main,SGF_RFW,1,195,0.9832272729350068,0.873493492603302,0.8333333333333334,4.7198638916015625,6.014533042907715,275.60689330101013,4306.357707828283,64,1920,7320,0,0
main,SGF_RFW,0,196,0.9852847156020657,0.8958867995635323,0.625,9.362919807434082,11.584104537963867,276.3184983730316,4317.476537078619,64,1920,7320,0,0
main,SGF_RFW,1,196,0.9854834627262501,0.9308240517326022,0.8333333333333334,8.4000825881958,10.673357009887695,275.25636744499207,4300.880741328001,64,1920,7320,0,0
main,SGF_RFW,0,197,0.9824088370415239,0.9177780047706937,0.9166666666666666,8.51747989654541,10.159612655639648,276.98067259788513,4327.823009341955,64,1920,7320,0,0
main,SGF_RFW,1,197,0.9845217339180999,0.9412471081899559,0.8333333333333334,6.419055938720703,7.97306489944458,277.39485931396484,4334.294676780701,64,1920,7320,0,0
main,SGF_RFW,0,198,0.9838350005292743,0.9253635315791421,0.7083333333333334,5.693470001220703,6.8137526512146,276.21821784973145,4315.909653902054,64,1920,7320,0,0
main,SGF_RFW,1,198,0.9862555115493654,0.9328519105911255,0.7916666666666666,5.185138702392578,6.841126918792725,275.49700021743774,4304.640628397465,64,1920,7320,0,0
main,SGF_RFW,0,199,0.9849348558431176,0.8926118832567463,0.9583333333333334,7.911718368530273,8.715999603271484,275.3715901374817,4302.681095898151,64,1920,7320,0,0
main,SGF_RFW,1,199,0.9838682525930805,0.9162264271922732,1.0,9.248418807983398,8.470529556274414,275.36142563819885,4302.522275596857,64,1920,7320,0,0
main,SGF_RFW_ST2L20_NM,0,0,0.979870414188648,0.9155404839826667,0.9583333333333334,9.259129524230957,11.132452011108398,314.8517348766327,4919.558357447386,64,1920,7320,1140,35460
main,SGF_RFW_ST2L20_NM,1,0,0.9811073230963622,0.9439761690471483,1.0,8.396150588989258,11.045328140258789,313.6034996509552,4900.054682046175,64,1920,7320,1140,35460
main,SGF_RFW_ST2L20_NM,0,1,0.9892753355805421,0.9677693506945735,1.0,6.605271816253662,8.763978004455566,315.16792464256287,4924.498822540045,64,1920,7320,1140,35460
main,SGF_RFW_ST2L20_NM,1,1,0.9860472849737073,0.964622448319974,0.375,9.607004165649414,8.20081901550293,313.5254077911377,4898.8344967365265,64,1920,7320,1140,35460
main,SGF_RFW_ST2L20_NM,0,2,0.9749585673111641,0.8574789710666822,1.0,5.565341472625732,5.522605895996094,313.8140332698822,4903.344269841909,64,1920,7320,1140,35460
main,SGF_RFW_ST2L20_NM,1,2,0.982162114167992,0.9307423039622927,1.0,5.242434501647949,4.833789825439453,313.26459789276123,4894.759342074394,64,1920,7320,1140,35460
main,SGF_RFW_ST2L20_NM,0,3,0.9858041902452346,0.9153144540994064,0.0,6.533943176269531,5.244443416595459,313.48861837387085,4898.259662091732,64,1920,7320,1140,35460
main,SGF_RFW_ST2L20_NM,1,3,0.9884082489286947,0.9457510023013406,0.0,3.7739129066467285,5.184927940368652,313.2017583847046,4893.777474761009,64,1920,7320,1140,35460
main,SGF_RFW_ST2L20_NM,0,4,0.9822526328766467,0.9525802640811257,0.7916666666666666,10.796551704406738,9.982190132141113,313.4644384384155,4897.881850600243,64,1920,7320,1140,35460
main,SGF_RFW_ST2L20_NM,1,4,0.9813343368246822,0.948121515305146,0.9583333333333334,13.364296913146973,11.635805130004883,313.62502813339233,4900.391064584255,64,1920,7320,1140,35460
main,SGF_RFW_ST2L20_NM,0,5,0.986923195103358,0.9344489846540535,0.0,2.771024703979492,2.06577205657959,313.6997172832489,4901.558082550764,64,1920,7320,1140,35460
main,SGF_RFW_ST2L20_NM,1,5,0.9781279126898843,0.8406833021537118,0.9583333333333334,4.533659934997559,4.612796306610107,313.6491320133209,4900.767687708139,64,1920,7320,1140,35460
main,SGF_RFW_ST2L20_NM,0,6,0.9733363104415508,0.8004309975582621,1.0,12.620819091796875,15.381159782409668,314.654913187027,4916.4830185472965,64,1920,7320,1140,35460
main,SGF_RFW_ST2L20_NM,1,6,0.9774011202806338,0.8633494545584139,1.0,14.319108009338379,17.378435134887695,316.2749192714691,4941.795613616705,64,1920,7320,1140,35460
main,SGF_RFW_ST2L20_NM,0,7,0.9793350055611638,0.8400306105613708,0.5833333333333334,6.877349853515625,8.68503475189209,313.79908895492554,4903.1107649207115,64,1920,7320,1140,35460
main,SGF_RFW_ST2L20_NM,1,7,0.9851872748418288,0.9063180335189985,1.0,11.817851066589355,11.000039100646973,313.5313892364502,4898.927956819534,64,1920,7320,1140,35460
main,SGF_RFW_ST2L20_NM,0,8,0.9939642798295191,0.9791926145553589,0.0,4.52455472946167,5.337906360626221,313.58971667289734,4899.839323014021,64,1920,7320,1140,35460
main,SGF_RFW_ST2L20_NM,1,8,0.9936641417290669,0.9763824188190958,0.0,3.851311445236206,3.7184674739837646,313.73888897895813,4902.170140296221,64,1920,7320,1140,35460
main,SGF_RFW_ST2L20_NM,0,9,0.9931704469552008,0.9824187587136808,1.0,4.970608234405518,5.7351555824279785,314.0811171531677,4907.517455518246,64,1920,7320,1140,35460
main,SGF_RFW_ST2L20_NM,1,9,0.9918902098120865,0.965356522280237,1.0,6.881519317626953,6.666884422302246,314.1344382762909,4908.350598067045,64,1920,7320,1140,35460
main,SGF_RFW_ST2L20_NM,0,10,0.9884106767652695,0.960766940013222,0.2916666666666667,4.342493057250977,5.156181335449219,313.62848138809204,4900.445021688938,64,1920,7320,1140,35460
main,SGF_RFW_ST2L20_NM,1,10,0.9789640845721314,0.7744517015374225,0.75,5.925626277923584,5.725760459899902,312.9694559574127,4890.147749334574,64,1920,7320,1140,35460
main,SGF_RFW_ST2L20_NM,0,11,0.9783181236152793,0.880271254674248,1.0,9.217907905578613,10.764798164367676,313.8161380290985,4903.377156704664,64,1920,7320,1140,35460
main,SGF_RFW_ST2L20_NM,1,11,0.9729878851363907,0.9284914459871209,1.0,9.304620742797852,10.91433334350586,313.0423481464386,4891.286689788103,64,1920,7320,1140,35460
main,SGF_RFW_ST2L20_NM,0,12,0.9829381300792317,0.912882475749306,1.0,8.828686714172363,7.408107280731201,314.0806214809418,4907.509710639715,64,1920,7320,1140,35460
main,SGF_RFW_ST2L20_NM,1,12,0.9836645188218727,0.8731500869211942,1.0,5.993461608886719,5.468418598175049,313.4182095527649,4897.159524261951,64,1920,7320,1140,35460
main,SGF_RFW_ST2L20_NM,0,13,0.9720482810731665,0.9400323357271111,1.0,15.118078231811523,15.528726577758789,317.17790365219116,4955.904744565487,64,1920,7320,1140,35460
main,SGF_RFW_ST2L20_NM,1,13,0.9745511039482301,0.9599258588707965,1.0,10.12872314453125,14.183724403381348,313.43010544776917,4897.345397621393,64,1920,7320,1140,35460
main,SGF_RFW_ST2L20_NM,0,14,0.9724431468632098,0.8734326803165934,1.0,10.07332992553711,11.908201217651367,314.17380023002625,4908.96562859416,64,1920,7320,1140,35460
main,SGF_RFW_ST2L20_NM,1,14,0.9887095555291984,0.9524790268877278,1.0,8.059707641601562,12.624019622802734,313.4812924861908,4898.145195096731,64,1920,7320,1140,35460
main,SGF_RFW_ST2L20_NM,0,15,0.9877893916491707,0.9337727518185325,1.0,14.620719909667969,17.050453186035156,314.59425616264343,4915.535252541304,64,1920,7320,1140,35460
main,SGF_RFW_ST2L20_NM,1,15,0.9909864251549768,0.9610904183076775,1.0,11.903508186340332,12.032265663146973,313.4989094734192,4898.420460522175,64,1920,7320,1140,35460
main,SGF_RFW_ST2L20_NM,0,16,0.9802313337205,0.908637099939844,1.0,6.4960832595825195,6.485174179077148,313.51841855049133,4898.725289851427,64,1920,7320,1140,35460
main,SGF_RFW_ST2L20_NM,1,16,0.9540122869925952,0.8214335545249606,0.9166666666666666,5.0715012550354,4.1599249839782715,313.2815771102905,4895.0246423482895,64,1920,7320,1140,35460
main,SGF_RFW_ST2L20_NM,0,17,0.9803983305404763,0.876615831385488,1.0,12.644576072692871,14.083806037902832,313.74225974082947,4902.22280845046,64,1920,7320,1140,35460
main,SGF_RFW_ST2L20_NM,1,17,0.9706789173710798,0.8544796705245972,1.0,9.713122367858887,12.639957427978516,313.16660499572754,4893.228203058243,64,1920,7320,1140,35460
main,SGF_RFW_ST2L20_NM,0,18,0.9898478992999915,0.9409253752749899,0.16666666666666666,4.067548751831055,4.15233850479126,314.14492630958557,4908.514473587275,64,1920,7320,1140,35460
main,SGF_RFW_ST2L20_NM,1,18,0.9884200866506446,0.9320598464945088,0.2916666666666667,4.564334392547607,3.3572604656219482,313.6165723800659,4900.25894343853,64,1920,7320,1140,35460
main,SGF_RFW_ST2L20_NM,0,19,0.9728973667764688,0.901878746955291,0.125,5.832580089569092,6.0659332275390625,313.49850845336914,4898.414194583893,64,1920,7320,1140,35460
main,SGF_RFW_ST2L20_NM,1,19,0.9606411901240977,0.8869301884070687,0.75,5.625602722167969,6.537440299987793,313.56192278862,4899.405043572187,64,1920,7320,1140,35460
main,SGF_RFW_ST2L20_NM,0,20,0.9892471132004181,0.9393457692602406,0.0,3.3057987689971924,3.533726692199707,313.69486474990845,4901.4822617173195,64,1920,7320,1140,35460
main,SGF_RFW_ST2L20_NM,1,20,0.9919333210769498,0.9673476918883944,0.0,2.8577020168304443,3.812613010406494,316.3454740047455,4942.898031324148,64,1920,7320,1140,35460
main,SGF_RFW_ST2L20_NM,0,21,0.9869967669199088,0.8971349726552549,0.625,6.309408664703369,8.84969711303711,316.30469703674316,4942.260891199112,64,1920,7320,1140,35460
main,SGF_RFW_ST2L20_NM,1,21,0.9840207990948677,0.8901988138323245,0.8333333333333334,8.409361839294434,7.64049768447876,575.0512011051178,8985.175017267466,64,1920,7320,1140,35460
main,SGF_RFW_ST2L20_NM,0,22,0.9648986183008258,0.7876400118288786,1.0,20.163801193237305,22.075889587402344,313.85720443725586,4904.018819332123,64,1920,7320,1140,35460
main,SGF_RFW_ST2L20_NM,1,22,0.9887770965912103,0.961029721342999,1.0,14.868672370910645,14.509736061096191,564.5043087005615,8820.379823446274,64,1920,7320,1140,35460
main,SGF_RFW_ST2L20_NM,0,23,0.9710081117121439,0.7947791076224783,1.0,8.978307723999023,10.312705993652344,313.93559074401855,4905.24360537529,64,1920,7320,1140,35460
main,SGF_RFW_ST2L20_NM,1,23,0.9775384300196661,0.8535731266374174,1.0,9.395042419433594,9.31737232208252,561.4239609241486,8772.249389439821,64,1920,7320,1140,35460
main,SGF_RFW_ST2L20_NM,0,24,0.9768800679513117,0.9607639001763385,1.0,9.60074234008789,8.598888397216797,314.4677348136902,4913.558356463909,64,1920,7320,1140,35460
main,SGF_RFW_ST2L20_NM,1,24,0.9663094698612893,0.9178854421429014,1.0,8.377236366271973,9.654016494750977,313.5232939720154,4898.80146831274,64,1920,7320,1140,35460
main,SGF_RFW_ST2L20_NM,0,25,0.9746459264603372,0.8130981028079987,0.875,5.8275346755981445,12.33259105682373,314.80524134635925,4918.831896036863,64,1920,7320,1140,35460
main,SGF_RFW_ST2L20_NM,1,25,0.9740813414404275,0.8391280239043027,1.0,5.9178032875061035,7.495675086975098,313.6786117553711,4901.228308677673,64,1920,7320,1140,35460
main,SGF_RFW_ST2L20_NM,0,26,0.984287955396578,0.9371913399385369,1.0,7.450483322143555,6.9765214920043945,313.88672375679016,4904.480058699846,64,1920,7320,1140,35460
main,SGF_RFW_ST2L20_NM,1,26,0.9802233434457573,0.9129603245983953,1.0,5.977049350738525,7.6519083976745605,314.04217982292175,4906.909059733152,64,1920,7320,1140,35460
main,SGF_RFW_ST2L20_NM,0,27,0.9895946303171906,0.9514477589856023,0.0,5.1972432136535645,5.239932537078857,314.10271883010864,4907.8549817204475,64,1920,7320,1140,35460
main,SGF_RFW_ST2L20_NM,1,27,0.9859535152843436,0.9330219082210375,0.0,5.005460739135742,5.324484825134277,312.9450879096985,4889.766998589039,64,1920,7320,1140,35460
main,SGF_RFW_ST2L20_NM,0,28,0.9718735680235328,0.8585849313632302,1.0,10.700173377990723,9.348581314086914,314.2130687236786,4909.579198807478,64,1920,7320,1140,35460
main,SGF_RFW_ST2L20_NM,1,28,0.9696153525626264,0.8808557196803714,1.0,11.115702629089355,10.97758960723877,313.22117829322815,4894.08091083169,64,1920,7320,1140,35460
main,SGF_RFW_ST2L20_NM,0,29,0.9753695530780417,0.847819614669551,1.0,17.53331756591797,17.214834213256836,314.1414067745209,4908.459480851889,64,1920,7320,1140,35460
main,SGF_RFW_ST2L20_NM,1,29,0.9614539482033383,0.7688526187254036,1.0,13.72822380065918,16.89021110534668,313.3681833744049,4896.377865225077,64,1920,7320,1140,35460
main,SGF_RFW_ST2L20_NM,0,30,0.9751905607099386,0.9202738430189049,1.0,9.41316032409668,12.155695915222168,315.4786729812622,4929.354265332222,64,1920,7320,1140,35460
main,SGF_RFW_ST2L20_NM,1,30,0.971088887734416,0.9217513825582421,1.0,13.303988456726074,12.15221118927002,313.45522570610046,4897.73790165782,64,1920,7320,1140,35460
main,SGF_RFW_ST2L20_NM,0,31,0.9917083786335178,0.9545208189798439,0.9583333333333334,7.110534191131592,7.813118934631348,314.99258279800415,4921.759106218815,64,1920,7320,1140,35460
main,SGF_RFW_ST2L20_NM,1,31,0.9908158970182569,0.935379921094231,0.9583333333333334,8.557174682617188,10.847101211547852,313.53639245033264,4899.0061320364475,64,1920,7320,1140,35460
main,SGF_RFW_ST2L20_NM,0,32,0.9828219995222597,0.9213582186595254,1.0,3.503154993057251,4.18964958190918,313.48362922668457,4898.181706666946,64,1920,7320,1140,35460
main,SGF_RFW_ST2L20_NM,1,32,0.9878124494935102,0.9246854302675828,1.0,10.617607116699219,10.14061450958252,313.4624321460724,4897.850502282381,64,1920,7320,1140,35460
main,SGF_RFW_ST2L20_NM,0,33,0.9725384562732304,0.7985153094581937,1.0,3.521169424057007,4.104825019836426,313.6133575439453,4900.2087116241455,64,1920,7320,1140,35460
main,SGF_RFW_ST2L20_NM,1,33,0.975774424904909,0.827964001375696,1.0,5.239952564239502,5.990173816680908,313.2429461479187,4894.42103356123,64,1920,7320,1140,35460
main,SGF_RFW_ST2L20_NM,0,34,0.9623105570857566,0.7119169351847275,0.9583333333333334,8.496906280517578,14.150278091430664,314.63613200187683,4916.1895625293255,64,1920,7320,1140,35460
main,SGF_RFW_ST2L20_NM,1,34,0.969904094719587,0.8474683528361112,1.0,9.668627738952637,14.901289939880371,313.2117168903351,4893.933076411486,64,1920,7320,1140,35460
main,SGF_RFW_ST2L20_NM,0,35,0.983389202975884,0.9256023829397947,0.3333333333333333,10.764564514160156,10.08686351776123,313.77917289733887,4902.79957652092,64,1920,7320,1140,35460
main,SGF_RFW_ST2L20_NM,1,35,0.9848884232384426,0.942814501731292,0.25,6.355933666229248,7.547353744506836,313.8204975128174,4903.445273637772,64,1920,7320,1140,35460
main,SGF_RFW_ST2L20_NM,0,36,0.9798511720235753,0.9195064591324847,0.9583333333333334,10.377485275268555,10.84447956085205,313.4472887516022,4897.613886743784,64,1920,7320,1140,35460
main,SGF_RFW_ST2L20_NM,1,36,0.9679964393340937,0.8701547915520876,1.0,7.518766403198242,6.712220668792725,313.69440507888794,4901.475079357624,64,1920,7320,1140,35460
main,SGF_RFW_ST2L20_NM,0,37,0.9880364248642269,0.9403700789679652,0.041666666666666664,4.1284379959106445,4.195033073425293,313.66601824760437,4901.031535118818,64,1920,7320,1140,35460
main,SGF_RFW_ST2L20_NM,1,37,0.9801008711342352,0.7950372099876404,0.0,2.938771963119507,2.376344919204712,316.3607454299927,4943.136647343636,64,1920,7320,1140,35460
main,SGF_RFW_ST2L20_NM,0,38,0.9795939378484754,0.924416527799938,0.9583333333333334,7.886327743530273,9.053109169006348,313.1752986907959,4893.364042043686,64,1920,7320,1140,35460
main,SGF_RFW_ST2L20_NM,1,38,0.9803010999748132,0.9414817859297213,0.6666666666666666,5.896005153656006,5.670953273773193,313.4642746448517,4897.879291325808,64,1920,7320,1140,35460
main,SGF_RFW_ST2L20_NM,0,39,0.9893077073906422,0.9295207650765128,0.2916666666666667,6.123094081878662,6.195748805999756,316.40072417259216,4943.761315196753,64,1920,7320,1140,35460
main,SGF_RFW_ST2L20_NM,1,39,0.9849842357600198,0.8094558832438096,0.375,5.260491847991943,5.20975923538208,313.7163670063019,4901.818234473467,64,1920,7320,1140,35460
main,SGF_RFW_ST2L20_NM,0,40,0.9878029442796804,0.899776085563328,0.375,4.4212727546691895,4.270071983337402,313.6292288303375,4900.456700474024,64,1920,7320,1140,35460
main,SGF_RFW_ST2L20_NM,1,40,0.9856698678772019,0.8996880857840829,0.25,5.149407863616943,4.261458396911621,314.0472266674042,4906.98791667819,64,1920,7320,1140,35460
main,SGF_RFW_ST2L20_NM,0,41,0.9867624500446427,0.9301775732766027,0.6666666666666666,5.88676118850708,6.4216227531433105,313.2780454158783,4894.969459623098,64,1920,7320,1140,35460
main,SGF_RFW_ST2L20_NM,1,41,0.9832215085118349,0.9311947058076444,0.875,6.145070552825928,6.314044952392578,313.0792148113251,4891.862731426954,64,1920,7320,1140,35460
main,SGF_RFW_ST2L20_NM,0,42,0.9927024747880884,0.9644965218461078,0.041666666666666664,2.755136728286743,2.78472638130188,313.648353099823,4900.755517184734,64,1920,7320,1140,35460
main,SGF_RFW_ST2L20_NM,1,42,0.988884312367071,0.9342354484226393,0.20833333333333334,2.7883377075195312,3.3566136360168457,313.0934510231018,4892.085172235966,64,1920,7320,1140,35460
main,SGF_RFW_ST2L20_NM,0,43,0.9900090666852455,0.9483133450798368,0.16666666666666666,4.548234462738037,3.9403023719787598,313.5636706352234,4899.432353675365,64,1920,7320,1140,35460
main,SGF_RFW_ST2L20_NM,1,43,0.989170237709654,0.9256405545317609,0.08333333333333333,4.057432174682617,3.972282648086548,313.48740553855896,4898.240711539984,64,1920,7320,1140,35460
main,SGF_RFW_ST2L20_NM,0,44,0.9740997316010804,0.8318652445855349,1.0,7.935014724731445,8.752418518066406,313.68674182891846,4901.355341076851,64,1920,7320,1140,35460
main,SGF_RFW_ST2L20_NM,1,44,0.9800851445778775,0.8673110137815061,1.0,8.234025001525879,8.583674430847168,313.4148483276367,4897.107005119324,64,1920,7320,1140,35460
main,SGF_RFW_ST2L20_NM,0,45,0.992021011696592,0.9521343526632889,0.041666666666666664,3.485429286956787,3.8891642093658447,314.025187253952,4906.643550843,64,1920,7320,1140,35460
main,SGF_RFW_ST2L20_NM,1,45,0.9874721210854854,0.9296610446079917,0.041666666666666664,3.653505563735962,4.017427921295166,313.5745544433594,4899.60241317749,64,1920,7320,1140,35460
main,SGF_RFW_ST2L20_NM,0,46,0.9795597280587688,0.8933482014614603,0.9583333333333334,5.49186897277832,6.373307228088379,312.9544746875763,4889.91366699338,64,1920,7320,1140,35460
main,SGF_RFW_ST2L20_NM,1,46,0.9822302274140032,0.9118909252726514,0.9166666666666666,5.126436233520508,4.738272666931152,313.421498298645,4897.210910916328,64,1920,7320,1140,35460
main,SGF_RFW_ST2L20_NM,0,47,0.9925880153810548,0.950075045875881,0.0,1.7524852752685547,1.9589481353759766,312.9571588039398,4889.95560631156,64,1920,7320,1140,35460
main,SGF_RFW_ST2L20_NM,1,47,0.9909200509265256,0.9358129410640054,0.041666666666666664,1.9423502683639526,1.8441452980041504,313.2428991794586,4894.420299679041,64,1920,7320,1140,35460
main,SGF_RFW_ST2L20_NM,0,48,0.9904396974226598,0.9465514797231426,0.5416666666666666,2.863612651824951,3.554178237915039,313.45791482925415,4897.779919207096,64,1920,7320,1140,35460
main,SGF_RFW_ST2L20_NM,1,48,0.990905096748615,0.9379344945368558,0.2916666666666667,4.386672496795654,4.073249340057373,313.2257707118988,4894.152667373419,64,1920,7320,1140,35460
main,SGF_RFW_ST2L20_NM,0,49,0.9825416433330593,0.9646691045035487,1.0,19.54462432861328,19.426513671875,315.2182877063751,4925.285745412111,64,1920,7320,1140,35460
main,SGF_RFW_ST2L20_NM,1,49,0.9754720154742054,0.9359134461568749,1.0,17.720134735107422,18.106359481811523,313.6114614009857,4900.179084390402,64,1920,7320,1140,35460
main,SGF_RFW_ST2L20_NM,0,50,0.9891558488560334,0.9561828335990077,1.0,10.168862342834473,8.309370994567871,313.0472939014435,4891.363967210054,64,1920,7320,1140,35460
main,SGF_RFW_ST2L20_NM,1,50,0.9825616811589849,0.9288262880366781,1.0,8.393449783325195,9.586698532104492,313.6411008834839,4900.642201304436,64,1920,7320,1140,35460
main,SGF_RFW_ST2L20_NM,0,51,0.9754627430946514,0.8677198511102925,0.7916666666666666,5.182806968688965,4.592560768127441,313.09520626068115,4892.112597823143,64,1920,7320,1140,35460
main,SGF_RFW_ST2L20_NM,1,51,0.9787478254338997,0.8371559161206951,0.08333333333333333,4.801971435546875,4.964889049530029,316.2517385482788,4941.433414816856,64,1920,7320,1140,35460
main,SGF_RFW_ST2L20_NM,0,52,0.9744738685664801,0.8358878156413203,0.875,7.777719974517822,12.362565040588379,313.3718898296356,4896.435778588057,64,1920,7320,1140,35460
main,SGF_RFW_ST2L20_NM,1,52,0.9429462051864034,0.5203942422471617,0.9583333333333334,13.090766906738281,15.466705322265625,400.2336151599884,6253.650236874819,64,1920,7320,1140,35460
main,SGF_RFW_ST2L20_NM,0,53,0.9840391745163691,0.917797187100286,1.0,12.146332740783691,13.171056747436523,313.47942757606506,4898.116055876017,64,1920,7320,1140,35460
main,SGF_RFW_ST2L20_NM,1,53,0.9851331988972429,0.9479940157869587,1.0,14.014448165893555,14.266646385192871,402.5187795162201,6289.355929940939,64,1920,7320,1140,35460
main,SGF_RFW_ST2L20_NM,0,54,0.9895311854428505,0.9491139248661374,0.08333333333333333,4.3631272315979,4.453094482421875,313.62650418281555,4900.414127856493,64,1920,7320,1140,35460
main,SGF_RFW_ST2L20_NM,1,54,0.989579402085735,0.9719225155270618,0.5833333333333334,5.329221725463867,4.711358547210693,404.24239110946655,6316.287361085415,64,1920,7320,1140,35460
main,SGF_RFW_ST2L20_NM,0,55,0.9826748011290848,0.9031750378401383,0.25,7.254269123077393,11.824100494384766,313.1882691383362,4893.566705286503,64,1920,7320,1140,35460
main,SGF_RFW_ST2L20_NM,1,55,0.9763456062192692,0.7884636722181154,0.9166666666666666,8.59472942352295,12.49871826171875,313.6358468532562,4900.5601070821285,64,1920,7320,1140,35460
main,SGF_RFW_ST2L20_NM,0,56,0.970382672312267,0.7882619597341703,1.0,14.8842134475708,15.177534103393555,313.65717697143555,4900.89339017868,64,1920,7320,1140,35460
main,SGF_RFW_ST2L20_NM,1,56,0.9753469024570358,0.7982077015482861,1.0,15.307472229003906,17.448772430419922,313.73109197616577,4902.04831212759,64,1920,7320,1140,35460
main,SGF_RFW_ST2L20_NM,0,57,0.9678306694913948,0.8935074106506681,1.0,9.949135780334473,9.142683029174805,313.72453355789185,4901.94583684206,64,1920,7320,1140,35460
main,SGF_RFW_ST2L20_NM,1,57,0.9708644049154552,0.8877234083154927,1.0,9.474282264709473,9.697612762451172,314.01696491241455,4906.515076756477,64,1920,7320,1140,35460
main,SGF_RFW_ST2L20_NM,0,58,0.9768098663618622,0.8771165946255559,1.0,3.576425552368164,3.612375259399414,316.34332823753357,4942.864503711462,64,1920,7320,1140,35460
main,SGF_RFW_ST2L20_NM,1,58,0.9819082121489696,0.9089203269585319,0.9583333333333334,3.611464262008667,3.72812819480896,312.950510263443,4889.851722866297,64,1920,7320,1140,35460
main,SGF_RFW_ST2L20_NM,0,59,0.994716340911388,0.9849341058212778,0.4583333333333333,4.535101413726807,4.265480995178223,313.3313989639282,4895.8031088113785,64,1920,7320,1140,35460
main,SGF_RFW_ST2L20_NM,1,59,0.9949708748804394,0.977858551170515,1.0,5.768821716308594,6.184264183044434,313.0624153614044,4891.600240021944,64,1920,7320,1140,35460
main,SGF_RFW_ST2L20_NM,0,60,0.9877048112897743,0.9535292516583982,1.0,7.115357398986816,6.900010108947754,313.6497702598572,4900.777660310268,64,1920,7320,1140,35460
main,SGF_RFW_ST2L20_NM,1,60,0.9900683636396073,0.9582908296066782,1.0,6.383670806884766,5.971850872039795,313.4661920070648,4897.909250110388,64,1920,7320,1140,35460
main,SGF_RFW_ST2L20_NM,0,61,0.9863522599140165,0.920743298271428,0.5,5.324440956115723,4.335656642913818,313.8868989944458,4904.482796788216,64,1920,7320,1140,35460
main,SGF_RFW_ST2L20_NM,1,61,0.9868485913719253,0.8824319450751595,0.9166666666666666,6.509178638458252,5.614467620849609,313.34196186065674,4895.9681540727615,64,1920,7320,1140,35460
main,SGF_RFW_ST2L20_NM,0,62,0.9880567578100633,0.9639761486779088,0.9583333333333334,6.438273906707764,5.69128942489624,314.0178747177124,4906.529292464256,64,1920,7320,1140,35460
main,SGF_RFW_ST2L20_NM,1,62,0.9862804844536228,0.9489447396734486,0.5416666666666666,6.5430169105529785,5.142631530761719,313.5477864742279,4899.184163659811,64,1920,7320,1140,35460
main,SGF_RFW_ST2L20_NM,0,63,0.995368889363454,0.9798102080821991,0.08333333333333333,3.5918827056884766,3.0052239894866943,313.0245416164398,4891.008462756872,64,1920,7320,1140,35460
main,SGF_RFW_ST2L20_NM,1,63,0.9950214982944798,0.9739672178807467,0.041666666666666664,3.027571678161621,2.679293155670166,313.52562403678894,4898.837875574827,64,1920,7320,1140,35460
main,SGF_RFW_ST2L20_NM,0,64,0.9818574786416624,0.9082557364650393,0.6666666666666666,3.9242630004882812,4.699418067932129,312.9232487678528,4889.4257619977,64,1920,7320,1140,35460
main,SGF_RFW_ST2L20_NM,1,64,0.9858234777898408,0.9191206978714984,0.75,6.282779216766357,5.1972551345825195,313.3212673664093,4895.644802600145,64,1920,7320,1140,35460
main,SGF_RFW_ST2L20_NM,0,65,0.982038488666466,0.8545750975608826,0.9583333333333334,6.237570762634277,6.176976680755615,313.36816120147705,4896.377518773079,64,1920,7320,1140,35460
main,SGF_RFW_ST2L20_NM,1,65,0.9837802305980032,0.9026706438997517,0.9583333333333334,4.866788387298584,6.053548812866211,313.1911220550537,4893.611282110214,64,1920,7320,1140,35460
main,SGF_RFW_ST2L20_NM,0,66,0.9909836087122286,0.9460003505582395,0.0,2.915489435195923,3.4485411643981934,313.08345317840576,4891.92895591259,64,1920,7320,1140,35460
main,SGF_RFW_ST2L20_NM,1,66,0.9869667888681284,0.8804135724254275,0.041666666666666664,3.121898651123047,3.594902992248535,313.7127730846405,4901.762079447508,64,1920,7320,1140,35460
main,SGF_RFW_ST2L20_NM,0,67,0.991912599605909,0.9749165954797164,0.9166666666666666,7.98625373840332,7.313152313232422,312.840806722641,4888.1376050412655,64,1920,7320,1140,35460
main,SGF_RFW_ST2L20_NM,1,67,0.9892570657359695,0.9582679919574572,1.0,8.049327850341797,7.815927982330322,313.5747332572937,4899.605207145214,64,1920,7320,1140,35460
main,SGF_RFW_ST2L20_NM,0,68,0.9652939238157275,0.8024228889009227,0.25,5.36125373840332,6.294835090637207,313.41951727867126,4897.1799574792385,64,1920,7320,1140,35460
main,SGF_RFW_ST2L20_NM,1,68,0.9804227652445016,0.8392925573431927,0.9166666666666666,7.191218376159668,11.219022750854492,316.2634265422821,4941.616039723158,64,1920,7320,1140,35460
main,SGF_RFW_ST2L20_NM,0,69,0.9741059334045161,0.90765812733899,1.0,13.132267951965332,11.38442611694336,315.17732763290405,4924.645744264126,64,1920,7320,1140,35460
main,SGF_RFW_ST2L20_NM,1,69,0.9834027464645626,0.9433420144993326,0.9583333333333334,10.571575164794922,8.387940406799316,397.91441917419434,6217.4127995967865,64,1920,7320,1140,35460
main,SGF_RFW_ST2L20_NM,0,70,0.9581316834751981,0.7224783657685571,0.9166666666666666,14.10813045501709,19.733970642089844,313.5376207828522,4899.025324732065,64,1920,7320,1140,35460
main,SGF_RFW_ST2L20_NM,1,70,0.9673874840704011,0.8346975627152816,0.9166666666666666,15.322633743286133,15.231258392333984,399.25510334968567,6238.360989838839,64,1920,7320,1140,35460
main,SGF_RFW_ST2L20_NM,0,71,0.9813524838493303,0.879133780365405,0.7916666666666666,16.279014587402344,18.574499130249023,313.4651257991791,4897.892590612173,64,1920,7320,1140,35460
main,SGF_RFW_ST2L20_NM,1,71,0.9556276261727463,0.6951334554216136,1.0,18.21917152404785,20.179101943969727,313.5545268058777,4899.289481341839,64,1920,7320,1140,35460
main,SGF_RFW_ST2L20_NM,0,72,0.9810275924561186,0.9156668730404066,1.0,9.494782447814941,9.273029327392578,313.2233190536499,4894.11436021328,64,1920,7320,1140,35460
main,SGF_RFW_ST2L20_NM,1,72,0.9727775948732565,0.923081162183181,1.0,9.52717113494873,11.032983779907227,313.7824959754944,4902.8514996171,64,1920,7320,1140,35460
main,SGF_RFW_ST2L20_NM,0,73,0.9877014290585383,0.9196604904921158,0.5833333333333334,4.2312421798706055,3.532341957092285,313.2467186450958,4894.479978829622,64,1920,7320,1140,35460
main,SGF_RFW_ST2L20_NM,1,73,0.9813583189423442,0.8253716683906057,0.9166666666666666,4.414657115936279,4.756896495819092,400.5355644226074,6258.368194103241,64,1920,7320,1140,35460
main,SGF_RFW_ST2L20_NM,0,74,0.9758980515957413,0.8415403767772341,1.0,4.820033550262451,4.698950290679932,316.42786407470703,4944.185376167297,64,1920,7320,1140,35460
main,SGF_RFW_ST2L20_NM,1,74,0.9780340524689195,0.938437248053758,0.7916666666666666,6.3712544441223145,5.070850849151611,314.019052028656,4906.54768794775,64,1920,7320,1140,35460
main,SGF_RFW_ST2L20_NM,0,75,0.9859165931359465,0.948549993660139,1.0,7.683174133300781,10.037439346313477,313.6465346813202,4900.727104395628,64,1920,7320,1140,35460
main,SGF_RFW_ST2L20_NM,1,75,0.9855029517532509,0.9633053774419039,1.0,11.547757148742676,12.092453002929688,312.97498059272766,4890.23407176137,64,1920,7320,1140,35460
main,SGF_RFW_ST2L20_NM,0,76,0.9648775729285921,0.7992364025634268,0.9166666666666666,11.492337226867676,8.330220222473145,313.83024549484253,4903.5975858569145,64,1920,7320,1140,35460
main,SGF_RFW_ST2L20_NM,1,76,0.973463988322058,0.8722522258758545,1.0,10.217278480529785,10.240598678588867,313.16326117515564,4893.175955861807,64,1920,7320,1140,35460
main,SGF_RFW_ST2L20_NM,0,77,0.9845318939331079,0.9130609152109727,0.25,3.3120944499969482,3.9994282722473145,313.48289918899536,4898.1702998280525,64,1920,7320,1140,35460
main,SGF_RFW_ST2L20_NM,1,77,0.9786636952195215,0.8444214696469515,0.4166666666666667,4.233532428741455,5.241170406341553,313.4110975265503,4897.048398852348,64,1920,7320,1140,35460
main,SGF_RFW_ST2L20_NM,0,78,0.9856419924096192,0.9410830619542495,1.0,11.195660591125488,14.190726280212402,313.82697677612305,4903.546512126923,64,1920,7320,1140,35460
main,SGF_RFW_ST2L20_NM,1,78,0.9843616631726686,0.9452058297136555,1.0,9.646459579467773,12.809625625610352,313.35925555229187,4896.2383680045605,64,1920,7320,1140,35460
main,SGF_RFW_ST2L20_NM,0,79,0.9849461940142517,0.8964529620564502,0.16666666666666666,6.448156833648682,5.350142955780029,314.0376663208008,4906.838536262512,64,1920,7320,1140,35460
main,SGF_RFW_ST2L20_NM,1,79,0.9823851507617015,0.9044436073821523,0.6666666666666666,8.104131698608398,6.478275775909424,313.44534516334534,4897.583518177271,64,1920,7320,1140,35460
main,SGF_RFW_ST2L20_NM,0,80,0.9884788567387316,0.9671251864536948,0.0,3.1342058181762695,3.273566484451294,313.04540371894836,4891.334433108568,64,1920,7320,1140,35460
main,SGF_RFW_ST2L20_NM,1,80,0.9893874390240542,0.975022177333417,0.875,4.728337287902832,4.614450931549072,313.4088258743286,4897.012904286385,64,1920,7320,1140,35460
main,SGF_RFW_ST2L20_NM,0,81,0.9785483605666476,0.9571299514044886,1.0,12.088337898254395,14.004803657531738,312.95837020874023,4889.974534511566,64,1920,7320,1140,35460
main,SGF_RFW_ST2L20_NM,1,81,0.9830360212520919,0.8991531911103622,0.7916666666666666,9.149490356445312,14.590795516967773,313.26720690727234,4894.80010792613,64,1920,7320,1140,35460
main,SGF_RFW_ST2L20_NM,0,82,0.9412888056132446,0.8203858474026555,1.0,11.357170104980469,10.487082481384277,313.1489818096161,4892.952840775251,64,1920,7320,1140,35460
main,SGF_RFW_ST2L20_NM,1,82,0.9568157425655559,0.8467234010281771,1.0,6.6707329750061035,6.853470802307129,313.18636322021484,4893.536925315857,64,1920,7320,1140,35460
main,SGF_RFW_ST2L20_NM,0,83,0.9913130386435262,0.9470459365326426,0.2916666666666667,4.117710113525391,3.7806777954101562,313.35724663734436,4896.206978708506,64,1920,7320,1140,35460
main,SGF_RFW_ST2L20_NM,1,83,0.9834046695467974,0.8888047467107358,0.4583333333333333,4.032961845397949,4.633111000061035,313.592312335968,4899.8798802495,64,1920,7320,1140,35460
main,SGF_RFW_ST2L20_NM,0,84,0.9804237997588089,0.9256666885769885,0.625,8.349822998046875,8.823893547058105,312.85660004615784,4888.384375721216,64,1920,7320,1140,35460
main,SGF_RFW_ST2L20_NM,1,84,0.9822157756121124,0.8763447831506315,0.3333333333333333,6.361783981323242,6.016824722290039,313.66152691841125,4900.961358100176,64,1920,7320,1140,35460
main,SGF_RFW_ST2L20_NM,0,85,0.9617696192085313,0.9472606868847556,1.0,8.06566333770752,9.814122200012207,313.361953496933,4896.280523389578,64,1920,7320,1140,35460
main,SGF_RFW_ST2L20_NM,1,85,0.9749275863426554,0.9591542093650155,1.0,7.0722975730896,7.860405921936035,316.2960424423218,4942.125663161278,64,1920,7320,1140,35460
main,SGF_RFW_ST2L20_NM,0,86,0.9905218457806185,0.9527226168176403,1.0,8.387558937072754,9.047417640686035,315.1937747001648,4924.902729690075,64,1920,7320,1140,35460
main,SGF_RFW_ST2L20_NM,1,86,0.9890418992643099,0.9411781028560972,1.0,9.660210609436035,7.925544738769531,313.4050793647766,4896.954365074635,64,1920,7320,1140,35460
main,SGF_RFW_ST2L20_NM,0,87,0.9913376791919566,0.9600099960099095,0.3333333333333333,3.671602725982666,3.6152102947235107,313.4975142478943,4898.398660123348,64,1920,7320,1140,35460
main,SGF_RFW_ST2L20_NM,1,87,0.9920881194245282,0.9697279554346333,0.20833333333333334,5.361697673797607,5.103429317474365,313.7391140460968,4902.1736569702625,64,1920,7320,1140,35460
main,SGF_RFW_ST2L20_NM,0,88,0.9927048175394239,0.9617399521495985,0.5416666666666666,4.869022369384766,4.774715423583984,313.5542149543762,4899.284608662128,64,1920,7320,1140,35460
main,SGF_RFW_ST2L20_NM,1,88,0.9908884090757378,0.9545378542464712,0.6666666666666666,5.367506504058838,4.919761657714844,314.0536186695099,4907.087791711092,64,1920,7320,1140,35460
main,SGF_RFW_ST2L20_NM,0,89,0.9878375079879266,0.9523943014766859,0.7916666666666666,8.830121040344238,9.623064041137695,313.1854808330536,4893.523138016462,64,1920,7320,1140,35460
main,SGF_RFW_ST2L20_NM,1,89,0.9909417179564076,0.9515888768693676,0.20833333333333334,8.847430229187012,7.3596577644348145,361.06666135787964,5641.666583716869,64,1920,7320,1140,35460
main,SGF_RFW_ST2L20_NM,0,90,0.974897460315011,0.8607089506543201,1.0,13.403107643127441,11.41611385345459,313.2504184246063,4894.537787884474,64,1920,7320,1140,35460
main,SGF_RFW_ST2L20_NM,1,90,0.9829759314137574,0.9553407508393993,0.5,11.71020221710205,11.927483558654785,313.00741147994995,4890.740804374218,64,1920,7320,1140,35460
main,SGF_RFW_ST2L20_NM,0,91,0.9893820120978246,0.9710315012413523,0.6666666666666666,9.80681324005127,6.550132751464844,316.38744044303894,4943.553756922483,64,1920,7320,1140,35460
main,SGF_RFW_ST2L20_NM,1,91,0.9811716287662197,0.9390572037385857,0.25,12.110577583312988,8.33485221862793,354.82321429252625,5544.112723320723,64,1920,7320,1140,35460
main,SGF_RFW_ST2L20_NM,0,92,0.991582259325153,0.9700661664423734,0.625,4.43919563293457,4.741367816925049,313.7287223339081,4902.011286467314,64,1920,7320,1140,35460
main,SGF_RFW_ST2L20_NM,1,92,0.9913204699591612,0.9701712688674098,0.9583333333333334,7.606537818908691,6.594003200531006,313.0933392047882,4892.083425074816,64,1920,7320,1140,35460
main,SGF_RFW_ST2L20_NM,0,93,0.962131509297309,0.8049097203690073,1.0,14.483912467956543,17.046428680419922,313.6255884170532,4900.399819016457,64,1920,7320,1140,35460
main,SGF_RFW_ST2L20_NM,1,93,0.9642110471340269,0.7795129949631899,1.0,15.398064613342285,16.144153594970703,313.5097041130066,4898.589126765728,64,1920,7320,1140,35460
main,SGF_RFW_ST2L20_NM,0,94,0.9777799343087766,0.8314304636872333,0.5,7.701473236083984,8.019411087036133,313.50868558883667,4898.573212325573,64,1920,7320,1140,35460
main,SGF_RFW_ST2L20_NM,1,94,0.9827200690298317,0.8915650261485059,0.0,7.306103229522705,6.886761665344238,313.4357268810272,4897.43323251605,64,1920,7320,1140,35460
main,SGF_RFW_ST2L20_NM,0,95,0.9763153324818576,0.8936818889949633,1.0,10.271454811096191,10.843278884887695,313.7015459537506,4901.586655527353,64,1920,7320,1140,35460
main,SGF_RFW_ST2L20_NM,1,95,0.9729930392891321,0.8971586369949839,1.0,10.940324783325195,8.804452896118164,313.4736216068268,4898.0253376066685,64,1920,7320,1140,35460
main,SGF_RFW_ST2L20_NM,0,96,0.9698347678400671,0.8624747343685316,1.0,6.305135250091553,6.390727996826172,314.0407373905182,4906.886521726847,64,1920,7320,1140,35460
main,SGF_RFW_ST2L20_NM,1,96,0.9671491291662582,0.8474046562028968,1.0,5.466371536254883,6.375692367553711,364.9172508716583,5701.832044869661,64,1920,7320,1140,35460
main,SGF_RFW_ST2L20_NM,0,97,0.9444026306628128,0.7391836869975795,1.0,9.918073654174805,9.082466125488281,312.9460768699646,4889.782451093197,64,1920,7320,1140,35460
main,SGF_RFW_ST2L20_NM,1,97,0.9223597220691099,0.6819987737614176,1.0,9.692866325378418,10.250273704528809,313.4788291454315,4898.1067053973675,64,1920,7320,1140,35460
main,SGF_RFW_ST2L20_NM,0,98,0.9862156139617998,0.8970258728317594,0.6666666666666666,10.236234664916992,12.042586326599121,312.95615315437317,4889.939893037081,64,1920,7320,1140,35460
main,SGF_RFW_ST2L20_NM,1,98,0.9784569239915181,0.8083546952061033,0.875,9.087258338928223,12.472495079040527,313.23576283454895,4894.308794289827,64,1920,7320,1140,35460
main,SGF_RFW_ST2L20_NM,0,99,0.9900947474883388,0.9586546317390775,0.0,6.871547698974609,8.114445686340332,313.4051830768585,4896.955985575914,64,1920,7320,1140,35460
main,SGF_RFW_ST2L20_NM,1,99,0.9869083010437202,0.9457446712514629,0.375,9.785784721374512,14.998163223266602,313.24095153808594,4894.389867782593,64,1920,7320,1140,35460
main,SGF_RFW_ST2L20_NM,0,100,0.9930036221084282,0.9417652669160262,0.16666666666666666,1.994052767753601,1.6968814134597778,313.11023712158203,4892.347455024719,64,1920,7320,1140,35460
main,SGF_RFW_ST2L20_NM,1,100,0.9928963419689792,0.9605926806512087,0.4583333333333333,3.0781655311584473,2.99525785446167,313.6857180595398,4901.339344680309,64,1920,7320,1140,35460
main,SGF_RFW_ST2L20_NM,0,101,0.993678847803246,0.9691280761490697,0.0,3.65922474861145,3.2081735134124756,311.0986304283142,4860.9161004424095,64,1920,7320,1140,35460
main,SGF_RFW_ST2L20_NM,1,101,0.9913773997941159,0.954424006783444,0.041666666666666664,4.220272541046143,4.419808864593506,313.6491096019745,4900.767337530851,64,1920,7320,1140,35460
main,SGF_RFW_ST2L20_NM,0,102,0.9883883645094258,0.9617650599583335,0.16666666666666666,4.902594566345215,6.3641791343688965,313.3721613883972,4896.4400216937065,64,1920,7320,1140,35460
main,SGF_RFW_ST2L20_NM,1,102,0.99024122867366,0.9675057310125103,0.041666666666666664,5.719797134399414,7.391312599182129,316.4151244163513,4943.986319005489,64,1920,7320,1140,35460
main,SGF_RFW_ST2L20_NM,0,103,0.9892848637936508,0.9516392907370692,0.16666666666666666,4.365368366241455,5.8274993896484375,315.21998953819275,4925.312336534262,64,1920,7320,1140,35460
main,SGF_RFW_ST2L20_NM,1,103,0.9902718337145412,0.9691986635975217,0.0,5.919027328491211,5.101276397705078,313.4229476451874,4897.233556956053,64,1920,7320,1140,35460
main,SGF_RFW_ST2L20_NM,0,104,0.9779611614013232,0.8725759024205416,0.9583333333333334,5.712639808654785,5.517504692077637,313.6230323314667,4900.359880179167,64,1920,7320,1140,35460
main,SGF_RFW_ST2L20_NM,1,104,0.9855221277973442,0.9489882730919382,0.9583333333333334,5.7333455085754395,5.160857677459717,313.7018942832947,4901.592098176479,64,1920,7320,1140,35460
main,SGF_RFW_ST2L20_NM,0,105,0.9928568295211746,0.9551494717597961,0.08333333333333333,6.583742618560791,6.491879463195801,313.4637575149536,4897.87121117115,64,1920,7320,1140,35460
main,SGF_RFW_ST2L20_NM,1,105,0.9898455772887486,0.9264357025208682,0.75,5.828314781188965,7.95128059387207,314.04348611831665,4906.929470598698,64,1920,7320,1140,35460
main,SGF_RFW_ST2L20_NM,0,106,0.9843545384207445,0.9060057297996854,0.8333333333333334,9.843745231628418,9.701841354370117,313.1776533126831,4893.4008330106735,64,1920,7320,1140,35460
main,SGF_RFW_ST2L20_NM,1,106,0.9875993752534233,0.949753189864366,0.5416666666666666,8.661947250366211,8.999198913574219,312.95662331581116,4889.947239309549,64,1920,7320,1140,35460
main,SGF_RFW_ST2L20_NM,0,107,0.9840618135412686,0.8364732395047727,0.125,4.1412434577941895,6.771514415740967,313.30800104141235,4895.437516272068,64,1920,7320,1140,35460
main,SGF_RFW_ST2L20_NM,1,107,0.9877688955027678,0.9380594673364059,0.125,4.38789176940918,7.575830936431885,313.0851695537567,4891.955774277449,64,1920,7320,1140,35460
main,SGF_RFW_ST2L20_NM,0,108,0.978484820091282,0.8458556066388669,0.375,13.891552925109863,9.078557968139648,313.769339799881,4902.64593437314,64,1920,7320,1140,35460
main,SGF_RFW_ST2L20_NM,1,108,0.9797998350351896,0.8731908189213794,0.08333333333333333,11.824355125427246,8.58003044128418,313.4420247077942,4897.531636059284,64,1920,7320,1140,35460
main,SGF_RFW_ST2L20_NM,0,109,0.984218949590332,0.9243464392164479,0.9166666666666666,7.204850196838379,8.37339973449707,316.3795356750488,4943.430244922638,64,1920,7320,1140,35460
main,SGF_RFW_ST2L20_NM,1,109,0.9865177093132756,0.9739663315855939,0.0,6.0530877113342285,4.400766849517822,313.38770747184753,4896.682929247618,64,1920,7320,1140,35460
main,SGF_RFW_ST2L20_NM,0,110,0.9892548815202052,0.9586454435535098,0.9166666666666666,9.147237777709961,10.001429557800293,313.61776518821716,4900.277581065893,64,1920,7320,1140,35460
main,SGF_RFW_ST2L20_NM,1,110,0.9889198685208825,0.9548739920491758,0.4583333333333333,5.337558269500732,9.855692863464355,313.5565185546875,4899.320602416992,64,1920,7320,1140,35460
main,SGF_RFW_ST2L20_NM,0,111,0.9753027360500001,0.8468273865140002,0.8333333333333334,4.900121688842773,4.997629642486572,325.32418060302734,5083.190321922302,64,1920,7320,1140,35460
main,SGF_RFW_ST2L20_NM,1,111,0.9769367348221141,0.8900631316330122,0.9166666666666666,3.433997869491577,3.957841157913208,311.2269997596741,4862.921871244907,64,1920,7320,1140,35460
main,SGF_RFW_ST2L20_NM,0,112,0.9837221185700221,0.9382841276085895,0.875,7.042722702026367,6.4526286125183105,325.5667288303375,5086.980137974024,64,1920,7320,1140,35460
main,SGF_RFW_ST2L20_NM,1,112,0.9844731585917467,0.8912655452023381,1.0,8.441332817077637,10.066076278686523,313.46312189102173,4897.8612795472145,64,1920,7320,1140,35460
main,SGF_RFW_ST2L20_NM,0,113,0.9873652258632046,0.9500894935234733,1.0,12.376880645751953,13.610600471496582,314.06410002708435,4907.251562923193,64,1920,7320,1140,35460
main,SGF_RFW_ST2L20_NM,1,113,0.9796498393194719,0.9144282574238985,1.0,15.950067520141602,18.78453826904297,313.2314212322235,4894.240956753492,64,1920,7320,1140,35460
main,SGF_RFW_ST2L20_NM,0,114,0.9815162828793301,0.9362789172193279,0.5416666666666666,3.5846588611602783,3.5993430614471436,313.0875144004822,4891.992412507534,64,1920,7320,1140,35460
main,SGF_RFW_ST2L20_NM,1,114,0.9805339115049483,0.9436378051405367,0.7916666666666666,4.293332576751709,3.8549532890319824,312.92466378211975,4889.447871595621,64,1920,7320,1140,35460
main,SGF_RFW_ST2L20_NM,0,115,0.9829248720358739,0.9648932399957076,1.0,11.70499038696289,9.903290748596191,464.219838142395,7253.434970974922,64,1920,7320,1140,35460
main,SGF_RFW_ST2L20_NM,1,115,0.9728668275007667,0.9126850237017092,1.0,11.774292945861816,10.660517692565918,313.22933197021484,4894.208312034607,64,1920,7320,1140,35460
main,SGF_RFW_ST2L20_NM,0,116,0.9858574409952645,0.958895347688509,0.041666666666666664,4.2165069580078125,4.551304817199707,460.5776116847992,7196.525182574987,64,1920,7320,1140,35460
main,SGF_RFW_ST2L20_NM,1,116,0.98423781375367,0.9664447022520978,0.4583333333333333,3.5935773849487305,3.411620855331421,313.66425681114197,4901.004012674093,64,1920,7320,1140,35460
main,SGF_RFW_ST2L20_NM,0,117,0.9754095968569813,0.8145811350449271,0.9583333333333334,8.192242622375488,12.233077049255371,313.1065158843994,4892.289310693741,64,1920,7320,1140,35460
main,SGF_RFW_ST2L20_NM,1,117,0.978326959694431,0.9049469206644142,0.4583333333333333,8.031264305114746,10.606880187988281,313.6543354988098,4900.848992168903,64,1920,7320,1140,35460
main,SGF_RFW_ST2L20_NM,0,118,0.976950585387567,0.8887015788451486,1.0,11.507806777954102,9.451953887939453,313.56149888038635,4899.398420006037,64,1920,7320,1140,35460
main,SGF_RFW_ST2L20_NM,1,118,0.961930077513455,0.855864554643631,1.0,14.305710792541504,13.416647911071777,315.08564019203186,4923.213128000498,64,1920,7320,1140,35460
main,SGF_RFW_ST2L20_NM,0,119,0.9850716629962156,0.9550042307895162,0.0,4.866734027862549,4.713490962982178,313.4048750400543,4896.951172500849,64,1920,7320,1140,35460
main,SGF_RFW_ST2L20_NM,1,119,0.9867583733453898,0.9527252938436425,0.0,5.363070011138916,4.4671502113342285,316.33573389053345,4942.745842039585,64,1920,7320,1140,35460
main,SGF_RFW_ST2L20_NM,0,120,0.9933898060040899,0.9819991484932279,0.0,2.8172218799591064,2.808382034301758,472.84858894348145,7388.259202241898,64,1920,7320,1140,35460
main,SGF_RFW_ST2L20_NM,1,120,0.9901848490485147,0.9803835788498754,0.0,3.0950350761413574,2.7100038528442383,313.4508409500122,4897.669389843941,64,1920,7320,1140,35460
main,SGF_RFW_ST2L20_NM,0,121,0.9817300124657304,0.8470389182152956,0.9166666666666666,9.36091423034668,9.873619079589844,313.6011230945587,4900.01754835248,64,1920,7320,1140,35460
main,SGF_RFW_ST2L20_NM,1,121,0.982542458048543,0.8764848113059998,1.0,8.67789077758789,8.876355171203613,313.6795380115509,4901.242781430483,64,1920,7320,1140,35460
main,SGF_RFW_ST2L20_NM,0,122,0.9938093469912098,0.9816239346628604,0.08333333333333333,6.311461448669434,4.700802803039551,313.41085147857666,4897.04455435276,64,1920,7320,1140,35460
main,SGF_RFW_ST2L20_NM,1,122,0.9904154474179251,0.9778371958628945,0.0,4.650125980377197,5.389282703399658,314.02175092697144,4906.589858233929,64,1920,7320,1140,35460
main,SGF_RFW_ST2L20_NM,0,123,0.965376371393809,0.9180442017057667,0.9583333333333334,12.460651397705078,20.046009063720703,313.2099084854126,4893.904820084572,64,1920,7320,1140,35460
main,SGF_RFW_ST2L20_NM,1,123,0.987381871896821,0.9325202444325322,0.08333333333333333,6.703880786895752,5.94301700592041,313.0104866027832,4890.788853168488,64,1920,7320,1140,35460
main,SGF_RFW_ST2L20_NM,0,124,0.9866660839849043,0.8781968782777372,0.0,4.867659568786621,4.817824840545654,313.25921392440796,4894.675217568874,64,1920,7320,1140,35460
main,SGF_RFW_ST2L20_NM,1,124,0.9859413901201178,0.8975895034230273,0.08333333333333333,6.420403480529785,5.210881233215332,313.0519268512726,4891.436357051134,64,1920,7320,1140,35460
main,SGF_RFW_ST2L20_NM,0,125,0.9850301775852935,0.9608461727266726,0.08333333333333333,9.784564971923828,9.830501556396484,313.67391324043274,4901.154894381762,64,1920,7320,1140,35460
main,SGF_RFW_ST2L20_NM,1,125,0.9834276076657913,0.9748166890248008,1.0,11.468613624572754,11.08284854888916,313.35983204841614,4896.247375756502,64,1920,7320,1140,35460
main,SGF_RFW_ST2L20_NM,0,126,0.9744455390600985,0.8305701496808425,0.20833333333333334,8.442667961120605,9.178075790405273,313.5723571777344,4899.5680809021,64,1920,7320,1140,35460
main,SGF_RFW_ST2L20_NM,1,126,0.96985218761235,0.8481322190035945,0.5416666666666666,6.9719462394714355,6.7175421714782715,313.3354992866516,4895.867176353931,64,1920,7320,1140,35460
main,SGF_RFW_ST2L20_NM,0,127,0.9701823193857507,0.8176664671172267,1.0,12.002302169799805,11.47130298614502,316.277188539505,4941.831070929766,64,1920,7320,1140,35460
main,SGF_RFW_ST2L20_NM,1,127,0.9669483079694947,0.8058952676213306,1.0,10.498005867004395,8.606708526611328,313.5794286727905,4899.678573012352,64,1920,7320,1140,35460
main,SGF_RFW_ST2L20_NM,0,128,0.9484495400344221,0.5591231322158938,1.0,8.139337539672852,9.655734062194824,326.07956194877625,5094.993155449629,64,1920,7320,1140,35460
main,SGF_RFW_ST2L20_NM,1,128,0.9491961953551288,0.6319373198177504,1.0,7.341909408569336,6.772757530212402,311.08279371261597,4860.6686517596245,64,1920,7320,1140,35460
main,SGF_RFW_ST2L20_NM,0,129,0.9807596353112483,0.9453490817028544,0.75,11.569912910461426,11.3500337600708,326.5825445652008,5102.852258831263,64,1920,7320,1140,35460
main,SGF_RFW_ST2L20_NM,1,129,0.9793933814262461,0.9395249278649039,1.0,10.220983505249023,12.569828987121582,313.5420482158661,4899.094503372908,64,1920,7320,1140,35460
main,SGF_RFW_ST2L20_NM,0,130,0.9856181528521568,0.9529100734254589,1.0,14.331284523010254,11.797209739685059,314.10537004470825,4907.896406948566,64,1920,7320,1140,35460
main,SGF_RFW_ST2L20_NM,1,130,0.9881256330858861,0.9641548835712931,1.0,9.403769493103027,8.731555938720703,313.27412033081055,4894.908130168915,64,1920,7320,1140,35460
main,SGF_RFW_ST2L20_NM,0,131,0.9844452289833677,0.9548932961795641,1.0,10.99852466583252,14.448258399963379,313.00773429870605,4890.745848417282,64,1920,7320,1140,35460
main,SGF_RFW_ST2L20_NM,1,131,0.9746387894972882,0.9558924617974655,1.0,12.917729377746582,15.391357421875,312.9455654621124,4889.774460345507,64,1920,7320,1140,35460
main,SGF_RFW_ST2L20_NM,0,132,0.9678670230827447,0.8997946731422258,0.20833333333333334,9.514379501342773,7.983880043029785,313.15615820884705,4893.064972013235,64,1920,7320,1140,35460
main,SGF_RFW_ST2L20_NM,1,132,0.9663541563455232,0.8806653476279714,0.7916666666666666,5.2247185707092285,8.611004829406738,313.6345579624176,4900.539968162775,64,1920,7320,1140,35460
main,SGF_RFW_ST2L20_NM,0,133,0.9706978077549224,0.9137324522370878,1.0,21.869529724121094,19.600488662719727,313.47325587272644,4898.019623011351,64,1920,7320,1140,35460
main,SGF_RFW_ST2L20_NM,1,133,0.977607963651936,0.9126050355641738,1.0,15.856786727905273,16.26766586303711,313.1711037158966,4893.2984955608845,64,1920,7320,1140,35460
main,SGF_RFW_ST2L20_NM,0,134,0.9851095567349905,0.9335477339184802,0.5833333333333334,3.578899383544922,4.477220058441162,313.39512062072754,4896.798759698868,64,1920,7320,1140,35460
main,SGF_RFW_ST2L20_NM,1,134,0.9814193849112561,0.9179717963156492,0.875,7.015949249267578,5.547501087188721,313.62764596939087,4900.431968271732,64,1920,7320,1140,35460
main,SGF_RFW_ST2L20_NM,0,135,0.9900006632216097,0.9601945268071216,0.0,4.353558540344238,4.563966751098633,313.56178879737854,4899.40294995904,64,1920,7320,1140,35460
main,SGF_RFW_ST2L20_NM,1,135,0.988595621580972,0.9467589194359988,0.0,5.341762542724609,4.094287395477295,315.11929392814636,4923.738967627287,64,1920,7320,1140,35460
main,SGF_RFW_ST2L20_NM,0,136,0.977857446295176,0.9162541692671567,0.4166666666666667,8.198203086853027,8.429397583007812,313.475266456604,4898.051038384438,64,1920,7320,1140,35460
main,SGF_RFW_ST2L20_NM,1,136,0.9809833357283236,0.9035587997540183,0.6666666666666666,9.292966842651367,11.181876182556152,316.3820080757141,4943.468876183033,64,1920,7320,1140,35460
main,SGF_RFW_ST2L20_NM,0,137,0.9847977023765827,0.9080569757067639,1.0,12.96694278717041,20.160675048828125,313.2418255805969,4894.403524696827,64,1920,7320,1140,35460
main,SGF_RFW_ST2L20_NM,1,137,0.9844698064073268,0.9324736491493558,1.0,18.215267181396484,20.01597785949707,313.72302198410034,4901.922218501568,64,1920,7320,1140,35460
main,SGF_RFW_ST2L20_NM,0,138,0.9889471867417451,0.9080546109572701,0.4583333333333333,5.643469333648682,6.421817779541016,313.1828091144562,4893.481392413378,64,1920,7320,1140,35460
main,SGF_RFW_ST2L20_NM,1,138,0.9908404143299107,0.9222934816194618,0.25,5.956827163696289,6.676566123962402,313.86214423179626,4904.096003621817,64,1920,7320,1140,35460
main,SGF_RFW_ST2L20_NM,0,139,0.9826348452869058,0.9441972115765447,1.0,7.612436294555664,8.405616760253906,313.6768856048584,4901.2013375759125,64,1920,7320,1140,35460
main,SGF_RFW_ST2L20_NM,1,139,0.9790694392852837,0.8851747590562572,1.0,9.838139533996582,9.89909553527832,314.0373830795288,4906.834110617638,64,1920,7320,1140,35460
main,SGF_RFW_ST2L20_NM,0,140,0.9821412516637039,0.9032339427782142,0.2916666666666667,5.146101951599121,6.165279865264893,313.65579891204834,4900.871858000755,64,1920,7320,1140,35460
main,SGF_RFW_ST2L20_NM,1,140,0.9635082124205724,0.7285490696844846,1.0,13.701217651367188,12.268244743347168,313.13597869873047,4892.749667167664,64,1920,7320,1140,35460
main,SGF_RFW_ST2L20_NM,0,141,0.9945737699143171,0.977910859429318,0.4166666666666667,3.3555896282196045,4.835160255432129,316.3064167499542,4942.287761718035,64,1920,7320,1140,35460
main,SGF_RFW_ST2L20_NM,1,141,0.995800364817575,0.9807360275931979,0.125,3.2169291973114014,2.4792416095733643,313.0760247707367,4891.812887042761,64,1920,7320,1140,35460
main,SGF_RFW_ST2L20_NM,0,142,0.9977621820575934,0.9935581787772799,0.0,3.8018763065338135,3.8139212131500244,426.8119111061096,6668.936111032963,64,1920,7320,1140,35460
main,SGF_RFW_ST2L20_NM,1,142,0.9974760797423294,0.9923147416633108,0.0,3.4515366554260254,4.216906547546387,313.32572317123413,4895.714424550533,64,1920,7320,1140,35460
main,SGF_RFW_ST2L20_NM,0,143,0.9858621494042028,0.9633538735949475,0.0,6.639007091522217,4.419694900512695,431.98851776123047,6749.820590019226,64,1920,7320,1140,35460
main,SGF_RFW_ST2L20_NM,1,143,0.9873616216259938,0.9509976311870242,0.0,8.424323081970215,6.207136631011963,313.35161089897156,4896.118920296431,64,1920,7320,1140,35460
main,SGF_RFW_ST2L20_NM,0,144,0.9822345589266904,0.9153547623883123,0.0,12.517887115478516,11.688599586486816,427.4743733406067,6679.2870834469795,64,1920,7320,1140,35460
main,SGF_RFW_ST2L20_NM,1,144,0.9856460955601679,0.9230981261833854,0.0,3.597053050994873,5.549164772033691,313.52414655685425,4898.814789950848,64,1920,7320,1140,35460
main,SGF_RFW_ST2L20_NM,0,145,0.9936473469448419,0.9836232714031053,0.0,5.748688220977783,4.0821428298950195,313.55849623680115,4899.351503700018,64,1920,7320,1140,35460
main,SGF_RFW_ST2L20_NM,1,145,0.9901460369808025,0.9800960460434789,0.041666666666666664,6.831137657165527,7.241273880004883,311.0794336795807,4860.616151243448,64,1920,7320,1140,35460
main,SGF_RFW_ST2L20_NM,0,146,0.9895210989403237,0.960070542667223,0.041666666666666664,6.060086727142334,5.5961408615112305,313.70355343818665,4901.618022471666,64,1920,7320,1140,35460
main,SGF_RFW_ST2L20_NM,1,146,0.9892973123173622,0.9073349509550178,0.041666666666666664,5.34249210357666,6.0551228523254395,313.4864239692688,4898.225374519825,64,1920,7320,1140,35460
main,SGF_RFW_ST2L20_NM,0,147,0.9818921652373614,0.8845826853876528,1.0,8.839552879333496,8.685091018676758,314.0683856010437,4907.318525016308,64,1920,7320,1140,35460
main,SGF_RFW_ST2L20_NM,1,147,0.9851646481444064,0.9671087822188502,1.0,9.165557861328125,8.619367599487305,313.2345116138458,4894.289243966341,64,1920,7320,1140,35460
main,SGF_RFW_ST2L20_NM,0,148,0.9817075312175175,0.8762964204601621,0.7916666666666666,8.328829765319824,8.165987014770508,313.1485514640808,4892.946116626263,64,1920,7320,1140,35460
main,SGF_RFW_ST2L20_NM,1,148,0.98577721435448,0.9422263606734896,0.9583333333333334,7.686639308929443,7.797794818878174,313.098281621933,4892.160650342703,64,1920,7320,1140,35460
main,SGF_RFW_ST2L20_NM,0,149,0.9575606038656529,0.8478981489720553,0.75,7.81088399887085,8.296255111694336,313.1621403694153,4893.158443272114,64,1920,7320,1140,35460
main,SGF_RFW_ST2L20_NM,1,149,0.9642647647724276,0.7329791991607003,0.125,9.691568374633789,13.4734525680542,313.713041305542,4901.766270399094,64,1920,7320,1140,35460
main,SGF_RFW_ST2L20_NM,0,150,0.9898051080758568,0.9554114808206973,0.4166666666666667,4.920578956604004,3.528879165649414,313.46505904197693,4897.8915475308895,64,1920,7320,1140,35460
main,SGF_RFW_ST2L20_NM,1,150,0.9903167583635643,0.9348444407400877,0.125,3.0061423778533936,4.542045593261719,313.18987345695496,4893.591772764921,64,1920,7320,1140,35460
main,SGF_RFW_ST2L20_NM,0,151,0.9765470322847337,0.8691091705923495,1.0,7.141739368438721,7.751067161560059,313.42804861068726,4897.313259541988,64,1920,7320,1140,35460
main,SGF_RFW_ST2L20_NM,1,151,0.9719912482065881,0.9339312768500784,0.9166666666666666,5.960663318634033,5.305917263031006,313.6641352176666,4901.002112776041,64,1920,7320,1140,35460
main,SGF_RFW_ST2L20_NM,0,152,0.9658614328632787,0.8022409768208213,1.0,13.575700759887695,11.593972206115723,313.4884750843048,4898.257423192263,64,1920,7320,1140,35460
main,SGF_RFW_ST2L20_NM,1,152,0.9813165827663916,0.9479019149490023,1.0,12.03554630279541,11.257308959960938,315.05914759635925,4922.799181193113,64,1920,7320,1140,35460
main,SGF_RFW_ST2L20_NM,0,153,0.9905162122213992,0.9750704519126726,1.0,10.61716365814209,13.553812026977539,313.4830484390259,4898.172631859779,64,1920,7320,1140,35460
main,SGF_RFW_ST2L20_NM,1,153,0.9918314320558769,0.9592362875523776,0.875,7.961516857147217,9.909862518310547,316.44620275497437,4944.4719180464745,64,1920,7320,1140,35460
main,SGF_RFW_ST2L20_NM,0,154,0.9810562636461269,0.9576732166435408,1.0,9.072004318237305,8.277222633361816,313.17713236808777,4893.392693251371,64,1920,7320,1140,35460
main,SGF_RFW_ST2L20_NM,1,154,0.9754690416961881,0.9217731965624768,1.0,7.80729866027832,7.8669891357421875,313.4671688079834,4897.924512624741,64,1920,7320,1140,35460
main,SGF_RFW_ST2L20_NM,0,155,0.984272365692093,0.9388219493886699,0.08333333333333333,1.5685298442840576,2.3128433227539062,313.26019501686096,4894.6905471384525,64,1920,7320,1140,35460
main,SGF_RFW_ST2L20_NM,1,155,0.9831211397749516,0.9186219534148341,0.041666666666666664,1.1307415962219238,1.4618375301361084,313.7252585887909,4901.957165449858,64,1920,7320,1140,35460
main,SGF_RFW_ST2L20_NM,0,156,0.9898699725229259,0.9592618579449862,0.125,7.171720504760742,6.578996181488037,313.6293625831604,4900.458790361881,64,1920,7320,1140,35460
main,SGF_RFW_ST2L20_NM,1,156,0.9827662589956074,0.9310980970444888,1.0,5.978038787841797,5.95119047164917,314.0504631996155,4907.038487493992,64,1920,7320,1140,35460
main,SGF_RFW_ST2L20_NM,0,157,0.980073739388983,0.8510835961155271,0.20833333333333334,5.353287696838379,8.354557991027832,313.6198627948761,4900.310356169939,64,1920,7320,1140,35460
main,SGF_RFW_ST2L20_NM,1,157,0.9840821554221707,0.8631165234938912,0.6666666666666666,4.27561616897583,6.845744609832764,313.1015543937683,4892.21178740263,64,1920,7320,1140,35460
main,SGF_RFW_ST2L20_NM,0,158,0.9858766181963962,0.950991734214451,1.0,7.967655658721924,8.110782623291016,316.30781388282776,4942.309591919184,64,1920,7320,1140,35460
main,SGF_RFW_ST2L20_NM,1,158,0.9787465247066165,0.9675997003265048,1.0,10.086990356445312,10.022760391235352,313.1133460998535,4892.396032810211,64,1920,7320,1140,35460
main,SGF_RFW_ST2L20_NM,0,159,0.9905259680386415,0.9562744925851407,0.4166666666666667,6.39549446105957,6.912253379821777,313.5302565097809,4898.910257965326,64,1920,7320,1140,35460
main,SGF_RFW_ST2L20_NM,1,159,0.9847541617517958,0.9236171776833743,0.7916666666666666,6.444485187530518,7.280181407928467,313.3831593990326,4896.611865609884,64,1920,7320,1140,35460
main,SGF_RFW_ST2L20_NM,0,160,0.9779117277451546,0.8884039249109185,0.75,8.105738639831543,11.955466270446777,313.70714926719666,4901.674207299948,64,1920,7320,1140,35460
main,SGF_RFW_ST2L20_NM,1,160,0.966742160415537,0.809278094250223,1.0,8.53674030303955,10.0831937789917,313.3689503669739,4896.389849483967,64,1920,7320,1140,35460
main,SGF_RFW_ST2L20_NM,0,161,0.9840974832935859,0.9072088417799576,1.0,10.853440284729004,10.620291709899902,540.8781659603119,8451.221343129873,64,1920,7320,1140,35460
main,SGF_RFW_ST2L20_NM,1,161,0.9889082074626113,0.9353475726169088,1.0,10.105597496032715,11.17392349243164,311.0663802623749,4860.4121915996075,64,1920,7320,1140,35460
main,SGF_RFW_ST2L20_NM,0,162,0.9863668483905625,0.9493196049462194,0.9583333333333334,13.039644241333008,15.616487503051758,554.2115116119385,8659.554868936539,64,1920,7320,1140,35460
main,SGF_RFW_ST2L20_NM,1,162,0.9845203617745414,0.9358543261237765,1.0,12.48138427734375,14.808762550354004,313.5493323802948,4899.208318442106,64,1920,7320,1140,35460
main,SGF_RFW_ST2L20_NM,0,163,0.9893536413434267,0.9721522085044695,0.16666666666666666,4.088820457458496,4.871481895446777,314.1124777793884,4908.007465302944,64,1920,7320,1140,35460
main,SGF_RFW_ST2L20_NM,1,163,0.9945418475327341,0.978193962055704,1.0,5.9632954597473145,7.720126628875732,313.47349405288696,4898.023344576359,64,1920,7320,1140,35460
main,SGF_RFW_ST2L20_NM,0,164,0.9865130399206291,0.9443959554900294,0.16666666666666666,6.278407573699951,6.414131164550781,557.9990148544312,8718.734607100487,64,1920,7320,1140,35460
main,SGF_RFW_ST2L20_NM,1,164,0.9863035966171445,0.9533140400181646,0.20833333333333334,5.9827775955200195,8.009968757629395,312.9525456428528,4889.883525669575,64,1920,7320,1140,35460
main,SGF_RFW_ST2L20_NM,0,165,0.9936386991022653,0.9779151678085327,1.0,6.956964015960693,6.454172134399414,312.98531317710876,4890.395518392324,64,1920,7320,1140,35460
main,SGF_RFW_ST2L20_NM,1,165,0.992973217475177,0.9794646721819172,1.0,6.958901882171631,8.818219184875488,313.238174200058,4894.346471875906,64,1920,7320,1140,35460
main,SGF_RFW_ST2L20_NM,0,166,0.9843349345088163,0.9472841128059054,1.0,6.468442440032959,6.3423590660095215,313.09895396232605,4892.1711556613445,64,1920,7320,1140,35460
main,SGF_RFW_ST2L20_NM,1,166,0.9859507789413136,0.9340880266998125,0.875,9.232522964477539,8.142440795898438,313.19237518310547,4893.630862236023,64,1920,7320,1140,35460
main,SGF_RFW_ST2L20_NM,0,167,0.9854717481693638,0.867742007193358,1.0,10.935890197753906,11.564437866210938,313.36591815948486,4896.342471241951,64,1920,7320,1140,35460
main,SGF_RFW_ST2L20_NM,1,167,0.9826044443916971,0.8631828880828359,1.0,9.788677215576172,9.807401657104492,313.67264437675476,4901.135068386793,64,1920,7320,1140,35460
main,SGF_RFW_ST2L20_NM,0,168,0.9829454959061166,0.8523887564306674,0.5833333333333334,5.593374252319336,6.86251163482666,313.47977662086487,4898.121509701014,64,1920,7320,1140,35460
main,SGF_RFW_ST2L20_NM,1,168,0.9866630971085361,0.9334560606790626,0.16666666666666666,6.226484775543213,8.547426223754883,313.59760904312134,4899.962641298771,64,1920,7320,1140,35460
main,SGF_RFW_ST2L20_NM,0,169,0.995731646177819,0.969534880441168,0.0,3.6062850952148438,3.6303696632385254,313.5382513999939,4899.035178124905,64,1920,7320,1140,35460
main,SGF_RFW_ST2L20_NM,1,169,0.9953965787151736,0.9670045194418534,0.0,7.353293418884277,5.761691570281982,315.0749742984772,4923.046473413706,64,1920,7320,1140,35460
main,SGF_RFW_ST2L20_NM,0,170,0.9805041150398915,0.8910129705201024,1.0,10.251679420471191,20.054994583129883,313.41237592697144,4897.068373858929,64,1920,7320,1140,35460
main,SGF_RFW_ST2L20_NM,1,170,0.9832790150945353,0.9170762054298235,1.0,12.154365539550781,15.913198471069336,316.3447937965393,4942.887403070927,64,1920,7320,1140,35460
main,SGF_RFW_ST2L20_NM,0,171,0.9638775682241664,0.9159413666828818,1.0,13.80742073059082,16.009794235229492,313.2144470214844,4893.975734710693,64,1920,7320,1140,35460
main,SGF_RFW_ST2L20_NM,1,171,0.9678014616471332,0.9219864684602489,1.0,8.809130668640137,11.963028907775879,313.46292328834534,4897.858176380396,64,1920,7320,1140,35460
main,SGF_RFW_ST2L20_NM,0,172,0.9824268734959979,0.9515004391255587,1.0,15.676794052124023,15.735044479370117,313.2910602092743,4895.172815769911,64,1920,7320,1140,35460
main,SGF_RFW_ST2L20_NM,1,172,0.9860225648266882,0.9784911572933197,1.0,11.839767456054688,11.999395370483398,313.7430052757263,4902.234457433224,64,1920,7320,1140,35460
main,SGF_RFW_ST2L20_NM,0,173,0.9849202759610666,0.9228404345719711,0.9166666666666666,4.589639663696289,4.9798102378845215,313.6360869407654,4900.563858449459,64,1920,7320,1140,35460
main,SGF_RFW_ST2L20_NM,1,173,0.9845555596010752,0.9268624316091123,0.5,5.80651330947876,5.7316789627075195,314.05475664138794,4907.105572521687,64,1920,7320,1140,35460
main,SGF_RFW_ST2L20_NM,0,174,0.9911327558203858,0.9753513711950054,1.0,9.031265258789062,7.9108357429504395,313.6307997703552,4900.4812464118,64,1920,7320,1140,35460
main,SGF_RFW_ST2L20_NM,1,174,0.9908086937230559,0.9767871265826017,1.0,8.966935157775879,8.44086742401123,313.07824087142944,4891.847513616085,64,1920,7320,1140,35460
main,SGF_RFW_ST2L20_NM,0,175,0.9832720405524921,0.9007653321908867,1.0,13.446564674377441,12.98327922821045,316.36893129348755,4943.264551460743,64,1920,7320,1140,35460
main,SGF_RFW_ST2L20_NM,1,175,0.9813252334103916,0.9427629437135613,1.0,16.820823669433594,13.982457160949707,313.08766627311707,4891.994785517454,64,1920,7320,1140,35460
main,SGF_RFW_ST2L20_NM,0,176,0.9905468072980517,0.9660557625086411,0.0,2.859616279602051,3.5758848190307617,313.4770438671112,4898.078810423613,64,1920,7320,1140,35460
main,SGF_RFW_ST2L20_NM,1,176,0.9887616223030641,0.9652334373930226,0.041666666666666664,2.6170878410339355,2.8573784828186035,313.3385810852051,4895.915329456329,64,1920,7320,1140,35460
main,SGF_RFW_ST2L20_NM,0,177,0.9934218031035823,0.9606306215991145,0.0,6.283931255340576,4.542925834655762,313.67278718948364,4901.137299835682,64,1920,7320,1140,35460
main,SGF_RFW_ST2L20_NM,1,177,0.9945410281553659,0.9734059002088463,0.041666666666666664,4.0142927169799805,3.8065524101257324,313.3711886405945,4896.424822509289,64,1920,7320,1140,35460
main,SGF_RFW_ST2L20_NM,0,178,0.988144484627469,0.9497913951459139,0.9166666666666666,6.834960460662842,5.443755626678467,314.0443444252014,4906.942881643772,64,1920,7320,1140,35460
main,SGF_RFW_ST2L20_NM,1,178,0.9891878787699001,0.9519135563269906,0.9166666666666666,5.12296199798584,5.743683815002441,311.29069447517395,4863.917101174593,64,1920,7320,1140,35460
main,SGF_RFW_ST2L20_NM,0,179,0.9788300239222995,0.8900613745917445,1.0,8.306876182556152,7.746284008026123,313.0191493034363,4890.924207866192,64,1920,7320,1140,35460
main,SGF_RFW_ST2L20_NM,1,179,0.9945554719309028,0.9868192582026772,0.08333333333333333,5.269919395446777,5.172685623168945,313.5258550643921,4898.841485381126,64,1920,7320,1140,35460
main,SGF_RFW_ST2L20_NM,0,180,0.9727218277500516,0.9409169153026914,1.0,11.84942626953125,11.625250816345215,313.0448441505432,4891.325689852238,64,1920,7320,1140,35460
main,SGF_RFW_ST2L20_NM,1,180,0.9773137435161914,0.9803191203138103,1.0,9.833758354187012,10.927348136901855,313.4699385166168,4897.967789322138,64,1920,7320,1140,35460
main,SGF_RFW_ST2L20_NM,0,181,0.9853418062162079,0.9681062115275342,1.0,9.254904747009277,11.507831573486328,313.4549171924591,4897.7330811321735,64,1920,7320,1140,35460
main,SGF_RFW_ST2L20_NM,1,181,0.9832134573583436,0.9772549401158872,0.8333333333333334,9.040007591247559,9.613957405090332,312.97094798088074,4890.1710622012615,64,1920,7320,1140,35460
main,SGF_RFW_ST2L20_NM,0,182,0.9820728035014744,0.9674401749735293,1.0,6.091781139373779,9.728254318237305,313.3593227863312,4896.239418536425,64,1920,7320,1140,35460
main,SGF_RFW_ST2L20_NM,1,182,0.9885335058537282,0.9813794040161631,0.0,4.315520763397217,3.5549042224884033,313.2713441848755,4894.8647528886795,64,1920,7320,1140,35460
main,SGF_RFW_ST2L20_NM,0,183,0.9873612472459886,0.9768701532612676,0.08333333333333333,4.869932174682617,4.484443187713623,313.5507402420044,4899.230316281319,64,1920,7320,1140,35460
main,SGF_RFW_ST2L20_NM,1,183,0.9857194098500223,0.9671293859896452,0.125,4.692171096801758,5.936127662658691,313.23576831817627,4894.308879971504,64,1920,7320,1140,35460
main,SGF_RFW_ST2L20_NM,0,184,0.9849473901677358,0.9344684144724971,1.0,10.97933578491211,8.460225105285645,313.49162316322327,4898.3066119253635,64,1920,7320,1140,35460
main,SGF_RFW_ST2L20_NM,1,184,0.9872311240058074,0.9449274656565293,1.0,8.493040084838867,8.283903121948242,313.7118797302246,4901.7481207847595,64,1920,7320,1140,35460
main,SGF_RFW_ST2L20_NM,0,185,0.9871592162012699,0.9163141885529393,0.8333333333333334,7.416021823883057,8.746006965637207,313.24074387550354,4894.386623054743,64,1920,7320,1140,35460
main,SGF_RFW_ST2L20_NM,1,185,0.9842467844915341,0.9242097463296807,1.0,6.889512062072754,6.493278503417969,313.6301202774048,4900.47062933445,64,1920,7320,1140,35460
main,SGF_RFW_ST2L20_NM,0,186,0.9881443045953878,0.9635955224866453,0.9583333333333334,4.618523120880127,6.102957248687744,313.15189933776855,4892.998427152634,64,1920,7320,1140,35460
main,SGF_RFW_ST2L20_NM,1,186,0.9875998778996006,0.9428722819556361,0.7083333333333334,4.248335361480713,5.0928168296813965,315.1014323234558,4923.459880053997,64,1920,7320,1140,35460
main,SGF_RFW_ST2L20_NM,0,187,0.9682552655818665,0.7842150291670924,1.0,5.100674629211426,5.868557929992676,313.7627863883972,4902.5435373187065,64,1920,7320,1140,35460
main,SGF_RFW_ST2L20_NM,1,187,0.986853593335595,0.9197887856027355,1.0,6.080639839172363,7.348369121551514,316.3465909957886,4942.9154843091965,64,1920,7320,1140,35460
main,SGF_RFW_ST2L20_NM,0,188,0.9851567531928418,0.9556136131286621,1.0,6.031919479370117,7.551182270050049,313.593279838562,4899.894997477531,64,1920,7320,1140,35460
main,SGF_RFW_ST2L20_NM,1,188,0.9812187968008649,0.9430570097073264,1.0,5.804111480712891,6.4102654457092285,313.50052094459534,4898.445639759302,64,1920,7320,1140,35460
main,SGF_RFW_ST2L20_NM,0,189,0.9800059073226213,0.8975609437279081,1.0,9.667098999023438,10.498627662658691,316.28671002388,4941.979844123125,64,1920,7320,1140,35460
main,SGF_RFW_ST2L20_NM,1,189,0.985979668805812,0.9234990270241447,1.0,9.921926498413086,11.038568496704102,313.7216577529907,4901.90090239048,64,1920,7320,1140,35460
main,SGF_RFW_ST2L20_NM,0,190,0.9858792519992835,0.9410736353501029,1.0,4.6972479820251465,4.774410724639893,648.1301352977753,10127.033364027739,64,1920,7320,1140,35460
main,SGF_RFW_ST2L20_NM,1,190,0.9786692311359273,0.9124224989310555,0.7083333333333334,3.0988638401031494,4.331334590911865,314.0118591785431,4906.435299664736,64,1920,7320,1140,35460
main,SGF_RFW_ST2L20_NM,0,191,0.978290454573368,0.8685562092324962,1.0,6.107933521270752,6.692566394805908,652.9705376625061,10202.664650976658,64,1920,7320,1140,35460
main,SGF_RFW_ST2L20_NM,1,191,0.9794572928866886,0.8952207280241925,1.0,7.732670307159424,7.297040939331055,313.10144877433777,4892.210137099028,64,1920,7320,1140,35460
main,SGF_RFW_ST2L20_NM,0,192,0.9793558992548203,0.9333029169103374,1.0,10.025646209716797,11.023265838623047,657.695338010788,10276.489656418562,64,1920,7320,1140,35460
main,SGF_RFW_ST2L20_NM,1,192,0.982246205525886,0.9195236019466234,1.0,7.971875190734863,9.582765579223633,313.08228945732117,4891.910772770643,64,1920,7320,1140,35460
main,SGF_RFW_ST2L20_NM,0,193,0.9832379467660975,0.9113208470137223,0.9166666666666666,6.126470565795898,7.7742156982421875,313.5228650569916,4898.794766515493,64,1920,7320,1140,35460
main,SGF_RFW_ST2L20_NM,1,193,0.9808436354591663,0.9370755734650985,1.0,8.139609336853027,8.329923629760742,313.63434743881226,4900.5366787314415,64,1920,7320,1140,35460
main,SGF_RFW_ST2L20_NM,0,194,0.9722330994578607,0.8209662437438965,1.0,9.282133102416992,11.110816955566406,313.6975769996643,4901.524640619755,64,1920,7320,1140,35460
main,SGF_RFW_ST2L20_NM,1,194,0.9809283184935738,0.9206939767236295,1.0,10.836721420288086,13.185334205627441,313.4048457145691,4896.950714290142,64,1920,7320,1140,35460
main,SGF_RFW_ST2L20_NM,0,195,0.9859248560728199,0.9161906333073325,0.9166666666666666,5.056186199188232,6.415138244628906,314.04923725128174,4907.019332051277,64,1920,7320,1140,35460
main,SGF_RFW_ST2L20_NM,1,195,0.9864931419435278,0.9081348569496818,0.8333333333333334,4.6863484382629395,5.463176250457764,311.94838523864746,4874.193519353867,64,1920,7320,1140,35460
main,SGF_RFW_ST2L20_NM,0,196,0.9825190482576142,0.9106169498485067,0.7916666666666666,8.061019897460938,11.154884338378906,313.0207054615021,4890.94852283597,64,1920,7320,1140,35460
main,SGF_RFW_ST2L20_NM,1,196,0.9829911093210315,0.914684410976327,0.9583333333333334,10.516938209533691,11.887149810791016,313.6760587692261,4901.188418269157,64,1920,7320,1140,35460
main,SGF_RFW_ST2L20_NM,0,197,0.9802295568320867,0.9162717681864033,1.0,10.127595901489258,13.840808868408203,313.0505528450012,4891.414888203144,64,1920,7320,1140,35460
main,SGF_RFW_ST2L20_NM,1,197,0.9798981442632678,0.8742518437945325,0.9583333333333334,10.735998153686523,11.950531959533691,313.48504734039307,4898.203864693642,64,1920,7320,1140,35460
main,SGF_RFW_ST2L20_NM,0,198,0.9845786533990996,0.9257132462833239,0.4166666666666667,3.057098150253296,4.801296710968018,313.32552337646484,4895.711302757263,64,1920,7320,1140,35460
main,SGF_RFW_ST2L20_NM,1,198,0.9845647976128342,0.9543867642464846,0.7916666666666666,5.535435676574707,7.860771656036377,312.97465109825134,4890.228923410177,64,1920,7320,1140,35460
main,SGF_RFW_ST2L20_NM,0,199,0.9851950821802227,0.9367728971916697,1.0,9.017939567565918,9.302203178405762,313.35747051239014,4896.210476756096,64,1920,7320,1140,35460
main,SGF_RFW_ST2L20_NM,1,199,0.9808860593748356,0.8760154389816782,1.0,8.31143856048584,8.88425350189209,313.303124666214,4895.361322909594,64,1920,7320,1140,35460
extra,SGF_RFW,0,0,0.9819723155299346,0.9338869154453278,0.6666666666666666,7.567618370056152,9.486055374145508,277.2485520839691,4332.008626312017,64,1920,7320,0,0
extra,SGF_RFW,1,0,0.984848622634468,0.9538130967513375,0.9166666666666666,6.880227088928223,7.944817543029785,276.0537443161011,4313.339754939079,64,1920,7320,0,0
extra,SGF_RFW,0,1,0.9857985716438623,0.9580572934254356,0.75,6.977814674377441,8.09329605102539,277.8591389656067,4341.5490463376045,64,1920,7320,0,0
extra,SGF_RFW,1,1,0.9859375855431208,0.9474836885929108,0.9583333333333334,10.733489990234375,11.973777770996094,275.72526931762695,4308.207333087921,64,1920,7320,0,0
extra,SGF_RFW,0,2,0.9770413284901996,0.8800762969514598,1.0,5.668300151824951,5.330097198486328,275.9331076145172,4311.454806476831,64,1920,7320,0,0
extra,SGF_RFW,1,2,0.9817201715553693,0.9384986149228137,0.5416666666666666,3.901519298553467,4.179704666137695,275.66362977027893,4307.244215160608,64,1920,7320,0,0
extra,SGF_RFW,0,3,0.9861320267501821,0.9338541367779607,0.2916666666666667,7.172357559204102,5.817416667938232,275.41065073013306,4303.291417658329,64,1920,7320,0,0
extra,SGF_RFW,1,3,0.9855147084361003,0.8893616795539856,0.0,5.982546329498291,6.34799337387085,445.8215961456299,6965.962439775467,64,1920,7320,0,0
extra,SGF_RFW,0,4,0.9847999065193641,0.9450996116451597,1.0,11.352188110351562,11.7608642578125,275.2669098377228,4301.045466214418,64,1920,7320,0,0
extra,SGF_RFW,1,4,0.9852178386908567,0.938059012527051,0.9583333333333334,13.409759521484375,10.930346488952637,459.1206498146057,7173.760153353214,64,1920,7320,0,0
extra,SGF_RFW,0,5,0.9856714369971972,0.9443277146505272,0.0,2.366734027862549,2.280266284942627,277.4192509651184,4334.675796329975,64,1920,7320,0,0
extra,SGF_RFW,1,5,0.9811833812088668,0.8792581674845322,0.375,3.5435664653778076,3.052373170852661,275.4582118988037,4304.034560918808,64,1920,7320,0,0
extra,SGF_RFW,0,6,0.9753041586939375,0.8429513664349265,1.0,12.193486213684082,14.929099082946777,275.3582661151886,4302.472908049822,64,1920,7320,0,0
extra,SGF_RFW,1,6,0.9736764204917554,0.7975252905617589,1.0,12.880267143249512,15.125926971435547,275.4771282672882,4304.330129176378,64,1920,7320,0,0
extra,SGF_RFW,0,7,0.9860167373249226,0.9346419780150704,0.7916666666666666,6.010531902313232,8.008545875549316,275.37753772735596,4302.774026989937,64,1920,7320,0,0
extra,SGF_RFW,1,7,0.9811667139610999,0.8414597459461378,0.875,6.470076560974121,9.146389961242676,276.3533058166504,4318.020403385162,64,1920,7320,0,0
extra,SGF_RFW,0,8,0.9917705430691384,0.9639579005863356,0.0,5.102965354919434,4.518740653991699,277.4020092487335,4334.406394511461,64,1920,7320,0,0
extra,SGF_RFW,1,8,0.9904280704912352,0.9483407023160354,0.16666666666666666,5.3874711990356445,5.465529441833496,275.4533040523529,4303.957875818014,64,1920,7320,0,0
extra,SGF_RFW,0,9,0.9946376753780806,0.9818863169006681,1.0,4.692923069000244,4.596014976501465,276.4899015426636,4320.154711604118,64,1920,7320,0,0
extra,SGF_RFW,1,9,0.9925135679445775,0.9767400415047355,1.0,6.2194318771362305,5.6947712898254395,275.33512115478516,4302.111268043518,64,1920,7320,0,0
extra,SGF_RFW,0,10,0.9898362953504899,0.9636121768018474,0.375,4.623217582702637,5.166462421417236,275.8781805038452,4310.5965703725815,64,1920,7320,0,0
extra,SGF_RFW,1,10,0.9842894339752156,0.8708686362142148,0.4583333333333333,5.017411708831787,5.544540882110596,275.5771014690399,4305.892210453749,64,1920,7320,0,0
extra,SGF_RFW,0,11,0.9796242372232289,0.9159068892831388,1.0,11.766706466674805,11.571456909179688,274.96705412864685,4296.360220760107,64,1920,7320,0,0
extra,SGF_RFW,1,11,0.9760457784748335,0.9543798241926277,0.9583333333333334,7.707464694976807,8.24169921875,275.8758246898651,4310.559760779142,64,1920,7320,0,0
extra,SGF_RFW,0,12,0.9880123035587655,0.926074206829071,1.0,6.286777973175049,6.740983009338379,275.44716358184814,4303.861930966377,64,1920,7320,0,0
extra,SGF_RFW,1,12,0.982670409968994,0.8971946511579597,1.0,8.082984924316406,9.16093635559082,276.62234449386597,4322.224132716656,64,1920,7320,0,0
extra,SGF_RFW,0,13,0.9776861100076909,0.9616059712741686,1.0,16.4193058013916,18.572113037109375,275.3175814151764,4301.837209612131,64,1920,7320,0,0
extra,SGF_RFW,1,13,0.9691730451867121,0.9549730627433114,1.0,13.260176658630371,14.433100700378418,276.2912759780884,4317.051187157631,64,1920,7320,0,0
extra,SGF_RFW,0,14,0.9871765079149813,0.9117506237133689,1.0,7.087048053741455,10.950719833374023,277.3963851928711,4334.318518638611,64,1920,7320,0,0
extra,SGF_RFW,1,14,0.9880714734522256,0.936407252498295,1.0,7.63554048538208,11.1856689453125,276.96936440467834,4327.646318823099,64,1920,7320,0,0
extra,SGF_RFW,0,15,0.9892542755751011,0.9638199547062749,1.0,21.157350540161133,22.876262664794922,275.3577206134796,4302.464384585619,64,1920,7320,0,0
extra,SGF_RFW,1,15,0.9913457864810931,0.9589091772618502,1.0,7.362590312957764,9.000351905822754,275.9446530342102,4311.635203659534,64,1920,7320,0,0
extra,SGF_RFW,0,16,0.9746550821033627,0.8340961460186088,0.875,3.879840612411499,5.482540130615234,275.9971811771393,4312.455955892801,64,1920,7320,0,0
extra,SGF_RFW,1,16,0.9559723483301094,0.8046660688908204,1.0,7.479379177093506,5.4588727951049805,275.4034857749939,4303.17946523428,64,1920,7320,0,0
extra,SGF_RFW,0,17,0.9843586320973182,0.9335329221642535,1.0,12.547136306762695,13.891520500183105,274.17168045043945,4283.9325070381165,64,1920,7320,0,0
extra,SGF_RFW,1,17,0.9757888349979336,0.8653127641781516,0.9583333333333334,8.739550590515137,11.532858848571777,275.97441244125366,4312.1001943945885,64,1920,7320,0,0
extra,SGF_RFW,0,18,0.9917814992368803,0.9461387693881989,0.041666666666666664,3.473665714263916,3.8819832801818848,275.4526951313019,4303.948361426592,64,1920,7320,0,0
extra,SGF_RFW,1,18,0.9925868096422238,0.9488183726435122,0.125,3.0470705032348633,3.7964866161346436,509.2747037410736,7957.417245954275,64,1920,7320,0,0
extra,SGF_RFW,0,19,0.9747917453154334,0.8310760829759681,0.3333333333333333,6.591768264770508,7.107776641845703,275.32608246803284,4301.970038563013,64,1920,7320,0,0
extra,SGF_RFW,1,19,0.9679976411884015,0.8750493694906649,0.7916666666666666,5.2890706062316895,5.689347743988037,275.62319254875183,4306.612383574247,64,1920,7320,0,0
extra,SGF_RFW,0,20,0.9870781628959273,0.9385377194570458,0.041666666666666664,3.6640610694885254,4.073949337005615,277.4069263935089,4334.483224898577,64,1920,7320,0,0
extra,SGF_RFW,1,20,0.9905275428410748,0.959676119296447,0.0,1.8566633462905884,3.4595372676849365,275.7087941169739,4307.949908077717,64,1920,7320,0,0
extra,SGF_RFW,0,21,0.9863891353147668,0.9133675409399945,0.75,8.010695457458496,7.4259490966796875,276.0464334487915,4313.225522637367,64,1920,7320,0,0
extra,SGF_RFW,1,21,0.985121177876306,0.8512219138767408,0.5416666666666666,7.280083656311035,7.320831298828125,510.30211639404297,7973.470568656921,64,1920,7320,0,0
extra,SGF_RFW,0,22,0.9729536672492106,0.9004097878932953,1.0,16.052391052246094,16.11893081665039,275.36829924583435,4302.629675716162,64,1920,7320,0,0
extra,SGF_RFW,1,22,0.9879534776922859,0.9573413716710132,1.0,16.53373146057129,14.97293758392334,275.4686026573181,4304.196916520596,64,1920,7320,0,0
extra,SGF_RFW,0,23,0.9749544137786442,0.8325425697409589,1.0,11.094550132751465,12.906970977783203,274.1843173503876,4284.129958599806,64,1920,7320,0,0
extra,SGF_RFW,1,23,0.979494782926543,0.9220799933309141,1.0,7.700998306274414,11.160117149353027,275.45041728019714,4303.91277000308,64,1920,7320,0,0
extra,SGF_RFW,0,24,0.9757503156139853,0.9362269652926404,1.0,10.523744583129883,9.821688652038574,275.3049318790436,4301.639560610056,64,1920,7320,0,0
extra,SGF_RFW,1,24,0.9612304901846818,0.8697481608909109,1.0,9.477742195129395,9.902607917785645,276.38656640052795,4318.540100008249,64,1920,7320,0,0
extra,SGF_RFW,0,25,0.977336140722103,0.8203566916610884,0.8333333333333334,7.269665241241455,13.191569328308105,275.2318513393402,4300.497677177191,64,1920,7320,0,0
extra,SGF_RFW,1,25,0.9665852227932401,0.7945650764133619,0.875,8.91798210144043,8.483050346374512,275.4470753669739,4303.860552608967,64,1920,7320,0,0
extra,SGF_RFW,0,26,0.9818621708880095,0.9440684759098551,1.0,6.57382345199585,10.593891143798828,277.3117949962616,4332.996796816587,64,1920,7320,0,0
extra,SGF_RFW,1,26,0.9825523000780657,0.9228898869908374,1.0,6.577566623687744,7.921299934387207,275.3212022781372,4301.893785595894,64,1920,7320,0,0
extra,SGF_RFW,0,27,0.9893645815203498,0.9476519473220991,0.041666666666666664,4.887099266052246,5.0630106925964355,275.9786739349365,4312.166780233383,64,1920,7320,0,0
extra,SGF_RFW,1,27,0.9875841702097045,0.9385615911172783,0.041666666666666664,4.970341682434082,4.814164638519287,275.63618779182434,4306.815434247255,64,1920,7320,0,0
extra,SGF_RFW,0,28,0.97069041593587,0.8549888134002686,1.0,11.100281715393066,10.976592063903809,275.31983494758606,4301.872421056032,64,1920,7320,0,0
extra,SGF_RFW,1,28,0.9695272232368747,0.8425380121106687,1.0,11.998820304870605,11.658459663391113,275.86030316352844,4310.317236930132,64,1920,7320,0,0
extra,SGF_RFW,0,29,0.9805482418231225,0.9159682846587637,1.0,16.03199577331543,16.35973358154297,275.8580572605133,4310.28214469552,64,1920,7320,0,0
extra,SGF_RFW,1,29,0.9766462441617912,0.8793396120486051,1.0,16.758207321166992,18.999792098999023,276.65445137023926,4322.725802659988,64,1920,7320,0,0
extra,SGF_RFW,0,30,0.97203684336402,0.9266376275083293,1.0,12.404051780700684,12.051703453063965,275.3302869796753,4302.035734057426,64,1920,7320,0,0
extra,SGF_RFW,1,30,0.9814569216824425,0.9422388698743737,1.0,7.833932876586914,10.036053657531738,276.32317447662354,4317.549601197243,64,1920,7320,0,0
extra,SGF_RFW,0,31,0.9900511281522975,0.963960394911144,1.0,8.033690452575684,8.563787460327148,275.2606945037842,4300.948351621628,64,1920,7320,0,0
extra,SGF_RFW,1,31,0.9858398744419216,0.9318546860114388,0.9583333333333334,7.033723831176758,7.652778148651123,276.9756705760956,4327.744852751493,64,1920,7320,0,0
extra,SGF_RFW,0,32,0.9846250191229746,0.9135044048661771,1.0,4.030033588409424,3.933746576309204,277.3347511291504,4333.355486392975,64,1920,7320,0,0
extra,SGF_RFW,1,32,0.9852487587082059,0.8857073991195016,1.0,5.338259696960449,7.916697978973389,276.00066328048706,4312.51036375761,64,1920,7320,0,0
extra,SGF_RFW,0,33,0.9864531657992218,0.8713842021382373,0.16666666666666666,4.679007053375244,4.826590538024902,276.02640175819397,4312.912527471781,64,1920,7320,0,0
extra,SGF_RFW,1,33,0.9843738522258932,0.8740823502125948,0.6666666666666666,4.471622943878174,4.876943111419678,275.389662027359,4302.9634691774845,64,1920,7320,0,0
extra,SGF_RFW,0,34,0.9628847425087556,0.7604845282824143,1.0,10.471942901611328,13.113794326782227,275.3499586582184,4302.343104034662,64,1920,7320,0,0
extra,SGF_RFW,1,34,0.9693928331081332,0.7962747138479481,0.9166666666666666,7.4796576499938965,13.100223541259766,568.4187152385712,8881.542425602674,64,1920,7320,0,0
extra,SGF_RFW,0,35,0.9842218688100397,0.9307312019493269,0.08333333333333333,7.277154445648193,6.754641532897949,275.8744912147522,4310.538925230503,64,1920,7320,0,0
extra,SGF_RFW,1,35,0.9843622832347059,0.9198585334031478,0.5,5.6109089851379395,7.302317142486572,276.089075088501,4313.891798257828,64,1920,7320,0,0
extra,SGF_RFW,0,36,0.9696707361448523,0.8556871193906536,1.0,8.343954086303711,8.23275375366211,275.46171951293945,4304.089367389679,64,1920,7320,0,0
extra,SGF_RFW,1,36,0.9744941385496425,0.9011910298596257,1.0,6.658871173858643,7.632847309112549,275.7903287410736,4309.223886579275,64,1920,7320,0,0
extra,SGF_RFW,0,37,0.9899607827146246,0.9368499711803769,0.0,2.91133451461792,2.9665722846984863,275.3303391933441,4302.036549896002,64,1920,7320,0,0
extra,SGF_RFW,1,37,0.9805796930321078,0.8985183083492777,0.20833333333333334,2.901608467102051,2.792185068130493,275.6721305847168,4307.3770403862,64,1920,7320,0,0
extra,SGF_RFW,0,38,0.982704430948278,0.9494044638198355,0.625,6.990945339202881,8.252618789672852,277.4286777973175,4334.823090583086,64,1920,7320,0,0
extra,SGF_RFW,1,38,0.9846016533961756,0.9497674846130869,0.3333333333333333,5.7344183921813965,6.888885498046875,571.8339102268219,8934.904847294092,64,1920,7320,0,0
extra,SGF_RFW,0,39,0.9889201741161021,0.9473142014897388,0.20833333333333334,5.44000768661499,5.53007698059082,277.3451166152954,4333.517447113991,64,1920,7320,0,0
extra,SGF_RFW,1,39,0.9893897988615086,0.9315785830435545,0.16666666666666666,5.179101943969727,4.147735595703125,275.41299867630005,4303.328104317188,64,1920,7320,0,0
extra,SGF_RFW,0,40,0.9832883374387414,0.9030824860800868,1.0,4.940584182739258,5.521038055419922,277.83357429504395,4341.149598360062,64,1920,7320,0,0
extra,SGF_RFW,1,40,0.9866322812728406,0.9243031506953031,0.9583333333333334,5.762983798980713,4.586230278015137,566.4627940654755,8850.981157273054,64,1920,7320,0,0
extra,SGF_RFW,0,41,0.983807373363541,0.8816818491272306,0.875,6.724521160125732,7.100910186767578,276.19492864608765,4315.5457600951195,64,1920,7320,0,0
extra,SGF_RFW,1,41,0.9810193256960904,0.9371068075947141,0.9166666666666666,6.63181734085083,6.379238605499268,275.46149492263794,4304.085858166218,64,1920,7320,0,0
extra,SGF_RFW,0,42,0.994029486440254,0.974316383185594,0.041666666666666664,1.930443525314331,1.9313308000564575,278.34999108314514,4349.218610674143,64,1920,7320,0,0
extra,SGF_RFW,1,42,0.9926846616035924,0.9602583283963412,0.0,2.625156879425049,3.0841927528381348,276.3976092338562,4318.712644279003,64,1920,7320,0,0
extra,SGF_RFW,0,43,0.991548127765855,0.9513279212557751,0.0,4.987614631652832,4.749035835266113,276.00286412239075,4312.544751912355,64,1920,7320,0,0
extra,SGF_RFW,1,43,0.9927397670796102,0.9546449599058732,0.3333333333333333,4.279303073883057,4.533071041107178,570.2250761985779,8909.76681560278,64,1920,7320,0,0
extra,SGF_RFW,0,44,0.9765958273571327,0.802579772213231,1.0,7.1384782791137695,7.08743953704834,276.4715464115143,4319.867912679911,64,1920,7320,0,0
extra,SGF_RFW,1,44,0.9829500588252035,0.9211372201857358,1.0,6.729051113128662,7.0953826904296875,275.4693887233734,4304.20919880271,64,1920,7320,0,0
extra,SGF_RFW,0,45,0.9931965023890941,0.9603813757067141,0.08333333333333333,3.3063528537750244,3.444223165512085,277.46579360961914,4335.403025150299,64,1920,7320,0,0
extra,SGF_RFW,1,45,0.9921057858351122,0.9682219326496124,0.0,2.7486014366149902,3.305086135864258,275.2918658256531,4301.435403525829,64,1920,7320,0,0
extra,SGF_RFW,0,46,0.9848882639339315,0.9058439874130747,0.5833333333333334,5.661287784576416,5.392280578613281,276.0155704021454,4312.743287533522,64,1920,7320,0,0
extra,SGF_RFW,1,46,0.9834760374652737,0.9065849495970685,0.375,5.137186527252197,5.0320658683776855,275.6078634262085,4306.372866034508,64,1920,7320,0,0
extra,SGF_RFW,0,47,0.9902398610960882,0.910203025392864,0.08333333333333333,3.3877859115600586,2.166210174560547,276.1949989795685,4315.5468590557575,64,1920,7320,0,0
extra,SGF_RFW,1,47,0.9882705731497251,0.9252327278904294,0.041666666666666664,2.6346306800842285,3.4841690063476562,275.7817578315735,4309.089966118336,64,1920,7320,0,0
extra,SGF_RFW,0,48,0.9889741015647248,0.9241634529569874,0.375,3.1322600841522217,3.052377462387085,276.02894496917725,4312.9522651433945,64,1920,7320,0,0
extra,SGF_RFW,1,48,0.9916095699835843,0.9580731469651927,0.2916666666666667,3.8749914169311523,3.191659688949585,276.6663875579834,4322.912305593491,64,1920,7320,0,0
extra,SGF_RFW,0,49,0.9728125259581523,0.9044174513091212,0.9583333333333334,10.842742919921875,16.87510871887207,275.3251299858093,4301.955156028271,64,1920,7320,0,0
extra,SGF_RFW,1,49,0.978021169366882,0.9487181241097659,1.0,13.033681869506836,18.494665145874023,276.30640935897827,4317.2876462340355,64,1920,7320,0,0
extra,SGF_RFW,0,50,0.9848931577233541,0.9284755483917569,1.0,8.911402702331543,10.541579246520996,275.85352849960327,4310.211382806301,64,1920,7320,0,0
extra,SGF_RFW,1,50,0.9810208869159459,0.9515316926914713,1.0,9.407737731933594,9.09475326538086,276.9698486328125,4327.653884887695,64,1920,7320,0,0
extra,SGF_RFW,0,51,0.9729459053660996,0.8076834924843,0.6666666666666666,5.931735992431641,5.493740081787109,276.9783179759979,4327.786218374968,64,1920,7320,0,0
extra,SGF_RFW,1,51,0.9784727175428877,0.8768832463285198,0.041666666666666664,3.264740228652954,3.998307943344116,275.9589400291443,4311.8584379553795,64,1920,7320,0,0
extra,SGF_RFW,0,52,0.9741177955793856,0.8378843393014824,0.9166666666666666,9.881784439086914,17.646982192993164,276.28902435302734,4317.016005516052,64,1920,7320,0,0
extra,SGF_RFW,1,52,0.963867930239667,0.76440989193709,0.8333333333333334,9.586709022521973,12.524761199951172,275.41166520118713,4303.307268768549,64,1920,7320,0,0
extra,SGF_RFW,0,53,0.987990581304628,0.9668521673783012,1.0,11.383159637451172,14.1438627243042,276.6924362182617,4323.319315910339,64,1920,7320,0,0
extra,SGF_RFW,1,53,0.9861479404915054,0.9673329656538755,1.0,14.975726127624512,14.267664909362793,276.04657435417175,4313.227724283934,64,1920,7320,0,0
extra,SGF_RFW,0,54,0.9872783263820818,0.9383893958900286,0.5833333333333334,4.235598087310791,3.8994667530059814,276.49358773231506,4320.212308317423,64,1920,7320,0,0
extra,SGF_RFW,1,54,0.9886536149477619,0.964248344950054,1.0,5.851417541503906,5.546403408050537,275.75168085098267,4308.620013296604,64,1920,7320,0,0
extra,SGF_RFW,0,55,0.982778608547918,0.8316365661828414,0.25,7.164794921875,9.405111312866211,275.3609881401062,4302.515439689159,64,1920,7320,0,0
extra,SGF_RFW,1,55,0.9824475611452895,0.8951321930988975,0.625,7.2412238121032715,7.397771835327148,275.63046622276306,4306.726034730673,64,1920,7320,0,0
extra,SGF_RFW,0,56,0.9698893645477359,0.7581037969692893,1.0,12.003172874450684,16.42792320251465,275.23422479629517,4300.534762442112,64,1920,7320,0,0
extra,SGF_RFW,1,56,0.9812851023959678,0.8692698141802913,1.0,18.475948333740234,14.20935344696045,275.39205718040466,4303.000893443823,64,1920,7320,0,0
extra,SGF_RFW,0,57,0.9688479893617358,0.8999716678391332,1.0,9.7095365524292,9.802326202392578,277.3302137851715,4333.284590393305,64,1920,7320,0,0
extra,SGF_RFW,1,57,0.9724367373299024,0.8850331539693087,1.0,8.619524955749512,8.003849983215332,275.47958540916443,4304.368522018194,64,1920,7320,0,0
extra,SGF_RFW,0,58,0.9822812775203932,0.9036816708419634,0.875,3.3231279850006104,3.526444435119629,275.46056294441223,4304.071296006441,64,1920,7320,0,0
extra,SGF_RFW,1,58,0.9791625911589841,0.8722153902053833,1.0,4.857877731323242,5.169042110443115,276.3965709209442,4318.696420639753,64,1920,7320,0,0
extra,SGF_RFW,0,59,0.9948194797099351,0.9858262564824974,0.9583333333333334,5.306942939758301,4.187932014465332,276.24866127967834,4316.385332494974,64,1920,7320,0,0
extra,SGF_RFW,1,59,0.9947212521281492,0.9819087088108063,1.0,5.229842185974121,5.601119041442871,275.43022108078003,4303.597204387188,64,1920,7320,0,0
extra,SGF_RFW,0,60,0.9875697610373729,0.9233732625194216,1.0,6.10954475402832,7.227903366088867,275.4664433002472,4304.163176566362,64,1920,7320,0,0
extra,SGF_RFW,1,60,0.9884710227520639,0.9528757243052773,1.0,7.551091194152832,5.8811726570129395,275.1758863925934,4299.623224884272,64,1920,7320,0,0
extra,SGF_RFW,0,61,0.9859016005719322,0.8897811316925547,0.75,5.146029949188232,4.358262062072754,276.62407398223877,4322.251155972481,64,1920,7320,0,0
extra,SGF_RFW,1,61,0.9817779145506709,0.8632924595604772,0.9583333333333334,5.926089286804199,5.869123458862305,275.4695825576782,4304.212227463722,64,1920,7320,0,0
extra,SGF_RFW,0,62,0.981361856736298,0.9165605617606122,1.0,8.069343566894531,8.738471031188965,276.0743932723999,4313.6623948812485,64,1920,7320,0,0
extra,SGF_RFW,1,62,0.9851635913479241,0.9483303829379702,0.9583333333333334,7.2211713790893555,6.685898780822754,275.8228840827942,4309.732563793659,64,1920,7320,0,0
extra,SGF_RFW,0,63,0.9946012266005065,0.981357464323873,0.0,2.8131723403930664,2.6227951049804688,277.00709772109985,4328.235901892185,64,1920,7320,0,0
extra,SGF_RFW,1,63,0.9958902641717727,0.9850198341452557,0.0,2.6173365116119385,2.100391149520874,276.675740480423,4323.058445006609,64,1920,7320,0,0
extra,SGF_RFW,0,64,0.9864930254519301,0.9225684605214907,0.5,3.5583267211914062,4.388597011566162,275.4281506538391,4303.564853966236,64,1920,7320,0,0
extra,SGF_RFW,1,64,0.9906773610728736,0.9584428642107093,0.08333333333333333,4.720247745513916,4.073883056640625,276.2991142272949,4317.173659801483,64,1920,7320,0,0
extra,SGF_RFW,0,65,0.9892650364269299,0.9523914521155149,0.5,5.231307506561279,4.608105659484863,275.0978293418884,4298.403583467007,64,1920,7320,0,0
extra,SGF_RFW,1,65,0.9841438713735259,0.9025602249995522,0.9583333333333334,4.496537685394287,4.481662750244141,276.93986225128174,4327.185347676277,64,1920,7320,0,0
extra,SGF_RFW,0,66,0.9872594089665342,0.9375171181948289,0.0,4.031343460083008,4.2647271156311035,275.383811712265,4302.872058004141,64,1920,7320,0,0
extra,SGF_RFW,1,66,0.9913497735611312,0.938800175552783,0.0,2.4073073863983154,2.8688833713531494,275.93645095825195,4311.507046222687,64,1920,7320,0,0
extra,SGF_RFW,0,67,0.9875829580407758,0.9303753052068794,0.6666666666666666,9.803797721862793,6.421320915222168,276.28961539268494,4317.025240510702,64,1920,7320,0,0
extra,SGF_RFW,1,67,0.9889497795170019,0.9552541284457498,0.7083333333333334,8.594950675964355,8.455942153930664,275.41457986831665,4303.352810442448,64,1920,7320,0,0
extra,SGF_RFW,0,68,0.9806421553417349,0.8380885772083116,0.5,8.925140380859375,6.09229850769043,275.3534326553345,4302.397385239601,64,1920,7320,0,0
extra,SGF_RFW,1,68,0.9818873491056467,0.8552157503107319,0.9583333333333334,8.649767875671387,11.734615325927734,276.0300660133362,4312.969781458378,64,1920,7320,0,0
extra,SGF_RFW,0,69,0.9789745531703472,0.9287613124951072,0.875,9.498696327209473,10.179633140563965,275.8515863418579,4310.18103659153,64,1920,7320,0,0
extra,SGF_RFW,1,69,0.9818758097714336,0.8685993383760038,0.7083333333333334,8.691598892211914,7.5264482498168945,275.72391080856323,4308.1861063838005,64,1920,7320,0,0
extra,SGF_RFW,0,70,0.9584473464492422,0.6565550138121066,0.9583333333333334,17.388608932495117,19.034013748168945,275.77931094169617,4309.051733464003,64,1920,7320,0,0
extra,SGF_RFW,1,70,0.9593439168728741,0.7763230308242465,0.9583333333333334,16.029409408569336,18.44756317138672,275.6212821006775,4306.582532823086,64,1920,7320,0,0
extra,SGF_RFW,0,71,0.9864416756120095,0.9385076800118322,1.0,12.698025703430176,12.765527725219727,276.62527322769165,4322.269894182682,64,1920,7320,0,0
extra,SGF_RFW,1,71,0.9879739071522077,0.9517944429231727,1.0,19.20773696899414,19.124347686767578,568.3693449497223,8880.77101483941,64,1920,7320,0,0
extra,SGF_RFW,0,72,0.9752110921436273,0.8417419428410738,1.0,8.118026733398438,8.82015609741211,275.9184801578522,4311.22625246644,64,1920,7320,0,0
extra,SGF_RFW,1,72,0.9823776509456531,0.9524282268855883,1.0,10.292952537536621,10.039447784423828,571.662606716156,8932.228229939938,64,1920,7320,0,0
extra,SGF_RFW,0,73,0.9732737259464587,0.7683396274628848,1.0,10.843276977539062,11.45348072052002,275.8280076980591,4309.812620282173,64,1920,7320,0,0
extra,SGF_RFW,1,73,0.9851770811307752,0.8991126495858898,0.875,3.8970043659210205,6.984882831573486,275.41407656669617,4303.344946354628,64,1920,7320,0,0
extra,SGF_RFW,0,74,0.9712037499006776,0.758153119812841,0.9583333333333334,5.385924339294434,5.982415199279785,275.4170091152191,4303.390767425299,64,1920,7320,0,0
extra,SGF_RFW,1,74,0.9767332159980823,0.9183862118617349,1.0,8.5038423538208,6.954940319061279,533.0963051319122,8329.629767686129,64,1920,7320,0,0
extra,SGF_RFW,0,75,0.9876375638197193,0.9472069468187249,1.0,9.035767555236816,9.212026596069336,275.2590641975403,4300.922878086567,64,1920,7320,0,0
extra,SGF_RFW,1,75,0.9855209007649295,0.9563346323759659,1.0,12.945964813232422,13.192167282104492,275.49581027030945,4304.622035473585,64,1920,7320,0,0
extra,SGF_RFW,0,76,0.9731481287460273,0.8452905934789906,1.0,10.995718002319336,11.245128631591797,277.38947558403015,4334.210556000471,64,1920,7320,0,0
extra,SGF_RFW,1,76,0.9739823897057477,0.799326215101325,1.0,11.183332443237305,11.595405578613281,276.3583028316498,4318.098481744528,64,1920,7320,0,0
extra,SGF_RFW,0,77,0.9841278769581807,0.8929800715135491,0.25,5.193110466003418,4.643265724182129,275.53086495399475,4305.169764906168,64,1920,7320,0,0
extra,SGF_RFW,1,77,0.9802120004814593,0.8720304266266202,0.375,4.824916839599609,5.853205680847168,275.5047798156738,4304.762184619904,64,1920,7320,0,0
extra,SGF_RFW,0,78,0.9871124213041398,0.9524978593639707,1.0,8.485401153564453,9.869504928588867,276.27581548690796,4316.809616982937,64,1920,7320,0,0
extra,SGF_RFW,1,78,0.9832084942098328,0.949823249941287,1.0,7.946321487426758,9.221170425415039,275.1754231452942,4299.615986645222,64,1920,7320,0,0
extra,SGF_RFW,0,79,0.9756654841586139,0.836641401052475,0.5416666666666666,7.63477897644043,6.02305793762207,275.568989276886,4305.7654574513435,64,1920,7320,0,0
extra,SGF_RFW,1,79,0.9859367620085592,0.9373285057752029,0.041666666666666664,4.239616394042969,5.817000389099121,275.58304142951965,4305.985022336245,64,1920,7320,0,0
extra,SGF_RFW,0,80,0.9904744774882298,0.9657737599766772,0.25,4.4045090675354,4.097297668457031,276.6321084499359,4322.376694530249,64,1920,7320,0,0
extra,SGF_RFW,1,80,0.9876578119984796,0.9533508990121925,0.8333333333333334,4.108147621154785,4.346034526824951,275.85159707069397,4310.181204229593,64,1920,7320,0,0
extra,SGF_RFW,0,81,0.9845756234393322,0.9616032463052998,0.7083333333333334,10.804230690002441,11.322891235351562,275.8617784976959,4310.340289026499,64,1920,7320,0,0
extra,SGF_RFW,1,81,0.9833294231133873,0.9450535644655642,0.2916666666666667,6.997461795806885,8.696779251098633,522.7240099906921,8167.562656104565,64,1920,7320,0,0
extra,SGF_RFW,0,82,0.9311739016393,0.7606251771035403,1.0,12.127809524536133,10.41567611694336,275.50355410575867,4304.743032902479,64,1920,7320,0,0
extra,SGF_RFW,1,82,0.9510817587458794,0.8395921017812645,1.0,5.5119805335998535,5.668553352355957,276.6460790634155,4322.594985365868,64,1920,7320,0,0
extra,SGF_RFW,0,83,0.986943889229075,0.8634175943291705,0.125,4.587804794311523,4.142899036407471,275.47074484825134,4304.230388253927,64,1920,7320,0,0
extra,SGF_RFW,1,83,0.9853057175773734,0.9003418373024982,0.7916666666666666,4.690319538116455,5.647891044616699,276.3087668418884,4317.324481904507,64,1920,7320,0,0
extra,SGF_RFW,0,84,0.9776844296890873,0.9175848999749059,1.0,10.045063018798828,10.836528778076172,277.0254909992218,4328.523296862841,64,1920,7320,0,0
extra,SGF_RFW,1,84,0.983684858934191,0.9309005802092344,0.6666666666666666,8.380106925964355,7.961589336395264,275.9446246623993,4311.634760349989,64,1920,7320,0,0
extra,SGF_RFW,0,85,0.973727576161183,0.9369549142277759,1.0,6.683684349060059,7.157436370849609,275.16706800460815,4299.485437572002,64,1920,7320,0,0
extra,SGF_RFW,1,85,0.9731822576476526,0.9358916800955067,1.0,7.270648956298828,7.29158878326416,277.0441310405731,4328.814547508955,64,1920,7320,0,0
extra,SGF_RFW,0,86,0.9855203757038425,0.9424065442188926,1.0,9.849702835083008,9.659053802490234,276.2796413898468,4316.869396716356,64,1920,7320,0,0
extra,SGF_RFW,1,86,0.9849509121731795,0.8580802964127582,1.0,7.9270195960998535,7.9471211433410645,275.42816948890686,4303.56514826417,64,1920,7320,0,0
extra,SGF_RFW,0,87,0.9855778261862693,0.9113581582255984,0.8333333333333334,5.277786731719971,3.8607888221740723,275.3166799545288,4301.823124289513,64,1920,7320,0,0
extra,SGF_RFW,1,87,0.9904150436242624,0.9554898453795392,0.7083333333333334,6.190089702606201,5.06226921081543,276.08734345436096,4313.86474147439,64,1920,7320,0,0
extra,SGF_RFW,0,88,0.989164514207145,0.9101497945578202,0.7083333333333334,4.244426250457764,4.528778553009033,275.77109146118164,4308.923304080963,64,1920,7320,0,0
extra,SGF_RFW,1,88,0.9915014114317073,0.9693356558032656,0.9166666666666666,5.786677837371826,5.528791427612305,275.7551763057709,4308.67462977767,64,1920,7320,0,0
extra,SGF_RFW,0,89,0.985071711142754,0.9220642758452374,0.5,9.312654495239258,7.678709030151367,276.52127504348755,4320.644922554493,64,1920,7320,0,0
extra,SGF_RFW,1,89,0.9915918585095526,0.9590207545653634,0.9583333333333334,10.46329116821289,9.143318176269531,275.595046043396,4306.172594428062,64,1920,7320,0,0
extra,SGF_RFW,0,90,0.9802361091179345,0.9093704016312308,0.9583333333333334,11.762925148010254,11.862567901611328,275.8062286376953,4309.472322463989,64,1920,7320,0,0
extra,SGF_RFW,1,90,0.9792803815714456,0.9395164756671243,0.875,13.668007850646973,14.678662300109863,275.36098647117615,4302.515413612127,64,1920,7320,0,0
extra,SGF_RFW,0,91,0.9824672831524163,0.9506810488908187,0.7083333333333334,9.271610260009766,7.386281490325928,275.92362427711487,4311.30662932992,64,1920,7320,0,0
extra,SGF_RFW,1,91,0.9819718215914351,0.9241121165130449,0.5416666666666666,9.412467002868652,8.580499649047852,275.44365429878235,4303.807098418474,64,1920,7320,0,0
extra,SGF_RFW,0,92,0.9882949557950825,0.9356479839138364,0.9166666666666666,4.632287502288818,5.214969635009766,275.7419047355652,4308.467261493206,64,1920,7320,0,0
extra,SGF_RFW,1,92,0.9895543287479683,0.9645269694535629,0.75,4.545186996459961,5.664735317230225,276.4309456348419,4319.233525544405,64,1920,7320,0,0
extra,SGF_RFW,0,93,0.9702672372403401,0.8488669706427533,1.0,14.150565147399902,18.915908813476562,275.32852053642273,4302.008133381605,64,1920,7320,0,0
extra,SGF_RFW,1,93,0.9633638283661021,0.8467849169088447,1.0,16.311914443969727,17.62154197692871,275.44659996032715,4303.853124380112,64,1920,7320,0,0
extra,SGF_RFW,0,94,0.9820967793177976,0.9042630221532738,0.0,8.118812561035156,8.518220901489258,275.2270543575287,4300.422724336386,64,1920,7320,0,0
extra,SGF_RFW,1,94,0.9870234623863988,0.9067776889904685,0.0,5.978382110595703,6.59467887878418,275.1776397228241,4299.6506206691265,64,1920,7320,0,0
extra,SGF_RFW,0,95,0.9702858175126425,0.8904588261376256,1.0,11.825708389282227,13.752330780029297,277.3834137916565,4334.115840494633,64,1920,7320,0,0
extra,SGF_RFW,1,95,0.976281655892726,0.9053213531556338,0.9583333333333334,8.745115280151367,9.47771167755127,275.3853209018707,4302.89563909173,64,1920,7320,0,0
extra,SGF_RFW,0,96,0.9737083560789005,0.8415518143902654,0.9583333333333334,5.422457218170166,5.4398627281188965,275.45560216903687,4303.993783891201,64,1920,7320,0,0
extra,SGF_RFW,1,96,0.9609876966272898,0.7948498920254087,1.0,6.859406471252441,7.7201948165893555,275.9007635116577,4310.949429869652,64,1920,7320,0,0
extra,SGF_RFW,0,97,0.9222204964010322,0.6377294173707133,1.0,10.994972229003906,11.517279624938965,276.3530158996582,4318.015873432159,64,1920,7320,0,0
extra,SGF_RFW,1,97,0.933272925728612,0.7112227924492048,1.0,9.69020938873291,10.643332481384277,276.70042729377747,4323.444176465273,64,1920,7320,0,0
extra,SGF_RFW,0,98,0.988212989394969,0.9549214049525881,0.7916666666666666,7.100883960723877,10.510350227355957,275.4615046977997,4304.08601090312,64,1920,7320,0,0
extra,SGF_RFW,1,98,0.9772991255894011,0.8504950119101483,1.0,12.718526840209961,12.728326797485352,276.32798075675964,4317.624699324369,64,1920,7320,0,0
extra,SGF_RFW,0,99,0.9909939185790694,0.9574693104495173,0.0,9.965198516845703,9.402986526489258,275.4055335521698,4303.211461752653,64,1920,7320,0,0
extra,SGF_RFW,1,99,0.9845272040562772,0.874028373023738,0.875,15.36646556854248,20.362943649291992,275.9287211894989,4311.38626858592,64,1920,7320,0,0
extra,SGF_RFW,0,100,0.9941095663226672,0.9638837381549502,0.041666666666666664,2.1501317024230957,2.0637683868408203,276.6509346961975,4322.670854628086,64,1920,7320,0,0
extra,SGF_RFW,1,100,0.990887721001271,0.9433929881323939,0.8333333333333334,3.8542640209198,4.686440944671631,277.036936044693,4328.702125698328,64,1920,7320,0,0
extra,SGF_RFW,0,101,0.9926244303770648,0.9583807328472966,0.625,5.077205657958984,5.083758354187012,275.05857157707214,4297.790180891752,64,1920,7320,0,0
extra,SGF_RFW,1,101,0.9934538871901061,0.9596444148084392,0.0,4.179733753204346,4.26863431930542,275.39870715141296,4303.104799240828,64,1920,7320,0,0
extra,SGF_RFW,0,102,0.9891558558445759,0.9722760280837184,0.25,6.105175495147705,8.848480224609375,275.91573905944824,4311.183422803879,64,1920,7320,0,0
extra,SGF_RFW,1,102,0.9942874566914043,0.9855859694273575,0.125,3.736363410949707,3.117908239364624,276.0498571395874,4313.279017806053,64,1920,7320,0,0
extra,SGF_RFW,0,103,0.9858318572718927,0.9547005490116452,0.9583333333333334,8.486787796020508,10.820669174194336,276.32947611808777,4317.648064345121,64,1920,7320,0,0
extra,SGF_RFW,1,103,0.9927498517005735,0.9709382627321327,0.0,5.508782863616943,5.427126407623291,275.7107503414154,4307.980474084616,64,1920,7320,0,0
extra,SGF_RFW,0,104,0.9817296674575665,0.9000962389552075,0.9583333333333334,6.2290544509887695,6.54970121383667,275.4370982646942,4303.704660385847,64,1920,7320,0,0
extra,SGF_RFW,1,104,0.9836857842825596,0.9200934003228727,1.0,4.980642318725586,5.332004070281982,275.6092760562897,4306.394938379526,64,1920,7320,0,0
extra,SGF_RFW,0,105,0.9891220245965711,0.9225851997085238,0.0,8.200614929199219,10.623980522155762,276.9735267162323,4327.71135494113,64,1920,7320,0,0
extra,SGF_RFW,1,105,0.9836327672319474,0.8901649221130038,0.0,7.712956428527832,7.104156017303467,403.46654653549194,6304.164789617062,64,1920,7320,0,0
extra,SGF_RFW,0,106,0.9789217072488295,0.861723112023395,0.875,10.9403715133667,13.835175514221191,276.8006708621979,4325.010482221842,64,1920,7320,0,0
extra,SGF_RFW,1,106,0.9866994271791193,0.9483052025670591,1.0,8.716172218322754,10.596461296081543,379.53985047340393,5930.310163646936,64,1920,7320,0,0
extra,SGF_RFW,0,107,0.9888700567237997,0.9230912068615789,0.041666666666666664,4.090249538421631,6.912841320037842,275.86072278022766,4310.323793441057,64,1920,7320,0,0
extra,SGF_RFW,1,107,0.9881723636393024,0.9354021367819413,0.3333333333333333,4.652502059936523,8.369477272033691,275.4277596473694,4303.558744490147,64,1920,7320,0,0
extra,SGF_RFW,0,108,0.9795216250337692,0.8937513517296832,0.9166666666666666,8.690112113952637,7.910697937011719,275.7598237991333,4308.747246861458,64,1920,7320,0,0
extra,SGF_RFW,1,108,0.9814715130883265,0.8907423434050187,0.5416666666666666,9.366193771362305,8.215705871582031,359.0895781517029,5610.7746586203575,64,1920,7320,0,0
extra,SGF_RFW,0,109,0.9774435836622288,0.8900544267633687,0.875,6.675621509552002,7.743425369262695,275.89932560920715,4310.926962643862,64,1920,7320,0,0
extra,SGF_RFW,1,109,0.9792200704325928,0.9470766627270243,0.0,6.973770618438721,7.104963779449463,358.8469293117523,5606.98327049613,64,1920,7320,0,0
extra,SGF_RFW,0,110,0.9886602999871875,0.9548929994520933,0.9166666666666666,8.194612503051758,10.348254203796387,275.7550654411316,4308.672897517681,64,1920,7320,0,0
extra,SGF_RFW,1,110,0.9891369980150017,0.954047714886458,0.5416666666666666,8.011497497558594,7.283042907714844,275.48190689086914,4304.40479516983,64,1920,7320,0,0
extra,SGF_RFW,0,111,0.9751849145897274,0.9044573592103046,0.041666666666666664,3.2613790035247803,3.7935667037963867,276.56399512290955,4321.312423795462,64,1920,7320,0,0
extra,SGF_RFW,1,111,0.978584142970717,0.9031873630440753,0.125,4.060896396636963,3.5601274967193604,276.30337619781494,4317.2402530908585,64,1920,7320,0,0
extra,SGF_RFW,0,112,0.9902013881867237,0.9699867549149886,0.9166666666666666,6.844898223876953,6.147702217102051,275.3652834892273,4302.5825545191765,64,1920,7320,0,0
extra,SGF_RFW,1,112,0.9896770159512996,0.9527615632699883,0.4166666666666667,7.785583019256592,9.418039321899414,275.46876072883606,4304.199386388063,64,1920,7320,0,0
extra,SGF_RFW,0,113,0.987625777863007,0.9596551047719043,1.0,11.148636817932129,14.535422325134277,275.24771547317505,4300.74555426836,64,1920,7320,0,0
extra,SGF_RFW,1,113,0.9819472443678391,0.9344292853189552,1.0,16.1391658782959,18.76968765258789,275.20879650115967,4300.13744533062,64,1920,7320,0,0
extra,SGF_RFW,0,114,0.9785983170904501,0.9327865411405978,0.9166666666666666,4.291230201721191,4.730032444000244,277.368230342865,4333.8785991072655,64,1920,7320,0,0
extra,SGF_RFW,1,114,0.9782832933903315,0.9195743941742441,0.7916666666666666,4.018959045410156,4.4758710861206055,275.47236251831055,4304.255664348602,64,1920,7320,0,0
extra,SGF_RFW,0,115,0.9712273358769341,0.9052951128586478,1.0,21.092687606811523,17.162803649902344,275.53643321990967,4305.256769061089,64,1920,7320,0,0
extra,SGF_RFW,1,115,0.9815356106881247,0.942123207061187,1.0,13.208747863769531,12.23028564453125,275.8736159801483,4310.525249689817,64,1920,7320,0,0
extra,SGF_RFW,0,116,0.9853045324502135,0.9675962665806646,0.3333333333333333,4.5364885330200195,4.7654595375061035,276.30772376060486,4317.308183759451,64,1920,7320,0,0
extra,SGF_RFW,1,116,0.9890210250427108,0.9719831191975138,0.0,4.039995193481445,3.3538732528686523,276.6216859817505,4322.213843464851,64,1920,7320,0,0
extra,SGF_RFW,0,117,0.9778143637109867,0.8411435536716295,0.8333333333333334,8.558503150939941,9.752897262573242,275.49113488197327,4304.548982530832,64,1920,7320,0,0
extra,SGF_RFW,1,117,0.9763638074155647,0.8459726073171782,0.5416666666666666,7.029101371765137,9.654394149780273,276.30875301361084,4317.324265837669,64,1920,7320,0,0
extra,SGF_RFW,0,118,0.9733085383497319,0.8725092307381009,1.0,8.033258438110352,9.111615180969238,276.6124358177185,4322.069309651852,64,1920,7320,0,0
extra,SGF_RFW,1,118,0.9728435843024595,0.9220985264881797,1.0,11.781590461730957,11.526570320129395,275.9514145851135,4311.740852892399,64,1920,7320,0,0
extra,SGF_RFW,0,119,0.9860231815999346,0.9553564825783605,0.041666666666666664,4.533118724822998,4.6672210693359375,275.50905585289,4304.8289977014065,64,1920,7320,0,0
extra,SGF_RFW,1,119,0.9887127466012068,0.9619357689567233,0.0,5.70867395401001,5.412320137023926,277.03940987586975,4328.740779310465,64,1920,7320,0,0
extra,SGF_RFW,0,120,0.9902613336230667,0.9726416235384733,0.041666666666666664,3.242758274078369,3.3820719718933105,275.5261809825897,4305.096577852964,64,1920,7320,0,0
extra,SGF_RFW,1,120,0.9911892540006463,0.9741879831189695,0.08333333333333333,3.8681743144989014,2.8099329471588135,275.485995054245,4304.468672722578,64,1920,7320,0,0
extra,SGF_RFW,0,121,0.9807629977989879,0.8798675627812095,1.0,11.995625495910645,9.003710746765137,275.0960941314697,4298.3764708042145,64,1920,7320,0,0
extra,SGF_RFW,1,121,0.9845146601008158,0.8780025166013966,0.8333333333333334,8.9315767288208,8.233144760131836,276.0912685394287,4313.926070928574,64,1920,7320,0,0
extra,SGF_RFW,0,122,0.990255810321312,0.9620466919048972,0.08333333333333333,7.175233364105225,6.0352373123168945,276.1211380958557,4314.3927827477455,64,1920,7320,0,0
extra,SGF_RFW,1,122,0.9948366828787285,0.9878459469131803,0.0,4.107452392578125,2.8990092277526855,275.7008137702942,4307.825215160847,64,1920,7320,0,0
extra,SGF_RFW,0,123,0.9691309392766335,0.8889860795891803,0.4583333333333333,11.112979888916016,12.096219062805176,276.28616642951965,4316.971350461245,64,1920,7320,0,0
extra,SGF_RFW,1,123,0.9738439164440361,0.8592014157253763,0.75,10.461464881896973,9.313994407653809,275.62162947654724,4306.587960571051,64,1920,7320,0,0
extra,SGF_RFW,0,124,0.9842590439116291,0.8364065172879592,0.0,4.075011253356934,4.364178657531738,275.87252402305603,4310.5081878602505,64,1920,7320,0,0
extra,SGF_RFW,1,124,0.986256304372548,0.8964569205823153,0.125,4.336709022521973,4.2107415199279785,350.92400574684143,5483.187589794397,64,1920,7320,0,0
extra,SGF_RFW,0,125,0.987214916776626,0.9641947888809702,0.5,10.526233673095703,11.51867389678955,277.0339114665985,4328.654866665602,64,1920,7320,0,0
extra,SGF_RFW,1,125,0.9844921460547598,0.9697170905444933,0.9583333333333334,13.417928695678711,14.140900611877441,275.38840913772583,4302.943892776966,64,1920,7320,0,0
extra,SGF_RFW,0,126,0.9606775119149562,0.6567442812349485,0.375,7.9871039390563965,8.13119125366211,275.34489464759827,4302.263978868723,64,1920,7320,0,0
extra,SGF_RFW,1,126,0.9721186972977133,0.8288114848344222,0.5833333333333334,8.023911476135254,6.0844902992248535,352.7145023345947,5511.164098978043,64,1920,7320,0,0
extra,SGF_RFW,0,127,0.9706517079427733,0.8275648316611415,1.0,8.7850980758667,10.2554349899292,275.73442029953003,4308.350317180157,64,1920,7320,0,0
extra,SGF_RFW,1,127,0.9727081262200974,0.8132923271345055,1.0,10.223814010620117,9.7396879196167,275.50542306900024,4304.772235453129,64,1920,7320,0,0
extra,SGF_RFW,0,128,0.9570225142388712,0.608877144753933,0.7083333333333334,5.310335159301758,6.809994220733643,276.0079529285431,4312.624264508486,64,1920,7320,0,0
extra,SGF_RFW,1,128,0.9519427826214538,0.6138010996839275,0.9166666666666666,5.47524356842041,8.753945350646973,276.4081656932831,4318.877588957548,64,1920,7320,0,0
extra,SGF_RFW,0,129,0.984265041247672,0.952674247648405,0.16666666666666666,7.860010623931885,9.930732727050781,275.60044717788696,4306.256987154484,64,1920,7320,0,0
extra,SGF_RFW,1,129,0.9813765024899229,0.8856506982575292,0.4166666666666667,7.858016490936279,10.091971397399902,275.5173442363739,4304.958503693342,64,1920,7320,0,0
extra,SGF_RFW,0,130,0.9851391210842575,0.9321072062720424,1.0,14.091102600097656,14.517165184020996,276.5406677722931,4320.9479339420795,64,1920,7320,0,0
extra,SGF_RFW,1,130,0.9827498689776187,0.9168244276357734,1.0,9.961934089660645,8.724074363708496,275.4647707939148,4304.137043654919,64,1920,7320,0,0
extra,SGF_RFW,0,131,0.9767305987999108,0.953698719325273,1.0,14.23687744140625,16.071414947509766,275.54621291160583,4305.409576743841,64,1920,7320,0,0
extra,SGF_RFW,1,131,0.9739528184931879,0.9381833309712618,0.375,10.018342018127441,13.068485260009766,275.19689106941223,4299.951422959566,64,1920,7320,0,0
extra,SGF_RFW,0,132,0.9628503957491455,0.8617702968742537,0.375,6.743456840515137,6.606906414031982,275.27853775024414,4301.227152347565,64,1920,7320,0,0
extra,SGF_RFW,1,132,0.9613660900736538,0.823025274535884,0.5416666666666666,5.576150417327881,9.600459098815918,275.8672788143158,4310.426231473684,64,1920,7320,0,0
extra,SGF_RFW,0,133,0.9729262872780943,0.9112113312534665,1.0,16.211008071899414,18.25349235534668,277.3360230922699,4333.375360816717,64,1920,7320,0,0
extra,SGF_RFW,1,133,0.9800554435105049,0.901080986727839,1.0,16.119781494140625,15.152690887451172,276.6461319923401,4322.595812380314,64,1920,7320,0,0
extra,SGF_RFW,0,134,0.9869264960784504,0.9630179470000059,0.375,3.8408918380737305,3.459221363067627,280.7303683757782,4386.412005871534,64,1920,7320,0,0
extra,SGF_RFW,1,134,0.9767181026019434,0.9088568311670552,0.9166666666666666,3.7202107906341553,5.870611190795898,276.3516938686371,4317.995216697454,64,1920,7320,0,0
extra,SGF_RFW,0,135,0.9910383986839078,0.9524093011151189,0.0,4.4712748527526855,5.135402679443359,276.2841410636902,4316.939704120159,64,1920,7320,0,0
extra,SGF_RFW,1,135,0.9902014563308938,0.9609144330024719,0.0,4.45876407623291,3.9317643642425537,275.40081095695496,4303.137671202421,64,1920,7320,0,0
extra,SGF_RFW,0,136,0.9833072188907591,0.9399192061113274,0.2916666666666667,9.441951751708984,7.299886226654053,275.46073484420776,4304.073981940746,64,1920,7320,0,0
extra,SGF_RFW,1,136,0.9810615297236641,0.9130421319733495,0.4166666666666667,11.056997299194336,11.239541053771973,275.93263483047485,4311.44741922617,64,1920,7320,0,0
extra,SGF_RFW,0,137,0.9835951242467967,0.9323396721611852,1.0,12.968454360961914,21.360074996948242,282.31848645210266,4411.226350814104,64,1920,7320,0,0
extra,SGF_RFW,1,137,0.9831344314121871,0.8791164574415787,1.0,15.064513206481934,16.132654190063477,276.99486088752747,4328.044701367617,64,1920,7320,0,0
extra,SGF_RFW,0,138,0.9881638492974275,0.9197249529154404,0.20833333333333334,5.194710731506348,5.842647075653076,275.46612334251404,4304.158177226782,64,1920,7320,0,0
extra,SGF_RFW,1,138,0.990203967372497,0.8884521722793579,0.75,5.803375720977783,7.056844234466553,275.9937810897827,4312.402829527855,64,1920,7320,0,0
extra,SGF_RFW,0,139,0.9799634027651175,0.9230810403823853,1.0,9.973586082458496,9.679701805114746,276.6438195705414,4322.559680789709,64,1920,7320,0,0
extra,SGF_RFW,1,139,0.9812392724842555,0.9242160851540774,1.0,8.518147468566895,11.090534210205078,275.76567363739014,4308.838650584221,64,1920,7320,0,0
extra,SGF_RFW,0,140,0.980558786611954,0.888322906649631,0.75,7.466466903686523,7.595038890838623,275.34049224853516,4302.195191383362,64,1920,7320,0,0
extra,SGF_RFW,1,140,0.9645340597519878,0.7267724806847781,1.0,11.267580032348633,15.005475997924805,275.6336476802826,4306.7757450044155,64,1920,7320,0,0
extra,SGF_RFW,0,141,0.9948494218618679,0.9758873633716417,0.08333333333333333,4.202683925628662,2.9941823482513428,283.6300485134125,4431.71950802207,64,1920,7320,0,0
extra,SGF_RFW,1,141,0.9956656196720072,0.9780990027863047,0.0,2.854161024093628,2.231818437576294,349.832777261734,5466.137144714594,64,1920,7320,0,0
extra,SGF_RFW,0,142,0.9950278524698605,0.9889035276744677,0.041666666666666664,5.662200450897217,3.7494590282440186,275.8746304512024,4310.541100800037,64,1920,7320,0,0
extra,SGF_RFW,1,142,0.9974246264646225,0.9924630159917086,0.0,3.26938533782959,3.119501829147339,351.30805587768555,5489.188373088837,64,1920,7320,0,0
extra,SGF_RFW,0,143,0.9817499463658423,0.9365731762803119,0.6666666666666666,11.124715805053711,7.78197717666626,276.3679919242859,4318.249873816967,64,1920,7320,0,0
extra,SGF_RFW,1,143,0.9744575771663011,0.8079750006613523,0.5,20.682666778564453,22.780813217163086,275.4581594467163,4304.033741354942,64,1920,7320,0,0
extra,SGF_RFW,0,144,0.9860857346581051,0.9127285623032114,0.2916666666666667,15.01063346862793,12.784311294555664,327.25622034072876,5113.378442823887,64,1920,7320,0,0
extra,SGF_RFW,1,144,0.9781195352622514,0.8841480975565702,0.0,4.752823352813721,5.28463888168335,350.35659432411194,5474.321786314249,64,1920,7320,0,0
extra,SGF_RFW,0,145,0.994858450462905,0.9936329540999039,0.0,4.145877361297607,3.2233402729034424,276.9518826007843,4327.373165637255,64,1920,7320,0,0
extra,SGF_RFW,1,145,0.9929125238704587,0.9902417426523954,0.0,4.957252025604248,4.704056739807129,275.48252391815186,4304.414436221123,64,1920,7320,0,0
extra,SGF_RFW,0,146,0.987716072720732,0.8835532185824021,0.375,5.073123455047607,4.408236503601074,283.7193422317505,4433.114722371101,64,1920,7320,0,0
extra,SGF_RFW,1,146,0.9840717641563647,0.8561095893383026,0.25,5.3616461753845215,5.904726505279541,276.40315437316895,4318.799287080765,64,1920,7320,0,0
extra,SGF_RFW,0,147,0.9881872733843619,0.9147498452145121,1.0,9.532464027404785,8.186360359191895,276.0452814102173,4313.207522034645,64,1920,7320,0,0
extra,SGF_RFW,1,147,0.979476701855095,0.9254770654699077,1.0,8.964064598083496,9.067227363586426,275.50577878952026,4304.777793586254,64,1920,7320,0,0
extra,SGF_RFW,0,148,0.9789066770091943,0.8589970650880233,0.9166666666666666,4.951184272766113,8.061846733093262,283.90633511543274,4436.036486178637,64,1920,7320,0,0
extra,SGF_RFW,1,148,0.9895588274090508,0.9370165700497836,0.2916666666666667,5.586650848388672,5.467452526092529,275.46750235557556,4304.179724305868,64,1920,7320,0,0
extra,SGF_RFW,0,149,0.9635861764821781,0.8624483230321304,0.7916666666666666,8.867177963256836,7.390065670013428,331.8500418663025,5185.156904160976,64,1920,7320,0,0
extra,SGF_RFW,1,149,0.9730548281377042,0.8514015765293784,0.375,9.505844116210938,14.090959548950195,275.2043933868408,4300.068646669388,64,1920,7320,0,0
extra,SGF_RFW,0,150,0.9909853133470993,0.9513795544271884,0.125,2.613673686981201,2.4615461826324463,295.8896474838257,4623.275741934776,64,1920,7320,0,0
extra,SGF_RFW,1,150,0.9864910214933915,0.943889461133791,0.7916666666666666,3.2975845336914062,3.980544328689575,353.0617072582245,5516.589175909758,64,1920,7320,0,0
extra,SGF_RFW,0,151,0.9739314261711556,0.9211194281992704,1.0,6.869986057281494,6.693170070648193,430.34032130241394,6724.067520350218,64,1920,7320,0,0
extra,SGF_RFW,1,151,0.9682608383686686,0.9173335497793943,0.9583333333333334,5.731388568878174,5.873508453369141,275.8289601802826,4309.8275028169155,64,1920,7320,0,0
extra,SGF_RFW,0,152,0.9728640587569254,0.8537837020728899,1.0,13.051488876342773,13.633454322814941,439.64328622817993,6869.426347315311,64,1920,7320,0,0
extra,SGF_RFW,1,152,0.9817428719037554,0.9467181602249974,1.0,10.059326171875,8.95508861541748,276.3046963214874,4317.260880023241,64,1920,7320,0,0
extra,SGF_RFW,0,153,0.991434819044796,0.9681576490402222,0.9583333333333334,12.056548118591309,10.205557823181152,289.67557287216187,4526.180826127529,64,1920,7320,0,0
extra,SGF_RFW,1,153,0.9893342303578345,0.955109116823777,1.0,11.691136360168457,11.856900215148926,276.64554834365845,4322.586692869663,64,1920,7320,0,0
extra,SGF_RFW,0,154,0.9818095254852942,0.9438750173734581,1.0,8.160831451416016,8.163045883178711,276.38779616355896,4318.559315055609,64,1920,7320,0,0
extra,SGF_RFW,1,154,0.9707134509001264,0.8712692312572313,1.0,7.364729404449463,7.25896692276001,275.4149706363678,4303.358916193247,64,1920,7320,0,0
extra,SGF_RFW,0,155,0.9881525280458009,0.959075787793035,0.0,1.8563530445098877,1.9634331464767456,275.5003070831299,4304.692298173904,64,1920,7320,0,0
extra,SGF_RFW,1,155,0.9889592548476944,0.9605661462182584,0.0,1.326775074005127,1.4253586530685425,275.96456360816956,4311.946306377649,64,1920,7320,0,0
extra,SGF_RFW,0,156,0.9803723404124628,0.8888160275376361,1.0,7.080055236816406,8.228386878967285,275.291259765625,4301.425933837891,64,1920,7320,0,0
extra,SGF_RFW,1,156,0.9855682455361955,0.9391653291557146,0.9166666666666666,5.732346057891846,5.06662130355835,277.01888942718506,4328.4201472997665,64,1920,7320,0,0
extra,SGF_RFW,0,157,0.9740307147501887,0.7502840498219365,0.125,6.810240745544434,5.705711841583252,275.63811111450195,4306.845486164093,64,1920,7320,0,0
extra,SGF_RFW,1,157,0.9799111141161138,0.8150275064551312,0.625,7.426684856414795,10.53394603729248,276.06800866127014,4313.562635332346,64,1920,7320,0,0
extra,SGF_RFW,0,158,0.9812327984954244,0.9693153370981631,1.0,6.699385643005371,6.623194217681885,276.6667673587799,4322.918239980936,64,1920,7320,0,0
extra,SGF_RFW,1,158,0.9802793036641037,0.9595773867938829,1.0,9.313776016235352,9.6239652633667,275.76374650001526,4308.808539062738,64,1920,7320,0,0
extra,SGF_RFW,0,159,0.9900553829790502,0.9444454999073691,0.25,5.869575500488281,5.545935153961182,275.94889426231384,4311.701472848654,64,1920,7320,0,0
extra,SGF_RFW,1,159,0.9865071221431773,0.9332731534605441,0.7916666666666666,6.406344890594482,9.518909454345703,275.6118092536926,4306.434519588947,64,1920,7320,0,0
extra,SGF_RFW,0,160,0.9793064909547905,0.8989743719930234,0.9583333333333334,9.566071510314941,13.69706916809082,276.3575050830841,4318.086016923189,64,1920,7320,0,0
extra,SGF_RFW,1,160,0.9776968177214949,0.9015635757342629,0.9583333333333334,9.31020450592041,10.064265251159668,349.96221375465393,5468.159589916468,64,1920,7320,0,0
extra,SGF_RFW,0,161,0.9874901018378216,0.9559260606765747,1.0,9.388498306274414,11.281149864196777,276.96968388557434,4327.651310712099,64,1920,7320,0,0
extra,SGF_RFW,1,161,0.9819058898389429,0.8296595319457675,1.0,8.46557331085205,8.423614501953125,351.7645227909088,5496.32066860795,64,1920,7320,0,0
extra,SGF_RFW,0,162,0.9858302004228586,0.9511110393897347,1.0,10.479883193969727,11.817444801330566,293.2718346118927,4582.372415810823,64,1920,7320,0,0
extra,SGF_RFW,1,162,0.9854607005090908,0.9319419083387955,1.0,11.838592529296875,18.29070472717285,275.42334723472595,4303.489800542593,64,1920,7320,0,0
extra,SGF_RFW,0,163,0.9944107055001092,0.9817566949388256,0.625,5.067798614501953,6.271426677703857,293.3818769454956,4584.091827273369,64,1920,7320,0,0
extra,SGF_RFW,1,163,0.993690285269925,0.9783612813638604,0.5,7.238134384155273,7.3661322593688965,275.44254875183105,4303.78982424736,64,1920,7320,0,0
extra,SGF_RFW,0,164,0.9904910608612724,0.952785039725511,0.0,5.957625865936279,4.423043727874756,276.045930147171,4313.217658549547,64,1920,7320,0,0
extra,SGF_RFW,1,164,0.9882882021436453,0.9484434529491091,0.08333333333333333,6.975459098815918,10.648253440856934,276.4590194225311,4319.672178477049,64,1920,7320,0,0
extra,SGF_RFW,0,165,0.9920036778462981,0.9520781364129937,1.0,8.46133041381836,6.548215866088867,292.8734676837921,4576.147932559252,64,1920,7320,0,0
extra,SGF_RFW,1,165,0.9933087753278483,0.9733454287052155,1.0,6.629270553588867,5.338115692138672,275.4734261035919,4304.272282868624,64,1920,7320,0,0
extra,SGF_RFW,0,166,0.9864164171669589,0.9634984135627747,0.6666666666666666,6.6082258224487305,7.236948013305664,292.5868618488312,4571.669716387987,64,1920,7320,0,0
extra,SGF_RFW,1,166,0.9886597896647707,0.9306619581968888,1.0,9.378103256225586,7.302361011505127,275.5502362251282,4305.472441017628,64,1920,7320,0,0
extra,SGF_RFW,0,167,0.9842082769358315,0.8356901899628019,1.0,10.265153884887695,12.35332202911377,398.56807804107666,6227.626219391823,64,1920,7320,0,0
extra,SGF_RFW,1,167,0.9860239399467403,0.9029198353705198,1.0,9.471961975097656,14.062438011169434,275.2044870853424,4300.070110708475,64,1920,7320,0,0
extra,SGF_RFW,0,168,0.9867698370660524,0.936609007742094,0.20833333333333334,5.417634010314941,5.349591255187988,395.4992034435272,6179.675053805113,64,1920,7320,0,0
extra,SGF_RFW,1,168,0.9888588003253679,0.912420717270478,0.08333333333333333,8.068628311157227,7.524368762969971,275.8361895084381,4309.9404610693455,64,1920,7320,0,0
extra,SGF_RFW,0,169,0.9955886607260434,0.9692968583625295,0.0,3.971203088760376,4.049294948577881,280.9644355773926,4390.069305896759,64,1920,7320,0,0
extra,SGF_RFW,1,169,0.995430268027115,0.9548815203749615,0.0,5.327636241912842,4.069075107574463,275.39242911338806,4303.0067048966885,64,1920,7320,0,0
extra,SGF_RFW,0,170,0.9862220959138078,0.9306062641351119,0.9583333333333334,10.303934097290039,19.107036590576172,276.3540873527527,4318.032614886761,64,1920,7320,0,0
extra,SGF_RFW,1,170,0.9822330959070648,0.9332559782525768,1.0,11.571600914001465,16.688447952270508,276.32571601867676,4317.589312791824,64,1920,7320,0,0
extra,SGF_RFW,0,171,0.9686462132584938,0.8868332051712534,1.0,8.920879364013672,11.33165168762207,275.4590799808502,4304.048124700785,64,1920,7320,0,0
extra,SGF_RFW,1,171,0.9577709433339144,0.8058099941067075,1.0,11.952882766723633,14.538213729858398,276.5971100330353,4321.829844266176,64,1920,7320,0,0
extra,SGF_RFW,0,172,0.9860014157976865,0.965538361798162,1.0,13.544656753540039,13.363722801208496,275.6113328933716,4306.427076458931,64,1920,7320,0,0
extra,SGF_RFW,1,172,0.9903776448895453,0.9791391686252927,1.0,10.689339637756348,11.263360023498535,275.98391914367676,4312.248736619949,64,1920,7320,0,0
extra,SGF_RFW,0,173,0.9849793637993557,0.9364999532699585,0.20833333333333334,3.4037270545959473,4.425760746002197,275.47761631011963,4304.337754845619,64,1920,7320,0,0
extra,SGF_RFW,1,173,0.9788762030609813,0.9280708950498829,0.875,6.661160945892334,7.060504913330078,277.01933765411377,4328.427150845528,64,1920,7320,0,0
extra,SGF_RFW,0,174,0.9906192691051796,0.9810030771338422,1.0,7.744989395141602,7.552417755126953,275.1920657157898,4299.876026809216,64,1920,7320,0,0
extra,SGF_RFW,1,174,0.9889412139808335,0.9669120544972628,1.0,11.795599937438965,11.983585357666016,276.0370993614197,4313.0796775221825,64,1920,7320,0,0
extra,SGF_RFW,0,175,0.98720367731595,0.9564835623554563,1.0,14.368412971496582,13.83041763305664,275.8313932418823,4309.865519404411,64,1920,7320,0,0
extra,SGF_RFW,1,175,0.9813696526424875,0.9417801525281823,1.0,13.903964042663574,12.816874504089355,275.72705936431885,4308.235302567482,64,1920,7320,0,0
extra,SGF_RFW,0,176,0.9879668336300714,0.9622934745705646,0.125,3.1248693466186523,3.3612661361694336,276.6249055862427,4322.264149785042,64,1920,7320,0,0
extra,SGF_RFW,1,176,0.9872560331521522,0.9688402310661649,0.08333333333333333,3.2768805027008057,3.1900341510772705,275.6209032535553,4306.5766133368015,64,1920,7320,0,0
extra,SGF_RFW,0,177,0.9938110715391678,0.9659496273683464,0.0,7.445010185241699,4.703264236450195,276.3270351886749,4317.609924823046,64,1920,7320,0,0
extra,SGF_RFW,1,177,0.9947315947854806,0.978603711594706,0.041666666666666664,4.90732479095459,3.442614793777466,316.6913192272186,4948.301862925291,64,1920,7320,0,0
extra,SGF_RFW,0,178,0.9901774378570275,0.970115954461305,1.0,5.746765613555908,5.266904354095459,277.0006489753723,4328.135140240192,64,1920,7320,0,0
extra,SGF_RFW,1,178,0.9903098320736853,0.9553660296875498,0.875,5.416663646697998,5.353550434112549,307.92123532295227,4811.269301921129,64,1920,7320,0,0
extra,SGF_RFW,0,179,0.987944535728423,0.9604485708734264,1.0,8.326035499572754,7.554061412811279,276.01185035705566,4312.685161828995,64,1920,7320,0,0
extra,SGF_RFW,1,179,0.9905244726890031,0.9511149214661639,1.0,8.346419334411621,7.865921497344971,282.9654471874237,4421.335112303495,64,1920,7320,0,0
extra,SGF_RFW,0,180,0.9774275452026373,0.9809110631113467,1.0,12.499709129333496,11.551800727844238,275.43950748443604,4303.742304444313,64,1920,7320,0,0
extra,SGF_RFW,1,180,0.9763979063126484,0.9769118337527566,1.0,10.638582229614258,11.16174602508545,275.3943135738373,4303.0361495912075,64,1920,7320,0,0
extra,SGF_RFW,0,181,0.9846965146130616,0.9438854676225911,1.0,9.442933082580566,10.834541320800781,275.97911977767944,4312.173746526241,64,1920,7320,0,0
extra,SGF_RFW,1,181,0.9801386010295458,0.9589663290459177,1.0,11.360824584960938,11.023052215576172,282.3511664867401,4411.736976355314,64,1920,7320,0,0
extra,SGF_RFW,0,182,0.9870611719997834,0.9720979566159457,0.875,7.0294880867004395,7.678146839141846,275.72152519226074,4308.148831129074,64,1920,7320,0,0
extra,SGF_RFW,1,182,0.9813657211166532,0.9685205791307533,0.0,3.3892998695373535,4.708375453948975,275.50666761398315,4304.791681468487,64,1920,7320,0,0
extra,SGF_RFW,0,183,0.9868754169512645,0.9743168081926262,0.9166666666666666,7.5438714027404785,8.071944236755371,275.5971095561981,4306.204836815596,64,1920,7320,0,0
extra,SGF_RFW,1,183,0.9896700908725893,0.9750699439774388,0.0,4.478468894958496,4.529332637786865,276.4464294910431,4319.475460797548,64,1920,7320,0,0
extra,SGF_RFW,0,184,0.9860879928716938,0.914261766102003,1.0,9.181669235229492,8.405763626098633,366.57273721694946,5727.699019014835,64,1920,7320,0,0
extra,SGF_RFW,1,184,0.9869527941446169,0.8866648155709972,0.5416666666666666,6.199701309204102,4.670905113220215,275.4699285030365,4304.217632859945,64,1920,7320,0,0
extra,SGF_RFW,0,185,0.9840365888133444,0.9216279063535774,0.7916666666666666,7.62150239944458,7.4696946144104,368.07431197166443,5751.161124557257,64,1920,7320,0,0
extra,SGF_RFW,1,185,0.986467384152561,0.9351647988609647,0.9583333333333334,6.9480767250061035,7.531448841094971,275.42320823669434,4303.487628698349,64,1920,7320,0,0
extra,SGF_RFW,0,186,0.9864451872128909,0.9403411486874456,0.9583333333333334,5.109482288360596,6.573987007141113,407.463919878006,6366.6237480938435,64,1920,7320,0,0
extra,SGF_RFW,1,186,0.9906651159413015,0.956942071085391,0.08333333333333333,4.760707378387451,5.257407188415527,275.4610278606415,4304.078560322523,64,1920,7320,0,0
extra,SGF_RFW,0,187,0.9747236559499871,0.8570250804009646,1.0,5.8357014656066895,6.6012959480285645,407.11613512039185,6361.189611256123,64,1920,7320,0,0
extra,SGF_RFW,1,187,0.982772296597283,0.912053389393765,1.0,5.18497371673584,5.90158224105835,275.76156187057495,4308.774404227734,64,1920,7320,0,0
extra,SGF_RFW,0,188,0.9839313072730606,0.9461039589798969,1.0,6.761931419372559,6.764468669891357,275.4797258377075,4304.37071621418,64,1920,7320,0,0
extra,SGF_RFW,1,188,0.9803049515377923,0.9438016894070999,1.0,5.499782562255859,6.9172043800354,275.4016344547272,4303.150538355112,64,1920,7320,0,0
extra,SGF_RFW,0,189,0.9805321405557791,0.9148623321367347,0.9166666666666666,6.124669075012207,6.582620143890381,275.4320616722107,4303.625963628292,64,1920,7320,0,0
extra,SGF_RFW,1,189,0.9836892905036675,0.9164631833200869,1.0,7.608828544616699,8.368512153625488,276.31818294525146,4317.471608519554,64,1920,7320,0,0
extra,SGF_RFW,0,190,0.9863010694168096,0.9733126746571582,0.75,2.944540023803711,3.326793670654297,276.30219197273254,4317.221749573946,64,1920,7320,0,0
extra,SGF_RFW,1,190,0.9754984164993283,0.8840864676496257,0.9583333333333334,3.179447650909424,3.3438162803649902,275.93325901031494,4311.457172036171,64,1920,7320,0,0
extra,SGF_RFW,0,191,0.9771391275278623,0.8590534834758096,1.0,8.08046817779541,7.784025192260742,275.4389908313751,4303.734231740236,64,1920,7320,0,0
extra,SGF_RFW,1,191,0.9746339338774068,0.8997871772102689,1.0,8.613459587097168,8.052811622619629,276.68969464302063,4323.276478797197,64,1920,7320,0,0
extra,SGF_RFW,0,192,0.9788929844031425,0.923731803894043,1.0,9.618820190429688,12.60719108581543,275.16463446617126,4299.447413533926,64,1920,7320,0,0
extra,SGF_RFW,1,192,0.983392219277679,0.9445180491260862,1.0,9.705557823181152,10.26901626586914,277.03376626968384,4328.65259796381,64,1920,7320,0,0
extra,SGF_RFW,0,193,0.9805227442272523,0.8863711564437203,0.9583333333333334,6.669057369232178,8.118095397949219,275.4484555721283,4303.882118314505,64,1920,7320,0,0
extra,SGF_RFW,1,193,0.9754360526778424,0.8955492092215497,1.0,9.924299240112305,9.270736694335938,276.0007643699646,4312.511943280697,64,1920,7320,0,0
extra,SGF_RFW,0,194,0.9800000829871349,0.9426170134026072,1.0,11.302033424377441,12.884636878967285,275.8395929336548,4309.993639588356,64,1920,7320,0,0
extra,SGF_RFW,1,194,0.978023038766595,0.8977826328381248,1.0,11.901545524597168,12.458380699157715,275.7379062175751,4308.4047846496105,64,1920,7320,0,0
extra,SGF_RFW,0,195,0.9879414544195223,0.9321165499479874,0.9583333333333334,4.6936774253845215,5.311947822570801,276.66896748542786,4322.95261695981,64,1920,7320,0,0
extra,SGF_RFW,1,195,0.983283572569264,0.8757143098375072,0.8333333333333334,4.7198638916015625,6.014533042907715,275.60689330101013,4306.357707828283,64,1920,7320,0,0
extra,SGF_RFW,0,196,0.9852847156020657,0.8958867995635323,0.625,9.362919807434082,11.584104537963867,276.3184983730316,4317.476537078619,64,1920,7320,0,0
extra,SGF_RFW,1,196,0.9855275538703858,0.9317362567652827,0.8333333333333334,8.4000825881958,10.673357009887695,275.25636744499207,4300.880741328001,64,1920,7320,0,0
extra,SGF_RFW,0,197,0.9823789417357194,0.9165943848050159,0.9166666666666666,8.51747989654541,10.159612655639648,276.98067259788513,4327.823009341955,64,1920,7320,0,0
extra,SGF_RFW,1,197,0.9845224705955867,0.9412060094916302,0.8333333333333334,6.419055938720703,7.97306489944458,277.39485931396484,4334.294676780701,64,1920,7320,0,0
extra,SGF_RFW,0,198,0.9837570409981633,0.9227151883685071,0.7083333333333334,5.693470001220703,6.8137526512146,276.21821784973145,4315.909653902054,64,1920,7320,0,0
extra,SGF_RFW,1,198,0.9862977969712796,0.9339078716609789,0.7916666666666666,5.185138702392578,6.841126918792725,275.49700021743774,4304.640628397465,64,1920,7320,0,0
extra,SGF_RFW,0,199,0.9849452304517817,0.8930754506069681,0.9583333333333334,7.911718368530273,8.715999603271484,275.3715901374817,4302.681095898151,64,1920,7320,0,0
extra,SGF_RFW,1,199,0.983870569395458,0.9163135795489602,1.0,9.248418807983398,8.470529556274414,275.36142563819885,4302.522275596857,64,1920,7320,0,0
extra,SGF_RFW_ST1L20_NM,0,0,0.9834353161038226,0.9175627192725306,0.6666666666666666,8.39093017578125,9.697722434997559,318.26908707618713,4972.954485565424,64,1920,7320,1140,40660
extra,SGF_RFW_ST1L20_NM,1,0,0.9859452006876118,0.9446972997292228,1.0,7.330844879150391,8.330646514892578,319.44392561912537,4991.311337798834,64,1920,7320,1140,40660
extra,SGF_RFW_ST1L20_NM,0,1,0.9896019450377486,0.948685874109683,0.9166666666666666,9.55787181854248,9.912741661071777,317.99822974205017,4968.722339719534,64,1920,7320,1140,40660
extra,SGF_RFW_ST1L20_NM,1,1,0.9859568254000696,0.9661897550458494,0.9583333333333334,9.725055694580078,9.154600143432617,319.25705575942993,4988.391496241093,64,1920,7320,1140,40660
extra,SGF_RFW_ST1L20_NM,0,2,0.9790178933823824,0.900396976781928,0.9583333333333334,5.161871910095215,5.5322585105896,318.4106888771057,4975.167013704777,64,1920,7320,1140,40660
extra,SGF_RFW_ST1L20_NM,1,2,0.9757181303697786,0.9001401079737622,1.0,6.000692367553711,4.926049709320068,319.0446128845215,4985.072076320648,64,1920,7320,1140,40660
extra,SGF_RFW_ST1L20_NM,0,3,0.9865247761572626,0.9504122449004132,0.0,4.484059810638428,4.722112655639648,318.8612575531006,4982.207149267197,64,1920,7320,1140,40660
extra,SGF_RFW_ST1L20_NM,1,3,0.9890928372839939,0.945916473865509,0.0,5.935989856719971,4.762492656707764,320.69387125968933,5010.841738432646,64,1920,7320,1140,40660
extra,SGF_RFW_ST1L20_NM,0,4,0.9835199845887042,0.9379599405371625,1.0,10.832357406616211,11.469653129577637,318.413578748703,4975.212167948484,64,1920,7320,1140,40660
extra,SGF_RFW_ST1L20_NM,1,4,0.9830448188302254,0.9409580373245737,0.9166666666666666,10.73603630065918,11.275959968566895,319.21888041496277,4987.795006483793,64,1920,7320,1140,40660
extra,SGF_RFW_ST1L20_NM,0,5,0.9887002351182241,0.9525501235671664,0.041666666666666664,1.5927499532699585,1.6927824020385742,318.785258769989,4981.019668281078,64,1920,7320,1140,40660
extra,SGF_RFW_ST1L20_NM,1,5,0.9784962799966616,0.846849297699721,1.0,3.8430979251861572,4.880910873413086,319.54873609542847,4992.94900149107,64,1920,7320,1140,40660
extra,SGF_RFW_ST1L20_NM,0,6,0.9831053629228149,0.8707628885041112,0.9583333333333334,13.116302490234375,14.700454711914062,318.83506441116333,4981.797881424427,64,1920,7320,1140,40660
extra,SGF_RFW_ST1L20_NM,1,6,0.9764745160662821,0.8286661661189535,1.0,14.997091293334961,16.825414657592773,320.17830181121826,5002.785965800285,64,1920,7320,1140,40660
extra,SGF_RFW_ST1L20_NM,0,7,0.9690990541282994,0.7950205375318942,0.9583333333333334,9.857991218566895,10.807998657226562,318.87756848335266,4982.462007552385,64,1920,7320,1140,40660
extra,SGF_RFW_ST1L20_NM,1,7,0.9825094016955785,0.8707756801791812,0.9166666666666666,6.476177215576172,9.847712516784668,318.890433549881,4982.66302421689,64,1920,7320,1140,40660
extra,SGF_RFW_ST1L20_NM,0,8,0.9918657420907895,0.9683200211628623,0.5833333333333334,5.697090148925781,6.68845796585083,319.04337978363037,4985.052809119225,64,1920,7320,1140,40660
extra,SGF_RFW_ST1L20_NM,1,8,0.9927528318377251,0.9719530395839525,0.0,3.4267284870147705,5.796955585479736,318.1103587150574,4970.474354922771,64,1920,7320,1140,40660
extra,SGF_RFW_ST1L20_NM,0,9,0.9932236925496737,0.982574622268262,1.0,5.653504848480225,5.868980884552002,318.7558479309082,4980.560123920441,64,1920,7320,1140,40660
extra,SGF_RFW_ST1L20_NM,1,9,0.9925288934490871,0.9761392966560697,1.0,4.7554097175598145,5.542461395263672,317.96528124809265,4968.207519501448,64,1920,7320,1140,40660
extra,SGF_RFW_ST1L20_NM,0,10,0.9861343128238316,0.9289739857549253,0.4166666666666667,5.685876846313477,5.122319221496582,319.40271973609924,4990.667495876551,64,1920,7320,1140,40660
extra,SGF_RFW_ST1L20_NM,1,10,0.9813333960016236,0.868687814992407,0.4583333333333333,5.6977033615112305,5.668513298034668,318.2614755630493,4972.835555672646,64,1920,7320,1140,40660
extra,SGF_RFW_ST1L20_NM,0,11,0.9789652361283916,0.9341411486915921,1.0,11.56381607055664,13.642749786376953,319.22506308555603,4987.891610711813,64,1920,7320,1140,40660
extra,SGF_RFW_ST1L20_NM,1,11,0.9754083146969897,0.9248921443586764,1.0,7.814295291900635,8.747294425964355,317.84666776657104,4966.354183852673,64,1920,7320,1140,40660
extra,SGF_RFW_ST1L20_NM,0,12,0.9893372250430256,0.9568171371584353,1.0,7.503093242645264,6.634609222412109,320.7065658569336,5011.040091514587,64,1920,7320,1140,40660
extra,SGF_RFW_ST1L20_NM,1,12,0.9837813036195504,0.9352146192737246,1.0,9.412740707397461,9.927350997924805,318.7911410331726,4981.111578643322,64,1920,7320,1140,40660
extra,SGF_RFW_ST1L20_NM,0,13,0.9764078310060483,0.9587580626425535,1.0,12.354686737060547,15.59776782989502,319.01368045806885,4984.588757157326,64,1920,7320,1140,40660
extra,SGF_RFW_ST1L20_NM,1,13,0.9728681068452535,0.9621629144834435,1.0,13.876788139343262,14.449621200561523,318.3347969055176,4973.981201648712,64,1920,7320,1140,40660
extra,SGF_RFW_ST1L20_NM,0,14,0.9833264860789956,0.9302125650903453,1.0,8.46939754486084,12.894190788269043,319.2217593193054,4987.839989364147,64,1920,7320,1140,40660
extra,SGF_RFW_ST1L20_NM,1,14,0.990362281706012,0.9547757933969083,1.0,7.529667854309082,10.968281745910645,318.7841064929962,4981.001663953066,64,1920,7320,1140,40660
extra,SGF_RFW_ST1L20_NM,0,15,0.9869141924891341,0.9411449834056521,1.0,13.310604095458984,14.471085548400879,319.52791452407837,4992.6236644387245,64,1920,7320,1140,40660
extra,SGF_RFW_ST1L20_NM,1,15,0.9904862762554704,0.9326247158257858,1.0,9.703166961669922,10.755616188049316,318.6740436553955,4979.281932115555,64,1920,7320,1140,40660
extra,SGF_RFW_ST1L20_NM,0,16,0.9746705065920556,0.8361098092535267,0.7916666666666666,6.795051574707031,7.231989860534668,320.14069151878357,5002.198304980993,64,1920,7320,1140,40660
extra,SGF_RFW_ST1L20_NM,1,16,0.9303825551842974,0.5271953718493814,0.8333333333333334,6.559165954589844,3.797191858291626,318.8369371891022,4981.827143579721,64,1920,7320,1140,40660
extra,SGF_RFW_ST1L20_NM,0,17,0.9835960779272268,0.9273043197134266,1.0,11.149813652038574,15.090129852294922,318.9246735572815,4983.198024332523,64,1920,7320,1140,40660
extra,SGF_RFW_ST1L20_NM,1,17,0.9730628085078769,0.8672818735889768,1.0,8.565078735351562,10.34528923034668,319.0487768650055,4985.137138515711,64,1920,7320,1140,40660
extra,SGF_RFW_ST1L20_NM,0,18,0.9943177580027308,0.9787627147591632,0.0,3.540606737136841,2.7300825119018555,317.8191194534302,4965.9237414598465,64,1920,7320,1140,40660
extra,SGF_RFW_ST1L20_NM,1,18,0.9884426423501442,0.9396294510882833,0.2916666666666667,5.915319442749023,3.252575159072876,318.782931804657,4980.983309447765,64,1920,7320,1140,40660
extra,SGF_RFW_ST1L20_NM,0,19,0.9849207288397474,0.929474132216495,0.125,5.850052356719971,4.842212677001953,318.1383876800537,4970.912307500839,64,1920,7320,1140,40660
extra,SGF_RFW_ST1L20_NM,1,19,0.9706798739855556,0.817451984986015,0.7083333333333334,5.055089950561523,4.697658061981201,319.4495151042938,4991.398673504591,64,1920,7320,1140,40660
extra,SGF_RFW_ST1L20_NM,0,20,0.9893105411704507,0.947662722805272,0.0,3.1980984210968018,3.78450345993042,317.9757709503174,4968.371421098709,64,1920,7320,1140,40660
extra,SGF_RFW_ST1L20_NM,1,20,0.9906154033732482,0.9618676110454226,0.0,4.031952857971191,4.489484786987305,319.0840108394623,4985.687669366598,64,1920,7320,1140,40660
extra,SGF_RFW_ST1L20_NM,0,21,0.9866433476197053,0.9457194442334383,0.75,7.870853424072266,8.79023551940918,318.2661895751953,4972.909212112427,64,1920,7320,1140,40660
extra,SGF_RFW_ST1L20_NM,1,21,0.9897779831447956,0.9621333220730657,0.7083333333333334,6.508811950683594,5.526314735412598,319.2668480873108,4988.544501364231,64,1920,7320,1140,40660
extra,SGF_RFW_ST1L20_NM,0,22,0.9793985714597468,0.9198091885317927,1.0,15.767178535461426,18.87215232849121,318.79875016212463,4981.230471283197,64,1920,7320,1140,40660
extra,SGF_RFW_ST1L20_NM,1,22,0.9857266701247779,0.9520576635132665,1.0,15.89316463470459,15.907618522644043,320.6190538406372,5009.672716259956,64,1920,7320,1140,40660
extra,SGF_RFW_ST1L20_NM,0,23,0.9672690709928858,0.7595591247081757,1.0,11.016371726989746,11.14791488647461,318.38610792160034,4974.782936275005,64,1920,7320,1140,40660
extra,SGF_RFW_ST1L20_NM,1,23,0.9719984497710831,0.8094794685425967,1.0,10.369795799255371,11.765213966369629,319.2861166000366,4988.845571875572,64,1920,7320,1140,40660
extra,SGF_RFW_ST1L20_NM,0,24,0.9753328807055691,0.9499983346980551,1.0,8.307502746582031,11.525312423706055,318.76881885528564,4980.762794613838,64,1920,7320,1140,40660
extra,SGF_RFW_ST1L20_NM,1,24,0.9621338799307418,0.8403678497542506,1.0,7.832810878753662,7.541355133056641,319.4888000488281,4992.012500762939,64,1920,7320,1140,40660
extra,SGF_RFW_ST1L20_NM,0,25,0.9726272962663746,0.764964619408483,1.0,7.511269569396973,10.335679054260254,318.9109253883362,4982.983209192753,64,1920,7320,1140,40660
extra,SGF_RFW_ST1L20_NM,1,25,0.9694154828895062,0.8198850297409556,1.0,10.330699920654297,11.10998821258545,320.11787271499634,5001.841761171818,64,1920,7320,1140,40660
extra,SGF_RFW_ST1L20_NM,0,26,0.979227438395132,0.9247882197732511,1.0,8.119593620300293,8.080787658691406,318.8759837150574,4982.437245547771,64,1920,7320,1140,40660
extra,SGF_RFW_ST1L20_NM,1,26,0.9885077374672528,0.9497000354787578,0.9583333333333334,4.313190937042236,5.245142459869385,319.0103762149811,4984.537128359079,64,1920,7320,1140,40660
extra,SGF_RFW_ST1L20_NM,0,27,0.988472441106898,0.9271156697169595,0.041666666666666664,4.820817947387695,4.798433303833008,319.1182780265808,4986.223094165325,64,1920,7320,1140,40660
extra,SGF_RFW_ST1L20_NM,1,27,0.9871319407738417,0.943371893271156,0.041666666666666664,4.0030341148376465,4.62954568862915,318.0779194831848,4969.967491924763,64,1920,7320,1140,40660
extra,SGF_RFW_ST1L20_NM,0,28,0.9745237344030286,0.872969063727752,1.0,10.135972023010254,9.057317733764648,318.783718585968,4980.99560290575,64,1920,7320,1140,40660
extra,SGF_RFW_ST1L20_NM,1,28,0.9779135974495592,0.9212165254613628,1.0,11.214958190917969,9.627524375915527,317.99511671066284,4968.673698604107,64,1920,7320,1140,40660
extra,SGF_RFW_ST1L20_NM,0,29,0.9758981176919086,0.8392823908639991,1.0,17.47077751159668,23.946422576904297,319.47521233558655,4991.80019274354,64,1920,7320,1140,40660
extra,SGF_RFW_ST1L20_NM,1,29,0.9705744646056322,0.8154353667860446,1.0,14.532323837280273,18.92299461364746,318.28663897514343,4973.228733986616,64,1920,7320,1140,40660
extra,SGF_RFW_ST1L20_NM,0,30,0.9778588732503875,0.947263258954753,1.0,10.196776390075684,11.333555221557617,320.669499874115,5010.460935533047,64,1920,7320,1140,40660
extra,SGF_RFW_ST1L20_NM,1,30,0.9740113891535138,0.9294254287429476,1.0,11.016886711120605,11.7213773727417,317.8609941005707,4966.578032821417,64,1920,7320,1140,40660
extra,SGF_RFW_ST1L20_NM,0,31,0.9829836929701905,0.875918060541153,0.9583333333333334,10.141266822814941,13.291709899902344,319.3469331264496,4989.795830100775,64,1920,7320,1140,40660
extra,SGF_RFW_ST1L20_NM,1,31,0.9890735615155956,0.9300885770631874,1.0,8.17196273803711,8.518317222595215,318.8471465110779,4981.986664235592,64,1920,7320,1140,40660
extra,SGF_RFW_ST1L20_NM,0,32,0.9773051588013031,0.8633743900319805,1.0,5.845681667327881,6.334110736846924,319.0750494003296,4985.54764688015,64,1920,7320,1140,40660
extra,SGF_RFW_ST1L20_NM,1,32,0.9808982315928821,0.8085581997166509,1.0,8.088998794555664,10.018410682678223,318.3547170162201,4974.292453378439,64,1920,7320,1140,40660
extra,SGF_RFW_ST1L20_NM,0,33,0.9878109289423911,0.9563685707423998,0.4583333333333333,6.352217197418213,3.9972264766693115,319.24152064323425,4988.148760050535,64,1920,7320,1140,40660
extra,SGF_RFW_ST1L20_NM,1,33,0.9939545045893251,0.9820644155792569,0.375,3.6126794815063477,3.075981855392456,318.7831611633301,4980.9868931770325,64,1920,7320,1140,40660
extra,SGF_RFW_ST1L20_NM,0,34,0.9669446980343862,0.7613198860831881,0.9166666666666666,9.473541259765625,11.82972240447998,319.5423460006714,4992.84915626049,64,1920,7320,1140,40660
extra,SGF_RFW_ST1L20_NM,1,34,0.9801161728856226,0.8653402043425519,0.9583333333333334,8.211545944213867,10.990593910217285,318.77693700790405,4980.889640748501,64,1920,7320,1140,40660
extra,SGF_RFW_ST1L20_NM,0,35,0.9851490259370079,0.9422721862792969,0.4583333333333333,7.74113655090332,5.6081390380859375,320.1654348373413,5002.584919333458,64,1920,7320,1140,40660
extra,SGF_RFW_ST1L20_NM,1,35,0.9874254027167936,0.9406067871529123,0.2916666666666667,8.6567964553833,6.7927961349487305,318.89590716362,4982.748549431562,64,1920,7320,1140,40660
extra,SGF_RFW_ST1L20_NM,0,36,0.9802627065224838,0.9265625658242599,0.9583333333333334,6.289936542510986,6.067184925079346,319.0519452095032,4985.186643898487,64,1920,7320,1140,40660
extra,SGF_RFW_ST1L20_NM,1,36,0.9716935764458965,0.9150571797205055,1.0,7.21524715423584,6.319904804229736,319.03991961479187,4984.998743981123,64,1920,7320,1140,40660
extra,SGF_RFW_ST1L20_NM,0,37,0.9893453749006319,0.95650733165119,0.0,4.228165149688721,4.244346618652344,317.8973343372345,4967.145849019289,64,1920,7320,1140,40660
extra,SGF_RFW_ST1L20_NM,1,37,0.9884221782064833,0.9436733826347018,0.0,2.786425828933716,2.517669200897217,318.7814381122589,4980.9599705040455,64,1920,7320,1140,40660
extra,SGF_RFW_ST1L20_NM,0,38,0.9821682833309442,0.9299302463946134,0.25,7.230291366577148,8.176101684570312,318.1756374835968,4971.4943356812,64,1920,7320,1140,40660
extra,SGF_RFW_ST1L20_NM,1,38,0.9836023483832891,0.9463732916375865,0.4583333333333333,5.624073505401611,6.408325672149658,319.464870929718,4991.638608276844,64,1920,7320,1140,40660
extra,SGF_RFW_ST1L20_NM,0,39,0.987595089230406,0.908825705880704,0.16666666666666666,5.533486366271973,6.2964887619018555,318.0353922843933,4969.3030044436455,64,1920,7320,1140,40660
extra,SGF_RFW_ST1L20_NM,1,39,0.9903721203336243,0.9334490662035734,0.25,5.4904398918151855,4.551220417022705,319.0634379386902,4985.366217792034,64,1920,7320,1140,40660
extra,SGF_RFW_ST1L20_NM,0,40,0.985761047249718,0.9106131118276845,0.875,5.371872901916504,4.8687028884887695,318.2461402416229,4972.595941275358,64,1920,7320,1140,40660
extra,SGF_RFW_ST1L20_NM,1,40,0.9846672576230077,0.8733897377615389,1.0,5.046716213226318,4.931549072265625,319.20993089675903,4987.65517026186,64,1920,7320,1140,40660
extra,SGF_RFW_ST1L20_NM,0,41,0.9872409270645983,0.9512460737124734,0.875,7.828937530517578,7.760204315185547,318.79432010650635,4981.161251664162,64,1920,7320,1140,40660
extra,SGF_RFW_ST1L20_NM,1,41,0.9771427923016276,0.8251712257447451,0.875,6.3171868324279785,6.3795390129089355,320.72438645362854,5011.318538337946,64,1920,7320,1140,40660
extra,SGF_RFW_ST1L20_NM,0,42,0.9918809786846093,0.9448803676211316,0.08333333333333333,2.4182848930358887,3.082775115966797,318.4278140068054,4975.434593856335,64,1920,7320,1140,40660
extra,SGF_RFW_ST1L20_NM,1,42,0.9897897304272281,0.9327372131140336,0.2916666666666667,3.2983908653259277,3.0851964950561523,319.24141907691956,4988.147173076868,64,1920,7320,1140,40660
extra,SGF_RFW_ST1L20_NM,0,43,0.9886905122485291,0.9282289173292076,0.041666666666666664,4.368221282958984,5.870340347290039,318.78435730934143,4981.00558295846,64,1920,7320,1140,40660
extra,SGF_RFW_ST1L20_NM,1,43,0.9903411342369862,0.9495144317979398,0.25,5.786536693572998,4.974571704864502,319.41151690483093,4990.804951637983,64,1920,7320,1140,40660
extra,SGF_RFW_ST1L20_NM,0,44,0.9789483532062926,0.8480508962403173,0.9166666666666666,6.846898555755615,7.717402458190918,318.9731402397156,4983.955316245556,64,1920,7320,1140,40660
extra,SGF_RFW_ST1L20_NM,1,44,0.9859205317262489,0.9291587083236031,1.0,6.548458576202393,6.836108684539795,320.2544298171997,5003.975465893745,64,1920,7320,1140,40660
extra,SGF_RFW_ST1L20_NM,0,45,0.9910502700020167,0.930863609780436,0.0,3.4088263511657715,3.4097049236297607,318.88824129104614,4982.628770172596,64,1920,7320,1140,40660
extra,SGF_RFW_ST1L20_NM,1,45,0.9912527871857583,0.9631181074225384,0.125,3.593430519104004,3.617203950881958,318.9641079902649,4983.814187347889,64,1920,7320,1140,40660
extra,SGF_RFW_ST1L20_NM,0,46,0.9862390158842445,0.927617645781973,1.0,5.71757173538208,5.78989315032959,319.04819202423096,4985.128000378609,64,1920,7320,1140,40660
extra,SGF_RFW_ST1L20_NM,1,46,0.9861782826344022,0.9287518729334292,0.2916666666666667,4.617382049560547,3.7429850101470947,318.01156401634216,4968.930687755346,64,1920,7320,1140,40660
extra,SGF_RFW_ST1L20_NM,0,47,0.9906344246007442,0.9337785658629044,0.041666666666666664,2.965890407562256,2.3855252265930176,318.76193380355835,4980.655215680599,64,1920,7320,1140,40660
extra,SGF_RFW_ST1L20_NM,1,47,0.9897314680660414,0.9472170744253242,0.25,4.076916217803955,2.756868600845337,317.98323369026184,4968.488026410341,64,1920,7320,1140,40660
extra,SGF_RFW_ST1L20_NM,0,48,0.9851481701999717,0.9188805442789326,0.6666666666666666,4.78235387802124,4.8613362312316895,319.40759658813477,4990.743696689606,64,1920,7320,1140,40660
extra,SGF_RFW_ST1L20_NM,1,48,0.9915474093617082,0.943082191373991,0.3333333333333333,3.904024600982666,3.2753939628601074,318.26370573043823,4972.870402038097,64,1920,7320,1140,40660
extra,SGF_RFW_ST1L20_NM,0,49,0.9666024076714987,0.9208743170551633,1.0,13.500350952148438,14.991801261901855,319.23997473716736,4988.12460526824,64,1920,7320,1140,40660
extra,SGF_RFW_ST1L20_NM,1,49,0.9713924860040635,0.9424238425234089,1.0,12.083144187927246,15.421228408813477,317.8838918209076,4966.935809701681,64,1920,7320,1140,40660
extra,SGF_RFW_ST1L20_NM,0,50,0.9839653913340484,0.9376697397750356,1.0,9.780425071716309,7.136625289916992,320.65459275245667,5010.228011757135,64,1920,7320,1140,40660
extra,SGF_RFW_ST1L20_NM,1,50,0.9804926055781751,0.906483082667641,1.0,10.235284805297852,9.402482986450195,318.7453634738922,4980.396304279566,64,1920,7320,1140,40660
extra,SGF_RFW_ST1L20_NM,0,51,0.9847454123610424,0.876207023859024,0.5,3.7508251667022705,4.547548294067383,319.08395981788635,4985.686872154474,64,1920,7320,1140,40660
extra,SGF_RFW_ST1L20_NM,1,51,0.9726971315107585,0.8342559376488561,0.4583333333333333,4.86882209777832,4.573201656341553,318.36323857307434,4974.425602704287,64,1920,7320,1140,40660
extra,SGF_RFW_ST1L20_NM,0,52,0.9702106340764525,0.7627497723569041,0.9583333333333334,12.36352252960205,12.939784049987793,319.2289683818817,4987.952630966902,64,1920,7320,1140,40660
extra,SGF_RFW_ST1L20_NM,1,52,0.943511808323068,0.5258040305065073,1.0,13.083722114562988,14.42795181274414,318.70738101005554,4979.802828282118,64,1920,7320,1140,40660
extra,SGF_RFW_ST1L20_NM,0,53,0.9856801497366469,0.9482516387234563,1.0,15.511259078979492,16.235172271728516,319.5877766609192,4993.559010326862,64,1920,7320,1140,40660
extra,SGF_RFW_ST1L20_NM,1,53,0.9841709721591868,0.9483478017475294,1.0,17.477420806884766,16.35580825805664,318.704124212265,4979.751940816641,64,1920,7320,1140,40660
extra,SGF_RFW_ST1L20_NM,0,54,0.990691477369824,0.9740442711374034,0.2916666666666667,4.24541711807251,4.090343475341797,320.17352199554443,5002.711281180382,64,1920,7320,1140,40660
extra,SGF_RFW_ST1L20_NM,1,54,0.9905580116248975,0.9757501832816912,0.4583333333333333,5.087189197540283,4.687098026275635,318.82226157188416,4981.59783706069,64,1920,7320,1140,40660
extra,SGF_RFW_ST1L20_NM,0,55,0.9708307888818001,0.8016498101794202,0.4166666666666667,9.86284065246582,8.541370391845703,318.99232149124146,4984.255023300648,64,1920,7320,1140,40660
extra,SGF_RFW_ST1L20_NM,1,55,0.9820748208184105,0.8495454626238864,0.25,5.270446300506592,6.944098472595215,319.10863637924194,4986.072443425655,64,1920,7320,1140,40660
extra,SGF_RFW_ST1L20_NM,0,56,0.963480987220708,0.7262477175049161,1.0,12.01319408416748,15.046457290649414,317.92122292518616,4967.519108206034,64,1920,7320,1140,40660
extra,SGF_RFW_ST1L20_NM,1,56,0.9840550198341486,0.9073335126690244,1.0,13.152993202209473,16.855588912963867,318.8284537792206,4981.694590300322,64,1920,7320,1140,40660
extra,SGF_RFW_ST1L20_NM,0,57,0.9726471572216097,0.9216979897540548,1.0,10.065637588500977,9.557425498962402,318.1882872581482,4971.6919884085655,64,1920,7320,1140,40660
extra,SGF_RFW_ST1L20_NM,1,57,0.9707440343598773,0.9028006986431455,1.0,11.288351058959961,11.732745170593262,319.45412611961365,4991.470720618963,64,1920,7320,1140,40660
extra,SGF_RFW_ST1L20_NM,0,58,0.9778491820126242,0.8733885093875552,1.0,3.9727931022644043,3.557652473449707,317.93654584884644,4967.758528888226,64,1920,7320,1140,40660
extra,SGF_RFW_ST1L20_NM,1,58,0.9800721216740612,0.9123926668063455,1.0,4.94733190536499,4.975294589996338,319.1181597709656,4986.221246421337,64,1920,7320,1140,40660
extra,SGF_RFW_ST1L20_NM,0,59,0.9932358089179978,0.9835320659305739,0.875,3.7874603271484375,4.000309467315674,318.24903202056885,4972.641125321388,64,1920,7320,1140,40660
extra,SGF_RFW_ST1L20_NM,1,59,0.9950071814454438,0.9795109111329784,1.0,5.4536919593811035,5.471199035644531,319.2804186344147,4988.756541162729,64,1920,7320,1140,40660
extra,SGF_RFW_ST1L20_NM,0,60,0.9832391329989753,0.8983635021292645,1.0,5.853435516357422,7.935783863067627,318.75653767585754,4980.570901185274,64,1920,7320,1140,40660
extra,SGF_RFW_ST1L20_NM,1,60,0.9906236004082976,0.9596560545589613,1.0,4.10287618637085,3.934446334838867,319.2289340496063,4987.952094525099,64,1920,7320,1140,40660
extra,SGF_RFW_ST1L20_NM,0,61,0.9883670049566726,0.9383082817430082,0.25,3.8736109733581543,4.0691351890563965,318.47218227386475,4976.127848029137,64,1920,7320,1140,40660
extra,SGF_RFW_ST1L20_NM,1,61,0.9879443841365892,0.8940263118432915,0.75,3.8212101459503174,4.676532745361328,320.57883882522583,5009.044356644154,64,1920,7320,1140,40660
extra,SGF_RFW_ST1L20_NM,0,62,0.9847656405199646,0.9223152619341145,1.0,8.383133888244629,7.407608985900879,318.80478835105896,4981.324817985296,64,1920,7320,1140,40660
extra,SGF_RFW_ST1L20_NM,1,62,0.9841075375466773,0.9291485237038654,0.75,8.409658432006836,7.3385772705078125,319.4035801887512,4990.680940449238,64,1920,7320,1140,40660
extra,SGF_RFW_ST1L20_NM,0,63,0.9950008715883275,0.9778471265150154,0.125,3.2394485473632812,3.5144295692443848,318.95859265327454,4983.728010207415,64,1920,7320,1140,40660
extra,SGF_RFW_ST1L20_NM,1,63,0.9939306547132597,0.9698008920835411,0.041666666666666664,3.0612282752990723,2.411829948425293,320.12167859077454,5001.901227980852,64,1920,7320,1140,40660
extra,SGF_RFW_ST1L20_NM,0,64,0.9878127321120628,0.92910068968068,0.3333333333333333,2.937744379043579,4.739807605743408,318.83095812797546,4981.733720749617,64,1920,7320,1140,40660
extra,SGF_RFW_ST1L20_NM,1,64,0.9915084495100621,0.9522471803685894,0.5833333333333334,4.030635356903076,4.2462005615234375,319.10087752342224,4985.9512113034725,64,1920,7320,1140,40660
extra,SGF_RFW_ST1L20_NM,0,65,0.9773558025232957,0.8111374339331752,0.9583333333333334,6.438477039337158,7.720389366149902,319.082816362381,4985.669005662203,64,1920,7320,1140,40660
extra,SGF_RFW_ST1L20_NM,1,65,0.9859126764010983,0.90471729506617,1.0,5.9738616943359375,4.81220817565918,318.0227930545807,4969.106141477823,64,1920,7320,1140,40660
extra,SGF_RFW_ST1L20_NM,0,66,0.9914686502129116,0.9227777939775715,0.0,2.9564125537872314,3.2350847721099854,318.8954904079437,4982.742037624121,64,1920,7320,1140,40660
extra,SGF_RFW_ST1L20_NM,1,66,0.9905457189847722,0.9307078965332197,0.0,3.557774782180786,3.455709218978882,317.98492431640625,4968.514442443848,64,1920,7320,1140,40660
extra,SGF_RFW_ST1L20_NM,0,67,0.9883554977220328,0.9138637107351552,0.625,10.252408981323242,7.5580525398254395,319.45070815086365,4991.4173148572445,64,1920,7320,1140,40660
extra,SGF_RFW_ST1L20_NM,1,67,0.991132784120459,0.9640335129654926,0.8333333333333334,7.773326873779297,7.0659589767456055,318.2741446495056,4973.033510148525,64,1920,7320,1140,40660
extra,SGF_RFW_ST1L20_NM,0,68,0.9660311224433594,0.7188515883425007,0.4166666666666667,6.5402960777282715,6.932853698730469,320.65008425712585,5010.1575665175915,64,1920,7320,1140,40660
extra,SGF_RFW_ST1L20_NM,1,68,0.9666520239432321,0.7807698457137399,0.9583333333333334,14.141462326049805,16.297069549560547,317.9298987388611,4967.654667794704,64,1920,7320,1140,40660
extra,SGF_RFW_ST1L20_NM,0,69,0.9737879461835822,0.8611052865567416,0.9583333333333334,10.074052810668945,11.930374145507812,319.2487382888794,4988.2615357637405,64,1920,7320,1140,40660
extra,SGF_RFW_ST1L20_NM,1,69,0.980805798396721,0.8669713191364122,0.875,10.278251647949219,9.544656753540039,318.88773560523987,4982.620868831873,64,1920,7320,1140,40660
extra,SGF_RFW_ST1L20_NM,0,70,0.966542755988065,0.7911740204562312,0.9583333333333334,13.588471412658691,19.524188995361328,319.04096031188965,4985.015004873276,64,1920,7320,1140,40660
extra,SGF_RFW_ST1L20_NM,1,70,0.9675365751880246,0.7947988795197528,1.0,15.21714973449707,15.555697441101074,318.39169239997864,4974.870193749666,64,1920,7320,1140,40660
extra,SGF_RFW_ST1L20_NM,0,71,0.9821321958437554,0.9103817032731097,0.9583333333333334,18.496530532836914,21.69831085205078,319.24513816833496,4988.205283880234,64,1920,7320,1140,40660
extra,SGF_RFW_ST1L20_NM,1,71,0.9797646008051917,0.9000358646330625,1.0,18.0267333984375,18.076425552368164,318.7641363143921,4980.689629912376,64,1920,7320,1140,40660
extra,SGF_RFW_ST1L20_NM,0,72,0.9743242779164777,0.7930448742016502,1.0,11.283100128173828,11.594124794006348,319.6752510070801,4994.925796985626,64,1920,7320,1140,40660
extra,SGF_RFW_ST1L20_NM,1,72,0.9771206401205396,0.9155229705831279,1.0,11.99687385559082,12.08770751953125,318.8722724914551,4982.379257678986,64,1920,7320,1140,40660
extra,SGF_RFW_ST1L20_NM,0,73,0.9884171248300803,0.8958575453447258,0.5,5.993669509887695,5.735062122344971,320.1619951725006,5002.531174570322,64,1920,7320,1140,40660
extra,SGF_RFW_ST1L20_NM,1,73,0.975016795114226,0.8273396932560465,0.7916666666666666,7.3241963386535645,7.149779319763184,318.7734682559967,4980.8354414999485,64,1920,7320,1140,40660
extra,SGF_RFW_ST1L20_NM,0,74,0.9757362635466001,0.8514075823452162,1.0,5.808761119842529,5.641487121582031,319.07044434547424,4985.475692898035,64,1920,7320,1140,40660
extra,SGF_RFW_ST1L20_NM,1,74,0.9776463513046681,0.899578808442406,1.0,7.001229763031006,6.6915082931518555,319.0379800796509,4984.968438744545,64,1920,7320,1140,40660
extra,SGF_RFW_ST1L20_NM,0,75,0.986496333109773,0.9653966051080952,0.9166666666666666,8.008135795593262,10.485904693603516,317.9531283378601,4968.017630279064,64,1920,7320,1140,40660
extra,SGF_RFW_ST1L20_NM,1,75,0.9878055897716411,0.9623932371968809,1.0,11.550395965576172,12.653238296508789,318.75854778289795,4980.6023091077805,64,1920,7320,1140,40660
extra,SGF_RFW_ST1L20_NM,0,76,0.9721177317305186,0.8061841648557911,1.0,10.245779037475586,9.03152084350586,317.96481919288635,4968.200299888849,64,1920,7320,1140,40660
extra,SGF_RFW_ST1L20_NM,1,76,0.974633103155079,0.8414580834948499,1.0,11.597789764404297,10.500691413879395,319.47011137008667,4991.720490157604,64,1920,7320,1140,40660
extra,SGF_RFW_ST1L20_NM,0,77,0.982800144942812,0.921083767776904,0.3333333333333333,5.7574543952941895,6.083135604858398,318.1320011615753,4970.812518149614,64,1920,7320,1140,40660
extra,SGF_RFW_ST1L20_NM,1,77,0.9794719454688329,0.8511497818905375,0.3333333333333333,4.466762542724609,5.6793107986450195,319.3721122741699,4990.189254283905,64,1920,7320,1140,40660
extra,SGF_RFW_ST1L20_NM,0,78,0.9851771877724395,0.9465913189494092,1.0,11.707632064819336,13.61684513092041,318.27564692497253,4973.056983202696,64,1920,7320,1140,40660
extra,SGF_RFW_ST1L20_NM,1,78,0.9831761961431752,0.9450749469840009,1.0,8.266999244689941,10.140870094299316,319.2650218009949,4988.515965640545,64,1920,7320,1140,40660
extra,SGF_RFW_ST1L20_NM,0,79,0.9852722270768123,0.9097755551338196,0.20833333333333334,5.8238525390625,5.297544956207275,318.825471162796,4981.647986918688,64,1920,7320,1140,40660
extra,SGF_RFW_ST1L20_NM,1,79,0.9821044774549775,0.8825352619523588,0.125,5.162351131439209,5.563804626464844,319.2426311969757,4988.166112452745,64,1920,7320,1140,40660
extra,SGF_RFW_ST1L20_NM,0,80,0.9868711004793739,0.9518865035927814,0.125,4.364372730255127,3.9810750484466553,318.4665732383728,4976.040206849575,64,1920,7320,1140,40660
extra,SGF_RFW_ST1L20_NM,1,80,0.9855862088153348,0.9404012210991072,1.0,4.8105669021606445,5.6569132804870605,320.7987926006317,5012.4811343848705,64,1920,7320,1140,40660
extra,SGF_RFW_ST1L20_NM,0,81,0.9867336369995048,0.9160614350567693,0.8333333333333334,11.620452880859375,15.229395866394043,318.7568256855011,4980.575401335955,64,1920,7320,1140,40660
extra,SGF_RFW_ST1L20_NM,1,81,0.9655005228193422,0.6053908661655758,0.4583333333333333,7.9063873291015625,9.896074295043945,319.38261556625366,4990.3533682227135,64,1920,7320,1140,40660
extra,SGF_RFW_ST1L20_NM,0,82,0.9584326006248703,0.8538726140623507,1.0,9.177425384521484,8.538991928100586,318.98616456985474,4984.15882140398,64,1920,7320,1140,40660
extra,SGF_RFW_ST1L20_NM,1,82,0.9439623755692669,0.743611497723538,1.0,6.626748085021973,6.795835018157959,320.20837354660034,5003.25583666563,64,1920,7320,1140,40660
extra,SGF_RFW_ST1L20_NM,0,83,0.9873808262453068,0.8644285111323647,0.16666666666666666,3.7997708320617676,3.8858864307403564,318.87288427352905,4982.388816773891,64,1920,7320,1140,40660
extra,SGF_RFW_ST1L20_NM,1,83,0.9826911252320846,0.8678669540778451,0.9166666666666666,5.471493721008301,5.115063190460205,318.9842119216919,4984.128311276436,64,1920,7320,1140,40660
extra,SGF_RFW_ST1L20_NM,0,84,0.9719528006021502,0.8552202154760775,1.0,12.20785903930664,10.71127986907959,319.04166984558105,4985.026091337204,64,1920,7320,1140,40660
extra,SGF_RFW_ST1L20_NM,1,84,0.9757863184480176,0.9025514631167703,1.0,12.724376678466797,16.558374404907227,318.03761553764343,4969.337742775679,64,1920,7320,1140,40660
extra,SGF_RFW_ST1L20_NM,0,85,0.9698141147239925,0.9445806560309037,1.0,9.543010711669922,9.048904418945312,318.8587849140167,4982.168514281511,64,1920,7320,1140,40660
extra,SGF_RFW_ST1L20_NM,1,85,0.9712971712075182,0.9500922690267148,1.0,7.049079895019531,6.605890274047852,317.9925398826599,4968.633435666561,64,1920,7320,1140,40660
extra,SGF_RFW_ST1L20_NM,0,86,0.9775551984803647,0.8631295445172683,1.0,9.96422004699707,9.66818904876709,319.44941997528076,4991.397187113762,64,1920,7320,1140,40660
extra,SGF_RFW_ST1L20_NM,1,86,0.9857546987194764,0.9096014525579369,1.0,6.335989475250244,8.34783935546875,318.255348443985,4972.739819437265,64,1920,7320,1140,40660
extra,SGF_RFW_ST1L20_NM,0,87,0.9889703424966475,0.9342959600946178,0.875,4.560567378997803,3.3667185306549072,320.664391040802,5010.381110012531,64,1920,7320,1140,40660
extra,SGF_RFW_ST1L20_NM,1,87,0.9867686905850969,0.9504095367763353,0.8333333333333334,6.079134941101074,4.990218639373779,317.83077597618103,4966.105874627829,64,1920,7320,1140,40660
extra,SGF_RFW_ST1L20_NM,0,88,0.9909705306790095,0.9499449030212735,0.4583333333333333,5.113565921783447,4.487288475036621,319.2180700302124,4987.782344222069,64,1920,7320,1140,40660
extra,SGF_RFW_ST1L20_NM,1,88,0.9897250554417066,0.9592294369054878,0.5,6.381412029266357,5.746952533721924,318.7880861759186,4981.063846498728,64,1920,7320,1140,40660
extra,SGF_RFW_ST1L20_NM,0,89,0.9785904627927516,0.8757288572580918,0.8333333333333334,8.207390785217285,9.188709259033203,319.05514121055603,4985.236581414938,64,1920,7320,1140,40660
extra,SGF_RFW_ST1L20_NM,1,89,0.9851449798617194,0.9189655599386796,0.75,11.601823806762695,10.688066482543945,318.3100564479828,4973.594631999731,64,1920,7320,1140,40660
extra,SGF_RFW_ST1L20_NM,0,90,0.9806113616454061,0.9296550439751666,1.0,14.169947624206543,12.763855934143066,319.2458164691925,4988.215882331133,64,1920,7320,1140,40660
extra,SGF_RFW_ST1L20_NM,1,90,0.9751699409089772,0.9140253248422042,1.0,16.565420150756836,16.386268615722656,318.73155641555786,4980.180568993092,64,1920,7320,1140,40660
extra,SGF_RFW_ST1L20_NM,0,91,0.9902657697582131,0.9603834113349086,0.041666666666666664,5.866373538970947,4.953127384185791,319.5111186504364,4992.361228913069,64,1920,7320,1140,40660
extra,SGF_RFW_ST1L20_NM,1,91,0.9865541656213787,0.9599945765474568,0.4583333333333333,8.311617851257324,8.468637466430664,318.8184654712677,4981.538522988558,64,1920,7320,1140,40660
extra,SGF_RFW_ST1L20_NM,0,92,0.9888282727010337,0.970788546230482,0.8333333333333334,4.905763149261475,7.264683246612549,320.1714961528778,5002.679627388716,64,1920,7320,1140,40660
extra,SGF_RFW_ST1L20_NM,1,92,0.9922645539914731,0.9724329437898552,0.8333333333333334,5.33310079574585,6.01370906829834,318.6625335216522,4979.102086275816,64,1920,7320,1140,40660
extra,SGF_RFW_ST1L20_NM,0,93,0.9736680427204871,0.8702839923941571,1.0,15.939830780029297,16.439712524414062,319.01282143592834,4984.57533493638,64,1920,7320,1140,40660
extra,SGF_RFW_ST1L20_NM,1,93,0.9711516213469266,0.8885595487511676,1.0,17.37098503112793,19.614953994750977,319.0535922050476,4985.212378203869,64,1920,7320,1140,40660
extra,SGF_RFW_ST1L20_NM,0,94,0.9653150951500221,0.8199058252832164,0.3333333333333333,7.141402721405029,5.948592662811279,317.9232368469238,4967.550575733185,64,1920,7320,1140,40660
extra,SGF_RFW_ST1L20_NM,1,94,0.9740539788536128,0.8378777905650759,0.0,6.466709613800049,7.625283718109131,318.80156779289246,4981.274496763945,64,1920,7320,1140,40660
extra,SGF_RFW_ST1L20_NM,0,95,0.9749764035045289,0.8935965701289798,1.0,12.342934608459473,15.40646743774414,317.95186948776245,4967.997960746288,64,1920,7320,1140,40660
extra,SGF_RFW_ST1L20_NM,1,95,0.9809905652722888,0.9465549471585647,0.9583333333333334,8.433696746826172,8.627735137939453,319.5017430782318,4992.214735597372,64,1920,7320,1140,40660
extra,SGF_RFW_ST1L20_NM,0,96,0.9695445584966672,0.7996576622776365,1.0,6.543047904968262,7.653660774230957,318.0455095767975,4969.461087137461,64,1920,7320,1140,40660
extra,SGF_RFW_ST1L20_NM,1,96,0.9698260534056024,0.7941125488799551,1.0,6.9281439781188965,6.861978054046631,319.0769076347351,4985.576681792736,64,1920,7320,1140,40660
extra,SGF_RFW_ST1L20_NM,0,97,0.934339762343155,0.7629126530626545,1.0,9.662013053894043,8.953378677368164,318.25849318504333,4972.788956016302,64,1920,7320,1140,40660
extra,SGF_RFW_ST1L20_NM,1,97,0.9378498080605517,0.7138405934624051,1.0,10.813948631286621,9.352791786193848,319.30796575546265,4989.186964929104,64,1920,7320,1140,40660
extra,SGF_RFW_ST1L20_NM,0,98,0.9870781923506899,0.9247678025909091,0.75,4.525304317474365,8.645034790039062,318.8288326263428,4981.700509786606,64,1920,7320,1140,40660
extra,SGF_RFW_ST1L20_NM,1,98,0.9867493200770112,0.9225411479887754,0.16666666666666666,11.534259796142578,13.4075288772583,319.3173031806946,4989.332862198353,64,1920,7320,1140,40660
extra,SGF_RFW_ST1L20_NM,0,99,0.9915156566771479,0.9677448855793994,0.08333333333333333,10.17117691040039,8.6121244430542,318.3541672229767,4974.283862859011,64,1920,7320,1140,40660
extra,SGF_RFW_ST1L20_NM,1,99,0.9887279889750792,0.953310649032178,0.041666666666666664,8.671772003173828,10.638837814331055,320.6281785964966,5009.815290570259,64,1920,7320,1140,40660
extra,SGF_RFW_ST1L20_NM,0,100,0.9939032191612718,0.9621756802434507,0.08333333333333333,2.233428478240967,1.7824559211730957,318.73983883857727,4980.30998185277,64,1920,7320,1140,40660
extra,SGF_RFW_ST1L20_NM,1,100,0.9933514900918056,0.9492369760637698,0.4583333333333333,3.5400736331939697,4.267509937286377,319.4260857105255,4991.032589226961,64,1920,7320,1140,40660
extra,SGF_RFW_ST1L20_NM,0,101,0.9923738173241462,0.9680729806423187,0.08333333333333333,4.744243621826172,5.337932586669922,318.9181659221649,4983.096342533827,64,1920,7320,1140,40660
extra,SGF_RFW_ST1L20_NM,1,101,0.992849858865389,0.9632384012574735,0.08333333333333333,5.161330699920654,4.497958660125732,320.12369990348816,5001.9328109920025,64,1920,7320,1140,40660
extra,SGF_RFW_ST1L20_NM,0,102,0.989414600613324,0.9752882291441378,1.0,6.596899509429932,7.430190086364746,318.8366758823395,4981.823060661554,64,1920,7320,1140,40660
extra,SGF_RFW_ST1L20_NM,1,102,0.9900523651916276,0.9720261019209157,0.08333333333333333,4.559107780456543,5.016207695007324,319.06200194358826,4985.3437803685665,64,1920,7320,1140,40660
extra,SGF_RFW_ST1L20_NM,0,103,0.9880981646032417,0.9514007710892222,0.5,4.922050476074219,5.875185012817383,319.1116759777069,4986.1199371516705,64,1920,7320,1140,40660
extra,SGF_RFW_ST1L20_NM,1,103,0.9886130364605844,0.9676834007968074,0.625,6.975485801696777,6.709853172302246,318.1363515853882,4970.88049352169,64,1920,7320,1140,40660
extra,SGF_RFW_ST1L20_NM,0,104,0.9805332057133079,0.889973398136056,0.9583333333333334,5.229334354400635,4.462357044219971,318.87453603744507,4982.414625585079,64,1920,7320,1140,40660
extra,SGF_RFW_ST1L20_NM,1,104,0.985978687631793,0.9460013806819916,1.0,6.187646865844727,5.892733573913574,317.98560309410095,4968.525048345327,64,1920,7320,1140,40660
extra,SGF_RFW_ST1L20_NM,0,105,0.9908410703475178,0.9242514294126759,0.125,6.068662643432617,7.131041526794434,319.43199014663696,4991.1248460412025,64,1920,7320,1140,40660
extra,SGF_RFW_ST1L20_NM,1,105,0.9937814350859581,0.974163514116536,0.20833333333333334,7.246119499206543,8.116805076599121,318.28275847435,4973.168101161718,64,1920,7320,1140,40660
extra,SGF_RFW_ST1L20_NM,0,106,0.9833056202397609,0.8965670712616133,0.9583333333333334,9.861397743225098,12.951412200927734,319.31953620910645,4989.367753267288,64,1920,7320,1140,40660
extra,SGF_RFW_ST1L20_NM,1,106,0.9843426822717575,0.9171759680561399,0.9583333333333334,8.811120986938477,9.661805152893066,317.95006370544434,4967.969745397568,64,1920,7320,1140,40660
extra,SGF_RFW_ST1L20_NM,0,107,0.9882800814025258,0.9366270666537077,0.2916666666666667,3.836907148361206,9.140039443969727,320.66067600250244,5010.323062539101,64,1920,7320,1140,40660
extra,SGF_RFW_ST1L20_NM,1,107,0.9900893332771824,0.9611372688542241,0.0,4.091468334197998,4.725673675537109,318.8300623893738,4981.719724833965,64,1920,7320,1140,40660
extra,SGF_RFW_ST1L20_NM,0,108,0.9867527860165349,0.925107664388159,0.2916666666666667,7.513491153717041,7.6117448806762695,319.04893040657043,4985.139537602663,64,1920,7320,1140,40660
extra,SGF_RFW_ST1L20_NM,1,108,0.9819316203020688,0.8780493904714999,0.5833333333333334,9.357369422912598,11.2260103225708,318.6044578552246,4978.1946539878845,64,1920,7320,1140,40660
extra,SGF_RFW_ST1L20_NM,0,109,0.9804996461707574,0.965591126162073,0.7083333333333334,6.386515140533447,7.348971366882324,319.2166426181793,4987.760040909052,64,1920,7320,1140,40660
extra,SGF_RFW_ST1L20_NM,1,109,0.987352436037222,0.9780636287253835,0.0,4.268177032470703,3.793323516845703,318.75967049598694,4980.619851499796,64,1920,7320,1140,40660
extra,SGF_RFW_ST1L20_NM,0,110,0.9920347107866553,0.976813264515089,0.25,6.073421001434326,6.792583465576172,319.5707025527954,4993.292227387428,64,1920,7320,1140,40660
extra,SGF_RFW_ST1L20_NM,1,110,0.9908819234553271,0.9657626501891924,0.20833333333333334,5.7515740394592285,6.787892818450928,318.9617009162903,4983.776576817036,64,1920,7320,1140,40660
extra,SGF_RFW_ST1L20_NM,0,111,0.9757594279334337,0.8776174135830092,0.9583333333333334,4.346399784088135,4.5401835441589355,320.11146092414856,5001.741576939821,64,1920,7320,1140,40660
extra,SGF_RFW_ST1L20_NM,1,111,0.9819264119234612,0.9182177406290303,0.8333333333333334,3.7052929401397705,4.302477836608887,318.8691318035126,4982.330184429884,64,1920,7320,1140,40660
extra,SGF_RFW_ST1L20_NM,0,112,0.9863416308322132,0.9299356470937314,0.8333333333333334,6.2122907638549805,6.532036304473877,319.07557940483093,4985.555928200483,64,1920,7320,1140,40660
extra,SGF_RFW_ST1L20_NM,1,112,0.9829821458126903,0.8669962857080543,0.75,7.340542793273926,9.468592643737793,319.1014573574066,4985.960271209478,64,1920,7320,1140,40660
extra,SGF_RFW_ST1L20_NM,0,113,0.986346080826206,0.9641043284664983,1.0,13.661945343017578,16.82695960998535,317.8570580482483,4966.51653200388,64,1920,7320,1140,40660
extra,SGF_RFW_ST1L20_NM,1,113,0.9847229081715252,0.94929464355759,1.0,12.904777526855469,17.79273796081543,318.85972833633423,4982.183255255222,64,1920,7320,1140,40660
extra,SGF_RFW_ST1L20_NM,0,114,0.9819435672506289,0.9516393036946006,0.75,4.761271953582764,4.063840389251709,318.1290855407715,4970.766961574554,64,1920,7320,1140,40660
extra,SGF_RFW_ST1L20_NM,1,114,0.978323331563811,0.9425246287947115,0.6666666666666666,3.7726473808288574,4.287248611450195,319.51790714263916,4992.467299103737,64,1920,7320,1140,40660
extra,SGF_RFW_ST1L20_NM,0,115,0.9821948885104529,0.9323373890441397,1.0,7.984242916107178,8.366349220275879,317.9842460155487,4968.5038439929485,64,1920,7320,1140,40660
extra,SGF_RFW_ST1L20_NM,1,115,0.979737257582363,0.936201028201891,1.0,8.721765518188477,7.529782772064209,319.05869579315186,4985.292121767998,64,1920,7320,1140,40660
extra,SGF_RFW_ST1L20_NM,0,116,0.9842190943948567,0.9679007335849429,0.125,3.9330294132232666,3.448652982711792,318.29918098449707,4973.424702882767,64,1920,7320,1140,40660
extra,SGF_RFW_ST1L20_NM,1,116,0.9884979004505094,0.9710740485916967,0.041666666666666664,2.9635415077209473,2.9150593280792236,319.2660026550293,4988.531291484833,64,1920,7320,1140,40660
extra,SGF_RFW_ST1L20_NM,0,117,0.9752902557320278,0.8267345376636671,1.0,9.166601181030273,12.956034660339355,318.7976417541504,4981.2131524086,64,1920,7320,1140,40660
extra,SGF_RFW_ST1L20_NM,1,117,0.9802297558459299,0.8631171182445859,0.3333333333333333,7.0092902183532715,10.340742111206055,319.2059395313263,4987.592805176973,64,1920,7320,1140,40660
extra,SGF_RFW_ST1L20_NM,0,118,0.9781002318062958,0.9259525369042936,1.0,6.837305068969727,7.159196376800537,318.6003851890564,4978.131018579006,64,1920,7320,1140,40660
extra,SGF_RFW_ST1L20_NM,1,118,0.9590508725446533,0.8566449621449346,1.0,15.368050575256348,16.183469772338867,319.4338550567627,4991.153985261917,64,1920,7320,1140,40660
extra,SGF_RFW_ST1L20_NM,0,119,0.9844469279388752,0.9253717570201211,0.041666666666666664,5.874983310699463,5.187360763549805,318.82235503196716,4981.599297374487,64,1920,7320,1140,40660
extra,SGF_RFW_ST1L20_NM,1,119,0.9869452421175472,0.9631743832774783,0.08333333333333333,4.982809066772461,4.974735736846924,320.6896245479584,5010.77538356185,64,1920,7320,1140,40660
extra,SGF_RFW_ST1L20_NM,0,120,0.9899042328431774,0.956022577441257,0.08333333333333333,3.246600866317749,3.641511917114258,318.88050389289856,4982.50787332654,64,1920,7320,1140,40660
extra,SGF_RFW_ST1L20_NM,1,120,0.9926101690787151,0.9715907353421916,0.0,3.959846019744873,3.7444252967834473,320.17998242378235,5002.812225371599,64,1920,7320,1140,40660
extra,SGF_RFW_ST1L20_NM,0,121,0.9858484433404547,0.8961589440055514,0.3333333333333333,10.439371109008789,8.345574378967285,318.9104561805725,4982.9758778214455,64,1920,7320,1140,40660
extra,SGF_RFW_ST1L20_NM,1,121,0.9823213605508624,0.9306263249853383,0.08333333333333333,8.045475006103516,6.562704086303711,318.93590259552,4983.373478055,64,1920,7320,1140,40660
extra,SGF_RFW_ST1L20_NM,0,122,0.990733042905969,0.9525992170624112,0.0,4.40612268447876,4.828664779663086,319.0531985759735,4985.206227749586,64,1920,7320,1140,40660
extra,SGF_RFW_ST1L20_NM,1,122,0.9925077316003431,0.9822244294311689,0.0,4.228321552276611,3.6247832775115967,317.9682819843292,4968.254406005144,64,1920,7320,1140,40660
extra,SGF_RFW_ST1L20_NM,0,123,0.9760569577569025,0.9214776832124462,0.4583333333333333,8.386923789978027,12.788207054138184,318.7840359210968,4981.0005612671375,64,1920,7320,1140,40660
extra,SGF_RFW_ST1L20_NM,1,123,0.9712710909507539,0.8311431278353152,0.7916666666666666,12.658489227294922,13.147859573364258,318.23526191711426,4972.42596745491,64,1920,7320,1140,40660
extra,SGF_RFW_ST1L20_NM,0,124,0.9816988216003705,0.8722777224105337,0.0,3.8460803031921387,4.127802848815918,319.3968985080719,4990.576539188623,64,1920,7320,1140,40660
extra,SGF_RFW_ST1L20_NM,1,124,0.977227441162119,0.8324808672718381,0.0,5.661855697631836,7.193435192108154,318.29580307006836,4973.371922969818,64,1920,7320,1140,40660
extra,SGF_RFW_ST1L20_NM,0,125,0.9895302583663085,0.9727961472843004,0.20833333333333334,10.153549194335938,10.358871459960938,319.3020761013031,4989.094939082861,64,1920,7320,1140,40660
extra,SGF_RFW_ST1L20_NM,1,125,0.9854311004829359,0.9671154164749644,0.625,11.684490203857422,13.840386390686035,317.8501834869385,4966.409116983414,64,1920,7320,1140,40660
extra,SGF_RFW_ST1L20_NM,0,126,0.9540844104182615,0.688068587494933,0.8333333333333334,10.088385581970215,11.147968292236328,320.69028401374817,5010.785687714815,64,1920,7320,1140,40660
extra,SGF_RFW_ST1L20_NM,1,126,0.9846084160818259,0.9248757440110912,1.0,6.838587284088135,5.9513726234436035,318.7963423728943,4981.192849576473,64,1920,7320,1140,40660
extra,SGF_RFW_ST1L20_NM,0,127,0.9705285226897523,0.8212614940560382,1.0,11.279868125915527,7.735353946685791,319.10531640052795,4986.020568758249,64,1920,7320,1140,40660
extra,SGF_RFW_ST1L20_NM,1,127,0.9768788722758237,0.8866487274999204,1.0,8.442877769470215,9.40110969543457,318.42282152175903,4975.356586277485,64,1920,7320,1140,40660
extra,SGF_RFW_ST1L20_NM,0,128,0.9685793448514031,0.7515859467827756,0.625,4.268251419067383,5.4069390296936035,319.2447531223297,4988.199267536402,64,1920,7320,1140,40660
extra,SGF_RFW_ST1L20_NM,1,128,0.9527723827465074,0.6495294577401617,1.0,7.778700351715088,8.988851547241211,319.054625749588,4985.228527337313,64,1920,7320,1140,40660
extra,SGF_RFW_ST1L20_NM,0,129,0.988323453403043,0.9699008076087289,0.875,7.749387741088867,7.6792120933532715,319.5506269931793,4992.978546768427,64,1920,7320,1140,40660
extra,SGF_RFW_ST1L20_NM,1,129,0.9775753257630596,0.86843316062637,0.5,7.259726047515869,6.868142127990723,318.89529848098755,4982.73903876543,64,1920,7320,1140,40660
extra,SGF_RFW_ST1L20_NM,0,130,0.9765826635229767,0.8550051671007405,1.0,11.30855655670166,12.066789627075195,320.15530490875244,5002.426639199257,64,1920,7320,1140,40660
extra,SGF_RFW_ST1L20_NM,1,130,0.987095492909211,0.9620375348174054,1.0,9.649762153625488,7.300120830535889,318.8609447479248,4982.202261686325,64,1920,7320,1140,40660
extra,SGF_RFW_ST1L20_NM,0,131,0.9832958772906043,0.9411305551943571,1.0,7.456665515899658,9.292559623718262,319.00085067749023,4984.388291835785,64,1920,7320,1140,40660
extra,SGF_RFW_ST1L20_NM,1,131,0.9746190545434456,0.9685695352761642,0.8333333333333334,13.320611000061035,15.69202709197998,319.05544996261597,4985.2414056658745,64,1920,7320,1140,40660
extra,SGF_RFW_ST1L20_NM,0,132,0.9788527759402091,0.9495317586090254,0.08333333333333333,7.9263410568237305,8.02340316772461,318.06820034980774,4969.815630465746,64,1920,7320,1140,40660
extra,SGF_RFW_ST1L20_NM,1,132,0.964914531363226,0.9187158747859622,0.875,6.511813640594482,11.265304565429688,318.8022654056549,4981.285396963358,64,1920,7320,1140,40660
extra,SGF_RFW_ST1L20_NM,0,133,0.9739281653124182,0.8828216596789981,1.0,13.66028881072998,19.191072463989258,317.8292016983032,4966.081276535988,64,1920,7320,1140,40660
extra,SGF_RFW_ST1L20_NM,1,133,0.9760912525710387,0.9160818859286929,1.0,17.52337646484375,21.187593460083008,319.5207710266113,4992.512047290802,64,1920,7320,1140,40660
extra,SGF_RFW_ST1L20_NM,0,134,0.9820123654285893,0.941435447205668,0.125,3.1519248485565186,3.070129156112671,317.9679901599884,4968.249846249819,64,1920,7320,1140,40660
extra,SGF_RFW_ST1L20_NM,1,134,0.9837155783234502,0.912070420773133,0.75,5.058150768280029,5.151866436004639,319.0977957248688,4985.903058201075,64,1920,7320,1140,40660
extra,SGF_RFW_ST1L20_NM,0,135,0.9896262249175347,0.9563860906207043,0.20833333333333334,6.297266483306885,6.954148292541504,318.2833790779114,4973.177798092365,64,1920,7320,1140,40660
extra,SGF_RFW_ST1L20_NM,1,135,0.989759679760752,0.9634179226730181,0.0,4.6220269203186035,4.173678398132324,319.3222541809082,4989.410221576691,64,1920,7320,1140,40660
extra,SGF_RFW_ST1L20_NM,0,136,0.9830483346712713,0.9605107359264208,0.75,12.292431831359863,10.589198112487793,318.89991211891174,4982.811126857996,64,1920,7320,1140,40660
extra,SGF_RFW_ST1L20_NM,1,136,0.9768345373238313,0.8723110763922982,0.75,10.17073917388916,11.598095893859863,319.23639822006226,4988.068722188473,64,1920,7320,1140,40660
extra,SGF_RFW_ST1L20_NM,0,137,0.9790524398169232,0.8906251464201057,1.0,21.66590118408203,22.6997013092041,318.3474283218384,4974.178567528725,64,1920,7320,1140,40660
extra,SGF_RFW_ST1L20_NM,1,137,0.9840520854099863,0.928681994261949,1.0,16.380002975463867,15.465998649597168,319.5155417919159,4992.430340498686,64,1920,7320,1140,40660
extra,SGF_RFW_ST1L20_NM,0,138,0.9863780830715942,0.8366153045840884,0.16666666666666666,7.334964752197266,5.714146614074707,318.7368474006653,4980.263240635395,64,1920,7320,1140,40660
extra,SGF_RFW_ST1L20_NM,1,138,0.9915054645923288,0.8978356744932091,0.0,4.92240571975708,6.39223575592041,320.7130789756775,5011.141858994961,64,1920,7320,1140,40660
extra,SGF_RFW_ST1L20_NM,0,139,0.9726689809831165,0.8459035533925762,1.0,12.151180267333984,15.807291984558105,318.7932221889496,4981.144096702337,64,1920,7320,1140,40660
extra,SGF_RFW_ST1L20_NM,1,139,0.9792207545573288,0.9199827922427136,1.0,9.502516746520996,9.08427906036377,320.0914158821106,5001.428373157978,64,1920,7320,1140,40660
extra,SGF_RFW_ST1L20_NM,0,140,0.9802161732361573,0.8753323062606478,0.9583333333333334,6.9457106590271,6.27955436706543,318.84230303764343,4981.910984963179,64,1920,7320,1140,40660
extra,SGF_RFW_ST1L20_NM,1,140,0.9873043766367778,0.9250035920868749,0.8333333333333334,8.944221496582031,9.403627395629883,318.98858976364136,4984.196715056896,64,1920,7320,1140,40660
extra,SGF_RFW_ST1L20_NM,0,141,0.9941529012768293,0.9733124297598134,0.5,4.144755840301514,3.9467551708221436,319.09855365753174,4985.914900898933,64,1920,7320,1140,40660
extra,SGF_RFW_ST1L20_NM,1,141,0.99439291946435,0.977392844531847,0.16666666666666666,3.621676206588745,3.1545627117156982,317.9882707595825,4968.566730618477,64,1920,7320,1140,40660
extra,SGF_RFW_ST1L20_NM,0,142,0.9972383615807406,0.9913644272348155,0.0,3.0436289310455322,3.854645252227783,318.7996208667755,4981.244076043367,64,1920,7320,1140,40660
extra,SGF_RFW_ST1L20_NM,1,142,0.9973219596998609,0.9920987111070881,0.0,4.245781898498535,3.5598576068878174,318.2483696937561,4972.630776464939,64,1920,7320,1140,40660
extra,SGF_RFW_ST1L20_NM,0,143,0.9790014046554107,0.9584117117135421,0.25,8.70753288269043,6.866953372955322,319.3868374824524,4990.419335663319,64,1920,7320,1140,40660
extra,SGF_RFW_ST1L20_NM,1,143,0.9787766018520179,0.907256156206131,0.0,12.218690872192383,9.57770824432373,318.2690382003784,4972.953721880913,64,1920,7320,1140,40660
extra,SGF_RFW_ST1L20_NM,0,144,0.9887875763681794,0.949784236109775,0.0,8.387969970703125,9.818502426147461,319.2323868274689,4988.006044179201,64,1920,7320,1140,40660
extra,SGF_RFW_ST1L20_NM,1,144,0.9882963156840239,0.9445780023284579,0.041666666666666664,3.882249593734741,4.535539627075195,317.85203409194946,4966.43803268671,64,1920,7320,1140,40660
extra,SGF_RFW_ST1L20_NM,0,145,0.993655623176625,0.9906431229218192,0.0,3.624640703201294,3.205571174621582,319.07333421707153,4985.520847141743,64,1920,7320,1140,40660
extra,SGF_RFW_ST1L20_NM,1,145,0.9940347426648709,0.9913009625414143,0.0,3.8556554317474365,3.5527186393737793,318.8423728942871,4981.912076473236,64,1920,7320,1140,40660
extra,SGF_RFW_ST1L20_NM,0,146,0.988645574300509,0.9492530343325242,0.3333333333333333,4.985883712768555,5.8238091468811035,320.645898103714,5010.092157870531,64,1920,7320,1140,40660
extra,SGF_RFW_ST1L20_NM,1,146,0.9827590160756076,0.8632740274719571,0.0,6.175113201141357,5.652963638305664,318.48262548446655,4976.29102319479,64,1920,7320,1140,40660
extra,SGF_RFW_ST1L20_NM,0,147,0.9740873163170868,0.8662513649981954,1.0,9.035853385925293,9.113849639892578,319.26104402542114,4988.453812897205,64,1920,7320,1140,40660
extra,SGF_RFW_ST1L20_NM,1,147,0.9837540654772418,0.9548779492792875,1.0,7.963339328765869,7.892632484436035,318.76540517807007,4980.709455907345,64,1920,7320,1140,40660
extra,SGF_RFW_ST1L20_NM,0,148,0.9792343606338253,0.8378913843113444,0.9583333333333334,7.761027812957764,7.211921691894531,319.50846123695374,4992.319706827402,64,1920,7320,1140,40660
extra,SGF_RFW_ST1L20_NM,1,148,0.9827130155623758,0.9247018707835156,0.8333333333333334,7.600547790527344,6.336615562438965,318.9070978164673,4982.923403382301,64,1920,7320,1140,40660
extra,SGF_RFW_ST1L20_NM,0,149,0.978204122556467,0.9398746866246929,0.16666666666666666,7.09100866317749,7.010501861572266,320.2326819896698,5003.635656088591,64,1920,7320,1140,40660
extra,SGF_RFW_ST1L20_NM,1,149,0.9630500627146018,0.8230563220770463,0.7916666666666666,8.041067123413086,7.599767208099365,318.8880686759949,4982.62607306242,64,1920,7320,1140,40660
extra,SGF_RFW_ST1L20_NM,0,150,0.9900733472453114,0.9634772163370381,0.25,2.835157871246338,3.080548048019409,319.02099204063416,4984.703000634909,64,1920,7320,1140,40660
extra,SGF_RFW_ST1L20_NM,1,150,0.9879213778219116,0.9085124536700869,0.75,2.7305307388305664,3.7036216259002686,319.0501036643982,4985.157869756222,64,1920,7320,1140,40660
extra,SGF_RFW_ST1L20_NM,0,151,0.9678592541642432,0.908479182616524,1.0,6.879642486572266,7.374447345733643,318.0847451686859,4970.074143260717,64,1920,7320,1140,40660
extra,SGF_RFW_ST1L20_NM,1,151,0.9698158376122253,0.9253278465374656,0.9583333333333334,7.151513576507568,5.905129909515381,318.80463433265686,4981.322411447763,64,1920,7320,1140,40660
extra,SGF_RFW_ST1L20_NM,0,152,0.9738883753524902,0.8757067102452983,1.0,12.970999717712402,13.957404136657715,317.99682569503784,4968.700401484966,64,1920,7320,1140,40660
extra,SGF_RFW_ST1L20_NM,1,152,0.983596535502049,0.9629924699016238,1.0,12.035043716430664,11.7640962600708,319.4922847747803,4992.066949605942,64,1920,7320,1140,40660
extra,SGF_RFW_ST1L20_NM,0,153,0.9886790649483402,0.9697043092354484,1.0,12.008699417114258,14.171662330627441,317.8877274990082,4966.995742172003,64,1920,7320,1140,40660
extra,SGF_RFW_ST1L20_NM,1,153,0.9925893373193467,0.9734406419422316,0.25,7.366274833679199,7.884272575378418,319.1205635070801,4986.258804798126,64,1920,7320,1140,40660
extra,SGF_RFW_ST1L20_NM,0,154,0.9798568883290327,0.9552877985912821,1.0,10.229001998901367,7.836213111877441,318.2890796661377,4973.2668697834015,64,1920,7320,1140,40660
extra,SGF_RFW_ST1L20_NM,1,154,0.9785104906471137,0.9625321276809858,1.0,8.80163860321045,9.674715042114258,319.2011468410492,4987.517919391394,64,1920,7320,1140,40660
extra,SGF_RFW_ST1L20_NM,0,155,0.9840977385986717,0.9134337306022644,0.08333333333333333,2.315823554992676,2.7453246116638184,318.79666209220886,4981.1978451907635,64,1920,7320,1140,40660
extra,SGF_RFW_ST1L20_NM,1,155,0.9916802243849011,0.9756869414578313,0.0,1.4496487379074097,1.0430095195770264,319.2057981491089,4987.590596079826,64,1920,7320,1140,40660
extra,SGF_RFW_ST1L20_NM,0,156,0.9813338487604115,0.923932811488276,1.0,6.877443790435791,7.269769668579102,318.49057269096375,4976.4151982963085,64,1920,7320,1140,40660
extra,SGF_RFW_ST1L20_NM,1,156,0.9813783029137183,0.8856069730675739,1.0,8.000723838806152,7.15221643447876,319.37492299079895,4990.233171731234,64,1920,7320,1140,40660
extra,SGF_RFW_ST1L20_NM,0,157,0.9806809360857782,0.8603301294471907,0.25,5.626845359802246,6.74780797958374,318.76487946510315,4980.701241642237,64,1920,7320,1140,40660
extra,SGF_RFW_ST1L20_NM,1,157,0.9874573810798992,0.9276625941628995,0.4166666666666667,4.927342414855957,7.407168388366699,320.71106028556824,5011.110316962004,64,1920,7320,1140,40660
extra,SGF_RFW_ST1L20_NM,0,158,0.9819357451082453,0.9680553337802058,1.0,5.688793659210205,5.702361106872559,318.85139298439026,4982.053015381098,64,1920,7320,1140,40660
extra,SGF_RFW_ST1L20_NM,1,158,0.9827237351706786,0.9428576140300088,1.0,11.239787101745605,10.814719200134277,320.1688506603241,5002.638291567564,64,1920,7320,1140,40660
extra,SGF_RFW_ST1L20_NM,0,159,0.9878687597454291,0.9286932893421339,0.6666666666666666,7.700545787811279,7.756740093231201,318.89125752449036,4982.675898820162,64,1920,7320,1140,40660
extra,SGF_RFW_ST1L20_NM,1,159,0.9873741838163957,0.9327650096105492,0.3333333333333333,6.354805946350098,9.377423286437988,318.9071776866913,4982.924651354551,64,1920,7320,1140,40660
extra,SGF_RFW_ST1L20_NM,0,160,0.9687419282919297,0.7729512368855268,0.875,7.94523286819458,10.453277587890625,319.04747772216797,4985.1168394088745,64,1920,7320,1140,40660
extra,SGF_RFW_ST1L20_NM,1,160,0.9709689285205423,0.7532888728639354,1.0,8.461776733398438,9.583854675292969,317.94976568222046,4967.965088784695,64,1920,7320,1140,40660
extra,SGF_RFW_ST1L20_NM,0,161,0.9939432506830904,0.9787668546904689,1.0,6.81829309463501,7.1415205001831055,318.7925126552582,4981.133010238409,64,1920,7320,1140,40660
extra,SGF_RFW_ST1L20_NM,1,161,0.9890923860062956,0.9464330608430117,1.0,13.601985931396484,10.13864803314209,318.19633412361145,4971.817720681429,64,1920,7320,1140,40660
extra,SGF_RFW_ST1L20_NM,0,162,0.9870950014626647,0.9290894049665203,0.9583333333333334,11.8700532913208,11.991153717041016,319.48037457466125,4991.880852729082,64,1920,7320,1140,40660
extra,SGF_RFW_ST1L20_NM,1,162,0.9741594427014295,0.8122512542683146,1.0,13.23976993560791,17.948423385620117,318.2359232902527,4972.436301410198,64,1920,7320,1140,40660
extra,SGF_RFW_ST1L20_NM,0,163,0.9955605750943878,0.9895388121190279,0.16666666666666666,4.966945648193359,5.7555742263793945,319.2421474456787,4988.15855383873,64,1920,7320,1140,40660
extra,SGF_RFW_ST1L20_NM,1,163,0.9832855383162954,0.9184095393056455,0.4583333333333333,5.644223213195801,7.2505292892456055,317.79408144950867,4965.532522648573,64,1920,7320,1140,40660
extra,SGF_RFW_ST1L20_NM,0,164,0.9898012788906912,0.9578542631605397,0.08333333333333333,6.89831018447876,7.386882781982422,319.0860571861267,4985.71964353323,64,1920,7320,1140,40660
extra,SGF_RFW_ST1L20_NM,1,164,0.9852042665781285,0.9307799520699874,0.125,8.129216194152832,10.611437797546387,318.82056188583374,4981.571279466152,64,1920,7320,1140,40660
extra,SGF_RFW_ST1L20_NM,0,165,0.9924356807388892,0.966538535512012,0.7916666666666666,7.956366539001465,5.437546730041504,320.678927898407,5010.608248412609,64,1920,7320,1140,40660
extra,SGF_RFW_ST1L20_NM,1,165,0.993769689341585,0.9677623406700467,1.0,7.977824687957764,5.5230536460876465,318.34276056289673,4974.105633795261,64,1920,7320,1140,40660
extra,SGF_RFW_ST1L20_NM,0,166,0.9891791432007198,0.961977569953255,0.875,7.697890281677246,7.433726787567139,319.19886302948,4987.482234835625,64,1920,7320,1140,40660
extra,SGF_RFW_ST1L20_NM,1,166,0.9899136025558507,0.9387454882912015,0.041666666666666664,7.162228107452393,7.62599515914917,318.7678413391113,4980.7475209236145,64,1920,7320,1140,40660
extra,SGF_RFW_ST1L20_NM,0,167,0.983770384187451,0.8579416961773582,1.0,11.98186206817627,9.365652084350586,319.43908309936523,4991.235673427582,64,1920,7320,1140,40660
extra,SGF_RFW_ST1L20_NM,1,167,0.9819521348228987,0.8706642130146856,0.9583333333333334,11.10342788696289,12.445483207702637,318.78484201431274,4981.013156473637,64,1920,7320,1140,40660
extra,SGF_RFW_ST1L20_NM,0,168,0.9870656555938666,0.9163491065087527,0.125,5.493734359741211,5.123465538024902,320.15797996520996,5002.468436956406,64,1920,7320,1140,40660
extra,SGF_RFW_ST1L20_NM,1,168,0.9829519621868901,0.8974298886630846,0.2916666666666667,8.20429515838623,6.719415187835693,318.822772026062,4981.605812907219,64,1920,7320,1140,40660
extra,SGF_RFW_ST1L20_NM,0,169,0.9952375139268751,0.9567935337191042,0.0,6.778605937957764,3.6956632137298584,318.93938398361206,4983.427874743938,64,1920,7320,1140,40660
extra,SGF_RFW_ST1L20_NM,1,169,0.9937658345795497,0.9249755727208179,0.041666666666666664,8.315921783447266,7.080090045928955,319.0676658153534,4985.432278364897,64,1920,7320,1140,40660
extra,SGF_RFW_ST1L20_NM,0,170,0.9774099019977628,0.8750424709009087,1.0,11.913994789123535,16.89118003845215,318.1851372718811,4971.642769873142,64,1920,7320,1140,40660
extra,SGF_RFW_ST1L20_NM,1,170,0.9818115295654547,0.9029521993968798,1.0,10.04059886932373,17.03070831298828,318.8736803531647,4982.401255518198,64,1920,7320,1140,40660
extra,SGF_RFW_ST1L20_NM,0,171,0.9538731773553124,0.9075222235658894,1.0,11.168488502502441,13.605188369750977,317.95500659942627,4968.0469781160355,64,1920,7320,1140,40660
extra,SGF_RFW_ST1L20_NM,1,171,0.9623027193776731,0.8490887102873429,1.0,9.673606872558594,13.081149101257324,319.56401205062866,4993.187688291073,64,1920,7320,1140,40660
extra,SGF_RFW_ST1L20_NM,0,172,0.9834762362083255,0.9582556175149005,1.0,12.320084571838379,11.923392295837402,318.30555510520935,4973.524298518896,64,1920,7320,1140,40660
extra,SGF_RFW_ST1L20_NM,1,172,0.9823029674060318,0.9811424457508585,1.0,13.136754035949707,13.296053886413574,319.0926613807678,4985.822834074497,64,1920,7320,1140,40660
extra,SGF_RFW_ST1L20_NM,0,173,0.981489171724264,0.9069084576938463,0.9166666666666666,6.470159530639648,7.0979814529418945,317.8735029697418,4966.773483902216,64,1920,7320,1140,40660
extra,SGF_RFW_ST1L20_NM,1,173,0.9844276217200981,0.9287395282931948,1.0,5.775068283081055,7.393505573272705,319.348126411438,4989.814475178719,64,1920,7320,1140,40660
extra,SGF_RFW_ST1L20_NM,0,174,0.9891992352687007,0.97145716133325,1.0,9.70470142364502,7.08173942565918,318.77888679504395,4980.920106172562,64,1920,7320,1140,40660
extra,SGF_RFW_ST1L20_NM,1,174,0.9890380437713372,0.9703996466553729,1.0,8.467281341552734,9.450478553771973,319.3259246349335,4989.4675724208355,64,1920,7320,1140,40660
extra,SGF_RFW_ST1L20_NM,0,175,0.9873716854021367,0.9706671315690746,1.0,16.842992782592773,13.655360221862793,318.4007487297058,4975.011698901653,64,1920,7320,1140,40660
extra,SGF_RFW_ST1L20_NM,1,175,0.9852776539911234,0.9655958077181941,1.0,15.172120094299316,13.4993314743042,319.4462797641754,4991.348121315241,64,1920,7320,1140,40660
extra,SGF_RFW_ST1L20_NM,0,176,0.9832221368434427,0.9337786228760429,0.20833333333333334,3.282454013824463,3.6014351844787598,318.71178221702576,4979.871597141027,64,1920,7320,1140,40660
extra,SGF_RFW_ST1L20_NM,1,176,0.9901501788494382,0.9692482391129369,0.0,5.348206520080566,3.5484557151794434,320.64808416366577,5010.126315057278,64,1920,7320,1140,40660
extra,SGF_RFW_ST1L20_NM,0,177,0.98934159557027,0.9439956001613451,0.375,7.098933219909668,6.315189361572266,318.7815418243408,4980.961591005325,64,1920,7320,1140,40660
extra,SGF_RFW_ST1L20_NM,1,177,0.9940944892389135,0.9604224381239518,0.0,3.6256532669067383,3.774418354034424,320.132360458374,5002.068132162094,64,1920,7320,1140,40660
extra,SGF_RFW_ST1L20_NM,0,178,0.9890431113337707,0.9567008821860604,0.9166666666666666,6.4316487312316895,5.761640548706055,318.9250659942627,4983.204156160355,64,1920,7320,1140,40660
extra,SGF_RFW_ST1L20_NM,1,178,0.9890626745602523,0.9434983639613442,0.875,5.7563581466674805,5.812556266784668,318.9941158294678,4984.283059835434,64,1920,7320,1140,40660
extra,SGF_RFW_ST1L20_NM,0,179,0.9847244952598496,0.9397121667861938,1.0,7.549047470092773,7.600576877593994,319.0546443462372,4985.228817909956,64,1920,7320,1140,40660
extra,SGF_RFW_ST1L20_NM,1,179,0.9915938528159357,0.9651191480781721,1.0,9.293951034545898,9.932380676269531,318.00510358810425,4968.829743564129,64,1920,7320,1140,40660
extra,SGF_RFW_ST1L20_NM,0,180,0.9806953881226997,0.9781529929326928,1.0,13.02889347076416,10.985898971557617,318.82998609542847,4981.71853274107,64,1920,7320,1140,40660
extra,SGF_RFW_ST1L20_NM,1,180,0.9845743702817175,0.9884050993815713,1.0,8.70068645477295,10.358887672424316,318.4039976596832,4975.06246343255,64,1920,7320,1140,40660
extra,SGF_RFW_ST1L20_NM,0,181,0.9812969009171396,0.9665648561456929,1.0,8.56351089477539,10.526582717895508,319.49076986312866,4992.043279111385,64,1920,7320,1140,40660
extra,SGF_RFW_ST1L20_NM,1,181,0.9828784182808715,0.9730488554291105,1.0,10.135072708129883,11.412836074829102,318.2734398841858,4973.022498190403,64,1920,7320,1140,40660
extra,SGF_RFW_ST1L20_NM,0,182,0.9807772175518457,0.9439537201238716,1.0,7.310952186584473,10.25499153137207,319.2435472011566,4988.180425018072,64,1920,7320,1140,40660
extra,SGF_RFW_ST1L20_NM,1,182,0.9844140667901349,0.9612989451574242,0.20833333333333334,6.578126430511475,7.616570949554443,317.94480538368225,4967.887584120035,64,1920,7320,1140,40660
extra,SGF_RFW_ST1L20_NM,0,183,0.9828826533038927,0.8797602880260219,0.7083333333333334,5.94482946395874,7.196420192718506,319.0999460220337,4985.936656594276,64,1920,7320,1140,40660
extra,SGF_RFW_ST1L20_NM,1,183,0.986811033124923,0.9757670863814975,0.125,4.262127876281738,5.5149688720703125,318.88833689689636,4982.630264014006,64,1920,7320,1140,40660
extra,SGF_RFW_ST1L20_NM,0,184,0.9859609988702592,0.9503299205199532,1.0,7.16731595993042,7.1342363357543945,320.6456084251404,5010.087631642818,64,1920,7320,1140,40660
extra,SGF_RFW_ST1L20_NM,1,184,0.9897168624831355,0.9488683342933655,0.08333333333333333,10.175942420959473,8.465144157409668,318.38371419906616,4974.745534360409,64,1920,7320,1140,40660
extra,SGF_RFW_ST1L20_NM,0,185,0.9897350641056081,0.9424195989318515,0.25,6.801540851593018,6.275282382965088,319.2557134628296,4988.370522856712,64,1920,7320,1140,40660
extra,SGF_RFW_ST1L20_NM,1,185,0.9834217387915593,0.9139854415603305,1.0,7.198826313018799,7.956759452819824,318.8517758846283,4982.058998197317,64,1920,7320,1140,40660
extra,SGF_RFW_ST1L20_NM,0,186,0.9906502734206448,0.966147015924039,0.875,5.659423351287842,6.917733669281006,319.47496724128723,4991.796363145113,64,1920,7320,1140,40660
extra,SGF_RFW_ST1L20_NM,1,186,0.9892806158032427,0.9521748786387235,0.75,5.225586414337158,5.897771835327148,318.7922170162201,4981.128390878439,64,1920,7320,1140,40660
extra,SGF_RFW_ST1L20_NM,0,187,0.9749851588927988,0.8262081703414088,1.0,5.9737372398376465,6.004889488220215,320.1088955402374,5001.70149281621,64,1920,7320,1140,40660
extra,SGF_RFW_ST1L20_NM,1,187,0.979016412859405,0.8895920528017957,1.0,5.865747928619385,6.105041980743408,318.96356105804443,4983.805641531944,64,1920,7320,1140,40660
extra,SGF_RFW_ST1L20_NM,0,188,0.9810935415750545,0.9493228015692338,0.9583333333333334,4.5638813972473145,5.683013916015625,319.0192880630493,4984.676375985146,64,1920,7320,1140,40660
extra,SGF_RFW_ST1L20_NM,1,188,0.9816158531563667,0.951828050872554,0.9583333333333334,4.489243984222412,5.468605041503906,319.0152962207794,4984.614003449678,64,1920,7320,1140,40660
extra,SGF_RFW_ST1L20_NM,0,189,0.9808654446587847,0.9074543118476868,1.0,8.466048240661621,8.490129470825195,318.06654143333435,4969.789709895849,64,1920,7320,1140,40660
extra,SGF_RFW_ST1L20_NM,1,189,0.981197476751959,0.8589566453643466,1.0,7.699256896972656,7.591939449310303,318.8607382774353,4982.199035584927,64,1920,7320,1140,40660
extra,SGF_RFW_ST1L20_NM,0,190,0.9783330851831978,0.9477169811725616,1.0,4.444852828979492,4.848757743835449,318.08025312423706,4970.003955066204,64,1920,7320,1140,40660
extra,SGF_RFW_ST1L20_NM,1,190,0.9797514552142733,0.9340371243331743,0.7083333333333334,3.637471914291382,3.375706911087036,319.5029020309448,4992.232844233513,64,1920,7320,1140,40660
extra,SGF_RFW_ST1L20_NM,0,191,0.971749300869878,0.75157956617034,1.0,6.05074405670166,7.556203365325928,318.28001284599304,4973.125200718641,64,1920,7320,1140,40660
extra,SGF_RFW_ST1L20_NM,1,191,0.980140131762815,0.9023024219533672,1.0,7.666765213012695,7.865903377532959,319.1405439376831,4986.5709990262985,64,1920,7320,1140,40660
extra,SGF_RFW_ST1L20_NM,0,192,0.979477142051579,0.9352406600247258,1.0,11.374303817749023,11.751683235168457,317.891961812973,4967.0619033277035,64,1920,7320,1140,40660
extra,SGF_RFW_ST1L20_NM,1,192,0.980609167287029,0.9211049507493558,1.0,10.30861759185791,10.182799339294434,319.2074637413025,4987.616620957851,64,1920,7320,1140,40660
extra,SGF_RFW_ST1L20_NM,0,193,0.9847946775071965,0.9031187114508256,0.041666666666666664,4.307413578033447,5.739788055419922,318.8536186218262,4982.087790966034,64,1920,7320,1140,40660
extra,SGF_RFW_ST1L20_NM,1,193,0.9830200277350136,0.9378052911032801,1.0,6.797512531280518,7.100071907043457,319.26604676246643,4988.531980663538,64,1920,7320,1140,40660
extra,SGF_RFW_ST1L20_NM,0,194,0.9811939281859742,0.9344834452090055,1.0,9.625401496887207,10.006948471069336,318.4098789691925,4975.154358893633,64,1920,7320,1140,40660
extra,SGF_RFW_ST1L20_NM,1,194,0.9787529215398806,0.9151880507883817,1.0,12.710796356201172,12.705452919006348,319.38899278640747,4990.453012287617,64,1920,7320,1140,40660
extra,SGF_RFW_ST1L20_NM,0,195,0.9876163056624154,0.9272794788298399,0.9166666666666666,5.521231174468994,5.139979362487793,318.74059534072876,4980.321802198887,64,1920,7320,1140,40660
extra,SGF_RFW_ST1L20_NM,1,195,0.9837078282498947,0.8928554019202357,0.875,5.15794038772583,6.915491104125977,320.6942894458771,5010.848272591829,64,1920,7320,1140,40660
extra,SGF_RFW_ST1L20_NM,0,196,0.9851956144781481,0.9145863108012987,0.9583333333333334,8.614011764526367,12.096847534179688,318.673273563385,4979.269899427891,64,1920,7320,1140,40660
extra,SGF_RFW_ST1L20_NM,1,196,0.9838926793696351,0.9359803018362626,0.875,11.270696640014648,13.050241470336914,320.1183993816376,5001.849990338087,64,1920,7320,1140,40660
extra,SGF_RFW_ST1L20_NM,0,197,0.979542987264121,0.9109924267167631,1.0,10.832889556884766,13.365757942199707,318.8931987285614,4982.706230133772,64,1920,7320,1140,40660
extra,SGF_RFW_ST1L20_NM,1,197,0.9813739325907379,0.8768895968146945,1.0,8.834856986999512,8.419804573059082,318.98247027397156,4984.101098030806,64,1920,7320,1140,40660
extra,SGF_RFW_ST1L20_NM,0,198,0.9845535718648198,0.933569716370624,0.375,3.75541090965271,4.7505364418029785,319.0529923439026,4985.203005373478,64,1920,7320,1140,40660
extra,SGF_RFW_ST1L20_NM,1,198,0.9810458116763786,0.922988377187563,0.625,3.669403314590454,6.290409564971924,318.0735125541687,4969.898633658886,64,1920,7320,1140,40660
extra,SGF_RFW_ST1L20_NM,0,199,0.9836648658557321,0.9040145990641221,0.9583333333333334,7.964046955108643,8.968497276306152,318.7976701259613,4981.213595718145,64,1920,7320,1140,40660
extra,SGF_RFW_ST1L20_NM,1,199,0.9847311360568735,0.9238863937232805,1.0,7.7931718826293945,8.369428634643555,318.14276003837585,4970.980625599623,64,1920,7320,1140,40660
extra,SGF_RFW_ST4L20_NM,0,0,0.9833552166735348,0.9282675955606544,0.9583333333333334,8.805835723876953,10.014476776123047,302.3050961494446,4723.517127335072,64,1920,7320,1140,25060
extra,SGF_RFW_ST4L20_NM,1,0,0.983356404923366,0.9439026855904123,1.0,7.742564678192139,9.585773468017578,303.5210027694702,4742.515668272972,64,1920,7320,1140,25060
extra,SGF_RFW_ST4L20_NM,0,1,0.9882469315843162,0.9458746106728263,0.7916666666666666,11.50391674041748,10.180286407470703,302.7937443256378,4731.152255088091,64,1920,7320,1140,25060
extra,SGF_RFW_ST4L20_NM,1,1,0.9861858499004073,0.9597532826921215,0.75,8.804258346557617,10.041141510009766,303.75575828552246,4746.183723211288,64,1920,7320,1140,25060
extra,SGF_RFW_ST4L20_NM,0,2,0.9716280569510726,0.8626914814762449,1.0,5.1106486320495605,5.235435485839844,303.26251888275146,4738.476857542992,64,1920,7320,1140,25060
extra,SGF_RFW_ST4L20_NM,1,2,0.9840061358126491,0.9257020393143529,1.0,5.246248722076416,5.469449520111084,303.7017548084259,4745.339918881655,64,1920,7320,1140,25060
extra,SGF_RFW_ST4L20_NM,0,3,0.9848196389978661,0.9176809645217398,0.0,6.6977858543396,7.481835842132568,302.8648307323456,4732.2629801929,64,1920,7320,1140,25060
extra,SGF_RFW_ST4L20_NM,1,3,0.9907703855765174,0.9722797300504601,0.0,3.85443115234375,4.220961570739746,303.99028515815735,4749.848205596209,64,1920,7320,1140,25060
extra,SGF_RFW_ST4L20_NM,0,4,0.9825361533691082,0.9431498322797859,1.0,11.49914836883545,14.20232105255127,303.237806558609,4738.090727478266,64,1920,7320,1140,25060
extra,SGF_RFW_ST4L20_NM,1,4,0.9810862002862901,0.9583947269812875,1.0,14.760880470275879,12.707262992858887,304.98575258255005,4765.4023841023445,64,1920,7320,1140,25060
extra,SGF_RFW_ST4L20_NM,0,5,0.9868946228297327,0.9263031936210134,0.0,1.8684780597686768,2.1521992683410645,303.2930226325989,4738.953478634357,64,1920,7320,1140,25060
extra,SGF_RFW_ST4L20_NM,1,5,0.9736180534354489,0.8222223014935203,0.8333333333333334,3.63706374168396,4.932274341583252,304.53002882003784,4758.281700313091,64,1920,7320,1140,25060
extra,SGF_RFW_ST4L20_NM,0,6,0.9833026571341991,0.8986924368402233,1.0,14.942893028259277,14.299111366271973,303.28030157089233,4738.754712045193,64,1920,7320,1140,25060
extra,SGF_RFW_ST4L20_NM,1,6,0.9728381026663628,0.8117878566617551,1.0,12.666316986083984,16.898067474365234,302.34935784339905,4724.20871630311,64,1920,7320,1140,25060
extra,SGF_RFW_ST4L20_NM,0,7,0.9715540418891987,0.7491542139778966,0.9166666666666666,7.372650146484375,9.206231117248535,303.5036976337433,4742.245275527239,64,1920,7320,1140,25060
extra,SGF_RFW_ST4L20_NM,1,7,0.9780746052836508,0.8692924522835276,1.0,9.208497047424316,10.178067207336426,302.89551877975464,4732.742480933666,64,1920,7320,1140,25060
extra,SGF_RFW_ST4L20_NM,0,8,0.9923584578859588,0.973681487466978,0.08333333333333333,5.362319469451904,5.636816024780273,303.32312393188477,4739.4238114356995,64,1920,7320,1140,25060
extra,SGF_RFW_ST4L20_NM,1,8,0.9928564866329905,0.9698269561580991,0.08333333333333333,4.693549633026123,5.774393081665039,302.53369426727295,4727.08897292614,64,1920,7320,1140,25060
extra,SGF_RFW_ST4L20_NM,0,9,0.9923011738788673,0.9741405391174814,0.75,5.6841840744018555,6.042238235473633,303.9199001789093,4748.748440295458,64,1920,7320,1140,25060
extra,SGF_RFW_ST4L20_NM,1,9,0.993241616243862,0.9861368187095808,1.0,4.482887268066406,5.301379680633545,302.69907116889954,4729.672987014055,64,1920,7320,1140,25060
extra,SGF_RFW_ST4L20_NM,0,10,0.9893397322418348,0.9489598792532216,0.375,4.586723804473877,5.385639667510986,303.57352089881897,4743.336264044046,64,1920,7320,1140,25060
extra,SGF_RFW_ST4L20_NM,1,10,0.9828417334524279,0.8627092527306598,0.6666666666666666,5.864803791046143,5.77512788772583,303.5581126213074,4743.095509707928,64,1920,7320,1140,25060
extra,SGF_RFW_ST4L20_NM,0,11,0.9832656390224277,0.9595925652462504,0.8333333333333334,7.594529151916504,10.297553062438965,303.6946816444397,4745.22940069437,64,1920,7320,1140,25060
extra,SGF_RFW_ST4L20_NM,1,11,0.9757741036945844,0.9456446118976759,1.0,8.994462013244629,10.08732795715332,303.3544898033142,4739.9139031767845,64,1920,7320,1140,25060
extra,SGF_RFW_ST4L20_NM,0,12,0.9848134989704386,0.8972580860490385,1.0,6.422070503234863,4.795021057128906,303.63546085357666,4744.304075837135,64,1920,7320,1140,25060
extra,SGF_RFW_ST4L20_NM,1,12,0.980808915837394,0.8650433680285579,1.0,7.279114723205566,7.580106258392334,302.82230830192566,4731.598567217588,64,1920,7320,1140,25060
extra,SGF_RFW_ST4L20_NM,0,13,0.974484839774547,0.9623703723368436,1.0,14.420352935791016,18.53508758544922,303.9169316291809,4748.702056705952,64,1920,7320,1140,25060
extra,SGF_RFW_ST4L20_NM,1,13,0.9773800436601069,0.9661589796128481,1.0,12.355501174926758,14.103506088256836,303.3023490905762,4739.099204540253,64,1920,7320,1140,25060
extra,SGF_RFW_ST4L20_NM,0,14,0.9825636493579698,0.8637781804022581,1.0,5.844597816467285,8.794800758361816,305.0039174556732,4765.686210244894,64,1920,7320,1140,25060
extra,SGF_RFW_ST4L20_NM,1,14,0.9862358006482724,0.9368848308272982,1.0,8.128300666809082,10.640820503234863,303.19306325912476,4737.391613423824,64,1920,7320,1140,25060
extra,SGF_RFW_ST4L20_NM,0,15,0.9878405323574798,0.9567424382852471,1.0,13.57812786102295,14.467129707336426,304.5481369495392,4758.56463983655,64,1920,7320,1140,25060
extra,SGF_RFW_ST4L20_NM,1,15,0.9758133355246352,0.8544238365214804,1.0,11.506319999694824,13.874954223632812,303.3070764541626,4739.173069596291,64,1920,7320,1140,25060
extra,SGF_RFW_ST4L20_NM,0,16,0.9816197182747531,0.9108652718689131,0.9583333333333334,8.462207794189453,6.154140949249268,302.3673486709595,4724.489822983742,64,1920,7320,1140,25060
extra,SGF_RFW_ST4L20_NM,1,16,0.947488413162565,0.7377180708977192,0.9583333333333334,5.302768230438232,3.7030792236328125,303.59239053726196,4743.631102144718,64,1920,7320,1140,25060
extra,SGF_RFW_ST4L20_NM,0,17,0.9848756199191447,0.9112690285496091,1.0,10.589536666870117,12.298322677612305,302.7751317024231,4730.861432850361,64,1920,7320,1140,25060
extra,SGF_RFW_ST4L20_NM,1,17,0.9811223077282051,0.9057678165643112,1.0,8.75269889831543,9.949397087097168,303.33544087409973,4739.616263657808,64,1920,7320,1140,25060
extra,SGF_RFW_ST4L20_NM,0,18,0.9931106932144336,0.9544171405875165,0.041666666666666664,3.861243486404419,3.9791741371154785,303.454256772995,4741.472762078047,64,1920,7320,1140,25060
extra,SGF_RFW_ST4L20_NM,1,18,0.9907946674633038,0.959956978974135,0.0,3.9178857803344727,3.3724281787872314,303.8572087287903,4747.768886387348,64,1920,7320,1140,25060
extra,SGF_RFW_ST4L20_NM,0,19,0.9794458409335706,0.9046514047228772,0.3333333333333333,6.31148099899292,5.514286518096924,302.4896559715271,4726.400874555111,64,1920,7320,1140,25060
extra,SGF_RFW_ST4L20_NM,1,19,0.979667503028261,0.8968946039676666,0.9583333333333334,6.681731224060059,6.718888282775879,303.50800371170044,4742.312557995319,64,1920,7320,1140,25060
extra,SGF_RFW_ST4L20_NM,0,20,0.9893322944440248,0.9475035045457924,0.0,2.893944501876831,3.3372249603271484,302.6504294872284,4728.912960737944,64,1920,7320,1140,25060
extra,SGF_RFW_ST4L20_NM,1,20,0.9923585010602419,0.9638342092866483,0.0,4.229160308837891,3.2831807136535645,303.7508671283722,4746.1072988808155,64,1920,7320,1140,25060
extra,SGF_RFW_ST4L20_NM,0,21,0.9841839262527916,0.9003979239774788,0.9583333333333334,9.711764335632324,9.104243278503418,303.3721001148224,4740.1890642941,64,1920,7320,1140,25060
extra,SGF_RFW_ST4L20_NM,1,21,0.9885546749333048,0.9299915134906769,0.25,6.379079341888428,6.622453212738037,303.65590262413025,4744.623478502035,64,1920,7320,1140,25060
extra,SGF_RFW_ST4L20_NM,0,22,0.9799413126154383,0.9140515236750894,1.0,15.643155097961426,17.117895126342773,302.90502882003784,4732.891075313091,64,1920,7320,1140,25060
extra,SGF_RFW_ST4L20_NM,1,22,0.9855932294897064,0.9367562325104423,1.0,13.172897338867188,14.496331214904785,303.87402963638306,4748.031713068485,64,1920,7320,1140,25060
extra,SGF_RFW_ST4L20_NM,0,23,0.9700787743317291,0.8050678080838659,1.0,10.24988842010498,9.950692176818848,303.291601896286,4738.931279629469,64,1920,7320,1140,25060
extra,SGF_RFW_ST4L20_NM,1,23,0.9758120672342002,0.8733506034249845,1.0,8.165493965148926,7.867722034454346,305.1156475543976,4767.431993037462,64,1920,7320,1140,25060
extra,SGF_RFW_ST4L20_NM,0,24,0.9745911029773734,0.9313354362612185,1.0,10.5017671585083,10.139970779418945,303.2636606693268,4738.494697958231,64,1920,7320,1140,25060
extra,SGF_RFW_ST4L20_NM,1,24,0.9672145947716396,0.9259870920492256,1.0,8.260102272033691,8.337947845458984,304.51654148101807,4758.070960640907,64,1920,7320,1140,25060
extra,SGF_RFW_ST4L20_NM,0,25,0.9760270657074415,0.8337851814601732,1.0,10.144270896911621,14.231012344360352,303.32362604141235,4739.431656897068,64,1920,7320,1140,25060
extra,SGF_RFW_ST4L20_NM,1,25,0.9665000331166258,0.7753764611223469,0.875,6.227614879608154,8.613059997558594,302.4295747280121,4725.462105125189,64,1920,7320,1140,25060
extra,SGF_RFW_ST4L20_NM,0,26,0.9781275531662844,0.9246423801650172,1.0,5.220396995544434,6.6689863204956055,303.47217869758606,4741.752792149782,64,1920,7320,1140,25060
extra,SGF_RFW_ST4L20_NM,1,26,0.9841175285295173,0.9267093124596969,1.0,7.193467617034912,8.250411033630371,302.7471880912781,4730.42481392622,64,1920,7320,1140,25060
extra,SGF_RFW_ST4L20_NM,0,27,0.9859217446704368,0.9213289203851119,0.041666666666666664,4.666149616241455,5.472177028656006,303.21513867378235,4737.736541777849,64,1920,7320,1140,25060
extra,SGF_RFW_ST4L20_NM,1,27,0.985221871262221,0.922130321678908,0.0,4.873217582702637,5.156218528747559,302.5742783546448,4727.723099291325,64,1920,7320,1140,25060
extra,SGF_RFW_ST4L20_NM,0,28,0.971908772229004,0.8638660000718158,1.0,10.00655746459961,10.424359321594238,303.99582147598267,4749.934710562229,64,1920,7320,1140,25060
extra,SGF_RFW_ST4L20_NM,1,28,0.9710723966270663,0.8686828548493594,1.0,13.17257022857666,12.35376262664795,302.87212467193604,4732.376947999001,64,1920,7320,1140,25060
extra,SGF_RFW_ST4L20_NM,0,29,0.9671005348265814,0.7341107441031415,1.0,12.545491218566895,20.362709045410156,303.47675251960754,4741.824258118868,64,1920,7320,1140,25060
extra,SGF_RFW_ST4L20_NM,1,29,0.9742152674106999,0.8538792560929838,1.0,16.412059783935547,19.437742233276367,303.4500985145569,4741.407789289951,64,1920,7320,1140,25060
extra,SGF_RFW_ST4L20_NM,0,30,0.968672202199035,0.8725527848886406,1.0,9.543107032775879,11.31092357635498,303.67226910591125,4744.879204779863,64,1920,7320,1140,25060
extra,SGF_RFW_ST4L20_NM,1,30,0.9738124166133101,0.9179515890453173,1.0,8.407671928405762,11.441210746765137,303.3375368118286,4739.649012684822,64,1920,7320,1140,25060
extra,SGF_RFW_ST4L20_NM,0,31,0.9871733160234871,0.9434177927348925,0.9166666666666666,5.936395645141602,7.111737251281738,303.64464139938354,4744.447521865368,64,1920,7320,1140,25060
extra,SGF_RFW_ST4L20_NM,1,31,0.9860352263759363,0.925925973964774,1.0,6.653729438781738,6.235199451446533,302.83288741111755,4731.763865798712,64,1920,7320,1140,25060
extra,SGF_RFW_ST4L20_NM,0,32,0.9814858163192902,0.8736699262390966,1.0,3.6142220497131348,4.310225963592529,303.9226942062378,4748.7920969724655,64,1920,7320,1140,25060
extra,SGF_RFW_ST4L20_NM,1,32,0.9852501417268437,0.9169768665147865,1.0,6.074925422668457,6.9667463302612305,303.38349890708923,4740.367170423269,64,1920,7320,1140,25060
extra,SGF_RFW_ST4L20_NM,0,33,0.9912859127117404,0.9469281745993573,0.75,3.0877389907836914,3.9837512969970703,305.0987391471863,4767.167799174786,64,1920,7320,1140,25060
extra,SGF_RFW_ST4L20_NM,1,33,0.9891530830737357,0.9483152018940967,1.0,7.219995975494385,7.710217475891113,303.2143075466156,4737.723555415869,64,1920,7320,1140,25060
extra,SGF_RFW_ST4L20_NM,0,34,0.9720293126258079,0.8439722423968107,1.0,8.510380744934082,7.960744857788086,304.4620704650879,4757.219851016998,64,1920,7320,1140,25060
extra,SGF_RFW_ST4L20_NM,1,34,0.971391412144631,0.8396514926267707,1.0,10.533736228942871,12.957107543945312,303.27075004577637,4738.605469465256,64,1920,7320,1140,25060
extra,SGF_RFW_ST4L20_NM,0,35,0.9870499375039735,0.9314560268236244,0.16666666666666666,5.4146952629089355,6.371685981750488,302.3304135799408,4723.912712186575,64,1920,7320,1140,25060
extra,SGF_RFW_ST4L20_NM,1,35,0.9828181873813798,0.9361624212368674,0.0,7.72726583480835,5.9030680656433105,303.54523515701294,4742.894299328327,64,1920,7320,1140,25060
extra,SGF_RFW_ST4L20_NM,0,36,0.9766758124903322,0.914670581402986,1.0,8.766469955444336,6.229217052459717,302.742360830307,4730.349387973547,64,1920,7320,1140,25060
extra,SGF_RFW_ST4L20_NM,1,36,0.9676959104723935,0.8997119069099426,1.0,8.866325378417969,7.084266662597656,303.34817385673523,4739.815216511488,64,1920,7320,1140,25060
extra,SGF_RFW_ST4L20_NM,0,37,0.9813576054323212,0.8512205377868985,0.125,4.1483659744262695,3.293095111846924,303.32192373275757,4739.405058324337,64,1920,7320,1140,25060
extra,SGF_RFW_ST4L20_NM,1,37,0.9859906748991444,0.9395958781242371,0.0,2.5735414028167725,1.6801633834838867,303.91837072372437,4748.724542558193,64,1920,7320,1140,25060
extra,SGF_RFW_ST4L20_NM,0,38,0.9857784805193642,0.9392759540806646,0.25,5.168268203735352,8.213894844055176,302.4422073364258,4725.659489631653,64,1920,7320,1140,25060
extra,SGF_RFW_ST4L20_NM,1,38,0.9819357468091642,0.9464536594307941,0.75,5.562739849090576,7.2735700607299805,303.5503475666046,4742.974180728197,64,1920,7320,1140,25060
extra,SGF_RFW_ST4L20_NM,0,39,0.9915213389683718,0.9504295794860177,0.16666666666666666,5.203712463378906,4.968539237976074,302.66572546958923,4729.151960462332,64,1920,7320,1140,25060
extra,SGF_RFW_ST4L20_NM,1,39,0.9881053845409798,0.903448268123295,0.2916666666666667,6.010634899139404,5.109217643737793,303.70348715782166,4745.366986840963,64,1920,7320,1140,25060
extra,SGF_RFW_ST4L20_NM,0,40,0.9864903384259639,0.8836299582667971,0.6666666666666666,4.324179172515869,4.621511936187744,303.2569763660431,4738.390255719423,64,1920,7320,1140,25060
extra,SGF_RFW_ST4L20_NM,1,40,0.9818222089862435,0.8936497050782909,1.0,5.483919143676758,5.69817590713501,303.6916687488556,4745.182324200869,64,1920,7320,1140,25060
extra,SGF_RFW_ST4L20_NM,0,41,0.9761545149491754,0.8250469954117484,0.9583333333333334,6.120655536651611,6.950270175933838,302.81591796875,4731.498718261719,64,1920,7320,1140,25060
extra,SGF_RFW_ST4L20_NM,1,41,0.9818129875996598,0.8789216720539591,0.8333333333333334,6.469528675079346,5.538693428039551,303.9619662761688,4749.405723065138,64,1920,7320,1140,25060
extra,SGF_RFW_ST4L20_NM,0,42,0.9933304207833716,0.9696368756501571,0.0,2.0960474014282227,2.457387924194336,303.1926908493042,4737.385794520378,64,1920,7320,1140,25060
extra,SGF_RFW_ST4L20_NM,1,42,0.9916101608407354,0.9671019328677136,0.08333333333333333,3.438584327697754,3.46557879447937,304.486927986145,4757.608249783516,64,1920,7320,1140,25060
extra,SGF_RFW_ST4L20_NM,0,43,0.9909977214535391,0.9571986924047056,0.041666666666666664,4.278127670288086,4.507399559020996,303.1616985797882,4736.901540309191,64,1920,7320,1140,25060
extra,SGF_RFW_ST4L20_NM,1,43,0.9914328352812797,0.9523008737875068,0.041666666666666664,3.4771018028259277,3.707986831665039,304.98987221717834,4765.466753393412,64,1920,7320,1140,25060
extra,SGF_RFW_ST4L20_NM,0,44,0.9796135562082741,0.8302957039812336,1.0,7.838029861450195,7.657508373260498,303.30323791503906,4739.113092422485,64,1920,7320,1140,25060
extra,SGF_RFW_ST4L20_NM,1,44,0.9823277207668442,0.9138404493746549,0.9583333333333334,7.318187713623047,8.010510444641113,302.42793917655945,4725.436549633741,64,1920,7320,1140,25060
extra,SGF_RFW_ST4L20_NM,0,45,0.9933516143694691,0.9687789004781971,0.041666666666666664,4.138001441955566,3.307766914367676,303.6151969432831,4743.987452238798,64,1920,7320,1140,25060
extra,SGF_RFW_ST4L20_NM,1,45,0.9923233600436117,0.9756027019542196,0.041666666666666664,2.7503061294555664,3.3839945793151855,302.768488407135,4730.7576313614845,64,1920,7320,1140,25060
extra,SGF_RFW_ST4L20_NM,0,46,0.9845482725164195,0.9177267395931742,0.7083333333333334,5.146501541137695,5.332801342010498,303.3177924156189,4739.340506494045,64,1920,7320,1140,25060
extra,SGF_RFW_ST4L20_NM,1,46,0.9848676406123444,0.9227448688900989,0.5833333333333334,5.8864827156066895,4.449441909790039,302.47012400627136,4726.09568759799,64,1920,7320,1140,25060
extra,SGF_RFW_ST4L20_NM,0,47,0.9905842494555218,0.9498138958993166,0.0,3.396740436553955,2.1944217681884766,303.9339656829834,4748.968213796616,64,1920,7320,1140,25060
extra,SGF_RFW_ST4L20_NM,1,47,0.9904762024506866,0.9234130071557086,0.08333333333333333,2.6219987869262695,2.598389148712158,302.73723912239075,4730.269361287355,64,1920,7320,1140,25060
extra,SGF_RFW_ST4L20_NM,0,48,0.9905858823228826,0.9453481928161954,0.4583333333333333,4.17341947555542,3.1063497066497803,303.5359318256378,4742.748934775591,64,1920,7320,1140,25060
extra,SGF_RFW_ST4L20_NM,1,48,0.9887212808287646,0.9067580984986346,0.5833333333333334,4.792252063751221,3.7295360565185547,303.5981843471527,4743.721630424261,64,1920,7320,1140,25060
extra,SGF_RFW_ST4L20_NM,0,49,0.9790733476541451,0.9481039578500002,0.9166666666666666,7.731479167938232,10.097586631774902,303.80805253982544,4747.0008209347725,64,1920,7320,1140,25060
extra,SGF_RFW_ST4L20_NM,1,49,0.9791169211432441,0.9582444869953654,1.0,8.575178146362305,13.031277656555176,303.2973268032074,4739.020731300116,64,1920,7320,1140,25060
extra,SGF_RFW_ST4L20_NM,0,50,0.9887047917804086,0.9540053398712821,1.0,7.410777568817139,6.484551429748535,303.68626952171326,4745.09796127677,64,1920,7320,1140,25060
extra,SGF_RFW_ST4L20_NM,1,50,0.9843029304701805,0.9452698878619982,1.0,10.540992736816406,10.913556098937988,302.87449073791504,4732.4139177799225,64,1920,7320,1140,25060
extra,SGF_RFW_ST4L20_NM,0,51,0.9851273293833921,0.9372452523397362,0.041666666666666664,5.061935901641846,3.0761265754699707,303.926634311676,4748.853661119938,64,1920,7320,1140,25060
extra,SGF_RFW_ST4L20_NM,1,51,0.9719179670385834,0.8188846072425013,0.20833333333333334,3.6519017219543457,3.8846163749694824,303.2794463634491,4738.741349428892,64,1920,7320,1140,25060
extra,SGF_RFW_ST4L20_NM,0,52,0.9820130755781232,0.8434133503748024,0.7083333333333334,8.099893569946289,8.873844146728516,305.0161597728729,4765.877496451139,64,1920,7320,1140,25060
extra,SGF_RFW_ST4L20_NM,1,52,0.9625330786774571,0.7123845452847689,0.875,13.171517372131348,10.187104225158691,303.2350263595581,4738.047286868095,64,1920,7320,1140,25060
extra,SGF_RFW_ST4L20_NM,0,53,0.9862448875121687,0.9623941571816154,1.0,13.345972061157227,13.417498588562012,304.55003690719604,4758.594326674938,64,1920,7320,1140,25060
extra,SGF_RFW_ST4L20_NM,1,53,0.985257973930989,0.9553325590880021,1.0,13.758809089660645,13.904997825622559,303.31107783317566,4739.23559114337,64,1920,7320,1140,25060
extra,SGF_RFW_ST4L20_NM,0,54,0.9889007120006713,0.9508285522460938,0.4583333333333333,5.730345726013184,4.813868045806885,302.35364174842834,4724.275652319193,64,1920,7320,1140,25060
extra,SGF_RFW_ST4L20_NM,1,54,0.988672383324257,0.9569452754829241,0.6666666666666666,5.851407051086426,5.197658538818359,303.45593881607056,4741.499044001102,64,1920,7320,1140,25060
extra,SGF_RFW_ST4L20_NM,0,55,0.9769132594911453,0.8176625539427218,0.4166666666666667,8.092528343200684,9.386216163635254,302.74100947380066,4730.328273028135,64,1920,7320,1140,25060
extra,SGF_RFW_ST4L20_NM,1,55,0.9801761902139853,0.8305472796377927,0.20833333333333334,7.097562789916992,7.332984924316406,303.32383728027344,4739.4349575042725,64,1920,7320,1140,25060
extra,SGF_RFW_ST4L20_NM,0,56,0.97518818009644,0.8307571236206138,1.0,13.288533210754395,18.152406692504883,303.49805212020874,4742.157064378262,64,1920,7320,1140,25060
extra,SGF_RFW_ST4L20_NM,1,56,0.9810680544319849,0.8684413633916689,1.0,11.508543014526367,13.630023956298828,303.8467299938202,4747.6051561534405,64,1920,7320,1140,25060
extra,SGF_RFW_ST4L20_NM,0,57,0.9721916256268149,0.9081999866858773,1.0,9.7667818069458,10.370487213134766,302.4777102470398,4726.214222609997,64,1920,7320,1140,25060
extra,SGF_RFW_ST4L20_NM,1,57,0.9687261129168947,0.8988463191882424,1.0,9.991544723510742,11.211206436157227,303.6618723869324,4744.716756045818,64,1920,7320,1140,25060
extra,SGF_RFW_ST4L20_NM,0,58,0.975937881262737,0.9295645874479542,0.9166666666666666,3.836961507797241,4.270042419433594,302.70691990852356,4729.795623570681,64,1920,7320,1140,25060
extra,SGF_RFW_ST4L20_NM,1,58,0.976713800055109,0.9129278154476829,1.0,4.654012203216553,4.61574125289917,303.6553375720978,4744.614649564028,64,1920,7320,1140,25060
extra,SGF_RFW_ST4L20_NM,0,59,0.9949136304604179,0.987273527228314,0.4583333333333333,4.721890926361084,3.965336799621582,303.32023882865906,4739.378731697798,64,1920,7320,1140,25060
extra,SGF_RFW_ST4L20_NM,1,59,0.995496204038306,0.984883717868639,1.0,4.927063465118408,5.064175128936768,303.6849753856659,4745.07774040103,64,1920,7320,1140,25060
extra,SGF_RFW_ST4L20_NM,0,60,0.9867839978096208,0.9347979646662007,1.0,8.288341522216797,7.416755676269531,302.88659024238586,4732.602972537279,64,1920,7320,1140,25060
extra,SGF_RFW_ST4L20_NM,1,60,0.9913934827920882,0.9605465958947721,1.0,6.336596965789795,5.632201671600342,303.9472007751465,4749.175012111664,64,1920,7320,1140,25060
extra,SGF_RFW_ST4L20_NM,0,61,0.986806674804515,0.8796656844408616,0.6666666666666666,4.246670246124268,4.564131736755371,303.24200320243835,4738.156300038099,64,1920,7320,1140,25060
extra,SGF_RFW_ST4L20_NM,1,61,0.9872740501969525,0.8963432959888292,1.0,5.903425693511963,5.4673542976379395,304.55040311813354,4758.600048720837,64,1920,7320,1140,25060
extra,SGF_RFW_ST4L20_NM,0,62,0.9854915477133209,0.9461926753106326,1.0,7.002510070800781,6.675920486450195,303.1424460411072,4736.6007193923,64,1920,7320,1140,25060
extra,SGF_RFW_ST4L20_NM,1,62,0.9854599028044597,0.9334896504878998,0.9583333333333334,7.004796028137207,5.2551493644714355,305.0773675441742,4766.833867877722,64,1920,7320,1140,25060
extra,SGF_RFW_ST4L20_NM,0,63,0.9958195299186622,0.9822238489337588,0.0,3.358919858932495,2.5646347999572754,303.3417055606842,4739.714149385691,64,1920,7320,1140,25060
extra,SGF_RFW_ST4L20_NM,1,63,0.995300801490103,0.9790911052538002,0.0,2.6538455486297607,2.695962905883789,302.3313059806824,4723.926655948162,64,1920,7320,1140,25060
extra,SGF_RFW_ST4L20_NM,0,64,0.9865556924578903,0.9276307730571084,0.375,3.822813034057617,3.3679909706115723,303.4708881378174,4741.732627153397,64,1920,7320,1140,25060
extra,SGF_RFW_ST4L20_NM,1,64,0.9914423229377857,0.9723951868388964,0.3333333333333333,4.169301986694336,3.653818130493164,302.74046301841736,4730.319734662771,64,1920,7320,1140,25060
extra,SGF_RFW_ST4L20_NM,0,65,0.9845663356979788,0.9211934506893158,1.0,5.8077392578125,7.181370258331299,303.2153356075287,4737.739618867636,64,1920,7320,1140,25060
extra,SGF_RFW_ST4L20_NM,1,65,0.9799747396488714,0.8127924268660337,0.9166666666666666,5.808415412902832,6.3521223068237305,302.437970161438,4725.593283772469,64,1920,7320,1140,25060
extra,SGF_RFW_ST4L20_NM,0,66,0.9890502497083196,0.922572154065837,0.0,4.266218185424805,3.661085605621338,303.9643964767456,4749.44369494915,64,1920,7320,1140,25060
extra,SGF_RFW_ST4L20_NM,1,66,0.983491195442864,0.870780234751494,0.125,4.897418022155762,3.749635934829712,302.68742084503174,4729.490950703621,64,1920,7320,1140,25060
extra,SGF_RFW_ST4L20_NM,0,67,0.9901438857210595,0.9467436515766642,0.5833333333333334,7.754985809326172,6.15397310256958,303.4775562286377,4741.836816072464,64,1920,7320,1140,25060
extra,SGF_RFW_ST4L20_NM,1,67,0.986723171908292,0.9653150944606118,1.0,8.31309700012207,7.51681661605835,303.4188859462738,4740.920092910528,64,1920,7320,1140,25060
extra,SGF_RFW_ST4L20_NM,0,68,0.9577230371278792,0.6421633897268254,0.375,8.195148468017578,9.548707962036133,303.71268343925476,4745.510678738356,64,1920,7320,1140,25060
extra,SGF_RFW_ST4L20_NM,1,68,0.9692086497079916,0.7788552680741185,0.75,7.954871654510498,12.167232513427734,303.2689447402954,4738.577261567116,64,1920,7320,1140,25060
extra,SGF_RFW_ST4L20_NM,0,69,0.9814054101803572,0.8958103151425071,0.875,9.84495735168457,9.739444732666016,303.6844005584717,4745.06875872612,64,1920,7320,1140,25060
extra,SGF_RFW_ST4L20_NM,1,69,0.979380847175339,0.9037547953750776,1.0,9.323982238769531,10.447840690612793,302.7695438861847,4730.774123221636,64,1920,7320,1140,25060
extra,SGF_RFW_ST4L20_NM,0,70,0.963921115440558,0.7051492378763532,0.9166666666666666,18.49828338623047,19.88013458251953,303.89060401916504,4748.290687799454,64,1920,7320,1140,25060
extra,SGF_RFW_ST4L20_NM,1,70,0.9693995981432627,0.8655718966670657,0.9583333333333334,16.12435531616211,16.43922233581543,303.26131677627563,4738.458074629307,64,1920,7320,1140,25060
extra,SGF_RFW_ST4L20_NM,0,71,0.9788720364409254,0.8703876409841621,1.0,18.29995346069336,15.543302536010742,304.92599296569824,4764.468640089035,64,1920,7320,1140,25060
extra,SGF_RFW_ST4L20_NM,1,71,0.9712112905001181,0.8131742762482684,0.9583333333333334,22.247760772705078,20.405574798583984,303.2981708049774,4739.033918827772,64,1920,7320,1140,25060
extra,SGF_RFW_ST4L20_NM,0,72,0.9808665475870765,0.8648807121359784,1.0,9.830686569213867,12.184585571289062,304.50866508483887,4757.947891950607,64,1920,7320,1140,25060
extra,SGF_RFW_ST4L20_NM,1,72,0.9796703902674105,0.9499257582685222,1.0,7.504545211791992,10.550795555114746,303.27107644081116,4738.610569387674,64,1920,7320,1140,25060
extra,SGF_RFW_ST4L20_NM,0,73,0.979183345757393,0.8371586022169694,1.0,6.875504970550537,7.986215591430664,302.33074712753296,4723.9179238677025,64,1920,7320,1140,25060
extra,SGF_RFW_ST4L20_NM,1,73,0.9830428841703244,0.8752896811651146,0.9583333333333334,4.720190525054932,5.734427452087402,303.5139524936676,4742.405507713556,64,1920,7320,1140,25060
extra,SGF_RFW_ST4L20_NM,0,74,0.9655248588722571,0.783350759226343,1.0,4.948114395141602,5.2001051902771,302.68968510627747,4729.526329785585,64,1920,7320,1140,25060
extra,SGF_RFW_ST4L20_NM,1,74,0.9762049805362958,0.8812105059623718,1.0,8.377547264099121,7.010969161987305,303.25669741630554,4738.385897129774,64,1920,7320,1140,25060
extra,SGF_RFW_ST4L20_NM,0,75,0.9879782135252885,0.9667002286600029,0.7916666666666666,8.725716590881348,7.734918594360352,303.37353134155273,4740.2114272117615,64,1920,7320,1140,25060
extra,SGF_RFW_ST4L20_NM,1,75,0.9866944069492743,0.956378873275674,1.0,11.363313674926758,11.655634880065918,303.951833486557,4749.247398227453,64,1920,7320,1140,25060
extra,SGF_RFW_ST4L20_NM,0,76,0.9779865571238839,0.836021530887355,1.0,12.808680534362793,10.870221138000488,302.4912989139557,4726.426545530558,64,1920,7320,1140,25060
extra,SGF_RFW_ST4L20_NM,1,76,0.9787489242954268,0.8799636545388595,0.75,13.242955207824707,10.24854564666748,303.69882702827454,4745.29417231679,64,1920,7320,1140,25060
extra,SGF_RFW_ST4L20_NM,0,77,0.9893600537554645,0.934553361457327,0.08333333333333333,3.6323494911193848,4.383642196655273,302.60097885131836,4728.140294551849,64,1920,7320,1140,25060
extra,SGF_RFW_ST4L20_NM,1,77,0.9806557818187965,0.885285022466079,0.4166666666666667,3.8106532096862793,4.347887992858887,303.71535778045654,4745.5524653196335,64,1920,7320,1140,25060
extra,SGF_RFW_ST4L20_NM,0,78,0.9847928834305256,0.9431464412937993,1.0,9.041019439697266,11.970385551452637,303.30971693992615,4739.214327186346,64,1920,7320,1140,25060
extra,SGF_RFW_ST4L20_NM,1,78,0.9837502993964305,0.9360659653725832,1.0,9.312788009643555,10.871366500854492,303.7113153934479,4745.489303022623,64,1920,7320,1140,25060
extra,SGF_RFW_ST4L20_NM,0,79,0.9827733644868727,0.8648842417675516,0.0,4.205645561218262,5.2538347244262695,302.8138449192047,4731.466326862574,64,1920,7320,1140,25060
extra,SGF_RFW_ST4L20_NM,1,79,0.9873788593365221,0.9225049200265304,0.25,3.783842086791992,4.14734411239624,303.9040741920471,4748.501159250736,64,1920,7320,1140,25060
extra,SGF_RFW_ST4L20_NM,0,80,0.9830866272246584,0.9569620930630228,0.7083333333333334,4.6122612953186035,5.956105709075928,303.2685742378235,4738.571472465992,64,1920,7320,1140,25060
extra,SGF_RFW_ST4L20_NM,1,80,0.9897923565575267,0.9665313583353291,0.0,4.664796352386475,4.488277435302734,304.47029280662537,4757.348325103521,64,1920,7320,1140,25060
extra,SGF_RFW_ST4L20_NM,0,81,0.9870029399970548,0.918821394443512,0.3333333333333333,8.24589729309082,7.9613037109375,303.24893140792847,4738.264553248882,64,1920,7320,1140,25060
extra,SGF_RFW_ST4L20_NM,1,81,0.9713088884315276,0.7385967205400052,0.9166666666666666,10.561148643493652,16.012788772583008,305.04706597328186,4766.360405832529,64,1920,7320,1140,25060
extra,SGF_RFW_ST4L20_NM,0,82,0.9329547358566113,0.7697932992292488,1.0,9.037643432617188,9.452228546142578,303.25079703330994,4738.293703645468,64,1920,7320,1140,25060
extra,SGF_RFW_ST4L20_NM,1,82,0.9475188709727337,0.8272321651811185,1.0,6.152022838592529,6.787882328033447,302.39581060409546,4724.934540688992,64,1920,7320,1140,25060
extra,SGF_RFW_ST4L20_NM,0,83,0.985207343695823,0.8540895853353584,0.375,4.768573760986328,4.825620651245117,303.81584548950195,4747.122585773468,64,1920,7320,1140,25060
extra,SGF_RFW_ST4L20_NM,1,83,0.9834289004835179,0.8863729951174363,0.8333333333333334,4.856680870056152,5.181702136993408,302.8403775691986,4731.880899518728,64,1920,7320,1140,25060
extra,SGF_RFW_ST4L20_NM,0,84,0.9771518679877106,0.8978139058403348,1.0,11.26211166381836,11.543051719665527,303.2690660953522,4738.579157739878,64,1920,7320,1140,25060
extra,SGF_RFW_ST4L20_NM,1,84,0.9814218587121267,0.909386290156323,1.0,9.417448997497559,8.738417625427246,302.51466131210327,4726.791583001614,64,1920,7320,1140,25060
extra,SGF_RFW_ST4L20_NM,0,85,0.9750158135946064,0.9519411131091738,1.0,6.81709623336792,7.742908477783203,303.89437890052795,4748.349670320749,64,1920,7320,1140,25060
extra,SGF_RFW_ST4L20_NM,1,85,0.9786860063299491,0.9568013263785321,0.9166666666666666,6.6201958656311035,6.689864158630371,302.73247265815735,4730.194885283709,64,1920,7320,1140,25060
extra,SGF_RFW_ST4L20_NM,0,86,0.9865639393590963,0.9387761250786161,1.0,8.936860084533691,10.275276184082031,303.5720820426941,4743.313781917095,64,1920,7320,1140,25060
extra,SGF_RFW_ST4L20_NM,1,86,0.9869771220037732,0.9100422483423481,1.0,8.050472259521484,8.583086013793945,303.47362518310547,4741.775393486023,64,1920,7320,1140,25060
extra,SGF_RFW_ST4L20_NM,0,87,0.9734430852218532,0.818017804104349,0.875,4.9491071701049805,4.370687961578369,303.70692920684814,4745.420768857002,64,1920,7320,1140,25060
extra,SGF_RFW_ST4L20_NM,1,87,0.9924714288600974,0.9726581262505573,0.20833333333333334,7.586726665496826,5.291843891143799,303.3678934574127,4740.123335272074,64,1920,7320,1140,25060
extra,SGF_RFW_ST4L20_NM,0,88,0.9914304771737789,0.9624071587686953,0.5833333333333334,4.7897772789001465,4.837635517120361,303.68684935569763,4745.1070211827755,64,1920,7320,1140,25060
extra,SGF_RFW_ST4L20_NM,1,88,0.9904513269171561,0.9610530747019727,0.75,4.643090724945068,4.990477561950684,302.7842209339142,4731.003452092409,64,1920,7320,1140,25060
extra,SGF_RFW_ST4L20_NM,0,89,0.9912379187692958,0.9644356318142103,0.5833333333333334,8.431428909301758,8.815404891967773,304.02552103996277,4750.398766249418,64,1920,7320,1140,25060
extra,SGF_RFW_ST4L20_NM,1,89,0.9909040800932917,0.9485764892204948,0.20833333333333334,9.31529426574707,9.211474418640137,303.2429611682892,4738.1712682545185,64,1920,7320,1140,25060
extra,SGF_RFW_ST4L20_NM,0,90,0.9729874992126808,0.8856676713280057,1.0,12.347521781921387,12.515481948852539,304.9462125301361,4764.784570783377,64,1920,7320,1140,25060
extra,SGF_RFW_ST4L20_NM,1,90,0.9751611980912847,0.9023371818272964,0.9583333333333334,11.316500663757324,11.426766395568848,303.4664490222931,4741.6632659733295,64,1920,7320,1140,25060
extra,SGF_RFW_ST4L20_NM,0,91,0.9872460972356696,0.9565214786840522,0.625,8.516497611999512,10.876749992370605,304.48458981513977,4757.571715861559,64,1920,7320,1140,25060
extra,SGF_RFW_ST4L20_NM,1,91,0.9784227350239757,0.9500072067198545,0.08333333333333333,8.737756729125977,7.602179527282715,303.2868938446045,4738.857716321945,64,1920,7320,1140,25060
extra,SGF_RFW_ST4L20_NM,0,92,0.9897909039714997,0.9661184601161791,0.9166666666666666,3.697273015975952,5.468621253967285,302.49193811416626,4726.436533033848,64,1920,7320,1140,25060
extra,SGF_RFW_ST4L20_NM,1,92,0.9918433300390422,0.9768545796041903,0.9583333333333334,5.2353596687316895,7.634604454040527,303.5328197479248,4742.700308561325,64,1920,7320,1140,25060
extra,SGF_RFW_ST4L20_NM,0,93,0.9669009358580928,0.8261019496814065,0.9166666666666666,13.537029266357422,16.63931655883789,302.7635073661804,4730.679802596569,64,1920,7320,1140,25060
extra,SGF_RFW_ST4L20_NM,1,93,0.9665322650865124,0.8608861371226931,1.0,16.343647003173828,18.837478637695312,303.2320475578308,4738.000743091106,64,1920,7320,1140,25060
extra,SGF_RFW_ST4L20_NM,0,94,0.9813247340004582,0.8926569171573805,0.08333333333333333,7.052633762359619,6.301601409912109,303.52507758140564,4742.579337209463,64,1920,7320,1140,25060
extra,SGF_RFW_ST4L20_NM,1,94,0.9796365067905309,0.8956018789954806,0.0,5.532662868499756,6.487096786499023,303.8809106349945,4748.139228671789,64,1920,7320,1140,25060
extra,SGF_RFW_ST4L20_NM,0,95,0.9774030176349914,0.9121631668961566,1.0,14.87804126739502,14.158775329589844,302.4610404968262,4725.953757762909,64,1920,7320,1140,25060
extra,SGF_RFW_ST4L20_NM,1,95,0.9736784690033294,0.9349453358546548,1.0,13.794697761535645,11.273518562316895,303.51637029647827,4742.443285882473,64,1920,7320,1140,25060
extra,SGF_RFW_ST4L20_NM,0,96,0.9769713453294203,0.8924758978511976,1.0,6.088850498199463,7.440547466278076,302.7519853115082,4730.499770492315,64,1920,7320,1140,25060
extra,SGF_RFW_ST4L20_NM,1,96,0.9616299360868296,0.7744093783523726,0.9583333333333334,6.033198356628418,6.449148654937744,303.70150446891785,4745.336007326841,64,1920,7320,1140,25060
extra,SGF_RFW_ST4L20_NM,0,97,0.925354066359278,0.6234003072199614,1.0,10.321901321411133,9.596417427062988,303.3904266357422,4740.475416183472,64,1920,7320,1140,25060
extra,SGF_RFW_ST4L20_NM,1,97,0.9403584277035112,0.7766607481500377,1.0,12.189242362976074,11.063029289245605,303.6412088871002,4744.393888860941,64,1920,7320,1140,25060
extra,SGF_RFW_ST4L20_NM,0,98,0.9827616442523874,0.8943251876727395,0.9166666666666666,9.188154220581055,12.680222511291504,302.974796295166,4733.981192111969,64,1920,7320,1140,25060
extra,SGF_RFW_ST4L20_NM,1,98,0.9891287796762441,0.9396930427654929,0.3333333333333333,11.09919548034668,13.907033920288086,303.8866956233978,4748.229619115591,64,1920,7320,1140,25060
extra,SGF_RFW_ST4L20_NM,0,99,0.9883045970698873,0.9532608104788739,0.08333333333333333,12.346635818481445,10.107903480529785,303.31444001197815,4739.288125187159,64,1920,7320,1140,25060
extra,SGF_RFW_ST4L20_NM,1,99,0.9885883889079917,0.9618004482725392,0.125,10.806979179382324,8.6482515335083,304.5344252586365,4758.350394666195,64,1920,7320,1140,25060
extra,SGF_RFW_ST4L20_NM,0,100,0.9917751986929345,0.9570268677628558,0.4583333333333333,2.532057523727417,4.24623441696167,303.2492105960846,4738.268915563822,64,1920,7320,1140,25060
extra,SGF_RFW_ST4L20_NM,1,100,0.9936751111935244,0.9649479635383772,0.16666666666666666,2.839054584503174,2.618652820587158,305.0352232456207,4766.175363212824,64,1920,7320,1140,25060
extra,SGF_RFW_ST4L20_NM,0,101,0.9922397920478129,0.952256696379703,0.041666666666666664,3.8121211528778076,3.835191488265991,303.2748034000397,4738.66880312562,64,1920,7320,1140,25060
extra,SGF_RFW_ST4L20_NM,1,101,0.9936790107790582,0.9704766208710879,0.0,3.958064079284668,2.876487970352173,302.39668893814087,4724.948264658451,64,1920,7320,1140,25060
extra,SGF_RFW_ST4L20_NM,0,102,0.9880138056070272,0.9664705486401267,0.625,7.4198198318481445,9.4917631149292,303.523499250412,4742.554675787687,64,1920,7320,1140,25060
extra,SGF_RFW_ST4L20_NM,1,102,0.9865749125861575,0.9369736819163613,0.25,8.313713073730469,9.472132682800293,302.727965593338,4730.124462395906,64,1920,7320,1140,25060
extra,SGF_RFW_ST4L20_NM,0,103,0.9889368898267802,0.9556855183580647,0.5416666666666666,5.188110828399658,6.980655670166016,303.3907148838043,4740.4799200594425,64,1920,7320,1140,25060
extra,SGF_RFW_ST4L20_NM,1,103,0.9895358027438165,0.9664852528468423,0.041666666666666664,5.458887577056885,5.426386833190918,302.414359331131,4725.224364548922,64,1920,7320,1140,25060
extra,SGF_RFW_ST4L20_NM,0,104,0.9784813887769576,0.8818004649618397,0.9166666666666666,4.7957282066345215,3.6826529502868652,303.89993381500244,4748.436465859413,64,1920,7320,1140,25060
extra,SGF_RFW_ST4L20_NM,1,104,0.9809431504331675,0.8932457138662753,1.0,5.68162727355957,4.9388604164123535,302.68463683128357,4729.447450488806,64,1920,7320,1140,25060
extra,SGF_RFW_ST4L20_NM,0,105,0.9937522729832379,0.9472581951514535,0.041666666666666664,6.584146976470947,6.617674350738525,303.4869616031647,4741.983775049448,64,1920,7320,1140,25060
extra,SGF_RFW_ST4L20_NM,1,105,0.9930344258119709,0.9582719362300375,0.5416666666666666,6.1084442138671875,8.891061782836914,303.4895956516266,4742.024932056665,64,1920,7320,1140,25060
extra,SGF_RFW_ST4L20_NM,0,106,0.981053208446553,0.8724422662154488,0.9583333333333334,11.11889934539795,13.137189865112305,303.7062757015228,4745.410557836294,64,1920,7320,1140,25060
extra,SGF_RFW_ST4L20_NM,1,106,0.9825375549190594,0.9222779740457949,1.0,8.57109260559082,10.722981452941895,303.2783319950104,4738.723937422037,64,1920,7320,1140,25060
extra,SGF_RFW_ST4L20_NM,0,107,0.9931915687373638,0.9697603829528975,0.0,4.053862571716309,4.937978267669678,303.65790152549744,4744.654711335897,64,1920,7320,1140,25060
extra,SGF_RFW_ST4L20_NM,1,107,0.9879799929162116,0.9196288546790248,0.2916666666666667,5.16834831237793,8.219368934631348,302.83520698547363,4731.8001091480255,64,1920,7320,1140,25060
extra,SGF_RFW_ST4L20_NM,0,108,0.9855180727026767,0.9170269383036572,0.9166666666666666,9.508731842041016,11.16442584991455,304.06245613098145,4750.975877046585,64,1920,7320,1140,25060
extra,SGF_RFW_ST4L20_NM,1,108,0.9721669438657671,0.8724384398564048,0.875,12.159004211425781,12.81563663482666,303.15509390830994,4736.798342317343,64,1920,7320,1140,25060
extra,SGF_RFW_ST4L20_NM,0,109,0.9852228243074439,0.9251594582329625,0.9166666666666666,7.202912330627441,7.946971416473389,305.0405466556549,4766.258541494608,64,1920,7320,1140,25060
extra,SGF_RFW_ST4L20_NM,1,109,0.9819408584095437,0.979832649230957,0.0,5.653563499450684,4.382469177246094,303.125116109848,4736.329939216375,64,1920,7320,1140,25060
extra,SGF_RFW_ST4L20_NM,0,110,0.9871962692242099,0.9517137809940005,0.7916666666666666,8.695712089538574,11.218809127807617,304.6169648170471,4759.640075266361,64,1920,7320,1140,25060
extra,SGF_RFW_ST4L20_NM,1,110,0.9934488390596105,0.9799838169761325,0.16666666666666666,5.910817623138428,5.702779293060303,303.29237723350525,4738.9433942735195,64,1920,7320,1140,25060
extra,SGF_RFW_ST4L20_NM,0,111,0.9779206617166322,0.851781418789988,1.0,4.38301944732666,5.018357276916504,302.3046052455902,4723.509456962347,64,1920,7320,1140,25060
extra,SGF_RFW_ST4L20_NM,1,111,0.9839378427421034,0.9450862861197927,0.875,4.957361221313477,4.659402847290039,303.603146314621,4743.799161165953,64,1920,7320,1140,25060
extra,SGF_RFW_ST4L20_NM,0,112,0.9869240522308149,0.9497639238834381,0.8333333333333334,6.7698822021484375,6.71725606918335,302.760272026062,4730.629250407219,64,1920,7320,1140,25060
extra,SGF_RFW_ST4L20_NM,1,112,0.9882238897357128,0.9420823882455411,0.875,6.771398544311523,6.961733818054199,303.3325426578522,4739.57097902894,64,1920,7320,1140,25060
extra,SGF_RFW_ST4L20_NM,0,113,0.9866054966073131,0.9564876893292302,1.0,11.671158790588379,14.405431747436523,302.6192162036896,4728.42525318265,64,1920,7320,1140,25060
extra,SGF_RFW_ST4L20_NM,1,113,0.9806149637695762,0.9105977869552114,1.0,12.531205177307129,15.724228858947754,303.8948242664337,4748.356629163027,64,1920,7320,1140,25060
extra,SGF_RFW_ST4L20_NM,0,114,0.9798092347001918,0.9340338551479838,0.7916666666666666,3.8708314895629883,3.8918099403381348,302.49060893058777,4726.415764540434,64,1920,7320,1140,25060
extra,SGF_RFW_ST4L20_NM,1,114,0.978985376825309,0.9327437061330547,0.7083333333333334,4.088672161102295,4.553597927093506,303.5208578109741,4742.513403296471,64,1920,7320,1140,25060
extra,SGF_RFW_ST4L20_NM,0,115,0.9843628485238988,0.9467466266258903,1.0,13.474151611328125,12.479334831237793,303.4494695663452,4741.397961974144,64,1920,7320,1140,25060
extra,SGF_RFW_ST4L20_NM,1,115,0.9770865420963465,0.9282542169094086,1.0,8.028646469116211,7.522753715515137,303.7680335044861,4746.375523507595,64,1920,7320,1140,25060
extra,SGF_RFW_ST4L20_NM,0,116,0.9863155689462362,0.9706462362538213,0.0,3.667846441268921,3.5980653762817383,303.302649974823,4739.103905856609,64,1920,7320,1140,25060
extra,SGF_RFW_ST4L20_NM,1,116,0.9810914959283229,0.945241841285125,0.3333333333333333,4.859245300292969,4.09613037109375,303.71526741981506,4745.55105343461,64,1920,7320,1140,25060
extra,SGF_RFW_ST4L20_NM,0,117,0.9813416504960069,0.8716215685657834,0.875,8.46262264251709,10.238886833190918,302.8232145309448,4731.612727046013,64,1920,7320,1140,25060
extra,SGF_RFW_ST4L20_NM,1,117,0.9837876081063951,0.9308587221995644,0.4166666666666667,8.096656799316406,10.157712936401367,303.8975944519043,4748.399913311005,64,1920,7320,1140,25060
extra,SGF_RFW_ST4L20_NM,0,118,0.9777513775192931,0.936928938264432,0.375,8.336943626403809,7.1046528816223145,303.15767216682434,4736.83862760663,64,1920,7320,1140,25060
extra,SGF_RFW_ST4L20_NM,1,118,0.9636530668392836,0.8851378262042999,1.0,14.757857322692871,15.13200569152832,304.4824683666229,4757.538568228483,64,1920,7320,1140,25060
extra,SGF_RFW_ST4L20_NM,0,119,0.9828895307613084,0.8854172463002413,0.625,6.399010181427002,5.147693157196045,303.2266848087311,4737.916950136423,64,1920,7320,1140,25060
extra,SGF_RFW_ST4L20_NM,1,119,0.9900387226052122,0.9719762283822765,0.0,3.8488824367523193,4.1053948402404785,304.9988489151001,4765.607014298439,64,1920,7320,1140,25060
extra,SGF_RFW_ST4L20_NM,0,120,0.9897339293237449,0.9819417440372965,0.0,3.5722827911376953,3.81891131401062,303.23455810546875,4738.039970397949,64,1920,7320,1140,25060
extra,SGF_RFW_ST4L20_NM,1,120,0.9906453462341028,0.9734981669032056,0.0,2.8328120708465576,3.2836687564849854,302.6492054462433,4728.893835097551,64,1920,7320,1140,25060
extra,SGF_RFW_ST4L20_NM,0,121,0.9870656709028282,0.9184273157430732,0.041666666666666664,9.392500877380371,7.632632732391357,303.55931425094604,4743.114285171032,64,1920,7320,1140,25060
extra,SGF_RFW_ST4L20_NM,1,121,0.9851715317732787,0.9088447417901909,0.625,7.181670188903809,6.692103385925293,302.71071600914,4729.854937642813,64,1920,7320,1140,25060
extra,SGF_RFW_ST4L20_NM,0,122,0.9912935836117693,0.9739501385585122,0.0,4.329370975494385,4.3361639976501465,303.37107133865356,4740.172989666462,64,1920,7320,1140,25060
extra,SGF_RFW_ST4L20_NM,1,122,0.9938606968394064,0.9773971438407898,0.0,3.82187819480896,3.3054869174957275,302.43669033050537,4725.573286414146,64,1920,7320,1140,25060
extra,SGF_RFW_ST4L20_NM,0,123,0.9736470227976582,0.8565177049325859,0.75,8.75916862487793,12.676433563232422,303.9108099937439,4748.606406152248,64,1920,7320,1140,25060
extra,SGF_RFW_ST4L20_NM,1,123,0.9775208158731007,0.8366681441016818,0.5416666666666666,8.576070785522461,7.911954879760742,302.68217420578003,4729.408971965313,64,1920,7320,1140,25060
extra,SGF_RFW_ST4L20_NM,0,124,0.980311316479518,0.8636734692946725,0.0,4.188568592071533,4.160044193267822,303.5258572101593,4742.591518908739,64,1920,7320,1140,25060
extra,SGF_RFW_ST4L20_NM,1,124,0.9890125903188315,0.9285367273766062,0.0,4.881523609161377,5.544806003570557,303.4181673526764,4740.908864885569,64,1920,7320,1140,25060
extra,SGF_RFW_ST4L20_NM,0,125,0.9851306433471413,0.9584746153458304,0.25,10.064680099487305,10.327876091003418,303.69379925727844,4745.215613394976,64,1920,7320,1140,25060
extra,SGF_RFW_ST4L20_NM,1,125,0.9758274181056933,0.9438951987287273,1.0,11.451885223388672,10.583635330200195,303.3181457519531,4739.346027374268,64,1920,7320,1140,25060
extra,SGF_RFW_ST4L20_NM,0,126,0.9731707818070542,0.7889601938102556,0.625,9.531776428222656,9.564080238342285,303.6683614253998,4744.818147271872,64,1920,7320,1140,25060
extra,SGF_RFW_ST4L20_NM,1,126,0.9764250824576566,0.865917102150295,0.125,6.239657878875732,6.026336669921875,302.94892024993896,4733.576878905296,64,1920,7320,1140,25060
extra,SGF_RFW_ST4L20_NM,0,127,0.9677756877230923,0.8066683139490044,1.0,9.210249900817871,9.470625877380371,303.84902143478394,4747.640959918499,64,1920,7320,1140,25060
extra,SGF_RFW_ST4L20_NM,1,127,0.9730218753288141,0.8276653484157895,1.0,6.539762496948242,8.7841215133667,303.34242391586304,4739.72537368536,64,1920,7320,1140,25060
extra,SGF_RFW_ST4L20_NM,0,128,0.9614139123930977,0.638445005144762,0.7083333333333334,4.556662559509277,4.569182395935059,305.08246207237244,4766.913469880819,64,1920,7320,1140,25060
extra,SGF_RFW_ST4L20_NM,1,128,0.9668607105243142,0.7406220714683118,0.9583333333333334,6.922221660614014,8.559477806091309,303.2348666191101,4738.044790923595,64,1920,7320,1140,25060
extra,SGF_RFW_ST4L20_NM,0,129,0.9826443762495477,0.9502912396970004,0.375,10.013809204101562,9.351767539978027,304.47253370285034,4757.383339107037,64,1920,7320,1140,25060
extra,SGF_RFW_ST4L20_NM,1,129,0.9759843685589443,0.8528688511122828,1.0,9.169666290283203,12.318790435791016,303.34303975105286,4739.734996110201,64,1920,7320,1140,25060
extra,SGF_RFW_ST4L20_NM,0,130,0.9898390778141822,0.9729714004889779,1.0,17.667774200439453,14.810972213745117,302.36880707740784,4724.512610584497,64,1920,7320,1140,25060
extra,SGF_RFW_ST4L20_NM,1,130,0.985901870595484,0.9333693890467935,1.0,10.224163055419922,8.848311424255371,303.49304461479187,4742.078822106123,64,1920,7320,1140,25060
extra,SGF_RFW_ST4L20_NM,0,131,0.9683064049396984,0.9028578556102255,1.0,9.613489151000977,13.580155372619629,302.7944383621216,4731.16309940815,64,1920,7320,1140,25060
extra,SGF_RFW_ST4L20_NM,1,131,0.9675468241781692,0.9283828929714536,0.4583333333333333,8.99153995513916,13.977460861206055,303.3154761791229,4739.304315298796,64,1920,7320,1140,25060
extra,SGF_RFW_ST4L20_NM,0,132,0.9724795408484307,0.9154704485250557,0.9166666666666666,8.093015670776367,12.8720121383667,302.46125769615173,4725.957151502371,64,1920,7320,1140,25060
extra,SGF_RFW_ST4L20_NM,1,132,0.9733955607888817,0.899989700835684,0.875,7.317754745483398,12.154156684875488,303.88967061042786,4748.276103287935,64,1920,7320,1140,25060
extra,SGF_RFW_ST4L20_NM,0,133,0.9711490286283454,0.8453020855136538,1.0,14.180005073547363,13.698201179504395,302.71268224716187,4729.885660111904,64,1920,7320,1140,25060
extra,SGF_RFW_ST4L20_NM,1,133,0.9804990970869106,0.9282213384690493,1.0,12.818853378295898,17.208148956298828,303.54747223854065,4742.929253727198,64,1920,7320,1140,25060
extra,SGF_RFW_ST4L20_NM,0,134,0.9849470645355055,0.9388912203519241,0.5833333333333334,4.418030738830566,4.688853740692139,303.5807189941406,4743.448734283447,64,1920,7320,1140,25060
extra,SGF_RFW_ST4L20_NM,1,134,0.9792398651475974,0.9590531535770582,0.75,4.6858906745910645,5.045665740966797,303.6874735355377,4745.116773992777,64,1920,7320,1140,25060
extra,SGF_RFW_ST4L20_NM,0,135,0.9873140228054842,0.9592649586822676,0.0,4.990860462188721,4.923406600952148,303.6909337043762,4745.170839130878,64,1920,7320,1140,25060
extra,SGF_RFW_ST4L20_NM,1,135,0.9904232790819562,0.9709675389787426,0.0,5.051089763641357,4.7681989669799805,303.68847036361694,4745.132349431515,64,1920,7320,1140,25060
extra,SGF_RFW_ST4L20_NM,0,136,0.9795089060406958,0.921132901440496,0.7916666666666666,8.995027542114258,8.839999198913574,303.3094594478607,4739.210303872824,64,1920,7320,1140,25060
extra,SGF_RFW_ST4L20_NM,1,136,0.9823870781087326,0.932606076416762,0.3333333333333333,10.422173500061035,10.554237365722656,303.9429576396942,4749.108713120222,64,1920,7320,1140,25060
extra,SGF_RFW_ST4L20_NM,0,137,0.9724094108888724,0.8892637737419294,1.0,20.241254806518555,20.73891830444336,303.2761242389679,4738.689441233873,64,1920,7320,1140,25060
extra,SGF_RFW_ST4L20_NM,1,137,0.9775546334870159,0.8857313290886258,1.0,14.773431777954102,16.372493743896484,304.529572725296,4758.27457383275,64,1920,7320,1140,25060
extra,SGF_RFW_ST4L20_NM,0,138,0.9906668883395119,0.9088018096011617,0.25,5.373567581176758,6.241081237792969,303.4221227169037,4740.97066745162,64,1920,7320,1140,25060
extra,SGF_RFW_ST4L20_NM,1,138,0.991473161805941,0.9026648635449618,0.16666666666666666,5.413797855377197,5.918900966644287,305.05558681488037,4766.493543982506,64,1920,7320,1140,25060
extra,SGF_RFW_ST4L20_NM,0,139,0.9838337668421495,0.9394938414511472,1.0,10.314679145812988,9.917972564697266,303.3060266971588,4739.1566671431065,64,1920,7320,1140,25060
extra,SGF_RFW_ST4L20_NM,1,139,0.9705320926051947,0.8986645444579745,1.0,11.619385719299316,10.841894149780273,302.3148121833801,4723.6689403653145,64,1920,7320,1140,25060
extra,SGF_RFW_ST4L20_NM,0,140,0.9834001609911547,0.91185520524564,0.875,7.8324079513549805,8.144464492797852,303.48865032196045,4742.010161280632,64,1920,7320,1140,25060
extra,SGF_RFW_ST4L20_NM,1,140,0.9616629657896333,0.7088292500247126,0.9583333333333334,13.032540321350098,14.572254180908203,302.688880443573,4729.513756930828,64,1920,7320,1140,25060
extra,SGF_RFW_ST4L20_NM,0,141,0.9947298091720613,0.9741568345090618,0.125,3.902710199356079,3.5289435386657715,303.2915201187134,4738.930001854897,64,1920,7320,1140,25060
extra,SGF_RFW_ST4L20_NM,1,141,0.9938633888215866,0.97037222592727,0.041666666666666664,3.585594654083252,2.629277467727661,302.4778616428375,4726.216588169336,64,1920,7320,1140,25060
extra,SGF_RFW_ST4L20_NM,0,142,0.9972657419358155,0.9920905685943106,0.0,5.256649971008301,3.7587246894836426,303.909503698349,4748.585995286703,64,1920,7320,1140,25060
extra,SGF_RFW_ST4L20_NM,1,142,0.9970130498094898,0.9905628263950348,0.0,3.639286994934082,3.7851107120513916,302.61662006378174,4728.38468849659,64,1920,7320,1140,25060
extra,SGF_RFW_ST4L20_NM,0,143,0.98217100831285,0.946602718985599,0.125,7.906933307647705,6.351062774658203,303.4975063800812,4742.148537188768,64,1920,7320,1140,25060
extra,SGF_RFW_ST4L20_NM,1,143,0.9821630981113284,0.9358954222305961,0.0,9.852912902832031,6.1804375648498535,303.40159249305725,4740.64988270402,64,1920,7320,1140,25060
extra,SGF_RFW_ST4L20_NM,0,144,0.9863455103840457,0.9364469077276146,0.08333333333333333,8.514952659606934,7.591894626617432,303.7064256668091,4745.412901043892,64,1920,7320,1140,25060
extra,SGF_RFW_ST4L20_NM,1,144,0.9885992382762554,0.9570985682632612,0.0,8.203396797180176,5.283030986785889,303.26083278656006,4738.450512290001,64,1920,7320,1140,25060
extra,SGF_RFW_ST4L20_NM,0,145,0.9933665306628701,0.9866369029749995,0.0,5.37993860244751,4.703073501586914,303.69393849372864,4745.21778896451,64,1920,7320,1140,25060
extra,SGF_RFW_ST4L20_NM,1,145,0.9944542828665971,0.9893833619097004,0.0,4.732180118560791,3.875070333480835,302.71745681762695,4729.960262775421,64,1920,7320,1140,25060
extra,SGF_RFW_ST4L20_NM,0,146,0.9862842599258567,0.9025807795317277,0.20833333333333334,4.17997407913208,5.564980506896973,303.9999976158142,4749.999962747097,64,1920,7320,1140,25060
extra,SGF_RFW_ST4L20_NM,1,146,0.9815600162591194,0.8502512924049211,0.4583333333333333,5.058938980102539,6.268232345581055,303.16637897491455,4736.97467148304,64,1920,7320,1140,25060
extra,SGF_RFW_ST4L20_NM,0,147,0.9833316840799519,0.9427339862222257,1.0,7.696819305419922,7.530369758605957,305.0804977416992,4766.88277721405,64,1920,7320,1140,25060
extra,SGF_RFW_ST4L20_NM,1,147,0.9718578407241688,0.9157481763673866,1.0,9.126800537109375,9.349343299865723,303.23582339286804,4738.059740513563,64,1920,7320,1140,25060
extra,SGF_RFW_ST4L20_NM,0,148,0.9696360336083734,0.8037888938966006,1.0,7.956762790679932,10.084442138671875,304.5735239982605,4758.96131247282,64,1920,7320,1140,25060
extra,SGF_RFW_ST4L20_NM,1,148,0.9802743340007104,0.9034837056761202,0.9583333333333334,9.641867637634277,8.51568603515625,303.25485944747925,4738.357178866863,64,1920,7320,1140,25060
extra,SGF_RFW_ST4L20_NM,0,149,0.9642176628833073,0.8258384194063103,0.3333333333333333,7.776639461517334,8.494425773620605,302.37598180770874,4724.624715745449,64,1920,7320,1140,25060
extra,SGF_RFW_ST4L20_NM,1,149,0.9672028289455898,0.9027606054492617,0.125,8.537702560424805,7.157404899597168,303.52383041381836,4742.559850215912,64,1920,7320,1140,25060
extra,SGF_RFW_ST4L20_NM,0,150,0.9872259321586109,0.9257925735867542,0.125,2.8373215198516846,3.4648988246917725,302.7302920818329,4730.160813778639,64,1920,7320,1140,25060
extra,SGF_RFW_ST4L20_NM,1,150,0.9882048648436553,0.9441307225952977,0.16666666666666666,3.394714593887329,3.984375,303.3844864368439,4740.3826005756855,64,1920,7320,1140,25060
extra,SGF_RFW_ST4L20_NM,0,151,0.9761148454066063,0.9037512942500735,1.0,8.626431465148926,8.471542358398438,302.49973034858704,4726.558286696672,64,1920,7320,1140,25060
extra,SGF_RFW_ST4L20_NM,1,151,0.9650606449765095,0.9248890501001606,1.0,5.601658344268799,6.034090518951416,303.94544744491577,4749.147616326809,64,1920,7320,1140,25060
extra,SGF_RFW_ST4L20_NM,0,152,0.9738883550701116,0.8909857635912687,1.0,11.779518127441406,11.227551460266113,302.6360409259796,4728.6881394684315,64,1920,7320,1140,25060
extra,SGF_RFW_ST4L20_NM,1,152,0.9775205791038745,0.9240925623022992,1.0,10.664141654968262,10.14933967590332,303.7273676395416,4745.740119367838,64,1920,7320,1140,25060
extra,SGF_RFW_ST4L20_NM,0,153,0.9887075854761035,0.9558942136557206,1.0,11.855005264282227,13.53909969329834,303.36452889442444,4740.070763975382,64,1920,7320,1140,25060
extra,SGF_RFW_ST4L20_NM,1,153,0.9919163672828342,0.9760029134543046,1.0,10.460102081298828,11.139449119567871,303.54188537597656,4742.841958999634,64,1920,7320,1140,25060
extra,SGF_RFW_ST4L20_NM,0,154,0.9816154984411485,0.9508737312710803,1.0,7.97909688949585,6.999053001403809,303.2587685585022,4738.418258726597,64,1920,7320,1140,25060
extra,SGF_RFW_ST4L20_NM,1,154,0.9770293535530122,0.8874631420425748,1.0,10.00714111328125,8.77488899230957,303.75603222846985,4746.188003569841,64,1920,7320,1140,25060
extra,SGF_RFW_ST4L20_NM,0,155,0.990521331626112,0.978348856386931,0.0,1.5615278482437134,1.848806381225586,302.84811902046204,4732.001859694719,64,1920,7320,1140,25060
extra,SGF_RFW_ST4L20_NM,1,155,0.9887036393275738,0.9716527397217959,0.041666666666666664,1.4396134614944458,1.3000860214233398,303.8395493030548,4747.492957860231,64,1920,7320,1140,25060
extra,SGF_RFW_ST4L20_NM,0,156,0.983794744803793,0.9419660581194836,0.8333333333333334,5.64749813079834,6.983604431152344,303.20027899742126,4737.504359334707,64,1920,7320,1140,25060
extra,SGF_RFW_ST4L20_NM,1,156,0.9887296868717567,0.9482999042324399,0.8333333333333334,5.4269890785217285,5.38520622253418,304.9924051761627,4765.5063308775425,64,1920,7320,1140,25060
extra,SGF_RFW_ST4L20_NM,0,157,0.984766589599427,0.880476520113323,0.875,6.253849506378174,8.599656105041504,303.22744154930115,4737.92877420783,64,1920,7320,1140,25060
extra,SGF_RFW_ST4L20_NM,1,157,0.9891058060199599,0.9525394763635552,0.16666666666666666,4.523849010467529,3.751997947692871,304.46701216697693,4757.2970651090145,64,1920,7320,1140,25060
extra,SGF_RFW_ST4L20_NM,0,158,0.9824849237062216,0.9720746511998385,0.9583333333333334,6.324995994567871,6.597142219543457,303.2769584655762,4738.702476024628,64,1920,7320,1140,25060
extra,SGF_RFW_ST4L20_NM,1,158,0.9802573090235548,0.9590686015460802,1.0,6.639585494995117,7.654271125793457,302.3401367664337,4724.064636975527,64,1920,7320,1140,25060
extra,SGF_RFW_ST4L20_NM,0,159,0.9818506826559225,0.9251024606435195,0.8333333333333334,7.74296760559082,8.45982837677002,303.5607795715332,4743.137180805206,64,1920,7320,1140,25060
extra,SGF_RFW_ST4L20_NM,1,159,0.987202658919465,0.9253698198691659,0.7916666666666666,7.091338634490967,9.439008712768555,302.7532169818878,4730.519015341997,64,1920,7320,1140,25060
extra,SGF_RFW_ST4L20_NM,0,160,0.9792208328701467,0.9053583080353945,0.9583333333333334,6.667252063751221,12.955390930175781,303.5188190937042,4742.4815483391285,64,1920,7320,1140,25060
extra,SGF_RFW_ST4L20_NM,1,160,0.9769749920270598,0.8898485717566117,1.0,7.763639450073242,9.586516380310059,302.4472727775574,4725.738637149334,64,1920,7320,1140,25060
extra,SGF_RFW_ST4L20_NM,0,161,0.9900420202132562,0.9664688395417255,1.0,11.113958358764648,11.285856246948242,303.9221215248108,4748.783148825169,64,1920,7320,1140,25060
extra,SGF_RFW_ST4L20_NM,1,161,0.9921628257762736,0.961612000413563,1.0,6.388038158416748,6.358828544616699,302.70798110961914,4729.812204837799,64,1920,7320,1140,25060
extra,SGF_RFW_ST4L20_NM,0,162,0.985852707732127,0.9488728979359502,1.0,12.761702537536621,13.267087936401367,303.5374791622162,4742.773111909628,64,1920,7320,1140,25060
extra,SGF_RFW_ST4L20_NM,1,162,0.9847729035873348,0.9445382706497026,1.0,12.405891418457031,19.870376586914062,303.3252329826355,4739.45676535368,64,1920,7320,1140,25060
extra,SGF_RFW_ST4L20_NM,0,163,0.9936586875841824,0.9829243447469628,0.375,5.623744964599609,6.807201862335205,303.788414478302,4746.693976223469,64,1920,7320,1140,25060
extra,SGF_RFW_ST4L20_NM,1,163,0.9942081512924009,0.9796685693056687,0.0,4.1075334548950195,4.3903045654296875,303.287805557251,4738.8719618320465,64,1920,7320,1140,25060
extra,SGF_RFW_ST4L20_NM,0,164,0.9889360783966118,0.9650963182034701,0.20833333333333334,6.7464213371276855,6.598759651184082,303.7346336841583,4745.853651314974,64,1920,7320,1140,25060
extra,SGF_RFW_ST4L20_NM,1,164,0.9893744405296351,0.9572202291177666,0.0,6.364408016204834,6.788190841674805,302.9726188182831,4733.947169035673,64,1920,7320,1140,25060
extra,SGF_RFW_ST4L20_NM,0,165,0.9920386850848687,0.9645309396412062,1.0,10.428963661193848,7.8020734786987305,303.91351437568665,4748.648662120104,64,1920,7320,1140,25060
extra,SGF_RFW_ST4L20_NM,1,165,0.9928078102926218,0.9681122225263844,1.0,6.038049697875977,5.639952182769775,303.22022247314453,4737.815976142883,64,1920,7320,1140,25060
extra,SGF_RFW_ST4L20_NM,0,166,0.9875111626517118,0.9658170614553535,0.9583333333333334,7.4384074211120605,6.734995365142822,304.98935747146606,4765.458710491657,64,1920,7320,1140,25060
extra,SGF_RFW_ST4L20_NM,1,166,0.9874543048916644,0.938424482293751,0.9166666666666666,9.459952354431152,7.525966167449951,303.2611737251282,4738.455839455128,64,1920,7320,1140,25060
extra,SGF_RFW_ST4L20_NM,0,167,0.9834175280999143,0.8826683176600415,1.0,9.544805526733398,8.650604248046875,304.44764256477356,4756.994415074587,64,1920,7320,1140,25060
extra,SGF_RFW_ST4L20_NM,1,167,0.9827669462877587,0.8858244859653971,1.0,12.344724655151367,14.031156539916992,303.31205320358276,4739.250831305981,64,1920,7320,1140,25060
extra,SGF_RFW_ST4L20_NM,0,168,0.9809577840899291,0.827821561175844,0.4583333333333333,8.451984405517578,5.9964728355407715,302.3598940372467,4724.37334433198,64,1920,7320,1140,25060
extra,SGF_RFW_ST4L20_NM,1,168,0.9826014346773325,0.8524889077829277,0.041666666666666664,8.013311386108398,10.221691131591797,303.4643905162811,4741.631101816893,64,1920,7320,1140,25060
extra,SGF_RFW_ST4L20_NM,0,169,0.995800678744348,0.973614585140477,0.0,5.21760368347168,5.034935474395752,302.78073930740356,4730.949051678181,64,1920,7320,1140,25060
extra,SGF_RFW_ST4L20_NM,1,169,0.9934999302502655,0.9142503984596418,0.0,7.438457012176514,12.204361915588379,303.2580900192261,4738.407656550407,64,1920,7320,1140,25060
extra,SGF_RFW_ST4L20_NM,0,170,0.9790509380535432,0.8814300544883894,1.0,10.27161693572998,17.54766273498535,302.51079511642456,4726.731173694134,64,1920,7320,1140,25060
extra,SGF_RFW_ST4L20_NM,1,170,0.9811718555338323,0.8670772573222285,1.0,10.655088424682617,13.3583984375,303.9657428264618,4749.4647316634655,64,1920,7320,1140,25060
extra,SGF_RFW_ST4L20_NM,0,171,0.9647861159635928,0.9112387351367784,1.0,9.98304271697998,12.257301330566406,302.67516016960144,4729.2993776500225,64,1920,7320,1140,25060
extra,SGF_RFW_ST4L20_NM,1,171,0.9698624859459816,0.9134717972382255,1.0,9.346961975097656,12.673372268676758,303.49791193008423,4742.154873907566,64,1920,7320,1140,25060
extra,SGF_RFW_ST4L20_NM,0,172,0.9808563691566555,0.9512967467308044,1.0,12.387490272521973,13.233485221862793,303.34617280960083,4739.783950150013,64,1920,7320,1140,25060
extra,SGF_RFW_ST4L20_NM,1,172,0.9828384732656864,0.9396270487619484,1.0,13.383188247680664,11.949861526489258,303.67372822761536,4744.90200355649,64,1920,7320,1140,25060
extra,SGF_RFW_ST4L20_NM,0,173,0.9802354565515715,0.8909977609696597,0.75,6.95275354385376,7.073553562164307,303.46466064453125,4741.635322570801,64,1920,7320,1140,25060
extra,SGF_RFW_ST4L20_NM,1,173,0.9821194523557638,0.926041445006495,0.875,7.442115783691406,6.6667280197143555,303.72636318206787,4745.7244247198105,64,1920,7320,1140,25060
extra,SGF_RFW_ST4L20_NM,0,174,0.9881254236947542,0.9672850577727609,1.0,7.919151782989502,7.243588447570801,302.92135643959045,4733.146194368601,64,1920,7320,1140,25060
extra,SGF_RFW_ST4L20_NM,1,174,0.9904100092035634,0.9721074544865153,1.0,10.216426849365234,11.331917762756348,303.8851318359375,4748.205184936523,64,1920,7320,1140,25060
extra,SGF_RFW_ST4L20_NM,0,175,0.9777881426982926,0.9266016677669858,1.0,15.932353019714355,14.561580657958984,303.22450852394104,4737.882945686579,64,1920,7320,1140,25060
extra,SGF_RFW_ST4L20_NM,1,175,0.9821785263902033,0.9531814468943555,1.0,17.07830047607422,16.618986129760742,304.5527446269989,4758.636634796858,64,1920,7320,1140,25060
extra,SGF_RFW_ST4L20_NM,0,176,0.9867549581634387,0.9671850632066312,0.041666666666666664,2.764949321746826,3.358689308166504,303.39786076545715,4740.591574460268,64,1920,7320,1140,25060
extra,SGF_RFW_ST4L20_NM,1,176,0.9880429028746581,0.9485441847987796,0.0,4.832892894744873,4.29909086227417,305.0303030014038,4766.0984843969345,64,1920,7320,1140,25060
extra,SGF_RFW_ST4L20_NM,0,177,0.993246274099107,0.9699586979720903,0.0,6.163322448730469,4.692408084869385,303.3059632778168,4739.155676215887,64,1920,7320,1140,25060
extra,SGF_RFW_ST4L20_NM,1,177,0.994384457200668,0.9745151335778445,0.041666666666666664,4.262044906616211,4.640780925750732,302.35073375701904,4724.230214953423,64,1920,7320,1140,25060
extra,SGF_RFW_ST4L20_NM,0,178,0.9897528675029603,0.9548868485119032,0.875,5.9981536865234375,5.586106777191162,303.4976556301117,4742.150869220495,64,1920,7320,1140,25060
extra,SGF_RFW_ST4L20_NM,1,178,0.9873623084412216,0.9591285910295403,0.8333333333333334,5.2836761474609375,6.2856550216674805,302.7333333492279,4730.208333581686,64,1920,7320,1140,25060
extra,SGF_RFW_ST4L20_NM,0,179,0.9877860117647286,0.9603213382803876,0.625,7.5688090324401855,7.830897331237793,303.23881101608276,4738.106422126293,64,1920,7320,1140,25060
extra,SGF_RFW_ST4L20_NM,1,179,0.9928424207152009,0.9799722769986028,0.041666666666666664,6.569857597351074,6.386693954467773,302.4230840206146,4725.3606878221035,64,1920,7320,1140,25060
extra,SGF_RFW_ST4L20_NM,0,180,0.9730092551014758,0.9387412252633468,1.0,10.375020027160645,9.247586250305176,303.91353821754456,4748.649034649134,64,1920,7320,1140,25060
extra,SGF_RFW_ST4L20_NM,1,180,0.9799831042881714,0.9788353183995122,1.0,11.39847183227539,11.930021286010742,302.6266920566559,4728.542063385248,64,1920,7320,1140,25060
extra,SGF_RFW_ST4L20_NM,0,181,0.9848549412951636,0.9680414497852325,1.0,9.39693546295166,10.731929779052734,303.4849548339844,4741.952419281006,64,1920,7320,1140,25060
extra,SGF_RFW_ST4L20_NM,1,181,0.9857005646671343,0.9753297152726547,1.0,11.292826652526855,15.728460311889648,303.26080107688904,4738.450016826391,64,1920,7320,1140,25060
extra,SGF_RFW_ST4L20_NM,0,182,0.984061222580757,0.9651755224103513,0.9583333333333334,7.595532417297363,9.0919771194458,303.6989130973816,4745.295517146587,64,1920,7320,1140,25060
extra,SGF_RFW_ST4L20_NM,1,182,0.9860497132333531,0.9793193469876829,0.0,4.083663463592529,3.510484218597412,303.35093665122986,4739.8583851754665,64,1920,7320,1140,25060
extra,SGF_RFW_ST4L20_NM,0,183,0.9779056357068304,0.8486168306806813,0.875,6.195279598236084,6.87702751159668,303.69231152534485,4745.192367583513,64,1920,7320,1140,25060
extra,SGF_RFW_ST4L20_NM,1,183,0.9857438918739728,0.9692730165046194,0.25,4.11107873916626,4.774977207183838,302.8701183795929,4732.345599681139,64,1920,7320,1140,25060
extra,SGF_RFW_ST4L20_NM,0,184,0.9871573363108891,0.9269679810689843,1.0,6.6477532386779785,6.284390449523926,303.9431941509247,4749.112408608198,64,1920,7320,1140,25060
extra,SGF_RFW_ST4L20_NM,1,184,0.9893231596898892,0.9556275476580081,0.9583333333333334,9.778990745544434,7.978588581085205,303.1696584224701,4737.025912851095,64,1920,7320,1140,25060
extra,SGF_RFW_ST4L20_NM,0,185,0.9875936263064905,0.9320757427941198,1.0,7.822625160217285,8.133049964904785,305.1036603450775,4767.244692891836,64,1920,7320,1140,25060
extra,SGF_RFW_ST4L20_NM,1,185,0.9864141730317263,0.9306849902090818,0.9583333333333334,7.845024108886719,8.263517379760742,303.1879286766052,4737.311385571957,64,1920,7320,1140,25060
extra,SGF_RFW_ST4L20_NM,0,186,0.9879840595456276,0.9500894533551257,0.5833333333333334,4.351621150970459,5.843073844909668,304.56407403945923,4758.81365686655,64,1920,7320,1140,25060
extra,SGF_RFW_ST4L20_NM,1,186,0.9874213223370479,0.9461097328559213,0.9583333333333334,5.4494242668151855,5.194272994995117,303.2704133987427,4738.600209355354,64,1920,7320,1140,25060
extra,SGF_RFW_ST4L20_NM,0,187,0.9798026826245322,0.8973169585932856,0.875,4.912896156311035,5.955857276916504,302.3830292224884,4724.734831601381,64,1920,7320,1140,25060
extra,SGF_RFW_ST4L20_NM,1,187,0.9798614690562651,0.851193755865097,1.0,4.13535737991333,5.979128837585449,303.57552909851074,4743.36764216423,64,1920,7320,1140,25060
extra,SGF_RFW_ST4L20_NM,0,188,0.9817119207098018,0.9502952707850415,1.0,8.044854164123535,7.994589328765869,302.7125015258789,4729.882836341858,64,1920,7320,1140,25060
extra,SGF_RFW_ST4L20_NM,1,188,0.978228519295229,0.9407310472882312,0.9166666666666666,4.845066070556641,6.033736705780029,303.26168990135193,4738.463904708624,64,1920,7320,1140,25060
extra,SGF_RFW_ST4L20_NM,0,189,0.9809449299510465,0.9046070420223734,1.0,7.475666046142578,9.016158103942871,302.42702078819275,4725.422199815512,64,1920,7320,1140,25060
extra,SGF_RFW_ST4L20_NM,1,189,0.9834318566160206,0.9232168249461962,1.0,7.8901143074035645,9.445998191833496,303.9163613319397,4748.693145811558,64,1920,7320,1140,25060
extra,SGF_RFW_ST4L20_NM,0,190,0.9817950258496889,0.940863654665325,0.9583333333333334,3.387448310852051,3.758396863937378,302.73313069343567,4730.205167084932,64,1920,7320,1140,25060
extra,SGF_RFW_ST4L20_NM,1,190,0.9786138050044267,0.924016140077425,0.20833333333333334,2.7079265117645264,2.851719617843628,303.7481122016907,4746.064253151417,64,1920,7320,1140,25060
extra,SGF_RFW_ST4L20_NM,0,191,0.9722209058190314,0.8875445386637812,1.0,7.557216644287109,8.10666275024414,303.388991355896,4740.452989935875,64,1920,7320,1140,25060
extra,SGF_RFW_ST4L20_NM,1,191,0.9768618427978278,0.9123316575651583,1.0,7.470815658569336,8.046231269836426,303.6264123916626,4744.162693619728,64,1920,7320,1140,25060
extra,SGF_RFW_ST4L20_NM,0,192,0.980398383332532,0.9136457469152367,1.0,9.660066604614258,10.813509941101074,303.2788166999817,4738.731510937214,64,1920,7320,1140,25060
extra,SGF_RFW_ST4L20_NM,1,192,0.980868210023766,0.951928576697474,1.0,11.543563842773438,11.91592788696289,303.71637320518494,4745.568331331015,64,1920,7320,1140,25060
extra,SGF_RFW_ST4L20_NM,0,193,0.9844480755960464,0.921535453070765,0.125,3.4983367919921875,4.004768371582031,302.91330766677856,4733.020432293415,64,1920,7320,1140,25060
extra,SGF_RFW_ST4L20_NM,1,193,0.979516982330319,0.9163686892260676,1.0,7.083535194396973,7.088191032409668,303.87918734550476,4748.112302273512,64,1920,7320,1140,25060
extra,SGF_RFW_ST4L20_NM,0,194,0.9823335786240145,0.9478413851364799,1.0,11.77081298828125,10.495306015014648,303.1480622291565,4736.68847233057,64,1920,7320,1140,25060
extra,SGF_RFW_ST4L20_NM,1,194,0.9778111569148816,0.912186411411866,1.0,10.595501899719238,10.884254455566406,305.03976941108704,4766.246397048235,64,1920,7320,1140,25060
extra,SGF_RFW_ST4L20_NM,0,195,0.9854759983309879,0.8997292609318442,0.875,6.22145938873291,5.648193836212158,303.2379584312439,4738.093100488186,64,1920,7320,1140,25060
extra,SGF_RFW_ST4L20_NM,1,195,0.9859102208200227,0.9177749545677848,0.9166666666666666,6.267851829528809,6.458337783813477,304.47755432128906,4757.461786270142,64,1920,7320,1140,25060
extra,SGF_RFW_ST4L20_NM,0,196,0.9809402157945307,0.8770618697871333,0.7916666666666666,8.624341011047363,10.207050323486328,303.28635454177856,4738.84928971529,64,1920,7320,1140,25060
extra,SGF_RFW_ST4L20_NM,1,196,0.9829408100768875,0.9078269328760064,0.9583333333333334,10.99406909942627,14.11480712890625,304.33045864105225,4755.163416266441,64,1920,7320,1140,25060
extra,SGF_RFW_ST4L20_NM,0,197,0.982587577359095,0.917790420677351,0.875,9.109487533569336,10.253846168518066,303.57674860954285,4743.386697024107,64,1920,7320,1140,25060
extra,SGF_RFW_ST4L20_NM,1,197,0.9826258330107901,0.9185300339823184,0.9583333333333334,9.530953407287598,9.391951560974121,303.7147800922394,4745.54343894124,64,1920,7320,1140,25060
extra,SGF_RFW_ST4L20_NM,0,198,0.9858702245932122,0.9518608619337496,0.6666666666666666,6.244313716888428,6.557385444641113,303.2307095527649,4737.979836761951,64,1920,7320,1140,25060
extra,SGF_RFW_ST4L20_NM,1,198,0.9857773066459498,0.9238393371519834,0.6666666666666666,5.802102088928223,6.93587589263916,304.6878719329834,4760.747998952866,64,1920,7320,1140,25060
extra,SGF_RFW_ST4L20_NM,0,199,0.9817203509979967,0.8790479872537696,0.9583333333333334,7.482830047607422,7.921108722686768,303.9190936088562,4748.735837638378,64,1920,7320,1140,25060
extra,SGF_RFW_ST4L20_NM,1,199,0.9871690214444401,0.9272287786006927,0.8333333333333334,8.776485443115234,9.240487098693848,304.28817653656006,4754.502758383751,64,1920,7320,1140,25060
extra,SGF_RFW_ST4L12_NM,0,0,0.9765171212241639,0.9162117618581523,0.9583333333333334,9.837089538574219,13.016239166259766,324.2861018180847,5066.970340907574,64,1920,7320,2052,45108
extra,SGF_RFW_ST4L12_NM,1,0,0.9770952977223654,0.9250635491765064,1.0,7.152912139892578,9.248037338256836,327.10708141326904,5111.048147082329,64,1920,7320,2052,45108
extra,SGF_RFW_ST4L12_NM,0,1,0.9920151305322257,0.9755793809890747,0.125,7.630429744720459,6.92762565612793,324.7389552593231,5074.046175926924,64,1920,7320,2052,45108
extra,SGF_RFW_ST4L12_NM,1,1,0.985281779452945,0.9633598729320193,0.9583333333333334,9.96658706665039,10.474445343017578,325.8916983604431,5092.057786881924,64,1920,7320,2052,45108
extra,SGF_RFW_ST4L12_NM,0,2,0.9760880863127892,0.8275693007137465,0.9166666666666666,5.671992301940918,5.219993591308594,324.7411904335022,5074.081100523472,64,1920,7320,2052,45108
extra,SGF_RFW_ST4L12_NM,1,2,0.980041882097512,0.9156198216521222,1.0,4.1267924308776855,4.047374725341797,325.42027139663696,5084.6917405724525,64,1920,7320,2052,45108
extra,SGF_RFW_ST4L12_NM,0,3,0.983643966726337,0.9185402224893155,0.041666666666666664,7.22728967666626,6.281881809234619,324.5944182872772,5071.787785738707,64,1920,7320,2052,45108
extra,SGF_RFW_ST4L12_NM,1,3,0.9916887169352364,0.9616107992503954,0.0,3.4267139434814453,4.071394443511963,325.70869064331055,5089.198291301727,64,1920,7320,2052,45108
extra,SGF_RFW_ST4L12_NM,0,4,0.9871845363080242,0.9686649441719055,0.7916666666666666,12.171210289001465,9.79056453704834,324.6901750564575,5073.283985257149,64,1920,7320,2052,45108
extra,SGF_RFW_ST4L12_NM,1,4,0.9816126022105327,0.9538577885731406,1.0,13.724129676818848,12.987154006958008,325.5963568687439,5087.443076074123,64,1920,7320,2052,45108
extra,SGF_RFW_ST4L12_NM,0,5,0.9860471270008814,0.937068769465322,0.041666666666666664,1.71824312210083,1.716694712638855,325.21800422668457,5081.531316041946,64,1920,7320,2052,45108
extra,SGF_RFW_ST4L12_NM,1,5,0.9711228413681742,0.7927567336870277,1.0,4.708046913146973,5.755592346191406,325.5103895664215,5086.099836975336,64,1920,7320,2052,45108
extra,SGF_RFW_ST4L12_NM,0,6,0.9768032312603264,0.8720885981684146,1.0,12.703313827514648,16.59749412536621,325.2403972148895,5081.881206482649,64,1920,7320,2052,45108
extra,SGF_RFW_ST4L12_NM,1,6,0.9788651937157886,0.8529239128465238,1.0,13.10734748840332,17.408987045288086,326.5538830757141,5102.404423058033,64,1920,7320,2052,45108
extra,SGF_RFW_ST4L12_NM,0,7,0.9780112320917626,0.8671112021674281,0.9583333333333334,8.266701698303223,10.337457656860352,325.4903573989868,5085.786834359169,64,1920,7320,2052,45108
extra,SGF_RFW_ST4L12_NM,1,7,0.9726389233067971,0.7550082232641137,0.9583333333333334,11.024425506591797,9.70097541809082,325.99392437934875,5093.655068427324,64,1920,7320,2052,45108
extra,SGF_RFW_ST4L12_NM,0,8,0.9920544068043181,0.9742994243684023,0.5,5.179205894470215,6.689075469970703,325.3104088306427,5082.975137978792,64,1920,7320,2052,45108
extra,SGF_RFW_ST4L12_NM,1,8,0.9930580925828479,0.9744220751783123,0.0,3.128887891769409,3.8889331817626953,325.5400037765503,5086.562559008598,64,1920,7320,2052,45108
extra,SGF_RFW_ST4L12_NM,0,9,0.9926204533834037,0.9793240713036578,1.0,7.041629791259766,6.686033248901367,327.05077838897705,5110.168412327766,64,1920,7320,2052,45108
extra,SGF_RFW_ST4L12_NM,1,9,0.9932376107370279,0.9837268953738004,1.0,6.951301097869873,5.592310905456543,324.353063583374,5068.016618490219,64,1920,7320,2052,45108
extra,SGF_RFW_ST4L12_NM,0,10,0.9849048212842506,0.9208686973737633,0.7083333333333334,5.643026828765869,5.892865180969238,325.56771087646484,5086.995482444763,64,1920,7320,2052,45108
extra,SGF_RFW_ST4L12_NM,1,10,0.9776086284921598,0.7761260776416116,0.5416666666666666,5.399148464202881,6.0135674476623535,324.71668791770935,5073.698248714209,64,1920,7320,2052,45108
extra,SGF_RFW_ST4L12_NM,0,11,0.9780036328807703,0.9109168013800746,0.9166666666666666,9.68476390838623,12.78867244720459,325.9581882953644,5093.096692115068,64,1920,7320,2052,45108
extra,SGF_RFW_ST4L12_NM,1,11,0.977428747256226,0.9562043534672778,1.0,7.44350528717041,9.85986614227295,324.77172446250916,5074.558194726706,64,1920,7320,2052,45108
extra,SGF_RFW_ST4L12_NM,0,12,0.9887415187476268,0.9330129221729612,1.0,8.562259674072266,6.226102828979492,326.7283718585968,5105.130810290575,64,1920,7320,2052,45108
extra,SGF_RFW_ST4L12_NM,1,12,0.9877636104634497,0.9500890179820681,1.0,8.120404243469238,8.95116138458252,324.487753868103,5070.12115418911,64,1920,7320,2052,45108
extra,SGF_RFW_ST4L12_NM,0,13,0.971396292424329,0.9553344366343125,1.0,14.376093864440918,17.764101028442383,325.77436327934265,5090.224426239729,64,1920,7320,2052,45108
extra,SGF_RFW_ST4L12_NM,1,13,0.9743100519943736,0.9602080726105234,1.0,10.972251892089844,14.09874153137207,323.4448730945587,5053.82614210248,64,1920,7320,2052,45108
extra,SGF_RFW_ST4L12_NM,0,14,0.9820627202916201,0.8778472283612127,1.0,7.994327545166016,10.623584747314453,325.4182393550873,5084.659989923239,64,1920,7320,2052,45108
extra,SGF_RFW_ST4L12_NM,1,14,0.9888168295581207,0.9484010766381803,1.0,7.423521041870117,10.729426383972168,324.8749372959137,5076.1708952486515,64,1920,7320,2052,45108
extra,SGF_RFW_ST4L12_NM,0,15,0.9916212438040279,0.9519924029060031,1.0,10.418211936950684,12.974346160888672,325.80351400375366,5090.679906308651,64,1920,7320,2052,45108
extra,SGF_RFW_ST4L12_NM,1,15,0.9871481904712525,0.9425905126592388,1.0,13.223414421081543,10.854814529418945,325.4514682292938,5085.179191082716,64,1920,7320,2052,45108
extra,SGF_RFW_ST4L12_NM,0,16,0.9859446004639832,0.9547105016915695,0.875,6.62053108215332,6.326312065124512,325.56696367263794,5086.983807384968,64,1920,7320,2052,45108
extra,SGF_RFW_ST4L12_NM,1,16,0.9572113096360271,0.8579009249806404,1.0,6.6377644538879395,3.333803415298462,325.2231333255768,5081.611458212137,64,1920,7320,2052,45108
extra,SGF_RFW_ST4L12_NM,0,17,0.983133743845582,0.8838068104308584,1.0,9.831900596618652,10.228312492370605,326.0714421272278,5094.866283237934,64,1920,7320,2052,45108
extra,SGF_RFW_ST4L12_NM,1,17,0.9797368508159181,0.8827489873637324,1.0,8.77031135559082,10.041526794433594,325.34980607032776,5083.590719848871,64,1920,7320,2052,45108
extra,SGF_RFW_ST4L12_NM,0,18,0.9904391497142623,0.9376086566759193,0.08333333333333333,3.7078006267547607,4.294195652008057,325.5336740016937,5086.4636562764645,64,1920,7320,2052,45108
extra,SGF_RFW_ST4L12_NM,1,18,0.9911048139072784,0.9460087107575458,0.5,5.745163440704346,3.8506782054901123,325.56187677383423,5086.90432459116,64,1920,7320,2052,45108
extra,SGF_RFW_ST4L12_NM,0,19,0.9718885825668847,0.8168122288973435,0.6666666666666666,3.66536808013916,4.784102439880371,324.3650634288788,5068.204116076231,64,1920,7320,2052,45108
extra,SGF_RFW_ST4L12_NM,1,19,0.9805728260981442,0.9073946644430575,0.5416666666666666,5.418064117431641,5.574499130249023,325.96348571777344,5093.17946434021,64,1920,7320,2052,45108
extra,SGF_RFW_ST4L12_NM,0,20,0.9910595208459183,0.9669751887736112,0.0,3.0140202045440674,3.4404027462005615,324.65872073173523,5072.792511433363,64,1920,7320,2052,45108
extra,SGF_RFW_ST4L12_NM,1,20,0.9921872444172325,0.9581453152324843,0.0,3.0163772106170654,3.2653942108154297,325.38573002815247,5084.152031689882,64,1920,7320,2052,45108
extra,SGF_RFW_ST4L12_NM,0,21,0.9897031926038173,0.9340754669645558,0.20833333333333334,6.138462066650391,5.681032180786133,324.77289271354675,5074.576448649168,64,1920,7320,2052,45108
extra,SGF_RFW_ST4L12_NM,1,21,0.9880549683348607,0.9308748465517293,0.0,5.806332588195801,6.849913597106934,327.20773100852966,5112.620797008276,64,1920,7320,2052,45108
extra,SGF_RFW_ST4L12_NM,0,22,0.9665381639595513,0.84324530414913,1.0,19.319833755493164,17.917118072509766,324.38757157325745,5068.555805832148,64,1920,7320,2052,45108
extra,SGF_RFW_ST4L12_NM,1,22,0.9770507138108169,0.8645588716735011,1.0,15.601409912109375,15.62210464477539,325.7567365169525,5089.949008077383,64,1920,7320,2052,45108
extra,SGF_RFW_ST4L12_NM,0,23,0.9733378239354762,0.8784954586754674,1.0,9.670212745666504,9.88296127319336,324.67365550994873,5073.025867342949,64,1920,7320,2052,45108
extra,SGF_RFW_ST4L12_NM,1,23,0.9787056922920234,0.8676154924475629,1.0,9.2615327835083,8.480974197387695,325.4953691959381,5085.865143686533,64,1920,7320,2052,45108
extra,SGF_RFW_ST4L12_NM,0,24,0.9848768414268095,0.9572277198667112,1.0,9.352279663085938,10.611773490905762,325.2795693874359,5082.493271678686,64,1920,7320,2052,45108
extra,SGF_RFW_ST4L12_NM,1,24,0.9617425095704529,0.8928561845551366,1.0,7.535475730895996,8.076491355895996,325.62753105163574,5087.9301726818085,64,1920,7320,2052,45108
extra,SGF_RFW_ST4L12_NM,0,25,0.9775802909685739,0.8408741963946301,0.875,6.174917697906494,9.934172630310059,325.24729681015015,5081.989012658596,64,1920,7320,2052,45108
extra,SGF_RFW_ST4L12_NM,1,25,0.9672122139483953,0.8027317990427432,0.875,5.626324653625488,7.882399082183838,326.69438552856445,5104.59977388382,64,1920,7320,2052,45108
extra,SGF_RFW_ST4L12_NM,0,26,0.9843650321138616,0.9362185649249865,1.0,5.512802600860596,7.020875453948975,325.29402589797974,5082.719154655933,64,1920,7320,2052,45108
extra,SGF_RFW_ST4L12_NM,1,26,0.9855263061153253,0.9375271926755491,1.0,6.33227014541626,7.38463830947876,326.0084664821625,5093.882288783789,64,1920,7320,2052,45108
extra,SGF_RFW_ST4L12_NM,0,27,0.9832546611808862,0.9035139161607494,0.0,5.758362293243408,5.117733955383301,325.28525280952454,5082.582075148821,64,1920,7320,2052,45108
extra,SGF_RFW_ST4L12_NM,1,27,0.9833167054069115,0.9293124092661816,0.3333333333333333,4.241513252258301,6.170083999633789,325.4563045501709,5085.25475859642,64,1920,7320,2052,45108
extra,SGF_RFW_ST4L12_NM,0,28,0.9720539207900704,0.8520739648653114,1.0,10.479032516479492,10.06965446472168,325.51711869239807,5086.20497956872,64,1920,7320,2052,45108
extra,SGF_RFW_ST4L12_NM,1,28,0.9753720285957802,0.8917562922705775,1.0,12.39742660522461,12.454623222351074,324.31673073768616,5067.448917776346,64,1920,7320,2052,45108
extra,SGF_RFW_ST4L12_NM,0,29,0.968343678622899,0.8460327607134114,1.0,18.599349975585938,16.603971481323242,327.03219628334045,5109.878066927195,64,1920,7320,2052,45108
extra,SGF_RFW_ST4L12_NM,1,29,0.9713491385295754,0.8148194719915804,1.0,13.646392822265625,17.193681716918945,324.6287467479706,5072.32416793704,64,1920,7320,2052,45108
extra,SGF_RFW_ST4L12_NM,0,30,0.9746682904056897,0.9331997555235158,1.0,7.398805141448975,8.960004806518555,325.9110589027405,5092.36029535532,64,1920,7320,2052,45108
extra,SGF_RFW_ST4L12_NM,1,30,0.9738718325680921,0.9317191502322322,1.0,9.655862808227539,10.046056747436523,324.8169672489166,5075.265113264322,64,1920,7320,2052,45108
extra,SGF_RFW_ST4L12_NM,0,31,0.9808408405000387,0.912907503221346,0.4166666666666667,7.265769004821777,5.092918395996094,326.60578513145447,5103.215392678976,64,1920,7320,2052,45108
extra,SGF_RFW_ST4L12_NM,1,31,0.9865515699213011,0.9421253165473109,0.16666666666666666,8.8187837600708,6.576805591583252,324.475652217865,5069.9320659041405,64,1920,7320,2052,45108
extra,SGF_RFW_ST4L12_NM,0,32,0.9895130929799828,0.9630631558273149,1.0,3.654845952987671,3.8781754970550537,325.6754174232483,5088.678397238255,64,1920,7320,2052,45108
extra,SGF_RFW_ST4L12_NM,1,32,0.9880534761893266,0.9222250645575315,1.0,4.864406108856201,5.345061779022217,323.271422624588,5051.115978509188,64,1920,7320,2052,45108
extra,SGF_RFW_ST4L12_NM,0,33,0.9800614189804048,0.8215696422950082,1.0,4.993739604949951,4.810242652893066,325.3113536834717,5082.989901304245,64,1920,7320,2052,45108
extra,SGF_RFW_ST4L12_NM,1,33,0.9697566146683014,0.7952000835667485,0.9166666666666666,7.341342926025391,10.13638687133789,324.7673029899597,5074.489109218121,64,1920,7320,2052,45108
extra,SGF_RFW_ST4L12_NM,0,34,0.9657601284970788,0.8020059816215349,1.0,10.628283500671387,14.419075965881348,325.6451880931854,5088.206063956022,64,1920,7320,2052,45108
extra,SGF_RFW_ST4L12_NM,1,34,0.9714842209708152,0.8530420738717784,0.9583333333333334,9.447203636169434,13.836559295654297,325.63618898391724,5088.065452873707,64,1920,7320,2052,45108
extra,SGF_RFW_ST4L12_NM,0,35,0.9827045897454975,0.931438059910484,0.16666666666666666,7.01270055770874,6.49541711807251,325.74922823905945,5089.831691235304,64,1920,7320,2052,45108
extra,SGF_RFW_ST4L12_NM,1,35,0.9842705588092858,0.9384757293307263,0.3333333333333333,6.07747220993042,6.950734615325928,325.2952449321747,5082.738202065229,64,1920,7320,2052,45108
extra,SGF_RFW_ST4L12_NM,0,36,0.9766300352679164,0.9163412542446799,1.0,8.262706756591797,6.616598129272461,325.92181873321533,5092.52841770649,64,1920,7320,2052,45108
extra,SGF_RFW_ST4L12_NM,1,36,0.9808845331253796,0.9418128029159879,1.0,8.992295265197754,7.770248889923096,325.4425299167633,5085.039529949427,64,1920,7320,2052,45108
extra,SGF_RFW_ST4L12_NM,0,37,0.9850645128771082,0.9263954149640125,0.08333333333333333,4.3638529777526855,3.6374611854553223,325.5414218902588,5086.584717035294,64,1920,7320,2052,45108
extra,SGF_RFW_ST4L12_NM,1,37,0.98557060093717,0.907153080339017,0.0,2.7484958171844482,2.743185520172119,325.5254485607147,5086.3351337611675,64,1920,7320,2052,45108
extra,SGF_RFW_ST4L12_NM,0,38,0.9783878177291266,0.9359189842058265,0.875,7.038756847381592,9.120030403137207,324.4346888065338,5069.292012602091,64,1920,7320,2052,45108
extra,SGF_RFW_ST4L12_NM,1,38,0.9781963733205581,0.9436621277228646,1.0,6.274551868438721,6.538626194000244,325.3144488334656,5083.0382630229,64,1920,7320,2052,45108
extra,SGF_RFW_ST4L12_NM,0,39,0.9896859510300337,0.9377005450103594,0.4166666666666667,6.070037841796875,5.092134475708008,324.6541986465454,5072.721853852272,64,1920,7320,2052,45108
extra,SGF_RFW_ST4L12_NM,1,39,0.9859866000080463,0.8335368374119634,0.4166666666666667,6.250783443450928,5.624857425689697,325.90278148651123,5092.230960726738,64,1920,7320,2052,45108
extra,SGF_RFW_ST4L12_NM,0,40,0.9840883044772992,0.8905106756998146,0.9583333333333334,4.3657145500183105,4.594333171844482,324.7365207672119,5074.008136987686,64,1920,7320,2052,45108
extra,SGF_RFW_ST4L12_NM,1,40,0.9862390344610192,0.9122277005859042,0.9166666666666666,3.8885154724121094,4.465403079986572,327.21444392204285,5112.7256862819195,64,1920,7320,2052,45108
extra,SGF_RFW_ST4L12_NM,0,41,0.9843252461424269,0.9115154885727427,1.0,6.965271949768066,7.465353965759277,324.47482228279114,5069.9190981686115,64,1920,7320,2052,45108
extra,SGF_RFW_ST4L12_NM,1,41,0.9876090975736256,0.9465352607809979,0.7916666666666666,5.122344970703125,5.58370304107666,325.7664394378662,5090.10061621666,64,1920,7320,2052,45108
extra,SGF_RFW_ST4L12_NM,0,42,0.9925483606533794,0.97240528334742,0.0,3.0031514167785645,2.423964023590088,324.7923240661621,5074.880063533783,64,1920,7320,2052,45108
extra,SGF_RFW_ST4L12_NM,1,42,0.9919597676456534,0.9466320444708285,0.125,2.468463182449341,2.3666999340057373,325.646532535553,5088.227070868015,64,1920,7320,2052,45108
extra,SGF_RFW_ST4L12_NM,0,43,0.9859879611613187,0.9044099242790885,0.3333333333333333,4.237441539764404,6.228726387023926,325.26576495170593,5082.277577370405,64,1920,7320,2052,45108
extra,SGF_RFW_ST4L12_NM,1,43,0.9919904037731259,0.9461010590843534,0.4166666666666667,4.5482611656188965,3.6329352855682373,325.50622177124023,5086.034715175629,64,1920,7320,2052,45108
extra,SGF_RFW_ST4L12_NM,0,44,0.9741202297356072,0.8463906257048898,1.0,8.435744285583496,9.610913276672363,325.2679705619812,5082.312040030956,64,1920,7320,2052,45108
extra,SGF_RFW_ST4L12_NM,1,44,0.9771456728253166,0.8817088707633639,1.0,7.410105228424072,7.8328142166137695,326.772673368454,5105.823021382093,64,1920,7320,2052,45108
extra,SGF_RFW_ST4L12_NM,0,45,0.9939403581968002,0.9739279371240864,0.041666666666666664,2.756615161895752,2.9029541015625,325.2862238883972,5082.5972482562065,64,1920,7320,2052,45108
extra,SGF_RFW_ST4L12_NM,1,45,0.9922868067438889,0.9753548826860344,0.0,3.170168876647949,3.6298131942749023,326.0207154750824,5094.0736792981625,64,1920,7320,2052,45108
extra,SGF_RFW_ST4L12_NM,0,46,0.9812087869191046,0.9179520762485006,0.875,5.392138481140137,5.7123284339904785,325.3321039676666,5083.314124494791,64,1920,7320,2052,45108
extra,SGF_RFW_ST4L12_NM,1,46,0.9834677917440368,0.8951530961886697,0.7916666666666666,4.827981472015381,4.794732570648193,325.3473651409149,5083.552580326796,64,1920,7320,2052,45108
extra,SGF_RFW_ST4L12_NM,0,47,0.9919734840534229,0.9533821111140043,0.16666666666666666,5.452714443206787,2.3664870262145996,325.6108593940735,5087.669678032398,64,1920,7320,2052,45108
extra,SGF_RFW_ST4L12_NM,1,47,0.9908329885097258,0.9124367949755295,0.0,2.847280502319336,2.5499160289764404,324.27952337265015,5066.8675526976585,64,1920,7320,2052,45108
extra,SGF_RFW_ST4L12_NM,0,48,0.9926007621027132,0.9595020789167156,0.20833333333333334,3.305968761444092,4.174662113189697,327.0738263130188,5110.528536140919,64,1920,7320,2052,45108
extra,SGF_RFW_ST4L12_NM,1,48,0.992289862446679,0.9572786701762158,0.2916666666666667,4.585599899291992,3.8247735500335693,324.7014591693878,5073.460299521685,64,1920,7320,2052,45108
extra,SGF_RFW_ST4L12_NM,0,49,0.9768487157689899,0.944059563719708,1.0,13.820292472839355,14.851462364196777,325.91170024871826,5092.370316386223,64,1920,7320,2052,45108
extra,SGF_RFW_ST4L12_NM,1,49,0.9721988499533357,0.9290016293525696,1.0,13.0890531539917,10.881361961364746,324.8181984424591,5075.2843506634235,64,1920,7320,2052,45108
extra,SGF_RFW_ST4L12_NM,0,50,0.9894601887374334,0.9637771248817444,1.0,9.44449520111084,8.946887016296387,326.648992061615,5103.890500962734,64,1920,7320,2052,45108
extra,SGF_RFW_ST4L12_NM,1,50,0.982020431874254,0.9275645691415538,1.0,11.225931167602539,11.017860412597656,324.54401659965515,5071.000259369612,64,1920,7320,2052,45108
extra,SGF_RFW_ST4L12_NM,0,51,0.9739942941495983,0.8926763430885648,0.375,4.899227142333984,3.8779032230377197,325.2889635562897,5082.640055567026,64,1920,7320,2052,45108
extra,SGF_RFW_ST4L12_NM,1,51,0.97096031425855,0.876998765313107,0.5833333333333334,5.432798385620117,4.770267486572266,323.3211452960968,5051.8928952515125,64,1920,7320,2052,45108
extra,SGF_RFW_ST4L12_NM,0,52,0.9679734237766958,0.7479005339352981,0.875,9.988733291625977,11.794222831726074,325.7216956615448,5089.4014947116375,64,1920,7320,2052,45108
extra,SGF_RFW_ST4L12_NM,1,52,0.9498554779309135,0.5863046902029411,0.9166666666666666,11.991570472717285,12.394359588623047,324.732661485672,5073.947835713625,64,1920,7320,2052,45108
extra,SGF_RFW_ST4L12_NM,0,53,0.9829059383290053,0.9474020716936692,1.0,14.926935195922852,16.547481536865234,325.707551240921,5089.180488139391,64,1920,7320,2052,45108
extra,SGF_RFW_ST4L12_NM,1,53,0.9834292557403589,0.9470991284950919,1.0,13.769266128540039,13.984121322631836,325.2829489707947,5082.546077668667,64,1920,7320,2052,45108
extra,SGF_RFW_ST4L12_NM,0,54,0.9892400742092239,0.9516296270100967,0.4166666666666667,4.481318950653076,4.113007068634033,325.63882088661194,5088.1065763533115,64,1920,7320,2052,45108
extra,SGF_RFW_ST4L12_NM,1,54,0.9884540653117417,0.974048076764397,0.625,6.102307319641113,4.969053268432617,325.35243701934814,5083.631828427315,64,1920,7320,2052,45108
extra,SGF_RFW_ST4L12_NM,0,55,0.9736408761826598,0.8118420463541279,0.875,5.652307987213135,8.103397369384766,325.9762907028198,5093.37954223156,64,1920,7320,2052,45108
extra,SGF_RFW_ST4L12_NM,1,55,0.985573675464691,0.8952672339004019,0.2916666666666667,5.881580352783203,6.825342655181885,325.32104873657227,5083.141386508942,64,1920,7320,2052,45108
extra,SGF_RFW_ST4L12_NM,0,56,0.9781839655048458,0.8677771532017252,1.0,15.207244873046875,16.915145874023438,325.5390465259552,5086.54760196805,64,1920,7320,2052,45108
extra,SGF_RFW_ST4L12_NM,1,56,0.9782142457994846,0.8520076287829358,1.0,15.936954498291016,16.788850784301758,325.48993396759033,5085.780218243599,64,1920,7320,2052,45108
extra,SGF_RFW_ST4L12_NM,0,57,0.9698695366405151,0.9036404853281766,1.0,8.442986488342285,9.546357154846191,324.23971676826477,5066.245574504137,64,1920,7320,2052,45108
extra,SGF_RFW_ST4L12_NM,1,57,0.9704840201277984,0.9275842775469241,1.0,9.85630989074707,10.627753257751465,325.4094023704529,5084.521912038326,64,1920,7320,2052,45108
extra,SGF_RFW_ST4L12_NM,0,58,0.9781426138853169,0.9453369469746299,0.9583333333333334,3.4806292057037354,3.571120500564575,324.4711718559265,5069.862060248852,64,1920,7320,2052,45108
extra,SGF_RFW_ST4L12_NM,1,58,0.9716171143893003,0.8776043860808663,1.0,3.879814624786377,4.814925670623779,325.9090120792389,5092.328313738108,64,1920,7320,2052,45108
extra,SGF_RFW_ST4L12_NM,0,59,0.9949802011413006,0.9815040684264639,0.7916666666666666,4.349573612213135,3.766047477722168,324.71997809410095,5073.749657720327,64,1920,7320,2052,45108
extra,SGF_RFW_ST4L12_NM,1,59,0.9954730158891317,0.9853096319281537,0.9583333333333334,5.671738624572754,5.600600242614746,327.14492535591125,5111.639458686113,64,1920,7320,2052,45108
extra,SGF_RFW_ST4L12_NM,0,60,0.9849546732001212,0.9262880592242532,1.0,7.1138014793396,8.27985954284668,324.3961863517761,5068.690411746502,64,1920,7320,2052,45108
extra,SGF_RFW_ST4L12_NM,1,60,0.9859145215652182,0.9265154949996782,1.0,7.000946998596191,5.907937049865723,325.7304973602295,5089.539021253586,64,1920,7320,2052,45108
extra,SGF_RFW_ST4L12_NM,0,61,0.9750876201186226,0.8085333964099055,1.0,6.215648651123047,5.15721321105957,324.6613290309906,5072.833266109228,64,1920,7320,2052,45108
extra,SGF_RFW_ST4L12_NM,1,61,0.9864983016148362,0.8677085651003796,1.0,5.270123481750488,5.305074691772461,325.6335527896881,5088.024262338877,64,1920,7320,2052,45108
extra,SGF_RFW_ST4L12_NM,0,62,0.9833814829271041,0.9059374980304552,1.0,8.690875053405762,9.456583023071289,325.29765796661377,5082.77590572834,64,1920,7320,2052,45108
extra,SGF_RFW_ST4L12_NM,1,62,0.9851639777421739,0.938318678866262,0.875,7.422674179077148,5.300116539001465,325.5375642776489,5086.5244418382645,64,1920,7320,2052,45108
extra,SGF_RFW_ST4L12_NM,0,63,0.9949946561411115,0.9766951449539351,0.0,3.473681926727295,2.9357545375823975,325.422322511673,5084.72378924489,64,1920,7320,2052,45108
extra,SGF_RFW_ST4L12_NM,1,63,0.9945896937584026,0.9743885333123415,0.0,3.0709903240203857,2.5799546241760254,325.9101417064667,5092.345964163542,64,1920,7320,2052,45108
extra,SGF_RFW_ST4L12_NM,0,64,0.987193049689094,0.9392548579236736,0.7916666666666666,3.893569231033325,5.180786609649658,325.20762300491333,5081.369109451771,64,1920,7320,2052,45108
extra,SGF_RFW_ST4L12_NM,1,64,0.9910030365352934,0.9528078281361124,0.5416666666666666,5.023627281188965,3.961826801300049,326.6979920864105,5104.656126350164,64,1920,7320,2052,45108
extra,SGF_RFW_ST4L12_NM,0,65,0.973354233188798,0.7632302266100178,0.7083333333333334,6.009324073791504,5.849896430969238,325.29654455184937,5082.758508622646,64,1920,7320,2052,45108
extra,SGF_RFW_ST4L12_NM,1,65,0.9844475986781228,0.8915439209212428,0.9583333333333334,5.571454048156738,4.80930233001709,325.3672866821289,5083.863854408264,64,1920,7320,2052,45108
extra,SGF_RFW_ST4L12_NM,0,66,0.9904711985206057,0.9424019170844037,0.0,3.723137855529785,3.6058969497680664,325.6186661720276,5087.791658937931,64,1920,7320,2052,45108
extra,SGF_RFW_ST4L12_NM,1,66,0.9866822597240731,0.9010426933350771,0.041666666666666664,3.098245143890381,4.52012300491333,324.3146426677704,5067.416291683912,64,1920,7320,2052,45108
extra,SGF_RFW_ST4L12_NM,0,67,0.9880900865467179,0.9498579540978307,0.7916666666666666,6.4482622146606445,6.965879440307617,327.08641362190247,5110.725212842226,64,1920,7320,2052,45108
extra,SGF_RFW_ST4L12_NM,1,67,0.9870147075208098,0.958721443362858,1.0,7.7341694831848145,9.075361251831055,324.7406189441681,5074.072171002626,64,1920,7320,2052,45108
extra,SGF_RFW_ST4L12_NM,0,68,0.9820597741025826,0.8490656458813212,0.9166666666666666,5.935533046722412,7.395051956176758,325.86568427085876,5091.651316732168,64,1920,7320,2052,45108
extra,SGF_RFW_ST4L12_NM,1,68,0.9725241834787687,0.832802027463913,0.7916666666666666,6.938127517700195,8.820242881774902,324.7161259651184,5073.689468204975,64,1920,7320,2052,45108
extra,SGF_RFW_ST4L12_NM,0,69,0.9761138891722565,0.9373823844868204,0.875,11.496352195739746,11.725305557250977,326.6260199546814,5103.531561791897,64,1920,7320,2052,45108
extra,SGF_RFW_ST4L12_NM,1,69,0.9851752567745344,0.9323378619940385,0.7916666666666666,8.402639389038086,7.904211521148682,324.40351366996765,5068.804901093245,64,1920,7320,2052,45108
extra,SGF_RFW_ST4L12_NM,0,70,0.9606895698052905,0.7453162572954012,0.9583333333333334,14.463642120361328,17.70423126220703,325.25466775894165,5082.104183733463,64,1920,7320,2052,45108
extra,SGF_RFW_ST4L12_NM,1,70,0.9678308618368711,0.8748512579047162,0.9583333333333334,17.56205177307129,15.082559585571289,323.5236065387726,5055.056352168322,64,1920,7320,2052,45108
extra,SGF_RFW_ST4L12_NM,0,71,0.9852612009553802,0.9293111459068631,0.75,20.37646484375,22.862091064453125,325.66151237487793,5088.461130857468,64,1920,7320,2052,45108
extra,SGF_RFW_ST4L12_NM,1,71,0.9870060040458396,0.9500794099724811,0.9583333333333334,22.609094619750977,22.82489585876465,324.7291929721832,5073.893640190363,64,1920,7320,2052,45108
extra,SGF_RFW_ST4L12_NM,0,72,0.9747587370169191,0.9154710419799971,1.0,8.668185234069824,6.818114280700684,325.4729673862457,5085.5151154100895,64,1920,7320,2052,45108
extra,SGF_RFW_ST4L12_NM,1,72,0.9792102327828944,0.9331197984840559,1.0,12.951440811157227,11.298086166381836,325.2970254421234,5082.766022533178,64,1920,7320,2052,45108
extra,SGF_RFW_ST4L12_NM,0,73,0.9845850610044481,0.8494053845820219,0.75,6.909700393676758,5.893743991851807,325.7065939903259,5089.165531098843,64,1920,7320,2052,45108
extra,SGF_RFW_ST4L12_NM,1,73,0.9854174343344559,0.9026595678018486,0.6666666666666666,5.507172107696533,6.350888252258301,325.22451066970825,5081.632979214191,64,1920,7320,2052,45108
extra,SGF_RFW_ST4L12_NM,0,74,0.9628926011521317,0.8196611339631289,1.0,9.124783515930176,7.024055004119873,326.0514919757843,5094.55456212163,64,1920,7320,2052,45108
extra,SGF_RFW_ST4L12_NM,1,74,0.9781606293541567,0.8882021385690441,1.0,6.59618616104126,5.31094217300415,325.3452091217041,5083.518892526627,64,1920,7320,2052,45108
extra,SGF_RFW_ST4L12_NM,0,75,0.9869876399398908,0.9555527010689611,0.9583333333333334,7.886954307556152,12.090047836303711,325.5536105632782,5086.775165051222,64,1920,7320,2052,45108
extra,SGF_RFW_ST4L12_NM,1,75,0.9869309608578204,0.9594081743903781,1.0,10.818782806396484,11.212705612182617,325.58454990386963,5087.258592247963,64,1920,7320,2052,45108
extra,SGF_RFW_ST4L12_NM,0,76,0.9697848768140332,0.803094349477602,1.0,9.988555908203125,7.637385845184326,324.2993178367615,5067.176841199398,64,1920,7320,2052,45108
extra,SGF_RFW_ST4L12_NM,1,76,0.9834255041021794,0.8903634729592697,0.9583333333333334,10.51683235168457,10.283130645751953,325.41191005706787,5084.5610946416855,64,1920,7320,2052,45108
extra,SGF_RFW_ST4L12_NM,0,77,0.9813610016402797,0.8937066339928171,0.4583333333333333,4.406915187835693,4.970016002655029,324.6616575717926,5072.838399559259,64,1920,7320,2052,45108
extra,SGF_RFW_ST4L12_NM,1,77,0.9816247474420429,0.8659257072469463,0.25,4.074828147888184,5.397744655609131,325.9209589958191,5092.514984309673,64,1920,7320,2052,45108
extra,SGF_RFW_ST4L12_NM,0,78,0.9832911331505816,0.9294962468354598,1.0,12.609846115112305,16.36981201171875,324.7205379009247,5073.758404701948,64,1920,7320,2052,45108
extra,SGF_RFW_ST4L12_NM,1,78,0.9836008024631062,0.9466359187727389,1.0,9.951360702514648,11.831670761108398,327.08620834350586,5110.722005367279,64,1920,7320,2052,45108
extra,SGF_RFW_ST4L12_NM,0,79,0.9828146667181882,0.8785407776417941,0.2916666666666667,6.089346885681152,4.2370734214782715,324.4081132411957,5068.8767693936825,64,1920,7320,2052,45108
extra,SGF_RFW_ST4L12_NM,1,79,0.9859449098319883,0.9308090041513029,0.5416666666666666,4.46451473236084,5.484584331512451,325.75935673713684,5089.989949017763,64,1920,7320,2052,45108
extra,SGF_RFW_ST4L12_NM,0,80,0.9874973064866488,0.9477353653182155,0.5416666666666666,4.327970504760742,4.340904235839844,324.6903700828552,5073.287032544613,64,1920,7320,2052,45108
extra,SGF_RFW_ST4L12_NM,1,80,0.9840770223433332,0.9494746754998746,0.5416666666666666,3.939551830291748,4.871969223022461,325.5330467224121,5086.453855037689,64,1920,7320,2052,45108
extra,SGF_RFW_ST4L12_NM,0,81,0.982614794612377,0.9082518919654513,0.8333333333333334,11.384137153625488,16.355077743530273,325.251305103302,5082.051642239094,64,1920,7320,2052,45108
extra,SGF_RFW_ST4L12_NM,1,81,0.9830316873123616,0.9189278107622395,0.4583333333333333,8.930632591247559,11.927345275878906,325.50263118743896,5085.978612303734,64,1920,7320,2052,45108
extra,SGF_RFW_ST4L12_NM,0,82,0.9642819219952936,0.8663352390994197,1.0,10.947173118591309,10.588597297668457,325.4560182094574,5085.250284522772,64,1920,7320,2052,45108
extra,SGF_RFW_ST4L12_NM,1,82,0.9555192315233482,0.8487909280735514,1.0,7.307290554046631,6.53911018371582,325.9782786369324,5093.410603702068,64,1920,7320,2052,45108
extra,SGF_RFW_ST4L12_NM,0,83,0.9890268756156884,0.9436199030150538,0.25,4.452049255371094,4.865711688995361,325.2928636074066,5082.700993865728,64,1920,7320,2052,45108
extra,SGF_RFW_ST4L12_NM,1,83,0.9847966409740202,0.886935284604197,0.8333333333333334,5.038134574890137,4.797114372253418,326.6655762195587,5104.149628430605,64,1920,7320,2052,45108
extra,SGF_RFW_ST4L12_NM,0,84,0.9786452104956792,0.8823108958161395,1.0,9.854066848754883,9.593596458435059,325.294837474823,5082.731835544109,64,1920,7320,2052,45108
extra,SGF_RFW_ST4L12_NM,1,84,0.982523292647318,0.9352381644041642,0.5,8.385895729064941,7.698891639709473,325.36188530921936,5083.7794579565525,64,1920,7320,2052,45108
extra,SGF_RFW_ST4L12_NM,0,85,0.9754830187136441,0.9358199290607286,1.0,9.943438529968262,7.874161720275879,325.51266050338745,5086.135320365429,64,1920,7320,2052,45108
extra,SGF_RFW_ST4L12_NM,1,85,0.9743371143469982,0.9310731265855873,0.9583333333333334,6.120725631713867,6.566676616668701,324.3402326107025,5067.816134542227,64,1920,7320,2052,45108
extra,SGF_RFW_ST4L12_NM,0,86,0.9810852742309061,0.8944209386473116,1.0,10.421414375305176,7.4826812744140625,327.17812418937683,5112.158190459013,64,1920,7320,2052,45108
extra,SGF_RFW_ST4L12_NM,1,86,0.9860516600926204,0.9074155843776205,1.0,8.488798141479492,7.697445869445801,324.74918270111084,5074.205979704857,64,1920,7320,2052,45108
extra,SGF_RFW_ST4L12_NM,0,87,0.9907482491647132,0.9581349168134773,0.5,5.153927803039551,4.381846904754639,325.9097149372101,5092.339295893908,64,1920,7320,2052,45108
extra,SGF_RFW_ST4L12_NM,1,87,0.9903866350593127,0.9618697969809823,0.7916666666666666,5.9849443435668945,5.146930694580078,324.72389340400696,5073.810834437609,64,1920,7320,2052,45108
extra,SGF_RFW_ST4L12_NM,0,88,0.9923489895230665,0.9550564483455991,0.2916666666666667,4.3002190589904785,3.874330520629883,325.26226806640625,5082.222938537598,64,1920,7320,2052,45108
extra,SGF_RFW_ST4L12_NM,1,88,0.9920332912861788,0.9524073924707329,0.5416666666666666,5.594600677490234,4.79507303237915,324.39713430404663,5068.705223500729,64,1920,7320,2052,45108
extra,SGF_RFW_ST4L12_NM,0,89,0.9907446371191272,0.965410616086877,0.125,8.559392929077148,9.720935821533203,326.62599897384644,5103.531233966351,64,1920,7320,2052,45108
extra,SGF_RFW_ST4L12_NM,1,89,0.9918461899056509,0.9660627841949463,0.3333333333333333,9.80051040649414,7.338228225708008,323.38710355758667,5052.923493087292,64,1920,7320,2052,45108
extra,SGF_RFW_ST4L12_NM,0,90,0.98006185430282,0.912359911462535,0.9583333333333334,14.529693603515625,14.19596004486084,325.4552140235901,5085.237719118595,64,1920,7320,2052,45108
extra,SGF_RFW_ST4L12_NM,1,90,0.9836945603917983,0.9450880340907885,0.041666666666666664,12.611639022827148,12.481598854064941,324.6777560710907,5073.089938610792,64,1920,7320,2052,45108
extra,SGF_RFW_ST4L12_NM,0,91,0.9871952007601714,0.9535622298717499,0.625,6.065288543701172,6.243488788604736,325.72203159332275,5089.406743645668,64,1920,7320,2052,45108
extra,SGF_RFW_ST4L12_NM,1,91,0.9857559154784022,0.927858381167702,0.16666666666666666,9.039756774902344,8.66940689086914,325.2426657676697,5081.916652619839,64,1920,7320,2052,45108
extra,SGF_RFW_ST4L12_NM,0,92,0.9884927412642263,0.9586811946785968,0.6666666666666666,4.3824872970581055,4.470434665679932,325.7624571323395,5090.038392692804,64,1920,7320,2052,45108
extra,SGF_RFW_ST4L12_NM,1,92,0.9931777533783895,0.9802083347154701,0.7916666666666666,5.352921962738037,5.8592681884765625,325.249582529068,5082.024727016687,64,1920,7320,2052,45108
extra,SGF_RFW_ST4L12_NM,0,93,0.9691860327485612,0.8720873633156652,1.0,17.20509147644043,15.998969078063965,326.0995397567749,5095.305308699608,64,1920,7320,2052,45108
extra,SGF_RFW_ST4L12_NM,1,93,0.9656583072882223,0.8121756017208099,1.0,15.570524215698242,16.581771850585938,325.297438621521,5082.772478461266,64,1920,7320,2052,45108
extra,SGF_RFW_ST4L12_NM,0,94,0.977974810130586,0.8740399777889252,0.041666666666666664,6.402357578277588,5.443077087402344,325.45458364486694,5085.227869451046,64,1920,7320,2052,45108
extra,SGF_RFW_ST4L12_NM,1,94,0.9822950637013017,0.8931657399820244,0.0,5.365027904510498,5.842194557189941,325.53146266937256,5086.429104208946,64,1920,7320,2052,45108
extra,SGF_RFW_ST4L12_NM,0,95,0.9773165108640608,0.8762223007886306,1.0,10.52230167388916,11.989455223083496,324.33997106552124,5067.812047898769,64,1920,7320,2052,45108
extra,SGF_RFW_ST4L12_NM,1,95,0.9719907237057764,0.8836749856886655,1.0,13.727494239807129,11.45505142211914,325.27056097984314,5082.352515310049,64,1920,7320,2052,45108
extra,SGF_RFW_ST4L12_NM,0,96,0.9661322467556207,0.8629935150561124,1.0,4.768799781799316,5.092206001281738,324.55813002586365,5071.2207816541195,64,1920,7320,2052,45108
extra,SGF_RFW_ST4L12_NM,1,96,0.9643732161286395,0.8249096663101859,1.0,4.000657081604004,4.341855049133301,325.83441162109375,5091.16268157959,64,1920,7320,2052,45108
extra,SGF_RFW_ST4L12_NM,0,97,0.9317082014334958,0.6908153774945632,1.0,10.630502700805664,10.601777076721191,324.7251136302948,5073.829900473356,64,1920,7320,2052,45108
extra,SGF_RFW_ST4L12_NM,1,97,0.9282579987919674,0.6970846536366836,1.0,8.910645484924316,8.185648918151855,327.181636095047,5112.213063985109,64,1920,7320,2052,45108
extra,SGF_RFW_ST4L12_NM,0,98,0.9713545915531331,0.7631303441265355,0.9166666666666666,10.571364402770996,9.291000366210938,324.4736547470093,5069.90085542202,64,1920,7320,2052,45108
extra,SGF_RFW_ST4L12_NM,1,98,0.9873742847724901,0.9354545772075653,0.20833333333333334,11.098262786865234,17.70123291015625,325.735657453537,5089.619647711515,64,1920,7320,2052,45108
extra,SGF_RFW_ST4L12_NM,0,99,0.9851270535571116,0.9425776808158212,0.2916666666666667,16.134225845336914,10.997215270996094,324.66898560523987,5072.952900081873,64,1920,7320,2052,45108
extra,SGF_RFW_ST4L12_NM,1,99,0.9819423270218136,0.9037472476129946,0.0,12.525622367858887,13.611291885375977,325.5812613964081,5087.207209318876,64,1920,7320,2052,45108
extra,SGF_RFW_ST4L12_NM,0,100,0.9943492445894827,0.969238781410715,0.125,1.9011365175247192,1.6716641187667847,325.21798944473267,5081.531085073948,64,1920,7320,2052,45108
extra,SGF_RFW_ST4L12_NM,1,100,0.9924252633863103,0.9535065189651822,0.375,3.329970359802246,4.169126033782959,325.51941895484924,5086.240921169519,64,1920,7320,2052,45108
extra,SGF_RFW_ST4L12_NM,0,101,0.9936167511496922,0.9722848677116892,0.0,4.309543609619141,4.175306797027588,325.3770275115967,5084.016054868698,64,1920,7320,2052,45108
extra,SGF_RFW_ST4L12_NM,1,101,0.9883295751608392,0.933618672516035,0.125,4.809970855712891,3.5518226623535156,326.00730633735657,5093.864161521196,64,1920,7320,2052,45108
extra,SGF_RFW_ST4L12_NM,0,102,0.9876664084701301,0.9630397182443867,0.0,6.188682556152344,9.475746154785156,325.3196630477905,5083.119735121727,64,1920,7320,2052,45108
extra,SGF_RFW_ST4L12_NM,1,102,0.9918219515187219,0.9588540779507678,0.0,5.309286117553711,4.629083633422852,326.7096962928772,5104.839004576206,64,1920,7320,2052,45108
extra,SGF_RFW_ST4L12_NM,0,103,0.9871049682334773,0.9558798191340073,0.9166666666666666,4.640562534332275,5.475835800170898,325.336669921875,5083.385467529297,64,1920,7320,2052,45108
extra,SGF_RFW_ST4L12_NM,1,103,0.9848935581473968,0.9348822832107544,0.2916666666666667,6.097508907318115,7.896714210510254,325.4147620201111,5084.605656564236,64,1920,7320,2052,45108
extra,SGF_RFW_ST4L12_NM,0,104,0.9796811152773351,0.9023464386877805,0.9166666666666666,7.205460071563721,5.2358574867248535,325.5352907180786,5086.488917469978,64,1920,7320,2052,45108
extra,SGF_RFW_ST4L12_NM,1,104,0.9839113206001189,0.934326744597891,0.9166666666666666,5.563409328460693,4.887517929077148,324.35575699806213,5068.058703094721,64,1920,7320,2052,45108
extra,SGF_RFW_ST4L12_NM,0,105,0.9917270420474239,0.9397562910681185,0.0,5.448523998260498,5.543292999267578,327.10473108291626,5111.011423170567,64,1920,7320,2052,45108
extra,SGF_RFW_ST4L12_NM,1,105,0.9894987294540775,0.9460742965988492,0.16666666666666666,5.6059651374816895,6.860407829284668,324.72242426872253,5073.78787919879,64,1920,7320,2052,45108
extra,SGF_RFW_ST4L12_NM,0,106,0.9877453488846766,0.9379629194736481,0.875,6.726889610290527,8.70584487915039,325.9038987159729,5092.248417437077,64,1920,7320,2052,45108
extra,SGF_RFW_ST4L12_NM,1,106,0.9893394513420005,0.9620433903258779,0.9166666666666666,9.376111030578613,10.201313972473145,324.50599932670593,5070.40623947978,64,1920,7320,2052,45108
extra,SGF_RFW_ST4L12_NM,0,107,0.9898938482775463,0.9605725303940152,0.0,3.191767454147339,4.866562843322754,325.3925714492798,5084.258928894997,64,1920,7320,2052,45108
extra,SGF_RFW_ST4L12_NM,1,107,0.988521568349562,0.9215354452962461,0.25,4.771509647369385,6.464459419250488,324.76490664482117,5074.451666325331,64,1920,7320,2052,45108
extra,SGF_RFW_ST4L12_NM,0,108,0.9774602056671652,0.8848384644674218,0.2916666666666667,12.923604965209961,11.48238754272461,326.67667984962463,5104.323122650385,64,1920,7320,2052,45108
extra,SGF_RFW_ST4L12_NM,1,108,0.9792254878102448,0.8957705394081449,0.25,9.778334617614746,9.508017539978027,323.46225094795227,5054.097671061754,64,1920,7320,2052,45108
extra,SGF_RFW_ST4L12_NM,0,109,0.9811224445960688,0.8422329283278921,0.9583333333333334,4.687248706817627,5.41417932510376,325.75451588630676,5089.914310723543,64,1920,7320,2052,45108
extra,SGF_RFW_ST4L12_NM,1,109,0.9845275701901315,0.9684376651826113,0.08333333333333333,6.737340927124023,4.928950786590576,324.99939250946045,5078.1155079603195,64,1920,7320,2052,45108
extra,SGF_RFW_ST4L12_NM,0,110,0.9897816402048893,0.9463419901288074,0.9583333333333334,8.674187660217285,10.709319114685059,325.63862895965576,5088.103577494621,64,1920,7320,2052,45108
extra,SGF_RFW_ST4L12_NM,1,110,0.9913439556259025,0.9602238639541293,0.7083333333333334,7.198549270629883,8.57088565826416,325.3581352233887,5083.720862865448,64,1920,7320,2052,45108
extra,SGF_RFW_ST4L12_NM,0,111,0.976142652608147,0.8668311717717544,0.7916666666666666,5.239512920379639,4.43505334854126,325.52508211135864,5086.329407989979,64,1920,7320,2052,45108
extra,SGF_RFW_ST4L12_NM,1,111,0.977767562328165,0.8525419896063596,0.9583333333333334,3.750913381576538,4.171539306640625,325.18706822395325,5081.0479409992695,64,1920,7320,2052,45108
extra,SGF_RFW_ST4L12_NM,0,112,0.98662842952631,0.9182189638200015,1.0,6.985865592956543,6.983442783355713,326.0667145252228,5094.792414456606,64,1920,7320,2052,45108
extra,SGF_RFW_ST4L12_NM,1,112,0.9872256222707284,0.906198844961498,0.9166666666666666,8.266351699829102,8.760826110839844,325.35784220695496,5083.716284483671,64,1920,7320,2052,45108
extra,SGF_RFW_ST4L12_NM,0,113,0.9873214780948939,0.9739548784235249,1.0,10.568052291870117,12.826804161071777,325.4332683086395,5084.894817322493,64,1920,7320,2052,45108
extra,SGF_RFW_ST4L12_NM,1,113,0.9831123263832756,0.9310043959513955,1.0,12.923630714416504,18.417402267456055,325.5386724472046,5086.541756987572,64,1920,7320,2052,45108
extra,SGF_RFW_ST4L12_NM,0,114,0.9830890693570405,0.9506954472997914,0.5833333333333334,4.145362377166748,3.44805908203125,324.2582859992981,5066.535718739033,64,1920,7320,2052,45108
extra,SGF_RFW_ST4L12_NM,1,114,0.9751918206908538,0.9220559648845507,0.875,3.9468019008636475,4.199643611907959,325.9126000404358,5092.384375631809,64,1920,7320,2052,45108
extra,SGF_RFW_ST4L12_NM,0,115,0.9789185389599849,0.9227840550567793,1.0,12.025175094604492,9.97248363494873,324.5831573009491,5071.61183282733,64,1920,7320,2052,45108
extra,SGF_RFW_ST4L12_NM,1,115,0.9635718453920639,0.7828875035047531,1.0,12.355234146118164,10.75353717803955,325.18076157569885,5080.949399620295,64,1920,7320,2052,45108
extra,SGF_RFW_ST4L12_NM,0,116,0.9873262234395717,0.9685292645640994,0.25,3.406259298324585,4.200808048248291,324.79567527770996,5074.932426214218,64,1920,7320,2052,45108
extra,SGF_RFW_ST4L12_NM,1,116,0.9806412407930619,0.9343259269776553,0.16666666666666666,4.326396465301514,4.364790916442871,327.30791091918945,5114.186108112335,64,1920,7320,2052,45108
extra,SGF_RFW_ST4L12_NM,0,117,0.9830343043429713,0.9148337517095649,0.75,7.18337869644165,11.378856658935547,324.41666626930237,5069.0104104578495,64,1920,7320,2052,45108
extra,SGF_RFW_ST4L12_NM,1,117,0.9831869496844862,0.9224427860716115,0.4166666666666667,9.883988380432129,11.918656349182129,325.77430844306946,5090.22356942296,64,1920,7320,2052,45108
extra,SGF_RFW_ST4L12_NM,0,118,0.985244864458832,0.9426334694675779,1.0,10.903627395629883,10.760024070739746,324.7226138114929,5073.790840804577,64,1920,7320,2052,45108
extra,SGF_RFW_ST4L12_NM,1,118,0.9656288482743469,0.9085892853529557,0.9166666666666666,10.400568008422852,10.920536041259766,325.53418374061584,5086.471620947123,64,1920,7320,2052,45108
extra,SGF_RFW_ST4L12_NM,0,119,0.9881864271615047,0.9543835417084073,0.08333333333333333,4.402407646179199,4.141946315765381,323.34478092193604,5052.262201905251,64,1920,7320,2052,45108
extra,SGF_RFW_ST4L12_NM,1,119,0.9873197382578693,0.9675454173399055,0.0,5.059297561645508,4.4515299797058105,325.66167998313904,5088.4637497365475,64,1920,7320,2052,45108
extra,SGF_RFW_ST4L12_NM,0,120,0.9898397628944858,0.9542751091977825,0.125,4.439223766326904,3.7872185707092285,325.2886414527893,5082.635022699833,64,1920,7320,2052,45108
extra,SGF_RFW_ST4L12_NM,1,120,0.9920015952255102,0.9764036445514016,0.0,3.9155616760253906,3.312180280685425,325.9550862312317,5093.048222362995,64,1920,7320,2052,45108
extra,SGF_RFW_ST4L12_NM,0,121,0.9850852128853095,0.9240612918915957,0.9583333333333334,11.223170280456543,9.171152114868164,325.35431838035583,5083.66122469306,64,1920,7320,2052,45108
extra,SGF_RFW_ST4L12_NM,1,121,0.9787432770478453,0.8982042527717092,1.0,8.406878471374512,7.596965789794922,326.6789162158966,5104.3580658733845,64,1920,7320,2052,45108
extra,SGF_RFW_ST4L12_NM,0,122,0.9906360816958192,0.9572003393069558,0.08333333333333333,6.30042839050293,5.216914176940918,325.3885226249695,5084.195666015148,64,1920,7320,2052,45108
extra,SGF_RFW_ST4L12_NM,1,122,0.9929440101619263,0.9725174644718999,0.0,3.849644899368286,4.225968360900879,325.39513182640076,5084.298934787512,64,1920,7320,2052,45108
extra,SGF_RFW_ST4L12_NM,0,123,0.9725764375291378,0.8771331349144811,0.8333333333333334,9.651663780212402,15.675097465515137,325.52776741981506,5086.37136593461,64,1920,7320,2052,45108
extra,SGF_RFW_ST4L12_NM,1,123,0.9599670244406434,0.7490886203620745,0.7083333333333334,11.70386028289795,14.570001602172852,324.3412251472473,5067.831642925739,64,1920,7320,2052,45108
extra,SGF_RFW_ST4L12_NM,0,124,0.9836839659375659,0.9026518269725466,0.041666666666666664,4.385300159454346,5.2742815017700195,327.18844509124756,5112.319454550743,64,1920,7320,2052,45108
extra,SGF_RFW_ST4L12_NM,1,124,0.981342685895331,0.887019289576489,0.0,5.672516822814941,5.762582778930664,324.72792625427246,5073.873847723007,64,1920,7320,2052,45108
extra,SGF_RFW_ST4L12_NM,0,125,0.9879281168907227,0.9641646600287893,0.041666666666666664,9.22415828704834,8.746618270874023,325.8725917339325,5091.759245842695,64,1920,7320,2052,45108
extra,SGF_RFW_ST4L12_NM,1,125,0.9887746670332108,0.9728409971879876,0.5833333333333334,8.756319999694824,8.573036193847656,324.7905468940735,5074.852295219898,64,1920,7320,2052,45108
extra,SGF_RFW_ST4L12_NM,0,126,0.9662333039196181,0.8122042067672895,0.5,12.088220596313477,11.508929252624512,325.4126868247986,5084.573231637478,64,1920,7320,2052,45108
extra,SGF_RFW_ST4L12_NM,1,126,0.9839291349170942,0.9309583332227623,0.2916666666666667,7.467112064361572,8.300310134887695,324.43324398994446,5069.269437342882,64,1920,7320,2052,45108
extra,SGF_RFW_ST4L12_NM,0,127,0.9646187458488571,0.7388871480589327,1.0,6.753936290740967,8.92794418334961,325.71272325515747,5089.2613008618355,64,1920,7320,2052,45108
extra,SGF_RFW_ST4L12_NM,1,127,0.9756729311215437,0.865382695975511,1.0,7.698103427886963,7.930314064025879,323.29389238357544,5051.467068493366,64,1920,7320,2052,45108
extra,SGF_RFW_ST4L12_NM,0,128,0.9508245265468105,0.5637829799367033,0.875,6.032354354858398,6.411573886871338,326.8047661781311,5106.3244715332985,64,1920,7320,2052,45108
extra,SGF_RFW_ST4L12_NM,1,128,0.9619091114254594,0.6581205466519231,1.0,8.180102348327637,6.49680233001709,324.9903402328491,5077.9740661382675,64,1920,7320,2052,45108
extra,SGF_RFW_ST4L12_NM,0,129,0.9750015379218819,0.8866880665654722,1.0,11.006329536437988,8.718252182006836,325.6061761379242,5087.5965021550655,64,1920,7320,2052,45108
extra,SGF_RFW_ST4L12_NM,1,129,0.9617698657363943,0.8145659734373507,0.75,10.232596397399902,9.50831413269043,325.2604591846466,5082.194674760103,64,1920,7320,2052,45108
extra,SGF_RFW_ST4L12_NM,0,130,0.9873475896668245,0.9527160965878031,1.0,16.559179306030273,15.250914573669434,325.55119919776917,5086.737487465143,64,1920,7320,2052,45108
extra,SGF_RFW_ST4L12_NM,1,130,0.9866854716792736,0.9578092668367469,1.0,12.262747764587402,10.804931640625,325.25575590133667,5082.1211859583855,64,1920,7320,2052,45108
extra,SGF_RFW_ST4L12_NM,0,131,0.9871073197376949,0.9561003407706385,1.0,11.45186710357666,13.863638877868652,326.0878896713257,5095.123276114464,64,1920,7320,2052,45108
extra,SGF_RFW_ST4L12_NM,1,131,0.976645656417368,0.9460644683112269,0.875,12.68930435180664,17.02708625793457,325.3303191661835,5083.286236971617,64,1920,7320,2052,45108
extra,SGF_RFW_ST4L12_NM,0,132,0.9776005367847604,0.9102684531522834,0.625,7.719799041748047,6.813591003417969,325.42895340919495,5084.827397018671,64,1920,7320,2052,45108
extra,SGF_RFW_ST4L12_NM,1,132,0.9591226500188156,0.8513307402963224,0.9583333333333334,9.185273170471191,12.025899887084961,325.63150548934937,5087.992273271084,64,1920,7320,2052,45108
extra,SGF_RFW_ST4L12_NM,0,133,0.9722724374106958,0.9132465201875438,1.0,19.38469886779785,19.291664123535156,324.28514885902405,5066.955450922251,64,1920,7320,2052,45108
extra,SGF_RFW_ST4L12_NM,1,133,0.9775694534845641,0.8782246903232908,1.0,10.736541748046875,12.40813159942627,326.0139193534851,5093.967489898205,64,1920,7320,2052,45108
extra,SGF_RFW_ST4L12_NM,0,134,0.9868936567043876,0.9488145540589872,0.25,3.722780704498291,3.5519721508026123,324.6152880191803,5072.113875299692,64,1920,7320,2052,45108
extra,SGF_RFW_ST4L12_NM,1,134,0.9813179378580003,0.9013800711735435,0.8333333333333334,6.252845764160156,5.070422172546387,325.4053900241852,5084.459219127893,64,1920,7320,2052,45108
extra,SGF_RFW_ST4L12_NM,0,135,0.9897768416468263,0.9490768248620242,0.7916666666666666,6.618775844573975,5.423954963684082,324.76394271850586,5074.436604976654,64,1920,7320,2052,45108
extra,SGF_RFW_ST4L12_NM,1,135,0.9841724068973475,0.9400805247866589,0.0,5.831028938293457,5.615056991577148,327.17430996894836,5112.098593264818,64,1920,7320,2052,45108
extra,SGF_RFW_ST4L12_NM,0,136,0.9808754238910998,0.9160048728403837,0.3333333333333333,5.819653034210205,8.519631385803223,324.38102650642395,5068.453539162874,64,1920,7320,2052,45108
extra,SGF_RFW_ST4L12_NM,1,136,0.975692628992519,0.892313848371091,0.875,11.520340919494629,13.35673713684082,325.8398447036743,5091.247573494911,64,1920,7320,2052,45108
extra,SGF_RFW_ST4L12_NM,0,137,0.9734379107643921,0.8679193608138872,1.0,17.110816955566406,18.984588623046875,324.68846368789673,5073.257245123386,64,1920,7320,2052,45108
extra,SGF_RFW_ST4L12_NM,1,137,0.9819819310697326,0.9160808026790619,1.0,21.744190216064453,23.13606834411621,325.70526146888733,5089.1447104513645,64,1920,7320,2052,45108
extra,SGF_RFW_ST4L12_NM,0,138,0.9941884393845716,0.9618473817472872,0.20833333333333334,5.847932815551758,6.6435723304748535,323.3147237300873,5051.792558282614,64,1920,7320,2052,45108
extra,SGF_RFW_ST4L12_NM,1,138,0.9909918786594222,0.8848260239414548,0.3333333333333333,7.787232875823975,6.619853973388672,325.55001282691956,5086.718950420618,64,1920,7320,2052,45108
extra,SGF_RFW_ST4L12_NM,0,139,0.9758399833831866,0.8628047004989957,1.0,9.596930503845215,13.35023307800293,325.2622332572937,5082.222394645214,64,1920,7320,2052,45108
extra,SGF_RFW_ST4L12_NM,1,139,0.9766458461170071,0.879225016936012,1.0,11.77249813079834,11.39438247680664,326.0128140449524,5093.950219452381,64,1920,7320,2052,45108
extra,SGF_RFW_ST4L12_NM,0,140,0.9808786416826422,0.8604632330977399,1.0,9.334712028503418,8.147083282470703,325.4234004020691,5084.74063128233,64,1920,7320,2052,45108
extra,SGF_RFW_ST4L12_NM,1,140,0.9758870901516997,0.8500060115171516,0.7916666666666666,7.009560585021973,10.13599681854248,326.66594648361206,5104.155413806438,64,1920,7320,2052,45108
extra,SGF_RFW_ST4L12_NM,0,141,0.9946923136308721,0.9775901864404264,0.7916666666666666,4.151731967926025,5.42085075378418,325.4680190086365,5085.437797009945,64,1920,7320,2052,45108
extra,SGF_RFW_ST4L12_NM,1,141,0.9942069085923398,0.978180091018262,0.0,2.8499019145965576,2.5946812629699707,325.454074382782,5085.2199122309685,64,1920,7320,2052,45108
extra,SGF_RFW_ST4L12_NM,0,142,0.9967591961699717,0.9866643768289814,0.0,2.932889938354492,3.798633575439453,325.6292095184326,5087.95639872551,64,1920,7320,2052,45108
extra,SGF_RFW_ST4L12_NM,1,142,0.9966908019472882,0.9901581730531609,0.0,4.022729873657227,3.321180820465088,324.38158321380615,5068.462237715721,64,1920,7320,2052,45108
extra,SGF_RFW_ST4L12_NM,0,143,0.9800656893440588,0.9604620052420575,0.125,7.757352352142334,6.532221794128418,327.2469644546509,5113.23381960392,64,1920,7320,2052,45108
extra,SGF_RFW_ST4L12_NM,1,143,0.9819638417455906,0.9482786020506984,0.0,8.882832527160645,7.771507740020752,324.74321579933167,5074.112746864557,64,1920,7320,2052,45108
extra,SGF_RFW_ST4L12_NM,0,144,0.986453967160282,0.9074649655300638,0.0,8.14236068725586,7.08357048034668,325.9162788391113,5092.4418568611145,64,1920,7320,2052,45108
extra,SGF_RFW_ST4L12_NM,1,144,0.9841166183127236,0.9154356355252474,0.0,6.415896892547607,6.344473838806152,324.4663383960724,5069.786537438631,64,1920,7320,2052,45108
extra,SGF_RFW_ST4L12_NM,0,145,0.9907380070169177,0.9818496898464536,0.0,5.495728492736816,3.441970109939575,325.32030391693115,5083.129748702049,64,1920,7320,2052,45108
extra,SGF_RFW_ST4L12_NM,1,145,0.990529434058617,0.9820045776989149,0.0,5.6509809494018555,4.991234302520752,324.7657742500305,5074.465222656727,64,1920,7320,2052,45108
extra,SGF_RFW_ST4L12_NM,0,146,0.9892575771577871,0.9381115397681361,0.125,3.8819682598114014,4.782769680023193,325.72480821609497,5089.450128376484,64,1920,7320,2052,45108
extra,SGF_RFW_ST4L12_NM,1,146,0.9881080503014674,0.9126389454240385,0.08333333333333333,5.145399570465088,5.161067962646484,323.2895441055298,5051.399126648903,64,1920,7320,2052,45108
extra,SGF_RFW_ST4L12_NM,0,147,0.9858813208999618,0.9537509822327158,1.0,8.231730461120605,8.159930229187012,326.61020398139954,5103.284437209368,64,1920,7320,2052,45108
extra,SGF_RFW_ST4L12_NM,1,147,0.9856588561616725,0.9480236535486967,1.0,8.268340110778809,8.054245948791504,324.96116518974304,5077.518206089735,64,1920,7320,2052,45108
extra,SGF_RFW_ST4L12_NM,0,148,0.9821484402914571,0.9030061856560087,0.375,9.918437004089355,9.493127822875977,325.6122376918793,5087.691213935614,64,1920,7320,2052,45108
extra,SGF_RFW_ST4L12_NM,1,148,0.9832570889306944,0.8934155482312908,0.7083333333333334,8.478940963745117,7.637433052062988,325.27979016304016,5082.4967212975025,64,1920,7320,2052,45108
extra,SGF_RFW_ST4L12_NM,0,149,0.9570259964917999,0.7972042962260867,0.8333333333333334,6.3645710945129395,8.036746978759766,325.5690293312073,5087.016083300114,64,1920,7320,2052,45108
extra,SGF_RFW_ST4L12_NM,1,149,0.9620231644933567,0.8844220819680587,0.4166666666666667,7.108430862426758,5.5378241539001465,325.30258870124817,5082.852948457003,64,1920,7320,2052,45108
extra,SGF_RFW_ST4L12_NM,0,150,0.992772413879439,0.9730915828891421,0.16666666666666666,2.850020170211792,3.6519975662231445,325.9997808933258,5093.746576458216,64,1920,7320,2052,45108
extra,SGF_RFW_ST4L12_NM,1,150,0.9915201471857205,0.9725693347661392,0.0,2.9556643962860107,3.184046983718872,325.4080069065094,5084.500107914209,64,1920,7320,2052,45108
extra,SGF_RFW_ST4L12_NM,0,151,0.9758878342549199,0.8793363441591677,1.0,5.675462245941162,7.878938674926758,325.4284417629242,5084.8194025456905,64,1920,7320,2052,45108
extra,SGF_RFW_ST4L12_NM,1,151,0.9664128334541875,0.9171373351760531,1.0,6.9510064125061035,7.049705982208252,325.6358516216278,5088.0601815879345,64,1920,7320,2052,45108
extra,SGF_RFW_ST4L12_NM,0,152,0.968883050584869,0.8293771847434664,1.0,14.567927360534668,17.070863723754883,324.27465057373047,5066.791415214539,64,1920,7320,2052,45108
extra,SGF_RFW_ST4L12_NM,1,152,0.9841228654124233,0.9623099526633387,1.0,10.182222366333008,9.80016040802002,325.25975823402405,5082.183722406626,64,1920,7320,2052,45108
extra,SGF_RFW_ST4L12_NM,0,153,0.9912020054705565,0.973512871109921,0.9583333333333334,11.221110343933105,12.853336334228516,324.659597158432,5072.8062056005,64,1920,7320,2052,45108
extra,SGF_RFW_ST4L12_NM,1,153,0.9859422099004512,0.929227932639744,1.0,9.6641263961792,14.566102027893066,325.9866738319397,5093.541778624058,64,1920,7320,2052,45108
extra,SGF_RFW_ST4L12_NM,0,154,0.9769017003586221,0.9535759596720986,1.0,8.507044792175293,8.919012069702148,324.72318410873413,5073.799751698971,64,1920,7320,2052,45108
extra,SGF_RFW_ST4L12_NM,1,154,0.9758818252925302,0.9312689200691556,1.0,8.095539093017578,8.948624610900879,327.16713976860046,5111.986558884382,64,1920,7320,2052,45108
extra,SGF_RFW_ST4L12_NM,0,155,0.9785519268029775,0.8759548223536947,0.25,2.196270704269409,3.4835429191589355,324.40967297554016,5068.901140242815,64,1920,7320,2052,45108
extra,SGF_RFW_ST4L12_NM,1,155,0.9925881142861787,0.9785125022349149,0.0,1.0520812273025513,1.067893147468567,325.9010422229767,5092.203784734011,64,1920,7320,2052,45108
extra,SGF_RFW_ST4L12_NM,0,156,0.9811960009586832,0.913556976162869,1.0,6.777239799499512,6.356863498687744,324.64603543281555,5072.594303637743,64,1920,7320,2052,45108
extra,SGF_RFW_ST4L12_NM,1,156,0.9804041595710288,0.9318608486134073,1.0,6.607882499694824,7.144836902618408,325.6358873844147,5088.060740381479,64,1920,7320,2052,45108
extra,SGF_RFW_ST4L12_NM,0,157,0.983846910875434,0.8606701972691909,0.375,4.538957118988037,10.347131729125977,323.4148151874542,5053.356487303972,64,1920,7320,2052,45108
extra,SGF_RFW_ST4L12_NM,1,157,0.9794152190839577,0.8260084416555321,0.5416666666666666,6.095230579376221,7.603628635406494,325.74392437934875,5089.748818427324,64,1920,7320,2052,45108
extra,SGF_RFW_ST4L12_NM,0,158,0.9805893428668506,0.9741229816623355,1.0,6.453582286834717,8.377367973327637,325.21264243125916,5081.447537988424,64,1920,7320,2052,45108
extra,SGF_RFW_ST4L12_NM,1,158,0.9809429078924358,0.9687812704107036,1.0,9.000822067260742,8.526445388793945,326.12814927101135,5095.752332359552,64,1920,7320,2052,45108
extra,SGF_RFW_ST4L12_NM,0,159,0.9838994416498957,0.926450287518294,0.9583333333333334,5.925448417663574,6.215092182159424,325.3404207229614,5083.444073796272,64,1920,7320,2052,45108
extra,SGF_RFW_ST4L12_NM,1,159,0.9870021874993155,0.9300642557766127,0.7916666666666666,6.852446556091309,9.287918090820312,326.7581639289856,5105.5963113904,64,1920,7320,2052,45108
extra,SGF_RFW_ST4L12_NM,0,160,0.9807776274830781,0.9264328389064126,0.9583333333333334,7.644925117492676,10.65855598449707,325.34791326522827,5083.561144769192,64,1920,7320,2052,45108
extra,SGF_RFW_ST4L12_NM,1,160,0.9733308566991078,0.7954520518365115,1.0,8.55534553527832,9.200772285461426,325.5001904964447,5085.9404765069485,64,1920,7320,2052,45108
extra,SGF_RFW_ST4L12_NM,0,161,0.9907432442911198,0.958154364772465,1.0,11.618884086608887,11.770155906677246,325.49830961227417,5085.911087691784,64,1920,7320,2052,45108
extra,SGF_RFW_ST4L12_NM,1,161,0.9923279907390622,0.9684528190156688,1.0,8.067935943603516,8.356538772583008,324.3365409374237,5067.758452147245,64,1920,7320,2052,45108
extra,SGF_RFW_ST4L12_NM,0,162,0.9822070114290011,0.9155460453551748,0.9583333333333334,11.107959747314453,11.94680404663086,325.834454536438,5091.163352131844,64,1920,7320,2052,45108
extra,SGF_RFW_ST4L12_NM,1,162,0.9827422483700531,0.9249327286430026,1.0,13.712076187133789,18.195606231689453,324.73784852027893,5074.028883129358,64,1920,7320,2052,45108
extra,SGF_RFW_ST4L12_NM,0,163,0.9934642824118923,0.9820873322694198,0.0,4.760618686676025,4.4358038902282715,327.18117213249207,5112.2058145701885,64,1920,7320,2052,45108
extra,SGF_RFW_ST4L12_NM,1,163,0.9942476747227849,0.9730778725250907,0.16666666666666666,5.511471271514893,4.903561115264893,324.4701089859009,5069.845452904701,64,1920,7320,2052,45108
extra,SGF_RFW_ST4L12_NM,0,164,0.9888344149334216,0.960786231186079,0.08333333333333333,6.022930145263672,4.610890865325928,325.3235533237457,5083.180520683527,64,1920,7320,2052,45108
extra,SGF_RFW_ST4L12_NM,1,164,0.9894043704432479,0.9663923978805542,0.25,5.9639410972595215,10.865740776062012,324.8584306240082,5075.912978500128,64,1920,7320,2052,45108
extra,SGF_RFW_ST4L12_NM,0,165,0.9923792873991725,0.9639391458552816,1.0,9.11228084564209,7.615355014801025,325.6985516548157,5089.039869606495,64,1920,7320,2052,45108
extra,SGF_RFW_ST4L12_NM,1,165,0.9929265260114203,0.9769107349540876,1.0,8.433507919311523,6.441552639007568,323.27934169769287,5051.239714026451,64,1920,7320,2052,45108
extra,SGF_RFW_ST4L12_NM,0,166,0.9870493208023458,0.9684108767820442,0.5,7.675164222717285,6.865069389343262,325.60604596138,5087.594468146563,64,1920,7320,2052,45108
extra,SGF_RFW_ST4L12_NM,1,166,0.9868953813647833,0.9258340558280116,0.875,7.5221381187438965,6.837746620178223,324.9675850868225,5077.618516981602,64,1920,7320,2052,45108
extra,SGF_RFW_ST4L12_NM,0,167,0.9859264198122532,0.8594658154508342,1.0,12.501338958740234,10.992667198181152,326.5487394332886,5102.324053645134,64,1920,7320,2052,45108
extra,SGF_RFW_ST4L12_NM,1,167,0.978959488131661,0.8469981084699216,1.0,10.782196998596191,9.702898979187012,325.2838351726532,5082.559924572706,64,1920,7320,2052,45108
extra,SGF_RFW_ST4L12_NM,0,168,0.9849565733520972,0.8784238488777824,0.20833333333333334,7.559128284454346,7.2959370613098145,325.5270082950592,5086.3595046103,64,1920,7320,2052,45108
extra,SGF_RFW_ST4L12_NM,1,168,0.9838722776786719,0.8699877560138702,0.4583333333333333,8.825220108032227,8.812773704528809,325.088773727417,5079.5120894908905,64,1920,7320,2052,45108
extra,SGF_RFW_ST4L12_NM,0,169,0.9950396760038407,0.967601003854171,0.0,3.155437707901001,3.4519965648651123,326.12601923942566,5095.719050616026,64,1920,7320,2052,45108
extra,SGF_RFW_ST4L12_NM,1,169,0.9946019933453704,0.9441367983818054,0.0,5.234682083129883,5.7790422439575195,325.39668369293213,5084.3231827020645,64,1920,7320,2052,45108
extra,SGF_RFW_ST4L12_NM,0,170,0.9744280936198134,0.874070854290672,1.0,9.019488334655762,20.282880783081055,325.34439396858215,5083.506155759096,64,1920,7320,2052,45108
extra,SGF_RFW_ST4L12_NM,1,170,0.9741200906079185,0.8032204806804657,1.0,11.238519668579102,16.858320236206055,325.5997610092163,5087.496265769005,64,1920,7320,2052,45108
extra,SGF_RFW_ST4L12_NM,0,171,0.9582608831952865,0.8720117457534956,1.0,10.470161437988281,12.198208808898926,324.26961874961853,5066.7127929627895,64,1920,7320,2052,45108
extra,SGF_RFW_ST4L12_NM,1,171,0.9634122482806434,0.8901805709237638,1.0,11.471734046936035,14.898740768432617,325.2776165008545,5082.462757825851,64,1920,7320,2052,45108
extra,SGF_RFW_ST4L12_NM,0,172,0.9821070241770494,0.971957813138547,1.0,14.155766487121582,12.736274719238281,324.6945858001709,5073.35290312767,64,1920,7320,2052,45108
extra,SGF_RFW_ST4L12_NM,1,172,0.986302889425999,0.9456189145212588,1.0,12.03219223022461,11.561018943786621,325.87126445770264,5091.738507151604,64,1920,7320,2052,45108
extra,SGF_RFW_ST4L12_NM,0,173,0.9825495257759621,0.9362440925577412,0.4166666666666667,6.337092876434326,6.521595478057861,324.7059814929962,5073.530960828066,64,1920,7320,2052,45108
extra,SGF_RFW_ST4L12_NM,1,173,0.9819664213376308,0.9128638363402822,0.5416666666666666,5.417227745056152,5.14738655090332,327.31794786453247,5114.34293538332,64,1920,7320,2052,45108
extra,SGF_RFW_ST4L12_NM,0,174,0.9904102188608267,0.9693658325983131,0.9583333333333334,8.375478744506836,8.307198524475098,324.44213581085205,5069.408372044563,64,1920,7320,2052,45108
extra,SGF_RFW_ST4L12_NM,1,174,0.9877591500478674,0.9706559984580331,1.0,9.882796287536621,9.820428848266602,325.7961344718933,5090.564601123333,64,1920,7320,2052,45108
extra,SGF_RFW_ST4L12_NM,0,175,0.9872686372453936,0.968945676865785,1.0,15.953102111816406,16.25244903564453,323.3554747104645,5052.4292923510075,64,1920,7320,2052,45108
extra,SGF_RFW_ST4L12_NM,1,175,0.9833691015379266,0.9505760980689008,1.0,16.23162841796875,14.656723976135254,325.81794238090515,5090.905349701643,64,1920,7320,2052,45108
extra,SGF_RFW_ST4L12_NM,0,176,0.9899418547612525,0.9650060832500458,0.0,3.5948498249053955,3.5490798950195312,324.70177388191223,5073.465216904879,64,1920,7320,2052,45108
extra,SGF_RFW_ST4L12_NM,1,176,0.9869698709879288,0.9596101939678192,0.041666666666666664,4.201448917388916,3.6175613403320312,325.5702004432678,5087.03438192606,64,1920,7320,2052,45108
extra,SGF_RFW_ST4L12_NM,0,177,0.9956336433216212,0.9811048093049423,0.0,5.336965084075928,4.963088035583496,325.25178265571594,5082.059103995562,64,1920,7320,2052,45108
extra,SGF_RFW_ST4L12_NM,1,177,0.9917894913168283,0.9514141264169113,0.125,4.530105113983154,4.521175861358643,326.0171477794647,5094.017934054136,64,1920,7320,2052,45108
extra,SGF_RFW_ST4L12_NM,0,178,0.9879353766159339,0.9477215085340583,0.9166666666666666,5.2449235916137695,4.921085834503174,325.2990355491638,5082.797430455685,64,1920,7320,2052,45108
extra,SGF_RFW_ST4L12_NM,1,178,0.9889379857009969,0.9687216281890869,0.9583333333333334,6.614380836486816,6.534885406494141,326.76173162460327,5105.652056634426,64,1920,7320,2052,45108
extra,SGF_RFW_ST4L12_NM,0,179,0.9845737220877839,0.9214767593404521,0.875,7.374194622039795,6.039360523223877,325.30728006362915,5082.9262509942055,64,1920,7320,2052,45108
extra,SGF_RFW_ST4L12_NM,1,179,0.9921125549539428,0.9724935954031736,0.2916666666666667,6.480381965637207,6.39177942276001,325.5226593017578,5086.291551589966,64,1920,7320,2052,45108
extra,SGF_RFW_ST4L12_NM,0,180,0.9757979223375818,0.9654957276323567,1.0,11.151371955871582,9.962241172790527,325.5258333683014,5086.341146379709,64,1920,7320,2052,45108
extra,SGF_RFW_ST4L12_NM,1,180,0.9723639352180028,0.9538279188715894,1.0,10.433453559875488,11.161919593811035,324.2742033004761,5066.784426569939,64,1920,7320,2052,45108
extra,SGF_RFW_ST4L12_NM,0,181,0.9823342599341855,0.976018294044163,0.3333333333333333,8.313336372375488,9.076281547546387,325.7913520336151,5090.489875525236,64,1920,7320,2052,45108
extra,SGF_RFW_ST4L12_NM,1,181,0.9810955471716142,0.9675288692764615,1.0,11.250703811645508,13.752187728881836,324.6083333492279,5072.005208581686,64,1920,7320,2052,45108
extra,SGF_RFW_ST4L12_NM,0,182,0.9841970135559958,0.960067629814148,1.0,5.598288536071777,6.640197277069092,327.14925718307495,5111.707143485546,64,1920,7320,2052,45108
extra,SGF_RFW_ST4L12_NM,1,182,0.9793256041661933,0.9660197379796401,0.8333333333333334,4.887148380279541,8.455527305603027,324.4340400695801,5069.281876087189,64,1920,7320,2052,45108
extra,SGF_RFW_ST4L12_NM,0,183,0.9888755768841602,0.9789244921311088,0.125,4.445761203765869,5.1010966300964355,325.37715125083923,5084.017988294363,64,1920,7320,2052,45108
extra,SGF_RFW_ST4L12_NM,1,183,0.9842948637530662,0.9458341339360112,0.0,5.335373878479004,6.115708351135254,324.7360677719116,5074.001058936119,64,1920,7320,2052,45108
extra,SGF_RFW_ST4L12_NM,0,184,0.9893373984205428,0.9598911093628925,0.875,6.315543174743652,4.3492021560668945,325.7581009864807,5089.970327913761,64,1920,7320,2052,45108
extra,SGF_RFW_ST4L12_NM,1,184,0.9899617880047836,0.9436868610589401,1.0,7.839010238647461,7.250210285186768,325.18564343452454,5081.025678664446,64,1920,7320,2052,45108
extra,SGF_RFW_ST4L12_NM,0,185,0.988121153165269,0.9422441474769426,0.6666666666666666,6.131947994232178,6.675393581390381,325.60489416122437,5087.576471269131,64,1920,7320,2052,45108
extra,SGF_RFW_ST4L12_NM,1,185,0.9848771121388104,0.9145602065583934,1.0,6.547847747802734,8.632043838500977,324.89701795578003,5076.515905559063,64,1920,7320,2052,45108
extra,SGF_RFW_ST4L12_NM,0,186,0.9867983514522315,0.9368817119494729,0.875,5.681962490081787,7.335875988006592,325.5252482891083,5086.332004517317,64,1920,7320,2052,45108
extra,SGF_RFW_ST4L12_NM,1,186,0.9874753355885714,0.9468370753785839,0.9583333333333334,5.709719181060791,6.450382232666016,325.2742671966553,5082.410424947739,64,1920,7320,2052,45108
extra,SGF_RFW_ST4L12_NM,0,187,0.9719956407290352,0.8432372938031736,1.0,6.809257507324219,6.674403667449951,326.5385353565216,5102.16461494565,64,1920,7320,2052,45108
extra,SGF_RFW_ST4L12_NM,1,187,0.983461046423319,0.8910899913829305,1.0,5.567575454711914,6.850895881652832,325.14610862731934,5080.407947301865,64,1920,7320,2052,45108
extra,SGF_RFW_ST4L12_NM,0,188,0.982845097843247,0.9439574881740237,1.0,5.756443977355957,7.003982067108154,325.92316222190857,5092.549409717321,64,1920,7320,2052,45108
extra,SGF_RFW_ST4L12_NM,1,188,0.9832985212310957,0.953931662051574,1.0,4.256715297698975,5.340723514556885,325.41916155815125,5084.674399346113,64,1920,7320,2052,45108
extra,SGF_RFW_ST4L12_NM,0,189,0.978603869624997,0.8960442620774974,1.0,10.217144966125488,11.554620742797852,325.4894597530365,5085.772808641195,64,1920,7320,2052,45108
extra,SGF_RFW_ST4L12_NM,1,189,0.9821069121884043,0.8674652148847994,1.0,6.841174602508545,8.456826210021973,325.53802156448364,5086.531586945057,64,1920,7320,2052,45108
extra,SGF_RFW_ST4L12_NM,0,190,0.9829109562225088,0.9547176348126453,0.5416666666666666,3.346827745437622,3.5372133255004883,324.2985725402832,5067.165195941925,64,1920,7320,2052,45108
extra,SGF_RFW_ST4L12_NM,1,190,0.9777412666039478,0.8901974882768547,0.9166666666666666,3.0504941940307617,3.3458054065704346,325.29029273986816,5082.66082406044,64,1920,7320,2052,45108
extra,SGF_RFW_ST4L12_NM,0,191,0.9744483167911776,0.8243203098359316,1.0,8.282278060913086,7.494123935699463,324.56200647354126,5071.281351149082,64,1920,7320,2052,45108
extra,SGF_RFW_ST4L12_NM,1,191,0.9662653883839775,0.660633412392243,1.0,6.340041160583496,6.326186656951904,325.92151403427124,5092.523656785488,64,1920,7320,2052,45108
extra,SGF_RFW_ST4L12_NM,0,192,0.9800993349789681,0.9450538987698763,1.0,9.700312614440918,11.516815185546875,324.6986382007599,5073.416221886873,64,1920,7320,2052,45108
extra,SGF_RFW_ST4L12_NM,1,192,0.9831888912880178,0.9382888389670331,1.0,11.83094310760498,12.677897453308105,327.1516606807709,5111.744698137045,64,1920,7320,2052,45108
extra,SGF_RFW_ST4L12_NM,0,193,0.9835595579205288,0.9193314585996711,1.0,7.593008041381836,8.129120826721191,324.49225759506226,5070.191524922848,64,1920,7320,2052,45108
extra,SGF_RFW_ST4L12_NM,1,193,0.9801112928582638,0.9094058987887009,1.0,7.0234503746032715,8.2454833984375,325.8729655742645,5091.765087097883,64,1920,7320,2052,45108
extra,SGF_RFW_ST4L12_NM,0,194,0.9775131361750575,0.9164708256721497,1.0,11.568361282348633,12.348024368286133,324.68772053718567,5073.245633393526,64,1920,7320,2052,45108
extra,SGF_RFW_ST4L12_NM,1,194,0.9800654349026772,0.9288052190905032,1.0,13.303666114807129,12.353592872619629,325.5255799293518,5086.337186396122,64,1920,7320,2052,45108
extra,SGF_RFW_ST4L12_NM,0,195,0.9864021695909643,0.9312192486680072,0.9583333333333334,5.940003871917725,6.0288777351379395,323.43551206588745,5053.679876029491,64,1920,7320,2052,45108
extra,SGF_RFW_ST4L12_NM,1,195,0.9859077380288618,0.9243044101673624,0.9166666666666666,5.655323028564453,5.835264205932617,325.70020031929016,5089.065629988909,64,1920,7320,2052,45108
extra,SGF_RFW_ST4L12_NM,0,196,0.9842227110430942,0.9199415134347003,0.9583333333333334,11.420466423034668,14.172752380371094,325.3110191822052,5082.984674721956,64,1920,7320,2052,45108
extra,SGF_RFW_ST4L12_NM,1,196,0.9819055074263009,0.9169932137364927,1.0,10.98872184753418,12.947905540466309,325.95212745666504,5093.001991510391,64,1920,7320,2052,45108
extra,SGF_RFW_ST4L12_NM,0,197,0.9797409773554008,0.9106665590535039,1.0,11.345724105834961,13.381490707397461,325.2601773738861,5082.19027146697,64,1920,7320,2052,45108
extra,SGF_RFW_ST4L12_NM,1,197,0.98155380192875,0.8976337987443676,0.8333333333333334,7.829921722412109,7.27747917175293,326.62557911872864,5103.524673730135,64,1920,7320,2052,45108
extra,SGF_RFW_ST4L12_NM,0,198,0.9860905568318467,0.9339906223442244,0.5833333333333334,4.573286533355713,4.949899196624756,325.3145844936371,5083.040382713079,64,1920,7320,2052,45108
extra,SGF_RFW_ST4L12_NM,1,198,0.9843010938707085,0.9455871646818906,0.08333333333333333,2.883361577987671,3.9202206134796143,325.3899576663971,5084.218088537455,64,1920,7320,2052,45108
extra,SGF_RFW_ST4L12_NM,0,199,0.9849352534632506,0.9150166006191917,1.0,7.512322425842285,8.825454711914062,325.5035264492035,5085.992600768805,64,1920,7320,2052,45108
extra,SGF_RFW_ST4L12_NM,1,199,0.9847674774945707,0.9065133786719778,0.9583333333333334,6.326912879943848,8.621315002441406,324.2714595794678,5066.741555929184,64,1920,7320,2052,45108
