arm,seed,prompt,dino_early_4_8,dino_late_38_47,motion_early_4_8,motion_late_38_47,wall_s,dit_ms_per_block,commit_calls,nosink_reads,trb_calls,far_reads,far_anchors,pos_mapped_reads,pos_evicted_frames,sat_0,sat_1,sat_2,sat_3,sat_4,sat_5,sat_6,sat_7,sat_8,sat_9,sat_10,sat_11,sat_12,sat_13,sat_14,sat_15,sat_16,sat_17,sat_18,sat_19,sat_20,sat_21,sat_22,sat_23,sat_24,sat_25,sat_26,sat_27,sat_28,sat_29,sat_30,sat_31,sat_32,sat_33,sat_34,sat_35,sat_36,sat_37,sat_38,sat_39,sat_40,sat_41,sat_42,sat_43,sat_44,sat_45,sat_46,sat_47,bri_0,bri_1,bri_2,bri_3,bri_4,bri_5,bri_6,bri_7,bri_8,bri_9,bri_10,bri_11,bri_12,bri_13,bri_14,bri_15,bri_16,bri_17,bri_18,bri_19,bri_20,bri_21,bri_22,bri_23,bri_24,bri_25,bri_26,bri_27,bri_28,bri_29,bri_30,bri_31,bri_32,bri_33,bri_34,bri_35,bri_36,bri_37,bri_38,bri_39,bri_40,bri_41,bri_42,bri_43,bri_44,bri_45,bri_46,bri_47,det_0,det_1,det_2,det_3,det_4,det_5,det_6,det_7,det_8,det_9,det_10,det_11,det_12,det_13,det_14,det_15,det_16,det_17,det_18,det_19,det_20,det_21,det_22,det_23,det_24,det_25,det_26,det_27,det_28,det_29,det_30,det_31,det_32,det_33,det_34,det_35,det_36,det_37,det_38,det_39,det_40,det_41,det_42,det_43,det_44,det_45,det_46,det_47
SGF_RFW,0,0,0.173068622748057,0.15241068601608276,8.6903657913208,9.219890594482422,276.01288771629333,4312.701370567083,64,1920,7320,0,0,0,0,0.5068525522947311,0.5329957976937294,0.5611735880374908,0.5624836087226868,0.545886367559433,0.5301840975880623,0.5289588123559952,0.5298108160495758,0.5235051661729813,0.5230437889695168,0.5217140093445778,0.5465069860219955,0.5564132854342461,0.5593737959861755,0.5425808951258659,0.5426233783364296,0.5450071021914482,0.5496634691953659,0.5606076791882515,0.5497561693191528,0.5481154546141624,0.5533766150474548,0.5505597665905952,0.5485492497682571,0.5482839643955231,0.5443358346819878,0.5558106079697609,0.5440224334597588,0.5451486557722092,0.5399109721183777,0.5358808562159538,0.5425665751099586,0.5526385679841042,0.5552953109145164,0.5437769219279289,0.5459137558937073,0.5295993238687515,0.5378566905856133,0.542972095310688,0.5447896271944046,0.5545222908258438,0.5574771240353584,0.5572504103183746,0.5483533814549446,0.5418418198823929,0.5312848761677742,0.5284164845943451,0.5420364396912711,0.3710913732647896,0.368905633687973,0.35351305082440376,0.36039598658680916,0.3894178494811058,0.39976347237825394,0.3933617025613785,0.40529442951083183,0.4140412211418152,0.41174057871103287,0.41558199003338814,0.39612652733922005,0.38240229710936546,0.38162456452846527,0.38167842850089073,0.37596890702843666,0.3912837877869606,0.4065946862101555,0.39601820707321167,0.3951371945440769,0.39102980494499207,0.3914870321750641,0.3957231007516384,0.4044645242393017,0.3967563435435295,0.393524419516325,0.3861374221742153,0.3829030841588974,0.3845203332602978,0.39398325979709625,0.3888688236474991,0.38526952639222145,0.3844708912074566,0.3823569640517235,0.3933071009814739,0.3995945155620575,0.39921196177601814,0.38977546244859695,0.39460792765021324,0.3970007002353668,0.39279720559716225,0.39102815836668015,0.3757800869643688,0.37423641607165337,0.39029287174344063,0.3966081142425537,0.39492927491664886,0.3819455163819449,0.11984891723841429,0.1203513341024518,0.12148328963667154,0.12222903780639172,0.12702228594571352,0.13007158786058426,0.1301251519471407,0.1302975695580244,0.13185828924179077,0.12920224107801914,0.12776507437229156,0.12771671451628208,0.12495942134410143,0.12429201509803534,0.12176697049289942,0.12337367050349712,0.12379204109311104,0.126810010522604,0.12505104951560497,0.12367259617894888,0.12040200177580118,0.11818076204508543,0.12299800850450993,0.12780617084354162,0.1252083983272314,0.1254580682143569,0.12173804733902216,0.12222621589899063,0.12295868806540966,0.1254369430243969,0.12528163194656372,0.12587743159383535,0.122876419685781,0.12216791324317455,0.12630353216081858,0.12936921045184135,0.13251291401684284,0.13127932511270046,0.12817281484603882,0.12786880787461996,0.12549869809299707,0.11994762904942036,0.11932288482785225,0.1189544377848506,0.12084565591067076,0.1235596789047122,0.1262504355981946,0.12730539057935988
SGF_RFW,1,0,0.1330577929814657,0.14036953449249268,5.500452995300293,6.837519645690918,395.4048373699188,6178.200583904982,64,1920,7320,0,0,0,0,0.5214846804738045,0.5316076055169106,0.5381032526493073,0.5352300778031349,0.533382274210453,0.5295214429497719,0.5251576378941536,0.5344470292329788,0.5394008234143257,0.5374922975897789,0.5287973508238792,0.5235027521848679,0.5244024619460106,0.5268040150403976,0.533298909664154,0.5194471701979637,0.5186958387494087,0.5159723907709122,0.5337969660758972,0.5392849892377853,0.5563051030039787,0.5582079812884331,0.5619126185774803,0.5598938390612602,0.5548020452260971,0.5555777177214622,0.561455525457859,0.564111240208149,0.5664678364992142,0.5532122477889061,0.5317207723855972,0.5256798714399338,0.539546325802803,0.547248125076294,0.5441077798604965,0.5439933314919472,0.5281870514154434,0.5261007621884346,0.5345154106616974,0.5429553687572479,0.5481063053011894,0.5517462119460106,0.538100354373455,0.5305145606398582,0.517088495194912,0.5186824053525925,0.5354428067803383,0.5437954919678825,0.3856448419392109,0.3766752555966377,0.37384355440735817,0.37889523431658745,0.3831052929162979,0.3813910372555256,0.3751840889453888,0.3650863915681839,0.3704584464430809,0.384445246309042,0.380973219871521,0.3756905496120453,0.37304337695240974,0.36401907727122307,0.357646394520998,0.36202193796634674,0.358344491571188,0.3590662479400635,0.3562256135046482,0.352621179074049,0.34484392777085304,0.34156154096126556,0.3397161662578583,0.34760167449712753,0.35683082416653633,0.35763776674866676,0.3492323197424412,0.3506244383752346,0.3453971706330776,0.35669539496302605,0.3829021528363228,0.392287690192461,0.3843994364142418,0.3901849463582039,0.3959880992770195,0.3914441205561161,0.3999152071774006,0.39570431783795357,0.3927088789641857,0.39153268188238144,0.3858469948172569,0.3788447827100754,0.38907159119844437,0.38798216357827187,0.400802668184042,0.3998788520693779,0.38060110807418823,0.3726239630154201,0.09404782298952341,0.09287068527191877,0.09265079628676176,0.09411169774830341,0.09839831851422787,0.10095751192420721,0.10102504305541515,0.09787336084991693,0.10095772240310907,0.10283178742974997,0.10418801475316286,0.10224395804107189,0.09767974447458982,0.09588360320776701,0.09701375290751457,0.09916496090590954,0.09787413571029902,0.09416547510772943,0.09380144905298948,0.09363457094877958,0.09092099405825138,0.09406469762325287,0.094367197714746,0.09481413196772337,0.09638855513185263,0.09329422749578953,0.09395860601216555,0.09229357354342937,0.09229102358222008,0.09255193080753088,0.09371383488178253,0.09696142096072435,0.0928107276558876,0.09295075945556164,0.09626022446900606,0.09784264117479324,0.09547145199030638,0.09302133414894342,0.0927625959739089,0.0935414656996727,0.09872259758412838,0.10108923446387053,0.10265499912202358,0.10168874636292458,0.10097854398190975,0.10065143462270498,0.09885688219219446,0.09384961426258087
SGF_RFW,2,0,0.13070551554361975,0.12742020686467492,8.319208145141602,9.146679878234863,456.3973779678345,7131.209030747414,64,1920,7320,0,0,0,0,0.5289403721690178,0.5314386561512947,0.5419891178607941,0.5482323616743088,0.5616968423128128,0.5620195642113686,0.5608682557940483,0.5421097353100777,0.5432803779840469,0.5351175218820572,0.5334542915225029,0.5353934466838837,0.5436201244592667,0.5417825281620026,0.5389363691210747,0.5345744118094444,0.5390206873416901,0.5480967313051224,0.555107444524765,0.5507755130529404,0.5566846579313278,0.5549431145191193,0.5470519289374352,0.543784536421299,0.5441958829760551,0.5331278443336487,0.5292686149477959,0.5417346507310867,0.5561599731445312,0.5715544298291206,0.570711262524128,0.5612391382455826,0.555231399834156,0.5436362326145172,0.5453533679246902,0.549369640648365,0.5364664569497108,0.5414528697729111,0.5422616600990295,0.5387172773480415,0.5379133820533752,0.528251439332962,0.5330311432480812,0.5380943864583969,0.5343554690480232,0.5414879992604256,0.5638257935643196,0.5588652065822056,0.39485491812229156,0.41158871352672577,0.416773933917284,0.4117608219385147,0.3961033821105957,0.38947008550167084,0.3931285999715328,0.4118892066180706,0.42451485618948936,0.442014716565609,0.4316668137907982,0.42538829147815704,0.418863907456398,0.4229722321033478,0.4210096448659897,0.430908028036356,0.42886189743876457,0.41671566292643547,0.4066499434411526,0.4092317074537277,0.39997320249676704,0.39901619032025337,0.41350001096725464,0.42850538343191147,0.43461114540696144,0.43312884867191315,0.4186755493283272,0.4007360450923443,0.3904572017490864,0.39195308461785316,0.40121546387672424,0.4134476073086262,0.4244929291307926,0.41903621330857277,0.4181237816810608,0.42286333069205284,0.4370526894927025,0.4248949699103832,0.4217601828277111,0.42752186208963394,0.4282875806093216,0.44139888510107994,0.43485863506793976,0.4257843419909477,0.4104158617556095,0.3970659524202347,0.3820248804986477,0.38963353633880615,0.11802340764552355,0.12440831307321787,0.12625128589570522,0.12363267224282026,0.11763134226202965,0.12001659721136093,0.11576680187135935,0.11479349713772535,0.11836375016719103,0.12147932779043913,0.12406279239803553,0.12438167538493872,0.12308842223137617,0.12178116850554943,0.12039864528924227,0.11420526634901762,0.11143632140010595,0.11252146493643522,0.11797418631613255,0.12393993325531483,0.12415942922234535,0.12368322629481554,0.12783715967088938,0.1259517977014184,0.12352172564715147,0.12263773195445538,0.1206461675465107,0.1172162676230073,0.11661104578524828,0.12025622744113207,0.11891657672822475,0.11790958046913147,0.11954924929887056,0.12007999699562788,0.11790705099701881,0.11675910092890263,0.12032862938940525,0.1210753433406353,0.11870802007615566,0.11820044182240963,0.11495561432093382,0.1140642948448658,0.11670359503477812,0.11564310640096664,0.118050966411829,0.11693586967885494,0.11675369739532471,0.11616199782916478
SGF_RFW,3,0,0.14939188957214355,0.15773556629816687,7.021016597747803,8.597922325134277,276.1811943054199,4315.331161022186,64,1920,7320,0,0,0,0,0.47308000549674034,0.47999686002731323,0.4923923909664154,0.49666425213217735,0.4982331804931164,0.4973529167473316,0.5040472596883774,0.5000920929014683,0.5004188492894173,0.5084038749337196,0.5117828324437141,0.5130048468708992,0.5216012448072433,0.5109474658966064,0.5108647495508194,0.5035108625888824,0.5032270662486553,0.5167610049247742,0.5263441801071167,0.5205962434411049,0.5049886740744114,0.5056318417191505,0.49912120029330254,0.4834327884018421,0.483434047549963,0.4866555631160736,0.4977896399796009,0.5055876895785332,0.5154905170202255,0.5064421147108078,0.5007537044584751,0.5063783973455429,0.5136273056268692,0.5206580460071564,0.5176517143845558,0.4992247670888901,0.4877416752278805,0.4935496896505356,0.5047542378306389,0.5048319846391678,0.5032887198030949,0.5019946843385696,0.49277518689632416,0.49417974427342415,0.5099501311779022,0.5148816034197807,0.5034225583076477,0.5024979369980949,0.41501509770751,0.41772129014134407,0.4156154543161392,0.419412299990654,0.4225429631769657,0.4100862108170986,0.3980107642710209,0.40722110122442245,0.42410485073924065,0.42912567406892776,0.4249245673418045,0.42510830238461494,0.4125998839735985,0.4115648940205574,0.41795915365219116,0.4287988543510437,0.42441289126873016,0.4103231318295002,0.40830330923199654,0.400426734238863,0.4089002385735512,0.417317658662796,0.420446302741766,0.4206720031797886,0.41697342693805695,0.4142472855746746,0.41168292984366417,0.4089938849210739,0.4100007899105549,0.4270613379776478,0.4272046908736229,0.4172622375190258,0.4086945839226246,0.40191442519426346,0.3935166634619236,0.40012499690055847,0.4180852174758911,0.4220692962408066,0.41314924135804176,0.4130132235586643,0.41526510939002037,0.41456782817840576,0.4207514710724354,0.41407791525125504,0.39662546291947365,0.3905491605401039,0.4095684625208378,0.41884394202913555,0.10085530579090118,0.10426477249711752,0.10468970332294703,0.10749214049428701,0.10692083276808262,0.10530009213835001,0.10241495724767447,0.10184573475271463,0.0998597564175725,0.09953045099973679,0.10095883347094059,0.10259280912578106,0.09958803653717041,0.0970726003870368,0.09354468900710344,0.09643880371004343,0.09942181687802076,0.09983328264206648,0.10467340238392353,0.1084505571052432,0.10803041886538267,0.1057463688775897,0.1050859009847045,0.10338042117655277,0.10895718540996313,0.10914547462016344,0.10559336561709642,0.1016565477475524,0.09872738551348448,0.09989499300718307,0.10110944975167513,0.10061346646398306,0.10141936875879765,0.09948993008583784,0.09864361770451069,0.10249890107661486,0.10917327273637056,0.10844040010124445,0.10597487352788448,0.1033016461879015,0.09934104327112436,0.0992037495598197,0.10321339778602123,0.10496851056814194,0.10218769777566195,0.09309007320553064,0.09345040563493967,0.09742204312767301
SGF_RFW,0,1,0.14042903979619348,0.15855662027994788,7.449733257293701,7.987730026245117,275.6605017185211,4307.1953393518925,64,1920,7320,0,0,0,0,0.4713674709200859,0.522591196000576,0.5266838744282722,0.563685268163681,0.565357118844986,0.5537141188979149,0.5415110811591148,0.5362751632928848,0.5535180196166039,0.5350698828697205,0.5288583263754845,0.5251892730593681,0.49730100855231285,0.497926514595747,0.5058030858635902,0.5314803421497345,0.5492473319172859,0.5457186102867126,0.5234519317746162,0.5377096086740494,0.552551232278347,0.5419579818844795,0.5264081060886383,0.5403776168823242,0.5504468679428101,0.5618119835853577,0.5740177184343338,0.5662984773516655,0.5727420747280121,0.5326744541525841,0.5614950060844421,0.5258084535598755,0.5115489587187767,0.49563419446349144,0.5098732560873032,0.5210643112659454,0.506656639277935,0.5339172706007957,0.5442851111292839,0.5515737012028694,0.5427928268909454,0.5314895883202553,0.5208012387156487,0.5287635624408722,0.5404698401689529,0.5345172807574272,0.5018641129136086,0.5116862569536481,0.45134343579411507,0.41781213507056236,0.4194137118756771,0.3854464739561081,0.3888089954853058,0.40291810035705566,0.41242803260684013,0.4204160124063492,0.4050939604640007,0.4150821603834629,0.42399900779128075,0.4240574687719345,0.44956710562109947,0.4408429525792599,0.42593975365161896,0.4117979295551777,0.400897528976202,0.4038442149758339,0.43073779717087746,0.4143585078418255,0.4056917056441307,0.4136759750545025,0.42182645946741104,0.4191625416278839,0.4160821959376335,0.4136175215244293,0.401053536683321,0.39794712141156197,0.39553557708859444,0.43756014108657837,0.42276960238814354,0.45191215351223946,0.4473743103444576,0.4476161040365696,0.4327889643609524,0.4322592243552208,0.4389120563864708,0.4181044138967991,0.4190787300467491,0.4118666686117649,0.41714664176106453,0.4237343780696392,0.42624493315815926,0.4183336831629276,0.40289077162742615,0.41528087481856346,0.441095020622015,0.4253634214401245,0.14442096836864948,0.13815049082040787,0.1419316790997982,0.14046952314674854,0.14485701732337475,0.15459811873733997,0.1478237397968769,0.14046684093773365,0.13692628405988216,0.13574686087667942,0.14105450734496117,0.1419457197189331,0.1475504506379366,0.14548566564917564,0.1429261639714241,0.14762138947844505,0.1494487076997757,0.14090546034276485,0.13691429793834686,0.13651151955127716,0.1271609403192997,0.13102854788303375,0.12469940818846226,0.1258632317185402,0.12303663603961468,0.11821020860224962,0.11804100219160318,0.11642487067729235,0.11549785640090704,0.12382936291396618,0.12295947596430779,0.1304031563922763,0.13047712482511997,0.1382970567792654,0.13684935495257378,0.13904280215501785,0.14557494036853313,0.1388401072472334,0.13787477277219296,0.1355277393013239,0.1337191667407751,0.13713211752474308,0.13472289219498634,0.14223023131489754,0.14218328520655632,0.14412829093635082,0.14724346809089184,0.1411857328244618
SGF_RFW,1,1,0.18671363592147827,0.18333433071772254,9.451774597167969,9.204182624816895,275.81149530410767,4309.554614126682,64,1920,7320,0,0,0,0,0.4349103681743145,0.4736362211406231,0.517397828400135,0.5536688938736916,0.5466398224234581,0.572938472032547,0.5783261135220528,0.5280499868094921,0.48969942703843117,0.4681475795805454,0.48671772330999374,0.5190757811069489,0.47980114445090294,0.4452865198254585,0.4425896853208542,0.4478312321007252,0.45395028591156006,0.4515083357691765,0.45715752616524696,0.48761168867349625,0.4519661106169224,0.46119406074285507,0.4800959825515747,0.5032128244638443,0.5254420042037964,0.4941311813890934,0.4985137805342674,0.5217304602265358,0.5399482101202011,0.5390085391700268,0.523413896560669,0.5153087228536606,0.49205224961042404,0.49431219324469566,0.5058294199407101,0.5385200902819633,0.5320591777563095,0.5312954634428024,0.5225591100752354,0.5169330798089504,0.5538613647222519,0.527526281774044,0.5389784127473831,0.51680688560009,0.519505687057972,0.5174558758735657,0.5070429667830467,0.5248021398271833,0.4243061691522598,0.3868333473801613,0.35526805743575096,0.31732992455363274,0.31870636343955994,0.3023013100028038,0.2965003699064255,0.33162545040249825,0.37078365683555603,0.3955295793712139,0.3797396309673786,0.3568190671503544,0.3833361826837063,0.41661304980516434,0.42239661514759064,0.40552642196416855,0.4114478714764118,0.41087543591856956,0.41092487052083015,0.39379479736089706,0.41854408383369446,0.4053257144987583,0.38290495052933693,0.35233746469020844,0.3449380286037922,0.3774595260620117,0.37687620148062706,0.34978262335062027,0.3356754295527935,0.3350599929690361,0.3475623056292534,0.35991937294602394,0.37996893376111984,0.3819771483540535,0.37821122631430626,0.34634071588516235,0.3572918623685837,0.3581467568874359,0.3591037504374981,0.3583553656935692,0.32418544217944145,0.3409994952380657,0.33555376157164574,0.35504981130361557,0.36126159131526947,0.36661361157894135,0.37800998613238335,0.3589518027646201,0.12884763069450855,0.13042541220784187,0.13673781231045723,0.13630243763327599,0.13803881593048573,0.13953235559165478,0.13424400612711906,0.13897723145782948,0.13801481388509274,0.13593559712171555,0.1362492721527815,0.14212202094495296,0.1451516207307577,0.14683654345571995,0.14638538844883442,0.1380409598350525,0.14358929730951786,0.1446277964860201,0.14444023929536343,0.14479144476354122,0.14499692060053349,0.1487948689609766,0.14281028881669044,0.13744587264955044,0.13758241944015026,0.13576827012002468,0.13448729924857616,0.1354425959289074,0.14488217420876026,0.1446679402142763,0.14490899443626404,0.13967052660882473,0.1352332979440689,0.13567177578806877,0.1377597190439701,0.13003858271986246,0.13255154713988304,0.1374388486146927,0.13526027649641037,0.13774178363382816,0.14094664342701435,0.13781292736530304,0.13334963098168373,0.12908358313143253,0.1309400675818324,0.12424987461417913,0.12749687768518925,0.12372498427118574
SGF_RFW,2,1,0.13850132624308265,0.18449972073237098,7.373055934906006,6.729809761047363,570.741913318634,8917.842395603657,64,1920,7320,0,0,0,0,0.39551015570759773,0.4337954521179199,0.45200394466519356,0.46143078804016113,0.46966609358787537,0.47079500928521156,0.4490617923438549,0.4202779121696949,0.40344884246587753,0.40669364854693413,0.4067745879292488,0.4025469943881035,0.401776447892189,0.40409332886338234,0.4128946214914322,0.42376982793211937,0.4178818129003048,0.41359398514032364,0.4294361583888531,0.4254917837679386,0.41859065741300583,0.4253770038485527,0.43658239766955376,0.4286554902791977,0.42716260254383087,0.42296072840690613,0.41996024176478386,0.4179496802389622,0.41920196637511253,0.4046145975589752,0.4078442379832268,0.4164007492363453,0.4166431315243244,0.4181576296687126,0.4254930689930916,0.4247407540678978,0.4326188527047634,0.4405163675546646,0.43493159487843513,0.432422012090683,0.4366028644144535,0.4288378767669201,0.43994854390621185,0.4462706744670868,0.4404207020998001,0.455841064453125,0.4352375417947769,0.41537317633628845,0.48513323441147804,0.4600335732102394,0.43712031841278076,0.43697332218289375,0.422146201133728,0.41929614916443825,0.43105051293969154,0.46643975749611855,0.48727599158883095,0.48941580951213837,0.4963216632604599,0.5046820864081383,0.5084562227129936,0.5000568963587284,0.49092718586325645,0.48269638419151306,0.487780325114727,0.4916236028075218,0.48081184178590775,0.48679832369089127,0.4825962856411934,0.4743528217077255,0.47155600413680077,0.4834413565695286,0.4809838645160198,0.47817740216851234,0.48237869143486023,0.48759065195918083,0.4841557517647743,0.4953393042087555,0.4940047785639763,0.4873669669032097,0.4847731180489063,0.4799684099853039,0.4665713831782341,0.46258148178458214,0.4597352519631386,0.44844507798552513,0.45818250998854637,0.4618871584534645,0.45612045004963875,0.46462763100862503,0.45950426906347275,0.4511377736926079,0.45256827771663666,0.4475341737270355,0.46659861505031586,0.4883263920034681,0.09727847203612328,0.09339388646185398,0.09228184167295694,0.09802709054201841,0.09562305267900229,0.0927282739430666,0.09250197652727365,0.09648273047059774,0.10150549560785294,0.09900712873786688,0.10056909918785095,0.10505938809365034,0.10710270889103413,0.10466484632343054,0.09734343085438013,0.09029312990605831,0.0932854525744915,0.09518601093441248,0.09201513137668371,0.09180289506912231,0.09502829611301422,0.09213780052959919,0.08921017497777939,0.0916348323225975,0.09230225253850222,0.09112519770860672,0.09368967358022928,0.09368877299129963,0.09193768166005611,0.09353251196444035,0.0989961763843894,0.0973367989063263,0.09635556302964687,0.09707578644156456,0.09712416119873524,0.10041902866214514,0.09885283652693033,0.09314340353012085,0.09258983563631773,0.0972710158675909,0.09816945064812899,0.09844157751649618,0.09521537646651268,0.09291739761829376,0.09059049561619759,0.08860950171947479,0.09394854493439198,0.09997815958091191
SGF_RFW,3,1,0.13999301195144653,0.12808229525883996,10.907844543457031,10.656941413879395,276.1829125881195,4315.358009189367,64,1920,7320,0,0,0,0,0.36072422191500664,0.38567259535193443,0.3928171433508396,0.3993949554860592,0.41062722355127335,0.4055405519902706,0.39312703162431717,0.3900785520672798,0.4025447592139244,0.3821738176047802,0.3895244933664799,0.39207660406827927,0.4039889946579933,0.4050176255404949,0.3903862498700619,0.4013625644147396,0.4038477726280689,0.40262044221162796,0.39237193018198013,0.41481098532676697,0.4106200821697712,0.4007219709455967,0.4068599045276642,0.402824304997921,0.4000950753688812,0.39958636835217476,0.3981037475168705,0.38534433767199516,0.37734299153089523,0.3803376071155071,0.3860936835408211,0.39568882808089256,0.39300447329878807,0.3936920240521431,0.39166657254099846,0.400034062564373,0.4080084152519703,0.42230432480573654,0.4344037137925625,0.42131655290722847,0.4145819619297981,0.4122231751680374,0.39575808495283127,0.3975931219756603,0.39893675222992897,0.40022746846079826,0.3918984569609165,0.3864056851182665,0.4272601678967476,0.42498350143432617,0.4413327984511852,0.4434095323085785,0.4224099963903427,0.41766079515218735,0.4192058704793453,0.45442964509129524,0.44802776351571083,0.44051237776875496,0.4373732730746269,0.44243016839027405,0.4333184063434601,0.43390967324376106,0.426481019705534,0.41927822306752205,0.4260086975991726,0.437295563519001,0.44352931901812553,0.4363154284656048,0.4427984245121479,0.4330775737762451,0.4277103915810585,0.4317787438631058,0.4289586618542671,0.42847590893507004,0.43152159079909325,0.4488001763820648,0.44418158382177353,0.44048234075307846,0.4384032189846039,0.4254816584289074,0.4357697293162346,0.44964373111724854,0.438293419778347,0.44528793916106224,0.44111695140600204,0.4204524792730808,0.4162965230643749,0.42118485644459724,0.4342729523777962,0.44072300568223,0.4647414870560169,0.45274098217487335,0.4474325329065323,0.4461011402308941,0.4581938907504082,0.472806807075228,0.1260931110009551,0.13411732390522957,0.14071078971028328,0.14458962716162205,0.14021003991365433,0.1397228129208088,0.13370614498853683,0.13302425295114517,0.1380981933325529,0.1366873700171709,0.13767995685338974,0.14219482988119125,0.14152799174189568,0.13925500214099884,0.13923207484185696,0.14462288096547127,0.14590006321668625,0.14112431555986404,0.14060058631002903,0.1441849060356617,0.13945037499070168,0.13878857903182507,0.140917694196105,0.14738923497498035,0.1437128372490406,0.1399969533085823,0.14219339564442635,0.148799616843462,0.14517073892056942,0.1435287743806839,0.1430941168218851,0.14278780668973923,0.14527636021375656,0.14320650324225426,0.14180698618292809,0.1444772519171238,0.1478505078703165,0.14474453777074814,0.14088249579071999,0.13707080855965614,0.13715080730617046,0.13791120052337646,0.14169343747198582,0.1329544633626938,0.13290448486804962,0.1346590854227543,0.1362806297838688,0.1326048501900264
SGF_RFW,0,2,0.1181676983833313,0.11919736862182617,4.543719291687012,3.9269254207611084,275.63760209083557,4306.837532669306,64,1920,7320,0,0,0,0,0.5049586594104767,0.5124893635511398,0.5246032774448395,0.5280567705631256,0.5320441648364067,0.538374550640583,0.5446492210030556,0.5479825511574745,0.5404034107923508,0.5330674201250076,0.5126180723309517,0.5210642516613007,0.5267047733068466,0.5296889021992683,0.5240649580955505,0.5204355642199516,0.5167939811944962,0.5156744047999382,0.5156349092721939,0.5169489458203316,0.5193009003996849,0.5168711617588997,0.5191175565123558,0.5202269852161407,0.5219889879226685,0.5254254266619682,0.517807848751545,0.5093938931822777,0.5182855576276779,0.5271388217806816,0.5239063501358032,0.520897701382637,0.5217786058783531,0.5218331888318062,0.5197276324033737,0.5180464833974838,0.5202953889966011,0.5198322981595993,0.5131685137748718,0.5158871412277222,0.5202517807483673,0.5167690217494965,0.5185359716415405,0.5204232037067413,0.523003064095974,0.5200502946972847,0.5167641714215279,0.5137902923992702,0.3805539645254612,0.3747396618127823,0.372685719281435,0.3726600632071495,0.3724920153617859,0.37420305982232094,0.3793310411274433,0.3809882737696171,0.3881677985191345,0.39842354878783226,0.39429211243987083,0.37980297952890396,0.37502143904566765,0.3742023594677448,0.3816571496427059,0.38095971941947937,0.3804997019469738,0.38223283365368843,0.38038694858551025,0.3780689910054207,0.37679899111390114,0.37752658501267433,0.3752369061112404,0.37755436077713966,0.3774128332734108,0.37561770901083946,0.3841860592365265,0.38786840811371803,0.3793790303170681,0.37725868076086044,0.3848672844469547,0.384176392108202,0.3827890604734421,0.38531292602419853,0.3873112201690674,0.3886382281780243,0.38283322751522064,0.37818094342947006,0.3830917999148369,0.3840915113687515,0.379412516951561,0.3783388324081898,0.375967662781477,0.3759077116847038,0.37901536747813225,0.38391682878136635,0.38425038754940033,0.38485620277268545,0.08239163365215063,0.08297291025519371,0.08204986993223429,0.08244726527482271,0.07965132966637611,0.0771925812587142,0.0777907446026802,0.08266949467360973,0.08719041850417852,0.09365727659314871,0.09790505189448595,0.07901063188910484,0.07707422599196434,0.08001660276204348,0.07979026436805725,0.07977443467825651,0.08082909788936377,0.08258296083658934,0.08287670183926821,0.0827038511633873,0.08340805303305387,0.08297440875321627,0.08261490613222122,0.08271028194576502,0.08275545481592417,0.08151484653353691,0.07943125069141388,0.08068356942385435,0.08163395244628191,0.08013755735009909,0.08030272647738457,0.08130945265293121,0.08025968447327614,0.0792349399998784,0.08108178991824389,0.08221113122999668,0.08255387097597122,0.0829969821497798,0.08321788627654314,0.08404893148690462,0.08278951235115528,0.08524544537067413,0.08513629157096148,0.08408351987600327,0.08182014431804419,0.08087542559951544,0.08041658625006676,0.08007392925875527
SGF_RFW,1,2,0.07164204120635986,0.11340751250584924,5.290447235107422,6.032707214355469,275.7899360656738,4309.217751026154,64,1920,7320,0,0,0,0,0.5028981640934944,0.5073918625712395,0.511624276638031,0.5160591155290604,0.5245515704154968,0.5318673774600029,0.5432975366711617,0.5401640981435776,0.5121712535619736,0.5191597491502762,0.5167198553681374,0.5229712128639221,0.5271740034222603,0.5271405503153801,0.522839829325676,0.5166993513703346,0.5143067687749863,0.5158995613455772,0.5176702067255974,0.517119936645031,0.5231316462159157,0.5258728787302971,0.5232083350419998,0.5207844749093056,0.5211201757192612,0.5242504328489304,0.5327575728297234,0.5245811268687248,0.5233105346560478,0.5222553983330727,0.5192666426301003,0.516767106950283,0.520716704428196,0.5293318256735802,0.5325890108942986,0.5279186815023422,0.5315250232815742,0.5302987918257713,0.522948369383812,0.526510126888752,0.5230121165513992,0.5262061581015587,0.5230938270688057,0.5194373577833176,0.5233364403247833,0.5248073190450668,0.5231802612543106,0.5159363235746112,0.3731149397790432,0.37508508563041687,0.37209922075271606,0.36847272515296936,0.374374158680439,0.3825840428471565,0.38415730372071266,0.3914951980113983,0.3817676231265068,0.37299539148807526,0.3795454874634743,0.37298307567834854,0.3682491332292557,0.3710858225822449,0.3728659674525261,0.3768695034086704,0.37447159737348557,0.37294893339276314,0.3727998323738575,0.3751280903816223,0.36557845771312714,0.36020879447460175,0.36426738277077675,0.3704662621021271,0.3708706386387348,0.37612559646368027,0.37100063636898994,0.3791513964533806,0.37711137905716896,0.37144457176327705,0.3686600401997566,0.37150999903678894,0.3709455095231533,0.36818544939160347,0.36671939864754677,0.36607734113931656,0.3663281127810478,0.36358973756432533,0.369785163551569,0.36582551524043083,0.36440370604395866,0.37052155658602715,0.3706759102642536,0.3701263405382633,0.36519329249858856,0.3733150586485863,0.3757323808968067,0.37392525587763104,0.06306787906214595,0.06271428288891912,0.062258198857307434,0.0631318804807961,0.06652191001921892,0.06824350450187922,0.06646785791963339,0.062209042720496655,0.05936214653775096,0.05813841614872217,0.06063844542950392,0.06176784448325634,0.06380798434838653,0.06482514552772045,0.06517116539180279,0.0660654604434967,0.06615507509559393,0.0663791885599494,0.06757618207484484,0.0667894659563899,0.06640561949461699,0.06480660196393728,0.06628727819770575,0.06592704728245735,0.06664599105715752,0.0663780989125371,0.06721464544534683,0.0660333065316081,0.06652162596583366,0.06586477905511856,0.06600608211010695,0.06319162156432867,0.06259675323963165,0.06558661069720984,0.06671322602778673,0.06811224017292261,0.06597019731998444,0.06403782498091459,0.0651413518935442,0.06370297726243734,0.06517588533461094,0.06742135807871819,0.06654624175280333,0.06350444816052914,0.06273824954405427,0.06494047865271568,0.06465171091258526,0.06460481988532203
SGF_RFW,2,2,0.07869793971379602,0.11712555090586341,4.685571670532227,3.353550672531128,571.5463218688965,8930.411279201508,64,1920,7320,0,0,0,0,0.5799718499183655,0.5807499438524246,0.5838588774204254,0.5953433811664581,0.6039345264434814,0.609888881444931,0.6070459932088852,0.5983614176511765,0.5944594368338585,0.588727556169033,0.5928712263703346,0.5996087417006493,0.6140973269939423,0.6127100512385368,0.613591380417347,0.5989138185977936,0.5934791266918182,0.5991999879479408,0.6006563380360603,0.6006894707679749,0.6006443575024605,0.5908926725387573,0.595226839184761,0.5969799309968948,0.6027119681239128,0.5976086035370827,0.6006954833865166,0.5992236360907555,0.6025485321879387,0.6054341942071915,0.612524002790451,0.6172222420573235,0.6076606661081314,0.5981921330094337,0.6010359078645706,0.5987128913402557,0.5898692384362221,0.5906444862484932,0.5906150192022324,0.5878643169999123,0.587930753827095,0.5936784446239471,0.6008131355047226,0.5985967144370079,0.6080756038427353,0.6025666370987892,0.6022853553295135,0.5961593474660601,0.37488221377134323,0.3772202804684639,0.3794275298714638,0.3866906836628914,0.39873646199703217,0.40607253462076187,0.4062941037118435,0.4067878872156143,0.391866534948349,0.3968302384018898,0.398512315005064,0.39819158986210823,0.39461740478873253,0.3944437727332115,0.39020875468850136,0.38375021144747734,0.37911365181207657,0.3789881020784378,0.3829371966421604,0.38672420755028725,0.3878929764032364,0.3843900226056576,0.38721877709031105,0.3915906101465225,0.3950520120561123,0.387841559946537,0.39388592913746834,0.39623260870575905,0.38813962042331696,0.3919830843806267,0.3774721249938011,0.358842846006155,0.37231069430708885,0.3979588821530342,0.38892799243330956,0.3879367783665657,0.3909369371831417,0.39234545454382896,0.3898903764784336,0.3883770704269409,0.39058883115649223,0.3917474113404751,0.389879297465086,0.39015764370560646,0.39758506789803505,0.408374410122633,0.4112555794417858,0.4001527896949223,0.05469817714765668,0.05610861303284764,0.05696578277274966,0.0566171994432807,0.057392222341150045,0.056481513660401106,0.05226786062121391,0.05301143042743206,0.05454182578250766,0.05436790222302079,0.0551744126714766,0.055551082361489534,0.05539524555206299,0.05456614401191473,0.0545435412786901,0.05385530972853303,0.055140865966677666,0.05568380933254957,0.055910468101501465,0.05488823913037777,0.054484155029058456,0.0533383684232831,0.054856107104569674,0.05487934686243534,0.05535784875974059,0.05316745396703482,0.05278402753174305,0.05393927404657006,0.05351615557447076,0.052471188362687826,0.05520814936608076,0.05682249320670962,0.055967104621231556,0.055352667812258005,0.055455833207815886,0.0544206565245986,0.053504749201238155,0.053931818809360266,0.05396551452577114,0.053590580355376005,0.05461970763280988,0.05284023843705654,0.05522427707910538,0.05331218056380749,0.051888988353312016,0.05164693668484688,0.051680817268788815,0.054848955678088326
SGF_RFW,3,2,0.04647095998128259,0.10583049058914185,7.770379066467285,6.720749378204346,276.3680272102356,4318.250425159931,64,1920,7320,0,0,0,0,0.5654438436031342,0.5830599516630173,0.5885377004742622,0.5759611055254936,0.5730303674936295,0.5848922654986382,0.5897173807024956,0.6119559928774834,0.6404949799180031,0.6328052505850792,0.6063295155763626,0.5816053599119186,0.5878044813871384,0.5912329256534576,0.5825220718979836,0.5858718529343605,0.5830010920763016,0.5837352201342583,0.5894814357161522,0.5955283418297768,0.5917206853628159,0.5875467360019684,0.5876080319285393,0.5901085212826729,0.5908527374267578,0.5938150659203529,0.5966952666640282,0.6007081493735313,0.6009979844093323,0.5991479083895683,0.5984461382031441,0.5949233621358871,0.5922658294439316,0.5919024720788002,0.5934017226099968,0.5881360247731209,0.5861956104636192,0.5809648409485817,0.5807282328605652,0.5801677629351616,0.5882360935211182,0.5888247117400169,0.5854982286691666,0.5809517353773117,0.5801779478788376,0.5760069936513901,0.5785047486424446,0.5753685065678188,0.4643525667488575,0.44799916073679924,0.4394725002348423,0.41997870430350304,0.39778468385338783,0.40371040999889374,0.4193345196545124,0.41860178112983704,0.41473568230867386,0.41158923879265785,0.4309684634208679,0.47279350832104683,0.46227291971445084,0.4586832821369171,0.45744844153523445,0.46074503660202026,0.4675460383296013,0.46464283391833305,0.457221582531929,0.44792337715625763,0.4481906034052372,0.4465939961373806,0.44730960577726364,0.453772634267807,0.46021009609103203,0.4572465308010578,0.4545947015285492,0.4453635923564434,0.43880775570869446,0.4415290243923664,0.4395214542746544,0.4451635554432869,0.44789944216609,0.4530804641544819,0.45394568145275116,0.4561009779572487,0.4582061767578125,0.46097127348184586,0.4577880688011646,0.4607056900858879,0.45760198682546616,0.4537477679550648,0.45023883134126663,0.45484599843621254,0.45920681580901146,0.46458110585808754,0.46226877346634865,0.4617726845400674,0.058827696833759546,0.06294340547174215,0.06808519177138805,0.07028707396239042,0.06638606917113066,0.05998520599678159,0.05671187909319997,0.05612354725599289,0.0567760462872684,0.06023547798395157,0.06020028702914715,0.06150043336674571,0.06350041786208749,0.06410093698650599,0.06584024894982576,0.06619185209274292,0.06531588174402714,0.0658240420743823,0.06480269227176905,0.06511486880481243,0.06456048879772425,0.06508887559175491,0.06664287950843573,0.06711195036768913,0.062226982321590185,0.06171170761808753,0.06244572065770626,0.06439752224832773,0.06866787746548653,0.07327032461762428,0.07060596346855164,0.07121082674711943,0.07248498126864433,0.07185490988194942,0.0757132563740015,0.07586220372468233,0.07221987657248974,0.06875823624432087,0.0661871051415801,0.06901776697486639,0.0696064317598939,0.07102521788328886,0.07188493572175503,0.06965513993054628,0.06850367970764637,0.0695768529549241,0.07086366135627031,0.06937675603798457
SGF_RFW,0,3,0.09272114435831702,0.10412498315175378,7.941099166870117,7.408205986022949,275.773779630661,4308.965306729078,64,1920,7320,0,0,0,0,0.6560097932815552,0.6647504046559334,0.666391558945179,0.6628818809986115,0.6583519801497459,0.647778108716011,0.6361860558390617,0.6359070539474487,0.6221795007586479,0.6107854172587395,0.6019285470247269,0.6086092814803123,0.6186992600560188,0.6264191195368767,0.6341137290000916,0.6346693858504295,0.6339237317442894,0.6407467573881149,0.6536144465208054,0.6654288321733475,0.6700373068451881,0.673414446413517,0.6672273352742195,0.660548061132431,0.6525770798325539,0.6513204872608185,0.6516917869448662,0.6505378037691116,0.6431530267000198,0.6369560360908508,0.635148398578167,0.6377000883221626,0.6392510607838631,0.6461611017584801,0.6603279188275337,0.6598660796880722,0.6575259491801262,0.6534314975142479,0.657118022441864,0.6600446552038193,0.6607168838381767,0.6615328267216682,0.6577129736542702,0.6448297277092934,0.6342491656541824,0.633531242609024,0.6373294368386269,0.6390139886311123,0.3359070271253586,0.34236546605825424,0.34278981015086174,0.3410527929663658,0.33549177274107933,0.34070979058742523,0.3511361591517925,0.3593784347176552,0.371914591640234,0.37725552171468735,0.38204706832766533,0.3752645403146744,0.3726866543292999,0.369614664465189,0.363653551787138,0.3630257770419121,0.36431531608104706,0.36181025207042694,0.35585564747452736,0.34863756224513054,0.3453058786690235,0.344922948628664,0.3490346744656563,0.35129181668162346,0.35421809181571007,0.35465462878346443,0.35639384761452675,0.36014991626143456,0.35878948867321014,0.35607079416513443,0.3509456478059292,0.34434526413679123,0.34774573519825935,0.35303332284092903,0.3492939658463001,0.3495326265692711,0.3465576432645321,0.34772488474845886,0.3461553156375885,0.34954341873526573,0.34998511895537376,0.3482975587248802,0.3436803035438061,0.34901387989521027,0.3557650148868561,0.3596470430493355,0.3617078773677349,0.3674765186650412,0.11920697428286076,0.11918812897056341,0.11095903255045414,0.11333824414759874,0.11657699849456549,0.1209608968347311,0.12822544015944004,0.12288550660014153,0.12511966098099947,0.1278506051748991,0.1274505816400051,0.12524039950221777,0.1274316180497408,0.1287962645292282,0.13158476538956165,0.13468461483716965,0.1308971755206585,0.1249515013769269,0.12125968001782894,0.11921812500804663,0.11998682655394077,0.12281966302543879,0.12398990336805582,0.12114254292100668,0.1221574991941452,0.12083915434777737,0.12094858102500439,0.12065856903791428,0.12264284398406744,0.12829973176121712,0.1292378045618534,0.13089309260249138,0.13294144347310066,0.13154952973127365,0.12793164141476154,0.12370812706649303,0.12265487015247345,0.1225567925721407,0.12335946969687939,0.12328759673982859,0.1279056016355753,0.13176101818680763,0.1322858091443777,0.1304940190166235,0.12673411052674055,0.12987800873816013,0.1286012139171362,0.12622733946357453
SGF_RFW,1,3,0.1397925615310669,0.12923723459243774,7.84471321105957,8.078591346740723,275.8585932254791,4310.290519148111,64,1920,7320,0,0,0,0,0.6615662798285484,0.6609406471252441,0.6736603900790215,0.6826502755284309,0.6856525391340256,0.6856532171368599,0.6846120059490204,0.6777374371886253,0.6559458002448082,0.6449061185121536,0.6404310241341591,0.6302133724093437,0.6179318279027939,0.5910550057888031,0.5691278576850891,0.5541532039642334,0.5469664037227631,0.5413874611258507,0.5282706543803215,0.5409124046564102,0.5775502771139145,0.6048779040575027,0.6166084706783295,0.6299255192279816,0.6454339176416397,0.6490335911512375,0.6581153050065041,0.6620950624346733,0.6569829508662224,0.648864321410656,0.6382508650422096,0.6346450373530388,0.6299993544816971,0.6273870766162872,0.6149853467941284,0.6028515249490738,0.6029448583722115,0.6045009344816208,0.6039024963974953,0.6019018515944481,0.6036706790328026,0.6101832613348961,0.6002491340041161,0.5896842703223228,0.5702602937817574,0.5576027855277061,0.5735326260328293,0.6140400000980922,0.33967793360352516,0.3485540896654129,0.34633229672908783,0.34625110030174255,0.3464520052075386,0.3467348590493202,0.34372497349977493,0.3420223072171211,0.356778584420681,0.3695266544818878,0.3728039637207985,0.37310145795345306,0.3791485019028187,0.40448617935180664,0.4276275709271431,0.43198905512690544,0.43007149919867516,0.42453962564468384,0.42279984056949615,0.4076591692864895,0.3862297125160694,0.36833222582936287,0.35835275053977966,0.34692684933543205,0.3351200968027115,0.3374495878815651,0.3398531787097454,0.34367378428578377,0.3524217940866947,0.3565155938267708,0.36348941549658775,0.3639279492199421,0.36269791796803474,0.3620746098458767,0.3707079626619816,0.3797769173979759,0.37714461609721184,0.37268680706620216,0.36897795274853706,0.36662552133202553,0.36097391694784164,0.3654234893620014,0.37849513068795204,0.38577641546726227,0.3988671489059925,0.414563599973917,0.40575989335775375,0.3815899704183851,0.12360489554703236,0.12788939662277699,0.1280259508639574,0.12974832765758038,0.13529426977038383,0.14222575537860394,0.14544080942869186,0.14408955723047256,0.14226236753165722,0.14154789224267006,0.1413698699325323,0.13929219916462898,0.14513552375137806,0.1478751953691244,0.15378128923475742,0.16276058927178383,0.1717587374150753,0.1688360571861267,0.16180714219808578,0.15735183283686638,0.1432986594736576,0.1354167778044939,0.13432011008262634,0.13300547935068607,0.1328009869903326,0.13933248072862625,0.13742662593722343,0.13310236111283302,0.12864001840353012,0.12922170292586088,0.1364976167678833,0.14065559208393097,0.14063417352735996,0.13979047536849976,0.1389107909053564,0.1421507578343153,0.142103910446167,0.14329261891543865,0.14174518920481205,0.13925777189433575,0.13679930940270424,0.1390712521970272,0.1442235391587019,0.15022715367376804,0.154314324259758,0.157013900578022,0.1552235633134842,0.15232946617262705
SGF_RFW,2,3,0.142222007115682,0.15857126315434777,8.291865348815918,9.237196922302246,277.6257588863373,4337.90248259902,64,1920,7320,0,0,0,0,0.6797221973538399,0.673461452126503,0.6807252392172813,0.6802787035703659,0.6838692873716354,0.6846981197595596,0.7036961019039154,0.7249820157885551,0.742994949221611,0.7517919912934303,0.7463019713759422,0.7380763292312622,0.6936511620879173,0.6609666123986244,0.6472113206982613,0.6641137301921844,0.6694014668464661,0.6664325147867203,0.6836714744567871,0.6957838609814644,0.7124488577246666,0.7070392966270447,0.7065738216042519,0.7209315299987793,0.730559803545475,0.7287138104438782,0.7058108821511269,0.7027550935745239,0.6935537829995155,0.6882651224732399,0.6861729919910431,0.6757388561964035,0.6706701070070267,0.6738750115036964,0.6947734877467155,0.7119164168834686,0.7216092273592949,0.7302670925855637,0.7336819395422935,0.7316672131419182,0.7310464158654213,0.7253626957535744,0.7195772677659988,0.7151979506015778,0.7044931799173355,0.714888721704483,0.7148432359099388,0.7094602925436837,0.3609310947358608,0.3538295030593872,0.3416166268289089,0.329366073012352,0.31311363726854324,0.30277951061725616,0.2944367118179798,0.2910921685397625,0.2846507504582405,0.2901889942586422,0.30173660814762115,0.3073360472917557,0.3262343406677246,0.33416367694735527,0.3375997990369797,0.34302426874637604,0.3490162268280983,0.34715624526143074,0.3249516636133194,0.31217632815241814,0.31064338609576225,0.31748853996396065,0.3109385669231415,0.31253546848893166,0.3114413656294346,0.31386449933052063,0.3349870294332504,0.3430068604648113,0.34615883976221085,0.3483254089951515,0.3528539352118969,0.3526277467608452,0.34672271460294724,0.3465312384068966,0.33252371847629547,0.3095865957438946,0.3050907030701637,0.30147356912493706,0.29962368309497833,0.296398650854826,0.303304098546505,0.3103305324912071,0.30728379637002945,0.31540583446621895,0.33589647710323334,0.32589245587587357,0.3139643259346485,0.3144406463418688,0.12060059607028961,0.1149343503639102,0.11331390962004662,0.11609039548784494,0.11728726234287024,0.11614257842302322,0.10814121551811695,0.10202214773744345,0.10268401727080345,0.10267659462988377,0.10281459335237741,0.10030134208500385,0.10165980644524097,0.10424128361046314,0.11052441131323576,0.11778755858540535,0.12150271981954575,0.1171658793464303,0.11198636051267385,0.10675466805696487,0.10006134863942862,0.09975263755768538,0.10161585733294487,0.105463613756001,0.11106561496853828,0.11249569896608591,0.11442807037383318,0.11825651209801435,0.11851360648870468,0.11945358291268349,0.11816394235938787,0.1203497713431716,0.11886164825409651,0.11669631488621235,0.11013284884393215,0.10473478585481644,0.10076299589127302,0.10188798233866692,0.10417025536298752,0.10619600303471088,0.1071526501327753,0.10687759704887867,0.10604673530906439,0.11140226479619741,0.11240679584443569,0.10997616779059172,0.10736370645463467,0.11260847321578435
SGF_RFW,3,3,0.12770650784174598,0.13139810164769494,7.527638912200928,9.398310661315918,277.1987862586975,4331.231035292149,64,1920,7320,0,0,0,0,0.6546854004263878,0.6726602986454964,0.6677735894918442,0.6641879826784134,0.6581850424408913,0.6525977030396461,0.6438850164413452,0.6383045390248299,0.6305344626307487,0.6142471134662628,0.6154110357165337,0.5987461134791374,0.5714940205216408,0.5415590703487396,0.5370617732405663,0.5461875423789024,0.5724470987915993,0.6061765849590302,0.6399829536676407,0.6532459184527397,0.6601793318986893,0.6528877541422844,0.6560798212885857,0.6580612361431122,0.6700401306152344,0.6639939844608307,0.6480183452367783,0.6427211835980415,0.6383605375885963,0.6341986358165741,0.6373074650764465,0.6368603333830833,0.6394384428858757,0.645275667309761,0.640708401799202,0.6328718513250351,0.6409576237201691,0.649050198495388,0.6404002383351326,0.6291548237204552,0.6209273710846901,0.6146628260612488,0.610974058508873,0.6141630336642265,0.6221689805388451,0.6189245879650116,0.5984141305088997,0.5891956516674587,0.3272976465523243,0.3235945627093315,0.3299819678068161,0.34065043553709984,0.34400663152337074,0.344138965010643,0.3522643446922302,0.36439114809036255,0.3718075640499592,0.39047424122691154,0.4033946022391319,0.4207974076271057,0.43620748445391655,0.4502330608665943,0.45370808988809586,0.4447760544717312,0.42470583319664,0.4106859304010868,0.40485187992453575,0.3983878530561924,0.3866475820541382,0.3956175707280636,0.38882505521178246,0.3819764703512192,0.37108735367655754,0.37057172879576683,0.3847324252128601,0.3923567086458206,0.39509807527065277,0.38932569697499275,0.38428663834929466,0.38529082387685776,0.3863910026848316,0.38033515587449074,0.3868682160973549,0.3912748917937279,0.38475075736641884,0.3842806741595268,0.38905344158411026,0.3958091698586941,0.3987351320683956,0.3984270766377449,0.392336118966341,0.3878437392413616,0.39345595240592957,0.40396494045853615,0.4133112132549286,0.41492457474981037,0.1349292006343603,0.13478595577180386,0.1357288546860218,0.13930041901767254,0.14245043694972992,0.1435555126518011,0.14933848939836025,0.14695696346461773,0.15160173177719116,0.15398138761520386,0.16130254045128822,0.16028027795255184,0.16025206446647644,0.1578933224081993,0.15569736436009407,0.1566865388303995,0.16174902021884918,0.15978878922760487,0.15048085153102875,0.14856750890612602,0.14671632461249828,0.14993792586028576,0.14880885556340218,0.15129325166344643,0.1518331579864025,0.1494068168103695,0.15500229224562645,0.15426412597298622,0.15323631279170513,0.1534861270338297,0.15116347558796406,0.15272211842238903,0.15460434928536415,0.15831190533936024,0.15537183359265327,0.15287314914166927,0.15248439088463783,0.14881072007119656,0.1508574467152357,0.14980420097708702,0.15244246274232864,0.15237006917595863,0.1559255924075842,0.159325635060668,0.16471328027546406,0.16773506253957748,0.17222926951944828,0.16909501382282802
SGF_RFW,0,4,0.2337148984273275,0.2442694902420044,4.194925785064697,3.679889678955078,275.58465456962585,4306.010227650404,64,1920,7320,0,0,0,0,0.7856782972812653,0.7896350920200348,0.7963110581040382,0.7955833375453949,0.7918929383158684,0.7945646569132805,0.7937655672430992,0.7968257293105125,0.794151246547699,0.7920763343572617,0.7926745861768723,0.7915579751133919,0.7926346659660339,0.7914012745022774,0.7932151183485985,0.7935570180416107,0.7948673442006111,0.793608121573925,0.7901532202959061,0.7899917811155319,0.7945834547281265,0.788812592625618,0.792138047516346,0.7929285615682602,0.794622465968132,0.7933119758963585,0.7932005152106285,0.7906327545642853,0.7894540131092072,0.7914205864071846,0.791635163128376,0.7924068868160248,0.7932974547147751,0.7938490658998489,0.7908682972192764,0.794016569852829,0.7928786501288414,0.7925591543316841,0.7898245602846146,0.7906841039657593,0.7913376539945602,0.7925527095794678,0.7927420139312744,0.7961266040802002,0.7975515276193619,0.7924266681075096,0.7934581860899925,0.7933754665510995,0.2549887076020241,0.25948937237262726,0.26250117272138596,0.26042691990733147,0.26404740661382675,0.25942160934209824,0.25334852561354637,0.2544821687042713,0.25610703602433205,0.2586958184838295,0.25607404857873917,0.2546342834830284,0.25474539771676064,0.25601257011294365,0.25362230837345123,0.25783195346593857,0.2569962777197361,0.2546578608453274,0.2558449059724808,0.254763949662447,0.2570333704352379,0.2605845630168915,0.25795138627290726,0.25632376596331596,0.25642455369234085,0.2523487042635679,0.2563217878341675,0.2544073946774006,0.25814472138881683,0.2572127915918827,0.25447535142302513,0.25981510430574417,0.2581312954425812,0.25557032972574234,0.2592296749353409,0.2569674178957939,0.25376317650079727,0.25653453543782234,0.2551454193890095,0.25537098571658134,0.25470224022865295,0.25345408730208874,0.25920093432068825,0.25786180794239044,0.25832072645425797,0.259713277220726,0.2548784539103508,0.25868813906397137,0.045306350104510784,0.045917293056845665,0.05004472192376852,0.047365681268274784,0.04882340133190155,0.051189272198826075,0.049271625466644764,0.04678511992096901,0.046690947376191616,0.047675257083028555,0.04870301205664873,0.04797862330451608,0.048498834017664194,0.0490740155801177,0.046676293946802616,0.0498063531704247,0.05000841664150357,0.04865146381780505,0.048142853658646345,0.047928483691066504,0.049169335048645735,0.04834845010191202,0.047327418345957994,0.047765346709638834,0.048598458524793386,0.04529744340106845,0.04885716922581196,0.04729204950854182,0.047953286208212376,0.048987118527293205,0.04804737539961934,0.0495159812271595,0.04912347439676523,0.049596821423619986,0.04867055593058467,0.049303189385682344,0.049203073140233755,0.04928592825308442,0.04850505944341421,0.05035665864124894,0.04928978905081749,0.04984666872769594,0.049955586437135935,0.049101986922323704,0.04994439193978906,0.04955015564337373,0.049748138058930635,0.04966965317726135
SGF_RFW,1,4,0.23677706718444824,0.23733782768249512,4.138736248016357,4.107027053833008,277.0345313549042,4328.664552420378,64,1920,7320,0,0,0,0,0.7919206321239471,0.7954016104340553,0.7928938716650009,0.7944599762558937,0.7924269288778305,0.7901330962777138,0.7953268513083458,0.792170375585556,0.7943945750594139,0.7939360588788986,0.7960615530610085,0.7966786995530128,0.7959187626838684,0.7944829910993576,0.7929715365171432,0.7978080064058304,0.7961054518818855,0.7953790575265884,0.7930628210306168,0.7929449379444122,0.794404998421669,0.7924348711967468,0.7892816662788391,0.7932123467326164,0.793952614068985,0.7933986410498619,0.7938935533165932,0.7903053760528564,0.7931780591607094,0.7906328663229942,0.7926487028598785,0.7959779798984528,0.7994246035814285,0.8020857647061348,0.8003444969654083,0.7968088611960411,0.7948674708604813,0.7921018302440643,0.7942850217223167,0.7968725338578224,0.7978287935256958,0.799336239695549,0.8013476729393005,0.7973928451538086,0.7974935621023178,0.7965552881360054,0.7956850230693817,0.7925099560192653,0.292727530002594,0.2960623726248741,0.2959931902587414,0.30103975161910057,0.29751962050795555,0.294290479272604,0.2948891632258892,0.2917161285877228,0.2918744310736656,0.2933700904250145,0.2935800440609455,0.29318295791745186,0.2961623780429363,0.2934042885899544,0.29391560330986977,0.2912379279732704,0.2937542498111725,0.2931414842605591,0.2956411615014076,0.29597433656454086,0.2957446649670601,0.29375050961971283,0.29190390557050705,0.2955342195928097,0.2964809387922287,0.296911034733057,0.2992945574223995,0.29630931094288826,0.3014347776770592,0.2926348187029362,0.2952626533806324,0.2927355319261551,0.2914019040763378,0.2908482402563095,0.2933734357357025,0.293924268335104,0.29530082270503044,0.2925986312329769,0.2961171269416809,0.29316674172878265,0.29540619254112244,0.29371635988354683,0.2951556406915188,0.29685504361987114,0.29753321409225464,0.2948092967271805,0.2957164794206619,0.29469005550657,0.05672556022182107,0.05485074874013662,0.057592871598899364,0.058678969740867615,0.0588853401131928,0.05873626982793212,0.05937184672802687,0.05980595713481307,0.055814587976783514,0.05696936696767807,0.05799518758431077,0.05903187906369567,0.05777658894658089,0.060708579141646624,0.06323160603642464,0.061444845981895924,0.061545027419924736,0.059567590709775686,0.05929538048803806,0.057303324807435274,0.05931908171623945,0.061300229746848345,0.056927585043013096,0.055988260079175234,0.05696128122508526,0.05730063607916236,0.05549894645810127,0.05956543516367674,0.05538675142452121,0.05554964812472463,0.056652287021279335,0.0596403987146914,0.05714666610583663,0.05913929454982281,0.062061833683401346,0.06183968344703317,0.06115947291254997,0.05819238908588886,0.057892284356057644,0.060257566161453724,0.05855145305395126,0.05924820760264993,0.05895615369081497,0.05868762684985995,0.05521854758262634,0.056310977786779404,0.058355784974992275,0.05705576975430761
SGF_RFW,2,4,0.28090423345565796,0.25146176417668664,4.379119396209717,3.800585985183716,276.3783469200134,4318.41167062521,64,1920,7320,0,0,0,0,0.7896142825484276,0.7853177189826965,0.7899416461586952,0.7878623157739639,0.7915437892079353,0.7971709296107292,0.7995162680745125,0.800090529024601,0.7971609756350517,0.7965666130185127,0.796927273273468,0.7966708838939667,0.7986747026443481,0.7983317077159882,0.7993308082222939,0.7997302934527397,0.7992292866110802,0.801225520670414,0.8001122400164604,0.7995731011033058,0.7983788177371025,0.7980613261461258,0.7997553050518036,0.7982392683625221,0.7967324480414391,0.7985615581274033,0.798689179122448,0.7992668747901917,0.8001465052366257,0.7982930764555931,0.7971610426902771,0.7959236353635788,0.7950447350740433,0.7965871170163155,0.7957763895392418,0.7946384325623512,0.7979220971465111,0.7978682667016983,0.7980840802192688,0.7983007580041885,0.7960659489035606,0.7977203205227852,0.798240415751934,0.8005007803440094,0.7990984097123146,0.7993049398064613,0.7983271852135658,0.7971755606787545,0.27615901455283165,0.28600550815463066,0.28460581973195076,0.2812928780913353,0.28134267032146454,0.27350253984332085,0.27112527191638947,0.272676058113575,0.27422481775283813,0.2742696851491928,0.2756806015968323,0.273151233792305,0.277947798371315,0.2786341533064842,0.27472803369164467,0.27438462525606155,0.27600619569420815,0.27432721853256226,0.276654202491045,0.2753801457583904,0.27483605593442917,0.2748769745230675,0.2750524505972862,0.2757946699857712,0.27405253052711487,0.27353842556476593,0.27221348881721497,0.27446969598531723,0.27829112857580185,0.27586785331368446,0.27594954892992973,0.27636076509952545,0.2781329117715359,0.27872926741838455,0.28067612275481224,0.279068473726511,0.2762368768453598,0.2754961885511875,0.27318187430500984,0.2725788652896881,0.27631232142448425,0.27768994122743607,0.2764924392104149,0.27618493512272835,0.2751648500561714,0.272920373827219,0.2750805579125881,0.27327466011047363,0.043762899935245514,0.04637830797582865,0.04908939963206649,0.049815290607512,0.05079418420791626,0.04765664413571358,0.04752752045169473,0.04770981287583709,0.04761596582829952,0.047249180264770985,0.04912986792623997,0.047388635110110044,0.04637470981106162,0.04783701151609421,0.04686337569728494,0.045070616994053125,0.046354015823453665,0.04797634948045015,0.04753601597622037,0.04722580732777715,0.04702036269009113,0.04824654944241047,0.04807871300727129,0.045200033113360405,0.047943972516804934,0.04805231560021639,0.04724616464227438,0.04751934949308634,0.04728809418156743,0.04708372475579381,0.04767346661537886,0.0441187983378768,0.046345334965735674,0.04728622827678919,0.04701179079711437,0.04639495722949505,0.04710462410002947,0.04760447517037392,0.04842118313536048,0.045687959995120764,0.046466622967273,0.04680956993252039,0.04760698461905122,0.047898655757308006,0.046166904736310244,0.04686973104253411,0.047210562508553267,0.046113199421337674
SGF_RFW,3,4,0.2357730269432068,0.243380606174469,4.6815266609191895,4.368724822998047,419.41711497306824,6553.392421454191,64,1920,7320,0,0,0,0,0.7363777607679367,0.7334981709718704,0.7366739436984062,0.7375237420201302,0.7397996410727501,0.7450746595859528,0.7411691844463348,0.741918109357357,0.7391352131962776,0.7390534803271294,0.7403027713298798,0.7406007423996925,0.7406941801309586,0.740800641477108,0.7428273484110832,0.7445367351174355,0.7442841306328773,0.7449612766504288,0.7490474283695221,0.7412821128964424,0.7419875860214233,0.7407158836722374,0.7393010407686234,0.7421486303210258,0.7427398860454559,0.7392332553863525,0.7394195795059204,0.7403365597128868,0.7399391233921051,0.7412605360150337,0.7412412315607071,0.7415643110871315,0.7421763017773628,0.7423629388213158,0.7412791103124619,0.7414799779653549,0.742604024708271,0.7406769692897797,0.7420585826039314,0.7385108843445778,0.740674689412117,0.7433164268732071,0.7458518519997597,0.7425022944808006,0.741629458963871,0.7417000979185104,0.7381177246570587,0.7413870862552098,0.35799507424235344,0.3629678413271904,0.3586474657058716,0.359260693192482,0.35528184100985527,0.35318462178111076,0.3539298214018345,0.35383425280451775,0.3600425310432911,0.3544580079615116,0.3591071255505085,0.3561924435198307,0.355912659317255,0.35913727805018425,0.35512853413820267,0.35120996832847595,0.3553598150610924,0.353556364774704,0.35033319517970085,0.352992158383131,0.35281168669462204,0.35623976588249207,0.358300544321537,0.35526376590132713,0.35899804159998894,0.3615668788552284,0.357796099036932,0.3522871509194374,0.35596659779548645,0.35861288383603096,0.3579701818525791,0.35535024479031563,0.3550257347524166,0.35586991906166077,0.3552943207323551,0.35982974618673325,0.35310501977801323,0.35347748175263405,0.35730797052383423,0.3586883135139942,0.3595920167863369,0.35808201134204865,0.35176045447587967,0.35669437050819397,0.3513449691236019,0.35862942412495613,0.35865986347198486,0.3596360683441162,0.054384198505431414,0.055949016474187374,0.05861575994640589,0.05901848524808884,0.06045944569632411,0.05790150538086891,0.05558024998754263,0.057101782876998186,0.05794249661266804,0.058253901079297066,0.058184280060231686,0.058357959613204,0.058867338579148054,0.05961175262928009,0.06008528685197234,0.059404273983091116,0.05989319738000631,0.060217265505343676,0.05877895141020417,0.05897583533078432,0.05852504260838032,0.05565918330103159,0.05826156307011843,0.058689236640930176,0.058726473711431026,0.058191459625959396,0.05831390293315053,0.05958177847787738,0.057481159921735525,0.057710112538188696,0.059503281489014626,0.058861308731138706,0.060027494095265865,0.059657343197613955,0.05935612786561251,0.057303084060549736,0.057022873777896166,0.058269161731004715,0.05768295610323548,0.058105244766920805,0.05911371577531099,0.059536867309361696,0.05918961018323898,0.059799518901854753,0.05834207683801651,0.05911311088129878,0.05968743236735463,0.05786060488649777
SGF_RFW,0,5,0.12611414988835656,0.12438247601191199,3.3477041721343994,3.4423301219940186,275.66242480278015,4307.22538754344,64,1920,7320,0,0,0,0,0.4788503795862198,0.4713331498205662,0.4699288234114647,0.46512478962540627,0.46098387613892555,0.46691467985510826,0.4746334068477154,0.4795995056629181,0.4821203537285328,0.48416194319725037,0.47924526780843735,0.47916361689567566,0.47924425080418587,0.4753941707313061,0.4764694459736347,0.47770217061042786,0.4790373593568802,0.47916387021541595,0.4781726188957691,0.47846877574920654,0.4830979034304619,0.47850117459893227,0.4770400673151016,0.4747433513402939,0.4771692827343941,0.47361675649881363,0.4765694737434387,0.48165419697761536,0.48414580151438713,0.48333270475268364,0.48181649297475815,0.4788394495844841,0.47567226737737656,0.47604716941714287,0.4790058322250843,0.48054977878928185,0.4816131740808487,0.47957098484039307,0.47921181470155716,0.4745871536433697,0.4745449423789978,0.4781997427344322,0.4778643026947975,0.48067620396614075,0.48090220987796783,0.47393234819173813,0.47334231436252594,0.475710255759103,0.49192574992775917,0.4939303770661354,0.4942125305533409,0.4998175650835037,0.5028795972466469,0.5028166398406029,0.4996465891599655,0.4953747130930424,0.49527811259031296,0.4947945214807987,0.500173456966877,0.4980299025774002,0.4973018988966942,0.4995020627975464,0.4975285641849041,0.4986462816596031,0.498428326100111,0.5001823864877224,0.5017710030078888,0.4994192160665989,0.49463820829987526,0.4977202042937279,0.49733468145132065,0.4998265281319618,0.5005733966827393,0.501323752105236,0.4964401461184025,0.4962388165295124,0.49657047912478447,0.49884461238980293,0.49824561551213264,0.4961787462234497,0.49538007751107216,0.4962862730026245,0.49556639790534973,0.4967745766043663,0.4977795481681824,0.49888045713305473,0.4945535212755203,0.49588290974497795,0.495980866253376,0.4975139647722244,0.49838490411639214,0.49230872467160225,0.48933613672852516,0.4963589310646057,0.49816952645778656,0.4999996040548597,0.0727104153484106,0.07647368684411049,0.073268111795187,0.07386326603591442,0.08120185974985361,0.07715662382543087,0.07817526254802942,0.0788302393630147,0.07696660980582237,0.08120774198323488,0.07777052093297243,0.07746818475425243,0.08362601511180401,0.0777359725907445,0.07827629614621401,0.07895153760910034,0.07547342590987682,0.07630052510648966,0.0792888356372714,0.07812277972698212,0.07825019862502813,0.08058015536516905,0.07921414356678724,0.08420646842569113,0.07972832396626472,0.07938501983880997,0.07952256686985493,0.08035717997699976,0.08065823931246996,0.07957032043486834,0.07955371402204037,0.07864915300160646,0.07569029554724693,0.07632619701325893,0.07913877349346876,0.07816864736378193,0.08119022380560637,0.07951254304498434,0.07883275859057903,0.07815272454172373,0.0772226694971323,0.07743978407233953,0.07609244249761105,0.07814028300344944,0.07822415325790644,0.0734001798555255,0.08055223431438208,0.07651089131832123
SGF_RFW,1,5,0.19590560595194495,0.22703584035237634,3.9231529235839844,3.3522682189941406,276.62005853652954,4322.188414633274,64,1920,7320,0,0,0,0,0.6106078699231148,0.604860708117485,0.6033576130867004,0.6025517284870148,0.602121613919735,0.6119947209954262,0.6171487718820572,0.6157305166125298,0.6145324930548668,0.6154811680316925,0.6178333163261414,0.6184926331043243,0.6110957115888596,0.610680490732193,0.6118334829807281,0.613678053021431,0.6147543713450432,0.6147866547107697,0.6170955151319504,0.616562232375145,0.6113284230232239,0.611046314239502,0.612146720290184,0.6147861927747726,0.6147369891405106,0.6139030084013939,0.6170782521367073,0.6147522479295731,0.6125500351190567,0.6126893907785416,0.6096666231751442,0.6096118912100792,0.6115671992301941,0.6158965304493904,0.6197620034217834,0.6155830547213554,0.6159803792834282,0.6109838038682938,0.6105417311191559,0.6135028600692749,0.6111207604408264,0.6122996732592583,0.6162620112299919,0.6149417832493782,0.6169794872403145,0.6119442954659462,0.6113848388195038,0.6113446865762983,0.2881849482655525,0.2911541536450386,0.29104210063815117,0.2931763529777527,0.2942800559103489,0.2922293394804001,0.2910323776304722,0.28791820257902145,0.2908460423350334,0.29280659928917885,0.29282399266958237,0.2895028851926327,0.29100722447037697,0.2913622595369816,0.2908141277730465,0.29208309203386307,0.2933018207550049,0.29334574565291405,0.29128535836935043,0.290310762822628,0.29081903025507927,0.28637442365288734,0.2871028482913971,0.2856704294681549,0.2867450378835201,0.28902503475546837,0.28880297765135765,0.2903480753302574,0.2904311493039131,0.2906356193125248,0.2906057685613632,0.2889859639108181,0.2882913835346699,0.2884077839553356,0.2878871224820614,0.2881055772304535,0.289311446249485,0.2905210815370083,0.28948545455932617,0.2896254435181618,0.2909350171685219,0.28782515227794647,0.28562304750084877,0.2867828421294689,0.2880207225680351,0.29041367024183273,0.2907784730195999,0.2882657136235918,0.08543773461133242,0.08408387843519449,0.08457604981958866,0.0767738651484251,0.07836875785142183,0.08545295428484678,0.08744118642061949,0.0870716068893671,0.08632954303175211,0.0884562199935317,0.08981962408870459,0.08833267074078321,0.09023153688758612,0.08738550171256065,0.08631742186844349,0.08809403516352177,0.08581718802452087,0.08480109740048647,0.08476132061332464,0.08537164330482483,0.0889402236789465,0.07700016349554062,0.08076539635658264,0.0831459341570735,0.0837296387180686,0.08287474513053894,0.08451830968260765,0.08499008137732744,0.08742757514119148,0.08825551252812147,0.08643543627113104,0.08782828878611326,0.08438125252723694,0.08637045789510012,0.08828762453049421,0.08673593122512102,0.08364847023040056,0.08612740132957697,0.0878594946116209,0.08574294112622738,0.08751444425433874,0.0863355677574873,0.08599462639540434,0.08814035169780254,0.08843693416565657,0.08762679621577263,0.08788052573800087,0.08627459300415856
SGF_RFW,2,5,0.202474852403005,0.2048402031262716,3.214322566986084,3.072880506515503,392.83348536491394,6138.02320882678,64,1920,7320,0,0,0,0,0.5067694708704948,0.508912019431591,0.5134690925478935,0.508017048239708,0.5019781328737736,0.5051594078540802,0.5079564079642296,0.5074954926967621,0.5101291760802269,0.5080965235829353,0.5094451978802681,0.5108079090714455,0.5153579339385033,0.5192333981394768,0.515374518930912,0.5157122537493706,0.5106880813837051,0.5087625235319138,0.5079324916005135,0.5057829543948174,0.5062422975897789,0.5078225210309029,0.5100587010383606,0.5113614052534103,0.5083002224564552,0.5045376271009445,0.5045902356505394,0.5072604939341545,0.5065913200378418,0.5079328119754791,0.5095819681882858,0.5075482353568077,0.5097526535391808,0.5153620317578316,0.5151720643043518,0.5115307942032814,0.5103069767355919,0.5094410628080368,0.5087689161300659,0.5102029293775558,0.5133830085396767,0.5141984149813652,0.5125012323260307,0.5099248513579369,0.5079952925443649,0.5074080303311348,0.508269764482975,0.5101511137826102,0.4017742983996868,0.4014313220977783,0.395449984818697,0.39687446132302284,0.39857857674360275,0.4010761044919491,0.40320201963186264,0.4029763750731945,0.40352708473801613,0.4060823433101177,0.40607254579663277,0.4029441066086292,0.39980050921440125,0.39849552884697914,0.40151916816830635,0.40188099816441536,0.4076355993747711,0.4054017551243305,0.4050491712987423,0.40502288192510605,0.4051310755312443,0.405318021774292,0.4043252617120743,0.40266040712594986,0.404531579464674,0.4055921919643879,0.405730526894331,0.40537941083312035,0.4070252925157547,0.4083872251212597,0.4075695872306824,0.4078775495290756,0.4034831263124943,0.40351688861846924,0.4012518897652626,0.40279024094343185,0.40085797384381294,0.4005644954741001,0.3995819166302681,0.40250442549586296,0.4003712125122547,0.40275589004158974,0.4044872298836708,0.4048485569655895,0.4053180627524853,0.40470144897699356,0.40304214134812355,0.4005236881119864,0.08484467305243015,0.08558063488453627,0.08658210281282663,0.08486372046172619,0.08619259484112263,0.0876465542241931,0.0900172982364893,0.08796245884150267,0.08540444821119308,0.08932716865092516,0.08699745126068592,0.08417648170143366,0.08312531188130379,0.08431203849613667,0.08622555993497372,0.07926619052886963,0.08070668298751116,0.08452276419848204,0.0847736457362771,0.08433919493108988,0.08281274419277906,0.08657771442085505,0.08774065878242254,0.08561117574572563,0.08762424997985363,0.08745147287845612,0.08525626081973314,0.08516457211226225,0.08518663421273232,0.08407738897949457,0.08355970866978168,0.0872054947540164,0.08435441087931395,0.08381092268973589,0.0897733811289072,0.09050269331783056,0.08752643689513206,0.08729938510805368,0.0885820034891367,0.08883470110595226,0.08589011896401644,0.08577315416187048,0.08822762779891491,0.08798420988023281,0.08952026069164276,0.08694493304938078,0.08475176617503166,0.08318233809300832
SGF_RFW,3,5,0.1692046721776327,0.14745138088862098,3.1003074645996094,3.5813467502593994,481.5414717197418,7524.085495620966,64,1920,7320,0,0,0,0,0.6278739124536514,0.6247321218252182,0.6198791861534119,0.6186781749129295,0.6111638695001602,0.6265401840209961,0.6317517980933189,0.6340007036924362,0.6338024511933327,0.6357937157154083,0.6357847526669502,0.6361178234219551,0.6381508409976959,0.6322974413633347,0.6262803003191948,0.6269003376364708,0.6300497204065323,0.6361967772245407,0.6299853473901749,0.6296889930963516,0.6249271482229233,0.6307807713747025,0.6346293911337852,0.6341186836361885,0.6363314241170883,0.6316940784454346,0.6290252655744553,0.6250722408294678,0.6334047466516495,0.6361984834074974,0.6353832483291626,0.63589246571064,0.6322323903441429,0.6304477453231812,0.6366280391812325,0.6307432055473328,0.6373774409294128,0.6378292366862297,0.6268125995993614,0.6316064670681953,0.6353985741734505,0.6342720240354538,0.6351500749588013,0.6360506415367126,0.6362157911062241,0.6306301802396774,0.6272633820772171,0.6325088313647679,0.3041733577847481,0.3068896196782589,0.3151676878333092,0.31321509182453156,0.31638262048363686,0.31130945309996605,0.30933883413672447,0.3099171407520771,0.3095807619392872,0.309477299451828,0.31302323192358017,0.3079305551946163,0.30826911330223083,0.3114442713558674,0.312784843146801,0.30998412519693375,0.31220027431845665,0.3115970343351364,0.30710798501968384,0.3054933659732342,0.3088442161679268,0.30912386253476143,0.31077202409505844,0.30824243649840355,0.3107290454208851,0.3121596649289131,0.30991748720407486,0.31382909417152405,0.3122909516096115,0.3087436147034168,0.30962322279810905,0.3075493983924389,0.30561793968081474,0.30918941274285316,0.3084719739854336,0.3078114949166775,0.31079190224409103,0.30816272273659706,0.3068931996822357,0.3104662485420704,0.3088448569178581,0.3118038475513458,0.3106801509857178,0.3091398738324642,0.31166381016373634,0.31234994530677795,0.31233957037329674,0.310833569083895,0.060651634354144335,0.05453572329133749,0.061983861960470676,0.06059992779046297,0.06237524701282382,0.06542174331843853,0.06740030739456415,0.06575159169733524,0.06463573733344674,0.06342986226081848,0.06364605249837041,0.05662122368812561,0.062464545015245676,0.0640531899407506,0.06418734276667237,0.06329311849549413,0.0647770008072257,0.06583435414358974,0.06468774285167456,0.06646123062819242,0.06622626818716526,0.07082922756671906,0.07295140437781811,0.06109328009188175,0.06135487696155906,0.06298450706526637,0.06535667087882757,0.06568754930049181,0.06228917511180043,0.063501987606287,0.06533555034548044,0.06406925432384014,0.062232318334281445,0.0637429435737431,0.06475650332868099,0.058287746738642454,0.05954105593264103,0.0646621398627758,0.06654086615890265,0.0629162029363215,0.06791030336171389,0.07198691926896572,0.06709564756602049,0.06457721907645464,0.06639453489333391,0.06843014527112246,0.0655895066447556,0.06285803232874189
SGF_RFW,0,6,0.057669103145599365,0.06767549117406213,9.096033096313477,8.47115421295166,276.8011167049408,4325.0174485147,64,1920,7320,0,0,0,0,0.5848122015595436,0.5929873958230019,0.6011986956000328,0.6169422790408134,0.6212007254362106,0.6054963693022728,0.5991979166865349,0.6124267801642418,0.610456645488739,0.608613558113575,0.604920282959938,0.6037000715732574,0.5979941338300705,0.5996129736304283,0.6024442240595818,0.6025054231286049,0.5949673131108284,0.5866938829421997,0.5935673713684082,0.5967933163046837,0.5996512845158577,0.6089695692062378,0.5974096357822418,0.5952028706669807,0.5969706475734711,0.5969150885939598,0.6036916971206665,0.6011943519115448,0.5982211232185364,0.6011898592114449,0.5983436778187752,0.5961461737751961,0.5944753959774971,0.59998869150877,0.6046036779880524,0.598042406141758,0.5899832025170326,0.5914834514260292,0.5902746170759201,0.5988742560148239,0.5996595919132233,0.6000700891017914,0.5908436179161072,0.5980337411165237,0.5956761315464973,0.598286859691143,0.6071838364005089,0.6025737949780056,0.43721016496419907,0.43869077414274216,0.4275909848511219,0.41545042768120766,0.40620194375514984,0.4271865412592888,0.4381593391299248,0.4292970225214958,0.430070199072361,0.4341367669403553,0.43720581382513046,0.4358854740858078,0.43828459829092026,0.43606754392385483,0.43726881220936775,0.4381677061319351,0.44494231045246124,0.44549569487571716,0.43767979741096497,0.4366522245109081,0.4364168681204319,0.4311073161661625,0.4359906353056431,0.435994990170002,0.435207836329937,0.4343119338154793,0.43368494883179665,0.435664813965559,0.4386364631354809,0.4354766421020031,0.43466588109731674,0.43353041633963585,0.43445809930562973,0.43552157282829285,0.4337698146700859,0.43562858924269676,0.43881823495030403,0.43759869784116745,0.4377221502363682,0.43528756126761436,0.43703919276595116,0.4358070343732834,0.43920742347836494,0.43339819088578224,0.4348548911511898,0.43356604874134064,0.4323929399251938,0.4379249427999769,0.11372539773583412,0.11656336858868599,0.10562717821449041,0.10130039509385824,0.09751151315867901,0.09741158690303564,0.10983419697731733,0.10407469049096107,0.10944812558591366,0.11055690422654152,0.11135391518473625,0.11621730029582977,0.1128048812970519,0.11045962292701006,0.1036622729152441,0.10662711225450039,0.10639939364045858,0.1135946623980999,0.11212068982422352,0.11298249382525682,0.11602846160531044,0.11245790682733059,0.11382171045988798,0.11356519721448421,0.11056172382086515,0.11507689394056797,0.11248937249183655,0.11480001546442509,0.11365346517413855,0.1142938258126378,0.11686289496719837,0.11586099769920111,0.11739755887538195,0.11555024236440659,0.11729518044739962,0.11793085001409054,0.11621678341180086,0.1163064893335104,0.11376683507114649,0.11469405796378851,0.11516295559704304,0.11609530821442604,0.11455040331929922,0.11503443773835897,0.11445990391075611,0.1146317208185792,0.11389021947979927,0.11010575081620898
SGF_RFW,1,6,0.07748961448669434,0.08215125401814782,10.08065414428711,10.159936904907227,277.0683352947235,4329.192738980055,64,1920,7320,0,0,0,0,0.5163638070225716,0.492275957018137,0.4798617288470268,0.48906945437192917,0.4823378920555115,0.5046198777854443,0.5138196274638176,0.5198662057518959,0.5242154374718666,0.5297912880778313,0.521991103887558,0.5170063301920891,0.5222313478589058,0.5141717568039894,0.5203367322683334,0.5168890208005905,0.5114985257387161,0.5054388456046581,0.5072224289178848,0.5095590353012085,0.5210364386439323,0.528984323143959,0.5218937620520592,0.5272093787789345,0.5189522132277489,0.5073778033256531,0.5128497630357742,0.5147251859307289,0.513201329857111,0.5190303847193718,0.5260932296514511,0.5175638645887375,0.5240909084677696,0.522121861577034,0.5197290629148483,0.5205202400684357,0.5296796932816505,0.5189790651202202,0.5161704421043396,0.51542017608881,0.5127446353435516,0.5195761173963547,0.5239569321274757,0.5247426703572273,0.5218789130449295,0.5148698389530182,0.5219693332910538,0.5086049267223903,0.48699406534433365,0.521023228764534,0.5541095957159996,0.5472128540277481,0.5505100935697556,0.526297353208065,0.5130331814289093,0.5016272515058517,0.506658248603344,0.4979662634432316,0.5053438395261765,0.5051704943180084,0.4971843436360359,0.5000677108764648,0.49712876603007317,0.4991855211555958,0.5119629539549351,0.5141091123223305,0.5060400813817978,0.5103824213147163,0.498052142560482,0.49835218489170074,0.49977070465683937,0.49695340916514397,0.4960254654288292,0.5047869086265564,0.5067315697669983,0.5060929581522942,0.5130160674452782,0.5084146335721016,0.49753454327583313,0.5050581470131874,0.49780379235744476,0.5006427802145481,0.49775565043091774,0.5042129941284657,0.4962554983794689,0.49910034611821175,0.5047067701816559,0.5032328069210052,0.5007133707404137,0.49997440353035927,0.4935213252902031,0.5013775900006294,0.49586696922779083,0.5035907067358494,0.5000384859740734,0.5069525071552822,0.10610652063041925,0.10947021562606096,0.1088738702237606,0.10653392132371664,0.10395449586212635,0.10165118612349033,0.1090841805562377,0.11076422594487667,0.11023157183080912,0.10924095194786787,0.10841284040361643,0.10806955490261316,0.11115970183163881,0.10969942063093185,0.11064096912741661,0.11411483213305473,0.11240188963711262,0.11466132942587137,0.11195000261068344,0.11039477773010731,0.11442362796515226,0.1131013659760356,0.11068166233599186,0.1118858139961958,0.10989696532487869,0.10758006200194359,0.11047913413494825,0.112049400806427,0.11048686411231756,0.11158928833901882,0.11166177596896887,0.11226917430758476,0.11146715190261602,0.11313551012426615,0.11080795805901289,0.10890916362404823,0.11220008041709661,0.11257510259747505,0.1144720483571291,0.11581687722355127,0.11302634794265032,0.11022757552564144,0.11063976306468248,0.11128442920744419,0.11123183742165565,0.11294029653072357,0.11397601664066315,0.1115674397775105
SGF_RFW,2,6,0.058737774689992306,0.06836857398351037,9.289047241210938,9.889193534851074,276.6361172199249,4322.439331561327,64,1920,7320,0,0,0,0,0.5584333166480064,0.5580982863903046,0.562431663274765,0.5589164569973946,0.5629999190568924,0.5653286352753639,0.5680338814854622,0.5737886130809784,0.5732677131891251,0.5653224289417267,0.5612313896417618,0.5600199028849602,0.5681160166859627,0.5698603987693787,0.5701100453734398,0.5668322145938873,0.5622081011533737,0.5594494193792343,0.5647639632225037,0.5649583712220192,0.5653127878904343,0.568148747086525,0.5691650062799454,0.5659501701593399,0.5647128000855446,0.5677529647946358,0.5702444165945053,0.5646719634532928,0.5635616779327393,0.5624547302722931,0.5664066225290298,0.5683510303497314,0.572817787528038,0.5720621719956398,0.5672082901000977,0.5624516308307648,0.5643038600683212,0.5717040598392487,0.5716363564133644,0.5720772668719292,0.5708741545677185,0.567153699696064,0.5640169829130173,0.5647618621587753,0.565329484641552,0.5725139081478119,0.5770590826869011,0.5722669873918805,0.43141162768006325,0.4425470754504204,0.4406515657901764,0.4452942982316017,0.44140278175473213,0.4444976933300495,0.4374072253704071,0.4336891919374466,0.4355303943157196,0.4434819705784321,0.44629907980561256,0.44550343975424767,0.43985769897699356,0.43648483976721764,0.43703369051218033,0.4400785341858864,0.4459622912108898,0.4478416480123997,0.4435380771756172,0.44105014204978943,0.4409644491970539,0.4373851418495178,0.4376613460481167,0.44356559962034225,0.44527899101376534,0.4368753395974636,0.43337301164865494,0.4359513446688652,0.43808314576745033,0.445343729108572,0.44563209265470505,0.4447058252990246,0.4356573335826397,0.4352608397603035,0.43937768414616585,0.4424385391175747,0.4406888112425804,0.43661490827798843,0.4373125247657299,0.43483391031622887,0.4360774978995323,0.4375346526503563,0.44013024121522903,0.4385183975100517,0.4377022720873356,0.43319545686244965,0.42966342344880104,0.4344847798347473,0.1129058450460434,0.1144970003515482,0.12446061242371798,0.13138977624475956,0.1347450166940689,0.12904837168753147,0.12942894734442234,0.1245170310139656,0.12352202646434307,0.12467986159026623,0.12605891562998295,0.12806947715580463,0.12968388944864273,0.1306758001446724,0.1277585495263338,0.12647425569593906,0.12215716671198606,0.12379290256649256,0.125840169377625,0.1274844128638506,0.1251066094264388,0.12662929855287075,0.12686905916780233,0.12614168040454388,0.12250121962279081,0.12404769379645586,0.12359993439167738,0.12760440446436405,0.12947805412113667,0.1284625306725502,0.12833690270781517,0.12696045264601707,0.1250344542786479,0.12565603759139776,0.1228936817497015,0.12314133904874325,0.12422762904316187,0.12226690538227558,0.12241811398416758,0.12430188618600368,0.12288042902946472,0.12444358598440886,0.12920942902565002,0.13085505180060863,0.1289282701909542,0.12790451385080814,0.12594305258244276,0.12483813400779452
SGF_RFW,3,6,0.05553233623504639,0.08150015274683631,5.783932209014893,5.681661605834961,569.1441583633423,8892.877474427223,64,1920,7320,0,0,0,0,0.4699448347091675,0.4666160158813,0.4632090926170349,0.45590201765298843,0.4485348202288151,0.4451780281960964,0.4582141749560833,0.45684919506311417,0.4644264951348305,0.47656285762786865,0.4737832583487034,0.4686090759932995,0.46196192130446434,0.46679898351430893,0.46738795563578606,0.46877581626176834,0.46744268387556076,0.4685157462954521,0.4696285016834736,0.4704875089228153,0.47329844906926155,0.4776127226650715,0.46828493475914,0.4594275765120983,0.4638671278953552,0.46606359258294106,0.46032971516251564,0.4610583744943142,0.4635830335319042,0.46715370938181877,0.4652981162071228,0.46275049075484276,0.4619067385792732,0.45662955567240715,0.4653281383216381,0.4685322046279907,0.4658849388360977,0.46849627420306206,0.4663001038134098,0.4664486013352871,0.46380941197276115,0.46560240164399147,0.467058502137661,0.4660848155617714,0.46337588503956795,0.4710230529308319,0.4698156528174877,0.47212834443364826,0.4726143814623356,0.46381933242082596,0.4512175917625427,0.4440302364528179,0.4413902200758457,0.4386088512837887,0.426875963807106,0.44066527113318443,0.4570104777812958,0.47658033668994904,0.4763217195868492,0.47432568296790123,0.46831443160772324,0.45659005641937256,0.46266860514879227,0.46265364438295364,0.45741966739296913,0.45249516889452934,0.45739011466503143,0.4534901864826679,0.4689107686281204,0.47325053066015244,0.4692539572715759,0.4614761099219322,0.45226985961198807,0.45867493003606796,0.46088919043540955,0.45625611767172813,0.4598972536623478,0.45917702838778496,0.45009931921958923,0.44259941577911377,0.4494621604681015,0.4573090523481369,0.45377272367477417,0.45842280611395836,0.4639013856649399,0.4672680087387562,0.4651913307607174,0.4605681113898754,0.4579690061509609,0.4540727399289608,0.454677302390337,0.454704400151968,0.4535253830254078,0.4575769938528538,0.46545157581567764,0.46537029317447115,0.11074479389935732,0.10558368731290102,0.1001352733001113,0.0966393630951643,0.09307315200567245,0.09367773402482271,0.09319545980542898,0.09267204254865646,0.09662472363561392,0.10325839649885893,0.10727459751069546,0.10849090293049812,0.10735294222831726,0.10660588089376688,0.11050946824252605,0.1110015232115984,0.1092301057651639,0.10938982479274273,0.10985166020691395,0.10923708323389292,0.11109887901693583,0.1157851442694664,0.1140615213662386,0.10916534066200256,0.11009313631802797,0.11270227655768394,0.11533480416983366,0.11504883784800768,0.11164319515228271,0.11219227965921164,0.11185075528919697,0.11308848951011896,0.11304617021232843,0.11323004122823477,0.11341124959290028,0.10991329327225685,0.11088965181261301,0.11347390152513981,0.1110764816403389,0.11159302201122046,0.11034742463380098,0.11128442361950874,0.11015340406447649,0.11020305566489697,0.10963695216923952,0.11152957659214735,0.11083750799298286,0.10764277194227491
SGF_RFW,0,7,0.09076764186223352,0.09203404188156128,2.519219160079956,1.9348875284194946,276.39297747612,4318.640273064375,64,1920,7320,0,0,0,0,0.5026884078979492,0.5025055557489395,0.5018266066908836,0.5024048015475273,0.5040843710303307,0.5116069614887238,0.5114531591534615,0.5131440535187721,0.5187590718269348,0.5205659344792366,0.5145464092493057,0.5059837773442268,0.506354957818985,0.507291205227375,0.5074583441019058,0.5067809373140335,0.5046123489737511,0.5041319578886032,0.5045746713876724,0.5065513402223587,0.5059265345335007,0.5067655593156815,0.50593351572752,0.5033905729651451,0.5045306235551834,0.5041092485189438,0.5061556771397591,0.5084034502506256,0.5093029364943504,0.5087646543979645,0.5044316947460175,0.5047389939427376,0.5041639506816864,0.5060242265462875,0.5066590160131454,0.5084428265690804,0.5098790675401688,0.5103803873062134,0.5064365193247795,0.5053074136376381,0.5054863467812538,0.50569748878479,0.5103422775864601,0.5140178129076958,0.5122910887002945,0.5102914199233055,0.5099978372454643,0.5078825269426618,0.5744539052248001,0.5764549747109413,0.577619768679142,0.5752100050449371,0.5691817104816437,0.5494894161820412,0.5372413843870163,0.536221332848072,0.5426797643303871,0.545233428478241,0.5598877519369125,0.5738925561308861,0.5725023075938225,0.5712345540523529,0.5715621635317802,0.5721773207187653,0.5737145021557808,0.573810525238514,0.5732100382447243,0.572671577334404,0.5708328485488892,0.571477621793747,0.572219505906105,0.5760668441653252,0.5735917463898659,0.5744280740618706,0.5730945989489555,0.5700548887252808,0.5685884654521942,0.5698189362883568,0.5738004520535469,0.5758176669478416,0.5760643556714058,0.5753546506166458,0.5744834542274475,0.5712839663028717,0.570778138935566,0.5714053437113762,0.5731032714247704,0.5743989124894142,0.5748259723186493,0.5748772025108337,0.5706487521529198,0.5664388686418533,0.5680274218320847,0.5689149424433708,0.5711260586977005,0.5709755676133292,0.0822859825566411,0.08324665669351816,0.08236856292933226,0.08340402785688639,0.08496322482824326,0.08568498119711876,0.08762813173234463,0.08972731325775385,0.08908823784440756,0.08761592768132687,0.08609997946768999,0.08515909686684608,0.08468729350715876,0.0863570049405098,0.0864340178668499,0.08560858946293592,0.08541297540068626,0.08609077241271734,0.08621829468756914,0.0857523838058114,0.08588328305631876,0.08595612645149231,0.08573379181325436,0.08489707484841347,0.08518435806035995,0.08575889561325312,0.08630077261477709,0.08681776467710733,0.08619939163327217,0.08617209456861019,0.08653126657009125,0.08613748382776976,0.08600204065442085,0.08558101300150156,0.08688065782189369,0.0871639670804143,0.0878368029370904,0.08730810787528753,0.08592449501156807,0.08611210435628891,0.08706731256097555,0.08613748382776976,0.0862044133245945,0.08531178440898657,0.08627741876989603,0.0864679254591465,0.08520935568958521,0.0846027774470193
SGF_RFW,1,7,0.05435582002003991,0.055185119311014774,2.9180383682250977,2.6390609741210938,276.62696504592896,4322.29632884264,64,1920,7320,0,0,0,0,0.5391148403286934,0.5409084409475327,0.5444893538951874,0.5456993207335472,0.5428187027573586,0.5461359769105911,0.5544774159789085,0.5576310008764267,0.5560126230120659,0.549689956009388,0.5445966795086861,0.544023297727108,0.5437132939696312,0.5469532087445259,0.5465060025453568,0.5509115010499954,0.5528677552938461,0.5587034374475479,0.5576964020729065,0.5562157407402992,0.5531754940748215,0.544088251888752,0.5471345260739326,0.5500156804919243,0.5512306094169617,0.5483722686767578,0.548753947019577,0.5477278009057045,0.545742966234684,0.543687105178833,0.5470468178391457,0.5482654795050621,0.5485089123249054,0.5498326942324638,0.549111545085907,0.547168031334877,0.5433963313698769,0.5439345091581345,0.5452175289392471,0.5474218353629112,0.5509007051587105,0.5534521043300629,0.5545879304409027,0.5564012825489044,0.5551004111766815,0.5532433316111565,0.5512770786881447,0.5520245007106236,0.5904283002018929,0.5925940945744514,0.5901661589741707,0.5886087045073509,0.590803973376751,0.5895847529172897,0.5854105949401855,0.5872064530849457,0.5897315964102745,0.5906935781240463,0.594999223947525,0.5949686765670776,0.5954865142703056,0.5957752615213394,0.5960354954004288,0.5938766300678253,0.595430850982666,0.5956563651561737,0.5991459935903549,0.5988938733935356,0.597047470510006,0.5952104181051254,0.5938102677464485,0.5923606008291245,0.5926684513688087,0.5934992581605911,0.5920083522796631,0.5925558060407639,0.5925445184111595,0.5932862535119057,0.591414287686348,0.5907119661569595,0.5925195068120956,0.5915408506989479,0.5929611772298813,0.5948107689619064,0.5962341651320457,0.5956955030560493,0.5961677730083466,0.5949577689170837,0.5944966897368431,0.5922506675124168,0.5923211202025414,0.5911007821559906,0.5882434397935867,0.5883115977048874,0.5943821221590042,0.5933644345828465,0.0777455847710371,0.07853418122977018,0.07698909286409616,0.07565396372228861,0.07574876584112644,0.07621317449957132,0.0748980101197958,0.07690883986651897,0.07685357797890902,0.0754846353083849,0.07693793810904026,0.07707536406815052,0.07582445442676544,0.07508007157593966,0.07587970420718193,0.07588960230350494,0.07561483886092901,0.07542741671204567,0.07577113155275583,0.07719418592751026,0.07720144279301167,0.07925828266888857,0.08027762174606323,0.07908028084784746,0.07931511849164963,0.07937077153474092,0.07925929967314005,0.08015813864767551,0.08087650313973427,0.08053608238697052,0.08119871281087399,0.08086445927619934,0.08004449866712093,0.07997423224151134,0.08056054543703794,0.08004097547382116,0.07952121831476688,0.0794909717515111,0.07895555160939693,0.0766017334535718,0.07689511496573687,0.07648321241140366,0.07645108550786972,0.07627458404749632,0.07772340532392263,0.07747437804937363,0.07625321578234434,0.07573191182953971
SGF_RFW,2,7,0.07774132490158081,0.07918639977773034,1.4705075025558472,2.091388702392578,276.12764716148376,4314.494486898184,64,1920,7320,0,0,0,0,0.5114883407950401,0.5139493271708488,0.5184559971094131,0.5180333331227303,0.5131993070244789,0.515053004026413,0.5163769796490669,0.5171035528182983,0.5165724977850914,0.5177344456315041,0.5192594677209854,0.5191604197025299,0.5190817266702652,0.519131563603878,0.5174549892544746,0.5163583531975746,0.5162390694022179,0.5179608687758446,0.5197997093200684,0.5201030969619751,0.5180947482585907,0.5150284767150879,0.515501469373703,0.5137501806020737,0.5161164999008179,0.5204316452145576,0.518801711499691,0.5196852758526802,0.5191335305571556,0.5183769315481186,0.5154856741428375,0.5139237642288208,0.513569712638855,0.5166922882199287,0.5209560170769691,0.5220124125480652,0.5210293382406235,0.5180105865001678,0.514265850186348,0.5142882391810417,0.5153698027133942,0.516915000975132,0.5212640389800072,0.5202767625451088,0.5188451632857323,0.5158084109425545,0.5136890262365341,0.5120655213083539,0.5831873342394829,0.582359291613102,0.5782013088464737,0.5786728262901306,0.5851728022098541,0.5820390284061432,0.5814638286828995,0.5819672048091888,0.5818281844258308,0.5824915021657944,0.5818046554923058,0.5797668918967247,0.579864539206028,0.5794707536697388,0.5802153944969177,0.5808510556817055,0.5818153247237206,0.5812991708517075,0.5798129886388779,0.579695463180542,0.5813995003700256,0.5828996747732162,0.5830733701586723,0.5841922089457512,0.5830188393592834,0.5795006901025772,0.5804029554128647,0.578602135181427,0.5782317742705345,0.578603096306324,0.5834559947252274,0.5853625759482384,0.585925430059433,0.5830021426081657,0.5796109363436699,0.5785722211003304,0.5788685977458954,0.5811892747879028,0.5837668403983116,0.5841129571199417,0.5832607224583626,0.5822442248463631,0.5777462720870972,0.5787114128470421,0.5806598216295242,0.5838211253285408,0.5842568650841713,0.5850073269435337,0.09017294365912676,0.09121729154139757,0.09089336730539799,0.08816143404692411,0.08694778755307198,0.08784888219088316,0.08952741324901581,0.08986693527549505,0.09136190079152584,0.0905509889125824,0.09032888244837523,0.09036396350711584,0.0900844894349575,0.08972492814064026,0.0904564755037427,0.09092073794454336,0.09100012294948101,0.09220236726105213,0.09180759359151125,0.09162970073521137,0.09127157647162676,0.09087048005312681,0.09073649812489748,0.09091268852353096,0.09032792504876852,0.09065275732427835,0.09079641290009022,0.0910273240879178,0.09141092468053102,0.09089677128940821,0.09109342470765114,0.09103426802903414,0.09096257295459509,0.09141293819993734,0.09133986663073301,0.09067536611109972,0.09094447735697031,0.09047498181462288,0.09102368913590908,0.0918668732047081,0.09046378545463085,0.09004088304936886,0.09067698940634727,0.09166654665023088,0.0911383330821991,0.09006553143262863,0.09013636317104101,0.0889869864497866
SGF_RFW,3,7,0.0646274288495382,0.07675029834111535,2.7059543132781982,3.0698699951171875,277.2633111476898,4332.239236682653,64,1920,7320,0,0,0,0,0.47009673342108727,0.47261756658554077,0.4762711860239506,0.4784129448235035,0.4849573150277138,0.49948763102293015,0.5082800015807152,0.5079109370708466,0.5044011101126671,0.49268689006567,0.47964081168174744,0.4756500907242298,0.4861198142170906,0.4946453534066677,0.4919498451054096,0.4935621842741966,0.49696022644639015,0.49836332350969315,0.48791608214378357,0.4893321990966797,0.4736671857535839,0.4830853343009949,0.48380447179079056,0.4666560925543308,0.4731062538921833,0.48177657648921013,0.494394026696682,0.4981191158294678,0.49713052809238434,0.4924657493829727,0.4836500473320484,0.4909292198717594,0.498528815805912,0.4873350001871586,0.4826892279088497,0.47758693993091583,0.4778551757335663,0.4833949990570545,0.4825524389743805,0.48870256543159485,0.49777311459183693,0.4869788847863674,0.4899708405137062,0.49878980591893196,0.49277932941913605,0.49232572317123413,0.49085526168346405,0.49209023799215046,0.6120938211679459,0.6112568229436874,0.6153145208954811,0.614767000079155,0.6098202243447304,0.5991753861308098,0.5945679098367691,0.5948458462953568,0.59616819024086,0.6035183519124985,0.6088570281863213,0.6137155592441559,0.6061813682317734,0.6029481291770935,0.6064801812171936,0.6014704629778862,0.5983378067612648,0.5985949337482452,0.607150636613369,0.6049784198403358,0.6152366772294044,0.6072007641196251,0.6094976291060448,0.6193751394748688,0.6117700338363647,0.6111229658126831,0.6017888933420181,0.6028941497206688,0.6038225889205933,0.6024230048060417,0.606927715241909,0.6038974598050117,0.6009127646684647,0.6064358726143837,0.6127033978700638,0.6183204799890518,0.6149138435721397,0.6067256331443787,0.6067251041531563,0.6032763347029686,0.5995047986507416,0.60954350233078,0.6080092862248421,0.601180911064148,0.602476604282856,0.6031040474772453,0.6042728051543236,0.6007076161248344,0.07353331614285707,0.07451928220689297,0.07414670009166002,0.07327425200492144,0.07305625919252634,0.07208049111068249,0.07332338765263557,0.07574909925460815,0.0743394186720252,0.07456928305327892,0.07625411450862885,0.07566304784268141,0.07552516367286444,0.07427042350172997,0.07625948265194893,0.07629807572811842,0.07492753118276596,0.07487478200346231,0.0743907205760479,0.07461684476584196,0.07772680092602968,0.07753393240272999,0.07691329531371593,0.07971291430294514,0.07801162544637918,0.07810289319604635,0.07649089395999908,0.07598945964127779,0.07508424203842878,0.07479000836610794,0.07638016436249018,0.07564268447458744,0.07390436436980963,0.07605640776455402,0.07761451229453087,0.07702675834298134,0.07721233647316694,0.07583394087851048,0.07564395666122437,0.07454949989914894,0.07436626218259335,0.07461509201675653,0.07433546241372824,0.07600740995258093,0.07594085112214088,0.07502936292439699,0.0751296728849411,0.07522844203880855
SGF_RFW,0,8,0.29111552238464355,0.2943882942199707,7.414435863494873,9.9859037399292,276.37142419815063,4318.303503096104,64,1920,7320,0,0,0,0,0.5261129587888718,0.5313587039709091,0.530801996588707,0.5314790979027748,0.5297352597117424,0.5336605086922646,0.5336791351437569,0.5340950340032578,0.5368397757411003,0.5388776063919067,0.529602013528347,0.5172674432396889,0.5090387538075447,0.5211411044001579,0.5476586371660233,0.5674287676811218,0.5687380507588387,0.5577270463109016,0.5467574223876,0.5411778464913368,0.5422534272074699,0.5391814783215523,0.5430709943175316,0.5446017235517502,0.5427307412028313,0.5319410338997841,0.5091025531291962,0.5072377733886242,0.49460088089108467,0.503624502569437,0.5235529094934464,0.5349313840270042,0.5288451984524727,0.535079650580883,0.5393425822257996,0.5499825477600098,0.5528151094913483,0.5584441050887108,0.5539990365505219,0.5496161207556725,0.5485308393836021,0.5505765303969383,0.5522305071353912,0.5479105561971664,0.5369671583175659,0.53113604336977,0.5247128829360008,0.5276242920330593,0.3513573557138443,0.3427222669124603,0.33832788467407227,0.33527330309152603,0.33508192002773285,0.3315071351826191,0.3381044790148735,0.3468424156308174,0.3524838462471962,0.3468337319791317,0.3482510708272457,0.3547857366502285,0.3578478470444679,0.35305172204971313,0.34088391438126564,0.32405082881450653,0.3145005814731121,0.3224627822637558,0.33422448486089706,0.345784530043602,0.34281644597649574,0.34287820383906364,0.33611300960183144,0.3322729133069515,0.33294351398944855,0.33614475652575493,0.3475213013589382,0.3411173112690449,0.3478117063641548,0.35145702958106995,0.3604262247681618,0.364874005317688,0.36844853684306145,0.3557329885661602,0.34986864402890205,0.33966196328401566,0.33911724761128426,0.33807384222745895,0.3424248807132244,0.34016408398747444,0.33888180553913116,0.33853886276483536,0.3389800451695919,0.3453109674155712,0.3545449264347553,0.3615822270512581,0.37665944918990135,0.37756337012563435,0.14780637435615063,0.14834890700876713,0.14998036995530128,0.15373389795422554,0.15419272147119045,0.14769659377634525,0.15184485353529453,0.15973129495978355,0.16967196017503738,0.1722648199647665,0.17279250174760818,0.17171847820281982,0.17088505439460278,0.16775677166879177,0.1642210278660059,0.161345599219203,0.15982026979327202,0.1579661313444376,0.15754958055913448,0.16022274270653725,0.1639011949300766,0.1697058230638504,0.16779712587594986,0.16614401154220104,0.16614213958382607,0.16463651321828365,0.16840853542089462,0.1697111502289772,0.17496097832918167,0.18054736405611038,0.18617145903408527,0.18224708922207355,0.17586434446275234,0.15838490054011345,0.15725412219762802,0.15895243547856808,0.16067859902977943,0.16226322576403618,0.1671321541070938,0.16828399524092674,0.17276110500097275,0.17556632310152054,0.17583240568637848,0.17730997316539288,0.18170175701379776,0.1829210314899683,0.18555313535034657,0.18206686420100077
SGF_RFW,1,8,0.3697226643562317,0.39709216356277466,6.774197101593018,5.968493461608887,276.66595697402954,4322.905577719212,64,1920,7320,0,0,0,0,0.5439502522349358,0.5455193296074867,0.5557143092155457,0.5562806874513626,0.5476946532726288,0.5574808716773987,0.5464873760938644,0.5589838624000549,0.5640179812908173,0.5714894756674767,0.5685392394661903,0.5643701478838921,0.5557199493050575,0.5559434667229652,0.5533061996102333,0.5683644711971283,0.5696445479989052,0.5673309713602066,0.5619858726859093,0.5584244653582573,0.568556621670723,0.5730110630393028,0.5794865414500237,0.5767139941453934,0.5683899745345116,0.5697284713387489,0.5620075911283493,0.5580225363373756,0.5649906098842621,0.5675776079297066,0.5725140273571014,0.5660933405160904,0.5658697038888931,0.5630758926272392,0.5608214437961578,0.5690492317080498,0.5711114481091499,0.5670067369937897,0.570135310292244,0.5667749717831612,0.5555126741528511,0.5591770336031914,0.5592373013496399,0.559459388256073,0.5600237101316452,0.5626171007752419,0.5599052757024765,0.5619472180094037,0.3760402016341686,0.3712758608162403,0.36637869849801064,0.36746691912412643,0.37187260761857033,0.36201150715351105,0.37966984137892723,0.3752371445298195,0.3713335879147053,0.36689867079257965,0.3646208792924881,0.3645021989941597,0.3691887781023979,0.37088942155241966,0.3727320060133934,0.36245664954185486,0.36332396045327187,0.3692183308303356,0.36926213279366493,0.3800722770392895,0.3708762377500534,0.3645872734487057,0.3619995340704918,0.36295923218131065,0.3715469315648079,0.3701706565916538,0.3718601204454899,0.37470564246177673,0.36787283793091774,0.361890722066164,0.36637917533516884,0.3694939836859703,0.3707647733390331,0.37552371621131897,0.3755660429596901,0.3694644495844841,0.36680592224001884,0.370642751455307,0.3645893298089504,0.3693985417485237,0.37643610313534737,0.3778552897274494,0.37799008563160896,0.3758603520691395,0.3763592727482319,0.3711589612066746,0.3716316409409046,0.3737881396497999,0.13645987771451473,0.12992249242961407,0.12728640157729387,0.12734266184270382,0.12372876796871424,0.11678944807499647,0.1324000097811222,0.13267114013433456,0.13532408699393272,0.13083616830408573,0.13069608993828297,0.13104115799069405,0.13006679341197014,0.12907641753554344,0.1325229313224554,0.13180075027048588,0.1362531464546919,0.13571719639003277,0.13009708561003208,0.1290125623345375,0.12500524055212736,0.12609014008194208,0.12661825399845839,0.128464687615633,0.13441301509737968,0.1315977592021227,0.12640412244945765,0.1273195343092084,0.1287190094590187,0.13140239007771015,0.13604429736733437,0.12984894216060638,0.12769179046154022,0.13001365028321743,0.13244335167109966,0.1316099315881729,0.12847675569355488,0.13129650987684727,0.1286622118204832,0.1333028357475996,0.13564759492874146,0.13890673220157623,0.13341770507395267,0.13137471862137318,0.1324185598641634,0.1338621787726879,0.13539574295282364,0.13167268250669753
SGF_RFW,2,8,0.25859520832697547,0.17605942487716675,6.7842841148376465,8.081557273864746,276.0832552909851,4313.800863921642,64,1920,7320,0,0,0,0,0.4784308709204197,0.4809448793530464,0.49191664159297943,0.4855214022099972,0.48468923196196556,0.4835412874817848,0.49508165195584297,0.5050936155021191,0.5119408667087555,0.5095918104052544,0.5175700932741165,0.5100463032722473,0.5070555731654167,0.5076960623264313,0.5127605274319649,0.5079175159335136,0.5104567632079124,0.5108807757496834,0.5205854326486588,0.5309335067868233,0.5316677913069725,0.5193445384502411,0.5128182917833328,0.5262485146522522,0.5177149549126625,0.5233474522829056,0.5146908909082413,0.517220102250576,0.5130559429526329,0.5100708603858948,0.5140199214220047,0.5119902938604355,0.5021188743412495,0.5180078819394112,0.521430253982544,0.5186112970113754,0.51089908182621,0.5225447043776512,0.5317580029368401,0.5274165198206902,0.5196405723690987,0.5151072666049004,0.5085506960749626,0.5109571218490601,0.5150609761476517,0.5234918147325516,0.5231672003865242,0.5214570420128959,0.34415310248732567,0.33434705063700676,0.32434580102562904,0.32774433866143227,0.3250689134001732,0.32258960977196693,0.3261161968111992,0.32690317928791046,0.33069584146142006,0.3393079526722431,0.3349551372230053,0.34162598103284836,0.3329054191708565,0.32593363150954247,0.3244539238512516,0.325046181678772,0.32161720469594,0.3205190412700176,0.3178248181939125,0.31176505610346794,0.3135377764701843,0.3206383138895035,0.32150276750326157,0.3144622668623924,0.32350660115480423,0.3217800036072731,0.3204767554998398,0.3139173462986946,0.31130287423729897,0.3044043183326721,0.2970600575208664,0.29820316657423973,0.30719955265522003,0.3080204948782921,0.3059099428355694,0.3065483085811138,0.3102905973792076,0.29936806857585907,0.2984479069709778,0.30641331151127815,0.3141309767961502,0.321994561702013,0.3211213983595371,0.3163427263498306,0.30843542888760567,0.31223662942647934,0.316645335406065,0.31596976944378447,0.15055394731462002,0.15239080972969532,0.15195943973958492,0.15543672256171703,0.1556060817092657,0.15175783447921276,0.15604847110807896,0.15677036717534065,0.15600483864545822,0.16086492873728275,0.1577941831201315,0.15988633409142494,0.15746230632066727,0.1542492527514696,0.15965422242879868,0.16062139719724655,0.1575512271374464,0.15801913104951382,0.15995965152978897,0.15653135813772678,0.1556634847074747,0.15222523920238018,0.14822962693870068,0.1526570376008749,0.15364778973162174,0.15361041575670242,0.15070389583706856,0.15207025595009327,0.15467942506074905,0.15238854847848415,0.15442219004034996,0.15640250779688358,0.1536453440785408,0.15413393639028072,0.1477862000465393,0.14560127817094326,0.14777487702667713,0.14810380339622498,0.1478189341723919,0.14743283949792385,0.1512136533856392,0.1511214580386877,0.152597114443779,0.15203513391315937,0.14644481986761093,0.14933621883392334,0.1478867046535015,0.1499395008598055
SGF_RFW,3,8,0.3391232887903849,0.34123588601748145,7.212706089019775,7.118677616119385,276.71749210357666,4323.710814118385,64,1920,7320,0,0,0,0,0.49462736397981644,0.4965359829366207,0.49801725521683693,0.49759605526924133,0.49933088943362236,0.4992228038609028,0.4959365501999855,0.4987610690295696,0.5089793279767036,0.5109973251819611,0.5046667642891407,0.5072888024151325,0.5079431533813477,0.5025369822978973,0.499639380723238,0.5019997954368591,0.5026558041572571,0.5048762783408165,0.49687621742486954,0.49724434316158295,0.4976590424776077,0.4987720362842083,0.49879196286201477,0.5016459301114082,0.5014596506953239,0.5002553761005402,0.4949536770582199,0.49226782843470573,0.4926148056983948,0.4961034879088402,0.5042383223772049,0.5043547004461288,0.5002920441329479,0.4957974925637245,0.4876246601343155,0.4973541088402271,0.49926234409213066,0.5019949898123741,0.4967711381614208,0.4949173592031002,0.49323465302586555,0.48708733171224594,0.4907916970551014,0.4905115142464638,0.4939534403383732,0.50029531493783,0.5013390108942986,0.49903810024261475,0.336477629840374,0.3280360475182533,0.3215521350502968,0.3175731487572193,0.31954260542988777,0.32354896143078804,0.3270348496735096,0.3273358419537544,0.3306155204772949,0.34005463123321533,0.3481379933655262,0.34292542934417725,0.3309485875070095,0.32912224158644676,0.32610564306378365,0.32823571190238,0.33698977902531624,0.34108778461813927,0.34287210926413536,0.3392927534878254,0.33779365941882133,0.3345859833061695,0.33306483924388885,0.33751489967107773,0.33938131481409073,0.33740726485848427,0.3373681865632534,0.33594292774796486,0.34004078805446625,0.3328395187854767,0.32925746217370033,0.3368593864142895,0.3325379751622677,0.33466140180826187,0.3366680108010769,0.33444079756736755,0.3315773606300354,0.33057865127921104,0.33165694400668144,0.3329261243343353,0.33608632162213326,0.3330828957259655,0.33837804198265076,0.334786131978035,0.33488650247454643,0.3287840373814106,0.32106558978557587,0.3217771053314209,0.1543079260736704,0.1561680119484663,0.15378680638968945,0.153041772544384,0.15567459166049957,0.1549789346754551,0.14534075371921062,0.1417103260755539,0.14402523450553417,0.14437733218073845,0.14644439332187176,0.1440845299512148,0.14841522462666035,0.1530739888548851,0.1542406901717186,0.1593071073293686,0.1642359159886837,0.16285671293735504,0.15755424834787846,0.15494786575436592,0.15612739324569702,0.1560577228665352,0.15707437880337238,0.15863926336169243,0.1604608092457056,0.15779767744243145,0.15487195551395416,0.15024069882929325,0.15222896449267864,0.1527936104685068,0.154713936150074,0.1587954107671976,0.15888449735939503,0.15124183148145676,0.1538784522563219,0.15573659539222717,0.15423454716801643,0.15374694019556046,0.1522161178290844,0.1534410770982504,0.15140405669808388,0.14676547050476074,0.15337101183831692,0.15241378918290138,0.15688999556005,0.15712733380496502,0.15370883978903294,0.15802785754203796
SGF_RFW,0,9,0.27134980758031213,0.26026823123296106,4.188499927520752,4.697462558746338,276.2950325012207,4317.1098828315735,64,1920,7320,0,0,0,0,0.49484771490097046,0.4943203777074814,0.4948495477437973,0.4920252077281475,0.4930061660706997,0.495880663394928,0.4994116798043251,0.5012911111116409,0.5005148649215698,0.49967116490006447,0.5012608803808689,0.4989529512822628,0.501841813325882,0.5078069567680359,0.5011402927339077,0.5029508471488953,0.5032325461506844,0.500809121876955,0.4989289902150631,0.5005759410560131,0.500137135386467,0.5012465566396713,0.5061159506440163,0.5051147788763046,0.5027650631964207,0.49903809279203415,0.5006504021584988,0.500578299164772,0.5018303655087948,0.5034811496734619,0.5019547864794731,0.5042213052511215,0.5014649927616119,0.5029347985982895,0.5005576275289059,0.5017127506434917,0.5004240535199642,0.5018464960157871,0.4995981641113758,0.5008681751787663,0.4995903968811035,0.5030971392989159,0.4997589513659477,0.500618688762188,0.4997281990945339,0.4983082674443722,0.49977653101086617,0.5005680280072349,0.41064538806676865,0.4122745506465435,0.4152439497411251,0.4184785522520542,0.41811101511120796,0.42033423855900764,0.41581037640571594,0.41426267474889755,0.4179510399699211,0.41608181595802307,0.41658157855272293,0.4239741824567318,0.42208919674158096,0.4187856800854206,0.42279521375894547,0.41856885328888893,0.4144936725497246,0.41805213689804077,0.42112573608756065,0.4179394990205765,0.416867271065712,0.42034201696515083,0.414742611348629,0.4200260452926159,0.4197065085172653,0.4239535853266716,0.41894834861159325,0.41804319992661476,0.4180331192910671,0.4188593327999115,0.4198901616036892,0.41670097783207893,0.41899441182613373,0.4181634783744812,0.42187684029340744,0.4188840389251709,0.4225384034216404,0.4178644195199013,0.41690676659345627,0.41493846476078033,0.4193474240601063,0.4143434949219227,0.41956939920783043,0.41652702540159225,0.41643328964710236,0.4184049442410469,0.41800757125020027,0.4164751427514212,0.05164746707305312,0.05181195866316557,0.05298461951315403,0.05300119565799832,0.052582279313355684,0.054458292201161385,0.05378875322639942,0.05529113160446286,0.05366075178608298,0.05419381847605109,0.05375807173550129,0.053285589907318354,0.054259518161416054,0.05337036773562431,0.05159179214388132,0.05366143258288503,0.05404912028461695,0.05493866978213191,0.05369138717651367,0.05369736114516854,0.05449369549751282,0.05479258205741644,0.05498547898605466,0.05441527348011732,0.052760064136236906,0.05279415799304843,0.053942153695970774,0.05355695728212595,0.05369132896885276,0.05454222718253732,0.053244260139763355,0.053736123256385326,0.05336366780102253,0.05388894025236368,0.053570258896797895,0.05329326679930091,0.053251874167472124,0.053292072378098965,0.053246517200022936,0.053354755975306034,0.05328807793557644,0.0539264758117497,0.053367653861641884,0.054189137648791075,0.05417312541976571,0.05375292105600238,0.052487179171293974,0.0529379237975393
SGF_RFW,1,9,0.2456637819608053,0.27780465284983313,6.240410804748535,6.259557723999023,276.6483702659607,4322.630785405636,64,1920,7320,0,0,0,0,0.4612279534339905,0.46373534202575684,0.4597758874297142,0.4603689834475517,0.457865446805954,0.45985744148492813,0.4650987833738327,0.46410518512129784,0.46172331646084785,0.46320343762636185,0.4656422920525074,0.4630410820245743,0.46311039477586746,0.4639510400593281,0.460624311119318,0.46624793112277985,0.4706989713013172,0.4711533226072788,0.46577131748199463,0.4631606265902519,0.4650651291012764,0.46399831399321556,0.46240251138806343,0.462946280837059,0.46446260064840317,0.46220243722200394,0.460235346108675,0.46344516426324844,0.458387766033411,0.46228644251823425,0.4628431610763073,0.467285443097353,0.4625578820705414,0.46332572028040886,0.4637712128460407,0.46318909525871277,0.46555960923433304,0.4637220576405525,0.46367379277944565,0.46574902534484863,0.46427973732352257,0.46168990060687065,0.4641178175806999,0.46629323810338974,0.4637260399758816,0.4619469977915287,0.4627891555428505,0.460751793214253,0.4873305447399616,0.48093827813863754,0.49347464367747307,0.49065909162163734,0.4867677502334118,0.49122022837400436,0.4852060526609421,0.4885781742632389,0.4932348132133484,0.4933118633925915,0.49373142048716545,0.49488967657089233,0.4958820454776287,0.4892270304262638,0.49238045141100883,0.4912853501737118,0.4854563698172569,0.4882601797580719,0.4970526471734047,0.4930058531463146,0.4850691594183445,0.4881220944225788,0.4902311637997627,0.49382752552628517,0.49198488891124725,0.49417659640312195,0.49603765085339546,0.49067047238349915,0.4974929317831993,0.4947611019015312,0.4982288256287575,0.4891469441354275,0.493471197783947,0.49062564224004745,0.49292023852467537,0.4934370294213295,0.49074313789606094,0.49119797348976135,0.4901816286146641,0.48925096169114113,0.48701605200767517,0.4867386445403099,0.48733436688780785,0.48630528524518013,0.4931599162518978,0.49551304057240486,0.49463916942477226,0.50004500576428,0.06198188569396734,0.06139105511829257,0.06425039982423186,0.06524678599089384,0.06579291447997093,0.0671501625329256,0.06440241308882833,0.06438171863555908,0.06341510824859142,0.06240110797807574,0.06262090150266886,0.062403850723057985,0.06578793562948704,0.06507656536996365,0.06508660968393087,0.0652193739078939,0.06319503346458077,0.065017762593925,0.06285122595727444,0.06375240534543991,0.06309089669957757,0.06350877927616239,0.06396550266072154,0.06379705853760242,0.06343722436577082,0.06419249577447772,0.06453823111951351,0.06378881353884935,0.06192227080464363,0.06182439113035798,0.06437142193317413,0.06378521863371134,0.06343942601233721,0.06202276097610593,0.06246985029429197,0.06616126839071512,0.06358052650466561,0.0638362504541874,0.06389980809763074,0.06436248077079654,0.0638073980808258,0.06381294876337051,0.06536936853080988,0.06361732166260481,0.06252746330574155,0.06275428691878915,0.06304288189858198,0.06387581144060407
SGF_RFW,2,9,0.24632767836252845,0.2549234827359518,4.777756690979004,4.627707481384277,276.1355662345886,4314.618222415447,64,1920,7320,0,0,0,0,0.5349774211645126,0.5404518470168114,0.5467259660363197,0.5544385015964508,0.5588853284716606,0.5575171262025833,0.5585886836051941,0.5571745485067368,0.5503889992833138,0.5447177961468697,0.5425495281815529,0.5525663197040558,0.5534700006246567,0.5492106825113297,0.5498643144965172,0.5491607189178467,0.5493110045790672,0.5490946471691132,0.5420957431197166,0.5449604019522667,0.5405222773551941,0.5411776006221771,0.5425116792321205,0.5458529964089394,0.5439822897315025,0.5434315130114555,0.5444622859358788,0.54747124761343,0.5448406264185905,0.5445544123649597,0.5476787388324738,0.5476978570222855,0.5500262677669525,0.54566790163517,0.5407824218273163,0.5435570701956749,0.5401213765144348,0.5414805710315704,0.5482752546668053,0.5492204874753952,0.542567066848278,0.5434524193406105,0.5411642864346504,0.5425602719187737,0.5434215664863586,0.5468061119318008,0.5435662940144539,0.5444108077457973,0.4657302014529705,0.4670945294201374,0.47950925305485725,0.48320265114307404,0.49100765585899353,0.49798063933849335,0.4847758188843727,0.48296210914850235,0.48162759467959404,0.4835389629006386,0.4836578145623207,0.4915897026658058,0.48558224365115166,0.48258863016963005,0.4802825450897217,0.4837048761546612,0.484618678689003,0.4877437986433506,0.4900808446109295,0.49019043520092964,0.4861140213906765,0.47570401802659035,0.4784836694598198,0.47948212549090385,0.4820662550628185,0.476762592792511,0.47922833636403084,0.48103295266628265,0.48123736307024956,0.47878722846508026,0.47967757284641266,0.48689962178468704,0.4827510006725788,0.4837346598505974,0.48693834617733955,0.4898252375423908,0.4793643690645695,0.48051292821764946,0.4829393960535526,0.4796161688864231,0.4851474426686764,0.4794117286801338,0.4787023924291134,0.48112547770142555,0.4771488606929779,0.4823650233447552,0.4805254675447941,0.477416455745697,0.04883471876382828,0.051185332238674164,0.05232972139492631,0.05438228463754058,0.054216323886066675,0.05455189244821668,0.05442965356633067,0.05125404428690672,0.052051179111003876,0.05187409883365035,0.04957749182358384,0.05249279551208019,0.0510635687969625,0.05506392987444997,0.05274590337648988,0.051488548051565886,0.05330695491284132,0.05097453482449055,0.04981563799083233,0.05173281533643603,0.0505330222658813,0.05079385871067643,0.05255778972059488,0.05360129429027438,0.052804190665483475,0.051594285760074854,0.05397356441244483,0.05252616899088025,0.051649740897119045,0.05033197859302163,0.050914444494992495,0.050430219154804945,0.052031796891242266,0.05184559756889939,0.05043864343315363,0.05220915703102946,0.05234339693561196,0.049897780641913414,0.05292797181755304,0.05236918618902564,0.04910858301445842,0.050028965808451176,0.05190553097054362,0.04875355493277311,0.0519499983638525,0.05578003404662013,0.05094659188762307,0.05295628309249878
SGF_RFW,3,9,0.24787183602650964,0.26396654049555457,3.782717227935791,4.0656819343566895,569.5264415740967,8898.85064959526,64,1920,7320,0,0,0,0,0.4808359853923321,0.47593293711543083,0.47779249772429466,0.4749385379254818,0.4776110053062439,0.4847056418657303,0.4867987632751465,0.48636551573872566,0.483596995472908,0.48333772271871567,0.48713239282369614,0.4844847433269024,0.48381854593753815,0.48539479076862335,0.48150886967778206,0.48060042411088943,0.47922977805137634,0.4805760867893696,0.48421622440218925,0.48106279969215393,0.4831421971321106,0.4827684722840786,0.48017340898513794,0.4821804650127888,0.4810621999204159,0.4829075038433075,0.48303666710853577,0.4831690043210983,0.4815325103700161,0.4789923019707203,0.47203169390559196,0.48142824694514275,0.4844132289290428,0.4813974127173424,0.48241904377937317,0.48454388976097107,0.48275938257575035,0.4805980958044529,0.47973237186670303,0.4781715199351311,0.47698917612433434,0.47782202810049057,0.4882655702531338,0.4823654480278492,0.48298704251646996,0.47693631425499916,0.48212410882115364,0.48169900264058796,0.49937795102596283,0.5116210579872131,0.503060832619667,0.5046277418732643,0.5001607239246368,0.49712328240275383,0.4976087547838688,0.4998871237039566,0.5033752545714378,0.5067931339144707,0.502636268734932,0.5028929859399796,0.5045998319983482,0.5014874637126923,0.5047541409730911,0.5062743350863457,0.5056378543376923,0.5041873678565025,0.5010675489902496,0.5006765797734261,0.5016151890158653,0.5010993257164955,0.503552109003067,0.5030113123357296,0.50455442070961,0.5002125017344952,0.4994339421391487,0.5009420774877071,0.5008268393576145,0.503145981580019,0.5078089237213135,0.5030646100640297,0.49922724068164825,0.5009632408618927,0.5005399249494076,0.4992591142654419,0.49875864014029503,0.5002093464136124,0.5024034567177296,0.5013093613088131,0.5020707026124,0.5017860159277916,0.49872560799121857,0.5032612755894661,0.502288680523634,0.5018745474517345,0.4988691844046116,0.49996993371418547,0.046710990369319916,0.0476702987216413,0.05109688779339194,0.051028354093432426,0.051602262537926435,0.04953292850404978,0.049675400368869305,0.04984457604587078,0.04838420497253537,0.04929334484040737,0.04878904391080141,0.04834712576121092,0.04615355469286442,0.05056169256567955,0.048366470728069544,0.047425849828869104,0.0487303021363914,0.04743734234943986,0.0484482548199594,0.047420295886695385,0.04863650817424059,0.047847083769738674,0.046970915514975786,0.04737183265388012,0.047345695085823536,0.047206927090883255,0.04796994710341096,0.04842980671674013,0.04955515544861555,0.04797657718881965,0.04729725979268551,0.047572096809744835,0.04922506771981716,0.048602646216750145,0.04894435126334429,0.04984697327017784,0.047571387607604265,0.047226186376065016,0.047222594264894724,0.04752598097547889,0.0473774834536016,0.04772872058674693,0.048447154462337494,0.04631157126277685,0.04620198206976056,0.046834398061037064,0.04791345866397023,0.04801932030490467
SGF_RFW,0,10,0.37259089946746826,0.32306234041849774,3.4578359127044678,3.4415457248687744,276.23444867134094,4316.163260489702,64,1920,7320,0,0,0,0,0.621179923415184,0.6147696375846863,0.6064991056919098,0.5914265811443329,0.5944511443376541,0.6108116582036018,0.6166094094514847,0.6270442008972168,0.6379529014229774,0.6334020048379898,0.6183255016803741,0.6115639060735703,0.6125887036323547,0.6138476207852364,0.6244976818561554,0.6296384856104851,0.6243505626916885,0.6192930638790131,0.621734231710434,0.6147060915827751,0.6029448509216309,0.6131137758493423,0.6230701953172684,0.6241160556674004,0.6207234859466553,0.6099980622529984,0.6193552762269974,0.6223666071891785,0.6205067336559296,0.6236702799797058,0.6245746538043022,0.6290388777852058,0.618536613881588,0.6112393215298653,0.6174104064702988,0.6191733554005623,0.6187550574541092,0.6175419688224792,0.6240579336881638,0.6280394122004509,0.626773975789547,0.6252250820398331,0.6189649403095245,0.6182336732745171,0.6177976205945015,0.6236250922083855,0.6178773418068886,0.617729093347277,0.3831663876771927,0.3941972479224205,0.4083036445081234,0.40275978296995163,0.3905307278037071,0.37646574154496193,0.3773057758808136,0.37683143839240074,0.38119737803936005,0.38434018939733505,0.3824126347899437,0.3803412914276123,0.3762260638177395,0.3820447288453579,0.37559400871396065,0.37972771376371384,0.3812512382864952,0.38448960334062576,0.38208575546741486,0.37010085582733154,0.3704318180680275,0.3692670650780201,0.3680013604462147,0.3745848685503006,0.3757578134536743,0.38117560744285583,0.3951747305691242,0.38145575672388077,0.38129091262817383,0.38114258274435997,0.3731091767549515,0.37165655940771103,0.37461670488119125,0.3813144378364086,0.38300179690122604,0.3708941116929054,0.3698725402355194,0.37227627262473106,0.3806215971708298,0.38253385946154594,0.3801492191851139,0.3822987228631973,0.3742969259619713,0.372313991189003,0.3746686428785324,0.37200743705034256,0.37929196655750275,0.3841592286314283,0.053031827323138714,0.05058274604380131,0.05060080997645855,0.05214498285204172,0.05267345020547509,0.04986036801710725,0.05007083062082529,0.051992810331285,0.049520410131663084,0.048547377809882164,0.047282257582992315,0.04607002716511488,0.049110205844044685,0.04860873008146882,0.05190235376358032,0.052281014155596495,0.051952260080724955,0.05304503673687577,0.052627377677708864,0.05401864880695939,0.05155139695852995,0.05307331960648298,0.0536779728718102,0.053417423740029335,0.053694470319896936,0.05154538620263338,0.05097731947898865,0.05306183360517025,0.05240111658349633,0.05054842261597514,0.04615742480382323,0.04804906761273742,0.05139863071963191,0.05226808367297053,0.049042378552258015,0.05036544241011143,0.050418884959071875,0.04954436048865318,0.04872610606253147,0.049404488410800695,0.05006077932193875,0.04842661041766405,0.05058819195255637,0.050745056476444006,0.052940340247005224,0.05360079277306795,0.054296177346259356,0.05349052218454225
SGF_RFW,1,10,0.23612984021504724,0.2270829280217489,4.270562648773193,3.580493211746216,276.07841968536377,4313.725307583809,64,1920,7320,0,0,0,0,0.6851126700639725,0.7028117775917053,0.7059438303112984,0.7109521627426147,0.7166250646114349,0.7078064680099487,0.7013882175087929,0.7130050808191299,0.734060749411583,0.7209792584180832,0.7062026187777519,0.7005469873547554,0.7056430578231812,0.7083729431033134,0.7048331275582314,0.7146904021501541,0.709883950650692,0.7008626908063889,0.7021956890821457,0.7022248655557632,0.6882405206561089,0.6809514760971069,0.6953446641564369,0.703900545835495,0.6918247789144516,0.7015310525894165,0.7016722708940506,0.7110798582434654,0.7039178237318993,0.6907255724072456,0.696271151304245,0.7179376631975174,0.7009642869234085,0.6927602291107178,0.6984324976801872,0.696853294968605,0.6945899873971939,0.6920873895287514,0.6931345090270042,0.7023041024804115,0.70057812333107,0.7004841938614845,0.7055833116173744,0.6952659636735916,0.697041891515255,0.7120397016406059,0.7024548426270485,0.6999138338225228,0.3413512744009495,0.33407481759786606,0.33087390288710594,0.32562774419784546,0.32071003317832947,0.32285595685243607,0.32276551425457,0.3189479894936085,0.3109137564897537,0.3258867636322975,0.3386879861354828,0.33886924758553505,0.3351050727069378,0.33319418504834175,0.3414958529174328,0.3310890756547451,0.33797449618577957,0.34274720028042793,0.33423154056072235,0.3325711339712143,0.34835007041692734,0.360888060182333,0.34316353127360344,0.3337842747569084,0.34181586652994156,0.33346136286854744,0.3353271447122097,0.3355301171541214,0.33855609968304634,0.34304601326584816,0.3371712900698185,0.3237663321197033,0.3364669494330883,0.3430093564093113,0.342219453305006,0.3388952948153019,0.3377867601811886,0.33778610453009605,0.33720073476433754,0.3324369341135025,0.3360512927174568,0.33946212381124496,0.3302243798971176,0.34058794006705284,0.34266138449311256,0.3271893598139286,0.3420567326247692,0.34590162549700054,0.058835371397435665,0.056701341178268194,0.05860441364347935,0.062165817245841026,0.06327466666698456,0.04894099896773696,0.05617594672366977,0.05517291929572821,0.05512996343895793,0.05848928354680538,0.05862586805596948,0.05825670948252082,0.05979057913646102,0.05706064682453871,0.053838420659303665,0.057896959595382214,0.06298030074685812,0.05715251574292779,0.061238281428813934,0.061916766688227654,0.060462101362645626,0.06170693086460233,0.05924316681921482,0.053688240703195333,0.05943328281864524,0.05941612273454666,0.06164188729599118,0.06009657122194767,0.05959212873131037,0.05773022910580039,0.061634847428649664,0.05824796622619033,0.0611869259737432,0.06188724236562848,0.06320667499676347,0.06104063941165805,0.05918715428560972,0.05926212016493082,0.05932704545557499,0.059198707807809114,0.06030597584322095,0.05915278987959027,0.057049885392189026,0.058520480059087276,0.058815717697143555,0.05904403515160084,0.06051512248814106,0.060247247240373066
SGF_RFW,2,10,0.2561734914779663,0.26802513996760047,3.35506272315979,3.0337657928466797,276.1704020500183,4315.162532031536,64,1920,7320,0,0,0,0,0.6963857859373093,0.6954067423939705,0.6930635124444962,0.6916874870657921,0.6887305080890656,0.6983087286353111,0.706572063267231,0.7030256614089012,0.70618886500597,0.708801843225956,0.7115643322467804,0.7118809521198273,0.7070608660578728,0.7095935568213463,0.7124447301030159,0.7164350226521492,0.7113672867417336,0.7143548205494881,0.7156894356012344,0.7161208391189575,0.7051399946212769,0.710316963493824,0.7093938142061234,0.7078797742724419,0.7127256467938423,0.7068770080804825,0.7134367451071739,0.7202854305505753,0.7099333554506302,0.7069921270012856,0.7110004276037216,0.7064339891076088,0.7113896235823631,0.7049981132149696,0.7073686644434929,0.7090712189674377,0.7117730379104614,0.7060908004641533,0.7097747325897217,0.7157030999660492,0.7112859860062599,0.7101316004991531,0.7140675932168961,0.7109968960285187,0.7127724587917328,0.7113606929779053,0.7115362510085106,0.7153349433626447,0.37340767681598663,0.3812071569263935,0.38938580825924873,0.39644112065434456,0.3951767608523369,0.3806031867861748,0.3744097538292408,0.3778027705848217,0.3753916472196579,0.3740692771971226,0.37446054071187973,0.3748433515429497,0.3786369301378727,0.37585823610424995,0.37272411957383156,0.3664230816066265,0.3709207996726036,0.3697499930858612,0.37189099192619324,0.3746217451989651,0.38114215806126595,0.3738352693617344,0.37542473152279854,0.3773985542356968,0.3739013150334358,0.3798547796905041,0.37268244102597237,0.36863309517502785,0.3727710545063019,0.3766470439732075,0.3756621219217777,0.37441079691052437,0.37291229888796806,0.3718242831528187,0.3745504841208458,0.37297551706433296,0.37366757169365883,0.3724152334034443,0.36857230961322784,0.3663080185651779,0.3697746843099594,0.3739166259765625,0.3711475245654583,0.37154001370072365,0.37285493314266205,0.3685724250972271,0.3706945404410362,0.36664460812296185,0.05410703597590327,0.04791374737396836,0.052923195995390415,0.05188073078170419,0.05123494612053037,0.05253707431256771,0.05492509016767144,0.05258985748514533,0.055610583163797855,0.056813630275428295,0.055864826310426,0.05378624424338341,0.05638168938457966,0.05533318081870675,0.05474572628736496,0.05551367113366723,0.0555011797696352,0.05604019155725837,0.056520435493439436,0.05545288324356079,0.05384356388822198,0.05580907920375466,0.056813113391399384,0.05565478978678584,0.0553434519097209,0.054153835866600275,0.05332539742812514,0.04982204595580697,0.053202074486762285,0.05487502599135041,0.05360378231853247,0.05608182866126299,0.05387900164350867,0.05645146267488599,0.05439914157614112,0.052921196445822716,0.05079496232792735,0.05359137337654829,0.05449624080210924,0.05455879541113973,0.05548297427594662,0.05119695561006665,0.049186787102371454,0.051634854171425104,0.04999283980578184,0.05236389208585024,0.051321476232260466,0.0542152284511498
SGF_RFW,3,10,0.30517878135045373,0.310088574886322,4.410543441772461,4.315262794494629,277.19326734542847,4331.14480227232,64,1920,7320,0,0,0,0,0.6854540556669235,0.6731381565332413,0.6651195958256721,0.6643020436167717,0.6656987071037292,0.6747124791145325,0.6900840103626251,0.6927673444151878,0.6945975050330162,0.690845213830471,0.6978415250778198,0.7048054859042168,0.704199343919754,0.7024504989385605,0.7004465088248253,0.7087633013725281,0.7049691304564476,0.6993574723601341,0.7029328718781471,0.7059046700596809,0.705717608332634,0.7031980156898499,0.7051901668310165,0.7023678570985794,0.695363000035286,0.6965269148349762,0.7030308470129967,0.7027171552181244,0.6991202160716057,0.6993683651089668,0.7018776312470436,0.7015861719846725,0.6983940899372101,0.7000037580728531,0.6974158436059952,0.6968322917819023,0.6940133720636368,0.6903641298413277,0.6927617564797401,0.7009863927960396,0.7000470533967018,0.6982012018561363,0.7025658711791039,0.7005573585629463,0.6979777067899704,0.7014401778578758,0.7014519944787025,0.7005160025187901,0.36225975677371025,0.38516364991664886,0.3934119716286659,0.3888746574521065,0.38123350217938423,0.36882223188877106,0.3624648302793503,0.36466484516859055,0.3655790127813816,0.3655613139271736,0.362323597073555,0.35542143881320953,0.36083655804395676,0.36708616092801094,0.36561402678489685,0.3551567569375038,0.3586477302014828,0.3633005693554878,0.3607095442712307,0.35944273322820663,0.35885050520300865,0.357522901147604,0.3556039147078991,0.36084525287151337,0.37178347632288933,0.3685871325433254,0.35896386951208115,0.35902342572808266,0.3632250428199768,0.3601478822529316,0.36095793172717094,0.3623889088630676,0.36328232288360596,0.3620254248380661,0.35903196036815643,0.3583037853240967,0.36722227931022644,0.37060418725013733,0.36402514576911926,0.3572200872004032,0.35837920755147934,0.36093682423233986,0.35804281011223793,0.36032356321811676,0.3585874103009701,0.35562391579151154,0.35614535957574844,0.3609154905591692,0.06296317465603352,0.05711889732629061,0.06048469850793481,0.06488375831395388,0.060289849527180195,0.06407633516937494,0.06728449324145913,0.06868379656225443,0.06669766642153263,0.06579292751848698,0.06442684959620237,0.06641296204179525,0.06719921343028545,0.06506938999518752,0.06592407822608948,0.06877482775598764,0.06815933249890804,0.06655268836766481,0.06997445691376925,0.06859247433021665,0.06772625958546996,0.06975462939590216,0.06650288123637438,0.06895468011498451,0.06811842508614063,0.06716830562800169,0.06458851974457502,0.0663508246652782,0.06402244279161096,0.0644496944732964,0.06192267779260874,0.06425467506051064,0.0662919282913208,0.06549982633441687,0.06768278544768691,0.06283067306503654,0.062499791383743286,0.06610781885683537,0.06514841876924038,0.0669786911457777,0.06696376483887434,0.06808686070144176,0.06966163031756878,0.0623926417902112,0.06707827188074589,0.06715511344373226,0.06673821527510881,0.0680336414703301
SGF_RFW,0,11,0.1529075105985006,0.15356357892354333,8.094436645507812,8.139842987060547,276.24991106987,4316.404860466719,64,1920,7320,0,0,0,0,0.7037792950868607,0.7028226777911186,0.7050508856773376,0.7103449404239655,0.7122525796294212,0.7162529230117798,0.7150279954075813,0.7127700448036194,0.713304728269577,0.7137902900576591,0.7111967355012894,0.7110631689429283,0.7125846594572067,0.7120421007275581,0.7119980007410049,0.713547870516777,0.7140797600150108,0.7123647704720497,0.7091304808855057,0.7050920501351357,0.7070946395397186,0.7034025862812996,0.7058054655790329,0.7081600651144981,0.7124562710523605,0.7122247219085693,0.713978573679924,0.715114139020443,0.713906355202198,0.7130624651908875,0.7124535292387009,0.71445132791996,0.7159484103322029,0.7135245949029922,0.7127751260995865,0.7115337625145912,0.7137484923005104,0.7134634256362915,0.7124731168150902,0.7128922939300537,0.7130078449845314,0.7142135426402092,0.717444084584713,0.7134919613599777,0.7142997682094574,0.7152068093419075,0.7153021469712257,0.7178753699575152,0.40059124305844307,0.40180955082178116,0.40483351424336433,0.40102555975317955,0.3992241621017456,0.3985433764755726,0.3993028700351715,0.39997753500938416,0.40010788291692734,0.399862926453352,0.40120742097496986,0.4020017236471176,0.4025391936302185,0.40357910469174385,0.39959296956658363,0.3981540761888027,0.3980082534253597,0.400609876960516,0.4035331718623638,0.40337275713682175,0.40385905280709267,0.403902281075716,0.40302275493741035,0.4005564972758293,0.397917453199625,0.3993459828197956,0.39784738421440125,0.3976977579295635,0.39989376440644264,0.40022268146276474,0.39896461740136147,0.40003710985183716,0.4007844999432564,0.4007255882024765,0.40156489983201027,0.3991382420063019,0.39823849871754646,0.3973386622965336,0.39831941947340965,0.4015558287501335,0.4030623324215412,0.4018469341099262,0.39812055602669716,0.4009380415081978,0.3998260200023651,0.40044621750712395,0.3988843373954296,0.39734833581107004,0.06080956012010574,0.06394367106258869,0.06550001725554466,0.06642800755798817,0.06677404418587685,0.06454876624047756,0.06276866281405091,0.06385554280132055,0.06283761328086257,0.06234495295211673,0.06388553697615862,0.06494970060884953,0.06408892665058374,0.06381730828434229,0.06504427175968885,0.06437391461804509,0.06567607633769512,0.06627658288925886,0.06518591102212667,0.06484244763851166,0.06555660255253315,0.06439873855561018,0.06513343565165997,0.06560038216412067,0.06466748472303152,0.06322799110785127,0.0646445844322443,0.06533618923276663,0.06534318253397942,0.06468283478170633,0.06306101102381945,0.06310792872682214,0.06287757679820061,0.06366045726463199,0.06441701715812087,0.06411767052486539,0.06474695261567831,0.06516470201313496,0.06481933873146772,0.06462365575134754,0.06379759171977639,0.06399840675294399,0.06338379671797156,0.06528043374419212,0.06516139954328537,0.06447695009410381,0.06508856173604727,0.06332253398639816
SGF_RFW,1,11,0.170643150806427,0.17770687739054358,10.013666152954102,9.00564193725586,275.5338063240051,4305.21572381258,64,1920,7320,0,0,0,0,0.7147805765271187,0.7105958014726639,0.7114987224340439,0.7089896127581596,0.7078615054488182,0.711952306330204,0.7185334339737892,0.7192086577415466,0.7086165547370911,0.7081791758537292,0.7059372439980507,0.7066167518496513,0.7091441974043846,0.7030647695064545,0.694080077111721,0.6915072202682495,0.6908581107854843,0.6985946446657181,0.7032786533236504,0.7023213878273964,0.7092641666531563,0.7151158526539803,0.7196759730577469,0.7236949652433395,0.7207752987742424,0.7213876768946648,0.722952127456665,0.7235924750566483,0.7209558859467506,0.7153754606842995,0.7128890305757523,0.7163596227765083,0.71785768866539,0.7191705331206322,0.7201416790485382,0.7157354354858398,0.7151006758213043,0.7179361954331398,0.7213367521762848,0.722561739385128,0.7208458259701729,0.7168447375297546,0.7188058793544769,0.7208719998598099,0.7255958691239357,0.7169712036848068,0.7151640206575394,0.7169718061174665,0.43728575855493546,0.45110103487968445,0.45207710191607475,0.4515213929116726,0.45165957137942314,0.44462738931179047,0.43925122171640396,0.4404262527823448,0.4526469446718693,0.45776835456490517,0.4627881236374378,0.4579850286245346,0.4530315361917019,0.4498858116567135,0.458699781447649,0.4623498059809208,0.46191073954105377,0.45448940992355347,0.45544032007455826,0.45651737228035927,0.4557483345270157,0.4452656880021095,0.43748072162270546,0.43571365252137184,0.4414750188589096,0.4450996145606041,0.4450185187160969,0.4395362101495266,0.4454171843826771,0.4462282545864582,0.4518193081021309,0.45090722665190697,0.4514029547572136,0.4478760398924351,0.44173039123415947,0.4450468271970749,0.4425099529325962,0.4487459436058998,0.4470194913446903,0.44761669635772705,0.4432620331645012,0.4485485516488552,0.44424549862742424,0.442683357745409,0.4400860443711281,0.4464512728154659,0.4475417323410511,0.442645400762558,0.06272781826555729,0.0684164073318243,0.06835870631039143,0.07083370070904493,0.07277760189026594,0.07004288490861654,0.07045361679047346,0.06996670737862587,0.07064979244023561,0.0730281388387084,0.07596648577600718,0.07843768130987883,0.07860041689127684,0.08009081240743399,0.08093155827373266,0.08447942975908518,0.08607177622616291,0.08593600522726774,0.08722043223679066,0.08744609449058771,0.0855713477358222,0.08541035372763872,0.08729412592947483,0.08329205214977264,0.06886750925332308,0.06681553833186626,0.06791935209184885,0.0680816788226366,0.06853157468140125,0.06912464462220669,0.06887158658355474,0.0686640553176403,0.06721698399633169,0.06694734375923872,0.06731058936566114,0.06707351002842188,0.06969547364860773,0.06977364607155323,0.06896899733692408,0.0691869230940938,0.07125018443912268,0.07093401532620192,0.07008257322013378,0.0700034387409687,0.06935155112296343,0.06964994128793478,0.06955868937075138,0.06901162756340844
SGF_RFW,2,11,0.1636405189832052,0.16085386276245117,9.370800018310547,8.504119873046875,276.14923334121704,4314.831770956516,64,1920,7320,0,0,0,0,0.773068942129612,0.77865319699049,0.7793631851673126,0.7661203220486641,0.7748714461922646,0.766312375664711,0.7836234495043755,0.7823019102215767,0.7764532491564751,0.7752630934119225,0.7760791108012199,0.7769158408045769,0.7778085470199585,0.7791366502642632,0.7791765928268433,0.7733525633811951,0.7732351124286652,0.7700730785727501,0.7778575047850609,0.7781115397810936,0.7786052823066711,0.7814494594931602,0.7814301401376724,0.781436525285244,0.7790419682860374,0.7816812992095947,0.7808729857206345,0.7840826213359833,0.7829327806830406,0.7811130955815315,0.7818015143275261,0.7777841836214066,0.774161085486412,0.7804494500160217,0.7821922823786736,0.7809251919388771,0.781018391251564,0.7809798941016197,0.7809934914112091,0.7806920260190964,0.7799712345004082,0.7814865186810493,0.7807920649647713,0.7828526496887207,0.7836810201406479,0.7813779935240746,0.7802465856075287,0.7793095622743879,0.3585135266184807,0.3588052839040756,0.35899344459176064,0.371303778141737,0.36757610738277435,0.3714387007057667,0.35813718661665916,0.36062729731202126,0.3675989769399166,0.3699137084186077,0.3680652566254139,0.3665095753967762,0.36322754994034767,0.36313632503151894,0.36273788288235664,0.36796535551548004,0.3647936247289181,0.3706207685172558,0.36397578939795494,0.3644769564270973,0.3650248497724533,0.36169592663645744,0.3619602657854557,0.36276697367429733,0.3641558066010475,0.3622783273458481,0.360909778624773,0.3630165085196495,0.3612935543060303,0.36075377836823463,0.3604012094438076,0.36656664311885834,0.36638207733631134,0.36113187298178673,0.35816309973597527,0.35539162158966064,0.356781929731369,0.3622452914714813,0.36177660524845123,0.36677928641438484,0.36397023499011993,0.35972558706998825,0.36344197764992714,0.359003946185112,0.35866983979940414,0.3606051541864872,0.3632679805159569,0.36262052825519014,0.06551007460802794,0.0688482727855444,0.07020275294780731,0.07265425194054842,0.07175992522388697,0.07141315750777721,0.0705185541883111,0.07114644628018141,0.07135595753788948,0.07038756553083658,0.07046955730766058,0.07123147509992123,0.07054601889103651,0.06986286584287882,0.07067259959876537,0.07210617791861296,0.07148322183638811,0.07199462596327066,0.07197638507932425,0.07190013397485018,0.07148165628314018,0.07033717166632414,0.0702078202739358,0.0707178134471178,0.07044470869004726,0.06993771437555552,0.07042906153947115,0.07108128350228071,0.07060902565717697,0.06882217153906822,0.07010550051927567,0.0699245985597372,0.07121428661048412,0.07134630996733904,0.07030104752629995,0.06950250640511513,0.07025795988738537,0.06927105411887169,0.07028811797499657,0.06957663130015135,0.0703957062214613,0.07010444439947605,0.07023059390485287,0.07028552703559399,0.07032977510243654,0.06994094233959913,0.07107829675078392,0.06982002833059855
SGF_RFW,3,11,0.1369690100351969,0.1245107650756836,8.02412223815918,10.081514358520508,276.9566161632538,4327.44712755084,64,1920,7320,0,0,0,0,0.7261468321084976,0.7264954969286919,0.7249259278178215,0.7243313640356064,0.7239500060677528,0.7302091345191002,0.7364361956715584,0.73394925147295,0.7296123653650284,0.7281225770711899,0.7342226132750511,0.7364351898431778,0.7374636232852936,0.7361811921000481,0.7329882457852364,0.7299615144729614,0.7306764274835587,0.7340818867087364,0.7343752980232239,0.734062634408474,0.7337218374013901,0.7286636382341385,0.728216826915741,0.7316177189350128,0.7337408810853958,0.733259491622448,0.7369623705744743,0.7354946807026863,0.7289265915751457,0.7288578301668167,0.7223662883043289,0.7231262475252151,0.7229266166687012,0.7272807285189629,0.7299230322241783,0.7330651357769966,0.7277203723788261,0.7205532491207123,0.7202017530798912,0.7165594771504402,0.7175165414810181,0.7219182848930359,0.7266498655080795,0.7294899299740791,0.7294944152235985,0.7223642915487289,0.7151705175638199,0.7127055525779724,0.39916274324059486,0.40515630319714546,0.41146526858210564,0.41096368432044983,0.40851008519530296,0.40053312852978706,0.3972700759768486,0.3983624577522278,0.40611887350678444,0.4102105014026165,0.4079209119081497,0.4031512066721916,0.4002367928624153,0.3992682099342346,0.4004393704235554,0.4022469073534012,0.4048157297074795,0.4043458551168442,0.40367597341537476,0.40668554976582527,0.4093010313808918,0.40908440947532654,0.40922248736023903,0.40480412170290947,0.4027545228600502,0.4024566188454628,0.4038734398782253,0.40394260734319687,0.4059451147913933,0.4035138189792633,0.4066493324935436,0.41232583299279213,0.4151371195912361,0.41158377379179,0.411007285118103,0.4042113460600376,0.40030834451317787,0.4000622592866421,0.40932565554976463,0.41138138249516487,0.41083017736673355,0.4084460511803627,0.4049924872815609,0.4023689292371273,0.40396932885050774,0.408486969769001,0.4118241108953953,0.4123699494770595,0.06986593641340733,0.07516124472022057,0.07772849127650261,0.07917802780866623,0.07826696336269379,0.07700986228883266,0.07628063205629587,0.07393523026257753,0.0736759789288044,0.07297869771718979,0.07455550506711006,0.07588771544396877,0.07527405675500631,0.07585977949202061,0.07582092098891735,0.07598436996340752,0.07403155229985714,0.07323822006583214,0.07534091919660568,0.07777223270386457,0.0773370685055852,0.07403151877224445,0.07367706671357155,0.07326434832066298,0.07568501867353916,0.07677369564771652,0.07743679638952017,0.07708447054028511,0.07456325180828571,0.07157052494585514,0.07390167005360126,0.0751160029321909,0.07464618515223265,0.07553795911371708,0.07438435219228268,0.07399478554725647,0.07515218388289213,0.0750341098755598,0.07499015238136053,0.07513759098947048,0.07659516111016273,0.07661985047161579,0.07775659952312708,0.07828391809016466,0.07708162628114223,0.07533479481935501,0.07515955250710249,0.07560836310897555
SGF_RFW,0,12,0.12540086110432946,0.23037610451380408,9.246516227722168,9.229251861572266,275.63786268234253,4306.841604411602,64,1920,7320,0,0,0,0,0.42038217559456825,0.46850965917110443,0.49928322061896324,0.5240516066551208,0.5239165276288986,0.5141235589981079,0.5156733319163322,0.5042077451944351,0.5046672895550728,0.49551691487431526,0.4871325194835663,0.47103412076830864,0.44365375116467476,0.4310156963765621,0.424284715205431,0.42661652341485023,0.43067026138305664,0.4333774447441101,0.4256436750292778,0.4135688543319702,0.4103313833475113,0.4061535857617855,0.4065520614385605,0.40152203291654587,0.39767852053046227,0.3976995125412941,0.40300336480140686,0.400556955486536,0.4027152843773365,0.42194272950291634,0.4439716525375843,0.4562760069966316,0.4658155180513859,0.49374573677778244,0.4809822365641594,0.5088514611124992,0.5149682387709618,0.5214216113090515,0.5158610194921494,0.519554540514946,0.496742133051157,0.49959278851747513,0.4598628021776676,0.4774385467171669,0.48813867941498756,0.47818775847554207,0.466689120978117,0.47826060226985384,0.46270934119820595,0.44817865639925003,0.42800215631723404,0.4076000787317753,0.38421741873025894,0.38781750574707985,0.39305757358670235,0.3985338844358921,0.4110822565853596,0.40692370757460594,0.41038887575268745,0.41820118203759193,0.42183874174952507,0.4184502139687538,0.4205576218664646,0.41411709412932396,0.41627077758312225,0.4223850406706333,0.43317699432373047,0.4393440969288349,0.42721062153577805,0.4195697382092476,0.4179385043680668,0.4167206846177578,0.4296089634299278,0.4295036122202873,0.4294317327439785,0.42360228300094604,0.42406048253178596,0.41890519484877586,0.41486452147364616,0.39937126636505127,0.385983619838953,0.3529518246650696,0.34966859966516495,0.3648160323500633,0.3836696296930313,0.3976808227598667,0.40822697803378105,0.40511516481637955,0.4114004075527191,0.40958671644330025,0.44073473662137985,0.4399336241185665,0.44327451661229134,0.4474005810916424,0.4493837021291256,0.4581510126590729,0.15513979457318783,0.15438830107450485,0.15171638689935207,0.14094842597842216,0.12086185812950134,0.11539864353835583,0.1175523791462183,0.12307616416364908,0.1285671964287758,0.1279731672257185,0.12278785929083824,0.12443721946328878,0.1392354592680931,0.14169776812195778,0.14055275171995163,0.14122750610113144,0.1383915152400732,0.13790412805974483,0.13187149167060852,0.1329942960292101,0.13916845805943012,0.1443812232464552,0.1444616485387087,0.14209264144301414,0.13822118006646633,0.13078738749027252,0.12750584166496992,0.1240598727017641,0.12095470633357763,0.12634628359228373,0.1284520998597145,0.1350034736096859,0.13014557026326656,0.13160300441086292,0.13592187501490116,0.13688605092465878,0.13164595421403646,0.11803748644888401,0.11410137638449669,0.1110461950302124,0.10890674963593483,0.11532107088714838,0.1350958151742816,0.14044523239135742,0.14257371984422207,0.13997521996498108,0.13504065200686455,0.13324203661509923
SGF_RFW,1,12,0.2531934976577759,0.24090731143951416,10.61543083190918,11.209694862365723,275.40895080566406,4303.264856338501,64,1920,7320,0,0,0,0,0.510292049497366,0.5286360383033752,0.5460165366530418,0.5612374395132065,0.5698912069201469,0.5655446127057076,0.5274515002965927,0.5236824005842209,0.531063936650753,0.5337265953421593,0.5342354848980904,0.5424764901399612,0.5420478507876396,0.5445483550429344,0.5460009798407555,0.523018553853035,0.5201309695839882,0.522484265267849,0.5219398587942123,0.523592546582222,0.5290327146649361,0.5244691446423531,0.5186072438955307,0.5314671918749809,0.5084723681211472,0.5028605461120605,0.4957268312573433,0.474117036908865,0.4698738753795624,0.4785297140479088,0.49564172327518463,0.5014723986387253,0.49787871167063713,0.5088694915175438,0.5161025673151016,0.5170301347970963,0.51457629352808,0.5111572071909904,0.5018274076282978,0.5013018436729908,0.5039955228567123,0.49948735162615776,0.4989233575761318,0.5061200186610222,0.5191002041101456,0.5281079486012459,0.530838243663311,0.526313671043941,0.40099602565169334,0.3878468982875347,0.38002171367406845,0.374813936650753,0.3701678663492203,0.37493155151605606,0.39774239808321,0.4023542106151581,0.3919968530535698,0.39330533891916275,0.3902467004954815,0.38369881361722946,0.3768809773027897,0.3767690435051918,0.36629075929522514,0.3785063736140728,0.37161674350500107,0.3599308431148529,0.3775194436311722,0.3889175131917,0.3918517865240574,0.3981596454977989,0.40044814348220825,0.3956700749695301,0.4165227971971035,0.42457814142107964,0.4249447211623192,0.4193597808480263,0.42340726032853127,0.42273392155766487,0.4158235564827919,0.42238541692495346,0.4221477210521698,0.4114318937063217,0.40699220448732376,0.4039366617798805,0.40313519537448883,0.40960297733545303,0.4217105321586132,0.4169861264526844,0.4130774401128292,0.4170614443719387,0.4230731651186943,0.42232291772961617,0.41241783648729324,0.4071763902902603,0.4025597423315048,0.4013383090496063,0.15797805413603783,0.1583824511617422,0.15923511795699596,0.15989042818546295,0.15693840570747852,0.1591033861041069,0.16811445355415344,0.1685379482805729,0.17314350046217442,0.167374474927783,0.16233383305370808,0.1565828137099743,0.15327180363237858,0.14959894493222237,0.14587165601551533,0.15437964908778667,0.15786630474030972,0.15520605817437172,0.16604684479534626,0.1657511629164219,0.17006492614746094,0.17740126326680183,0.17132208496332169,0.16979012452065945,0.1675292868167162,0.16690312325954437,0.17018844932317734,0.17273268848657608,0.17221816442906857,0.17277268134057522,0.1723251659423113,0.168000815436244,0.16691889613866806,0.16667302697896957,0.16489791683852673,0.15935695357620716,0.15842894464731216,0.15917844139039516,0.1624730508774519,0.1634350698441267,0.163529921323061,0.1605011597275734,0.16077909991145134,0.16403659246861935,0.17038114927709103,0.17501779086887836,0.17544984072446823,0.17303824850491115
SGF_RFW,2,12,0.3406447569529215,0.17887989679972327,11.250741004943848,12.808416366577148,275.6543297767639,4307.098902761936,64,1920,7320,0,0,0,0,0.46662114933133125,0.5023272447288036,0.5064302608370781,0.5000626407563686,0.4995257891714573,0.49689560756087303,0.502303559333086,0.4930163249373436,0.4818624071776867,0.479375958442688,0.4795069582760334,0.4806169159710407,0.490682415664196,0.49515102803707123,0.4895514212548733,0.4868142604827881,0.475311953574419,0.4794122576713562,0.4727460816502571,0.469183050096035,0.47532280161976814,0.47535160928964615,0.4646366089582443,0.47745852172374725,0.49328845366835594,0.5118909925222397,0.5164927393198013,0.5124901682138443,0.5176262333989143,0.5156191065907478,0.5075537078082561,0.49939967319369316,0.5009094178676605,0.4974226579070091,0.5001069828867912,0.49936795607209206,0.4938258156180382,0.4929420202970505,0.4807234890758991,0.4822538308799267,0.48116840049624443,0.4854198805987835,0.4845344088971615,0.49246427044272423,0.4977778047323227,0.49450160190463066,0.4949585385620594,0.5066385311739785,0.39483680203557014,0.3881094232201576,0.3794250153005123,0.3752080723643303,0.37049542367458344,0.36851296201348305,0.3648396246135235,0.3648453578352928,0.3657709136605263,0.37896841391921043,0.3803684562444687,0.39260466769337654,0.3886384554207325,0.38639184460043907,0.3913511857390404,0.3909905478358269,0.3863707222044468,0.3923856355249882,0.39838408306241035,0.3942710645496845,0.39307865500450134,0.3971962481737137,0.39640098437666893,0.3923530876636505,0.39251428470015526,0.38113878294825554,0.3681624047458172,0.3604697585105896,0.3577303849160671,0.3623049259185791,0.37362120673060417,0.3799342140555382,0.3806788735091686,0.3794625364243984,0.3843162804841995,0.391968559473753,0.3963289000093937,0.39574672281742096,0.4045068398118019,0.4062005542218685,0.4104160889983177,0.39979126676917076,0.3988620713353157,0.39568227902054787,0.4021255597472191,0.3958219736814499,0.3876435086131096,0.3759607672691345,0.15285518392920494,0.1591902244836092,0.1552936378866434,0.15112236142158508,0.14987760037183762,0.14846467226743698,0.15281100943684578,0.15439133904874325,0.15429208986461163,0.1588991116732359,0.16181809455156326,0.16271053440868855,0.16642545722424984,0.15787906385958195,0.16464635729789734,0.16725888289511204,0.16085322946310043,0.1589854545891285,0.15913144126534462,0.1538808811455965,0.1539111640304327,0.1527642235159874,0.15475917048752308,0.15896938368678093,0.16264094971120358,0.16388366371393204,0.16380204632878304,0.16397720016539097,0.16018430702388287,0.15890741348266602,0.1577296145260334,0.1602394413203001,0.1598482709378004,0.1619758028537035,0.16440600343048573,0.16218065656721592,0.1611383743584156,0.158161086961627,0.16519668698310852,0.16948111169040203,0.16873068921267986,0.16689366288483143,0.1680308785289526,0.16660565696656704,0.16350419260561466,0.1618427187204361,0.1632937714457512,0.15710041565554483
SGF_RFW,3,12,0.20394535859425866,0.21940757830937707,9.572836875915527,11.382450103759766,276.97699666023254,4327.7655728161335,64,1920,7320,0,0,0,0,0.46921172738075256,0.5019178241491318,0.5137880966067314,0.5121606588363647,0.5133978128433228,0.49720530584454536,0.465289831161499,0.46867142617702484,0.4915669448673725,0.5058154836297035,0.5078367963433266,0.5189234465360641,0.5010879524052143,0.49829887971282005,0.47459128126502037,0.45935194194316864,0.44904349371790886,0.4399340823292732,0.4323669709265232,0.43049950525164604,0.4475971758365631,0.45235560834407806,0.4495764933526516,0.4430614858865738,0.4320886954665184,0.42904140427708626,0.42685337364673615,0.4433174133300781,0.435963649302721,0.42419514060020447,0.4212692566215992,0.41725611686706543,0.41335590556263924,0.4178176708519459,0.4149171710014343,0.4116923660039902,0.4236859269440174,0.4394615553319454,0.4404009282588959,0.4348417744040489,0.43311765417456627,0.43640676513314247,0.42485079541802406,0.42330317571759224,0.4220585376024246,0.41799246519804,0.4175317548215389,0.4225661797182901,0.40171633660793304,0.39183906838297844,0.3744310513138771,0.3806357942521572,0.3767090477049351,0.3816597908735275,0.39248930662870407,0.3991331346333027,0.4019017480313778,0.40304001048207283,0.39392170310020447,0.37541638687253,0.3783043250441551,0.38696517795324326,0.393837608397007,0.4065497815608978,0.4163610190153122,0.41139229759573936,0.40495580434799194,0.3841143622994423,0.38554298132658005,0.3864443004131317,0.39234114438295364,0.4063573144376278,0.40726372599601746,0.41884639859199524,0.427464384585619,0.41889070346951485,0.4240911602973938,0.4334641471505165,0.4389934428036213,0.4382721036672592,0.43256761506199837,0.43022462725639343,0.429339274764061,0.43275633826851845,0.42212989926338196,0.4126502573490143,0.4267398789525032,0.4227037914097309,0.41999027132987976,0.41083482652902603,0.4043908044695854,0.39864426851272583,0.4103575795888901,0.4168710373342037,0.4193865805864334,0.4158984635557447,0.15795048512518406,0.16324032098054886,0.16025498695671558,0.16345202922821045,0.16591251641511917,0.16724827699363232,0.1676136516034603,0.17350927367806435,0.17627476528286934,0.17226888798177242,0.17029410414397717,0.16273078322410583,0.16412214934825897,0.16605594381690025,0.16063927300274372,0.1565920189023018,0.16091212444007397,0.1573021523654461,0.16196990199387074,0.1564616560935974,0.15009830705821514,0.15147683210670948,0.15223090909421444,0.15836813673377037,0.1610965821892023,0.168642932549119,0.170327540487051,0.160315353423357,0.15836086682975292,0.1582026220858097,0.159446120262146,0.16337372548878193,0.16767375729978085,0.16796264797449112,0.16918603889644146,0.1674976497888565,0.16934030875563622,0.1664731614291668,0.1644755620509386,0.16668582521378994,0.17130654118955135,0.16661899909377098,0.16290929168462753,0.16006740182638168,0.1636944990605116,0.1618477962911129,0.16318580321967602,0.16612271964550018
SGF_RFW,0,13,0.22113384803136193,0.18745400508244836,7.983090400695801,6.021854877471924,275.33687114715576,4302.138611674309,64,1920,7320,0,0,0,0,0.5846825540065765,0.5959482863545418,0.6041487529873848,0.6124570369720459,0.61817217618227,0.6181614995002747,0.6088969632983208,0.6081236898899078,0.5998618751764297,0.6042899787425995,0.6072590574622154,0.6132517606019974,0.60743797570467,0.6026198416948318,0.6041875928640366,0.6025098115205765,0.6092029213905334,0.6064485087990761,0.6082810014486313,0.6047861576080322,0.6083644926548004,0.6039292141795158,0.6078955084085464,0.6078499928116798,0.6105478554964066,0.6104196459054947,0.6050597727298737,0.6047772914171219,0.6014256700873375,0.6007897108793259,0.5997203961014748,0.6073442474007607,0.6060910448431969,0.6039977967739105,0.6017083078622818,0.6038456112146378,0.606552854180336,0.6037064716219902,0.6054697334766388,0.6061141714453697,0.6026053577661514,0.6030443385243416,0.6064294278621674,0.603778637945652,0.608067661523819,0.6053973585367203,0.6031787171959877,0.6045827525002616,0.5023428499698639,0.5008680373430252,0.4958966039121151,0.4941794387996197,0.4912084639072418,0.4853782691061497,0.4890291951596737,0.4957167021930218,0.4980953633785248,0.5027824118733406,0.5038940161466599,0.5008614100515842,0.5063148513436317,0.5078483000397682,0.5068753212690353,0.5092147886753082,0.5034495666623116,0.5040507093071938,0.5047034621238708,0.5050198659300804,0.5005419254302979,0.49872828647494316,0.49867526441812515,0.4967564232647419,0.49883516505360603,0.5022249892354012,0.5036292895674706,0.5038844794034958,0.503292053937912,0.49996207654476166,0.49991992115974426,0.5043964311480522,0.508964516222477,0.5076046735048294,0.5023965910077095,0.500305000692606,0.5023307502269745,0.5028262436389923,0.4995301142334938,0.5007018856704235,0.4991188906133175,0.504827480763197,0.5062156319618225,0.5079564303159714,0.502542532980442,0.4992292560636997,0.49966414645314217,0.49793013078825815,0.11247985810041428,0.12367731984704733,0.13017933815717697,0.13150973431766033,0.13011658005416393,0.13335611298680305,0.13618621043860912,0.13345122709870338,0.12832623720169067,0.12243865709751844,0.1311422996222973,0.13715817965567112,0.13345815427601337,0.12390340119600296,0.12664065975695848,0.1281253919005394,0.12925498560070992,0.1256720619276166,0.12647306080907583,0.12695843540132046,0.12381989508867264,0.1263012932613492,0.13205254450440407,0.13248429633677006,0.12741066422313452,0.12496749218553305,0.12565053068101406,0.1263691270723939,0.12932604551315308,0.12958452850580215,0.12880347855389118,0.13034812361001968,0.12709408067166805,0.12829778715968132,0.1288776770234108,0.12921818159520626,0.12441264372318983,0.12369075417518616,0.12614657543599606,0.1266792230308056,0.12649787310510874,0.12526627723127604,0.12526998110115528,0.127204860560596,0.12710319831967354,0.12915226444602013,0.12725795060396194,0.1256780879838126
SGF_RFW,1,13,0.1480845411618551,0.15499305725097656,4.104240894317627,5.774248123168945,334.1212136745453,5220.64396366477,64,1920,7320,0,0,0,0,0.6909988075494766,0.7028713598847389,0.7038949951529503,0.7012960463762283,0.6932603195309639,0.6933401897549629,0.6923238933086395,0.69119593501091,0.6954714432358742,0.6953469589352608,0.6992783918976784,0.697967454791069,0.695240743458271,0.6963739395141602,0.6977415531873703,0.6951017826795578,0.6952288299798965,0.6949179768562317,0.6916831433773041,0.6995966881513596,0.7011967822909355,0.7006707042455673,0.6984551325440407,0.6992429867386818,0.6998934969305992,0.6991860046982765,0.6983224898576736,0.6958078220486641,0.6919984966516495,0.6928727403283119,0.6968386024236679,0.7000626996159554,0.6963193863630295,0.6970915719866753,0.6971982270479202,0.6959737092256546,0.6927415207028389,0.6944298222661018,0.6875861659646034,0.6910139843821526,0.690468080341816,0.6916478276252747,0.6933112442493439,0.6944014132022858,0.69043979793787,0.6921325996518135,0.6939425691962242,0.6940273301942008,0.43719757720828056,0.4349248856306076,0.43324676528573036,0.4335448443889618,0.4336576871573925,0.43527061119675636,0.43525873124599457,0.4395511858165264,0.4389232397079468,0.43790196627378464,0.4376182407140732,0.44028808176517487,0.44280074536800385,0.4412391856312752,0.4395248033106327,0.4418298602104187,0.4408506117761135,0.4429625831544399,0.44392579421401024,0.4391319490969181,0.4383038394153118,0.43861133232712746,0.43893861025571823,0.43826695159077644,0.43738342449069023,0.436694223433733,0.4383672662079334,0.4433826021850109,0.4413998909294605,0.44139039516448975,0.44004785642027855,0.43609999865293503,0.43799589574337006,0.4387260787189007,0.4376610852777958,0.43949315696954727,0.43902039155364037,0.43762143328785896,0.4416952133178711,0.4370640441775322,0.4387486204504967,0.4417249597609043,0.43982427194714546,0.4403787776827812,0.43995799124240875,0.43811942264437675,0.43724140152335167,0.43774405121803284,0.11226378567516804,0.11436749063432217,0.11543668620288372,0.11820911057293415,0.12068575993180275,0.1186562217772007,0.11937756184488535,0.12003088463097811,0.12016305048018694,0.11904517840594053,0.11791668087244034,0.1210841340944171,0.12149298936128616,0.1206743260845542,0.12102620583027601,0.11998805403709412,0.11843088828027248,0.11899768840521574,0.11599373165518045,0.1158679686486721,0.11753679718822241,0.11743825767189264,0.11916862707585096,0.1188528724014759,0.11634406726807356,0.11787691991776228,0.11849652417004108,0.11773060634732246,0.1197322616353631,0.11790639627724886,0.11730993539094925,0.11742532812058926,0.11874453350901604,0.1194620206952095,0.11967128235846758,0.11931655369699001,0.12100676074624062,0.12146372348070145,0.12141856364905834,0.1199525510892272,0.11796750128269196,0.11826814897358418,0.11666261777281761,0.11816971097141504,0.11784601677209139,0.11928568687289953,0.11840464267879725,0.11971253475972585
SGF_RFW,2,13,0.045318007469177246,0.007769107818603516,7.198172569274902,6.975015640258789,275.08459210395813,4298.196751624346,64,1920,7320,0,0,0,0,0.590015709400177,0.5991004854440689,0.6031275913119316,0.6004982814192772,0.5960117802023888,0.5960672199726105,0.5928856730461121,0.5903025195002556,0.5913799032568932,0.587447389960289,0.5866311714053154,0.5864786207675934,0.5889919698238373,0.5893224626779556,0.5894569531083107,0.5931270644068718,0.5933632701635361,0.597438745200634,0.5981741026043892,0.5993403270840645,0.5990790203213692,0.598051980137825,0.5974120646715164,0.5967623814940453,0.5962656885385513,0.5956155881285667,0.5926748588681221,0.5877940207719803,0.5970902666449547,0.5901964604854584,0.5997397527098656,0.6027273088693619,0.60120440274477,0.6055558770895004,0.6024631261825562,0.5961726307868958,0.590561255812645,0.5922151580452919,0.5979637205600739,0.5986906513571739,0.5941545218229294,0.5926445946097374,0.59444909542799,0.5966417044401169,0.5967960357666016,0.60117207467556,0.5992505252361298,0.6027411222457886,0.4636886194348335,0.45865151658654213,0.462775819003582,0.46558965370059013,0.4701889008283615,0.47145121917128563,0.47200832888484,0.472900353372097,0.4738011360168457,0.4798739440739155,0.4797723814845085,0.47657444328069687,0.47458258271217346,0.4726708419620991,0.4769016243517399,0.4737544432282448,0.47348732873797417,0.4735778383910656,0.4679298810660839,0.46504275128245354,0.4651081934571266,0.4658687226474285,0.47380029782652855,0.4729308560490608,0.47271987423300743,0.46928955987095833,0.47036033496260643,0.4725365564227104,0.4693278931081295,0.47519325837492943,0.4660981632769108,0.4639124795794487,0.4698607921600342,0.47408929467201233,0.47844988852739334,0.47748567536473274,0.4772976115345955,0.47306399047374725,0.4725656397640705,0.4730423577129841,0.473868764936924,0.4734787717461586,0.47119496017694473,0.47189705073833466,0.47113165631890297,0.47587674856185913,0.4788990914821625,0.4757736027240753,0.11205816082656384,0.11689260601997375,0.11834707390516996,0.1263652192428708,0.12565577775239944,0.12058172840625048,0.12220717966556549,0.12420973274856806,0.12663959059864283,0.12311558146029711,0.12146459333598614,0.12443673145025969,0.1259381389245391,0.12336832750588655,0.12543181609362364,0.12201957777142525,0.1221153549849987,0.12708685733377934,0.12729609571397305,0.12967441976070404,0.12809734791517258,0.12203283794224262,0.12387952487915754,0.12644052598625422,0.12656020279973745,0.12504678033292294,0.12566545978188515,0.1234660679474473,0.12042962852865458,0.12019165698438883,0.12399144005030394,0.12750142812728882,0.12790503166615963,0.12197631783783436,0.11818570457398891,0.11902911122888327,0.11905472073704004,0.12360782735049725,0.12426491547375917,0.12566630449146032,0.12255191337317228,0.12202024459838867,0.11953167151659727,0.12240820564329624,0.1240805210545659,0.12535043992102146,0.12494877818971872,0.12062516169888633
SGF_RFW,3,13,0.2822932004928589,0.32469328244527185,3.092644691467285,6.203151702880859,277.00107169151306,4328.141745179892,64,1920,7320,0,0,0,0,0.6002651378512383,0.6036259010434151,0.6070520728826523,0.6062509790062904,0.60151007771492,0.6009778827428818,0.6004987731575966,0.6005362644791603,0.5980873107910156,0.5981351137161255,0.596989244222641,0.5926141813397408,0.598364345729351,0.5973830223083496,0.6000088378787041,0.604605533182621,0.6121905818581581,0.6147090941667557,0.602414570748806,0.6006947234272957,0.6039402410387993,0.6013514176011086,0.601349227130413,0.5968637987971306,0.5997592136263847,0.6016291826963425,0.6048241034150124,0.5977961421012878,0.5951069965958595,0.595637783408165,0.5966776609420776,0.6001496315002441,0.5938859209418297,0.5949382334947586,0.5979376137256622,0.59816063195467,0.6007935330271721,0.6020383164286613,0.6011097654700279,0.6044371575117111,0.6024929583072662,0.5994435548782349,0.6010135486721992,0.5979713797569275,0.5924579724669456,0.6018055602908134,0.6053176745772362,0.6024355803217206,0.5059533566236496,0.5058271065354347,0.5074058473110199,0.5097779184579849,0.509545125067234,0.5084141194820404,0.5103091895580292,0.5115843564271927,0.5093251913785934,0.5102625116705894,0.5132854804396629,0.512336976826191,0.5055293515324593,0.5060187354683876,0.5086883082985878,0.507603332400322,0.503940861672163,0.5011810027062893,0.5071010813117027,0.5084917023777962,0.5089723020792007,0.509914718568325,0.5078806653618813,0.5104676187038422,0.5119977444410324,0.5121435821056366,0.5103318318724632,0.5124014317989349,0.5146801173686981,0.5133171901106834,0.5146534964442253,0.512616254389286,0.5178151652216911,0.5150326266884804,0.5143164470791817,0.51682960242033,0.5131472647190094,0.5161243677139282,0.5151654109358788,0.5132398158311844,0.514061450958252,0.5137873366475105,0.5117315277457237,0.5142286941409111,0.514686331152916,0.513819582760334,0.512311115860939,0.5153809104646955,0.13335014693439007,0.13422594964504242,0.1356422808021307,0.1395480204373598,0.14089858904480934,0.1389090809971094,0.13868337869644165,0.13770831935107708,0.1406057346612215,0.14066094532608986,0.1384973656386137,0.1383288837969303,0.1371670886874199,0.13695884495973587,0.13908484391868114,0.13803398981690407,0.13975312933325768,0.139787919819355,0.13739202357828617,0.1372106559574604,0.13765029050409794,0.1368555910885334,0.13515642285346985,0.1358125526458025,0.134970648214221,0.13546445034444332,0.13574933633208275,0.1376798078417778,0.1371054109185934,0.13666486740112305,0.13572744838893414,0.13888779655098915,0.13894801028072834,0.13913972489535809,0.13682568818330765,0.1366533413529396,0.1392399314790964,0.13797669485211372,0.13520747050642967,0.13260357826948166,0.13568957895040512,0.13712926395237446,0.13599618710577488,0.13628567568957806,0.1339900903403759,0.1338740661740303,0.1369995754212141,0.13990068222795213
SGF_RFW,0,14,0.060014526049296024,0.04525212446848548,6.047166347503662,8.013360023498535,275.3173213005066,4301.8331453204155,64,1920,7320,0,0,0,0,0.6798072829842567,0.6792987585067749,0.6675090119242668,0.6691374778747559,0.6628013029694557,0.6663057953119278,0.674611046910286,0.6898214519023895,0.6950571611523628,0.6815357059240341,0.6681429967284203,0.662871889770031,0.6687302887439728,0.6543835178017616,0.6850482895970345,0.7013789936900139,0.7057833224534988,0.7061751559376717,0.6953228861093521,0.692764014005661,0.6854748949408531,0.695009782910347,0.7098977267742157,0.7141963988542557,0.7103420719504356,0.7036094292998314,0.7020535841584206,0.7012025341391563,0.7105135470628738,0.7103365138173103,0.7110708504915237,0.7035451680421829,0.6772507354617119,0.6697158589959145,0.6642482131719589,0.659252405166626,0.6833752244710922,0.6853426471352577,0.6836327984929085,0.6661603227257729,0.6776331886649132,0.6849852949380875,0.655141107738018,0.6683355867862701,0.680015467107296,0.6941578388214111,0.7042959481477737,0.6986987335341317,0.3014121316373348,0.297153290361166,0.30393270403146744,0.29730819538235664,0.29506098479032516,0.2932487465441227,0.2969522923231125,0.2910862900316715,0.29304369166493416,0.3025844730436802,0.2991790473461151,0.294868852943182,0.2927174083888531,0.29807551205158234,0.2880534753203392,0.280119888484478,0.2818121835589409,0.2902646102011204,0.29535557702183723,0.2913884334266186,0.2997947223484516,0.2919379435479641,0.28715459257364273,0.2903372421860695,0.2937096655368805,0.30062824860215187,0.29632994160056114,0.29940182715654373,0.29503845050930977,0.29060399532318115,0.28624752536416054,0.2865055911242962,0.290984820574522,0.2921193167567253,0.296005479991436,0.307590551674366,0.2913892939686775,0.28653204813599586,0.2858145795762539,0.2916717566549778,0.2829723320901394,0.2825816981494427,0.29318884387612343,0.29284563288092613,0.29155848920345306,0.2810226380825043,0.28143497183918953,0.28544231823512484,0.11590638104826212,0.11970317550003529,0.12256930954754353,0.12576853390783072,0.12576742004603148,0.12380376365035772,0.11921045184135437,0.12377542164176702,0.12880241218954325,0.13152184523642063,0.13254189305007458,0.12981147319078445,0.1342740748077631,0.13302695006132126,0.12778593134135008,0.131611748598516,0.13451581075787544,0.12675481382757425,0.1243337094783783,0.12130273971706629,0.12226788233965635,0.12636251654475927,0.12106350157409906,0.11824949271976948,0.11931104585528374,0.121271051466465,0.12840081565082073,0.12501730024814606,0.12436363752931356,0.1323466096073389,0.1292988285422325,0.13104369957000017,0.13690840639173985,0.135827811434865,0.1310378611087799,0.13377049937844276,0.13090559095144272,0.134502112865448,0.1304817646741867,0.13086974062025547,0.13061437755823135,0.13374546356499195,0.13609548658132553,0.136645732447505,0.13631251826882362,0.1383966989815235,0.13695133477449417,0.1352306944983346
SGF_RFW,1,14,0.06812687714894616,0.06315088272094727,6.0632171630859375,7.01412296295166,439.5164432525635,6867.444425821304,64,1920,7320,0,0,0,0,0.6478432342410088,0.6455203965306282,0.6362254098057747,0.6340739578008652,0.6217179074883461,0.6028011962771416,0.6089505031704903,0.6037097051739693,0.6033104211091995,0.597694419324398,0.5877129882574081,0.6103884428739548,0.6402155160903931,0.64911849796772,0.635727271437645,0.6130771189928055,0.6061372309923172,0.6132240816950798,0.631064735352993,0.6561809703707695,0.6480770781636238,0.6333387270569801,0.6441881656646729,0.6450334936380386,0.6309948265552521,0.6299178302288055,0.6452563107013702,0.6453135535120964,0.6277144178748131,0.6307545378804207,0.6320126876235008,0.6452764868736267,0.6594313830137253,0.6650411412119865,0.66031613945961,0.6601020693778992,0.6460125893354416,0.6374209374189377,0.6324579864740372,0.6205992847681046,0.6078442186117172,0.6213936358690262,0.6291022524237633,0.635953739285469,0.6400104463100433,0.6248001530766487,0.6191331371665001,0.6409897974559239,0.2898610532283783,0.283949863165617,0.2788197323679924,0.28384074568748474,0.2875930406153202,0.289859376847744,0.2927752360701561,0.2916441261768341,0.29948947578668594,0.3022362142801285,0.2887668199837208,0.27429113164544106,0.28868814185261726,0.29026246443390846,0.2905779480934143,0.2930069714784622,0.2869187965989113,0.2825350649654865,0.28838496282696724,0.2707022987306118,0.2837670221924782,0.28537311777472496,0.27371297404170036,0.2738584019243717,0.2837803587317467,0.2849320024251938,0.2733698636293411,0.2783397324383259,0.3030180260539055,0.27825767919421196,0.2819264978170395,0.2766178101301193,0.27271800860762596,0.2813085652887821,0.28569652885198593,0.2869185619056225,0.292378731071949,0.28830013051629066,0.29184554517269135,0.2927609048783779,0.2935294881463051,0.29839562252163887,0.2916143052279949,0.29066242277622223,0.27903013303875923,0.29189881309866905,0.29672543704509735,0.28398193206105915,0.1312052644789219,0.1327451579272747,0.13416095823049545,0.13671084120869637,0.14008540660142899,0.14111097529530525,0.14971002750098705,0.1479553710669279,0.14389425702393055,0.14494867995381355,0.15163947269320488,0.1511291041970253,0.1505711730569601,0.14508743211627007,0.14225696213543415,0.14074590615928173,0.14065223932266235,0.1404838003218174,0.14789458736777306,0.1530177854001522,0.15287323854863644,0.14254062063992023,0.1432912591844797,0.1437348797917366,0.14568636380136013,0.1409547869116068,0.1486747097223997,0.15148665755987167,0.14695296995341778,0.14940697886049747,0.14882461167871952,0.14571816101670265,0.1416054107248783,0.14009144715964794,0.13813822716474533,0.1384515929967165,0.1383822951465845,0.1406987179070711,0.14056497626006603,0.14341165870428085,0.1424654871225357,0.14276796765625477,0.14339973591268063,0.13848453760147095,0.1379967648535967,0.1413147747516632,0.14964326284825802,0.1431398860045842
SGF_RFW,2,14,0.062008122603098514,0.07282831271489465,6.665428638458252,6.923827171325684,275.08211517333984,4298.158049583435,64,1920,7320,0,0,0,0,0.6650649458169937,0.6613326519727707,0.6741280257701874,0.6470566764473915,0.6552293598651886,0.6650551781058311,0.6566083878278732,0.6479666978120804,0.6516910642385483,0.6496859937906265,0.6651338562369347,0.6801580712199211,0.6760897636413574,0.6679766178131104,0.6758852526545525,0.6682915836572647,0.6664705649018288,0.6638573408126831,0.6630835756659508,0.6620172336697578,0.673724040389061,0.67467300593853,0.6829103156924248,0.689454510807991,0.68434639275074,0.6746441423892975,0.663186103105545,0.6571966856718063,0.6430411487817764,0.6421452462673187,0.6535702496767044,0.6621889397501945,0.6648908406496048,0.6780795454978943,0.6790265962481499,0.6668257117271423,0.6775323450565338,0.6629391759634018,0.6555653885006905,0.6856692358851433,0.6773818209767342,0.6808716654777527,0.6934445947408676,0.6604239568114281,0.6460651904344559,0.6505265906453133,0.6636317521333694,0.6676070008959089,0.2504331301897764,0.23803609609603882,0.22850527986884117,0.23027843423187733,0.23792567290365696,0.23204119317233562,0.2354567088186741,0.24501177109777927,0.24902592040598392,0.24973393604159355,0.24210591800510883,0.2352838981896639,0.2409387268126011,0.2371451072394848,0.2370991986244917,0.24272152967751026,0.2339065968990326,0.24619228020310402,0.24794428050518036,0.2521670088171959,0.25471629202365875,0.25078101456165314,0.2428816370666027,0.23474927619099617,0.24388358183205128,0.24390456266701221,0.24792583100497723,0.2573157027363777,0.25417013466358185,0.2594242189079523,0.24891987815499306,0.2430583629757166,0.24416232481598854,0.23318877629935741,0.2380626779049635,0.24195588007569313,0.23944402486085892,0.2546320892870426,0.25808482244610786,0.23997573740780354,0.24921639822423458,0.24708053842186928,0.23633248545229435,0.24282830394804478,0.24874075688421726,0.2528233081102371,0.25005716271698475,0.2622047960758209,0.11506434809416533,0.12687869649380445,0.12589628994464874,0.12316932994872332,0.12667657062411308,0.12362419627606869,0.12741619814187288,0.1334055420011282,0.13707205280661583,0.14222603291273117,0.13252683356404305,0.129341222345829,0.12366097886115313,0.12095499038696289,0.11827830504626036,0.1245879502967,0.12266936432570219,0.1259897332638502,0.1313053760677576,0.12527374736964703,0.11901512090116739,0.1186826303601265,0.12148354668170214,0.11834742315113544,0.11664867587387562,0.1261504739522934,0.12576317507773638,0.11925558187067509,0.1276198849081993,0.12820463441312313,0.1310418527573347,0.12812528386712074,0.11177398171275854,0.11948976293206215,0.1252244794741273,0.12660082057118416,0.13207530230283737,0.12817888241261244,0.1306533645838499,0.1274166963994503,0.12592990696430206,0.12195408158004284,0.11618151981383562,0.12541359942406416,0.13487576507031918,0.13707061856985092,0.13756455853581429,0.13223224452563695
SGF_RFW,3,14,0.06989971796671546,0.06667925914128625,3.7908403873443604,4.97297477722168,277.03361773490906,4328.650277107954,64,1920,7320,0,0,0,0,0.5557267367839813,0.5544988214969635,0.5633064731955528,0.5561934262514114,0.5527959167957306,0.5541375130414963,0.5548924282193184,0.5566744729876518,0.5523091033101082,0.5500306263566017,0.5423261970281601,0.5596267804503441,0.5553190484642982,0.5652922466397285,0.5721733793616295,0.5914665386080742,0.5761983245611191,0.5692080557346344,0.551961712539196,0.546127088367939,0.5309733599424362,0.5226630493998528,0.5090596899390221,0.5090276338160038,0.5147592946887016,0.5310692861676216,0.5430792942643166,0.5367827862501144,0.5468521267175674,0.5512393414974213,0.5537751391530037,0.5525280684232712,0.5617083087563515,0.5689187496900558,0.5666215047240257,0.5638335049152374,0.5611220374703407,0.5513384938240051,0.551030695438385,0.5637037009000778,0.5705693364143372,0.5733072757720947,0.568320743739605,0.5703282579779625,0.568843275308609,0.5556860417127609,0.562448725104332,0.5473322868347168,0.2713494524359703,0.2726638577878475,0.2698017731308937,0.269420363008976,0.27416280284523964,0.26838476955890656,0.2792733237147331,0.2749587930738926,0.2789160907268524,0.29075006768107414,0.28873586282134056,0.2853807434439659,0.2795311063528061,0.2774660475552082,0.27911462262272835,0.2680547535419464,0.28028246760368347,0.26908963173627853,0.27810318022966385,0.2722458951175213,0.276109054684639,0.2851727344095707,0.29003364220261574,0.2881881594657898,0.2947155237197876,0.2917678765952587,0.2863965220749378,0.29097234457731247,0.2812259867787361,0.28664135560393333,0.28044944629073143,0.2733089253306389,0.2710723243653774,0.27195972576737404,0.2766292728483677,0.27387313544750214,0.2750687003135681,0.2755691595375538,0.2820015400648117,0.2874494418501854,0.27970054745674133,0.2724989354610443,0.2729044109582901,0.27635810524225235,0.26669181510806084,0.2768740579485893,0.26998158171772957,0.2860981268542154,0.1336997952312231,0.13537477515637875,0.1316009983420372,0.1344151645898819,0.1366582028567791,0.1405326258391142,0.13947613164782524,0.1413450688123703,0.13981233350932598,0.13594035618007183,0.1412485744804144,0.14168143272399902,0.14112187549471855,0.12965641263872385,0.1246973592787981,0.13501187786459923,0.135789405554533,0.14089635387063026,0.1399215441197157,0.13952438533306122,0.13998562470078468,0.14585423469543457,0.14582806453108788,0.14952057972550392,0.147345669567585,0.13610397092998028,0.14608663879334927,0.14589217491447926,0.1441846303641796,0.14222738705575466,0.14352808333933353,0.14213101752102375,0.13751113042235374,0.13614372722804546,0.13746346719563007,0.13813423551619053,0.13692007772624493,0.13547173328697681,0.13587349466979504,0.135635145008564,0.13603705540299416,0.13825930282473564,0.13975352980196476,0.13683843053877354,0.1355817187577486,0.13451714627444744,0.13517463207244873,0.13684267657143728
SGF_RFW,0,15,0.07069323460261023,0.07670243581136071,9.349495887756348,10.769942283630371,275.13895559310913,4299.04618114233,64,1920,7320,0,0,0,0,0.702094167470932,0.698041245341301,0.7013771533966064,0.7010268270969391,0.703605979681015,0.7068510949611664,0.7048011124134064,0.7038580924272537,0.7167221009731293,0.7217855229973793,0.7150656059384346,0.7062637880444527,0.7018907889723778,0.7016128152608871,0.7044172585010529,0.7101382836699486,0.7141784131526947,0.7036231085658073,0.6845293715596199,0.6794518604874611,0.6727483198046684,0.6868581473827362,0.6999500021338463,0.7016395702958107,0.7086566090583801,0.7018025368452072,0.6855826899409294,0.686064250767231,0.6964919343590736,0.69876579195261,0.7036302760243416,0.7003279849886894,0.6969349458813667,0.6927794218063354,0.6990991160273552,0.7036899402737617,0.7009801641106606,0.6994810476899147,0.6945872381329536,0.7002587169408798,0.7061695903539658,0.7101657316088676,0.7099436968564987,0.7046893760561943,0.7019306123256683,0.7000248357653618,0.6978218629956245,0.708505494253976,0.45988333225250244,0.4627581275999546,0.46977655962109566,0.4722858630120754,0.46842678636312485,0.4544392414391041,0.44814280793070793,0.44722696766257286,0.45130735635757446,0.46188200637698174,0.47106247395277023,0.4798991419374943,0.47490572556853294,0.46645384281873703,0.4691796526312828,0.4637887142598629,0.4596833139657974,0.4646366722881794,0.47937238216400146,0.487405888736248,0.4926910661160946,0.4887698106467724,0.48500756546854973,0.48287585750222206,0.47847356647253036,0.4815458729863167,0.49453433603048325,0.5076167583465576,0.49528830870985985,0.4850876219570637,0.4783207140862942,0.47191891446709633,0.4698367044329643,0.4730757176876068,0.47306324541568756,0.47807611152529716,0.47843894734978676,0.4733368679881096,0.47257959470152855,0.46776384860277176,0.4683620072901249,0.47140736877918243,0.47671792283654213,0.4828115850687027,0.4829532951116562,0.48097967356443405,0.4722498543560505,0.461514664547784,0.0800543176010251,0.08595981914550066,0.09103830438107252,0.09884521644562483,0.1036923248320818,0.10348429996520281,0.09881866257637739,0.09584990050643682,0.09540064726024866,0.09592352993786335,0.09857309330254793,0.1017289087176323,0.10767990723252296,0.10788151994347572,0.10624651703983545,0.10498926136642694,0.10027635004371405,0.09751195553690195,0.096121646463871,0.09545339271426201,0.09573974180966616,0.09519900940358639,0.09420141205191612,0.096940235234797,0.09684768877923489,0.09147544577717781,0.09196723066270351,0.0924668237566948,0.09209253173321486,0.09270909428596497,0.09378340933471918,0.09494706522673368,0.0936480825766921,0.09539062157273293,0.094986442476511,0.09331093169748783,0.09438441507518291,0.09433694928884506,0.09482899028807878,0.0981284212321043,0.1006943304091692,0.09979491587728262,0.09682417940348387,0.09720764867961407,0.10214134678244591,0.10483494028449059,0.10489722341299057,0.10204167770487922
SGF_RFW,1,15,0.0843425989151001,0.07690403858820594,12.61178970336914,14.756218910217285,451.1833999156952,7049.740623682737,64,1920,7320,0,0,0,0,0.6461793333292007,0.6663638427853584,0.6711073592305183,0.6656467095017433,0.6631761714816093,0.659095324575901,0.6401090696454048,0.6293345466256142,0.6329024583101273,0.6402953788638115,0.6490857377648354,0.6607798337936401,0.6693223416805267,0.6578137204051018,0.6486630514264107,0.6441816240549088,0.6365471184253693,0.6213343515992165,0.6389822214841843,0.6472835391759872,0.6556212902069092,0.6654352620244026,0.6770884022116661,0.6702790558338165,0.6707924753427505,0.6641996502876282,0.6532702594995499,0.6558339223265648,0.6573288664221764,0.6509336158633232,0.6608082056045532,0.6777194738388062,0.6761488392949104,0.6667091026902199,0.6616369932889938,0.6567819193005562,0.6501035615801811,0.6508800014853477,0.6480741202831268,0.652525320649147,0.6617453470826149,0.6625733599066734,0.66146619617939,0.6499749198555946,0.6390139013528824,0.6323968470096588,0.6304245218634605,0.6399142146110535,0.44431471452116966,0.43548014387488365,0.43610692769289017,0.4406626522541046,0.43324683979153633,0.43351513892412186,0.4407145082950592,0.4485221318900585,0.4563835524022579,0.45476994663476944,0.45923350751399994,0.44987501576542854,0.44271625205874443,0.44705411046743393,0.44988851994276047,0.4570654220879078,0.4616178311407566,0.46595773845911026,0.45332788676023483,0.450603935867548,0.4456748440861702,0.4417686462402344,0.4374677240848541,0.43601012602448463,0.4334239475429058,0.44389546662569046,0.45514292269945145,0.4570852220058441,0.46099527552723885,0.46391182765364647,0.4562090039253235,0.43690620735287666,0.4269653186202049,0.4341264106333256,0.44057179242372513,0.4437584653496742,0.44363489374518394,0.4445157088339329,0.44693759828805923,0.44796865805983543,0.44046590849757195,0.4401478283107281,0.44542505592107773,0.4506000764667988,0.4553043656051159,0.4620789475739002,0.45966213196516037,0.45201386298452106,0.08837207593023777,0.11439501494169235,0.12907478399574757,0.13834056816995144,0.1432818192988634,0.14121264219284058,0.12889712862670422,0.11547994054853916,0.11322144139558077,0.11457548104226589,0.1180618666112423,0.12069392204284668,0.12001863121986389,0.120143698528409,0.11834877729415894,0.12596944347023964,0.1264357129111886,0.1251033078879118,0.12649991735816002,0.12391200102865696,0.11939454078674316,0.11799165513366461,0.11850966699421406,0.11981078051030636,0.1225663535296917,0.11941540520638227,0.11666210275143385,0.11420273222029209,0.10953765921294689,0.10916522983461618,0.11036351416260004,0.11270566284656525,0.11484536901116371,0.12214620411396027,0.12718794401735067,0.1279271300882101,0.12626384012401104,0.1229229113087058,0.12646537832915783,0.12057765014469624,0.12010157573968172,0.12368643935769796,0.12583033833652735,0.12762349098920822,0.12143257074058056,0.12412238586694002,0.1266879877075553,0.12400761565991811
SGF_RFW,2,15,0.09557783603668213,0.07050214211146033,12.728292465209961,14.908985137939453,275.19575333595276,4299.933645874262,64,1920,7320,0,0,0,0,0.7120353281497955,0.7283523231744766,0.7448940649628639,0.752118393778801,0.749933660030365,0.7519445642828941,0.736196480691433,0.7205888703465462,0.7318360880017281,0.7374591454863548,0.7445232272148132,0.7492486983537674,0.7377708032727242,0.7261448353528976,0.7202569991350174,0.7240440845489502,0.7269327268004417,0.726265124976635,0.7330083772540092,0.7303968146443367,0.7174549996852875,0.7169632315635681,0.7252797707915306,0.7300579398870468,0.7290173694491386,0.7233716249465942,0.7102979272603989,0.7055272832512856,0.7225379943847656,0.7237725481390953,0.7178856581449509,0.7214322313666344,0.7297834977507591,0.7279749736189842,0.7336612865328789,0.7369054183363914,0.732132226228714,0.7257006987929344,0.7177930623292923,0.7089264020323753,0.7127346843481064,0.7155684158205986,0.7131136059761047,0.6962502151727676,0.7021185234189034,0.7219623848795891,0.7231669723987579,0.7205893737929208,0.43635106459259987,0.4348513223230839,0.42758579179644585,0.4243006557226181,0.42195887863636017,0.41272320598363876,0.4181891158223152,0.43270688131451607,0.4356422461569309,0.442993700504303,0.44025851786136627,0.43072858080267906,0.4313705638051033,0.44026700034737587,0.4448293633759022,0.44650713726878166,0.44627346470952034,0.4439655542373657,0.43391022086143494,0.43058592453598976,0.43868463113904,0.4425709769129753,0.44328608736395836,0.43815698102116585,0.4371565543115139,0.4371311068534851,0.4391850270330906,0.4440724551677704,0.4382939040660858,0.44645868241786957,0.45564237236976624,0.45561550185084343,0.45085423439741135,0.44566087052226067,0.4352326914668083,0.431334774941206,0.43564681336283684,0.4401173107326031,0.4449058026075363,0.45162641629576683,0.45083941519260406,0.44830381125211716,0.4494083970785141,0.4525335393846035,0.44904322177171707,0.4382162131369114,0.4390033148229122,0.4419474984918322,0.08521564584225416,0.09876543004065752,0.10526873636990786,0.10605709068477154,0.11173319257795811,0.11231768317520618,0.10778896044939756,0.10115418490022421,0.1011489862576127,0.10246477369219065,0.10834099538624287,0.11305624898523092,0.11175450962036848,0.10808878857642412,0.10474144481122494,0.10515790525823832,0.10382359754294157,0.10976962745189667,0.11631513107568026,0.11809136904776096,0.11394946184009314,0.11054542008787394,0.10738859418779612,0.10843514744192362,0.10987784620374441,0.11245719622820616,0.11514267325401306,0.11183199565857649,0.1081726448610425,0.1038869246840477,0.10601554438471794,0.10653165634721518,0.11000973638147116,0.10530551988631487,0.10098981484770775,0.0983206881210208,0.10323372948914766,0.10546666011214256,0.10902157239615917,0.11244974285364151,0.10977905336767435,0.10896343272179365,0.106149778701365,0.10783825814723969,0.10651416424661875,0.1072358163073659,0.10904872044920921,0.10958439218146461
SGF_RFW,3,15,0.04778496424357093,0.06794104973475135,9.30938720703125,10.129656791687012,277.2240331172943,4331.625517457724,64,1920,7320,0,0,0,0,0.7043803110718727,0.7166373506188393,0.721769705414772,0.7181462869048119,0.7111747860908508,0.7013765797019005,0.6890744864940643,0.6826461628079414,0.6869993731379509,0.682309165596962,0.6917387023568153,0.6978375241160393,0.7067774087190628,0.7034885734319687,0.6941192373633385,0.6922340095043182,0.6901502162218094,0.6886079385876656,0.685669057071209,0.6866846829652786,0.7033957913517952,0.698757492005825,0.698533184826374,0.7131771519780159,0.7102595269680023,0.6976781487464905,0.6960479170084,0.6976388171315193,0.7006604000926018,0.7090157717466354,0.7166030406951904,0.7190493494272232,0.7136296480894089,0.7128001525998116,0.715458907186985,0.7235371991991997,0.7249412834644318,0.7231515273451805,0.7168053984642029,0.7259331494569778,0.7223261669278145,0.7249009981751442,0.7182134985923767,0.717157244682312,0.7139199376106262,0.7100640386343002,0.7093537896871567,0.7055220348494393,0.4587329551577568,0.4604348987340927,0.4626903310418129,0.45610620081424713,0.4552431181073189,0.45661745220422745,0.4639221578836441,0.4712187312543392,0.48151299729943275,0.4904889538884163,0.4938218332827091,0.4890005588531494,0.4825209975242615,0.478198803961277,0.47873426601290703,0.47812700271606445,0.4810928590595722,0.48007288575172424,0.4718341641128063,0.4572671987116337,0.4435363858938217,0.4454999826848507,0.4526575170457363,0.463128287345171,0.47388768196105957,0.48024125024676323,0.47102807834744453,0.4744965098798275,0.47077295556664467,0.465855922549963,0.46363382786512375,0.4687347672879696,0.4668169431388378,0.4668242521584034,0.4609944336116314,0.4623021297156811,0.46486205607652664,0.4695236496627331,0.4786246679723263,0.473805233836174,0.472303181886673,0.4687490463256836,0.46939751133322716,0.4637616537511349,0.46844593062996864,0.4752124287188053,0.47432248666882515,0.4743090569972992,0.0879499539732933,0.09170304983854294,0.09493477083742619,0.09693646524101496,0.09593201335519552,0.0952997813001275,0.09085409250110388,0.08799980767071247,0.08932866528630257,0.09057833440601826,0.09319790080189705,0.0958422003313899,0.09572163131088018,0.09644004516303539,0.09760247077792883,0.10083186626434326,0.09954158496111631,0.10129755269736052,0.09835268277674913,0.09604254830628633,0.093321168795228,0.09459478966891766,0.09133953414857388,0.09173638094216585,0.09110197238624096,0.09441833291202784,0.09570395015180111,0.09698232263326645,0.09646068047732115,0.09459739364683628,0.0936981774866581,0.09650185517966747,0.09678193368017673,0.09520206972956657,0.09371639136224985,0.0922332089394331,0.08835857268422842,0.08852024376392365,0.09211461525410414,0.0928216204047203,0.09413861017674208,0.092758116312325,0.09071058128029108,0.09010481182485819,0.08929702360183,0.09214479476213455,0.09414541814476252,0.09505355145250048
SGF_RFW,0,16,0.13700215021769202,0.10131909449895227,10.478160858154297,13.842275619506836,275.2264053821564,4300.412584096193,64,1920,7320,0,0,0,0,0.5712148919701576,0.535661194473505,0.6250426396727562,0.665344201028347,0.697365052998066,0.6796543374657631,0.6883051246404648,0.642644852399826,0.6321457847952843,0.6541665568947792,0.6339049190282822,0.5890168622136116,0.6028321236371994,0.6096777096390724,0.6215377226471901,0.6127974465489388,0.6270782202482224,0.6499156653881073,0.6640288978815079,0.6808389872312546,0.6591090187430382,0.6969921514391899,0.660102941095829,0.6547723636031151,0.6219343394041061,0.6172486841678619,0.6378181204199791,0.6227510049939156,0.5764702335000038,0.5820403099060059,0.613243356347084,0.5877715572714806,0.5949888154864311,0.5959856137633324,0.6145637184381485,0.6647893190383911,0.6587127968668938,0.625432588160038,0.6485942453145981,0.642378643155098,0.6294503509998322,0.6273024678230286,0.637594074010849,0.60843775421381,0.5980313718318939,0.5956923961639404,0.5420840531587601,0.5763784306389945,0.39788609743118286,0.38172637671232224,0.2953359894454479,0.25662163831293583,0.24921596981585026,0.28781620040535927,0.2935964949429035,0.33667780831456184,0.3520120196044445,0.33858776465058327,0.32507723942399025,0.3268071785569191,0.30179912969470024,0.30547546222805977,0.3316584564745426,0.351557619869709,0.34666282311081886,0.3329349718987942,0.31189217045903206,0.2953418456017971,0.30557167530059814,0.2840975783765316,0.3093848079442978,0.30955203250050545,0.3255700431764126,0.3326529897749424,0.3237052895128727,0.34715453162789345,0.4085581973195076,0.43636421114206314,0.4039680026471615,0.3785657435655594,0.35905369371175766,0.3572109714150429,0.34925558418035507,0.3254276216030121,0.3154508136212826,0.30581722408533096,0.3039744682610035,0.32955242693424225,0.35501447692513466,0.34403907507658005,0.3247636519372463,0.334277618676424,0.3119305185973644,0.30000437796115875,0.3478894457221031,0.3107427528926304,0.11794591322541237,0.1080960389226675,0.11107254307717085,0.11249930784106255,0.11655254289507866,0.12287634704262018,0.140260461717844,0.14132160879671574,0.1450494732707739,0.14402147568762302,0.12876015901565552,0.11783300619572401,0.11279101483523846,0.10649204067885876,0.11868929676711559,0.12834185641258955,0.1361045427620411,0.14989293366670609,0.15775608085095882,0.16712273471057415,0.1720267478376627,0.15280362404882908,0.13699170015752316,0.1363838892430067,0.12013171147555113,0.11477326601743698,0.11346192844212055,0.12210258189588785,0.1385880969464779,0.14207378588616848,0.15298322774469852,0.14961327612400055,0.14050091244280338,0.13352394104003906,0.13862131536006927,0.14352481067180634,0.14051719568669796,0.12381836399435997,0.1263073282316327,0.13407868146896362,0.15238485671579838,0.1743100993335247,0.16831924952566624,0.1692326795309782,0.1540487129241228,0.13374126516282558,0.12256445921957493,0.12004733511379787
SGF_RFW,1,16,0.09956212838490808,0.11656548579533899,12.244006156921387,15.718429565429688,275.555184841156,4305.549763143063,64,1920,7320,0,0,0,0,0.5130203999578953,0.5131843015551567,0.5205032825469971,0.5400471985340118,0.529669389128685,0.5269534215331078,0.5264180824160576,0.5284736305475235,0.5294574946165085,0.5349332019686699,0.5331447049975395,0.5397440493106842,0.5402810797095299,0.5541665330529213,0.5511838868260384,0.5411440879106522,0.5369426906108856,0.5322640836238861,0.5370199829339981,0.5339759662747383,0.5387810841202736,0.5424502491950989,0.5454226359724998,0.5363126024603844,0.5364115163683891,0.533212423324585,0.52409478276968,0.5238596871495247,0.5300875827670097,0.5274705812335014,0.5257779955863953,0.539821594953537,0.532965362071991,0.5346618667244911,0.5441054925322533,0.533880926668644,0.5398511663079262,0.5277179703116417,0.5277701169252396,0.5196360647678375,0.534462682902813,0.5508119687438011,0.5429476052522659,0.5314787290990353,0.5261035412549973,0.5286047011613846,0.5268600806593895,0.5148715972900391,0.3843795396387577,0.39727605134248734,0.4084511660039425,0.41989336907863617,0.4137481041252613,0.3941671662032604,0.3794209212064743,0.37866036221385,0.4046481363475323,0.39823921024799347,0.38674813508987427,0.3921377882361412,0.4006682112812996,0.39060423895716667,0.3783029541373253,0.40437814965844154,0.40578901022672653,0.3981793783605099,0.37356026843190193,0.38465483486652374,0.3888278380036354,0.3964898996055126,0.4166320338845253,0.4047197066247463,0.3955765888094902,0.3904309719800949,0.38976791501045227,0.40003660693764687,0.3940569683909416,0.39251846447587013,0.410339318215847,0.4138997755944729,0.40349266305565834,0.4032873958349228,0.39536506310105324,0.3813200443983078,0.3844686709344387,0.3896218277513981,0.3869369402527809,0.4056970961391926,0.39429161325097084,0.38354119658470154,0.38291917741298676,0.38565992563962936,0.3941325508058071,0.39113395661115646,0.3927338160574436,0.3992394081183842,0.10250528622418642,0.09140115976333618,0.09012297261506319,0.09275816194713116,0.09076742269098759,0.08737608883529902,0.08896793331950903,0.09334077499806881,0.09472517389804125,0.09353582002222538,0.09443872142583132,0.09334010444581509,0.09165148809552193,0.09508609585464001,0.09231388662010431,0.0897319233044982,0.08793752547353506,0.08456853404641151,0.08667122479528189,0.09676460176706314,0.09901911485940218,0.10248206835240126,0.10253237374126911,0.09541610348969698,0.08981981128454208,0.09307258948683739,0.08661672752350569,0.0978058548644185,0.09660438075661659,0.0941116251051426,0.09381793905049562,0.09226031880825758,0.09219282306730747,0.09387412760406733,0.0961849195882678,0.0944963451474905,0.09201909974217415,0.09340635873377323,0.09830234665423632,0.0940976357087493,0.09687063284218311,0.09860649798065424,0.09142674412578344,0.08508383110165596,0.08930116053670645,0.09227043017745018,0.08957143872976303,0.09213111868926457
SGF_RFW,2,16,0.07790790001551307,0.09748125076293945,13.963139533996582,13.243830680847168,275.22548961639404,4300.398275256157,64,1920,7320,0,0,0,0,0.5195482224225998,0.5143067091703415,0.5195786915719509,0.5511950552463531,0.5768182650208473,0.5939812660217285,0.587074764072895,0.5947017669677734,0.578448697924614,0.5527804419398308,0.559943899512291,0.585301898419857,0.5907659530639648,0.5927182510495186,0.5587627291679382,0.5365181490778923,0.5499643459916115,0.5443690344691277,0.5313055068254471,0.5504738464951515,0.5392738655209541,0.5440705791115761,0.5395671129226685,0.5520028993487358,0.5663051828742027,0.5853880271315575,0.6132591217756271,0.6051644906401634,0.5842895284295082,0.5626422017812729,0.5453731417655945,0.5431227460503578,0.5630340427160263,0.5482011139392853,0.5242407321929932,0.5371095165610313,0.554888017475605,0.5568004921078682,0.5731988772749901,0.5770162865519524,0.5778988748788834,0.5593951269984245,0.5632316768169403,0.549263022840023,0.5611921846866608,0.5467779785394669,0.5545777231454849,0.5676722185952323,0.41330207139253616,0.42683952674269676,0.4677341431379318,0.44294459372758865,0.4168141894042492,0.3915662579238415,0.36873380467295647,0.3703701086342335,0.36560460552573204,0.3687949553132057,0.3962000608444214,0.39369264245033264,0.39154499024152756,0.38115953281521797,0.3953878730535507,0.41865384951233864,0.3886812962591648,0.40905632078647614,0.4325648061931133,0.43401432409882545,0.4107130691409111,0.40997232496738434,0.4115937426686287,0.38649891316890717,0.365678146481514,0.37759075686335564,0.39812183007597923,0.4091890789568424,0.4297372177243233,0.4376053959131241,0.4395073615014553,0.4225871227681637,0.4233693331480026,0.42251063883304596,0.4296284057199955,0.4102330096065998,0.3934907428920269,0.39230727404356003,0.39108458533883095,0.3919549249112606,0.402560580521822,0.43975630402565,0.45430080592632294,0.42001985013484955,0.40063999593257904,0.41945433616638184,0.42236219346523285,0.4132642447948456,0.08828654419630766,0.07907513715326786,0.08100978285074234,0.10228931717574596,0.1292181760072708,0.14019526354968548,0.132918955758214,0.1298016980290413,0.11430125031620264,0.10003973264247179,0.0997562725096941,0.10188667383044958,0.09907537698745728,0.09803591202944517,0.09677163884043694,0.08925759606063366,0.09204527270048857,0.0922936387360096,0.08394615165889263,0.08527346886694431,0.0858982466161251,0.09245465509593487,0.10405233222991228,0.1075676791369915,0.10924772638827562,0.11280376091599464,0.11326749343425035,0.1055498132482171,0.09662683494389057,0.09211457334458828,0.0881086653098464,0.08608138840645552,0.0871804328635335,0.08540713973343372,0.0922933341935277,0.10264129191637039,0.09983881749212742,0.10011183843016624,0.102048902772367,0.10026454273611307,0.09540320001542568,0.088107043877244,0.08691153209656477,0.08524749893695116,0.08882456459105015,0.09270551893860102,0.09356721676886082,0.09954746493271419
SGF_RFW,3,16,0.10200617710749305,0.12006072203318274,10.753939628601074,13.197606086730957,278.38020300865173,4349.690672010183,64,1920,7320,0,0,0,0,0.5670165121555328,0.5840428471565247,0.6119815707206726,0.6302326545119286,0.6294345930218697,0.6328456029295921,0.6416498869657516,0.6323486343026161,0.6335419118404388,0.6310910955071449,0.645598515868187,0.6483118236064911,0.6622915267944336,0.6429734826087952,0.6250002235174179,0.617763489484787,0.606131911277771,0.6041870340704918,0.5902211591601372,0.5938510745763779,0.571169026196003,0.542488232254982,0.5688816979527473,0.5775423869490623,0.5636142492294312,0.5785081684589386,0.625701867043972,0.6306152790784836,0.6195229813456535,0.6302415728569031,0.6186894699931145,0.6195692718029022,0.6162935793399811,0.6180090680718422,0.620473749935627,0.6219816207885742,0.5855859220027924,0.5894264280796051,0.6081359907984734,0.6213348284363747,0.6245336085557938,0.6341175511479378,0.6481576189398766,0.6426565423607826,0.67550478130579,0.6734862774610519,0.654893584549427,0.6737367255347115,0.34190237522125244,0.35022982954978943,0.3320480212569237,0.30962302908301353,0.30086951330304146,0.2724796459078789,0.26885248348116875,0.2737911753356457,0.2709626220166683,0.28356754779815674,0.3056795671582222,0.31621484085917473,0.28400103002786636,0.27060626819729805,0.29568907618522644,0.30198120698332787,0.3168930187821388,0.32752183079719543,0.3266349472105503,0.3224859721958637,0.3417386934161186,0.33626944944262505,0.33766008913517,0.3034770265221596,0.2842746451497078,0.2900036834180355,0.27645115554332733,0.2787695527076721,0.2825600989162922,0.2980695851147175,0.3322400711476803,0.33384978771209717,0.32933903858065605,0.3226935528218746,0.32537609338760376,0.3263716660439968,0.32178815081715584,0.287432461977005,0.2844915986061096,0.2661891393363476,0.2660127431154251,0.24982955306768417,0.21655181236565113,0.21450409479439259,0.21500507555902004,0.23461761511862278,0.2726413570344448,0.25660034801278797,0.09968722332268953,0.10726077668368816,0.1136568021029234,0.11501362454146147,0.1297520399093628,0.13003770634531975,0.12342485133558512,0.1317411307245493,0.13735600374639034,0.14809344336390495,0.14379299618303776,0.1324382070451975,0.12550927605479956,0.126037678681314,0.1258589718490839,0.11913739331066608,0.11480715405195951,0.11442383099347353,0.12324813194572926,0.12644919846206903,0.12257602252066135,0.11527269333600998,0.11977673042565584,0.11356266681104898,0.10928785242140293,0.1179414326325059,0.10525979567319155,0.11395806074142456,0.1298591597005725,0.13238572888076305,0.12303568702191114,0.12288171425461769,0.12662049941718578,0.11985272634774446,0.11628382373601198,0.11496033146977425,0.12235975079238415,0.12929842993617058,0.12192210741341114,0.12574440892785788,0.1282061617821455,0.12945357151329517,0.1271262587979436,0.13798744603991508,0.13084491156041622,0.1257221531122923,0.11309196706861258,0.1000393373625619
SGF_RFW,0,17,0.22505921125411987,0.20357880989710486,12.628427505493164,9.60933780670166,275.1948301792145,4299.919221550226,64,1920,7320,0,0,0,0,0.6080273613333702,0.6345842927694321,0.6455916836857796,0.6172711551189423,0.5964050069451332,0.5681380704045296,0.5891018658876419,0.5917484685778618,0.6199319586157799,0.5983632206916809,0.5909034386277199,0.6212164536118507,0.6476283371448517,0.6391414329409599,0.6349053680896759,0.639768697321415,0.624498151242733,0.6128523722290993,0.62655920535326,0.6047294586896896,0.6127189695835114,0.6259569525718689,0.6179332435131073,0.6241254284977913,0.6237265393137932,0.6211617439985275,0.6286784559488297,0.6314748823642731,0.6131358593702316,0.6312242448329926,0.5739453732967377,0.5367239937186241,0.526287354528904,0.5036719478666782,0.5080467015504837,0.5355372130870819,0.5626400783658028,0.5770445987582207,0.5972344800829887,0.5968102663755417,0.5922495871782303,0.5929797887802124,0.6010667607188225,0.604149617254734,0.6063342019915581,0.6061395183205605,0.6032454073429108,0.6037933145250592,0.4270777814090252,0.4553810730576515,0.49750039726495743,0.49709778279066086,0.49996189400553703,0.47908736765384674,0.44494373723864555,0.43934429809451103,0.44091061875224113,0.46320418268442154,0.47237663716077805,0.458731085062027,0.4422137401998043,0.4326934330165386,0.4191879332065582,0.4242157004773617,0.4313879981637001,0.44965703040361404,0.4547060467302799,0.4489845186471939,0.43655694276094437,0.43907785415649414,0.44693395122885704,0.4522438459098339,0.44781504198908806,0.43607206270098686,0.4252374544739723,0.42816920951008797,0.4511110484600067,0.4270383268594742,0.44403425604104996,0.4417637325823307,0.43445494025945663,0.4423776678740978,0.43867624551057816,0.44094905257225037,0.45376433432102203,0.4708210900425911,0.46156640350818634,0.45480792969465256,0.45661965385079384,0.4447514936327934,0.4259989261627197,0.4233963377773762,0.4038483314216137,0.41010884940624237,0.41129669919610023,0.417288567338671,0.1261112354695797,0.12765239086002111,0.12725207768380642,0.13594011031091213,0.14474444650113583,0.14900463446974754,0.14235245808959007,0.1346549317240715,0.1271084789186716,0.13041497208178043,0.13137251511216164,0.13101781532168388,0.13214834965765476,0.13408825732767582,0.13546521961688995,0.13566934131085873,0.13747549429535866,0.14019322767853737,0.13626317121088505,0.13372898660600185,0.13353692553937435,0.1331756766885519,0.13256353698670864,0.13187121413648129,0.12923315912485123,0.13030962087213993,0.13351923041045666,0.13041401654481888,0.1304554734379053,0.12324404623359442,0.130400899797678,0.1390272155404091,0.1412076186388731,0.1452262420207262,0.145557576790452,0.15227387472987175,0.15172954462468624,0.14233249984681606,0.13573056645691395,0.13375208340585232,0.13100306689739227,0.12904719822108746,0.12827039882540703,0.1229803143069148,0.1226995000615716,0.12226609326899052,0.1241965675726533,0.13089775826249803
SGF_RFW,1,17,0.2089995344479879,0.2132401466369629,6.504759311676025,8.33122730255127,273.87671184539795,4279.323622584343,64,1920,7320,0,0,0,0,0.6088608354330063,0.6032747104763985,0.6073892340064049,0.6066593825817108,0.6044290736317635,0.6189753487706184,0.6218720749020576,0.6139432117342949,0.619027629494667,0.6175443530082703,0.6097173020243645,0.611098401248455,0.6124026030302048,0.6181903928518295,0.6140926107764244,0.6255459934473038,0.6176065355539322,0.6136262640357018,0.6092725470662117,0.6131334975361824,0.616970494389534,0.6178581789135933,0.5995150655508041,0.6080465838313103,0.6089336201548576,0.6054728329181671,0.6044915616512299,0.606165885925293,0.6048309430480003,0.599447213113308,0.6058189198374748,0.6018125712871552,0.5969632193446159,0.603592112660408,0.6091213375329971,0.6134735941886902,0.6058397963643074,0.6033568754792213,0.5751080885529518,0.5977606698870659,0.6221375688910484,0.5984122157096863,0.6158537864685059,0.6197869405150414,0.6235145106911659,0.62639170140028,0.6294557154178619,0.6203554357801165,0.3586292788386345,0.3613208308815956,0.359976913779974,0.3614029549062252,0.3617442585527897,0.34744659811258316,0.33823809772729874,0.3340626209974289,0.33602793514728546,0.3445219434797764,0.35157260298728943,0.3469698056578636,0.3502878397703171,0.3471091724932194,0.3418794237077236,0.334658220410347,0.34190820902585983,0.3547876626253128,0.3591228313744068,0.35966140031814575,0.3554793931543827,0.3555186353623867,0.3521050214767456,0.35473794490098953,0.35618165880441666,0.35337839648127556,0.35266487300395966,0.35280816629529,0.3506446145474911,0.35619552060961723,0.3585721515119076,0.3647170476615429,0.3640296719968319,0.35388826578855515,0.3458426594734192,0.349234901368618,0.3522241376340389,0.3627806454896927,0.344089075922966,0.33943093195557594,0.3306886665523052,0.3475758396089077,0.3503599874675274,0.3445444814860821,0.34042389690876007,0.3325759321451187,0.3337528370320797,0.3450120985507965,0.11023262981325388,0.11867782287299633,0.12451034411787987,0.1291881911456585,0.12975981645286083,0.12474847864359617,0.12728602159768343,0.12471040152013302,0.11915190704166889,0.12210889998823404,0.12136064656078815,0.12074047233909369,0.11963272467255592,0.11475884541869164,0.1207448597997427,0.11884278524667025,0.12372372765094042,0.1217869333922863,0.12107809353619814,0.11960164830088615,0.1202413085848093,0.11810544785112143,0.11930270958691835,0.11739747039973736,0.1191310454159975,0.12130755372345448,0.12125406879931688,0.120844267308712,0.12354634050279856,0.12322486471384764,0.12160155083984137,0.12095790635794401,0.12092089001089334,0.12375064473599195,0.12079496961086988,0.1207503592595458,0.12082946952432394,0.12205156125128269,0.12462212983518839,0.11992043163627386,0.1200468186289072,0.1239805556833744,0.12631902005523443,0.12516604270786047,0.1229865550994873,0.11980370804667473,0.11750779766589403,0.11829099910599845
SGF_RFW,2,17,0.26912488540013635,0.274615486462911,6.321631908416748,7.4042744636535645,277.2487416267395,4332.011587917805,64,1920,7320,0,0,0,0,0.42875639349222183,0.44710342213511467,0.45334000140428543,0.4481356628239155,0.45872627571225166,0.461515873670578,0.461178719997406,0.46106912940740585,0.45330066606402397,0.4564286656677723,0.4537215605378151,0.4485493339598179,0.45173583924770355,0.4518158547580242,0.44660331681370735,0.4469328783452511,0.4418811835348606,0.44011664763092995,0.4427492916584015,0.4461764022707939,0.43888939544558525,0.4474795013666153,0.44481292739510536,0.44988540932536125,0.44503578171133995,0.4496803842484951,0.4527551122009754,0.45895470306277275,0.4620146229863167,0.45415038987994194,0.449591476470232,0.44359590113162994,0.4427165724337101,0.43428346514701843,0.43345704674720764,0.43204914405941963,0.43037205934524536,0.44151054322719574,0.444164976477623,0.43394356593489647,0.43456751853227615,0.4385277107357979,0.4473812021315098,0.44917287304997444,0.4564422555267811,0.46392981708049774,0.45927489548921585,0.4520585707255772,0.42979632690548897,0.45081302523612976,0.43150029703974724,0.46104078367352486,0.45901352912187576,0.42000986635684967,0.42155344411730766,0.4159042574465275,0.4291560500860214,0.43911202624440193,0.4442947991192341,0.45486417412757874,0.45062968134880066,0.4405951760709286,0.4458097852766514,0.43618272617459297,0.4228113070130348,0.4426184333860874,0.45114322006702423,0.4478960856795311,0.4447961635887623,0.42832446470856667,0.4552384130656719,0.44272515550255775,0.4435908980667591,0.4397292025387287,0.4519299529492855,0.41578512266278267,0.417499627918005,0.4193289689719677,0.41604435816407204,0.4292643629014492,0.43487994372844696,0.4430961050093174,0.44794562831521034,0.44355006515979767,0.4354082830250263,0.43413591384887695,0.4312080517411232,0.45203549787402153,0.45154640078544617,0.4589473642408848,0.43827172741293907,0.4438546486198902,0.44623737037181854,0.42740441113710403,0.42418188974261284,0.4245264572756631,0.08794390596449375,0.09414821024984121,0.09580867365002632,0.09570674505084753,0.09968717861920595,0.10015642549842596,0.0985539024695754,0.0972821582108736,0.09704871289432049,0.09791163820773363,0.09673586115241051,0.0985603965818882,0.10022826585918665,0.10006079077720642,0.09917459730058908,0.09817919880151749,0.09692902211099863,0.09583044983446598,0.09640410542488098,0.09625142719596624,0.09358448348939419,0.09393593203276396,0.09460729267448187,0.09452284313738346,0.09360311459749937,0.0946918036788702,0.09601765684783459,0.09765670727938414,0.09879304561764002,0.10145503096282482,0.10354248899966478,0.10449818428605795,0.1027834601700306,0.10161341726779938,0.10253800079226494,0.10339009668678045,0.10306420363485813,0.10330066084861755,0.10196089372038841,0.0993208047002554,0.0986791830509901,0.09801479708403349,0.09768743813037872,0.09860695898532867,0.09591909125447273,0.09900788776576519,0.09828360471874475,0.10223706811666489
SGF_RFW,3,17,0.24324282010396325,0.2558482686678568,7.970175743103027,9.764558792114258,277.91411876678467,4342.40810573101,64,1920,7320,0,0,0,0,0.5445137470960617,0.5486969649791718,0.5507716909050941,0.5438498631119728,0.5366116613149643,0.5356092676520348,0.5421723127365112,0.5577957257628441,0.5660698413848877,0.5779992267489433,0.5701680853962898,0.5545521527528763,0.5597288012504578,0.5540678948163986,0.5467052012681961,0.5223129913210869,0.5286155939102173,0.5484830588102341,0.5547402277588844,0.5706091225147247,0.5662151426076889,0.5993608236312866,0.5926848948001862,0.5619663223624229,0.5665581747889519,0.5572389662265778,0.5605454444885254,0.5663982704281807,0.5927660465240479,0.5563156679272652,0.5557358115911484,0.5354509055614471,0.529000997543335,0.5342483669519424,0.5381776839494705,0.5466392561793327,0.5612912550568581,0.5625973269343376,0.5547290816903114,0.5387066081166267,0.53425033390522,0.5301881656050682,0.5472543314099312,0.5343326032161713,0.5480406954884529,0.5487791448831558,0.5567892640829086,0.5636203118732998,0.35329462960362434,0.3539905920624733,0.3640923537313938,0.3695468045771122,0.37197791785001755,0.3552837148308754,0.3640391007065773,0.3587997108697891,0.3516726531088352,0.3491760678589344,0.35184066742658615,0.3781500831246376,0.3772107809782028,0.4075845032930374,0.4090322144329548,0.38761669769883156,0.42507605627179146,0.42920252680778503,0.40915241837501526,0.4119623005390167,0.4229630380868912,0.383955642580986,0.38652804121375084,0.40025365352630615,0.3698972016572952,0.38335222378373146,0.3521819934248924,0.32092101126909256,0.32560939714312553,0.3708015903830528,0.37982091680169106,0.3907119892537594,0.392425712198019,0.37984447181224823,0.38785547763109207,0.37375402450561523,0.3495619520545006,0.34222958236932755,0.3588653393089771,0.39107223227620125,0.39689573273062706,0.4079253152012825,0.40796100720763206,0.4179769195616245,0.4080467037856579,0.4034683480858803,0.38575851172208786,0.37636506131717135,0.0980398990213871,0.10527169145643711,0.10716073960065842,0.10819945111870766,0.10941970907151699,0.11367519944906235,0.11552792321890593,0.114749601110816,0.11542192567139864,0.11492190323770046,0.11099589988589287,0.10885003115981817,0.1059761755168438,0.11059168912470341,0.11405741889029741,0.12201863434165716,0.1242159977555275,0.12338925804942846,0.12240293342620134,0.11708862707018852,0.11822576820850372,0.11342474911361933,0.1168656712397933,0.12069100234657526,0.11975888069719076,0.11761901434510946,0.11926484201103449,0.11561008542776108,0.11217830143868923,0.11046780459582806,0.10597215965390205,0.11431615054607391,0.11855029221624136,0.11767336446791887,0.11097680497914553,0.10574750136584044,0.10507857892662287,0.10708971694111824,0.10776248387992382,0.11202350072562695,0.11036894656717777,0.11202795337885618,0.1102716876193881,0.11043171212077141,0.10781393945217133,0.11054746992886066,0.1108820317313075,0.11323487332889012
SGF_RFW,0,18,0.1896843512852987,0.20367844899495446,6.830315113067627,9.2057523727417,471.27664041519165,7363.6975064873695,64,1920,7320,0,0,0,0,0.5173048228025436,0.5135309919714928,0.5116991475224495,0.5020547695457935,0.48244255408644676,0.46643129736185074,0.44844086468219757,0.4350992515683174,0.42370886728167534,0.42244457080960274,0.42044157534837723,0.4269929565489292,0.4334445148706436,0.43877413123846054,0.44614528864622116,0.4605497531592846,0.4595220349729061,0.4550614580512047,0.4606917202472687,0.4648491404950619,0.4742122106254101,0.4781450442969799,0.47520605102181435,0.47359662875533104,0.47860240563750267,0.4801112450659275,0.47457923740148544,0.4816058836877346,0.4926970861852169,0.5018755756318569,0.5036564953625202,0.48389285802841187,0.465008232742548,0.4512069746851921,0.4447300657629967,0.4483189806342125,0.4570698142051697,0.46368296071887016,0.4688434302806854,0.46562890335917473,0.45557302609086037,0.45097897574305534,0.4423903040587902,0.4431593790650368,0.45192791894078255,0.4537637121975422,0.4607364721596241,0.4477221965789795,0.372226532548666,0.36562955379486084,0.3546639420092106,0.3464173339307308,0.34103019908070564,0.3397672027349472,0.3426414839923382,0.3534306101500988,0.3747060224413872,0.3893800787627697,0.3973776027560234,0.38989295810461044,0.3814646638929844,0.3862094022333622,0.3803826794028282,0.3702695816755295,0.3728800304234028,0.37792742252349854,0.3798958845436573,0.3782729022204876,0.3690152131021023,0.36421724036335945,0.36021363362669945,0.35117704048752785,0.3395540378987789,0.3345836475491524,0.33961500599980354,0.34507492929697037,0.33951688185334206,0.33614180237054825,0.33180835098028183,0.3340066932141781,0.3378943018615246,0.3501811511814594,0.36142247170209885,0.3621199317276478,0.36330556124448776,0.3635675199329853,0.36482248455286026,0.36567218229174614,0.376865491271019,0.370918445289135,0.3654423654079437,0.35557572171092033,0.3588458299636841,0.37445276230573654,0.38436268642544746,0.3845969651426588,0.1405285093933344,0.14330416172742844,0.14403183571994305,0.13986178115010262,0.13449172489345074,0.1318571101874113,0.13064266741275787,0.12690069805830717,0.12220271583646536,0.1265505738556385,0.12387694418430328,0.12125721946358681,0.11584443133324385,0.11398979183286428,0.1172425439581275,0.12314233928918839,0.126755828037858,0.13033817149698734,0.135602293536067,0.1318762321025133,0.12825222127139568,0.12865910679101944,0.12760751228779554,0.1279860669746995,0.12638499680906534,0.1253742789849639,0.12586454022675753,0.12900809571146965,0.12927069701254368,0.12838606256991625,0.12465482205152512,0.12566882744431496,0.12830158323049545,0.1314475778490305,0.13481109216809273,0.13626683317124844,0.1402156576514244,0.14194951951503754,0.14134195260703564,0.13989826664328575,0.13970527239143848,0.13426834531128407,0.13248897902667522,0.13110767677426338,0.13387711346149445,0.13864212110638618,0.1423146352171898,0.13976484962872096
SGF_RFW,1,18,0.19102942943572998,0.2118741671244303,6.121890068054199,4.534049034118652,273.7806866168976,4277.823228389025,64,1920,7320,0,0,0,0,0.5665778517723083,0.5658126473426819,0.5640394985675812,0.5600738897919655,0.5559178739786148,0.5651168823242188,0.5719857662916183,0.5752685517072678,0.5709236562252045,0.5803268998861313,0.5884263962507248,0.585431694984436,0.5753959268331528,0.5669550448656082,0.5664694011211395,0.5691103637218475,0.5782971680164337,0.5894772708415985,0.5861751064658165,0.5703201442956924,0.5629455149173737,0.5627942159771919,0.5737503468990326,0.5819977894425392,0.5807384476065636,0.5772957652807236,0.5745963007211685,0.5689595192670822,0.5617119148373604,0.5670367181301117,0.5827101096510887,0.5872730016708374,0.5800683349370956,0.5704701393842697,0.5683302506804466,0.5672804638743401,0.5734757259488106,0.5795147940516472,0.572702020406723,0.5673028454184532,0.5652095526456833,0.5663902088999748,0.5638328492641449,0.5667346492409706,0.5814268738031387,0.5837420672178268,0.5767348259687424,0.5767510788781303,0.4185364432632923,0.41791650652885437,0.417065866291523,0.42163222283124924,0.42886725440621376,0.427725363522768,0.43722954019904137,0.4420103505253792,0.44287365674972534,0.4262764975428581,0.41582073271274567,0.41612376272678375,0.4249267131090164,0.4316883683204651,0.43366343155503273,0.43308471515774727,0.4252762943506241,0.4173695482313633,0.41607680544257164,0.42512935400009155,0.4300837069749832,0.43144602328538895,0.4260641299188137,0.4220072887837887,0.42154623195528984,0.4230138994753361,0.42489875480532646,0.42942067980766296,0.4357997477054596,0.4349477104842663,0.42314252629876137,0.41610338166356087,0.4171373322606087,0.42004358395934105,0.42255856841802597,0.4264869838953018,0.42832957208156586,0.4265737682580948,0.4325822666287422,0.4333232529461384,0.4308408610522747,0.42632846906781197,0.4275379031896591,0.4271654151380062,0.4207846075296402,0.423281230032444,0.4266859255731106,0.4261749046189444,0.14500739984214306,0.14600740186870098,0.14277168922126293,0.14223793894052505,0.13874259032309055,0.14113440550863743,0.14220660738646984,0.14951741322875023,0.15241849794983864,0.15406092070043087,0.14746380969882011,0.1440388634800911,0.1415214091539383,0.14370281994342804,0.1444553453475237,0.1469673328101635,0.14767413400113583,0.1458421964198351,0.1453869864344597,0.14826023392379284,0.15204086527228355,0.1530343797057867,0.1497277282178402,0.14852257631719112,0.14718183130025864,0.14551779441535473,0.14541584812104702,0.14952487498521805,0.14767777547240257,0.1434851437807083,0.14342264831066132,0.14770838432013988,0.1482971590012312,0.14769313298165798,0.14921363443136215,0.15106617286801338,0.14638601429760456,0.14531091414391994,0.14454562403261662,0.14726711809635162,0.14686289429664612,0.1470286101102829,0.145646246150136,0.14463112875819206,0.14464102871716022,0.14639923349022865,0.1497774589806795,0.15407187810965947
SGF_RFW,2,18,0.22149292627970374,0.19553518295288086,7.64694881439209,10.650091171264648,276.94976329803467,4327.340051531792,64,1920,7320,0,0,0,0,0.4728463478386402,0.48170239478349686,0.4827498011291027,0.4798458516597748,0.47643299400806427,0.4733257107436657,0.46824822947382927,0.46154671162366867,0.46218959987163544,0.4821149855852127,0.491157379001379,0.49771229550242424,0.4948558509349823,0.46612348034977913,0.4357673190534115,0.4340340718626976,0.43721484765410423,0.44247429445385933,0.4428848661482334,0.4357611760497093,0.43588656187057495,0.45269377902150154,0.47456106543540955,0.4758230000734329,0.47713827714324,0.4797513373196125,0.4773712195456028,0.46763718500733376,0.45502588152885437,0.4441748708486557,0.4569094106554985,0.4670940786600113,0.46257780119776726,0.45040158182382584,0.4578082263469696,0.47106534987688065,0.46539949253201485,0.4716394245624542,0.46721285209059715,0.45485150814056396,0.4451742097735405,0.4442960023880005,0.452580314129591,0.46246927976608276,0.46314768493175507,0.44832054153084755,0.44830575957894325,0.45361630405698505,0.43542807549238205,0.4283219054341316,0.4261143207550049,0.4299165643751621,0.4320552386343479,0.43611349165439606,0.44163189455866814,0.44906551763415337,0.44753286242485046,0.4404206797480583,0.4402444064617157,0.43558669835329056,0.4381631575524807,0.44996895268559456,0.4632753022015095,0.45871442556381226,0.45457371696829796,0.4651697129011154,0.47210095077753067,0.48314986377954483,0.4826448932290077,0.4668225906789303,0.45398176461458206,0.4526057466864586,0.45458797365427017,0.45067939534783363,0.448581337928772,0.4559280350804329,0.4654466435313225,0.4629163146018982,0.46275732293725014,0.46245552971959114,0.4677165299654007,0.47304005920886993,0.4669197201728821,0.450218603014946,0.4560955874621868,0.4515167213976383,0.4525526314973831,0.46659570187330246,0.48195239901542664,0.4802653379738331,0.46906985715031624,0.4514344781637192,0.44781265035271645,0.45676468312740326,0.46504058688879013,0.47769950117383686,0.14255536161363125,0.14931265451014042,0.1564288344234228,0.1623241789638996,0.16884824633598328,0.17053567618131638,0.1699622180312872,0.16606219112873077,0.16363170184195042,0.17281132191419601,0.17577551305294037,0.1761240977793932,0.17586645670235157,0.17564241960644722,0.16902130655944347,0.1659781113266945,0.1715288907289505,0.17521562427282333,0.1732186321169138,0.17227166518568993,0.17037425562739372,0.16892798617482185,0.17798415757715702,0.17732563242316246,0.17515136301517487,0.17652101814746857,0.1825169250369072,0.18676823936402798,0.1844247207045555,0.17783520184457302,0.17489538714289665,0.18249736540019512,0.17977449670433998,0.17591993883252144,0.1735763307660818,0.1701797153800726,0.17224249057471752,0.1731086764484644,0.17576541379094124,0.17105421237647533,0.16727737709879875,0.16723105125129223,0.1742972880601883,0.17562395334243774,0.17383932881057262,0.1753747072070837,0.1750028356909752,0.1827532606465476
SGF_RFW,3,18,0.26400621732076013,0.2651872833569845,5.537927627563477,5.252305507659912,277.8789415359497,4341.858461499214,64,1920,7320,0,0,0,0,0.5213086381554604,0.514833077788353,0.5087535977363586,0.4971136897802353,0.48558784648776054,0.47498270496726036,0.46340344473719597,0.46224474906921387,0.4695684537291527,0.4812785014510155,0.4826192073523998,0.46783116459846497,0.45394187793135643,0.4510129392147064,0.4551137574017048,0.46726321801543236,0.47108279541134834,0.47195664793252945,0.4809050150215626,0.49189455434679985,0.4972395747900009,0.5032540634274483,0.49566802754998207,0.48613469675183296,0.4809887334704399,0.48806919902563095,0.4998226687312126,0.5053081288933754,0.5083912312984467,0.49768858030438423,0.4889395944774151,0.48562076687812805,0.4939837343990803,0.5055813267827034,0.5133993551135063,0.5121339336037636,0.508695550262928,0.49748995155096054,0.4868806228041649,0.492907103151083,0.5027051195502281,0.510482020676136,0.5025122240185738,0.484257098287344,0.48058677837252617,0.48633116111159325,0.4990993067622185,0.5103213787078857,0.40285707637667656,0.4028693810105324,0.4062117636203766,0.41297345235943794,0.42013265937566757,0.42463071271777153,0.4273717813193798,0.4246768280863762,0.4243125580251217,0.4194737933576107,0.4152192361652851,0.41170118004083633,0.4100657179951668,0.40711386501789093,0.4046601690351963,0.4054279252886772,0.40838030353188515,0.41560668125748634,0.4141768477857113,0.4123161546885967,0.41221705451607704,0.4098515585064888,0.41634853184223175,0.42577042430639267,0.4293937273323536,0.42577607184648514,0.42156221345067024,0.42409414798021317,0.41893184930086136,0.4206084683537483,0.41608137264847755,0.41560598462820053,0.41541763022542,0.41585925593972206,0.4142513833940029,0.4159708023071289,0.41088660806417465,0.4135013297200203,0.418722789734602,0.41846029832959175,0.42149315774440765,0.41684678196907043,0.41778168082237244,0.4303615242242813,0.4329748637974262,0.4273430071771145,0.41767678409814835,0.41403680188315256,0.13387767411768436,0.13438974134624004,0.13346853852272034,0.1340477205812931,0.13423237577080727,0.13218674063682556,0.13577337563037872,0.13674595579504967,0.13576741702854633,0.13441426306962967,0.12972640059888363,0.12664434220641851,0.12728574685752392,0.12590408232063055,0.12626079935580492,0.13036689907312393,0.13558118231594563,0.1408512219786644,0.13999998942017555,0.1384917087852955,0.1401645503938198,0.13874133303761482,0.1404085773974657,0.14117435179650784,0.1443807054311037,0.14663919992744923,0.14585647359490395,0.14332906529307365,0.13760862685739994,0.13333117961883545,0.1313493736088276,0.13469395600259304,0.13869314827024937,0.14096869714558125,0.14011860080063343,0.1375549752265215,0.13551095686852932,0.136388773098588,0.13892629370093346,0.139795683324337,0.13939153961837292,0.13819735683500767,0.1402651146054268,0.14101491682231426,0.1398649998009205,0.1418340913951397,0.14067289792001247,0.13859981298446655
SGF_RFW,0,19,0.05425083637237549,0.20690409342447913,8.959249496459961,5.465689659118652,574.2526297569275,8972.697339951992,64,1920,7320,0,0,0,0,0.7289437875151634,0.7278214246034622,0.7360483705997467,0.7360358759760857,0.7456356137990952,0.7466075122356415,0.7448114603757858,0.7460932284593582,0.7416773289442062,0.7409898713231087,0.7452546656131744,0.7567231580615044,0.7481963858008385,0.7441531047224998,0.7481350526213646,0.746526338160038,0.7510053440928459,0.7490399330854416,0.7561434432864189,0.7481105849146843,0.7473423928022385,0.7504726722836494,0.7506713345646858,0.7445276752114296,0.7434210926294327,0.7484090253710747,0.7467428147792816,0.7456506043672562,0.7486141473054886,0.7526691481471062,0.7464121580123901,0.745942234992981,0.7511148527264595,0.7497588694095612,0.7517859861254692,0.7546602860093117,0.7531542629003525,0.752132959663868,0.7563412562012672,0.7539261803030968,0.7522120773792267,0.7507524713873863,0.752001978456974,0.7500155568122864,0.7558452859520912,0.7511753663420677,0.7528349012136459,0.7592810903276715,0.41525622829794884,0.43802301213145256,0.44943026825785637,0.45583105832338333,0.46177152916789055,0.44521724432706833,0.436507947742939,0.42821717634797096,0.43147993460297585,0.42552272230386734,0.4211190901696682,0.41950635239481926,0.4235324189066887,0.4275248572230339,0.42260440066456795,0.43115854635834694,0.42279772460460663,0.42842624709010124,0.42224425077438354,0.4233148954808712,0.42500365152955055,0.42322012782096863,0.4211292155086994,0.42402052506804466,0.4238104820251465,0.4152144528925419,0.4206388592720032,0.42133450880646706,0.4293649345636368,0.4282385855913162,0.42730671539902687,0.4212145246565342,0.4160017631947994,0.4234379902482033,0.4259740747511387,0.42315633594989777,0.4252433218061924,0.42244334518909454,0.4156247414648533,0.42865582555532455,0.42446062713861465,0.4192010723054409,0.41835812479257584,0.4144581966102123,0.4084721580147743,0.4167689010500908,0.4160069413483143,0.4254456205027444,0.10213801078498363,0.11349486280232668,0.1168731963261962,0.11931926012039185,0.12030168436467648,0.11726791132241488,0.11407966539263725,0.11162600293755531,0.11088612116873264,0.10878235660493374,0.10701957065612078,0.10581759922206402,0.1076615210622549,0.11147432308644056,0.10980198532342911,0.11147783417254686,0.11052432749420404,0.1095645735040307,0.107583231292665,0.1084638349711895,0.10831868555396795,0.10670111142098904,0.10726406052708626,0.10878211818635464,0.10992488637566566,0.10804152488708496,0.10821206588298082,0.10716667212545872,0.1089952765032649,0.10614331625401974,0.10883946623653173,0.10740238334983587,0.10390270221978426,0.10449983645230532,0.10787976067513227,0.10427257418632507,0.10563940089195967,0.10598315205425024,0.10388237237930298,0.10609473753720522,0.10582758486270905,0.1049841120839119,0.10571401380002499,0.1045687971636653,0.10292506590485573,0.10493257082998753,0.10546538047492504,0.10759224423340388
SGF_RFW,1,19,0.17637038230895996,0.1811665495236715,4.426370620727539,4.301095962524414,273.80024099349976,4278.128765523434,64,1920,7320,0,0,0,0,0.6336130052804947,0.6456420496106148,0.6539765894412994,0.6503828093409538,0.6506445780396461,0.6438535749912262,0.6442951261997223,0.6511373221874237,0.6528230533003807,0.6541659384965897,0.6482687443494797,0.6514039486646652,0.6482034102082253,0.6469331905245781,0.6577200889587402,0.652752049267292,0.6527444794774055,0.6505980864167213,0.6516388803720474,0.6459329649806023,0.6486101448535919,0.6519381254911423,0.6476848870515823,0.6482959017157555,0.6478994190692902,0.6548375189304352,0.6522647440433502,0.6560880914330482,0.653330609202385,0.6542472541332245,0.6522736102342606,0.6512410938739777,0.6517509371042252,0.6490809917449951,0.6507322192192078,0.6510486081242561,0.6530655100941658,0.6500334814190865,0.6516127288341522,0.6540371999144554,0.6565430015325546,0.6574637740850449,0.6565098762512207,0.6569922715425491,0.6534466594457626,0.6517433151602745,0.6544397845864296,0.6514353326388768,0.45107851549983025,0.44489412009716034,0.4354579634964466,0.44231898337602615,0.451719943434,0.45802508667111397,0.4577610045671463,0.4451691620051861,0.4462018348276615,0.45448513329029083,0.4541214369237423,0.4551389329135418,0.4587690494954586,0.45909885689616203,0.45409996062517166,0.45834748819470406,0.45414530113339424,0.4547758661210537,0.447421308606863,0.44841282069683075,0.45135339349508286,0.45458730682730675,0.44903116673231125,0.4543219357728958,0.4549611397087574,0.45623360574245453,0.4565292187035084,0.45765233412384987,0.4565476253628731,0.4616149105131626,0.4583897143602371,0.45559780672192574,0.4514255076646805,0.45435842126607895,0.4537343792617321,0.45390164479613304,0.45292970165610313,0.45381752774119377,0.45613088086247444,0.4575880691409111,0.45597460120916367,0.455527413636446,0.4514990337193012,0.44862886890769005,0.4511247016489506,0.44808222353458405,0.45203499123454094,0.4541755957262857,0.11199467815458775,0.11104759015142918,0.11210743710398674,0.11478134524077177,0.11768996063619852,0.11736298259347677,0.11417403724044561,0.1121074203401804,0.11279683653265238,0.1173326913267374,0.11753158085048199,0.11478548590093851,0.11491176579147577,0.11468096449971199,0.11387111339718103,0.117635746486485,0.11766128242015839,0.11639353260397911,0.11389928963035345,0.11274492181837559,0.11380625423043966,0.11577421519905329,0.1163934525102377,0.11760224588215351,0.11892927438020706,0.11668060347437859,0.11592394299805164,0.11783387418836355,0.11858596745878458,0.12106737680733204,0.11964607611298561,0.11552167311310768,0.11170400213450193,0.11419597826898098,0.11555882543325424,0.11652659066021442,0.11646504513919353,0.11531111504882574,0.11545008048415184,0.11756493430584669,0.11518785823136568,0.11443626508116722,0.11496318969875574,0.11557479295879602,0.11722235102206469,0.11577190738171339,0.11582531221210957,0.11664072637047086
SGF_RFW,2,19,0.15944794813791907,0.16619225343068444,4.727541923522949,5.309845924377441,276.25155901908875,4316.430609673262,64,1920,7320,0,0,0,0,0.666160985827446,0.6844102516770363,0.7004242539405823,0.6970082595944405,0.7010580524802208,0.692617379128933,0.684062235057354,0.6832296177744865,0.6825985312461853,0.6769237667322159,0.6834597438573837,0.6853625103831291,0.6872613057494164,0.691448450088501,0.6849507763981819,0.6782996132969856,0.6812733262777328,0.684135377407074,0.6837273016571999,0.6824210435152054,0.6852619871497154,0.6788844913244247,0.6848115995526314,0.6944567412137985,0.6849106177687645,0.6853879988193512,0.691143736243248,0.687316544353962,0.6932171210646629,0.6860447451472282,0.6868481859564781,0.6914616227149963,0.6965671703219414,0.6874937638640404,0.6923618540167809,0.6849168539047241,0.6814711168408394,0.6876152977347374,0.6852842271327972,0.6907700598239899,0.6962683722376823,0.6860807240009308,0.6792207136750221,0.6899750307202339,0.6826165914535522,0.6832931563258171,0.6849143654108047,0.6802441733224052,0.41756077855825424,0.41364357620477676,0.40065867453813553,0.43161466345191,0.4319019727408886,0.4156622514128685,0.4155546799302101,0.4077991433441639,0.4067450314760208,0.4174133278429508,0.41928695514798164,0.4230942204594612,0.42739038169384,0.4138012230396271,0.4157768599689007,0.4252634309232235,0.409895446151495,0.40399327129125595,0.4247240051627159,0.42608439549803734,0.40936650708317757,0.42710674926638603,0.4153377339243889,0.4124947413802147,0.4272438958287239,0.42440418899059296,0.3948841579258442,0.42046140506863594,0.41420112550258636,0.42045337334275246,0.41645871475338936,0.406498447060585,0.40659574046730995,0.42054009437561035,0.4200797379016876,0.4229974113404751,0.42696844413876534,0.4140620790421963,0.42366814240813255,0.42737333849072456,0.41599393635988235,0.41895245015621185,0.41508857533335686,0.41016193851828575,0.4252329170703888,0.42744285240769386,0.4204421117901802,0.4232251005513327,0.09679996874183416,0.09961503092199564,0.09675222262740135,0.10200431570410728,0.10536066442728043,0.09817985352128744,0.10012972354888916,0.10004543792456388,0.09777399990707636,0.09882620722055435,0.09827877674251795,0.09857229329645634,0.0980037059634924,0.0977566558867693,0.0992222037166357,0.1015408681705594,0.09995447564870119,0.09789727162569761,0.09982495103031397,0.09918614756315947,0.09846732765436172,0.09881620854139328,0.09695303719490767,0.09782473929226398,0.09645237028598785,0.09714045003056526,0.09520368743687868,0.09989115502685308,0.09692665934562683,0.09871198050677776,0.09747375920414925,0.10015212278813124,0.09874457120895386,0.10001474339514971,0.09913404751569033,0.09993164893239737,0.09927061852067709,0.0988335907459259,0.10086702927947044,0.09967338480055332,0.09699875395745039,0.09849701542407274,0.09813848324120045,0.09764523338526487,0.09513138514012098,0.09818701539188623,0.10031048022210598,0.10125590647969927
SGF_RFW,3,19,0.15710335969924927,0.1579375068346659,7.205578804016113,4.902016639709473,278.1733675003052,4346.458867192268,64,1920,7320,0,0,0,0,0.707557737827301,0.7306430488824844,0.7252940237522125,0.7255320176482201,0.7263382822275162,0.7300434336066246,0.7240616455674171,0.717850811779499,0.7208984345197678,0.7209034115076065,0.7238661795854568,0.7206661850214005,0.728512279689312,0.7365858033299446,0.7334480434656143,0.7318807393312454,0.7263727262616158,0.7342956513166428,0.728320948779583,0.7243604734539986,0.7291016429662704,0.726712055504322,0.7235448658466339,0.7300109192728996,0.7287107780575752,0.7349394634366035,0.7278895750641823,0.7322760745882988,0.7228720262646675,0.725998193025589,0.7295833677053452,0.7260815128684044,0.7202234119176865,0.7216521352529526,0.7215994074940681,0.7263699546456337,0.7316835969686508,0.7279226705431938,0.7310739308595657,0.7306872606277466,0.7301845848560333,0.7262611240148544,0.7295328304171562,0.7337186709046364,0.7251508384943008,0.7202653884887695,0.7243427708745003,0.7319736736161369,0.42547285556793213,0.43073004856705666,0.4281681180000305,0.42685194313526154,0.4416939839720726,0.4287346117198467,0.4218299873173237,0.4326868876814842,0.4326661676168442,0.4292179308831692,0.43246008828282356,0.4278482533991337,0.4365217238664627,0.4364915303885937,0.43654996901750565,0.43949268385767937,0.4366731569170952,0.42577454075217247,0.43210479244589806,0.4237391799688339,0.4341220445930958,0.43197381496429443,0.4412883222103119,0.43755948543548584,0.425853006541729,0.4309811294078827,0.4370454140007496,0.4414525106549263,0.44418180361390114,0.4335475116968155,0.4346686974167824,0.42454659938812256,0.4272983632981777,0.43127264082431793,0.4260864183306694,0.43655696138739586,0.44134005904197693,0.43450819328427315,0.4238585978746414,0.4268568195402622,0.43350210413336754,0.4276740700006485,0.4377063103020191,0.43494773656129837,0.42781274765729904,0.42647701129317284,0.43762997537851334,0.4404446227209909,0.10986848641186953,0.11267196573317051,0.1187461307272315,0.11929715424776077,0.11645012255758047,0.11436037067323923,0.1107867881655693,0.11477173119783401,0.11539660952985287,0.11445776931941509,0.11486339010298252,0.11307911667972803,0.10820788517594337,0.11043357942253351,0.10855040606111288,0.11443183291703463,0.11560876481235027,0.11269437521696091,0.10895953793078661,0.10885612946003675,0.11004635691642761,0.11133991833776236,0.11050052661448717,0.11138360854238272,0.11130740400403738,0.11237295996397734,0.11270427517592907,0.1128219272941351,0.10872123017907143,0.11121311970055103,0.11086741648614407,0.11494487430900335,0.11325910221785307,0.11077545676380396,0.10978872142732143,0.11303133238106966,0.11422965489327908,0.10966442059725523,0.10932991281151772,0.1099933609366417,0.11116356030106544,0.11023581400513649,0.1116096181795001,0.11008101515471935,0.10667063388973475,0.10809015948325396,0.11294589843600988,0.11335528322628566
SGF_RFW_ST4L20,0,0,0.10988511641820276,0.13351915280024207,9.071097373962402,11.026473999023438,304.82441878318787,4762.88154348731,64,1920,7320,1140,25060,0,0,0.5294979810714722,0.5473056957125664,0.5682639628648758,0.5800686180591583,0.5809087082743645,0.5807135626673698,0.5612752512097359,0.5456703901290894,0.5439690202474594,0.5667385160923004,0.5818832293152809,0.5764487832784653,0.5742755904793739,0.5680172815918922,0.5656353831291199,0.5661823377013206,0.5713784992694855,0.5776602253317833,0.578759603202343,0.5668221637606621,0.5573857426643372,0.5578074082732201,0.5637223422527313,0.565037302672863,0.5740230977535248,0.5656720101833344,0.5626986995339394,0.5634265169501305,0.5462944582104683,0.5524664670228958,0.5582594871520996,0.557754673063755,0.5632021874189377,0.5726451724767685,0.5716437548398972,0.573179803788662,0.5847363844513893,0.5608677715063095,0.573862686753273,0.5810364931821823,0.5818071812391281,0.5833758190274239,0.5922171920537949,0.5755661129951477,0.5690436214208603,0.5691716820001602,0.580098569393158,0.5891566872596741,0.4020790420472622,0.4071504548192024,0.4083249606192112,0.4037789925932884,0.4058450385928154,0.39725974947214127,0.39989205449819565,0.41110796853899956,0.41979772225022316,0.416149016469717,0.4131196141242981,0.4102674722671509,0.39921754598617554,0.4030526466667652,0.40478136390447617,0.4048386625945568,0.40495898947119713,0.40343163534998894,0.40589944273233414,0.4093277379870415,0.40494396165013313,0.40717560797929764,0.4063880480825901,0.4153781868517399,0.4156631641089916,0.4215625040233135,0.4144236035645008,0.41630012914538383,0.42521895840764046,0.41796885430812836,0.4206606596708298,0.4236035794019699,0.4260258451104164,0.4216887205839157,0.41382355242967606,0.4123525433242321,0.41836611181497574,0.4264078438282013,0.42557985708117485,0.41488276794552803,0.40400396659970284,0.40184370428323746,0.39510468393564224,0.3920993320643902,0.40024401992559433,0.4003702625632286,0.3911372236907482,0.39407795667648315,0.12397808115929365,0.12764938175678253,0.13353043049573898,0.13556229695677757,0.1378316804766655,0.13380523771047592,0.13316785730421543,0.13197506219148636,0.13685944490134716,0.14331472106277943,0.1384438406676054,0.13314288668334484,0.13104941695928574,0.1273015458136797,0.12632403057068586,0.12597501371055841,0.13078263774514198,0.13118870742619038,0.13109805062413216,0.13367020338773727,0.1334887333214283,0.13788680359721184,0.13700781390070915,0.13245821185410023,0.13254118524491787,0.1276105148717761,0.12623732071369886,0.12861091271042824,0.13593787141144276,0.1379916276782751,0.1390707716345787,0.14058904722332954,0.1355677843093872,0.12776412442326546,0.1324533298611641,0.12853582948446274,0.12980620004236698,0.13628245517611504,0.13419640809297562,0.1296073105186224,0.1263777306303382,0.12719135452061892,0.12837336771190166,0.12897183187305927,0.13306663557887077,0.12978056818246841,0.12893210910260677,0.12303386096443449
SGF_RFW_ST4L20,1,0,0.17084101835886634,0.16826595862706506,6.351788520812988,8.070146560668945,303.81224489212036,4747.066326439381,64,1920,7320,1140,25060,0,0,0.5271104425191879,0.527838297188282,0.5269889459013939,0.5270903259515762,0.5395837277173996,0.5534129217267036,0.5579132288694382,0.5664484575390816,0.5663227140903473,0.5559485480189323,0.5329544693231583,0.5380696207284927,0.5425791814923286,0.5393247827887535,0.5315180569887161,0.5187936946749687,0.5124308615922928,0.5213183239102364,0.5218954086303711,0.5252914875745773,0.527031198143959,0.5202556774020195,0.5132374539971352,0.5263882726430893,0.5447423607110977,0.5480073243379593,0.5350505858659744,0.5032768659293652,0.5118742361664772,0.5188136100769043,0.5264544785022736,0.523712232708931,0.519615150988102,0.5131605565547943,0.5156858488917351,0.523989200592041,0.521940067410469,0.5281959921121597,0.5266848728060722,0.5178431272506714,0.5260282978415489,0.5184509083628654,0.519934393465519,0.5313522890210152,0.52747742831707,0.5028239376842976,0.48322803527116776,0.4713211570467268,0.3835688680410385,0.39211617410182953,0.39576223492622375,0.39521532133221626,0.38757748529314995,0.3789425268769264,0.3730665370821953,0.3788352385163307,0.3934217840433121,0.4097633361816406,0.42636871337890625,0.41500717028975487,0.40501435473561287,0.4087482951581478,0.4117862097918987,0.41782547533512115,0.4255460388958454,0.4154490567743778,0.40290840342640877,0.3942827507853508,0.3927067369222641,0.4036599360406399,0.4121466130018234,0.4078678824007511,0.40831855684518814,0.39760003611445427,0.4033503159880638,0.4161999486386776,0.41081198304891586,0.40284309908747673,0.39780116081237793,0.4074624665081501,0.41696011647582054,0.42849481105804443,0.4271412268280983,0.4293961189687252,0.42496948316693306,0.4007353372871876,0.4005761556327343,0.4055592529475689,0.4087163284420967,0.41929345950484276,0.40803204476833344,0.4055927135050297,0.4002039507031441,0.415993295609951,0.4396253004670143,0.458088823727199,0.09413848258554935,0.0960405245423317,0.09908140636980534,0.09809084981679916,0.0953288534656167,0.09613967593759298,0.09664317965507507,0.09498562943190336,0.09524110238999128,0.0959914205595851,0.0975336255505681,0.09577484894543886,0.09209821838885546,0.09182770270854235,0.0930558517575264,0.09749431535601616,0.09752962924540043,0.094031129963696,0.09239306952804327,0.09215736947953701,0.09163161739706993,0.09295786917209625,0.09469292033463717,0.09294051397591829,0.09372860006988049,0.09448000695556402,0.09372145682573318,0.09563890472054482,0.09621751587837934,0.09447590541094542,0.09478891734033823,0.09540925268083811,0.09961927123367786,0.09713617525994778,0.09167503099888563,0.09257359337061644,0.09446227084845304,0.09423455409705639,0.09438571333885193,0.09036328084766865,0.09009454399347305,0.08909698389470577,0.09042141400277615,0.09320041071623564,0.09614395350217819,0.09371038991957903,0.09387358371168375,0.09929536070142474
SGF_RFW_ST4L20,2,0,0.11125526825586951,0.11966260274251306,6.251180648803711,8.10163688659668,305.7447581291199,4777.261845767498,64,1920,7320,1140,25060,0,0,0.45669568330049515,0.4675801284611225,0.48381507396698,0.4987448789179325,0.5075694620609283,0.5089739263057709,0.4912011884152889,0.482756569981575,0.48115626722574234,0.48331065475940704,0.4893522374331951,0.4950311668217182,0.4971908703446388,0.5017037838697433,0.4975397288799286,0.49608949199318886,0.4904462546110153,0.49689362198114395,0.4935111291706562,0.49723606556653976,0.5001426115632057,0.5054817944765091,0.5028295814990997,0.49422962218523026,0.4913264475762844,0.49546191096305847,0.5035661123692989,0.5141073539853096,0.5128223970532417,0.513188399374485,0.5103308036923409,0.5069538503885269,0.5096748992800713,0.5125027224421501,0.5189191475510597,0.5171093046665192,0.5223625674843788,0.5266690626740456,0.5166386738419533,0.5094958171248436,0.5063890554010868,0.4995465837419033,0.48299214616417885,0.48428628221154213,0.491367120295763,0.49235154688358307,0.5003745965659618,0.5020766939435687,0.4151388593018055,0.40717433765530586,0.3991208039224148,0.387550912797451,0.38042474538087845,0.38303790986537933,0.40391117706894875,0.4190397784113884,0.42936965078115463,0.4389025792479515,0.43458908051252365,0.4268098585307598,0.4168735258281231,0.4109526425600052,0.4133248068392277,0.41906220838427544,0.4258287847042084,0.40849676728248596,0.4044208191335201,0.4002033956348896,0.39748896285891533,0.3959440365433693,0.3995279408991337,0.4031290039420128,0.4077254645526409,0.40047015994787216,0.3977452181279659,0.3936999775469303,0.3938240148127079,0.39372995868325233,0.39402004331350327,0.3929944336414337,0.38729216530919075,0.3840537890791893,0.3739360682666302,0.3728147782385349,0.3731733150780201,0.36784352734684944,0.36970379576087,0.37648855894804,0.385831568390131,0.40283412486314774,0.40759817510843277,0.4084162525832653,0.40432360395789146,0.4051477834582329,0.3961939848959446,0.38802899633135113,0.11585177946835756,0.11377849895507097,0.11281080823391676,0.10977313574403524,0.10646937694400549,0.10992434620857239,0.11587647628039122,0.11739597655832767,0.118192158639431,0.11484456993639469,0.11754232831299305,0.11950545012950897,0.1225348487496376,0.11905795615166426,0.11293390858918428,0.11406661383807659,0.11445284634828568,0.11688493005931377,0.11878734081983566,0.11737500969320536,0.11356632318347692,0.11089607700705528,0.11009083595126867,0.11665746383368969,0.11892333533614874,0.11603077314794064,0.1116415224969387,0.10785530786961317,0.10958473570644855,0.11105488706380129,0.11086123064160347,0.11026235483586788,0.10893508605659008,0.10862381011247635,0.10552988946437836,0.10245453286916018,0.10105972364544868,0.10483283642679453,0.11066886316984892,0.11083482019603252,0.10682409536093473,0.10400429368019104,0.11086299270391464,0.11211026832461357,0.11827309802174568,0.11838706210255623,0.11261284537613392,0.11345829921109336
SGF_RFW_ST4L20,3,0,0.18169565995534265,0.1514104803403219,6.958348274230957,8.499998092651367,303.2212665081024,4737.8322891891,64,1920,7320,1140,25060,0,0,0.4805912971496582,0.489652905613184,0.517461784183979,0.5147694274783134,0.5293122380971909,0.5216245800256729,0.5081164240837097,0.5066592767834663,0.5067379847168922,0.49665848165750504,0.4904266223311424,0.4845544919371605,0.5008721724152565,0.5042776875197887,0.5154739171266556,0.5085155963897705,0.49706799164414406,0.4870273098349571,0.5066934823989868,0.4957931712269783,0.49387599155306816,0.5014219731092453,0.5000842846930027,0.5060687363147736,0.5112797543406487,0.528006337583065,0.517657920718193,0.5109055638313293,0.49541543051600456,0.4851977899670601,0.49554241821169853,0.49515946954488754,0.4967387057840824,0.4951690584421158,0.49510370567440987,0.4933610372245312,0.49286483600735664,0.49921590089797974,0.5050351768732071,0.4949308894574642,0.47606680169701576,0.47137729451060295,0.4813106991350651,0.5007839277386665,0.495162945240736,0.49375932663679123,0.47338637709617615,0.4566099941730499,0.40232211351394653,0.40956998616456985,0.399140652269125,0.4007805362343788,0.39402759447693825,0.391740333288908,0.39688071981072426,0.3997095823287964,0.41563015431165695,0.4318820349872112,0.4471091665327549,0.4434436000883579,0.42614977806806564,0.41931477561593056,0.41508873924613,0.4227267950773239,0.42850789800286293,0.4317718595266342,0.4190748371183872,0.4176251031458378,0.41658948361873627,0.41596680507063866,0.41694366559386253,0.41556861996650696,0.41202685236930847,0.40852751210331917,0.41977669671177864,0.44347069412469864,0.45062776654958725,0.4448244012892246,0.4364670477807522,0.42647943645715714,0.41658521071076393,0.415677510201931,0.4148654267191887,0.41736291348934174,0.43017028272151947,0.4248400367796421,0.4197004549205303,0.426875002682209,0.42954083159565926,0.4344930350780487,0.43090128898620605,0.4239965081214905,0.4306735321879387,0.42373014986515045,0.4330400191247463,0.43977498156683786,0.11368722934275866,0.11631056573241949,0.1164011238142848,0.11801592819392681,0.11353300977498293,0.11439827922731638,0.11435966659337282,0.11141825374215841,0.10587082430720329,0.11178123950958252,0.11902326345443726,0.123142228461802,0.12133692763745785,0.11877342220395803,0.11433158256113529,0.11882258206605911,0.11753329169005156,0.11942850612103939,0.11428630631417036,0.11220653727650642,0.10827792715281248,0.11023373156785965,0.11406372766941786,0.11890800017863512,0.1167226517572999,0.10980130732059479,0.11149215511977673,0.11270769219845533,0.11657038796693087,0.12071658670902252,0.12217243667691946,0.11757740657776594,0.11693186778575182,0.11079788114875555,0.11010267958045006,0.11118658445775509,0.11073676962405443,0.10979283228516579,0.10962540935724974,0.1105725234374404,0.11543200723826885,0.11675754934549332,0.11997292470186949,0.11720470897853374,0.11333308182656765,0.11336539033800364,0.11222284100949764,0.11322071829012462
SGF_RFW_ST4L20,0,1,0.15874807039896643,0.1864720582962036,10.228194236755371,12.015247344970703,303.5001835823059,4742.19036847353,64,1920,7320,1140,25060,0,0,0.473837248980999,0.5443403869867325,0.5612545609474182,0.5590390339493752,0.5139275677502155,0.5370548330247402,0.5488946959376335,0.5428233295679092,0.5648805722594261,0.5679099038243294,0.5749794989824295,0.5800435841083527,0.543582484126091,0.554700493812561,0.5767940357327461,0.5633679628372192,0.5687645226716995,0.5455278903245926,0.5521523654460907,0.5511932820081711,0.5298818498849869,0.507593423128128,0.49261555820703506,0.5176554024219513,0.5312768369913101,0.5277531892061234,0.5343958288431168,0.5252185016870499,0.5315290614962578,0.5225146934390068,0.5284966602921486,0.5452476069331169,0.5457984507083893,0.5260416865348816,0.525731585919857,0.5194231681525707,0.529835470020771,0.5280420668423176,0.5272428281605244,0.5525210201740265,0.5542297884821892,0.5621742233633995,0.5382170379161835,0.5469098463654518,0.5549378618597984,0.5517737716436386,0.5556511208415031,0.5433272463934762,0.4351460263133049,0.40153302624821663,0.3926665410399437,0.3886701948940754,0.3994887173175812,0.3862433396279812,0.3783337064087391,0.3792918063700199,0.36796990782022476,0.3703983724117279,0.3657640889286995,0.3647128939628601,0.3944147303700447,0.384786456823349,0.3693818300962448,0.3804423213005066,0.3730994388461113,0.38136422261595726,0.3769074007868767,0.38410135358572006,0.403757069259882,0.4235335737466812,0.4260917715728283,0.4125543497502804,0.40668144077062607,0.40894948318600655,0.40306397899985313,0.41051699221134186,0.4068811386823654,0.4187294691801071,0.4077075161039829,0.39163267984986305,0.39238470420241356,0.40442273765802383,0.4167269803583622,0.4167412184178829,0.4095180742442608,0.4031895622611046,0.4025254622101784,0.3937954343855381,0.393284447491169,0.37616564333438873,0.38009100779891014,0.37867995351552963,0.38296785950660706,0.3856004923582077,0.3746613413095474,0.37433522939682007,0.12226704321801662,0.13282039761543274,0.136479115113616,0.1378338672220707,0.13677714951336384,0.13297009840607643,0.1272096959874034,0.12920167483389378,0.13192544877529144,0.1357931699603796,0.14042888768017292,0.13796442560851574,0.1463812068104744,0.14023663103580475,0.13115855865180492,0.13282471522688866,0.13132414408028126,0.12962899450212717,0.1352991983294487,0.13981234468519688,0.13889705203473568,0.14311425760388374,0.1403246745467186,0.13893146812915802,0.13608231395483017,0.1375858522951603,0.13869816437363625,0.13361763581633568,0.13490435853600502,0.13428120873868465,0.1344916708767414,0.13714218884706497,0.1360729169100523,0.13435611687600613,0.14408999308943748,0.14622589759528637,0.14548981189727783,0.1396285705268383,0.1438732147216797,0.1429822202771902,0.1428766269236803,0.14241305738687515,0.1405083816498518,0.14331777207553387,0.14799731224775314,0.1453875284641981,0.137591740116477,0.135427360023771
SGF_RFW_ST4L20,1,1,0.17762591441472375,0.13833367824554443,7.503631114959717,9.328804969787598,304.38191175460815,4755.967371165752,64,1920,7320,1140,25060,0,0,0.39318057522177696,0.42650486901402473,0.40823401138186455,0.4064229913055897,0.4029325991868973,0.4180091582238674,0.45366495102643967,0.4773588255047798,0.46553244441747665,0.46429523825645447,0.47622478380799294,0.4740078002214432,0.4619888477027416,0.4506660886108875,0.44802163913846016,0.4536404497921467,0.4461200647056103,0.4536188878118992,0.44593584164977074,0.4272058680653572,0.42697063088417053,0.4180329628288746,0.40074746683239937,0.40405022352933884,0.4130309075117111,0.4285736568272114,0.42596307396888733,0.4281909540295601,0.4447140209376812,0.45276764780282974,0.46777213364839554,0.4592419005930424,0.46273981779813766,0.4514179714024067,0.4470314085483551,0.45137888938188553,0.43991347402334213,0.43530894443392754,0.42872408404946327,0.4409765750169754,0.4354694038629532,0.4287724085152149,0.4243103191256523,0.4087262488901615,0.41994671523571014,0.4561835676431656,0.44947365671396255,0.44138165031160626,0.41728977859020233,0.38936788216233253,0.4015723429620266,0.39420051127672195,0.39224040880799294,0.37835098430514336,0.33192484080791473,0.337963093072176,0.3685244917869568,0.3707156181335449,0.35198643058538437,0.3408347815275192,0.3659406453371048,0.3863665387034416,0.3792840428650379,0.38190434873104095,0.3880891464650631,0.3721332810819149,0.39494797587394714,0.39219924062490463,0.3868022449314594,0.3940049484372139,0.39548802375793457,0.39303601533174515,0.37440573796629906,0.36518335342407227,0.38486315310001373,0.3782149665057659,0.36178772896528244,0.35446085780858994,0.3359376788139343,0.325866874307394,0.35981645435094833,0.37337692826986313,0.3773662932217121,0.3647918738424778,0.3648375831544399,0.3781580552458763,0.3862273246049881,0.38438838720321655,0.38771866261959076,0.39887987077236176,0.41099124401807785,0.4192838482558727,0.4012281000614166,0.3490630239248276,0.3672617897391319,0.3805529304913112,0.11910089012235403,0.11898553557693958,0.12110840063542128,0.12214038614183664,0.12605562061071396,0.12058733496814966,0.11113803647458553,0.10874862968921661,0.11723221745342016,0.12228376884013414,0.11650117207318544,0.11894500628113747,0.1165551831945777,0.12146089598536491,0.1281369887292385,0.13270233571529388,0.13344941847026348,0.12985016219317913,0.12740806490182877,0.12555508222430944,0.12230673991143703,0.12474093865603209,0.12506903242319822,0.12591096106916666,0.11646464094519615,0.11476560961455107,0.11770487669855356,0.1227180315181613,0.12024843133985996,0.11733648832887411,0.11400308459997177,0.11687563173472881,0.11638875305652618,0.11692248936742544,0.12084102723747492,0.1197842713445425,0.12170958332717419,0.12451657839119434,0.12338770367205143,0.12426518462598324,0.12692621164023876,0.12377034779638052,0.12520290538668633,0.12852748483419418,0.126574220135808,0.12028808984905481,0.11820747330784798,0.11942594711269651
SGF_RFW_ST4L20,2,1,0.2070641120274862,0.22523339589436853,7.881520748138428,9.071276664733887,476.67070865631104,7447.97982275486,64,1920,7320,1140,25060,0,0,0.3999299220740795,0.4141315929591656,0.4028824381530285,0.40978293120861053,0.42796579375863075,0.4637293443083763,0.47624966874718666,0.4459371417760849,0.45029037445783615,0.4527807645499706,0.46227117627859116,0.4460929222404957,0.4235588163137436,0.41968853771686554,0.4262252449989319,0.4324559085071087,0.4243299551308155,0.43410009890794754,0.42640305310487747,0.42140431702136993,0.4244239032268524,0.43895093724131584,0.44892172142863274,0.4313851296901703,0.4278225153684616,0.430855106562376,0.430143378674984,0.44841988012194633,0.4484777934849262,0.4615119993686676,0.4608858972787857,0.4431271553039551,0.43830790743231773,0.43564582988619804,0.4327994994819164,0.4318395145237446,0.43144073337316513,0.43013540282845497,0.4245155230164528,0.42786799743771553,0.4229847900569439,0.4210738465189934,0.41514693573117256,0.41880303993821144,0.4312429018318653,0.44648849591612816,0.4257391281425953,0.4200423061847687,0.4712478592991829,0.4646282009780407,0.46987904608249664,0.46936000511050224,0.4503531865775585,0.4324948415160179,0.42683296650648117,0.4451487436890602,0.4511427618563175,0.4470663368701935,0.43421437218785286,0.43936584889888763,0.4629274718463421,0.46482662484049797,0.4613373912870884,0.45356959849596024,0.46548157557845116,0.4582018032670021,0.46256766840815544,0.46867940574884415,0.46862466633319855,0.4534921571612358,0.45311005786061287,0.46419836953282356,0.46867716684937477,0.46250949800014496,0.46062973514199257,0.44524186477065086,0.4396667964756489,0.4442615173757076,0.4433244988322258,0.46055717021226883,0.4644099213182926,0.46061699464917183,0.45240573957562447,0.4611370526254177,0.4662190265953541,0.4564085267484188,0.46780862659215927,0.4649810865521431,0.4656590446829796,0.47108906507492065,0.4784125126898289,0.4761935845017433,0.45655281096696854,0.4506167024374008,0.4692027308046818,0.4710136950016022,0.1085968716070056,0.10939985420554876,0.11371449381113052,0.1183770801872015,0.1160844611003995,0.1095159100368619,0.10249459929764271,0.10107157472521067,0.09822712559252977,0.10189841780811548,0.10076525993645191,0.1097802510485053,0.12083051167428493,0.121402976103127,0.12161110527813435,0.11720305681228638,0.11273033823817968,0.11105908080935478,0.10969982575625181,0.11428462248295546,0.10978647787123919,0.10260470025241375,0.10504540801048279,0.11230912432074547,0.11426631361246109,0.10987648461014032,0.10810462199151516,0.10219929553568363,0.09754505660384893,0.09845391847193241,0.10287177842110395,0.10832557361572981,0.10731662157922983,0.10514243971556425,0.10205346904695034,0.10251887422055006,0.10443458240479231,0.10712741781026125,0.11278717033565044,0.11471255961805582,0.11435196362435818,0.11481764726340771,0.117129847407341,0.11806225217878819,0.11269819363951683,0.11647439189255238,0.12430270481854677,0.12016215175390244
SGF_RFW_ST4L20,3,1,0.18506934245427453,0.1667420665423075,9.372475624084473,8.278573036193848,303.2546103000641,4738.353285938501,64,1920,7320,1140,25060,0,0,0.4535808265209198,0.4467625841498375,0.43597130477428436,0.4435068778693676,0.4605965316295624,0.4817773513495922,0.453263521194458,0.44798747450113297,0.45396779105067253,0.4705032519996166,0.46978532522916794,0.4644905813038349,0.4563523046672344,0.4557611234486103,0.45754145085811615,0.4458550326526165,0.43234654888510704,0.42370134964585304,0.4253639653325081,0.43946704268455505,0.4584336504340172,0.47235726937651634,0.4806131534278393,0.47750118002295494,0.47414088621735573,0.4654252491891384,0.4554992914199829,0.427728533744812,0.4288037084043026,0.4328845851123333,0.4317246489226818,0.4321063868701458,0.4658795967698097,0.47659797966480255,0.4644516408443451,0.4712608531117439,0.4666840098798275,0.4756881035864353,0.46101420372724533,0.45410560071468353,0.43121272325515747,0.42968475073575974,0.4385720007121563,0.4457593820989132,0.449944581836462,0.4514562226831913,0.4485633410513401,0.45248135924339294,0.45062025636434555,0.47040069103240967,0.47089799493551254,0.4780282638967037,0.4670632965862751,0.45542726665735245,0.44904228299856186,0.44757452979683876,0.4625520706176758,0.4645923562347889,0.4632150009274483,0.4582861363887787,0.4537590853869915,0.4537038132548332,0.45360442623496056,0.43484972044825554,0.43467606976628304,0.45545146986842155,0.46578769758343697,0.4518872871994972,0.4445614218711853,0.43769583478569984,0.41915303841233253,0.4350292235612869,0.42636219039559364,0.4205111153423786,0.43578003346920013,0.44222167134284973,0.4581145979464054,0.45400790870189667,0.43649785965681076,0.4240688607096672,0.41526002809405327,0.43231332674622536,0.4112185761332512,0.40533941984176636,0.4218636341392994,0.4184705391526222,0.43386632576584816,0.42809538543224335,0.446495920419693,0.45789870992302895,0.44763031229376793,0.4460587128996849,0.4566611163318157,0.4618879109621048,0.46148891001939774,0.44799841727529255,0.11353151593357325,0.12006037589162588,0.12601771671324968,0.12718740850687027,0.12699207942932844,0.12336884997785091,0.12423372827470303,0.12022629380226135,0.12286216858774424,0.11799786798655987,0.11730744782835245,0.11634166911244392,0.11717341560870409,0.11627850960940123,0.11677583679556847,0.11969444341957569,0.11814337410032749,0.12905000802129507,0.13623552024364471,0.12666768860071898,0.11921958439052105,0.10919168312102556,0.11016595736145973,0.1171238636597991,0.11082891561090946,0.11282269563525915,0.115929851308465,0.11974565871059895,0.12124198023229837,0.12169201299548149,0.12500066217035055,0.12163473293185234,0.11549933068454266,0.11719065438956022,0.10842996742576361,0.10673906095325947,0.10855219326913357,0.11455074790865183,0.1190044591203332,0.11510777100920677,0.11687218584120274,0.12335273716598749,0.12318592704832554,0.12253469228744507,0.12312828842550516,0.1234203428030014,0.1252257414162159,0.12331308743783406
SGF_RFW_ST4L20,0,2,0.12020504474639893,0.1391434669494629,4.368238925933838,4.612141132354736,303.5232832431793,4742.551300674677,64,1920,7320,1140,25060,0,0,0.502109207212925,0.5149745345115662,0.5289684012532234,0.5292478427290916,0.5298888981342316,0.5340129807591438,0.5386818945407867,0.5357595309615135,0.5287014991044998,0.5339771434664726,0.5377794727683067,0.5342355221509933,0.5292904376983643,0.525271825492382,0.5175581946969032,0.5163359120488167,0.524176836013794,0.5309123545885086,0.5286227539181709,0.5285778716206551,0.5311601907014847,0.5286234617233276,0.5251889601349831,0.5252773091197014,0.5234273672103882,0.5299348533153534,0.5352114289999008,0.5279214754700661,0.5254959240555763,0.5294284671545029,0.531045600771904,0.5322943851351738,0.5397858545184135,0.5397750958800316,0.5347765311598778,0.5285505652427673,0.5188669413328171,0.5173452496528625,0.5192144215106964,0.5215735509991646,0.5267199203372002,0.5265602245926857,0.5210497304797173,0.5253193452954292,0.5212266817688942,0.5195099338889122,0.521098330616951,0.524646486554827,0.37750428542494774,0.3672540932893753,0.36301102489233017,0.3630882203578949,0.3598596081137657,0.3517731614410877,0.35324883833527565,0.36946380138397217,0.3734450116753578,0.3655625507235527,0.36900659650564194,0.3724863715469837,0.37533872947096825,0.37474092841148376,0.37917324155569077,0.3762194849550724,0.3705285042524338,0.3671424612402916,0.3689994290471077,0.3720049224793911,0.3676699586212635,0.37352384999394417,0.37813684716820717,0.37880514934659004,0.3681486137211323,0.36464348435401917,0.3625497668981552,0.37407538294792175,0.37829218432307243,0.37181831151247025,0.37255004793405533,0.3695315010845661,0.37165040522813797,0.3833890035748482,0.3872784711420536,0.3834716007113457,0.37945345789194107,0.37583887949585915,0.37062183022499084,0.36917513236403465,0.3714635334908962,0.3712349236011505,0.37482940033078194,0.3755309246480465,0.3786298893392086,0.38034243881702423,0.3738694004714489,0.370257420199258,0.08424040302634239,0.08383515849709511,0.0822206037119031,0.0814697165042162,0.08040470629930496,0.07970741018652916,0.07765667326748371,0.0756013710051775,0.07836587727069855,0.07795756123960018,0.07787946797907352,0.07893232721835375,0.08136699628084898,0.0816080616787076,0.08225274085998535,0.08382312953472137,0.08293154928833246,0.0827811760827899,0.08262765314429998,0.08102034963667393,0.07992781046777964,0.08002492599189281,0.07919041905552149,0.08021835796535015,0.08209449518471956,0.08305370435118675,0.08171020727604628,0.08181164506822824,0.0819864459335804,0.08054897654801607,0.07891695015132427,0.08042332157492638,0.08045644871890545,0.0792826022952795,0.07953663729131222,0.08179656974971294,0.08316295593976974,0.08389956317842007,0.08068090118467808,0.0805173721164465,0.08245125040411949,0.08501066081225872,0.08451276365667582,0.0835938761010766,0.0813215197995305,0.07960346806794405,0.08103104773908854,0.08191144466400146
SGF_RFW_ST4L20,1,2,0.09993767738342285,0.10142318407694495,4.198776721954346,5.067173480987549,303.7131927013397,4745.518635958433,64,1920,7320,1140,25060,0,0,0.5619043484330177,0.5586398541927338,0.5614308938384056,0.5574495792388916,0.5557754933834076,0.5611811652779579,0.5636062026023865,0.5670148283243179,0.5630908757448196,0.5632070228457451,0.5630753934383392,0.5608587563037872,0.562866285443306,0.5625995099544525,0.5652179270982742,0.5654866546392441,0.5647294521331787,0.5678994879126549,0.5666335374116898,0.5665696784853935,0.5692403689026833,0.5683019459247589,0.5715260058641434,0.570494756102562,0.5645381584763527,0.5680820792913437,0.5694041401147842,0.5681240558624268,0.5714626982808113,0.5677026733756065,0.5699844881892204,0.5652811825275421,0.5682392045855522,0.5694461986422539,0.5686966851353645,0.5640691444277763,0.5602907612919807,0.5629989430308342,0.5629625096917152,0.5682215020060539,0.5647925585508347,0.5657092183828354,0.5715762078762054,0.5699038505554199,0.5695102736353874,0.5713287442922592,0.5685403570532799,0.5626178213528225,0.3755480796098709,0.36584849655628204,0.3701488859951496,0.3682296946644783,0.36986418440937996,0.3775174878537655,0.37229209020733833,0.37598443403840065,0.3723772354424,0.3822615295648575,0.3863677531480789,0.38042378053069115,0.37499217316508293,0.37806466221809387,0.37351543828845024,0.3755628280341625,0.3808061331510544,0.3859391510486603,0.38502222672104836,0.37919167801737785,0.38128671050071716,0.37740974873304367,0.3829631321132183,0.3805372565984726,0.37439092993736267,0.37756991013884544,0.37985236942768097,0.3746521733701229,0.3813417889177799,0.3764466717839241,0.38334066420793533,0.38073546439409256,0.38569069281220436,0.38384949788451195,0.38049498572945595,0.370712585747242,0.3742939308285713,0.37530703097581863,0.3781929686665535,0.3828917294740677,0.38106708601117134,0.3828132376074791,0.37932272627949715,0.3817888982594013,0.383252527564764,0.38126207888126373,0.37932026758790016,0.37511442388807026,0.05833662021905184,0.05783375119790435,0.057253250386565924,0.055268262047320604,0.05460368748754263,0.05444134213030338,0.05577073898166418,0.05754001438617706,0.056750805117189884,0.06052503641694784,0.06011289497837424,0.06108872266486287,0.060786223504692316,0.06147223711013794,0.06157716549932957,0.062471948098391294,0.061174757312983274,0.06090969452634454,0.058538447599858046,0.057314734905958176,0.05711027979850769,0.05812694923952222,0.060776338912546635,0.06138902483507991,0.05777544667944312,0.05813449900597334,0.05839204275980592,0.059362823609262705,0.06048857746645808,0.059690752532333136,0.05914119817316532,0.05903425347059965,0.057490837294608355,0.05785570712760091,0.05835574213415384,0.056946981232613325,0.05660197930410504,0.05896629253402352,0.05784171912819147,0.059196206741034985,0.060142412316054106,0.0594456703402102,0.05946495616808534,0.0594622059725225,0.05988243781030178,0.05788000766187906,0.05657097417861223,0.05633515545300075
SGF_RFW_ST4L20,2,2,0.1495545506477356,0.14294966061909997,4.474442481994629,4.630561828613281,424.31553840637207,6629.930287599564,64,1920,7320,1140,25060,0,0,0.6137766316533089,0.6195980235934258,0.6232758685946465,0.6216063350439072,0.6185523495078087,0.6256869658827782,0.6238374561071396,0.6325149089097977,0.6278391629457474,0.6324998885393143,0.6261008605360985,0.6285126432776451,0.6255362406373024,0.6228397786617279,0.6251302137970924,0.6261184364557266,0.6247795075178146,0.6286348402500153,0.6262884885072708,0.6238673850893974,0.6296608969569206,0.6293754056096077,0.6244381815195084,0.6235565915703773,0.6240539252758026,0.6275063306093216,0.6240091696381569,0.6244260519742966,0.6224983930587769,0.6210910230875015,0.6207562759518623,0.6233681440353394,0.6226465478539467,0.6232558786869049,0.6271520182490349,0.6232175007462502,0.6254148706793785,0.6241134405136108,0.6277651265263557,0.6218142434954643,0.6268527805805206,0.6319449841976166,0.6296094730496407,0.6267286390066147,0.6247733309864998,0.6285924538969994,0.6303899735212326,0.6211018136569432,0.3910639099776745,0.386399831622839,0.38617492467164993,0.3913409262895584,0.39128925651311874,0.3879007399082184,0.3872797302901745,0.38647083193063736,0.3925789035856724,0.3955008462071419,0.39598704501986504,0.39441222324967384,0.39294982329010963,0.39267926290631294,0.39069129526615143,0.38995762914419174,0.394171092659235,0.3964759074151516,0.39022814482450485,0.39131952449679375,0.3925940729677677,0.39602986723184586,0.3931315653026104,0.39682402461767197,0.39710038155317307,0.389307614415884,0.3981453590095043,0.40050866827368736,0.4021047092974186,0.3991536796092987,0.4002777859568596,0.39965587109327316,0.3977772518992424,0.3976108394563198,0.39230210334062576,0.39323266595602036,0.3909691907465458,0.38718175143003464,0.38561511412262917,0.3923386186361313,0.39543433114886284,0.39805012196302414,0.3984190449118614,0.39693958684802055,0.39839841797947884,0.3958980143070221,0.39090725779533386,0.3879309722355434,0.0866812951862812,0.08945734333246946,0.08584023732692003,0.08311255183070898,0.08274382259696722,0.08558411058038473,0.08754617255181074,0.08400602266192436,0.08288741763681173,0.08453428093343973,0.0876157907769084,0.08717153407633305,0.08779563009738922,0.08819154091179371,0.08747980557382107,0.08406216651201248,0.08555717580020428,0.08634676318615675,0.0837362240999937,0.08444534335285425,0.08457772806286812,0.08492796681821346,0.08580110874027014,0.08762107230722904,0.08670454937964678,0.08228824101388454,0.08351010456681252,0.08224055077880621,0.08524632174521685,0.08421284053474665,0.08670339547097683,0.08772098645567894,0.08624499756842852,0.08639171067625284,0.08640763722360134,0.08794127963483334,0.08680103998631239,0.08677459228783846,0.0864016767591238,0.08296654373407364,0.08189273253083229,0.08255691733211279,0.08299321588128805,0.08549024350941181,0.08413051906973124,0.08572424855083227,0.08207686990499496,0.08423987030982971
SGF_RFW_ST4L20,3,2,0.11663673321406043,0.12431174516677856,4.9615559577941895,6.896378517150879,303.30064058303833,4739.072509109974,64,1920,7320,1140,25060,0,0,0.5293933972716331,0.5307523459196091,0.5230207443237305,0.5064315013587475,0.49001312255859375,0.4941490888595581,0.52247404307127,0.5374459698796272,0.5446742847561836,0.5453821942210197,0.546385332942009,0.5505932942032814,0.5418262034654617,0.5436696633696556,0.5454522147774696,0.5457905605435371,0.5365346297621727,0.525659590959549,0.5228483527898788,0.5137468576431274,0.5113873928785324,0.5085458979010582,0.5061988607048988,0.5130563601851463,0.5246407836675644,0.5336785316467285,0.539969302713871,0.5510593205690384,0.5588510110974312,0.5603988543152809,0.5549182072281837,0.5464013814926147,0.5445015206933022,0.5454056188464165,0.5442469790577888,0.5474191382527351,0.5496802479028702,0.551741786301136,0.5532991364598274,0.5443499460816383,0.5330477207899094,0.5240828171372414,0.5211053267121315,0.5154645815491676,0.5172488912940025,0.5204229950904846,0.521170862019062,0.5207516636167254,0.459927000105381,0.4675767160952091,0.48318737745285034,0.4970666319131851,0.5085252523422241,0.5002913139760494,0.47778159752488136,0.46819034218788147,0.4626675620675087,0.4609186090528965,0.4605291299521923,0.455012921243906,0.4612872898578644,0.45757418870925903,0.4572169668972492,0.45733509585261345,0.46526410058140755,0.4743843711912632,0.48220597207546234,0.48875515162944794,0.49235254153609276,0.4913664981722832,0.4933484271168709,0.48661890998482704,0.4814435988664627,0.47670140862464905,0.4715227521955967,0.46114835888147354,0.453214343637228,0.4474891163408756,0.4496733210980892,0.4555586241185665,0.4554148279130459,0.4561273455619812,0.4577016830444336,0.45858465880155563,0.45613373070955276,0.45402951166033745,0.45150911435484886,0.45624610781669617,0.4696060083806515,0.48135704174637794,0.4841296523809433,0.48800285533070564,0.4845551513135433,0.48512860760092735,0.4860096350312233,0.48038530349731445,0.07295659836381674,0.07499890774488449,0.07714454550296068,0.07714586332440376,0.07821023464202881,0.07889198325574398,0.07980812061578035,0.07713820692151785,0.07637221645563841,0.07824481837451458,0.07754283677786589,0.07567296270281076,0.07568616140633821,0.07708529196679592,0.07534331548959017,0.0779165206477046,0.0814656438305974,0.08514872845262289,0.08428819011896849,0.08565506711602211,0.0841338187456131,0.08154908567667007,0.08146402984857559,0.08182825800031424,0.08136845473200083,0.08282907214015722,0.0811378164216876,0.08027193509042263,0.08018779382109642,0.08074246440082788,0.08095543272793293,0.08383325394243002,0.08536328468471766,0.08501059003174305,0.08353863935917616,0.0819079102948308,0.07909968309104443,0.07964012678712606,0.07998477015644312,0.08278026338666677,0.08314809016883373,0.08132636081427336,0.08228761702775955,0.08360956702381372,0.08281197492033243,0.08460918348282576,0.08345116209238768,0.08470045881611961
SGF_RFW_ST4L20,0,3,0.16269357999165857,0.13275057077407837,11.620302200317383,10.420695304870605,303.49316906929016,4742.080766707659,64,1920,7320,1140,25060,0,0,0.6258728206157684,0.629401758313179,0.6201722845435143,0.622480183839798,0.6246837303042412,0.6262746006250381,0.6145355403423309,0.5844051390886307,0.5557305440306664,0.5328590795397758,0.5152143314480782,0.5070632919669151,0.5232763886451721,0.5504094809293747,0.5805680528283119,0.5857850909233093,0.5865719765424728,0.5829885080456734,0.5835916772484779,0.5744392648339272,0.5790575742721558,0.5753471851348877,0.5725132152438164,0.567081868648529,0.5556361004710197,0.5578215718269348,0.5695746913552284,0.5757168456912041,0.5809084624052048,0.5787380784749985,0.5738850757479668,0.5763191804289818,0.5802774578332901,0.5861997604370117,0.585197351872921,0.5873623788356781,0.5924786105751991,0.5937709361314774,0.5909992009401321,0.5938674286007881,0.5979823395609856,0.5882219672203064,0.5776007324457169,0.5764369964599609,0.5787650272250175,0.5744482353329659,0.5754633247852325,0.5780773333140782,0.3449643664062023,0.3432873673737049,0.34093140065670013,0.3394562155008316,0.3395398370921612,0.33681440725922585,0.3409895859658718,0.360646091401577,0.37827636301517487,0.402613315731287,0.420270599424839,0.42494895681738853,0.40513714775443077,0.3807077556848526,0.3627132885158062,0.35736966878175735,0.3466055318713188,0.3471866436302662,0.3551030717790127,0.36386553570628166,0.3661172389984131,0.37852268293499947,0.3741864711046219,0.3735579699277878,0.3761996887624264,0.37061265110969543,0.3648502007126808,0.3677368387579918,0.3744009770452976,0.37179873138666153,0.3647918738424778,0.35470809787511826,0.35763783752918243,0.36978602036833763,0.37601951882243156,0.371294979006052,0.36086976900696754,0.35367075353860855,0.35449427366256714,0.35220110788941383,0.3530423492193222,0.36111197993159294,0.3619871735572815,0.35397281497716904,0.3474822975695133,0.3593234233558178,0.3651406690478325,0.36910643322127207,0.11406733933836222,0.12102376203984022,0.12308521755039692,0.12011863570660353,0.12328583560883999,0.12259227782487869,0.12953432276844978,0.13350791856646538,0.13478356786072254,0.13854653760790825,0.1386006698012352,0.1486598215997219,0.14999089017510414,0.14479068666696548,0.13590072840452194,0.1358481701463461,0.13308863155543804,0.13137063942849636,0.13385614193975925,0.13196945190429688,0.13054854422807693,0.1331163290888071,0.13344865664839745,0.13584870472550392,0.14284001663327217,0.14742408134043217,0.1456216461956501,0.14248679764568806,0.1376238577067852,0.1333719976246357,0.13119967468082905,0.13474463298916817,0.13575961254537106,0.13504854775965214,0.14167119562625885,0.14168455451726913,0.13927552662789822,0.1383158080279827,0.1336096003651619,0.13384107872843742,0.13082986325025558,0.1320524998009205,0.13728140853345394,0.1369690392166376,0.1353211011737585,0.1309384685009718,0.12969095446169376,0.1339858046599797
SGF_RFW_ST4L20,1,3,0.09075530370076501,0.1360440651575724,8.49306869506836,9.557759284973145,303.6057481765747,4743.83981525898,64,1920,7320,1140,25060,0,0,0.6608044654130936,0.6539532691240311,0.6500048562884331,0.6435894444584846,0.6289917007088661,0.6303103268146515,0.6345876827836037,0.6281697750091553,0.6327813416719437,0.650639645755291,0.6484624817967415,0.6434062793850899,0.6353763937950134,0.6332293674349785,0.6346295177936554,0.6384231746196747,0.6399043574929237,0.6278299987316132,0.6142777875065804,0.6040847450494766,0.593526229262352,0.5745553821325302,0.5761658102273941,0.5754473805427551,0.5763113126158714,0.5829383507370949,0.6116697117686272,0.633553110063076,0.6363855302333832,0.640196330845356,0.6601190716028214,0.6629986763000488,0.6704854816198349,0.6752323657274246,0.6700517982244492,0.6671861335635185,0.6555013135075569,0.6357619538903236,0.6331856846809387,0.6378709822893143,0.6254431083798409,0.6267464458942413,0.6376536041498184,0.6276786178350449,0.624923013150692,0.61269910633564,0.6158018037676811,0.6262814572879246,0.36983855441212654,0.38150353729724884,0.392277006059885,0.40285245701670647,0.41165367886424065,0.4037862829864025,0.3945191688835621,0.3896670751273632,0.381721667945385,0.3920922502875328,0.4006182514131069,0.4049966260790825,0.4020799286663532,0.40084904432296753,0.3969308100640774,0.40391500294208527,0.4036579355597496,0.4106963314116001,0.41893865540623665,0.4260858930647373,0.4358341321349144,0.44603613391518593,0.45542509108781815,0.45537207648158073,0.45204824209213257,0.45157964527606964,0.42959197983145714,0.4171929769217968,0.421845231205225,0.40606366470456123,0.4006640464067459,0.3956993333995342,0.3887694999575615,0.3883437104523182,0.3917784281075001,0.3921937830746174,0.39982790499925613,0.4097387492656708,0.4111357107758522,0.4041401334106922,0.41673530265688896,0.41951967775821686,0.41696030646562576,0.43009527772665024,0.42208538576960564,0.42222242802381516,0.40513670817017555,0.3902361180101122,0.12194714974611998,0.1260445024818182,0.13097609020769596,0.14011190459132195,0.1465563178062439,0.1479370202869177,0.14487449266016483,0.14101777784526348,0.13477246835827827,0.13722945377230644,0.1375407725572586,0.13623283803462982,0.1365327090024948,0.13628664426505566,0.13411372527480125,0.1353051569312811,0.14355401694774628,0.1446629799902439,0.14801262877881527,0.15304171852767467,0.1664888560771942,0.16892881132662296,0.17221703566610813,0.17350782081484795,0.17394926585257053,0.17238852009177208,0.1622933503240347,0.1479900423437357,0.14943432062864304,0.14206694066524506,0.14232844859361649,0.14572567865252495,0.14250300824642181,0.13746612891554832,0.1361132748425007,0.1372579149901867,0.1414677482098341,0.14871249347925186,0.1554386503994465,0.15621893852949142,0.1496994737535715,0.14243169128894806,0.14712389558553696,0.15407208539545536,0.154858086258173,0.15551263093948364,0.1543622724711895,0.15248267139707292
SGF_RFW_ST4L20,2,3,0.11809265613555908,0.13572772343953454,7.8530659675598145,7.451269626617432,558.7181050777435,8729.970391839743,64,1920,7320,1140,25060,0,0,0.6214364394545555,0.6138206794857979,0.6069041714072227,0.5995273366570473,0.5792357996106148,0.5600793436169624,0.5818823948502541,0.6083684265613556,0.6378899589180946,0.6520397439599037,0.6541615724563599,0.6517915427684784,0.6385937109589577,0.6358335390686989,0.6365787535905838,0.6438572853803635,0.6500014290213585,0.6650705710053444,0.6722502559423447,0.6684151664376259,0.6520753428339958,0.6327591761946678,0.6130844876170158,0.6141791865229607,0.6259536892175674,0.6391650661826134,0.6421693488955498,0.6349242180585861,0.6154738143086433,0.5997519344091415,0.5832595899701118,0.5906259715557098,0.6086207181215286,0.620896227657795,0.6234190315008163,0.6207786649465561,0.6207512766122818,0.6161835491657257,0.6299389600753784,0.6373567208647728,0.6421293094754219,0.638397641479969,0.6314128860831261,0.6240786388516426,0.6191863566637039,0.6069470569491386,0.6015353351831436,0.6043053950582232,0.3489215523004532,0.3456728085875511,0.3373276926577091,0.3245432786643505,0.31054918840527534,0.2999769113957882,0.3067309446632862,0.3073311261832714,0.3071261867880821,0.3110463060438633,0.31685230135917664,0.3246670886874199,0.3338101841509342,0.321543887257576,0.33168594539165497,0.3384167365729809,0.3419406786561012,0.33572816476225853,0.3308754824101925,0.33009396120905876,0.34241363033652306,0.35538384318351746,0.36344244703650475,0.3640361465513706,0.3549361899495125,0.34820399433374405,0.3446170948445797,0.34215476736426353,0.34940051659941673,0.3559575825929642,0.36015305295586586,0.3537898510694504,0.349414199590683,0.3521851822733879,0.35868797451257706,0.366473451256752,0.37192754074931145,0.37659013271331787,0.3576897494494915,0.34681109711527824,0.3483029641211033,0.35349132120609283,0.35673343762755394,0.35414912924170494,0.349816020578146,0.3546960689127445,0.3599199056625366,0.35594168305397034,0.12476626969873905,0.12247723620384932,0.11956075951457024,0.11466838885098696,0.11438065581023693,0.10475965030491352,0.10248912870883942,0.09781187772750854,0.09777282271534204,0.10119185782968998,0.11047200579196215,0.11233896669000387,0.11214524321258068,0.10538518987596035,0.1023411201313138,0.10851054918020964,0.11152954399585724,0.11554086860269308,0.11847864277660847,0.12322561722248793,0.12680518999695778,0.12596409488469362,0.1274460693821311,0.12475893273949623,0.12079260312020779,0.12029001396149397,0.12009604275226593,0.1207504365593195,0.12082237750291824,0.12002275604754686,0.11645852215588093,0.12017051409929991,0.1170072965323925,0.11675287131220102,0.12029830273240805,0.12387112528085709,0.124809755012393,0.12538123223930597,0.12390630319714546,0.12364501506090164,0.12535108998417854,0.1264556162059307,0.1285373903810978,0.1258417246863246,0.12489238288253546,0.12418049108237028,0.12702677678316832,0.1272525585123471
SGF_RFW_ST4L20,3,3,0.12280557552973426,0.10862644513448083,13.316241264343262,12.352760314941406,303.32907271385193,4739.516761153936,64,1920,7320,1140,25060,0,0,0.691454142332077,0.6921272501349449,0.6992256566882133,0.7058021351695061,0.6922230869531631,0.6893303915858269,0.6877857595682144,0.6823252066969872,0.6724264770746231,0.6540548577904701,0.6524024531245232,0.6531178578734398,0.6522785127162933,0.6490118131041527,0.6692414805293083,0.6785240396857262,0.6962261572480202,0.7085470110177994,0.7045509666204453,0.7037532404065132,0.7073490619659424,0.6976894065737724,0.6909819543361664,0.6815943494439125,0.6877710074186325,0.6931315511465073,0.6969140097498894,0.7035030871629715,0.7027735039591789,0.703307993710041,0.6997743248939514,0.7048726230859756,0.6936590075492859,0.6929719224572182,0.7055260017514229,0.7008781209588051,0.7037307173013687,0.6988023519515991,0.7042235359549522,0.707836851477623,0.7113364636898041,0.6905648559331894,0.6890814378857613,0.6892017498612404,0.6947430521249771,0.7047388404607773,0.7076887786388397,0.7132071597235543,0.34336480125784874,0.36363066360354424,0.372843436896801,0.37599844858050346,0.3850063495337963,0.3903736509382725,0.4008858874440193,0.4140009619295597,0.42373158037662506,0.4359757862985134,0.43943098559975624,0.4266132600605488,0.4126957803964615,0.4146961010992527,0.4007648788392544,0.4069971740245819,0.40348660573363304,0.4000285342335701,0.4026261642575264,0.3886132352054119,0.3818234018981457,0.3983146473765373,0.40606123581528664,0.4144878387451172,0.4095003232359886,0.39964015781879425,0.38632501661777496,0.37886540219187737,0.3869546204805374,0.3922196291387081,0.4104852229356766,0.4035177566111088,0.41488315910100937,0.41733961552381516,0.40847695991396904,0.40720082074403763,0.4041341729462147,0.41153841465711594,0.4042569175362587,0.3997924104332924,0.39707573130726814,0.40241772308945656,0.40973279997706413,0.4056687094271183,0.4072841852903366,0.4051978997886181,0.4026196449995041,0.39930300201688496,0.1369590312242508,0.13754528388381004,0.1462799422442913,0.1473144143819809,0.15610123239457607,0.15937658958137035,0.16883905045688152,0.165457334369421,0.16073048673570156,0.15931490808725357,0.15941546112298965,0.1675725392997265,0.17481598630547523,0.17901229113340378,0.17834068275988102,0.17583554051816463,0.16116539016366005,0.1561097614467144,0.15070478431880474,0.15179439820349216,0.1475789099931717,0.14615845680236816,0.1432421412318945,0.14630978554487228,0.14702175371348858,0.14039490930736065,0.1385724525898695,0.14443513937294483,0.1506867241114378,0.1532072238624096,0.1567047033458948,0.1630848180502653,0.1680935062468052,0.1603530626744032,0.1605642084032297,0.1545745637267828,0.15218910947442055,0.15394271723926067,0.15534846670925617,0.15616340190172195,0.15239465609192848,0.15704266726970673,0.15285509079694748,0.15137789770960808,0.15073434449732304,0.15173320844769478,0.14712976105511189,0.14960121044090816
SGF_RFW_ST4L20,0,4,0.1766952474912008,0.18053299188613892,4.689854621887207,3.979038715362549,303.6226933002472,4744.104582816362,64,1920,7320,1140,25060,0,0,0.7772687524557114,0.7918250635266304,0.7936792820692062,0.7879831865429878,0.7906906828284264,0.7862524092197418,0.7876148223876953,0.7827280536293983,0.7869710847735405,0.7880452275276184,0.7831169590353966,0.7868752926588058,0.7846092060208321,0.7836615666747093,0.7874045222997665,0.7901558130979538,0.7865149304270744,0.7921385914087296,0.7867766991257668,0.7882236689329147,0.7867116928100586,0.7861236929893494,0.7852474376559258,0.7859964892268181,0.7830625921487808,0.7846550047397614,0.7915713861584663,0.7897751331329346,0.7866503000259399,0.7829549089074135,0.7870033904910088,0.7901357114315033,0.7882410883903503,0.7899849787354469,0.7923004999756813,0.791729524731636,0.787895604968071,0.7862893864512444,0.7834724187850952,0.783210352063179,0.7812389805912971,0.785163551568985,0.7869665324687958,0.7853202670812607,0.7870693057775497,0.7850237861275673,0.7868442833423615,0.78711656161717,0.23624353483319283,0.24982492625713348,0.25175326876342297,0.24208498001098633,0.253389336168766,0.24017772264778614,0.23674446530640125,0.2397665772587061,0.24153047613799572,0.24344470351934433,0.23957526311278343,0.24357990734279156,0.243275823071599,0.24351651221513748,0.24065999872982502,0.23832819238305092,0.23799493350088596,0.245410718023777,0.24461226537823677,0.2437100950628519,0.24436275102198124,0.2389897219836712,0.24030537903308868,0.24519396014511585,0.24357186257839203,0.23692569695413113,0.24095658771693707,0.2368166446685791,0.23752819187939167,0.24251838214695454,0.23976782709360123,0.24314926750957966,0.24278722889721394,0.24726387672126293,0.24825488030910492,0.24300096929073334,0.2368483990430832,0.2361796274781227,0.24081786535680294,0.24631116166710854,0.24212930910289288,0.2408371102064848,0.24199672043323517,0.24118980579078197,0.24256336130201817,0.24020047672092915,0.23923143185675144,0.23855945680822646,0.043465971015393734,0.049788668751716614,0.05294305784627795,0.04927973775193095,0.05380247626453638,0.04934927122667432,0.04971862165257335,0.04889332316815853,0.049063635524362326,0.049595850985497236,0.04797725426033139,0.049796994775533676,0.04901119926944375,0.04890281008556485,0.05108701251447201,0.05106495739892125,0.05061704432591796,0.053277154453098774,0.04814821761101484,0.049117169342935085,0.05069057224318385,0.05004641180858016,0.049977985210716724,0.050734220538288355,0.04768818523734808,0.046823638025671244,0.05172048043459654,0.05132811842486262,0.051552705001086,0.05063228588551283,0.05124072777107358,0.05151044437661767,0.04995202226564288,0.04856552602723241,0.05368338664993644,0.05322358896955848,0.04842828027904034,0.05136708216741681,0.050216411240398884,0.05056843440979719,0.05055578891187906,0.04936055326834321,0.050423278007656336,0.05041537620127201,0.05207072664052248,0.0501208147034049,0.051180658396333456,0.05062978821141379
SGF_RFW_ST4L20,1,4,0.1892412702242533,0.19883054494857788,4.6776885986328125,3.97528076171875,303.59832072257996,4743.723761290312,64,1920,7320,1140,25060,0,0,0.8131484389305115,0.8164796158671379,0.8185191377997398,0.8194912001490593,0.8013414442539215,0.7996656522154808,0.8123335838317871,0.8156995475292206,0.8124577552080154,0.8173678815364838,0.817427396774292,0.8173982426524162,0.8158470839262009,0.8107165768742561,0.816681519150734,0.8128323704004288,0.816271185874939,0.8180673271417618,0.8158233165740967,0.8153158649802208,0.8172204941511154,0.8187953531742096,0.8195387795567513,0.8196182698011398,0.8191652074456215,0.8162594810128212,0.8169601559638977,0.8169682621955872,0.8160164430737495,0.8145769685506821,0.813938744366169,0.8197096884250641,0.8161333203315735,0.8171655759215355,0.817334845662117,0.8159115463495255,0.8181245625019073,0.8172744065523148,0.8197779655456543,0.8151682913303375,0.8177270293235779,0.8149837329983711,0.8178994655609131,0.8161613121628761,0.8190155327320099,0.8192056342959404,0.8140364587306976,0.8095766476222447,0.2968599982559681,0.3030148893594742,0.3025156483054161,0.3056882880628109,0.3190181516110897,0.31786151230335236,0.308647945523262,0.2987785302102566,0.3000449426472187,0.2995099350810051,0.29866335913538933,0.3013990893959999,0.3009479455649853,0.30041228234767914,0.30441374331712723,0.3023371174931526,0.29994863644242287,0.30100156739354134,0.3026902936398983,0.3039897680282593,0.30251581966876984,0.2996654324233532,0.3025234267115593,0.29820066690444946,0.29945214092731476,0.30208250880241394,0.298688642680645,0.30046481266617775,0.30712084472179413,0.303881473839283,0.30375315994024277,0.3022148609161377,0.3004978708922863,0.29901622235774994,0.3014416731894016,0.3022979684174061,0.30283259972929955,0.30251286923885345,0.30350329354405403,0.29849281162023544,0.2997133694589138,0.2997179366648197,0.30147362872958183,0.3007657714188099,0.29794324561953545,0.30211732164025307,0.3031531795859337,0.3051809711115701,0.05960884131491184,0.06161036668345332,0.06327978195622563,0.06436047237366438,0.06774827744811773,0.06429197918623686,0.06396045116707683,0.06371434777975082,0.0640263082459569,0.062320325057953596,0.06382817029953003,0.06503771431744099,0.06342412019148469,0.06010640086606145,0.0636307611130178,0.06506027327850461,0.06536377314478159,0.06580729223787785,0.06652507930994034,0.066365210339427,0.06636346131563187,0.06247914908453822,0.0614894749596715,0.061543761286884546,0.06348459329456091,0.06244130339473486,0.06222762307152152,0.06412282586097717,0.059404667001217604,0.06520688394084573,0.06409536767750978,0.0629493840970099,0.06277119321748614,0.061052017379552126,0.06417309679090977,0.06517300382256508,0.06352158216759562,0.06293441681191325,0.063620132394135,0.06300008948892355,0.06464296486228704,0.06505532283335924,0.06375004258006811,0.06468713004142046,0.06631701067090034,0.06333995796740055,0.0641808221116662,0.0641409722822053
SGF_RFW_ST4L20,2,4,0.21199274063110352,0.22113186120986938,5.6605682373046875,5.056654453277588,303.77220916748047,4746.440768241882,64,1920,7320,1140,25060,0,0,0.7484818175435066,0.748757116496563,0.7416411712765694,0.7363496571779251,0.7361568063497543,0.745225578546524,0.7511202767491341,0.7495043128728867,0.7526713833212852,0.7577061280608177,0.7532099038362503,0.7524730935692787,0.7505471110343933,0.7471632063388824,0.7502856776118279,0.753351978957653,0.7515818551182747,0.7541386112570763,0.750212624669075,0.7520592510700226,0.7533533200621605,0.7563646137714386,0.7525350749492645,0.7491834238171577,0.748365193605423,0.7488962784409523,0.7525483965873718,0.7527514919638634,0.7520577386021614,0.7499440312385559,0.7519072145223618,0.7460798397660255,0.7520542740821838,0.7506001368165016,0.7501226514577866,0.746998056769371,0.7502644509077072,0.7498870864510536,0.7507844641804695,0.7550365701317787,0.7532227262854576,0.7521000280976295,0.7489757165312767,0.7495445683598518,0.7513187751173973,0.7517062276601791,0.7508067861199379,0.7505019903182983,0.31843239068984985,0.32926706597208977,0.3389017842710018,0.3419091999530792,0.3383799046278,0.3269454166293144,0.32156411185860634,0.32711057364940643,0.3210001811385155,0.31704092398285866,0.3195980414748192,0.3234555460512638,0.3229788802564144,0.3270052932202816,0.32087017968297005,0.3197849802672863,0.3219236619770527,0.31996724009513855,0.32011762261390686,0.32131682336330414,0.32030700147151947,0.31864527612924576,0.3226410187780857,0.32525650411844254,0.3230832554399967,0.3238476775586605,0.319186806678772,0.32024984061717987,0.32298943772912025,0.32229938358068466,0.3232005536556244,0.33041298761963844,0.3212857358157635,0.32033106684684753,0.32172783464193344,0.3182728812098503,0.3209601491689682,0.3230963498353958,0.32321150228381157,0.3178209625184536,0.32005394995212555,0.3198762685060501,0.32403038814663887,0.32442543655633926,0.3219742551445961,0.3221192955970764,0.320877343416214,0.3216340328965868,0.050451581832021475,0.055240598041564226,0.05915278848260641,0.06194617645815015,0.06124689942225814,0.059004591312259436,0.055599980521947145,0.05440808553248644,0.05533198360353708,0.055034573655575514,0.05482849944382906,0.054558021016418934,0.054932401049882174,0.05687604704871774,0.05587183590978384,0.05577796045690775,0.05599304987117648,0.056648687459528446,0.05420911405235529,0.05520778801292181,0.05491539649665356,0.055274044163525105,0.05611828761175275,0.053645030595362186,0.05670922063291073,0.05673673190176487,0.055187882389873266,0.056758842431008816,0.05629425495862961,0.054821552708745,0.054417931474745274,0.05647045560181141,0.05511882249265909,0.05519668338820338,0.057019324507564306,0.057263428810983896,0.055995505303144455,0.05722448229789734,0.056802552193403244,0.056360479444265366,0.05484773451462388,0.05511808255687356,0.055360747035592794,0.055420844815671444,0.05479977559298277,0.05499459058046341,0.055132368579506874,0.05559581411736352
SGF_RFW_ST4L20,3,4,0.18676247199376428,0.18896506230036414,4.445267200469971,3.6980066299438477,305.28187704086304,4770.029328763485,64,1920,7320,1140,25060,0,0,0.7450679019093513,0.7515458017587662,0.7535081282258034,0.7539300546050072,0.752895712852478,0.7497906684875488,0.744064450263977,0.7514271661639214,0.7540688514709473,0.7520152553915977,0.7539095282554626,0.7504781261086464,0.7505391091108322,0.7532066479325294,0.7514832466840744,0.7539471760392189,0.7540222927927971,0.7531233578920364,0.7526696920394897,0.7542052939534187,0.7529706507921219,0.753413513302803,0.7525090277194977,0.7526180446147919,0.7538653463125229,0.7542497515678406,0.7503041252493858,0.7519446536898613,0.7505873963236809,0.7508811354637146,0.7529804930090904,0.7499641850590706,0.7517808526754379,0.7524523809552193,0.7523111626505852,0.7552282437682152,0.7510775104165077,0.7499279677867889,0.7496146261692047,0.7505408748984337,0.7498639151453972,0.7529654130339622,0.7545896843075752,0.7521962225437164,0.7501170858740807,0.7534903883934021,0.7524654418230057,0.7508619683129447,0.31404126435518265,0.3147676959633827,0.318424042314291,0.31416693702340126,0.3123558424413204,0.3162352368235588,0.3132333643734455,0.30980025604367256,0.31150801107287407,0.3113100491464138,0.3093330040574074,0.30832239985466003,0.3097640797495842,0.3068438060581684,0.30934249237179756,0.3064498156309128,0.31317272037267685,0.31159647926688194,0.31049754470586777,0.311165489256382,0.30634579062461853,0.3094906583428383,0.3115636073052883,0.3116600252687931,0.3109716847538948,0.3115611970424652,0.3144284747540951,0.30951039865612984,0.31057776510715485,0.31225184723734856,0.3131169304251671,0.31100235506892204,0.3098893277347088,0.3093905746936798,0.3098396547138691,0.31412266939878464,0.3125574551522732,0.30990536138415337,0.3081768825650215,0.31263167038559914,0.3115227073431015,0.31187694519758224,0.3086347468197346,0.31106551364064217,0.30609336495399475,0.31236138567328453,0.3124144524335861,0.3116800827639444,0.05593453207984567,0.05704714125022292,0.058212089352309704,0.05573660088703036,0.05519306752830744,0.05472531355917454,0.05683865351602435,0.057147151324898005,0.05638391338288784,0.05565928295254707,0.05582824721932411,0.056335998233407736,0.05720761138945818,0.057606309186667204,0.05830792058259249,0.05780436331406236,0.05876224534586072,0.058268393855541945,0.058190749026834965,0.058756458573043346,0.059735679998993874,0.05619811778888106,0.05647043930366635,0.05666253762319684,0.056802758015692234,0.05629712576046586,0.055414983071386814,0.057632287964224815,0.05633957963436842,0.057173484936356544,0.05830133566632867,0.058009016793221235,0.05830066651105881,0.05746317561715841,0.0585663546808064,0.05810478236526251,0.05828237300738692,0.057913195341825485,0.05624994495883584,0.05711175408214331,0.059098479337990284,0.05943673476576805,0.058495184406638145,0.05591118987649679,0.057039104867726564,0.05937673803418875,0.05894556175917387,0.05614290812185833
SGF_RFW_ST4L20,0,5,0.11963017781575525,0.12891699870427453,2.9812281131744385,2.8046350479125977,301.06584072113037,4704.153761267662,64,1920,7320,1140,25060,0,0,0.490700077265501,0.4886231794953346,0.4894721396267414,0.48736150190234184,0.4859722852706909,0.4906415641307831,0.493970051407814,0.4950897954404354,0.49531013891100883,0.4948413595557213,0.49607332795858383,0.4936720095574856,0.49386970326304436,0.4955016225576401,0.4941980056464672,0.4916994236409664,0.4953221380710602,0.49711276963353157,0.49483703821897507,0.49427127093076706,0.4917302578687668,0.4938858076930046,0.49527496472001076,0.49299782887101173,0.49529487639665604,0.4929479584097862,0.49150265380740166,0.4912012480199337,0.49165646731853485,0.4921848364174366,0.49371061474084854,0.49314071610569954,0.49108849093317986,0.489195603877306,0.48837222903966904,0.4901779107749462,0.4925604686141014,0.49371255189180374,0.49392012506723404,0.49131209775805473,0.48920801654458046,0.4890756160020828,0.489802785217762,0.49357013031840324,0.49789223819971085,0.4936433285474777,0.4921810254454613,0.49237343668937683,0.44517066702246666,0.4442089684307575,0.44267190620303154,0.44399236142635345,0.44495323300361633,0.44661226496100426,0.4482460096478462,0.4501274414360523,0.44843919202685356,0.4504838101565838,0.45016882941126823,0.4503472074866295,0.44846102222800255,0.4460531361401081,0.44818586483597755,0.45518315583467484,0.4517837278544903,0.45098473131656647,0.4551529586315155,0.4506806284189224,0.4498284384608269,0.4480774886906147,0.4480663128197193,0.4514381065964699,0.45047925412654877,0.4521493725478649,0.45356491208076477,0.4517325349152088,0.4522678516805172,0.4509577006101608,0.4526476375758648,0.45415282994508743,0.4532072842121124,0.4526558332145214,0.4512627050280571,0.45238659903407097,0.4557742550969124,0.45044419914484024,0.45179352909326553,0.4541943818330765,0.4530608169734478,0.4537435956299305,0.4543199688196182,0.4488750696182251,0.4466041810810566,0.44901831448078156,0.44992388039827347,0.45272096991539,0.058677207212895155,0.06133191240951419,0.05943768657743931,0.06037124618887901,0.06044712197035551,0.0600683493539691,0.06038372265174985,0.05995486117899418,0.06306616822257638,0.062199628446251154,0.06322408700361848,0.060849524568766356,0.0615354897454381,0.060969541780650616,0.05973724415525794,0.06088352669030428,0.061897351406514645,0.06514033582061529,0.06499758688732982,0.06273770099505782,0.061995952390134335,0.06089611770585179,0.05978287011384964,0.05879151029512286,0.055187505669891834,0.0592449689283967,0.06200018711388111,0.06272457633167505,0.059219345450401306,0.060166116803884506,0.06042509898543358,0.06106528174132109,0.05928948242217302,0.06119930511340499,0.06217548344284296,0.061525197234004736,0.062296558171510696,0.0628244704566896,0.06450315471738577,0.06044924119487405,0.06180903268978,0.06091700820252299,0.06035596504807472,0.06285403622314334,0.05997930886223912,0.055191383231431246,0.06020884169265628,0.06236838762249265
SGF_RFW_ST4L20,1,5,0.07456574837366736,0.10811305046081543,7.644796848297119,5.111780643463135,303.62024426460266,4744.066316634417,64,1920,7320,1140,25060,0,0,0.619120180606842,0.6197926923632622,0.6200533583760262,0.6062735021114349,0.5942604765295982,0.6097152307629585,0.6365777105093002,0.626265250146389,0.6271186098456383,0.6341264843940735,0.6345104426145554,0.6304586231708527,0.6347047239542007,0.6354315876960754,0.6321250051259995,0.6311774551868439,0.6287985146045685,0.6334932520985603,0.6327070742845535,0.631859689950943,0.6318156868219376,0.6310544684529305,0.6317736059427261,0.6311921998858452,0.6317779719829559,0.6337129697203636,0.6330872848629951,0.6273740231990814,0.6282013952732086,0.6333048567175865,0.6333241835236549,0.6319849342107773,0.6322407126426697,0.6267756968736649,0.626935176551342,0.6321238949894905,0.6321940049529076,0.6390417367219925,0.6382906287908554,0.6326212659478188,0.6288342103362083,0.6299679204821587,0.6298358738422394,0.6317035853862762,0.6327303946018219,0.6347380056977272,0.6310489624738693,0.6319147518702916,0.2845524623990059,0.2812323085963726,0.2761187292635441,0.2889550253748894,0.30075815692543983,0.3014790751039982,0.277776263654232,0.2816898785531521,0.29264407232403755,0.2916426509618759,0.289556372910738,0.2933721989393234,0.28719229623675346,0.2844674438238144,0.285486351698637,0.28993547707796097,0.2922979071736336,0.29184769466519356,0.29262737184762955,0.28820790722966194,0.2887394204735756,0.28196292743086815,0.28203581646084785,0.28706663846969604,0.28397518023848534,0.29046325385570526,0.28759148344397545,0.2920628935098648,0.2944513335824013,0.29447777196764946,0.2944711558520794,0.28842318430542946,0.2809087298810482,0.2905559167265892,0.28868141397833824,0.2888074927031994,0.2948034144937992,0.28665558993816376,0.28416280448436737,0.2876696437597275,0.2893108241260052,0.28570130467414856,0.2909986563026905,0.2918297350406647,0.2903500571846962,0.2819882221519947,0.28665098920464516,0.2891879252025059,0.06895050592720509,0.05663912137970328,0.05329694552347064,0.0601050890982151,0.0697242934256792,0.06953732669353485,0.07104780897498131,0.07534940354526043,0.08410110976547003,0.07846919074654579,0.07818805426359177,0.07650389894843102,0.0724480114877224,0.07747325114905834,0.07731385808438063,0.07760998792946339,0.07577532436698675,0.07182606775313616,0.07667909376323223,0.07695477642118931,0.07978868950158358,0.07601925823837519,0.07250197976827621,0.07474267575889826,0.07304275874048471,0.0729163782671094,0.07559280656278133,0.07635216228663921,0.07239792123436928,0.07758912816643715,0.07771668676286936,0.07559259235858917,0.07601404283195734,0.0761689655482769,0.07331637945026159,0.07195009756833315,0.07683720998466015,0.07453573122620583,0.07418510131537914,0.07547572162002325,0.07692860625684261,0.07635277044028044,0.07592467032372952,0.07840625755488873,0.07943247631192207,0.07669670693576336,0.07455313019454479,0.07248676781143461
SGF_RFW_ST4L20,2,5,0.13005757331848145,0.13212615251541138,3.600385904312134,3.3048760890960693,630.9999175071716,9859.373711049557,64,1920,7320,1140,25060,0,0,0.5551012679934502,0.55354293435812,0.5481244996190071,0.5480153411626816,0.5415990054607391,0.5517491847276688,0.5517526790499687,0.5518527925014496,0.5520404204726219,0.5521389022469521,0.550974428653717,0.5507796928286552,0.5531569421291351,0.5551527813076973,0.5524225533008575,0.557211846113205,0.5495506450533867,0.5467101857066154,0.5473855212330818,0.5461221560835838,0.54682457447052,0.5512844324111938,0.5515065267682076,0.551773227751255,0.5510681793093681,0.5494139343500137,0.5506182909011841,0.5527755320072174,0.5515796095132828,0.5524129718542099,0.5503546446561813,0.5504052340984344,0.5526398867368698,0.5552249997854233,0.5535486564040184,0.5500515848398209,0.5501548796892166,0.5526797100901604,0.5529458597302437,0.553668349981308,0.552481397986412,0.5549935325980186,0.5545660853385925,0.5521792024374008,0.5518879592418671,0.554649293422699,0.5531410202383995,0.5543560641152518,0.3986058235168457,0.3986704610288143,0.40522757545113564,0.4007847048342228,0.4042164459824562,0.4020468257367611,0.40450476482510567,0.40371428057551384,0.4029904268682003,0.4039100520312786,0.4039291813969612,0.4027588330209255,0.3999788798391819,0.4035000428557396,0.403599139302969,0.4024566449224949,0.41053856909275055,0.4099366031587124,0.40917791426181793,0.40810662135481834,0.40600306913256645,0.40588875859975815,0.4049592576920986,0.40536782145500183,0.4072715528309345,0.4088481180369854,0.4099772274494171,0.40818000957369804,0.4062308073043823,0.40642671659588814,0.40860674157738686,0.4082481823861599,0.4068809859454632,0.4061383716762066,0.4059898406267166,0.40605057030916214,0.4065367467701435,0.40589336678385735,0.40502461418509483,0.4035571590065956,0.4062277004122734,0.4070199616253376,0.4053483232855797,0.40843603014945984,0.40690675750374794,0.4064166992902756,0.40726032853126526,0.4045655301639012,0.08831650018692017,0.08637141156941652,0.08947191014885902,0.09207492042332888,0.09532902110368013,0.09342026431113482,0.09475497342646122,0.09615042619407177,0.09588097780942917,0.09446135442703962,0.09375093039125204,0.09257747419178486,0.0917325671762228,0.09121638629585505,0.09401683695614338,0.07732287794351578,0.08340309280902147,0.09208311699330807,0.09070300497114658,0.09407709445804358,0.09315644390881062,0.09389804489910603,0.09420325700193644,0.09220864251255989,0.09357461892068386,0.09354885760694742,0.09203671757131815,0.09063429944217205,0.09244161006063223,0.09250130597501993,0.09292014874517918,0.09448419231921434,0.09201466292142868,0.0919464873149991,0.0940458495169878,0.09639913961291313,0.09440310113132,0.09210092667490244,0.09369422029703856,0.09262306801974773,0.09399101696908474,0.09216849412769079,0.09452205616980791,0.09547418262809515,0.09487061109393835,0.09178781881928444,0.09256413951516151,0.0917518043092319
SGF_RFW_ST4L20,3,5,0.15747278928756714,0.16754458347956336,3.334986925125122,4.440484523773193,304.1320176124573,4752.062775194645,64,1920,7320,1140,25060,0,0,0.6004300564527512,0.5982011407613754,0.5954199135303497,0.5923431366682053,0.5894267037510872,0.5976269617676735,0.6046063303947449,0.6028810292482376,0.6016159132122993,0.6041208952665329,0.6048883721232414,0.604544036090374,0.605299212038517,0.6068385392427444,0.604523591697216,0.6054191291332245,0.6052602753043175,0.6016455590724945,0.6015087887644768,0.6005527451634407,0.6017392501235008,0.6040388569235802,0.6078929752111435,0.6057652309536934,0.6035942733287811,0.6039560213685036,0.6011655926704407,0.6047382205724716,0.6059418320655823,0.6084524765610695,0.6050641760230064,0.6033649444580078,0.6054670736193657,0.602896623313427,0.6005904078483582,0.6038671508431435,0.6062090620398521,0.6077486872673035,0.6071863546967506,0.6066208258271217,0.6055804640054703,0.6068061664700508,0.5989198535680771,0.6021416559815407,0.6027801260352135,0.5985206812620163,0.6076122224330902,0.6105346168790545,0.3298076242208481,0.33096784725785255,0.3327125683426857,0.3348969481885433,0.3366135507822037,0.33607545495033264,0.3336614929139614,0.3344331532716751,0.3320298604667187,0.33420874923467636,0.3369322717189789,0.3345564156770706,0.3319287784397602,0.3300549350678921,0.3327987641096115,0.3331071697175503,0.3335033245384693,0.3348863609135151,0.3365193344652653,0.33702708035707474,0.33596066758036613,0.33473286777734756,0.33233005926012993,0.33405935019254684,0.3405863121151924,0.3359675854444504,0.3357947990298271,0.33664852380752563,0.33715271577239037,0.3340521790087223,0.33894624933600426,0.3366994708776474,0.3348587937653065,0.33394617587327957,0.33318837732076645,0.3317672349512577,0.333321250975132,0.3332613706588745,0.3318980745971203,0.3312709517776966,0.33205414935946465,0.33392219617962837,0.3402668908238411,0.3357377275824547,0.33535461872816086,0.3419775888323784,0.33773861080408096,0.3337468334606716,0.08470229152590036,0.0823827451094985,0.08396763820201159,0.0782403452321887,0.08367606438696384,0.09029263257980347,0.09154819510877132,0.09126648772507906,0.08767936658114195,0.08726214338093996,0.08972911909222603,0.08556774817407131,0.08560709096491337,0.08803721982985735,0.08549746684730053,0.08647255320101976,0.08901473134756088,0.08958565536886454,0.08846653252840042,0.08589594345539808,0.08911709301173687,0.08933805301785469,0.08769998792558908,0.08614043984562159,0.08738822676241398,0.08456993196159601,0.08735915366560221,0.08880824409425259,0.08712952211499214,0.08728125877678394,0.08822289668023586,0.08649731613695621,0.08772694785147905,0.08808268792927265,0.08610620256513357,0.08399035409092903,0.08751262724399567,0.08968739677220583,0.08412992488592863,0.08443654328584671,0.08598100114613771,0.08660433907061815,0.09032938443124294,0.08658812660723925,0.0889675235375762,0.09424250945448875,0.09052904974669218,0.08669055891888482
SGF_RFW_ST4L20,0,6,0.04053123792012536,0.04623045523961389,9.240025520324707,9.197704315185547,305.0026502609253,4765.666410326958,64,1920,7320,1140,25060,0,0,0.5594265535473824,0.5451861545443535,0.5338086038827896,0.5399516299366951,0.5468965768814087,0.5503178909420967,0.5647250264883041,0.5640918910503387,0.5654714554548264,0.561298668384552,0.5694934874773026,0.5645947530865669,0.5635202825069427,0.5671320408582687,0.5633125677704811,0.5635747835040092,0.5600984543561935,0.5674480646848679,0.563094787299633,0.5610373094677925,0.5485315844416618,0.5411649346351624,0.5479413196444511,0.555544026196003,0.5580348521471024,0.5596027821302414,0.5592093989253044,0.5552602931857109,0.5538666099309921,0.5503246858716011,0.5469743311405182,0.5484224632382393,0.5496330931782722,0.5507267713546753,0.5453338250517845,0.5421655029058456,0.5518401190638542,0.5470189303159714,0.5458386689424515,0.5449622496962547,0.5439497157931328,0.5339110866189003,0.5304431840777397,0.5486819595098495,0.5558319613337517,0.5544460341334343,0.5489411130547523,0.5435983198029655,0.43228302150964737,0.44695843383669853,0.4614996910095215,0.4643612243235111,0.4675215147435665,0.4582148417830467,0.44073495268821716,0.44211313873529434,0.4390390180051327,0.4453254006803036,0.43938102573156357,0.44010618329048157,0.43656520172953606,0.4317670799791813,0.43680868297815323,0.43525051698088646,0.43936552479863167,0.4352501444518566,0.4376724064350128,0.4410880357027054,0.4480641260743141,0.45340629294514656,0.45312511548399925,0.4460546597838402,0.44287634268403053,0.439343873411417,0.4362604133784771,0.4370699115097523,0.43971025198698044,0.4492178298532963,0.4556238353252411,0.45748745650053024,0.45709001272916794,0.4546138346195221,0.45697101950645447,0.464096836745739,0.4541270211338997,0.45106783136725426,0.4496956802904606,0.4544263742864132,0.4552881307899952,0.466117262840271,0.4756651557981968,0.46316903084516525,0.4455156996846199,0.44300202652812004,0.4501590318977833,0.4620118396622794,0.11370188370347023,0.11406932026147842,0.11193094588816166,0.11159049160778522,0.10394682176411152,0.10253503266721964,0.11774398852139711,0.11929172743111849,0.1195667739957571,0.11672417726367712,0.11548693664371967,0.1165330559015274,0.11609389819204807,0.11727619916200638,0.11446692794561386,0.11644003633409739,0.1186923524364829,0.11919620167464018,0.11619921401143074,0.11698466073721647,0.11786350607872009,0.11750373709946871,0.12041360884904861,0.11671215947717428,0.11700842250138521,0.11421745177358389,0.11674132291227579,0.11784861423075199,0.11649910919368267,0.1175589794293046,0.12117732968181372,0.12232507206499577,0.12305292766541243,0.12035730108618736,0.1194246569648385,0.11909773480147123,0.12184420321136713,0.12035526614636183,0.11979188118129969,0.11622119601815939,0.11976494453847408,0.116935052908957,0.11827056854963303,0.11729079950600863,0.11894731037318707,0.12050149030983448,0.12486746534705162,0.12359067371913365
SGF_RFW_ST4L20,1,6,0.057746827602386475,0.06353731950124109,10.304366111755371,9.77550983428955,303.7117965221405,4745.496820658445,64,1920,7320,1140,25060,0,0,0.5655000805854797,0.5732190907001495,0.5755777582526207,0.5710726678371429,0.5765958800911903,0.5778274610638618,0.5756736174225807,0.5748224854469299,0.568732313811779,0.5637502148747444,0.565853513777256,0.5660130754113197,0.5700174048542976,0.5696887448430061,0.5687195584177971,0.5713886097073555,0.5689931884407997,0.5711291283369064,0.5676341354846954,0.5697435811161995,0.5688811242580414,0.5693704634904861,0.5683676227927208,0.569544292986393,0.5706965550780296,0.5741109028458595,0.5718816444277763,0.5522911176085472,0.5698044374585152,0.5651727244257927,0.5659162476658821,0.5643854886293411,0.5676500052213669,0.5719024389982224,0.568915344774723,0.5730300098657608,0.5726738199591637,0.5687794908881187,0.572654627263546,0.576845072209835,0.5740211606025696,0.564696729183197,0.5678016096353531,0.5701863989233971,0.5715886652469635,0.5714389234781265,0.5745396763086319,0.5699666653360639,0.4560566507279873,0.46855971217155457,0.46650560945272446,0.4702010378241539,0.46290816739201546,0.46046457812190056,0.4513470269739628,0.4544213227927685,0.46097269654273987,0.46404799446463585,0.46018581092357635,0.45660799369215965,0.45455872640013695,0.4566209129989147,0.4570666328072548,0.46060777455568314,0.45914242789149284,0.45456862449645996,0.46015333011746407,0.4593009389936924,0.46229808032512665,0.46195175871253014,0.4602068066596985,0.4612654112279415,0.45788171142339706,0.45453932881355286,0.4576384648680687,0.4648682214319706,0.46316055580973625,0.46192316338419914,0.4593554250895977,0.45980750024318695,0.45765863731503487,0.45979124307632446,0.46150587871670723,0.4577907621860504,0.4631880074739456,0.4613879881799221,0.45555198937654495,0.45103388652205467,0.4521305188536644,0.46267733350396156,0.46321161836385727,0.4639967158436775,0.4654116630554199,0.46053558588027954,0.45115913823246956,0.457320898771286,0.10607803333550692,0.10394906252622604,0.10547496750950813,0.1073517557233572,0.1076750224456191,0.10582627914845943,0.10946801025420427,0.10689080320298672,0.10890961717814207,0.11232815030962229,0.11090184934437275,0.10877493117004633,0.11092124227434397,0.11101796198636293,0.11164805665612221,0.11298177484422922,0.11286043189466,0.1128388699144125,0.11105456482619047,0.11310187727212906,0.11414904054254293,0.11120603792369366,0.11401243135333061,0.1125752404332161,0.11419638898223639,0.11022288538515568,0.11191362701356411,0.10963035747408867,0.11100918147712946,0.11283844988793135,0.11256737913936377,0.11311243567615747,0.11325564421713352,0.11196478176862001,0.11368219461292028,0.11301787197589874,0.10999057535082102,0.1115331007167697,0.1134847616776824,0.1119531337171793,0.11236963979899883,0.1152001041918993,0.11367547512054443,0.11153906304389238,0.11183850932866335,0.11277846805751324,0.11046772636473179,0.1131198736173766
SGF_RFW_ST4L20,2,6,0.0525875290234884,0.05195581912994385,11.133562088012695,11.791037559509277,303.9566922187805,4749.323315918446,64,1920,7320,1140,25060,0,0,0.5376511439681053,0.5207041725516319,0.500885434448719,0.48511647060513496,0.4695553481578827,0.4915645606815815,0.5324156060814857,0.5065330378711224,0.5212274938821793,0.5265411958098412,0.5271522924304008,0.517443984746933,0.5265647172927856,0.5360052213072777,0.5339154079556465,0.5314960479736328,0.5222340598702431,0.5139519795775414,0.5022866949439049,0.5068769454956055,0.5144484117627144,0.5365142822265625,0.5363353416323662,0.5254909321665764,0.4998180642724037,0.5082858800888062,0.504333358258009,0.5319617688655853,0.5306956693530083,0.5095135048031807,0.5022922642529011,0.51453722640872,0.5142908841371536,0.5297583490610123,0.525329053401947,0.507877953350544,0.5186373814940453,0.5060699060559273,0.5023668184876442,0.5086821615695953,0.5111403316259384,0.5205921903252602,0.5126873403787613,0.5117286071181297,0.5082202851772308,0.5083522945642471,0.5082849860191345,0.5120713540485927,0.4651416502892971,0.4823097884654999,0.4937257766723633,0.501810222864151,0.5114011466503143,0.48987582325935364,0.475065641105175,0.4897765852510929,0.4845409505069256,0.47977591678500175,0.47412654757499695,0.4772796556353569,0.47042466327548027,0.46919723972678185,0.47232190147042274,0.4741877466440201,0.47557397931814194,0.47541339695453644,0.48213885352015495,0.4827233739197254,0.47926538065075874,0.4685474820435047,0.4676039107143879,0.4716246835887432,0.49144284054636955,0.4839756265282631,0.48269248753786087,0.4633052237331867,0.4697774834930897,0.48485127091407776,0.4874470457434654,0.4839644357562065,0.48742814362049103,0.4740474037826061,0.47365884110331535,0.484320517629385,0.4779196046292782,0.48512379080057144,0.4884447902441025,0.4867952689528465,0.48297445103526115,0.47337688505649567,0.47962429746985435,0.48404664918780327,0.49137335643172264,0.48794611915946007,0.4867260530591011,0.48369010431425913,0.11287145037204027,0.12028899043798447,0.12552453204989433,0.13181201089173555,0.13314892910420895,0.122621008194983,0.11976331286132336,0.11723093409091234,0.12425302807241678,0.1277821259573102,0.12401766888797283,0.12241783179342747,0.12316184863448143,0.12101599294692278,0.12192960735410452,0.12457497324794531,0.12514484114944935,0.12885201908648014,0.12666272185742855,0.12411847244948149,0.12458466365933418,0.12489140126854181,0.12384423334151506,0.12518379278481007,0.12275060545653105,0.12263037730008364,0.12216975167393684,0.12482326943427324,0.12179833091795444,0.11894718836992979,0.12156439106911421,0.12401383277028799,0.1249820152297616,0.12624579761177301,0.12432382348924875,0.1275420691817999,0.1250827582553029,0.1269573364406824,0.129050450399518,0.12619910389184952,0.12303276360034943,0.12222257722169161,0.12309211120009422,0.12472196016460657,0.12402716465294361,0.12828241474926472,0.12674423959106207,0.12224783535514559
SGF_RFW_ST4L20,3,6,0.04657566547393799,0.054402629534403446,8.717782974243164,7.041568756103516,304.0963685512543,4751.505758613348,64,1920,7320,1140,25060,0,0,0.48767460510134697,0.485668882727623,0.4864438399672508,0.4909072443842888,0.49352841079235077,0.5038948655128479,0.5042368099093437,0.5202171951532364,0.505061112344265,0.4910967983305454,0.4883548356592655,0.4875981770455837,0.49313849210739136,0.4968840479850769,0.49622657895088196,0.4946410730481148,0.5014655515551567,0.4960918724536896,0.5018695406615734,0.4878652021288872,0.5075599402189255,0.49266279861330986,0.4937266521155834,0.4801463149487972,0.494753859937191,0.49554213881492615,0.4971279874444008,0.49585121497511864,0.4983254410326481,0.4907541088759899,0.48995961621403694,0.49187371507287025,0.4981960728764534,0.4957919158041477,0.488224770873785,0.4943152852356434,0.49029242992401123,0.49819186702370644,0.4993542395532131,0.49290069192647934,0.49433309584856033,0.49955247715115547,0.4957651160657406,0.489968940615654,0.4960845336318016,0.4917481690645218,0.4925643429160118,0.49852982589176725,0.46309396624565125,0.4625692367553711,0.45549092069268227,0.45017584040760994,0.44401829317212105,0.4302084371447563,0.4378582760691643,0.42947255074977875,0.4470021277666092,0.4628991298377514,0.46378494054079056,0.4659307822585106,0.46294984593987465,0.456599585711956,0.4580228962004185,0.4537540376186371,0.4505698047578335,0.455436397343874,0.4476723447442055,0.4582568295300007,0.4460281804203987,0.456733375787735,0.45367182418704033,0.4665578380227089,0.4526487961411476,0.45470941439270973,0.45246244966983795,0.4568755626678467,0.4506082534790039,0.455531794577837,0.4565398767590523,0.45892174169421196,0.4532735012471676,0.4543646350502968,0.46388790756464005,0.4569506458938122,0.4559445232152939,0.4558953270316124,0.45299048349261284,0.4588823653757572,0.4530414938926697,0.44831259548664093,0.4508790299296379,0.45870184525847435,0.4476473778486252,0.4509633742272854,0.4532795585691929,0.4465256461075374,0.09353878069669008,0.09915849566459656,0.09857796411961317,0.10009634494781494,0.1055762404575944,0.09705791808664799,0.09619106817990541,0.09754784125834703,0.09831567294895649,0.09653397463262081,0.10118292272090912,0.09846605360507965,0.1012355424463749,0.0998591324314475,0.09881963860243559,0.09951863344758749,0.09890971053391695,0.0995286600664258,0.1000280762091279,0.10116022545844316,0.09966229926794767,0.10361337196081877,0.09888680092990398,0.09806129895150661,0.09766415785998106,0.0980253154411912,0.09939105715602636,0.09982062969356775,0.09963186271488667,0.09743974357843399,0.09762162249535322,0.09857431147247553,0.09904017765074968,0.1009095348417759,0.10259968508034945,0.09880474582314491,0.10011267475783825,0.09708071313798428,0.09973287023603916,0.09684453997761011,0.09699175599962473,0.09971273690462112,0.09852581284940243,0.09888111799955368,0.09764477610588074,0.10072378721088171,0.10050113592296839,0.09915692039898463
SGF_RFW_ST4L20,0,7,0.05009770393371582,0.06417340040206909,3.0429775714874268,3.2833054065704346,304.52773356437683,4758.245836943388,64,1920,7320,1140,25060,0,0,0.5162593498826027,0.5196627154946327,0.5187805965542793,0.5153194516897202,0.5171359404921532,0.5205710604786873,0.5269360616803169,0.5366452857851982,0.5232514962553978,0.5239066779613495,0.5231279954314232,0.5245920047163963,0.5254025980830193,0.5251134261488914,0.5210908129811287,0.5204740464687347,0.5280184149742126,0.5337091013789177,0.526289775967598,0.5203199908137321,0.5218256786465645,0.5228649750351906,0.5235364213585854,0.5218938291072845,0.5297395288944244,0.529856264591217,0.527011901140213,0.5288750976324081,0.5283579677343369,0.5296658501029015,0.5247497260570526,0.5240551680326462,0.521225206553936,0.5245077013969421,0.5183140188455582,0.5190798565745354,0.5357535481452942,0.5254148915410042,0.5211856514215469,0.5222518220543861,0.5271429345011711,0.5338905528187752,0.5295553356409073,0.5290157049894333,0.5294749215245247,0.5306268334388733,0.5305464267730713,0.5331107974052429,0.5683696046471596,0.5717652887105942,0.5807861015200615,0.5910232737660408,0.5942163467407227,0.5923148095607758,0.5917036011815071,0.5859474539756775,0.591526485979557,0.5915520712733269,0.5919947624206543,0.590310849249363,0.5933447331190109,0.5881552845239639,0.5910277664661407,0.5911089703440666,0.5891484841704369,0.5904418677091599,0.5896018072962761,0.5897013992071152,0.5785287395119667,0.5787994861602783,0.5870644822716713,0.5948667824268341,0.587844617664814,0.5803844407200813,0.5801111534237862,0.5801295712590218,0.5861758962273598,0.5905363485217094,0.5897660851478577,0.5844089835882187,0.5887907594442368,0.595237173140049,0.6018082648515701,0.6041066944599152,0.5906525552272797,0.5819211602210999,0.5824334174394608,0.5907321497797966,0.5928426310420036,0.5881601497530937,0.5872019231319427,0.5866700038313866,0.5817054882645607,0.5844347923994064,0.5898056700825691,0.5871134315218244,0.08303403202444315,0.08176869712769985,0.07774987164884806,0.0733173182234168,0.07214724272489548,0.07193528953939676,0.07256473414599895,0.07329340744763613,0.077369618229568,0.07589304447174072,0.07415756490081549,0.07339214812964201,0.07317442167550325,0.07511701993644238,0.0745634064078331,0.07491436321288347,0.07554989773780107,0.07580656558275223,0.07559926342219114,0.07626327686011791,0.07786299474537373,0.0768364081159234,0.07650246098637581,0.07363673765212297,0.07544084452092648,0.07812136877328157,0.0781014608219266,0.076766861602664,0.07545057870447636,0.07405147887766361,0.07489940710365772,0.0762959998100996,0.0772781539708376,0.07526849955320358,0.07446566876024008,0.07097985595464706,0.0722882617264986,0.0757236909121275,0.07686101458966732,0.0735667534172535,0.07428521290421486,0.0745652737095952,0.07465789001435041,0.07502186950296164,0.07709947228431702,0.07643438130617142,0.07527696620672941,0.074778071471623
SGF_RFW_ST4L20,1,7,0.07834881544113159,0.06664433081944787,2.3705246448516846,2.761787176132202,303.85153365135193,4747.680213302374,64,1920,7320,1140,25060,0,0,0.5319474190473557,0.5352157577872276,0.538296103477478,0.5367816239595413,0.5350378826260567,0.5410844758152962,0.542350560426712,0.5418570041656494,0.5388946756720543,0.5369327440857887,0.534294843673706,0.540456660091877,0.5386028662323952,0.536336287856102,0.5373826175928116,0.5371037349104881,0.5364557132124901,0.544268824160099,0.5470241159200668,0.5368166491389275,0.5376266464591026,0.538169153034687,0.5353987142443657,0.5349604859948158,0.5366978198289871,0.536883071064949,0.5377733558416367,0.5390445813536644,0.5414943471550941,0.5378396511077881,0.5362645238637924,0.5374976694583893,0.5399758294224739,0.5387260466814041,0.5379992350935936,0.5414179414510727,0.5445318967103958,0.5488156080245972,0.5503746196627617,0.5465986728668213,0.5488292425870895,0.5481202155351639,0.5540547743439674,0.5516929253935814,0.5487612411379814,0.5454057157039642,0.5470627322793007,0.5428839751652309,0.6262271329760551,0.6279082000255585,0.6280084848403931,0.6275893598794937,0.6292101144790649,0.628324344754219,0.6266952753067017,0.627979002892971,0.6263568550348282,0.6280639916658401,0.6271630525588989,0.6226712539792061,0.6256101056933403,0.6249087527394295,0.6241295263171196,0.623305656015873,0.6258668527007103,0.6193347200751305,0.6146126314997673,0.6257641389966011,0.6254054680466652,0.624246209859848,0.6265572980046272,0.6266465187072754,0.626494973897934,0.6240733042359352,0.6226766407489777,0.6215705871582031,0.6221912726759911,0.623979777097702,0.6259858906269073,0.6257117167115211,0.626173660159111,0.6247511953115463,0.6250472888350487,0.622904896736145,0.6224024444818497,0.6192200258374214,0.6194419264793396,0.6255741715431213,0.6257316991686821,0.6271580159664154,0.6243718639016151,0.6238861083984375,0.6245848163962364,0.627433642745018,0.6299755796790123,0.6293193612779889,0.07845637295395136,0.07845055963844061,0.07684806920588017,0.07560478802770376,0.07427043467760086,0.07407328765839338,0.07515150960534811,0.07591770682483912,0.07602459285408258,0.07671911641955376,0.07688390091061592,0.0783069059252739,0.07704470306634903,0.07749239727854729,0.07822860963642597,0.07826893404126167,0.07915029395371675,0.07956668268889189,0.07940797414630651,0.07826285343617201,0.07865886390209198,0.07918630447238684,0.07812404539436102,0.07850927952677011,0.079127948731184,0.07921402622014284,0.07914609182626009,0.07934784609824419,0.07811135705560446,0.0781203880906105,0.0792829617857933,0.07823589351028204,0.07835691049695015,0.07800807245075703,0.07828473020344973,0.07839911617338657,0.07725153490900993,0.07541950233280659,0.07394133321940899,0.07446144707500935,0.07527921814471483,0.07474911492317915,0.07341745868325233,0.07374922931194305,0.0752518167719245,0.0762562919408083,0.07524486631155014,0.07432173086064202
SGF_RFW_ST4L20,2,7,0.11525807778040564,0.11035219828287757,1.7843044996261597,1.7556889057159424,303.4686141014099,4741.69709533453,64,1920,7320,1140,25060,0,0,0.5230910107493401,0.5227080658078194,0.5235095247626305,0.522540383040905,0.5237419903278351,0.5256797224283218,0.5293825417757034,0.5313890650868416,0.532047837972641,0.5297336429357529,0.5290963351726532,0.5290045142173767,0.5252236574888229,0.5254083871841431,0.5296373516321182,0.5277523249387741,0.5284794270992279,0.5303229093551636,0.5344821810722351,0.5310149863362312,0.530029721558094,0.5285568535327911,0.5276547968387604,0.5298989042639732,0.5307191461324692,0.5326725542545319,0.5339084640145302,0.5332846716046333,0.5349397882819176,0.5339112803339958,0.5311584770679474,0.5318347662687302,0.5302547737956047,0.5293445363640785,0.5282929092645645,0.5308452248573303,0.5324345156550407,0.5315916910767555,0.5314361751079559,0.5284028351306915,0.5275823846459389,0.5298810079693794,0.5290434882044792,0.5304785668849945,0.5317530632019043,0.5333719402551651,0.533224068582058,0.5321968623570034,0.6070015504956245,0.6080067530274391,0.6091616600751877,0.60870411247015,0.6062799766659737,0.6074138879776001,0.6040026471018791,0.6032639071345329,0.6035363748669624,0.6064637377858162,0.6066627949476242,0.6076604127883911,0.6101742684841156,0.6126410141587257,0.6072519719600677,0.6074991896748543,0.606571726500988,0.6070576310157776,0.6029456779360771,0.6051173433661461,0.6049418598413467,0.607086107134819,0.6075891703367233,0.6077360734343529,0.608270026743412,0.6079829186201096,0.6075504496693611,0.604522742331028,0.6053848192095757,0.605882316827774,0.6066067069768906,0.6079620644450188,0.6081977188587189,0.6091250106692314,0.6078977584838867,0.6048765406012535,0.6050297543406487,0.6068495512008667,0.6070606485009193,0.6093350797891617,0.6095148250460625,0.6083038747310638,0.6068463176488876,0.6057216078042984,0.6043044626712799,0.6046371161937714,0.6060363501310349,0.6062066725322178,0.07727492973208427,0.07823620270937681,0.07879151590168476,0.07924823090434074,0.07828413601964712,0.07899117935448885,0.07852160185575485,0.07869352586567402,0.07802218478173018,0.07759636454284191,0.07563400361686945,0.07642487809062004,0.0760847320780158,0.07671934086829424,0.0786417843773961,0.07872269861400127,0.07879474479705095,0.07890245132148266,0.07712334860116243,0.07677156385034323,0.0747860362753272,0.0745063154026866,0.07730576302856207,0.07805764023214579,0.07783034350723028,0.07798883132636547,0.07688963413238525,0.07683471590280533,0.07511800434440374,0.0771643053740263,0.07875198591500521,0.07814445998519659,0.07836354896426201,0.07824629731476307,0.07745513413101435,0.07675348222255707,0.07634710986167192,0.07592710666358471,0.07513894233852625,0.0768576581031084,0.07797717768698931,0.0783383697271347,0.0774340396746993,0.07828772626817226,0.07862688321620226,0.07827469613403082,0.07782430294901133,0.07637063413858414
SGF_RFW_ST4L20,3,7,0.07318753004074097,0.07158591349919641,2.89268159866333,3.0282490253448486,304.120037317276,4751.8755830824375,64,1920,7320,1140,25060,0,0,0.4894135780632496,0.4924088902771473,0.4970230758190155,0.5038115456700325,0.507286362349987,0.5075262859463692,0.5101852566003799,0.5079363137483597,0.5069467201828957,0.5056717991828918,0.5065160021185875,0.5088590681552887,0.5099578201770782,0.510773554444313,0.5083220154047012,0.5055832713842392,0.506555400788784,0.50816610455513,0.5068118125200272,0.5063403397798538,0.507640115916729,0.5062172040343285,0.5053912922739983,0.507447175681591,0.5081292912364006,0.5116147100925446,0.512677401304245,0.5138129070401192,0.5128971263766289,0.5095085054636002,0.5115545839071274,0.5149186924099922,0.5084168091416359,0.5072408840060234,0.5083042457699776,0.5106659382581711,0.5041454583406448,0.5027246847748756,0.5063258185982704,0.5099920481443405,0.5134268179535866,0.5158338323235512,0.5159671902656555,0.5112030729651451,0.5111264809966087,0.5039547234773636,0.5057564303278923,0.5089988793645587,0.5987630188465118,0.6025539115071297,0.6004240736365318,0.5965432375669479,0.5941159427165985,0.5913255587220192,0.5854017958045006,0.5879133343696594,0.5978051424026489,0.5993501096963882,0.5974078476428986,0.5972488150000572,0.5943432524800301,0.5907336622476578,0.5913385301828384,0.5993396788835526,0.5994026139378548,0.5987890958786011,0.5985073298215866,0.596439927816391,0.5933656021952629,0.5951417461037636,0.5957642942667007,0.5963068753480911,0.594378262758255,0.5914929062128067,0.5919379591941833,0.5934860706329346,0.5925820544362068,0.5937512442469597,0.5984376668930054,0.5957790836691856,0.5970170274376869,0.5959354937076569,0.5970230028033257,0.5970895886421204,0.6008858680725098,0.5995269864797592,0.5982896238565445,0.5994190499186516,0.598283052444458,0.5973896458745003,0.5957790911197662,0.5987874642014503,0.5971476659178734,0.5987512096762657,0.5983240753412247,0.5973021388053894,0.08499708399176598,0.08695099037140608,0.0851247189566493,0.08417986612766981,0.08451252896338701,0.08483163081109524,0.08344999514520168,0.0841100187972188,0.08652135264128447,0.08605936076492071,0.08616064582020044,0.08616557903587818,0.08575541246682405,0.08335143513977528,0.08520023431628942,0.08637109771370888,0.08554762229323387,0.0838832575827837,0.08241722546517849,0.08190312702208757,0.0818682974204421,0.08344295341521502,0.08501060772687197,0.08523706905543804,0.08433620817959309,0.08357146941125393,0.0830590222030878,0.08186236210167408,0.08083248883485794,0.08291458152234554,0.08383400458842516,0.08475051261484623,0.08326753787696362,0.08427429664880037,0.08493644185364246,0.08461121004074812,0.08513436559587717,0.08561276365071535,0.08608114998787642,0.0845941063016653,0.08277177717536688,0.08210648316890001,0.08201919589191675,0.08232465758919716,0.08425075840204954,0.08557965978980064,0.08447921182960272,0.08494716456958226
SGF_RFW_ST4L20,0,8,0.30025390783945716,0.31628439823786414,8.249232292175293,8.326131820678711,303.04357290267944,4735.055826604366,64,1920,7320,1140,25060,0,0,0.49893105775117874,0.4874693639576435,0.48046156391501427,0.47097906470298767,0.46655580773949623,0.4880160205066204,0.49721091613173485,0.49898070096969604,0.49504661932587624,0.49293557554483414,0.4910948909819126,0.49555279687047005,0.5016108974814415,0.5023606084287167,0.5020195990800858,0.482923436909914,0.48314671218395233,0.4870528616011143,0.4945860765874386,0.49721571803092957,0.5173008888959885,0.5209534540772438,0.5175599381327629,0.505290612578392,0.4967400059103966,0.49338772892951965,0.4883931986987591,0.4947556145489216,0.49226872995495796,0.4919232539832592,0.48466144129633904,0.47889983654022217,0.48531126230955124,0.501953013241291,0.5118006765842438,0.5113977491855621,0.5089783817529678,0.5104273557662964,0.5160089135169983,0.5170942842960358,0.5118361115455627,0.5243053883314133,0.5219268202781677,0.5171874016523361,0.5037637948989868,0.5117492824792862,0.5059111565351486,0.4955727756023407,0.40333523601293564,0.40889739245176315,0.41690218076109886,0.4171702265739441,0.4129030145704746,0.40322576835751534,0.3981492705643177,0.40322114527225494,0.4066981263458729,0.3979194536805153,0.4061245359480381,0.40822533518075943,0.4194323383271694,0.4243077039718628,0.4241824559867382,0.4265819303691387,0.415338646620512,0.40735428407788277,0.40077319741249084,0.3908616825938225,0.3775957524776459,0.3664005845785141,0.3767537511885166,0.39546383917331696,0.4065297283232212,0.4097692109644413,0.4115462265908718,0.40645717829465866,0.40839825943112373,0.4157375767827034,0.42418623715639114,0.4168168157339096,0.4101303964853287,0.40657851472496986,0.4012090377509594,0.39533160626888275,0.3940313644707203,0.384466540068388,0.37858185172080994,0.38260168954730034,0.38807278871536255,0.38922202214598656,0.39309073612093925,0.391383808106184,0.39256055280566216,0.3875078521668911,0.3904360570013523,0.4013557050909315,0.15124743059277534,0.15631636418402195,0.15961875766515732,0.1600313875824213,0.15772905759513378,0.15605554729700089,0.16193796694278717,0.15832177363336086,0.15632977336645126,0.15867996029555798,0.16177957318723202,0.15960544161498547,0.1627577282488346,0.16536096297204494,0.16438587754964828,0.16529147326946259,0.16249488294124603,0.16596059128642082,0.16341480799019337,0.1590191200375557,0.15367407351732254,0.14812534675002098,0.14867007359862328,0.15212424285709858,0.15791245363652706,0.15811124257743359,0.16112167574465275,0.16226294450461864,0.1656081210821867,0.1702505424618721,0.173270707949996,0.17124162800610065,0.16907921247184277,0.1688134577125311,0.16630529053509235,0.1650539804250002,0.1628513652831316,0.1587531566619873,0.15016375295817852,0.1500394493341446,0.1522107981145382,0.15295246243476868,0.15660327300429344,0.1582217700779438,0.16199332289397717,0.16017194464802742,0.1637097205966711,0.16288315398352488
SGF_RFW_ST4L20,1,8,0.2625847657521566,0.15838688611984253,6.620543003082275,7.195427417755127,303.3450815677643,4739.766899496317,64,1920,7320,1140,25060,0,0,0.5214045569300652,0.5165646001696587,0.5342829078435898,0.5443683788180351,0.54521893709898,0.5451958701014519,0.5462129861116409,0.549688309431076,0.5476832091808319,0.5566308051347733,0.5539602413773537,0.5588114410638809,0.5641079172492027,0.5532259419560432,0.5526957213878632,0.5481941252946854,0.5496060997247696,0.5468780472874641,0.5464419201016426,0.5508420616388321,0.5484820455312729,0.5489866659045219,0.5567769110202789,0.5501107573509216,0.5617614760994911,0.5640183314681053,0.5469654873013496,0.5348719879984856,0.5315945595502853,0.543199397623539,0.552241139113903,0.5453297793865204,0.5436170473694801,0.5354287624359131,0.54042799025774,0.5396402254700661,0.5472200214862823,0.5421986356377602,0.5389081835746765,0.5321092307567596,0.5341940298676491,0.5441418960690498,0.549669437110424,0.5548746511340141,0.5561025589704514,0.5519068166613579,0.5462305918335915,0.5485588567597526,0.34884830191731453,0.3460249975323677,0.3333544433116913,0.3262515626847744,0.3196651004254818,0.3147091455757618,0.31603750586509705,0.3179160878062248,0.3244432881474495,0.3269357867538929,0.32988038286566734,0.3306143060326576,0.326701782643795,0.32341238483786583,0.32161514088511467,0.32001861184835434,0.31967685371637344,0.33120259270071983,0.3283565826714039,0.32205740362405777,0.3190176635980606,0.31500081345438957,0.3258557990193367,0.32993847876787186,0.33058054000139236,0.32545122131705284,0.3242347277700901,0.31669720634818077,0.3194505162537098,0.3279777020215988,0.33489374443888664,0.3444889932870865,0.3421252481639385,0.3380131945014,0.3313176967203617,0.3309965990483761,0.3347240798175335,0.3380645401775837,0.34251535683870316,0.3446218818426132,0.33885737136006355,0.3350137993693352,0.3306882530450821,0.32600556686520576,0.324910543859005,0.32876162976026535,0.33375299349427223,0.32899338006973267,0.17062624171376228,0.16532700136303902,0.1693235021084547,0.17145437747240067,0.1603509485721588,0.15857002511620522,0.1644404511898756,0.16187454015016556,0.16165055893361568,0.16320793703198433,0.16038934513926506,0.16428115777671337,0.16462003253400326,0.16533410176634789,0.1598611567169428,0.16379479691386223,0.16404714062809944,0.17317006550729275,0.16997472010552883,0.16895289160311222,0.1680732872337103,0.16614249534904957,0.17173839546740055,0.17220626585185528,0.177693085744977,0.1753474660217762,0.16398721374571323,0.16472130827605724,0.16792563535273075,0.17447441443800926,0.1719771921634674,0.1757733728736639,0.1767381764948368,0.17593745701014996,0.1720336228609085,0.17243784479796886,0.16921760514378548,0.1737195160239935,0.17522529140114784,0.17647571489214897,0.1770224180072546,0.17030631378293037,0.17260636389255524,0.17244557105004787,0.1754004843533039,0.1739258412271738,0.1753165740519762,0.17749876635415213
SGF_RFW_ST4L20,2,8,0.26908890406290686,0.2920806407928467,6.439130783081055,8.086026191711426,303.4316294193268,4741.119209676981,64,1920,7320,1140,25060,0,0,0.5080534517765045,0.5065003633499146,0.50759407132864,0.5075013637542725,0.504578024148941,0.5113623514771461,0.5217690393328667,0.522635817527771,0.5227082222700119,0.5146459937095642,0.5015653595328331,0.506738118827343,0.5117192491889,0.5114273130893707,0.5181963667273521,0.5256046801805496,0.521587535738945,0.5158602818846703,0.5221134647727013,0.5231733471155167,0.5204209759831429,0.5206597968935966,0.510446086525917,0.49551988020539284,0.49138954654335976,0.5012651942670345,0.5100477412343025,0.5124648809432983,0.5139665678143501,0.5057695098221302,0.5061367228627205,0.51108767837286,0.5140462294220924,0.5108952671289444,0.5088251531124115,0.5037850886583328,0.48990096151828766,0.48650582134723663,0.5019027255475521,0.5086159259080887,0.5179059207439423,0.5158497989177704,0.5173928514122963,0.5125369876623154,0.514782153069973,0.5200043544173241,0.5214467197656631,0.518266098839896,0.3581766113638878,0.3544737696647644,0.35482965409755707,0.35239890962839127,0.35145434364676476,0.34944501891732216,0.34561413526535034,0.3460846282541752,0.35279465839266777,0.3634124919772148,0.37661324068903923,0.37433236464858055,0.3644508793950081,0.3556804992258549,0.34892725944519043,0.3452198952436447,0.3549385480582714,0.3580743372440338,0.3504270501434803,0.3472936749458313,0.34915921092033386,0.351712629199028,0.3551034778356552,0.3618290647864342,0.3635740652680397,0.36349043995141983,0.363294143229723,0.36481886729598045,0.36305344477295876,0.36404307931661606,0.36581819504499435,0.3637218661606312,0.3646123595535755,0.36772383376955986,0.3675138130784035,0.37236379086971283,0.37851763144135475,0.37351084500551224,0.3687107376754284,0.37086324021220207,0.3640575520694256,0.36149395629763603,0.3614257238805294,0.36851829662919044,0.36161376908421516,0.35856663063168526,0.3593711107969284,0.3639289311000279,0.1499108113348484,0.1495712660253048,0.1491460632532835,0.14992218650877476,0.15141824632883072,0.15217738412320614,0.15519345365464687,0.15653863735496998,0.15351858362555504,0.14952147006988525,0.15207423828542233,0.15379309467971325,0.15270099230110645,0.1523339692503214,0.1540161333978176,0.1562163569033146,0.15704949013888836,0.15375353582203388,0.15390959195792675,0.15470806322991848,0.15526379831135273,0.15362452156841755,0.15057181753218174,0.152018116787076,0.15296265669167042,0.15515294671058655,0.15461935475468636,0.154447378590703,0.1508136410266161,0.15092788636684418,0.15325133875012398,0.15580994077026844,0.15705681592226028,0.15608799271285534,0.15441710874438286,0.15492299012839794,0.15176060423254967,0.15749997086822987,0.1602950543165207,0.16475750505924225,0.16403490863740444,0.16579585522413254,0.16389455646276474,0.16329607740044594,0.16386858746409416,0.16324473172426224,0.16652090661227703,0.16713797407490866
SGF_RFW_ST4L20,3,8,0.32763534784317017,0.3340882658958435,8.057604789733887,7.1661152839660645,304.04432225227356,4750.692535191774,64,1920,7320,1140,25060,0,0,0.4976940490305424,0.49565358832478523,0.4967630058526993,0.5007756091654301,0.5038242042064667,0.5084659233689308,0.5165957435965538,0.5136258378624916,0.5054361000657082,0.5009271614253521,0.49971091374754906,0.503504291176796,0.5068337693810463,0.50206109136343,0.5003614090383053,0.5036193951964378,0.5091624334454536,0.5148461535573006,0.5149131119251251,0.5185772925615311,0.5184782221913338,0.5034873932600021,0.49897625669837,0.4983116164803505,0.5025887601077557,0.504958488047123,0.5028945654630661,0.5060441717505455,0.5038211569190025,0.5051873549818993,0.50566416233778,0.5062068477272987,0.5039328709244728,0.5044409111142159,0.4978151433169842,0.5028154365718365,0.5089509934186935,0.5034365803003311,0.5023310855031013,0.5005135722458363,0.5048073492944241,0.5008941031992435,0.49886102601885796,0.5040029361844063,0.5002575255930424,0.5043076053261757,0.5028029158711433,0.505394697189331,0.34661979228258133,0.34125618636608124,0.3383096978068352,0.33782069757580757,0.33734824508428574,0.34024182707071304,0.34362485632300377,0.3348425142467022,0.33593928441405296,0.3391132615506649,0.34301214665174484,0.3466760590672493,0.3488146923482418,0.35196512565016747,0.34937575459480286,0.34055614098906517,0.34052378684282303,0.34038352221250534,0.34145910292863846,0.34036123380064964,0.33927171677351,0.34891004487872124,0.3525272570550442,0.3521888628602028,0.34492190182209015,0.34357958659529686,0.34778085350990295,0.3465276435017586,0.3504599705338478,0.34679780900478363,0.3422532230615616,0.34243476763367653,0.3475629352033138,0.34628554433584213,0.3473900780081749,0.3468027226626873,0.3449050299823284,0.34520339220762253,0.34203702956438065,0.3427051268517971,0.34459085389971733,0.3483204320073128,0.3483830690383911,0.34608858451247215,0.34963567554950714,0.34546859934926033,0.34454886615276337,0.34575867652893066,0.15456600114703178,0.1579605508595705,0.15921244584023952,0.16043910942971706,0.16245774365961552,0.1623234525322914,0.15206072852015495,0.14651882648468018,0.15216518379747868,0.15574921295046806,0.1587707381695509,0.1626827623695135,0.16406552493572235,0.16376574710011482,0.1626601442694664,0.1612357310950756,0.16417004354298115,0.16528788954019547,0.16541433706879616,0.1677988562732935,0.1707212384790182,0.16672445461153984,0.1599867008626461,0.15849249809980392,0.1600465252995491,0.16465440392494202,0.16321131400763988,0.16184626519680023,0.1616575699299574,0.16067170724272728,0.1610944140702486,0.16303114406764507,0.1631431132555008,0.16264604032039642,0.1609228551387787,0.161386052146554,0.15905903279781342,0.15521076880395412,0.1553686074912548,0.15689151547849178,0.15949084609746933,0.1603898461908102,0.15797333419322968,0.15870893374085426,0.15667124092578888,0.15339291840791702,0.15307301469147205,0.15958409862858908
SGF_RFW_ST4L20,0,9,0.1680418848991394,0.18016608556111657,4.95399808883667,4.588951587677002,304.54022669792175,4758.441042155027,64,1920,7320,1140,25060,0,0,0.45224688202142715,0.44523317739367485,0.4471365250647068,0.43565523251891136,0.4380764588713646,0.4462221898138523,0.454993050545454,0.44655556604266167,0.44757528230547905,0.44914455339312553,0.4487825147807598,0.45054173469543457,0.4513116590678692,0.4507170766592026,0.4582406207919121,0.462019719183445,0.4525924138724804,0.45362967625260353,0.45330263301730156,0.4578264094889164,0.45140520110726357,0.4541342034935951,0.45077403634786606,0.4526994153857231,0.44818777590990067,0.45330487191677094,0.45018966868519783,0.4559283219277859,0.45553167909383774,0.4523364342749119,0.45127690955996513,0.4523589536547661,0.4561130292713642,0.45521071925759315,0.4522635266184807,0.4552425406873226,0.45255184546113014,0.4505382589995861,0.4571800045669079,0.4583621062338352,0.45475562289357185,0.45452971011400223,0.4555482417345047,0.4555438831448555,0.45891229435801506,0.4554530419409275,0.4476725682616234,0.4480648466518947,0.443926677107811,0.44148463010787964,0.45901327207684517,0.4679156504571438,0.47128401324152946,0.4612455740571022,0.4610752910375595,0.45753518491983414,0.46597008407115936,0.46774160861968994,0.46282874420285225,0.45578303188085556,0.4538157805800438,0.45028968155384064,0.44443682581186295,0.447370246052742,0.4519006609916687,0.45119504630565643,0.4508315362036228,0.44549714401364326,0.45413463935256004,0.45057667419314384,0.45348474755883217,0.45000042393803596,0.45345959812402725,0.44593100622296333,0.44998496770858765,0.44568945840001106,0.4488508217036724,0.4531157352030277,0.4479699321091175,0.44801894575357437,0.44677822664380074,0.4506489373743534,0.4496639668941498,0.4474744014441967,0.447344109416008,0.450564906001091,0.4476211369037628,0.4452672637999058,0.4499281086027622,0.4494572915136814,0.4468315988779068,0.4482111893594265,0.44279465451836586,0.4513111971318722,0.4565938599407673,0.4533899171011789,0.0479302522726357,0.049075613263994455,0.05033580353483558,0.05190957570448518,0.05253703659400344,0.05126092815771699,0.05209480877965689,0.0500453170388937,0.0512226945720613,0.0507697151042521,0.05155742168426514,0.050471972208470106,0.050761961843818426,0.04956578556448221,0.050797604490071535,0.05099580716341734,0.05039367312565446,0.050394159741699696,0.050542456563562155,0.04988897452130914,0.0519409216940403,0.050107565242797136,0.05021157953888178,0.04960487876087427,0.05012729950249195,0.04963710391893983,0.050133136101067066,0.04980870429426432,0.05010717874392867,0.049941529519855976,0.049094649497419596,0.051314826123416424,0.05012873467057943,0.049965168349444866,0.04870775435119867,0.049461803399026394,0.05080231046304107,0.05114106647670269,0.04956136364489794,0.050766858737915754,0.04995977086946368,0.048684317618608475,0.0499294176697731,0.05081405211240053,0.04957923758774996,0.05098410043865442,0.04967857804149389,0.051966817783457894
SGF_RFW_ST4L20,1,9,0.1699180006980896,0.1703265905380249,4.6097259521484375,4.387223243713379,303.7461037635803,4746.0328713059425,64,1920,7320,1140,25060,0,0,0.4886847920715809,0.4895782135426998,0.496709194034338,0.49594995006918907,0.49719197675585747,0.5069382786750793,0.49953947216272354,0.5035726390779018,0.5007242001593113,0.5027716122567654,0.503187008202076,0.503384169191122,0.5065466538071632,0.5053070858120918,0.5009409002959728,0.49780166521668434,0.503330297768116,0.5064670667052269,0.5052731819450855,0.5097749829292297,0.5084476321935654,0.5037121511995792,0.4988431856036186,0.5003032349050045,0.504402544349432,0.5045735985040665,0.5004604458808899,0.5013758726418018,0.503745399415493,0.5052277818322182,0.4999799355864525,0.5024637617170811,0.5054495483636856,0.5031602643430233,0.49988356977701187,0.5015859827399254,0.5037251859903336,0.5100135505199432,0.5093261376023293,0.49766456708312035,0.5008255131542683,0.49583520367741585,0.5014856792986393,0.5013450309634209,0.49969425052404404,0.501512236893177,0.5057861506938934,0.5050170762198312,0.4868553727865219,0.4873638078570366,0.4878214821219444,0.4914856366813183,0.4913337826728821,0.4898894615471363,0.4871179945766926,0.48621734976768494,0.4870070852339268,0.48617300391197205,0.4883422888815403,0.48426833376288414,0.4868055544793606,0.4871999956667423,0.4888731576502323,0.4855986684560776,0.4836749918758869,0.48747049272060394,0.48828328028321266,0.4821067601442337,0.4850754700601101,0.486775241792202,0.4890219084918499,0.48897451907396317,0.4875909276306629,0.4863025061786175,0.48956962302327156,0.48982876911759377,0.48733721300959587,0.48790570348501205,0.48934347555041313,0.4888228140771389,0.4891878254711628,0.4890586882829666,0.4874436743557453,0.4857342541217804,0.4870879128575325,0.48649056255817413,0.4855318032205105,0.48767851665616035,0.4877198338508606,0.48715250939130783,0.4881218895316124,0.49110911414027214,0.4890665002167225,0.48981212079524994,0.4863567650318146,0.4863504001072475,0.04717058502137661,0.048247871454805136,0.05014384817332029,0.04881024872884154,0.04992494499310851,0.050743648782372475,0.04828484170138836,0.04994407342746854,0.04953545704483986,0.049388805869966745,0.05013197613880038,0.049983530305325985,0.051171531435102224,0.04959468683227897,0.04914332227781415,0.049967245664447546,0.04973065946251154,0.04980165930464864,0.0489032450132072,0.04900220315903425,0.050692133605480194,0.04900994896888733,0.04945234348997474,0.04870649520307779,0.049144236370921135,0.048466091975569725,0.049200727604329586,0.047872734256088734,0.04784011794254184,0.04748930037021637,0.048221278470009565,0.04739756649360061,0.04855308076366782,0.04994100285694003,0.04950431175529957,0.050088525749742985,0.04934011120349169,0.050769985653460026,0.04897476639598608,0.04966629855334759,0.04910677019506693,0.04871015856042504,0.0485938461497426,0.04980486771091819,0.048292821273207664,0.05110919335857034,0.05019044550135732,0.04996207941855703
SGF_RFW_ST4L20,2,9,0.18207448720932007,0.19440996646881104,3.8944761753082275,4.319801330566406,303.43131470680237,4741.114292293787,64,1920,7320,1140,25060,0,0,0.5450633466243744,0.5380028262734413,0.5458003059029579,0.543053038418293,0.5429888144135475,0.5460608825087547,0.5456536188721657,0.5433057174086571,0.5508528873324394,0.5506756156682968,0.5494048967957497,0.5440893247723579,0.5462555140256882,0.5438878536224365,0.5446344241499901,0.5443597510457039,0.5462387949228287,0.5430215746164322,0.5485956445336342,0.5472649037837982,0.5475452095270157,0.5461565926671028,0.543572761118412,0.5426437631249428,0.5430461317300797,0.5468053668737411,0.5458893105387688,0.5413860306143761,0.545790933072567,0.5462395250797272,0.5429942905902863,0.5452940389513969,0.5490340366959572,0.5487890094518661,0.5450386479496956,0.5470055490732193,0.545402280986309,0.543173685669899,0.5488400012254715,0.5503907054662704,0.5424556136131287,0.5469722226262093,0.5407156050205231,0.5446278601884842,0.5454734787344933,0.549634650349617,0.5453694984316826,0.550508839743478,0.44538743048906326,0.4495491608977318,0.44236359372735023,0.44492243975400925,0.44900689646601677,0.44742145761847496,0.44698115065693855,0.4528292529284954,0.44815440475940704,0.4481351636350155,0.4482996352016926,0.45138438791036606,0.4479338377714157,0.45149269327521324,0.4518313594162464,0.4523283578455448,0.44787339121103287,0.45337705686688423,0.45482418686151505,0.45501556620001793,0.4532383419573307,0.4539651423692703,0.45277080312371254,0.4496339224278927,0.45157208293676376,0.44801317155361176,0.44874023273587227,0.45204680040478706,0.44763995334506035,0.4502020962536335,0.45304348692297935,0.4526931568980217,0.4505983851850033,0.4495048113167286,0.4497094452381134,0.4470411203801632,0.4487204737961292,0.4510492645204067,0.44721464067697525,0.4478932283818722,0.45300668105483055,0.44926363602280617,0.45448625087738037,0.4502636156976223,0.45107457786798477,0.44928453117609024,0.4515531547367573,0.446907958814076,0.04791858559474349,0.04873244883492589,0.050544786266982555,0.051126654259860516,0.05117693496868014,0.05134141258895397,0.050606501288712025,0.051722899079322815,0.050930080469697714,0.050647683907300234,0.05083964765071869,0.05088829156011343,0.05159391928464174,0.05069491686299443,0.05056000268086791,0.05099546443670988,0.050269863568246365,0.05095973750576377,0.05118706217035651,0.05012618750333786,0.04986974550411105,0.049924200400710106,0.05085248593240976,0.050967350136488676,0.050316560082137585,0.05082007823511958,0.05086674354970455,0.050167514476925135,0.050542112439870834,0.05169506510719657,0.05033265566453338,0.05074318824335933,0.0503363311290741,0.05111696384847164,0.05123262060806155,0.05152092967182398,0.052242026664316654,0.05123799433931708,0.05157830147072673,0.05113078001886606,0.05000498332083225,0.05065988563001156,0.05076618352904916,0.0508591728284955,0.05037598917260766,0.05028336402028799,0.05110870394855738,0.050868542066642215
SGF_RFW_ST4L20,3,9,0.2103337446848551,0.20586293935775757,4.834435939788818,4.511681079864502,304.1037425994873,4751.620978116989,64,1920,7320,1140,25060,0,0,0.4940601512789726,0.4902803525328636,0.497829582542181,0.49602221325039864,0.5011902526021004,0.500272274017334,0.5030987337231636,0.5044737756252289,0.5009608492255211,0.5030666328966618,0.4965364560484886,0.5033328011631966,0.50563520565629,0.5051339268684387,0.5037139765918255,0.504606444388628,0.5044351182878017,0.5051255077123642,0.5055307596921921,0.5039599426090717,0.49862660095095634,0.5027330294251442,0.5049615725874901,0.5014081969857216,0.5019679106771946,0.5048265382647514,0.5008198469877243,0.5042580775916576,0.4984508715569973,0.4996304102241993,0.5002645067870617,0.49891888350248337,0.5018732286989689,0.5012711584568024,0.5046541690826416,0.5047826841473579,0.5021507479250431,0.5024253875017166,0.5028226859867573,0.5060098618268967,0.5064227655529976,0.5038114078342915,0.4993423596024513,0.5012343637645245,0.5019643604755402,0.5014320313930511,0.5035190917551517,0.5006987452507019,0.4628002382814884,0.4628799818456173,0.46655017882585526,0.4611419476568699,0.4666389040648937,0.4609505124390125,0.46876260638237,0.4664187952876091,0.4694712422788143,0.4684479422867298,0.46681269258260727,0.46287311241030693,0.46431057900190353,0.4631212204694748,0.463177889585495,0.4657786898314953,0.4621175676584244,0.46240822598338127,0.4649617485702038,0.46502550318837166,0.4674665667116642,0.47073353454470634,0.4627367816865444,0.4634776823222637,0.46539871394634247,0.46639713644981384,0.46611787378787994,0.46805113554000854,0.46558748185634613,0.4676522724330425,0.4635552205145359,0.46374302357435226,0.46556277573108673,0.4661925956606865,0.4652465358376503,0.4629298932850361,0.46309905499219894,0.4632573090493679,0.46218688413500786,0.4595966599881649,0.4608917273581028,0.4664171114563942,0.4698735661804676,0.46604514494538307,0.46896007284522057,0.4686303399503231,0.46639618277549744,0.4694020279816219,0.046008385717868805,0.045419306959956884,0.04920351970940828,0.047053185757249594,0.04942672746255994,0.04719342244789004,0.047926681116223335,0.04628501133993268,0.04520516376942396,0.04848547978326678,0.045959522016346455,0.046459855046123266,0.048401905689388514,0.04798013111576438,0.04693898279219866,0.047141975723207,0.04645692743360996,0.04630780918523669,0.0464123603887856,0.04718274809420109,0.04592489032074809,0.047038455959409475,0.04692792473360896,0.046816658694297075,0.04616065602749586,0.04728320520371199,0.045578785706311464,0.047197856940329075,0.04634555708616972,0.046847826801240444,0.046459563076496124,0.04538803407922387,0.04668580647557974,0.04747771145775914,0.04741043783724308,0.046802093274891376,0.046221164520829916,0.04623974487185478,0.046656263526529074,0.046974394004791975,0.047557121608406305,0.04789078235626221,0.04605711065232754,0.04471196187660098,0.04778161132708192,0.04767808970063925,0.04806125722825527,0.04481001890131405
SGF_RFW_ST4L20,0,10,0.18797751267751062,0.2465076446533203,3.47491455078125,4.728257179260254,303.02750396728516,4734.804749488831,64,1920,7320,1140,25060,0,0,0.5837027356028557,0.5778358578681946,0.5863023698329926,0.5875224173069,0.5902106165885925,0.5935038700699806,0.5935381948947906,0.5874733403325081,0.5919045880436897,0.6034913584589958,0.5969281047582626,0.5915114730596542,0.5863878950476646,0.5821330323815346,0.5813877955079079,0.5938213467597961,0.6116127297282219,0.6216181218624115,0.6231094375252724,0.6164515390992165,0.6158857420086861,0.6227977871894836,0.6174584999680519,0.6163131520152092,0.6106392219662666,0.610234297811985,0.6096143200993538,0.6038835272192955,0.6014574617147446,0.5989430099725723,0.5970723703503609,0.595124825835228,0.597801461815834,0.5996837988495827,0.5965016707777977,0.5963035002350807,0.5897242650389671,0.5877569764852524,0.5880872458219528,0.5941704213619232,0.5980585142970085,0.5984846726059914,0.5981232523918152,0.6015906631946564,0.6026783213019371,0.6101168394088745,0.6044924929738045,0.5986731903893607,0.3364700712263584,0.33517614006996155,0.33920635282993317,0.33685974031686783,0.3374268002808094,0.33866819366812706,0.3350771591067314,0.33469628915190697,0.33319181203842163,0.33747613057494164,0.33746663853526115,0.3425472676753998,0.3484480567276478,0.3583872392773628,0.35167626664042473,0.33192751929163933,0.321724608540535,0.3192373141646385,0.330049742013216,0.33437060564756393,0.33980272710323334,0.33592990040779114,0.3321041241288185,0.3263924941420555,0.33897464349865913,0.34051666408777237,0.33895591646432877,0.3463968113064766,0.3518082834780216,0.3541385270655155,0.3515334539115429,0.3468719609081745,0.337900523096323,0.34124985337257385,0.35519344359636307,0.36650577560067177,0.36316047236323357,0.3554631769657135,0.3551798462867737,0.3583955056965351,0.3618970923125744,0.3609379641711712,0.3578997664153576,0.3521001562476158,0.3454511724412441,0.33811936900019646,0.3433348461985588,0.34984460047313143,0.043748561292886734,0.0457734945230186,0.04623491782695055,0.04875187575817108,0.05027811275795102,0.05157756619155407,0.052323723677545786,0.05016506277024746,0.05034639500081539,0.050101784989237785,0.05045858910307288,0.04762881761416793,0.048815700225532055,0.04696421464905143,0.04870390286669135,0.05040804482996464,0.048840771429240704,0.04916572943329811,0.047530708368867636,0.04751917673274875,0.04703235300257802,0.04679314000532031,0.04632389871403575,0.046438629273325205,0.04832917358726263,0.05115765007212758,0.04799449443817139,0.04846598207950592,0.04928924795240164,0.047214286867529154,0.04566050786525011,0.04735908703878522,0.04649774171411991,0.04621098982170224,0.0482010543346405,0.050326988101005554,0.05174041213467717,0.050539837684482336,0.050463649444282055,0.05095168435946107,0.04672634229063988,0.048506098333746195,0.050437844824045897,0.04918958339840174,0.04785508196800947,0.044920383021235466,0.04791928734630346,0.04909001663327217
SGF_RFW_ST4L20,1,10,0.20806662241617835,0.21657266219456994,4.149811744689941,4.244143009185791,303.557341337204,4743.083458393812,64,1920,7320,1140,25060,0,0,0.6892804875969887,0.6801580190658569,0.6887895092368126,0.6956319138407707,0.7053836286067963,0.7040727287530899,0.7023744583129883,0.7074825838208199,0.7051652371883392,0.7065851017832756,0.700013279914856,0.6981421560049057,0.7000999301671982,0.6993263065814972,0.695012204349041,0.692667044699192,0.6926842778921127,0.6975327432155609,0.7024817988276482,0.7047688737511635,0.7031297087669373,0.6987993493676186,0.69758190959692,0.6991563513875008,0.702116422355175,0.6987182199954987,0.7021439969539642,0.7013396471738815,0.6989810615777969,0.6947320997714996,0.6947721615433693,0.7056161612272263,0.7052227035164833,0.6978348046541214,0.6981682702898979,0.7028752639889717,0.7007961943745613,0.7010628283023834,0.7037786096334457,0.7035897299647331,0.7052871361374855,0.710280142724514,0.7022415995597839,0.7036080434918404,0.7079579904675484,0.7114097401499748,0.7058632075786591,0.7005758626120431,0.339970238506794,0.34547413140535355,0.3436139076948166,0.3301405645906925,0.3218459151685238,0.32424338534474373,0.3285288028419018,0.33353305980563164,0.3365319259464741,0.3366115018725395,0.33903176337480545,0.3360465280711651,0.33919189125299454,0.34291544556617737,0.3455168232321739,0.34271911159157753,0.3378838002681732,0.34198880568146706,0.3378341272473335,0.33216651156544685,0.3318740874528885,0.3354860693216324,0.3335481248795986,0.3362990990281105,0.33822591602802277,0.3363758623600006,0.3396816849708557,0.33998601511120796,0.3359014578163624,0.33628398552536964,0.33387935906648636,0.3331453464925289,0.3377448059618473,0.3394920825958252,0.33728931471705437,0.33371100202202797,0.334870133548975,0.33427801728248596,0.3361589126288891,0.33438998460769653,0.33391273021698,0.332723468542099,0.33571381121873856,0.33741647377610207,0.3316582627594471,0.3282809779047966,0.3319367989897728,0.33656395758901325,0.06274251127615571,0.06458463286980987,0.06314840028062463,0.06626399420201778,0.0629418957978487,0.0666528670117259,0.0687037780880928,0.06396364886313677,0.06870183255523443,0.06353041529655457,0.062296444084495306,0.06475863512605429,0.06769553665071726,0.06666414346545935,0.06589536229148507,0.06801545526832342,0.06766705960035324,0.06662712804973125,0.06922610942274332,0.06744502950459719,0.06727734860032797,0.06936190370470285,0.06863745860755444,0.06624159775674343,0.06596032623201609,0.06892294343560934,0.06608516164124012,0.06542644929140806,0.0650390014052391,0.06654082797467709,0.06672280048951507,0.06178795453161001,0.06623611832037568,0.0673692524433136,0.06872466299682856,0.06763252150267363,0.06694951001554728,0.06882811523973942,0.06627339264377952,0.06341589987277985,0.06710576638579369,0.06574953254312277,0.06826302222907543,0.06586292665451765,0.06491270801052451,0.06477427389472723,0.06764657702296972,0.06696548738649913
SGF_RFW_ST4L20,2,10,0.21364406744639075,0.23128738005956018,3.9735329151153564,2.772684335708618,303.4170570373535,4740.891516208649,64,1920,7320,1140,25060,0,0,0.6515621989965439,0.6441292315721512,0.6388392895460129,0.6391768157482147,0.6368306130170822,0.6494800746440887,0.6580956801772118,0.6642911955714226,0.6620274931192398,0.6593034118413925,0.6580034121870995,0.6553556323051453,0.6477287262678146,0.6508036702871323,0.663894310593605,0.6653725281357765,0.6642961129546165,0.6617689356207848,0.6647231206297874,0.6654772385954857,0.6624624878168106,0.6621609404683113,0.6610045805573463,0.6628093421459198,0.660580687224865,0.6580307558178902,0.6606685668230057,0.6526963859796524,0.6551947891712189,0.6606513559818268,0.6657128557562828,0.668107271194458,0.6654985472559929,0.6637487038969994,0.6624297201633453,0.6675917431712151,0.6673848107457161,0.663071297109127,0.6638411954045296,0.6601175367832184,0.6605481207370758,0.660995751619339,0.6611747294664383,0.6669950261712074,0.6636673212051392,0.6659469529986382,0.6649990752339363,0.6611430900437492,0.3762867599725723,0.39044006168842316,0.40069806575775146,0.40709028393030167,0.40798863023519516,0.38762520626187325,0.3754829503595829,0.3703455924987793,0.3813726603984833,0.3853372670710087,0.3875500224530697,0.3894125074148178,0.3936632163822651,0.38923800736665726,0.3733164072036743,0.3757796436548233,0.37950392812490463,0.3794235922396183,0.383914515376091,0.3878355138003826,0.38196516409516335,0.3822109326720238,0.37473223358392715,0.37722882255911827,0.3802967444062233,0.3846157379448414,0.3814336247742176,0.38500355556607246,0.38522276282310486,0.37505900114774704,0.3785923346877098,0.3757468871772289,0.38234540447592735,0.38101597502827644,0.37992868199944496,0.3789067305624485,0.37589099258184433,0.3842809684574604,0.37850310280919075,0.37702274322509766,0.3793368376791477,0.37810148671269417,0.37939974665641785,0.3728836439549923,0.37504274398088455,0.37613967061042786,0.38216398283839226,0.38205212354660034,0.04534647101536393,0.044842776376754045,0.048326510936021805,0.045687159057706594,0.04357474576681852,0.042886058799922466,0.04582838388159871,0.04646693030372262,0.048078769352287054,0.047025672160089016,0.04835659731179476,0.04627377772703767,0.0457274098880589,0.04437360726296902,0.04481395520269871,0.04782243398949504,0.04508994705975056,0.048176989424973726,0.0477645886130631,0.047105345875024796,0.046845690812915564,0.04403874324634671,0.04589951690286398,0.04733978910371661,0.048307474702596664,0.04848364368081093,0.045712108723819256,0.047846803441643715,0.04716739896684885,0.04904948594048619,0.04766617901623249,0.048603484872728586,0.04785303771495819,0.04607199551537633,0.045902153477072716,0.043053291738033295,0.04739663889631629,0.046706367284059525,0.048507168889045715,0.049570427276194096,0.04843728709965944,0.04494356317445636,0.04504581680521369,0.04750217217952013,0.04743194906041026,0.04828958259895444,0.044139310251921415,0.04601355003459113
SGF_RFW_ST4L20,3,10,0.19631427526474,0.19649827480316162,5.219968795776367,4.340099811553955,387.1321630477905,6048.940047621727,64,1920,7320,1140,25060,0,0,0.6895332112908363,0.7038581147789955,0.7317122891545296,0.7231686264276505,0.7225567325949669,0.7016619369387627,0.7020405158400536,0.7106473967432976,0.7138205394148827,0.7148213237524033,0.7142645865678787,0.7108375728130341,0.7083288803696632,0.7054625600576401,0.7037820518016815,0.709554061293602,0.7186353430151939,0.7181754633784294,0.7153753042221069,0.7135832086205482,0.7108372822403908,0.7128383070230484,0.7156821861863136,0.714494600892067,0.717646449804306,0.7128276973962784,0.7134175300598145,0.7121196016669273,0.710599459707737,0.7119193896651268,0.711385115981102,0.7144622504711151,0.7171766385436058,0.7137578129768372,0.7080748900771141,0.709649495780468,0.71799685806036,0.7097160592675209,0.707960270345211,0.7115188464522362,0.7146890833973885,0.7119816094636917,0.7091872543096542,0.7087906524538994,0.703417532145977,0.710792176425457,0.7135661989450455,0.7212369271687099,0.32523566484451294,0.3225766271352768,0.31678565591573715,0.3127427026629448,0.31521209329366684,0.3261181078851223,0.3215698190033436,0.31404995545744896,0.3128109611570835,0.313358336687088,0.3187095858156681,0.3173283264040947,0.31717396154999733,0.3248289227485657,0.32226306945085526,0.3168784864246845,0.3080132007598877,0.31340673938393593,0.31465616449713707,0.31410102918744087,0.3159649632871151,0.31579020246863365,0.31611882895231247,0.31391699239611626,0.3081747218966484,0.3170279525220394,0.31544511020183563,0.3141231909394264,0.314238503575325,0.3182239979505539,0.320223331451416,0.31654005125164986,0.31351951137185097,0.3118830844759941,0.3167760744690895,0.31391143798828125,0.30930644273757935,0.3182944916188717,0.3224097602069378,0.32042545452713966,0.3166610486805439,0.31649553030729294,0.3192807510495186,0.3216041214764118,0.32272933796048164,0.31724967435002327,0.3177473694086075,0.3133984293256487,0.06935066357254982,0.06510297628119588,0.05811770400032401,0.06448817392811179,0.06856995401903987,0.06544412765651941,0.06971241347491741,0.07206689193844795,0.07338331267237663,0.07390216458588839,0.07081942725926638,0.07372575905174017,0.07614738401025534,0.07211357075721025,0.07385223265737295,0.07694257143884897,0.07663014624267817,0.07604505307972431,0.0759154288098216,0.07313528005033731,0.07279094960540533,0.07552395854145288,0.07313776947557926,0.07440266665071249,0.07217281498014927,0.07444211840629578,0.0735811349004507,0.07107585296034813,0.07205959968268871,0.07305326033383608,0.07427667640149593,0.0722541082650423,0.07030254788696766,0.07315296214073896,0.07466910779476166,0.07390857208520174,0.07310136873275042,0.07443223986774683,0.0770139992237091,0.07693553622812033,0.07467012573033571,0.07625065930187702,0.07712867204099894,0.07378683798015118,0.07438707910478115,0.0745434695854783,0.07516902405768633,0.07288044691085815
SGF_RFW_ST4L20,0,11,0.1855970025062561,0.1830193201700846,9.24427318572998,8.977338790893555,302.06961965560913,4719.837807118893,64,1920,7320,1140,25060,0,0,0.7049202248454094,0.7075423151254654,0.705865740776062,0.7093380764126778,0.7108458504080772,0.7117085233330727,0.7138606905937195,0.7148737907409668,0.7108540162444115,0.7110932171344757,0.7101294323801994,0.7130511775612831,0.7136914432048798,0.7140481844544411,0.7085767239332199,0.7097577378153801,0.7113493829965591,0.7121781408786774,0.7135845273733139,0.7152515649795532,0.713997557759285,0.7119957208633423,0.7092275097966194,0.706238642334938,0.7083968818187714,0.709851361811161,0.7113347575068474,0.7111863270401955,0.7091945931315422,0.7055451273918152,0.7055193334817886,0.7076801210641861,0.7116297334432602,0.7122644111514091,0.7118678390979767,0.7049907445907593,0.7063938826322556,0.7077666819095612,0.7079752460122108,0.7058397382497787,0.703578270971775,0.7048748731613159,0.706274501979351,0.7068655267357826,0.7070879191160202,0.7075297459959984,0.7092993184924126,0.7081591316631862,0.37951143085956573,0.38342100009322166,0.38373204320669174,0.38375547528266907,0.3819013126194477,0.3835734874010086,0.38044001534581184,0.3804764747619629,0.38243867456912994,0.38540804013609886,0.3854794278740883,0.3819897286593914,0.3830036297440529,0.3810771368443966,0.3843800351023674,0.3836926519870758,0.38097934052348137,0.38234255462884903,0.3824837766587734,0.382157888263464,0.3818853311240673,0.3794708289206028,0.38062528893351555,0.38265378028154373,0.382783230394125,0.38292525708675385,0.3818746842443943,0.38162679225206375,0.382261548191309,0.381679892539978,0.3826630711555481,0.38081739470362663,0.3826090767979622,0.3802765980362892,0.3795989938080311,0.38116835057735443,0.3831000551581383,0.3842287175357342,0.38486089184880257,0.3824707381427288,0.3828953839838505,0.38203318417072296,0.3848201036453247,0.3844449892640114,0.38336342573165894,0.3802335858345032,0.3796279653906822,0.3804991969040462,0.05865266174077988,0.061557518783956766,0.06417351495474577,0.06590048782527447,0.06537189520895481,0.06422846810892224,0.06292850058525801,0.062293445225805044,0.06246905727311969,0.06234850734472275,0.06333802593871951,0.06310126464813948,0.0639352211728692,0.06256037065759301,0.06317221326753497,0.0635213847272098,0.0630620215088129,0.06394498096778989,0.062384862918406725,0.06341422302648425,0.06317633483558893,0.06309057120233774,0.0627116160467267,0.06351098325103521,0.0631247777491808,0.06266083475202322,0.06241728225722909,0.06217298423871398,0.0626573758199811,0.06291429931297898,0.06235442031174898,0.06246779393404722,0.06332584656774998,0.06359055079519749,0.06309186713770032,0.06268134200945497,0.06148843001574278,0.06221136962994933,0.06261381413787603,0.061819798313081264,0.06161726452410221,0.0624793884344399,0.06314267124980688,0.06404006388038397,0.06321391556411982,0.06189237255603075,0.062432766892015934,0.062298178140606196
SGF_RFW_ST4L20,1,11,0.1688403685887655,0.17051055034001672,10.240478515625,9.238931655883789,303.4166238307953,4740.884747356176,64,1920,7320,1140,25060,0,0,0.7335943281650543,0.7336691841483116,0.7242928370833397,0.7214075028896332,0.711284302175045,0.7227049469947815,0.7336427792906761,0.7403544783592224,0.7353500574827194,0.7335235550999641,0.7335962206125259,0.7321842610836029,0.7333126440644264,0.7300662696361542,0.7259677648544312,0.724682979285717,0.7278286442160606,0.7272650524973869,0.7229283452033997,0.7297406569123268,0.7388932406902313,0.7282137870788574,0.7302194759249687,0.7244331985712051,0.7212707921862602,0.7240099385380745,0.7228695824742317,0.7307890206575394,0.7358009964227676,0.7326097190380096,0.7300016060471535,0.7392643690109253,0.7329196184873581,0.7299625426530838,0.7289581224322319,0.7243454307317734,0.7215662226080894,0.7219398245215416,0.7229039594531059,0.720062181353569,0.7204494178295135,0.7259174287319183,0.7238945513963699,0.7259297296404839,0.7189855724573135,0.7204244434833527,0.7247364521026611,0.7294834171022687,0.3951944522559643,0.3996801860630512,0.4057575799524784,0.4063868671655655,0.4119270369410515,0.40437769889831543,0.39887451007962227,0.3972998522222042,0.4004499241709709,0.4033661186695099,0.4056251160800457,0.40328851342201233,0.4000079371035099,0.4015113078057766,0.4053358919918537,0.4046246223151684,0.407559372484684,0.40688470005989075,0.40494224429130554,0.4000997692346573,0.39900215715169907,0.4047992117702961,0.40413178503513336,0.4070124477148056,0.41119950264692307,0.40728579461574554,0.4042730964720249,0.39921001344919205,0.39573925361037254,0.3999560996890068,0.400972094386816,0.3984047546982765,0.4009268581867218,0.40138786286115646,0.3988306261599064,0.404097817838192,0.4053231254220009,0.4065397083759308,0.4062006510794163,0.40568456798791885,0.4057083763182163,0.40259164571762085,0.4039693959057331,0.40512462332844734,0.41017521917819977,0.40718569979071617,0.40664834529161453,0.40491735509463717,0.06118199601769447,0.06572480127215385,0.06670310068875551,0.06685310322791338,0.06785666197538376,0.06789356656372547,0.06645996309816837,0.06655599270015955,0.06468455074355006,0.06653239484876394,0.06563625857234001,0.06531915720552206,0.06642952188849449,0.06596953328698874,0.06735134776681662,0.06721108965575695,0.06730476208031178,0.06617438979446888,0.06528170965611935,0.06388518307358027,0.06455696001648903,0.06568693183362484,0.06445770990103483,0.06544376257807016,0.06737453863024712,0.06784516293555498,0.06683419644832611,0.0661435341462493,0.06544887460768223,0.06666726153343916,0.066987588070333,0.0652137529104948,0.0646448484621942,0.0661919554695487,0.06516161281615496,0.06586141139268875,0.06623041909188032,0.06678708922117949,0.06697069946676493,0.06702590268105268,0.06565172038972378,0.0656723901629448,0.06429662276059389,0.06582359131425619,0.06557054258883,0.06687468755990267,0.06639468390494585,0.0674758106470108
SGF_RFW_ST4L20,2,11,0.13779183228810632,0.13562637567520142,9.977785110473633,9.683331489562988,303.4231421947479,4740.986596792936,64,1920,7320,1140,25060,0,0,0.747709646821022,0.7425811514258385,0.7456463128328323,0.747677743434906,0.7474280148744583,0.7504141479730606,0.7549201920628548,0.7533700540661812,0.7533277273178101,0.7537917271256447,0.7555896043777466,0.7586031630635262,0.7605114132165909,0.7553827166557312,0.753070168197155,0.755030058324337,0.7575591579079628,0.7593159452080727,0.7585495784878731,0.7547947391867638,0.7524658367037773,0.7542015314102173,0.753179244697094,0.7508198842406273,0.7551878169178963,0.752764530479908,0.7460525631904602,0.716683030128479,0.7260537594556808,0.7502152547240257,0.7562311440706253,0.7514810636639595,0.751631498336792,0.7514294162392616,0.7507624477148056,0.7504109591245651,0.751234881579876,0.7493056133389473,0.752013623714447,0.7486701458692551,0.7508178353309631,0.7516090869903564,0.7497636377811432,0.7465275153517723,0.7472565323114395,0.7467019930481911,0.7479410916566849,0.7520269410950797,0.341423150151968,0.3451303727924824,0.34294208139181137,0.3476365730166435,0.3535602167248726,0.34953927248716354,0.3423883281648159,0.3418997973203659,0.3444964997470379,0.3487786203622818,0.345844991505146,0.34363456815481186,0.3390163332223892,0.34349940344691277,0.3447941318154335,0.34358788281679153,0.34175049886107445,0.34060967341065407,0.34108587354421616,0.34206026792526245,0.34496813639998436,0.3428879529237747,0.3448594771325588,0.3438928425312042,0.3410566672682762,0.3458232171833515,0.34991100430488586,0.37027766183018684,0.3650287725031376,0.3462616540491581,0.34231120720505714,0.34294674172997475,0.3426761068403721,0.3412153646349907,0.34639476612210274,0.34864602237939835,0.34530049189925194,0.3476520851254463,0.3439188674092293,0.3456563800573349,0.34407053142786026,0.34241094067692757,0.3433320224285126,0.34674567356705666,0.3443981073796749,0.34788013249635696,0.3459339886903763,0.34415710398129057,0.0592359290458262,0.06326964730396867,0.06420555803924799,0.06528737302869558,0.0675004767253995,0.06301029864698648,0.06253468338400126,0.06253025634214282,0.06382171716541052,0.06312834098935127,0.06338506424799562,0.06311089731752872,0.0633886270225048,0.06297733960673213,0.06405057571828365,0.06432354729622602,0.0644079465419054,0.06352696847170591,0.062402776442468166,0.06326743820682168,0.06402830546721816,0.06410200521349907,0.06343772215768695,0.06283280532807112,0.0646799635142088,0.06354990415275097,0.06530097406357527,0.07313672080636024,0.07172826584428549,0.064758718945086,0.06247563473880291,0.06269599357619882,0.06377715338021517,0.0638878676109016,0.06321418844163418,0.06372898537665606,0.0639940700493753,0.06573064904659986,0.06366015365347266,0.06327695352956653,0.06351059675216675,0.06269735703244805,0.06104342779144645,0.06344821909442544,0.06306181009858847,0.062650665640831,0.06471583340317011,0.06472276417272431
SGF_RFW_ST4L20,3,11,0.13607708613077796,0.14370135466257727,9.057655334472656,8.926961898803711,347.59392738342285,5431.155115365982,64,1920,7320,1140,25060,0,0,0.6691634431481361,0.6710792034864426,0.6765640154480934,0.6763188540935516,0.6751835867762566,0.6775459945201874,0.6786342561244965,0.6781803965568542,0.6823539584875107,0.6826262176036835,0.6823402941226959,0.6830559596419334,0.6854952946305275,0.683916337788105,0.678732730448246,0.6800034940242767,0.6796757206320763,0.679498203098774,0.6799622476100922,0.6808541715145111,0.6779867187142372,0.6744492575526237,0.6753428503870964,0.6776331216096878,0.6804575696587563,0.680138573050499,0.6761821880936623,0.6714468598365784,0.6769756078720093,0.678834930062294,0.6842033267021179,0.6820248290896416,0.6800065860152245,0.6749714910984039,0.6737366244196892,0.6732792407274246,0.6797000616788864,0.6806442588567734,0.6799587160348892,0.6781354025006294,0.6795031651854515,0.6812171936035156,0.6821338683366776,0.6852948144078255,0.6856155544519424,0.6813864782452583,0.6790024861693382,0.6808310406548637,0.42947782203555107,0.4338345006108284,0.43443966656923294,0.4347570613026619,0.43380458652973175,0.43290870264172554,0.42881815135478973,0.4309977926313877,0.4347141869366169,0.4393501915037632,0.43847818300127983,0.4344501979649067,0.43360770866274834,0.43192262947559357,0.43363551050424576,0.43364379927515984,0.4327894262969494,0.43255555629730225,0.43453630059957504,0.4351505786180496,0.4399022199213505,0.44044017791748047,0.4406852461397648,0.43472129106521606,0.4332030341029167,0.4316670410335064,0.4350241608917713,0.43925679102540016,0.4368755891919136,0.43564463406801224,0.4295048490166664,0.43139536306262016,0.4335165061056614,0.43873339146375656,0.4408918172121048,0.4379520006477833,0.43372518196702003,0.4334207959473133,0.4349450096487999,0.43568024039268494,0.4358365274965763,0.4337979890406132,0.43526674062013626,0.43276241794228554,0.43185754492878914,0.43422579765319824,0.4337998665869236,0.43170895746776033,0.05968732573091984,0.06410536589100957,0.0668838731944561,0.06998114474117756,0.07111259642988443,0.06910998374223709,0.06568130198866129,0.06557503808289766,0.0667722038924694,0.06651334930211306,0.06752657704055309,0.06825904175639153,0.06623383425176144,0.06441111210733652,0.06501494813710451,0.06521100550889969,0.06669843848794699,0.06526441872119904,0.06593335326761007,0.06610945239663124,0.06672887038439512,0.0681418627500534,0.06954605598002672,0.06927064806222916,0.0675637312233448,0.06717013288289309,0.06588802486658096,0.06616970151662827,0.06677393894642591,0.06845240760594606,0.07063097320497036,0.06822191271930933,0.06635454762727022,0.06584490090608597,0.06526956148445606,0.064496835693717,0.06741953548043966,0.06676509510725737,0.0668400889262557,0.06702248752117157,0.0670434320345521,0.06622842233628035,0.06537008658051491,0.06566199567168951,0.06644046120345592,0.06523923994973302,0.06564553268253803,0.0667019390634128
SGF_RFW_ST4L20,0,12,0.15034973621368408,0.1969274481137594,8.990762710571289,10.669524192810059,303.1214032173157,4736.271925270557,64,1920,7320,1140,25060,0,0,0.49299680814146996,0.5431364476680756,0.563926562666893,0.5754617899656296,0.5525264739990234,0.5346466302871704,0.5293372273445129,0.5262947157025337,0.5289261490106583,0.5179856643080711,0.5147647187113762,0.4862179309129715,0.46146996319293976,0.4660310782492161,0.4804288186132908,0.4953131712973118,0.4890833906829357,0.4888705387711525,0.48799436911940575,0.4788908138871193,0.4798566773533821,0.47827906161546707,0.49860019609332085,0.5049890428781509,0.5053792782127857,0.49580203741788864,0.5056408792734146,0.4979097209870815,0.4937049113214016,0.5166205056011677,0.5274088308215141,0.5489412546157837,0.5559663102030754,0.5418039858341217,0.5392915830016136,0.5295036658644676,0.5370491445064545,0.5471824035048485,0.5426594540476799,0.5266960859298706,0.5132684335112572,0.5042837150394917,0.4959092065691948,0.5045678094029427,0.509812705218792,0.5060398280620575,0.4965870976448059,0.4980187203202929,0.3828884996473789,0.36950626224279404,0.3578699380159378,0.3322255238890648,0.3241925500333309,0.32603051140904427,0.3272799216210842,0.33517661318182945,0.3439015671610832,0.3541710488498211,0.35512760654091835,0.35907674580812454,0.3746507987380028,0.36387282237410545,0.3551158271729946,0.3590284362435341,0.3703429065644741,0.37519777193665504,0.3865714892745018,0.3844449482858181,0.390995267778635,0.3910735473036766,0.3784969858825207,0.3813745900988579,0.37578441202640533,0.37338104471564293,0.3700808919966221,0.372820109128952,0.3656437546014786,0.35382629185914993,0.34517802298069,0.34182001277804375,0.34236546233296394,0.3523670919239521,0.34908904880285263,0.34931886941194534,0.35099607333540916,0.3459317944943905,0.3561899811029434,0.37097127363085747,0.37320781126618385,0.36550422757864,0.36899930238723755,0.36579425632953644,0.37001359462738037,0.3629019223153591,0.3620629608631134,0.3539935180119106,0.14680064655840397,0.14311102591454983,0.1442460510879755,0.13695632480084896,0.12764736078679562,0.1305875275284052,0.13729556277394295,0.14088932238519192,0.1432747896760702,0.14699698239564896,0.15265336818993092,0.15594878233969212,0.15108709409832954,0.14842509850859642,0.1481578666716814,0.15322318114340305,0.1573235597461462,0.15221029706299305,0.15776759944856167,0.15152200125157833,0.14985754899680614,0.14769934490323067,0.14671516977250576,0.15134617686271667,0.14697137847542763,0.14868777617812157,0.15273042023181915,0.15364067628979683,0.15659401006996632,0.16090782918035984,0.1608632393181324,0.1591324247419834,0.1583237126469612,0.1587420180439949,0.1495721135288477,0.1429443210363388,0.148959469050169,0.14764847978949547,0.15301986411213875,0.1512539517134428,0.15049733594059944,0.15266887843608856,0.15679609961807728,0.15286224335432053,0.15167969278991222,0.14892655424773693,0.15051756612956524,0.1530517190694809
SGF_RFW_ST4L20,1,12,0.18055196603139245,0.18917830785115564,8.58148193359375,10.207498550415039,303.35113620758057,4739.861503243446,64,1920,7320,1140,25060,0,0,0.4761405326426029,0.4992113783955574,0.5044416002929211,0.49505121260881424,0.4801686517894268,0.45633481442928314,0.4388853870332241,0.4094577543437481,0.4138887897133827,0.443429421633482,0.46184636652469635,0.4675850309431553,0.4563629515469074,0.4637484960258007,0.46015549451112747,0.45971425250172615,0.46267176046967506,0.4671948328614235,0.46906188502907753,0.48472555354237556,0.4844113737344742,0.4739540070295334,0.4497697614133358,0.4590758867561817,0.459411408752203,0.46262848004698753,0.4637806750833988,0.4645305164158344,0.471206609159708,0.4702802561223507,0.47123657539486885,0.463686466217041,0.45706217736005783,0.42365770041942596,0.40201327577233315,0.37340129539370537,0.3759000450372696,0.39355556294322014,0.4220309145748615,0.4385230131447315,0.42618633061647415,0.4276175759732723,0.4221106953918934,0.4149656444787979,0.394800391048193,0.39032337069511414,0.38248469680547714,0.3951030245849064,0.40900860354304314,0.4008430168032646,0.4093013256788254,0.4122835546731949,0.4009269028902054,0.3996591679751873,0.41158389672636986,0.4252958334982395,0.4232373386621475,0.41426118835806847,0.40897494181990623,0.4112454243004322,0.4205225184559822,0.40871404483914375,0.40395934134721756,0.4116840623319149,0.4185270182788372,0.41293446719646454,0.41339685395359993,0.39976710453629494,0.3970267251133919,0.4035521224141121,0.4290357008576393,0.42188915610313416,0.419286273419857,0.42068811133503914,0.4189746752381325,0.4210631586611271,0.42118166759610176,0.41855545341968536,0.41599852591753006,0.41160887107253075,0.4098993353545666,0.42530398443341255,0.4378696568310261,0.449775829911232,0.4567762091755867,0.44490377977490425,0.43121330440044403,0.416249543428421,0.4154909960925579,0.4156191013753414,0.41635316610336304,0.4128679744899273,0.4270584471523762,0.4339347556233406,0.43889565393328667,0.4336028141634805,0.1377888098359108,0.14332087524235249,0.14645105972886086,0.1528178844600916,0.15247825160622597,0.1564251072704792,0.1553698219358921,0.1531068440526724,0.14999293349683285,0.15161476656794548,0.15468461625277996,0.15415286645293236,0.15878396667540073,0.15962078981101513,0.15771294012665749,0.1580593455582857,0.15328793786466122,0.15823141112923622,0.1607095953077078,0.15653659403324127,0.1529366634786129,0.15208330005407333,0.14847364649176598,0.1436106599867344,0.14389312453567982,0.14796072244644165,0.14765730127692223,0.14789926819503307,0.15680447220802307,0.15627042762935162,0.15042523480951786,0.15192730352282524,0.15482301823794842,0.15430032461881638,0.14459816738963127,0.13940385915338993,0.15064629167318344,0.16133065335452557,0.16070181503891945,0.15256816521286964,0.15137802436947823,0.1547266524285078,0.15433967672288418,0.1539284773170948,0.15632705762982368,0.15062452480196953,0.14867348223924637,0.14495818742683955
SGF_RFW_ST4L20,2,12,0.3664827346801758,0.34358958403269446,7.655630588531494,9.305909156799316,306.34454345703125,4786.633491516113,64,1920,7320,1140,25060,0,0,0.48107513785362244,0.467985425144434,0.4518701955676079,0.4532393366098404,0.4605932869017124,0.47465840727090836,0.48210304230451584,0.4795490615069866,0.4746580980718136,0.4732252284884453,0.4803031086921692,0.48027361556887627,0.46677347272634506,0.4764934219419956,0.47594115138053894,0.49189696088433266,0.4919649213552475,0.49275074526667595,0.47662462666630745,0.4722897671163082,0.4537855200469494,0.4702037498354912,0.47213270515203476,0.4556107744574547,0.4556228928267956,0.4510934539139271,0.45065248385071754,0.47191910445690155,0.491401519626379,0.48588159680366516,0.49398212507367134,0.4845840111374855,0.47289523482322693,0.47170333564281464,0.4805304780602455,0.4805189482867718,0.49032779037952423,0.4848952852189541,0.47828666865825653,0.48843835294246674,0.4865485765039921,0.48700330033898354,0.480520773679018,0.48068447038531303,0.48786288872361183,0.48490533232688904,0.4845445193350315,0.4846883884498051,0.3918951265513897,0.40031155198812485,0.40681764110922813,0.40759747847914696,0.40975121781229973,0.4043152183294296,0.3948000632226467,0.3986317329108715,0.4000229984521866,0.40309904143214226,0.39834626019001007,0.39885419234633446,0.39921068400144577,0.39955540373921394,0.39489392936229706,0.39863326773047447,0.38110392168164253,0.3711764067411423,0.3826291710138321,0.38786816969513893,0.40098094940185547,0.4022035226225853,0.40755845606327057,0.417093250900507,0.4067677780985832,0.411085557192564,0.4098176881670952,0.4027477167546749,0.40464361757040024,0.4042728506028652,0.4035463221371174,0.40092793479561806,0.4052600786089897,0.40400515124201775,0.3883465863764286,0.3857495076954365,0.380078949034214,0.39325598254799843,0.401846032589674,0.4077586755156517,0.40681400895118713,0.40325702354311943,0.3975231759250164,0.3754192478954792,0.36504358798265457,0.3687891773879528,0.3685302101075649,0.3746971530573709,0.1463514044880867,0.1484529972076416,0.149551123380661,0.1526283659040928,0.15389606170356274,0.1539414692670107,0.1549271810799837,0.15281705558300018,0.1526884064078331,0.15029082261025906,0.15553477220237255,0.15984873473644257,0.16535357385873795,0.16558809950947762,0.16612176410853863,0.16170452535152435,0.15922724641859531,0.15999039448797703,0.16433776170015335,0.16559235006570816,0.16940391436219215,0.17274353466928005,0.16708799079060555,0.16199753060936928,0.16069013811647892,0.16517155431210995,0.16522935591638088,0.16423919796943665,0.1706461627036333,0.17141448892652988,0.1655872669070959,0.16588604636490345,0.16185478679835796,0.16238557547330856,0.16737104021012783,0.16993902437388897,0.1684860810637474,0.16085873544216156,0.15556441061198711,0.15630201622843742,0.15747441165149212,0.16065945476293564,0.15990786999464035,0.15841100737452507,0.15697267279028893,0.1605053748935461,0.16549920290708542,0.16498260838644846
SGF_RFW_ST4L20,3,12,0.1569464008013407,0.17109779516855872,10.36838436126709,11.617633819580078,327.0447402000427,5110.074065625668,64,1920,7320,1140,25060,0,0,0.5154436007142067,0.5389194414019585,0.5760625079274178,0.6011346653103828,0.6014744713902473,0.5835034996271133,0.5649688690900803,0.5563172027468681,0.5658847615122795,0.5615951716899872,0.5679673478007317,0.5721898972988129,0.5705160945653915,0.5586173459887505,0.5564136952161789,0.5594839751720428,0.560243271291256,0.5420278906822205,0.52847720682621,0.5213567689061165,0.5135363265872002,0.4945014640688896,0.4986887499690056,0.49186427891254425,0.5061966627836227,0.5044694729149342,0.5042808689177036,0.5038165673613548,0.5101020559668541,0.527555026113987,0.5467658117413521,0.560283713042736,0.5568530410528183,0.543977215886116,0.5139451622962952,0.4944198317825794,0.4909248650074005,0.47596004605293274,0.46865786612033844,0.46285130083560944,0.45477162301540375,0.4560244008898735,0.4442439526319504,0.43430236354470253,0.4315742962062359,0.4432690292596817,0.4505527503788471,0.46980406982558115,0.41947897896170616,0.40899708122015,0.38260893523693085,0.3746644854545593,0.3635742589831352,0.38057492673397064,0.38786277920007706,0.40477193519473076,0.40620822459459305,0.40814829617738724,0.41483231261372566,0.4226742647588253,0.42032701149582863,0.4144790843129158,0.418092280626297,0.41473617777228355,0.40866101160645485,0.40120818465948105,0.3903619274497032,0.39049508422613144,0.39724285528063774,0.4055308923125267,0.4018849544227123,0.4141969047486782,0.40037449821829796,0.38961856067180634,0.37471625581383705,0.37751244008541107,0.3882042281329632,0.4020870737731457,0.39931783452630043,0.3873540386557579,0.3878556750714779,0.39045897126197815,0.38645361363887787,0.39628762006759644,0.4024602212011814,0.4165250398218632,0.42496417462825775,0.42343318834900856,0.42530349269509315,0.43135955929756165,0.4602223001420498,0.48351453244686127,0.4878830350935459,0.4722505249083042,0.4725082889199257,0.4643729456833431,0.14921849220991135,0.14356314204633236,0.14481334015727043,0.14617864228785038,0.13854472152888775,0.1426314003765583,0.14462893828749657,0.14626236073672771,0.14830709621310234,0.14527451246976852,0.14341515116393566,0.14654751867055893,0.1477385014295578,0.14656797237694263,0.147036362439394,0.14555800892412663,0.14161749742925167,0.1384522020816803,0.14005683362483978,0.1356064360588789,0.13421387411653996,0.15107235871255398,0.16126569733023643,0.16628379002213478,0.15949298813939095,0.1574974562972784,0.15512271225452423,0.14297320879995823,0.14294060692191124,0.14098512195050716,0.14419568702578545,0.14549501799046993,0.14081050641834736,0.14023771323263645,0.14078017696738243,0.14018757827579975,0.1429030504077673,0.14850925467908382,0.15221123211085796,0.15171012468636036,0.15076168440282345,0.14744991809129715,0.15080472081899643,0.166816683486104,0.17257712222635746,0.1660585831850767,0.15731060691177845,0.15039107416357314
SGF_RFW_ST4L20,0,13,0.1501943667729696,0.16771507263183594,10.51115608215332,5.730966567993164,302.6883637905121,4729.505684226751,64,1920,7320,1140,25060,0,0,0.5904298201203346,0.5970260724425316,0.6032763719558716,0.6073500737547874,0.6103382632136345,0.6060736700892448,0.605231374502182,0.6035956665873528,0.5990796387195587,0.5944560691714287,0.595720537006855,0.5951116159558296,0.5990753844380379,0.6014107838273048,0.5990340784192085,0.5989607125520706,0.6037949994206429,0.6017402037978172,0.5995564311742783,0.5983586683869362,0.5970900356769562,0.600848913192749,0.6013171747326851,0.600225917994976,0.5989550426602364,0.598835900425911,0.6008662655949593,0.5992582961916924,0.6011388525366783,0.6007891520857811,0.6003552079200745,0.6016526371240616,0.5996904745697975,0.5990805551409721,0.597994402050972,0.5971768200397491,0.5974984616041183,0.5973151251673698,0.5986699312925339,0.6023038551211357,0.5976409465074539,0.5995698049664497,0.5982348099350929,0.6015709191560745,0.598636195063591,0.6007159799337387,0.6018730998039246,0.6034754514694214,0.48415233567357063,0.4883079417049885,0.48623230680823326,0.4859983064234257,0.4873301088809967,0.4883939251303673,0.48839982971549034,0.4886344335973263,0.49182967841625214,0.49546702206134796,0.49619146808981895,0.49606864526867867,0.4919441193342209,0.4898637793958187,0.4934614785015583,0.4916071519255638,0.4908691383898258,0.4943670183420181,0.4937225915491581,0.48953596875071526,0.4910278953611851,0.4885960482060909,0.4888948015868664,0.49065448343753815,0.49094102531671524,0.4920359328389168,0.4918789267539978,0.4893946200609207,0.48869989067316055,0.49222152680158615,0.4895891472697258,0.4873601011931896,0.4911252036690712,0.49156057089567184,0.4928334802389145,0.4915038198232651,0.4943786486983299,0.49298303201794624,0.49039706215262413,0.490215253084898,0.4910997338593006,0.48888977989554405,0.4924377091228962,0.49078359827399254,0.49172303080558777,0.4925672300159931,0.49240051954984665,0.4919367177145822,0.12874336540699005,0.13651126436889172,0.14200794510543346,0.14852296747267246,0.14999187178909779,0.15626937709748745,0.152662955224514,0.1464485079050064,0.1449009720236063,0.14422116242349148,0.14636476710438728,0.1458068173378706,0.1460047848522663,0.14519229903817177,0.1443235781043768,0.1438255850225687,0.14641162380576134,0.14614718966186047,0.14381829649209976,0.14342360571026802,0.14538395777344704,0.1428331583738327,0.14206146635115147,0.1445396114140749,0.14416619949042797,0.14223628118634224,0.14108536764979362,0.14135881140828133,0.1414263118058443,0.1404638309031725,0.1432677060365677,0.14507214911282063,0.1470397263765335,0.14570810832083225,0.14304066821932793,0.14489004760980606,0.14166813157498837,0.144757317379117,0.14657421223819256,0.14371873810887337,0.14329561404883862,0.14332520216703415,0.14131026715040207,0.1447768434882164,0.14713497273623943,0.1415110006928444,0.13917315751314163,0.13814358413219452
SGF_RFW_ST4L20,1,13,0.17388709386189782,0.18474195400873816,6.272779941558838,6.233072757720947,303.6900691986084,4745.157331228256,64,1920,7320,1140,25060,0,0,0.6451678425073624,0.656150609254837,0.661347009241581,0.655755028128624,0.6567156463861465,0.6571855470538139,0.6482012197375298,0.6523682922124863,0.6470759063959122,0.6524732783436775,0.6568381935358047,0.6595676094293594,0.6558473259210587,0.6544212698936462,0.6491180658340454,0.6573994532227516,0.6577614992856979,0.6609397456049919,0.6595771908760071,0.6605665683746338,0.6609922423958778,0.6554199978709221,0.6527856141328812,0.6541993170976639,0.6539829075336456,0.6582659259438515,0.6575194373726845,0.6552823036909103,0.6542706340551376,0.6532420739531517,0.6554517447948456,0.6626505628228188,0.6599434688687325,0.6551384627819061,0.6520132347941399,0.6553168669342995,0.6615440249443054,0.6596883311867714,0.6549518927931786,0.6533195301890373,0.6535916924476624,0.6558927148580551,0.6566134244203568,0.6567660048604012,0.6590339913964272,0.6592168807983398,0.6586851254105568,0.6610155957085746,0.4588881991803646,0.4562118835747242,0.455733060836792,0.4615757502615452,0.4640060067176819,0.45981427282094955,0.46185996010899544,0.4598044566810131,0.4619892090559006,0.4670039117336273,0.4653044193983078,0.46314597502350807,0.46495939418673515,0.46434732526540756,0.4657175987958908,0.46248408779501915,0.46420735120773315,0.46347080916166306,0.46326541155576706,0.46055689826607704,0.45702144876122475,0.4609125405550003,0.46506625413894653,0.4623516611754894,0.46401163935661316,0.46142711490392685,0.4624483212828636,0.4643944352865219,0.46408598497509956,0.46598152443766594,0.46032892540097237,0.46059126034379005,0.46300095319747925,0.46904461458325386,0.4700584076344967,0.47025805339217186,0.4631032571196556,0.4616680108010769,0.4611988849937916,0.46352849900722504,0.46379129588603973,0.46710458770394325,0.4642975628376007,0.46437927335500717,0.46338269487023354,0.46194711700081825,0.4624772034585476,0.4634537952286856,0.11672914866358042,0.12390130944550037,0.12503044493496418,0.12647696863859892,0.13055430725216866,0.12762767355889082,0.12442478444427252,0.12459949404001236,0.12590307276695967,0.12886052764952183,0.12872530706226826,0.12655576318502426,0.12658688612282276,0.12780613265931606,0.12764291651546955,0.12701246701180935,0.12698304373770952,0.1280015129595995,0.12556913401931524,0.12309577502310276,0.12133658397942781,0.12107693962752819,0.12240357790142298,0.12565756868571043,0.12993786484003067,0.12435548845678568,0.12519831210374832,0.12586880568414927,0.1269071102142334,0.12777161970734596,0.1272117830812931,0.12928047217428684,0.13007022067904472,0.12798295728862286,0.12641223426908255,0.130681362003088,0.12990727461874485,0.12586723547428846,0.12274356000125408,0.1261549200862646,0.12486989330500364,0.12917887046933174,0.12913987413048744,0.12804502248764038,0.12575932778418064,0.1235750513151288,0.126050041988492,0.12971187702247075
SGF_RFW_ST4L20,2,13,0.10560476779937744,0.14847685893376672,8.000223159790039,13.065892219543457,305.178471326828,4768.413614481688,64,1920,7320,1140,25060,0,0,0.5780515745282173,0.5913060903549194,0.5910887718200684,0.5881131589412689,0.5781121551990509,0.5810491144657135,0.585902102291584,0.5791468843817711,0.5768895968794823,0.5802741050720215,0.5845494344830513,0.5802159756422043,0.5777582973241806,0.5773158073425293,0.5835969373583794,0.5854968503117561,0.583476111292839,0.5781950131058693,0.5856069028377533,0.5851233601570129,0.582899808883667,0.5858364999294281,0.5861710160970688,0.5861575603485107,0.5874280259013176,0.5857439786195755,0.5864002928137779,0.5939349681138992,0.5853824764490128,0.5890793204307556,0.5951525643467903,0.5936986580491066,0.5952186957001686,0.6010036543011665,0.5874613001942635,0.5851926803588867,0.5918942242860794,0.5930502340197563,0.5992816612124443,0.5951878651976585,0.5884647220373154,0.5780025497078896,0.5744995102286339,0.582007996737957,0.5940767005085945,0.6111697405576706,0.614723451435566,0.6046361156872341,0.48422936350107193,0.48739663884043694,0.4872792810201645,0.4884136728942394,0.49581722915172577,0.4936404302716255,0.4953147619962692,0.49914638698101044,0.49915900081396103,0.49764813855290413,0.49414003267884254,0.4950215592980385,0.4975764639675617,0.49976569414138794,0.49566880241036415,0.4934394471347332,0.49377330392599106,0.4996851459145546,0.4935487471520901,0.4927787706255913,0.49339713156223297,0.4974375180900097,0.49551142007112503,0.49747535586357117,0.49576546251773834,0.4975458160042763,0.49917541071772575,0.5001030452549458,0.5011860989034176,0.49594055861234665,0.4954862408339977,0.5036727264523506,0.5080620795488358,0.5058922171592712,0.5052803233265877,0.5005649589002132,0.49968676269054413,0.49718768894672394,0.4951607882976532,0.4983197785913944,0.5031249672174454,0.5110530033707619,0.517533928155899,0.5120666176080704,0.5012815445661545,0.4952597804367542,0.48962342366576195,0.4962629633290427,0.1121364077553153,0.12356617581099272,0.1275336928665638,0.13500270619988441,0.14165051840245724,0.12311300355941057,0.12348778918385506,0.12794827576726675,0.12652218341827393,0.1309812143445015,0.13048180378973484,0.13395720534026623,0.1348063088953495,0.1293108332902193,0.12780495546758175,0.1310881581157446,0.12986837327480316,0.13034482300281525,0.13281846977770329,0.1334121935069561,0.13637863285839558,0.1287265531718731,0.1277290526777506,0.13218903727829456,0.129159327596426,0.13279482908546925,0.1351153925061226,0.13703122921288013,0.13565138541162014,0.13677866384387016,0.12970113940536976,0.1325483452528715,0.13492240756750107,0.14025133475661278,0.141999751329422,0.1418680064380169,0.13858302868902683,0.1365891508758068,0.13791554421186447,0.13304761983454227,0.1338585875928402,0.1346536222845316,0.13641214556992054,0.1376456432044506,0.1370090413838625,0.13769236579537392,0.13782840594649315,0.133663609623909
SGF_RFW_ST4L20,3,13,0.23414723078409827,0.18503234783808387,3.3252673149108887,4.872633934020996,318.37822699546814,4974.65979680419,64,1920,7320,1140,25060,0,0,0.6407897248864174,0.6486152485013008,0.6497751101851463,0.6469509229063988,0.6454131379723549,0.648493580520153,0.6468127444386482,0.6433257386088371,0.6438387036323547,0.6423901319503784,0.6438238248229027,0.6445498242974281,0.6427270844578743,0.6402176097035408,0.6381406038999557,0.6413844600319862,0.6438809186220169,0.6444940567016602,0.6459065899252892,0.6464197337627411,0.6451483368873596,0.644917830824852,0.6459421068429947,0.648519866168499,0.6481591835618019,0.6491399705410004,0.6495336443185806,0.6484213545918465,0.6506533622741699,0.6481944993138313,0.6488105729222298,0.6454241648316383,0.6461481228470802,0.6469712778925896,0.6469437330961227,0.6463978812098503,0.6463992446660995,0.6426279097795486,0.6450846642255783,0.6451453641057014,0.6492164731025696,0.6482422351837158,0.6469739228487015,0.6498741954565048,0.6498747915029526,0.649585671722889,0.6484086662530899,0.6484879851341248,0.48305295407772064,0.48400429263710976,0.4807894714176655,0.48197439312934875,0.4828963093459606,0.4829138293862343,0.4831083454191685,0.48238813132047653,0.4845197722315788,0.48763632401824,0.48456520214676857,0.48556892946362495,0.48453884571790695,0.48285436630249023,0.4823071137070656,0.4836129769682884,0.48555682227015495,0.4833521544933319,0.48317210003733635,0.4858044981956482,0.4854082614183426,0.4874861426651478,0.4863581992685795,0.48307865485548973,0.4823111444711685,0.4824678264558315,0.4825591444969177,0.48266783356666565,0.4831213988363743,0.48591506481170654,0.4848586730659008,0.4832830876111984,0.4823670797049999,0.48518214374780655,0.48384876921772957,0.4824361987411976,0.48554811254143715,0.4865027591586113,0.485335398465395,0.48513706773519516,0.4835282415151596,0.48396239057183266,0.48166047781705856,0.479173269122839,0.47947245836257935,0.4815896973013878,0.4831455536186695,0.4854387768677303,0.15919115766882896,0.15937205776572227,0.16240151599049568,0.16805210150778294,0.17142794653773308,0.17114956490695477,0.1699675265699625,0.16820723563432693,0.16827335953712463,0.1699331644922495,0.16833851858973503,0.16718444600701332,0.1666270513087511,0.16606036573648453,0.16785254329442978,0.16782297380268574,0.16781072691082954,0.17060036957263947,0.16947032324969769,0.1694082785397768,0.16845901124179363,0.16912380419671535,0.17125677317380905,0.1714508067816496,0.17165975645184517,0.17257674038410187,0.17217876389622688,0.17260495200753212,0.17214567214250565,0.17260638065636158,0.16983411274850368,0.17231769487261772,0.17214974015951157,0.16862493753433228,0.16931601613759995,0.17132676765322685,0.170991200953722,0.17259267158806324,0.16946947015821934,0.16999483294785023,0.1710920613259077,0.1726533193141222,0.1701393648982048,0.16737408377230167,0.16902420297265053,0.16904200613498688,0.16826648637652397,0.1692554439817156
SGF_RFW_ST4L20,0,14,0.044253746668497684,0.050705571969350216,4.921085357666016,6.7162699699401855,302.607298374176,4728.2390370965,64,1920,7320,1140,25060,0,0,0.6381620392203331,0.6380780562758446,0.6521580070257187,0.6523253247141838,0.6497452184557915,0.6433638781309128,0.6364176124334335,0.634381577372551,0.6232821121811867,0.6152048110961914,0.6080937385559082,0.6003892719745636,0.6099630668759346,0.5878161117434502,0.5729876235127449,0.5663949772715569,0.5825952589511871,0.5900269746780396,0.6043383404612541,0.614307202398777,0.6108147650957108,0.6078681796789169,0.6010706648230553,0.6188177168369293,0.6208842620253563,0.6256352886557579,0.6183492168784142,0.612634114921093,0.5945110246539116,0.6119813993573189,0.609902523458004,0.6048384085297585,0.5920647755265236,0.5869997590780258,0.5829944610595703,0.5951768606901169,0.6093191355466843,0.6076134666800499,0.6030694991350174,0.593397967517376,0.5862586125731468,0.581812784075737,0.5781837478280067,0.5843373686075211,0.5827916786074638,0.5755408480763435,0.5761335790157318,0.5974851761545453,0.27635224163532257,0.2667396515607834,0.2593807391822338,0.2570534124970436,0.24734815582633018,0.2534765787422657,0.26589059829711914,0.2723533846437931,0.2619188278913498,0.2525622770190239,0.25256143137812614,0.25397596322000027,0.24663997627794743,0.25943925976753235,0.2687411494553089,0.26606548205018044,0.2605154812335968,0.2615421526134014,0.2524519357830286,0.2605641968548298,0.2754254937171936,0.27340657636523247,0.27848244830965996,0.2649369426071644,0.2534055635333061,0.25472986325621605,0.2668507620692253,0.25786837562918663,0.26235480420291424,0.26595538854599,0.2571221813559532,0.2564062774181366,0.2515180613845587,0.25382374972105026,0.26868095621466637,0.2702330984175205,0.26249005645513535,0.26062266901135445,0.2600923292338848,0.2560984641313553,0.26307617500424385,0.2633446529507637,0.25826966762542725,0.26472270116209984,0.25438034534454346,0.2606473080813885,0.26863860711455345,0.2659626603126526,0.1280937995761633,0.13218260370194912,0.1293367426842451,0.12685864884406328,0.1271136337891221,0.12814689800143242,0.12776381894946098,0.13157262839376926,0.13101278617978096,0.1297459863126278,0.12688935454934835,0.125029013492167,0.1259366488084197,0.13045734167099,0.1337664071470499,0.13477581925690174,0.13447164557874203,0.1337648518383503,0.1343607697635889,0.13609255477786064,0.1364570204168558,0.1387200765311718,0.13415350951254368,0.12796419579535723,0.13425623811781406,0.1306145992130041,0.13276224210858345,0.1362619400024414,0.12743844650685787,0.1323722768574953,0.12697391770780087,0.1306466329842806,0.12968376278877258,0.1281706616282463,0.12969847582280636,0.13660763949155807,0.13341858610510826,0.1306607946753502,0.13351378217339516,0.1370755396783352,0.13371136598289013,0.13510211370885372,0.1331137791275978,0.13079246040433645,0.13456393033266068,0.13576054386794567,0.14019905030727386,0.1376689417021615
SGF_RFW_ST4L20,1,14,0.05416061480840051,0.06097433964411414,7.234530448913574,6.102588653564453,302.6765580177307,4729.321219027042,64,1920,7320,1140,25060,0,0,0.7002046927809715,0.6989721059799194,0.7045975401997566,0.6947681233286858,0.6866192519664764,0.6906813830137253,0.7019361555576324,0.7177178263664246,0.7282017692923546,0.7210057005286217,0.7227494269609451,0.7229421958327293,0.7154116928577423,0.7142731547355652,0.7203714698553085,0.7207887396216393,0.7216272130608559,0.723358191549778,0.7185403555631638,0.722069501876831,0.7129090428352356,0.7239001095294952,0.7249323651194572,0.7177662551403046,0.7129134386777878,0.7112626954913139,0.7081469818949699,0.7186613753437996,0.7208783999085426,0.7217117846012115,0.7235974073410034,0.7157736867666245,0.7141503617167473,0.7165432944893837,0.7217790484428406,0.7186784744262695,0.7036305293440819,0.6970672234892845,0.701817162334919,0.7105084955692291,0.7005322501063347,0.701088659465313,0.7145382165908813,0.7093001827597618,0.7154991403222084,0.713124617934227,0.7223841547966003,0.7223676868847438,0.26501404494047165,0.2610572874546051,0.2545555979013443,0.2637053392827511,0.2615968808531761,0.26651572436094284,0.26281435415148735,0.2652115151286125,0.26156919822096825,0.2599351815879345,0.2602289989590645,0.26374154165387154,0.26557962968945503,0.26898911967873573,0.268105112016201,0.2643238455057144,0.26291580870747566,0.262250579893589,0.2599474824965,0.259362805634737,0.2676353082060814,0.26556066796183586,0.2576317898929119,0.2601478584110737,0.25531840324401855,0.26075416058301926,0.26617711409926414,0.2594531290233135,0.2560216672718525,0.2553514111787081,0.2625493258237839,0.2652661167085171,0.268691323697567,0.26571810618042946,0.25967834144830704,0.2582981176674366,0.26437731832265854,0.26727036386728287,0.26378554105758667,0.26255375891923904,0.26428722217679024,0.264838021248579,0.2593572065234184,0.26251116022467613,0.256112826988101,0.2653857506811619,0.26596616581082344,0.26191737822123934,0.13623554818332195,0.14553293958306313,0.14749416336417198,0.14930667914450169,0.1541043445467949,0.14559725485742092,0.14409948885440826,0.14117418602108955,0.13978742808103561,0.14545448496937752,0.14601306803524494,0.14520496502518654,0.14885234273970127,0.1458331849426031,0.1450910810381174,0.14279235526919365,0.13830801472067833,0.14021437242627144,0.1438681948930025,0.1399397049099207,0.1424467246979475,0.1391582302749157,0.13752583600580692,0.13971656933426857,0.14246350713074207,0.14472834393382072,0.14208238758146763,0.14153926633298397,0.13947948068380356,0.13763229735195637,0.14252256229519844,0.1453351266682148,0.14499245584011078,0.1426391415297985,0.14006059430539608,0.14182668551802635,0.14517122134566307,0.14937799051404,0.14279639907181263,0.14174176938831806,0.1445373073220253,0.14504453167319298,0.14433847181499004,0.14331280812621117,0.14467453211545944,0.14602110348641872,0.14405272342264652,0.13648322650364467
SGF_RFW_ST4L20,2,14,0.05977320671081543,0.03908360004425049,5.946928977966309,6.7603325843811035,305.13370275497437,4767.7141055464745,64,1920,7320,1140,25060,0,0,0.6287484765052795,0.6265348941087723,0.6206497177481651,0.6191188544034958,0.6267927959561348,0.6371471360325813,0.6392822936177254,0.6446035727858543,0.6592100635170937,0.6709955036640167,0.6537750512361526,0.6394715309143066,0.6349350214004517,0.6527576670050621,0.659988522529602,0.6702749729156494,0.6552760675549507,0.6434375867247581,0.6498110890388489,0.6430665627121925,0.6456033810973167,0.6386160925030708,0.6467374116182327,0.6394636482000351,0.6313674971461296,0.6370447427034378,0.6516160741448402,0.6509927585721016,0.6497394889593124,0.6591290980577469,0.6602294147014618,0.6522788181900978,0.6378931552171707,0.631808340549469,0.6395533010363579,0.6497416719794273,0.6560258194804192,0.6299772039055824,0.6342693418264389,0.6512561291456223,0.654650941491127,0.6408833935856819,0.6485215350985527,0.6509527564048767,0.623075045645237,0.6263474524021149,0.6473141089081764,0.6612279840878078,0.2601800747215748,0.2581104561686516,0.25080907717347145,0.2480428982526064,0.24767022021114826,0.25183173827826977,0.26190315186977386,0.27747827395796776,0.27801215276122093,0.26792747154831886,0.2773185223340988,0.2745615355670452,0.28628185763955116,0.2726195156574249,0.2634399086236954,0.25811687111854553,0.253171905875206,0.26909002661705017,0.26720917224884033,0.26623402535915375,0.27448469772934914,0.2775270864367485,0.2641679309308529,0.26471857726573944,0.27702121064066887,0.27479224279522896,0.2701543718576431,0.27327728644013405,0.2745574302971363,0.27003157138824463,0.2593497708439827,0.2574092112481594,0.2606765367090702,0.27294210717082024,0.2759575881063938,0.2763262391090393,0.2803928814828396,0.2778250649571419,0.26200924068689346,0.25519281066954136,0.2590237781405449,0.2618874032050371,0.254000898450613,0.26557667925953865,0.2568957284092903,0.25630535930395126,0.2697518467903137,0.26853533727782114,0.11011424660682678,0.11706491746008396,0.12213412672281265,0.12836058530956507,0.13258410524576902,0.1274373261258006,0.1312069185078144,0.13175801374018192,0.13463570177555084,0.1319366041570902,0.13254651799798012,0.12817010562866926,0.1329218102619052,0.12494704872369766,0.12646631058305502,0.12524276413023472,0.13270621746778488,0.13267731852829456,0.129880141466856,0.1260760324075818,0.12361082248389721,0.12463896814733744,0.1268018577247858,0.13221444562077522,0.13230503723025322,0.13048141077160835,0.12389180529862642,0.12776183523237705,0.1308266595005989,0.1289104986935854,0.1304301768541336,0.1284421868622303,0.12690475210547447,0.12840213254094124,0.12839997559785843,0.11996555794030428,0.12526171654462814,0.13074193708598614,0.12705531250685453,0.12866559717804193,0.13056057132780552,0.12400876451283693,0.12689615692943335,0.12239048257470131,0.12578158732503653,0.12572677992284298,0.13066818192601204,0.12647590786218643
SGF_RFW_ST4L20,3,14,0.057293275992075565,0.06172182162602746,5.663820266723633,7.076161861419678,303.3389813899994,4739.6715842187405,64,1920,7320,1140,25060,0,0,0.6025599539279938,0.6118904426693916,0.6221644803881645,0.6212302669882774,0.6167172566056252,0.6163287907838821,0.6086976081132889,0.6065452843904495,0.6124729588627815,0.6153877973556519,0.6188945323228836,0.621154397726059,0.6221674233675003,0.612277552485466,0.6030317470431328,0.5877615436911583,0.5779281854629517,0.5745354145765305,0.5916782990098,0.6173694729804993,0.6288496255874634,0.63138797134161,0.6290175169706345,0.6195221841335297,0.6142025887966156,0.61609897762537,0.6085440218448639,0.619775764644146,0.6132843047380447,0.6041803359985352,0.5966606140136719,0.6026111841201782,0.606366440653801,0.6094849333167076,0.6149751022458076,0.6217305138707161,0.6195271909236908,0.604101337492466,0.5989282801747322,0.578670509159565,0.5883013531565666,0.6019500270485878,0.6144497096538544,0.6147541180253029,0.6015394777059555,0.5940819382667542,0.605749286711216,0.6179889781134469,0.23301933519542217,0.21750148758292198,0.2128716427832842,0.21913225576281548,0.2137575689703226,0.21818694844841957,0.22482331283390522,0.22141806967556477,0.2240074872970581,0.21982370875775814,0.21349778957664967,0.2171590905636549,0.21780488826334476,0.2116449810564518,0.21559960208833218,0.22436735779047012,0.2377748116850853,0.24293899722397327,0.23501642979681492,0.2178725227713585,0.2131806667894125,0.21026691794395447,0.21786488220095634,0.21829397976398468,0.22165786661207676,0.21766702644526958,0.21037405543029308,0.21117553487420082,0.21082827262580395,0.2140774019062519,0.22438451834023,0.22505160048604012,0.2232660260051489,0.2251087035983801,0.21839088387787342,0.2123641651123762,0.2171078957617283,0.22299468889832497,0.22383821196854115,0.21532247215509415,0.21677271649241447,0.22871072962880135,0.22689648158848286,0.22282412089407444,0.2183794155716896,0.21862738952040672,0.22328301519155502,0.21921523341110774,0.11617483105510473,0.119718580506742,0.12060363870114088,0.12123400345444679,0.12016466446220875,0.11826875805854797,0.12124413996934891,0.11959820240736008,0.11687610112130642,0.10738956928253174,0.10424932185560465,0.10980366729199886,0.1117496881633997,0.11301355250179768,0.11822288949042559,0.12371405214071274,0.12320035044103861,0.12446314096450806,0.12114524375647306,0.11653013434261084,0.11177727207541466,0.10986346006393433,0.11073838733136654,0.11388158332556486,0.11957110650837421,0.12113933358341455,0.1207736236974597,0.11522072833031416,0.11095308605581522,0.1082601360976696,0.10886248387396336,0.11073304619640112,0.11662775464355946,0.12101549096405506,0.11870796140283346,0.11274983827024698,0.10597070399671793,0.1028344864025712,0.10925460886210203,0.11874928697943687,0.12247771862894297,0.12299071811139584,0.1160862585529685,0.1177021898329258,0.117047268897295,0.12353814207017422,0.117898965254426,0.11146061228854316
SGF_RFW_ST4L20,0,15,0.061234573523203495,0.04877207676569617,9.735472679138184,11.779728889465332,304.9606399536133,4765.0099992752075,64,1920,7320,1140,25060,0,0,0.6951171681284904,0.7158492058515549,0.731169581413269,0.7357041984796524,0.72707299888134,0.721372164785862,0.7103790417313576,0.7047667354345322,0.7038885951042175,0.7181393280625343,0.7257417216897011,0.7182673662900925,0.7157239690423012,0.7152569964528084,0.7224604189395905,0.7256717011332512,0.7230700850486755,0.7228432595729828,0.7195935994386673,0.7251981496810913,0.7233459129929543,0.7143179029226303,0.7310965210199356,0.7162259742617607,0.7065842226147652,0.6995900869369507,0.703011117875576,0.7176520824432373,0.7226031348109245,0.7218040972948074,0.7250640541315079,0.7256283313035965,0.726774089038372,0.7197669371962547,0.7188760116696358,0.7169879004359245,0.7203005701303482,0.7219442427158356,0.7137789204716682,0.7069386541843414,0.7013053670525551,0.7027663961052895,0.7052559927105904,0.6936349868774414,0.703937441110611,0.7073539942502975,0.7280402854084969,0.7277641040938241,0.4374331124126911,0.44529562816023827,0.45092763751745224,0.44840140268206596,0.4463893137872219,0.4523872211575508,0.4611319527029991,0.4673359952867031,0.4640519507229328,0.4649038761854172,0.47028307616710663,0.46707896143198013,0.47639259323477745,0.48263097926974297,0.4682421535253525,0.4537326842546463,0.45666830241680145,0.4583662115037441,0.46344418451189995,0.4566127583384514,0.4553014747798443,0.46198873966932297,0.45555394887924194,0.4568871334195137,0.4710497334599495,0.4825817234814167,0.47957077249884605,0.4664854072034359,0.4640797823667526,0.46061917021870613,0.45306050032377243,0.4595629759132862,0.4686513915657997,0.46604130789637566,0.47205860540270805,0.4749298729002476,0.47249871492385864,0.46625489741563797,0.4583439379930496,0.45756741240620613,0.4723885767161846,0.47969312593340874,0.4716409109532833,0.47242674976587296,0.45387333258986473,0.44628145918250084,0.4418914429843426,0.4565642305782863,0.07626497186720371,0.07859945576637983,0.08205234818160534,0.08583145774900913,0.0888543976470828,0.08970723580569029,0.09044190030544996,0.08820963464677334,0.08538679592311382,0.08616159856319427,0.08693134319037199,0.08944972697645426,0.09161895141005516,0.09368100482970476,0.09144220221787691,0.08553560171276331,0.0804505841806531,0.07992911338806152,0.08043687138706446,0.08152091782540083,0.08139912970364094,0.08140045590698719,0.08171090949326754,0.0812228536233306,0.08174227364361286,0.08188905194401741,0.08363407291471958,0.08556203730404377,0.08429388422518969,0.08027148991823196,0.08082879893481731,0.08392031025141478,0.0858562532812357,0.087761121802032,0.09002797398716211,0.08759832102805376,0.08520769514143467,0.08367289416491985,0.085979038849473,0.08781798090785742,0.08873725216835737,0.08604946359992027,0.07939696684479713,0.07969038747251034,0.07970499247312546,0.08017964567989111,0.07676751911640167,0.0726913788488933
SGF_RFW_ST4L20,1,15,0.11392559607823693,0.1247506936391195,10.399029731750488,11.397140502929688,302.75346207618713,4730.522844940424,64,1920,7320,1140,25060,0,0,0.6926498040556908,0.7001139521598816,0.7060204371809959,0.7161047011613846,0.7128023505210876,0.7061166390776634,0.7065704464912415,0.6937807649374008,0.6954436078667641,0.6918115988373756,0.6926960125565529,0.6862698718905449,0.6873531192541122,0.6906613856554031,0.6894570514559746,0.688272550702095,0.6895401626825333,0.6844400838017464,0.6805772632360458,0.6836666092276573,0.6838539838790894,0.6690402254462242,0.6753483861684799,0.689363569021225,0.6975644081830978,0.6991460025310516,0.6962378025054932,0.6966439858078957,0.6939784958958626,0.6872734427452087,0.6819396540522575,0.6955354288220406,0.6939694285392761,0.6864135414361954,0.6850497350096703,0.6896620914340019,0.6941612139344215,0.69047961384058,0.6886116713285446,0.6916901394724846,0.6897865980863571,0.6981379017233849,0.707672692835331,0.7136064171791077,0.707240417599678,0.7052468582987785,0.702492967247963,0.7055103693689618,0.40533629432320595,0.40293456241488457,0.4047004133462906,0.3993780389428139,0.40000222623348236,0.4008604809641838,0.4023858308792114,0.4166094586253166,0.4242882542312145,0.4301499016582966,0.42130089551210403,0.4149358309805393,0.4064663201570511,0.4000297524034977,0.4033573381602764,0.41346681490540504,0.42200082913041115,0.42837855964899063,0.4274609871208668,0.41968225687742233,0.41613801568746567,0.42401040345430374,0.4250878505408764,0.41806894168257713,0.41161518543958664,0.4083375595510006,0.4051359258592129,0.40853574499487877,0.4182051494717598,0.426789078861475,0.43147264048457146,0.4176451303064823,0.41366495192050934,0.41554970666766167,0.41648877412080765,0.4182223305106163,0.41861289367079735,0.41910966485738754,0.42201536521315575,0.4232844226062298,0.42220866680145264,0.41620850190520287,0.410079188644886,0.4100012332201004,0.41089627146720886,0.40894415229558945,0.4065333120524883,0.39848958594458445,0.08564551826566458,0.10064207762479782,0.10774227976799011,0.11121761240065098,0.11364724393934011,0.11142623238265514,0.10517395474016666,0.10640995856374502,0.10976849403232336,0.11218992620706558,0.11305538471788168,0.11134683806449175,0.11400727741420269,0.1160398218780756,0.11326616257429123,0.11494828388094902,0.10730478260666132,0.10677789151668549,0.10957974940538406,0.10686629451811314,0.10521092638373375,0.11069832928478718,0.10948383342474699,0.10518110822886229,0.10868118517100811,0.11091253999620676,0.11294903140515089,0.11437560338526964,0.11247325222939253,0.11197279952466488,0.11307320091873407,0.11014723405241966,0.10848871804773808,0.10698257014155388,0.1103470828384161,0.1084603127092123,0.11072663310915232,0.11237733624875546,0.11404662858694792,0.11263781692832708,0.11392791662365198,0.10842743888497353,0.10534979403018951,0.10082273837178946,0.10231762006878853,0.09886492695659399,0.0975003419443965,0.09884905070066452
SGF_RFW_ST4L20,2,15,0.10453192392985022,0.10076892375946045,13.100910186767578,14.07308292388916,305.1209840774536,4767.515376210213,64,1920,7320,1140,25060,0,0,0.6547927558422089,0.6807550266385078,0.6980950012803078,0.7018352970480919,0.7003129348158836,0.6731865331530571,0.664747454226017,0.6701651886105537,0.6716310158371925,0.6716220155358315,0.6764584183692932,0.6752659529447556,0.6543971300125122,0.6501983255147934,0.6580678895115852,0.6582235172390938,0.6639105305075645,0.6707269549369812,0.6700857579708099,0.6686956956982613,0.6669762432575226,0.6625412702560425,0.6730055883526802,0.6726329997181892,0.6733155474066734,0.679763175547123,0.6759919375181198,0.6684204861521721,0.6539526507258415,0.6741890907287598,0.683883011341095,0.6793383955955505,0.6754212379455566,0.6657142788171768,0.6693152412772179,0.6751030087471008,0.6798417270183563,0.6871150732040405,0.6877424493432045,0.676361046731472,0.6725773066282272,0.6822605282068253,0.6827115193009377,0.6783928349614143,0.6800249218940735,0.6769511252641678,0.6793828532099724,0.6713905079024178,0.4602462612092495,0.4573906622827053,0.4487166218459606,0.43997595831751823,0.4314991571009159,0.4424128867685795,0.44589008018374443,0.4481994956731796,0.45970727130770683,0.4610807076096535,0.4515096992254257,0.4530177265405655,0.46387050300836563,0.47207532078027725,0.4781979061663151,0.48076512292027473,0.4687002897262573,0.4569692686200142,0.45239192619919777,0.455369058996439,0.4657842591404915,0.47418174892663956,0.46320900693535805,0.45639166980981827,0.44833793118596077,0.44853487610816956,0.454674419015646,0.4667801298201084,0.4789741486310959,0.46695397049188614,0.4601098895072937,0.4614794962108135,0.4583335407078266,0.46475672349333763,0.4637626148760319,0.45816316828131676,0.45742224156856537,0.454690832644701,0.45969874784350395,0.45982934162020683,0.4561939053237438,0.45360027626156807,0.4529368504881859,0.45643023401498795,0.4530334398150444,0.45874690636992455,0.4620128683745861,0.4702100966657911,0.08005656115710735,0.09483300428837538,0.10085435770452023,0.10587477590888739,0.11281078681349754,0.11085232254117727,0.10699382610619068,0.10120617691427469,0.09769752994179726,0.09834224730730057,0.09960131719708443,0.1015927204862237,0.1028605429455638,0.10247677098959684,0.10159380920231342,0.10275178216397762,0.10438629984855652,0.10658730380237103,0.10850018542259932,0.10556944552809,0.10006692074239254,0.09617134183645248,0.09672674536705017,0.09856987837702036,0.10116948001086712,0.101964027620852,0.1033320389688015,0.10130288638174534,0.09736258629709482,0.0952809201553464,0.09449855890125036,0.10015331488102674,0.10402472876012325,0.10470536071807146,0.10274750739336014,0.10176064074039459,0.09790654666721821,0.09649058245122433,0.09788592346012592,0.09895636886358261,0.10200736112892628,0.10299688391387463,0.10419409722089767,0.1034655338153243,0.0983728663995862,0.09837291855365038,0.10006957966834307,0.10021291673183441
SGF_RFW_ST4L20,3,15,0.11839731534322107,0.12382060289382935,7.956339359283447,9.72255802154541,303.6959619522095,4745.249405503273,64,1920,7320,1140,25060,0,0,0.6571612283587456,0.6800447851419449,0.6872251778841019,0.6828047633171082,0.6767913922667503,0.6709931045770645,0.6608448326587677,0.654901809990406,0.6422829478979111,0.6387712210416794,0.6520529314875603,0.6663647294044495,0.6696755588054657,0.6652175784111023,0.6646318435668945,0.6599123179912567,0.6604972779750824,0.6696993336081505,0.6731025725603104,0.6737644746899605,0.676499530673027,0.6698538511991501,0.6645526811480522,0.6724739149212837,0.6727823540568352,0.6760775148868561,0.6807057037949562,0.671086810529232,0.653235137462616,0.6484861522912979,0.6461533904075623,0.6385313421487808,0.6268717423081398,0.6210961267352104,0.6470678374171257,0.6720658838748932,0.6799929961562157,0.6771001070737839,0.6714461222290993,0.6708466336131096,0.6758304983377457,0.6812796145677567,0.6825439110398293,0.6798255294561386,0.6823389232158661,0.6874256432056427,0.683888666331768,0.6808973806244987,0.46178368479013443,0.463676817715168,0.46091044694185257,0.45392150431871414,0.45416224002838135,0.45573215186595917,0.46085747331380844,0.46590710058808327,0.4771043211221695,0.4806394763290882,0.475177776068449,0.4700135365128517,0.472677756100893,0.4732603393495083,0.4693315587937832,0.4748707786202431,0.47299299016594887,0.46858132258057594,0.4771122336387634,0.47671497613191605,0.471727579832077,0.47220222651958466,0.475776057690382,0.47707363218069077,0.4833455830812454,0.4801469221711159,0.4748762920498848,0.47323086485266685,0.4838752709329128,0.4884168766438961,0.4896901436150074,0.49420706555247307,0.49640317633748055,0.49976691231131554,0.49118685349822044,0.4797316938638687,0.4717640057206154,0.47061800956726074,0.47173450887203217,0.474242128431797,0.4738766886293888,0.4759921319782734,0.48300017789006233,0.48150626197457314,0.48073287308216095,0.4756031446158886,0.47829920798540115,0.4797410028321402,0.0862555606290698,0.08957825042307377,0.09026943519711494,0.09262537211179733,0.09547862969338894,0.09798418916761875,0.09528371039777994,0.09263554960489273,0.09177500754594803,0.09308792185038328,0.09441246837377548,0.09587275702506304,0.09397551510483027,0.09262210968881845,0.09145546332001686,0.09331872127950191,0.09027509298175573,0.08786640595644712,0.08717019949108362,0.09001500066369772,0.09125662408769131,0.09218960348516703,0.0939759910106659,0.09147918783128262,0.08907751739025116,0.08963933773338795,0.08871495816856623,0.0870853140950203,0.08742870856076479,0.08279087580740452,0.08246466889977455,0.0849104980006814,0.08916076924651861,0.09139207750558853,0.09330969210714102,0.09227297268807888,0.08977126982063055,0.09115525521337986,0.09164461959153414,0.09266198240220547,0.09281609300523996,0.0918256975710392,0.08963738474994898,0.09143362008035183,0.09350546915084124,0.09228299371898174,0.08955085091292858,0.08962571833814893
SGF_RFW_ST4L20,0,16,0.2612039645512899,0.25868839025497437,15.967716217041016,20.362905502319336,302.64199352264404,4728.781148791313,64,1920,7320,1140,25060,0,0,0.5629859119653702,0.5960174649953842,0.6257073655724525,0.6262973174452782,0.639879122376442,0.6400364935398102,0.595137394964695,0.5919477269053459,0.6060381829738617,0.6136184334754944,0.6100173890590668,0.6111767590045929,0.6068685874342918,0.6275090202689171,0.61502955108881,0.6172627583146095,0.6030899807810783,0.6093471571803093,0.6076349094510078,0.6315664649009705,0.6399377211928368,0.5990514531731606,0.6223652511835098,0.5960545986890793,0.5904130786657333,0.6106468513607979,0.626669704914093,0.6236458048224449,0.6206591129302979,0.5840968117117882,0.5831082761287689,0.6041675582528114,0.629791259765625,0.6287283599376678,0.6363117918372154,0.6230331808328629,0.6087643578648567,0.618010587990284,0.5839953050017357,0.5949345976114273,0.6168327257037163,0.6300362125039101,0.6228495985269547,0.5951786637306213,0.5722099766135216,0.6018176078796387,0.5995861142873764,0.6135707412447248,0.41244370117783546,0.3705918453633785,0.3427238166332245,0.3302813544869423,0.3257955573499203,0.34790464490652084,0.37655670940876007,0.3698432967066765,0.3561408780515194,0.3688267879188061,0.3554401248693466,0.3752889409661293,0.35786862298846245,0.3264783024787903,0.3417489416897297,0.34355872869491577,0.3736724369227886,0.36530957743525505,0.36369647085666656,0.33865439891815186,0.32494575157761574,0.3638763502240181,0.3265644237399101,0.37625935301184654,0.37137799337506294,0.35001515597105026,0.31848668307065964,0.3405503109097481,0.37120115011930466,0.39134231954813004,0.40056120976805687,0.3625667206943035,0.3293389156460762,0.3522697426378727,0.3261714018881321,0.33257388696074486,0.34380172938108444,0.3494512215256691,0.40007159486413,0.36709191650152206,0.33781666308641434,0.32861900702118874,0.34307555481791496,0.3763294480741024,0.41044582054018974,0.34555552154779434,0.3234109990298748,0.3248129274163927,0.11439920961856842,0.11741681583225727,0.12970942072570324,0.13543366082012653,0.13685878925025463,0.1432263571768999,0.14136578515172005,0.13577080890536308,0.12376003805547953,0.12721362337470055,0.13594241626560688,0.1376843936741352,0.13205242436379194,0.1307495441287756,0.12304659560322762,0.1268767463043332,0.1334405355155468,0.13618114031851292,0.13646988570690155,0.13257216289639473,0.13623657263815403,0.12927402555942535,0.13008262123912573,0.13675445318222046,0.13454781286418438,0.13277181051671505,0.12786916084587574,0.12640947755426168,0.13439136184751987,0.1315891072154045,0.13289286196231842,0.13870997726917267,0.1375277042388916,0.13542795181274414,0.13110024109482765,0.14046729542315006,0.14252426847815514,0.13343187607824802,0.13650698401033878,0.1328684464097023,0.13471531122922897,0.12935484945774078,0.13583829998970032,0.1311319936066866,0.1257684463635087,0.13093134202063084,0.13893419317901134,0.1288678486432348
SGF_RFW_ST4L20,1,16,0.1905645330746969,0.19552155335744226,13.15622329711914,14.22295093536377,302.8053069114685,4731.332920491695,64,1920,7320,1140,25060,0,0,0.5583386570215225,0.5913298577070236,0.591092512011528,0.5982959568500519,0.6011856496334076,0.6177997142076492,0.5985299274325371,0.5970944538712502,0.5719188675284386,0.593758761882782,0.6294414177536964,0.6556108072400093,0.6284092217683792,0.6280404701828957,0.6309922561049461,0.638084165751934,0.6092653274536133,0.6047370359301567,0.597560316324234,0.6047628745436668,0.6161636263132095,0.613699771463871,0.5955696329474449,0.5902116149663925,0.590570904314518,0.5849542319774628,0.6014916300773621,0.6033034771680832,0.6050324440002441,0.6005841940641403,0.5859949290752411,0.6112120822072029,0.6040645018219948,0.6067499816417694,0.614440068602562,0.6042508333921432,0.5895120948553085,0.5893100202083588,0.586589053273201,0.5844594538211823,0.6021267026662827,0.6155059188604355,0.6347569674253464,0.6335738524794579,0.6444341614842415,0.6117079630494118,0.5905256569385529,0.5765172328267779,0.31360579282045364,0.3475625775754452,0.3861413598060608,0.39098693802952766,0.37623848393559456,0.3047402687370777,0.2862704358994961,0.3268619701266289,0.3745877295732498,0.3585859499871731,0.3414468988776207,0.32815439254045486,0.3595079593360424,0.3246927745640278,0.34266461431980133,0.3212016597390175,0.3538883812725544,0.3429696299135685,0.36385758966207504,0.3666834905743599,0.3583858124911785,0.34582074359059334,0.3408772237598896,0.37382687255740166,0.3697011098265648,0.36594317853450775,0.33400866389274597,0.3476255312561989,0.3381659686565399,0.36032121628522873,0.37186046689748764,0.3301445469260216,0.34543024748563766,0.3524794168770313,0.30839257687330246,0.32842230796813965,0.38533900305628777,0.36625898629426956,0.35377851128578186,0.37053048610687256,0.36171929910779,0.3485168032348156,0.3252900689840317,0.3427150845527649,0.33373402804136276,0.36124153807759285,0.363047793507576,0.35656310830797466,0.10270180646330118,0.10498791560530663,0.110577960498631,0.11907886527478695,0.12414542771875858,0.11089837364852428,0.09448403492569923,0.09869554080069065,0.10639150999486446,0.11251765955239534,0.11330562178045511,0.11300419177860022,0.10955361742526293,0.1029191305860877,0.12092940136790276,0.11052539944648743,0.12455360125750303,0.12013020366430283,0.1148756006732583,0.11863074451684952,0.11995491292327642,0.120793666690588,0.1141470605507493,0.12054398655891418,0.12286379653960466,0.11837889533489943,0.1051481468603015,0.11442635208368301,0.11785383522510529,0.12082758732140064,0.11239147279411554,0.1100807236507535,0.114295968785882,0.1253445064648986,0.11348708253353834,0.10758828092366457,0.11735243536531925,0.12407395150512457,0.12717203423380852,0.12685965280979872,0.12032262329012156,0.1183531517162919,0.1074973326176405,0.1209041103720665,0.11632773000746965,0.12362056225538254,0.132390471175313,0.12292217463254929
SGF_RFW_ST4L20,2,16,0.18093560139338172,0.17957123120625818,13.084117889404297,12.51482105255127,305.1658227443695,4768.2159803807735,64,1920,7320,1140,25060,0,0,0.5060237534344196,0.5104285180568695,0.5192080587148666,0.5394567474722862,0.5292247384786606,0.5419345498085022,0.5452741980552673,0.5502498969435692,0.561476357281208,0.5549754649400711,0.553499385714531,0.5514490753412247,0.5539911687374115,0.5435435399413109,0.5571535527706146,0.5673577636480331,0.5711053609848022,0.5710706636309624,0.5576004311442375,0.5434043630957603,0.5564699172973633,0.555910274386406,0.5468477010726929,0.5368606597185135,0.5313230454921722,0.5256774425506592,0.5313998088240623,0.5459337085485458,0.5604531466960907,0.5727889537811279,0.5876167193055153,0.582501620054245,0.5672698244452477,0.566911093890667,0.5777185261249542,0.5680394917726517,0.5734134539961815,0.5682144090533257,0.5551860108971596,0.5485465005040169,0.5412789732217789,0.5330385714769363,0.524346798658371,0.5330737009644508,0.5716863423585892,0.5466261580586433,0.5213837996125221,0.5100524255207607,0.3813158683478832,0.4120130427181721,0.42699624970555305,0.4484821893274784,0.4497392848134041,0.4351400211453438,0.418119590729475,0.42130861803889275,0.39876312389969826,0.39297688752412796,0.39707042276859283,0.37610339373350143,0.3722452260553837,0.35621289536356926,0.36579592898488045,0.3924213908612728,0.39176812395453453,0.3986688330769539,0.41769059747457504,0.4189305417239666,0.420136459171772,0.4283526726067066,0.43163540586829185,0.4274445027112961,0.44178852811455727,0.4525828957557678,0.4578326568007469,0.43304844573140144,0.4231531396508217,0.3969038911163807,0.38075824826955795,0.38044025748968124,0.382571741938591,0.39082034304738045,0.3801004886627197,0.36104752123355865,0.36361750587821007,0.4105258025228977,0.43375347927212715,0.45172127336263657,0.4531911760568619,0.44563350826501846,0.4489862099289894,0.427333515137434,0.38937777280807495,0.41065122559666634,0.43080152571201324,0.44860661029815674,0.10256069526076317,0.10251299012452364,0.1074422700330615,0.09640138316899538,0.0910214651376009,0.08905041590332985,0.0920446626842022,0.10046348534524441,0.1090238131582737,0.12005638051778078,0.11791652627289295,0.1178098488599062,0.12167701218277216,0.11096683517098427,0.11450507771223783,0.11503529828041792,0.1101682260632515,0.10388289391994476,0.10724694654345512,0.10764830932021141,0.10683078598231077,0.10621130652725697,0.10305326990783215,0.09747110959142447,0.10112409014254808,0.10423235595226288,0.10659779794514179,0.11643432453274727,0.11308532021939754,0.11819018702954054,0.12536620255559683,0.11833901144564152,0.10819926578551531,0.105778350494802,0.11269877757877111,0.11469357367604971,0.11668281257152557,0.12591109424829483,0.11849766969680786,0.10982191190123558,0.1073268735781312,0.10067170020192862,0.09994212538003922,0.10587213188409805,0.11794016789644957,0.12271872069686651,0.11903653386980295,0.11566237466675895
SGF_RFW_ST4L20,3,16,0.14530269304911292,0.18694061040878296,13.652807235717773,16.116437911987305,351.970885515213,5499.545086175203,64,1920,7320,1140,25060,0,0,0.543824128806591,0.5656574293971062,0.5780851691961288,0.5991533473134041,0.6357014700770378,0.612086221575737,0.6028232425451279,0.6027257144451141,0.5953949764370918,0.6227150186896324,0.6049927920103073,0.6083626449108124,0.6179354190826416,0.6152854934334755,0.6218756884336472,0.6249297708272934,0.6062962114810944,0.5995888561010361,0.5818995237350464,0.5960164815187454,0.6076620668172836,0.6144497394561768,0.6201173663139343,0.6147153452038765,0.601403534412384,0.6013357490301132,0.6035996600985527,0.6115857884287834,0.6053861603140831,0.6170327514410019,0.6201038807630539,0.6204991042613983,0.61601722240448,0.5983720868825912,0.5892936810851097,0.5779465064406395,0.5834057182073593,0.5913371220231056,0.6220529228448868,0.6431529745459557,0.6160250753164291,0.5950031951069832,0.6059694960713387,0.6041228696703911,0.5903340429067612,0.6008476912975311,0.6091049462556839,0.6193692599024091,0.36456460505723953,0.30909091979265213,0.2559266183525324,0.24515335448086262,0.22912194207310677,0.22957195341587067,0.26862506195902824,0.331819087266922,0.3140079230070114,0.2959408015012741,0.32480377703905106,0.3094908781349659,0.29190005734562874,0.2837892360985279,0.3020729683339596,0.3259596414864063,0.33367620036005974,0.3191017806529999,0.3101252540946007,0.31871236860752106,0.30337533354759216,0.33266620710492134,0.306631226092577,0.304267555475235,0.2902093045413494,0.2994781620800495,0.3275384418666363,0.3258614130318165,0.3125945180654526,0.2981922887265682,0.29229769483208656,0.29396066442131996,0.29501764476299286,0.3135763444006443,0.3160931393504143,0.3292863592505455,0.29694363474845886,0.28272050619125366,0.29077889025211334,0.2760154418647289,0.29761092737317085,0.33966827020049095,0.3138144016265869,0.29465240985155106,0.2889358066022396,0.3212958462536335,0.34605298936367035,0.30889308878353666,0.10871581360697746,0.10651191137731075,0.11115230713039637,0.12579870223999023,0.12230298202484846,0.12197339441627264,0.11972685623914003,0.1306149633601308,0.12021135352551937,0.11940902005881071,0.12595492508262396,0.1214711181819439,0.12511080037802458,0.12639198079705238,0.137040913105011,0.13255922123789787,0.13521366007626057,0.12489173281937838,0.11852711346000433,0.13127710577100515,0.13798110373318195,0.14358075894415379,0.142935236915946,0.1411040648818016,0.13362856581807137,0.13952838815748692,0.14587746001780033,0.14144142717123032,0.13888502679765224,0.13186239078640938,0.13026233948767185,0.13831304106861353,0.13026761543005705,0.12978368252515793,0.13359032291918993,0.12800196930766106,0.12101300060749054,0.11511387303471565,0.11841795220971107,0.1250125616788864,0.1231465395539999,0.12483174074441195,0.1280997982248664,0.12487165350466967,0.115351184271276,0.11552208289504051,0.11977826431393623,0.1200152901666505
SGF_RFW_ST4L20,0,17,0.22631762425104773,0.21783564488093055,7.015035152435303,8.736353874206543,303.7754509449005,4746.4914210140705,64,1920,7320,1140,25060,0,0,0.5320291444659233,0.5433305129408836,0.5309473648667336,0.5191691294312477,0.5139349326491356,0.5270975604653358,0.536219023168087,0.5405048578977585,0.5429349988698959,0.5488452315330505,0.5508953481912613,0.5409749746322632,0.5332725048065186,0.5427264720201492,0.5472785234451294,0.5404303446412086,0.5458650216460228,0.5550774335861206,0.5630479976534843,0.5623589381575584,0.5668140277266502,0.5669331848621368,0.5788857862353325,0.5880057290196419,0.5810507982969284,0.5722267627716064,0.554194837808609,0.5469627305865288,0.549871951341629,0.5499960407614708,0.5605627968907356,0.5609062314033508,0.5520718172192574,0.5477459356188774,0.5549814105033875,0.5578318238258362,0.5553823709487915,0.5567064508795738,0.5419902130961418,0.5359049290418625,0.5354492142796516,0.5401579514145851,0.5481868013739586,0.5529069378972054,0.5551520958542824,0.5613144636154175,0.5667571946978569,0.5687762839453561,0.3899509757757187,0.40453697741031647,0.42506296560168266,0.4328220896422863,0.4307034984230995,0.42367466166615486,0.4094150885939598,0.40521640330553055,0.41486232355237007,0.4152105152606964,0.4161977395415306,0.4308098219335079,0.4397680535912514,0.42171431705355644,0.4025753550231457,0.4230719581246376,0.42126284167170525,0.40650925040245056,0.3897782936692238,0.3996150344610214,0.38774123042821884,0.3917154520750046,0.38237443566322327,0.3717835173010826,0.385211993008852,0.3918841518461704,0.40082094073295593,0.4024956524372101,0.40775830671191216,0.4105353355407715,0.40362465009093285,0.3987574577331543,0.40559985861182213,0.42063169553875923,0.4182017929852009,0.420398473739624,0.42164891585707664,0.4268779456615448,0.4414067193865776,0.435020986944437,0.43543222546577454,0.4326394945383072,0.426650695502758,0.4253735840320587,0.412743903696537,0.40658434852957726,0.3951440304517746,0.3947687191622598,0.12215737625956535,0.1307168621569872,0.13110616989433765,0.1360933519899845,0.13676873594522476,0.13536224886775017,0.13465607725083828,0.1328160259872675,0.13151782378554344,0.13182715140283108,0.13083655759692192,0.13320336677134037,0.1349606066942215,0.13231470435857773,0.13074094615876675,0.13522612303495407,0.13715813122689724,0.13726308196783066,0.13637813739478588,0.1352880895137787,0.13223674148321152,0.13272916711866856,0.13255581818521023,0.13315977714955807,0.13264288194477558,0.13226972706615925,0.13119661808013916,0.1340704709291458,0.13533812388777733,0.13369335792958736,0.13381800428032875,0.13096104189753532,0.13107110932469368,0.1332750990986824,0.13307748921215534,0.1342134941369295,0.13478210382163525,0.13516563549637794,0.1362800132483244,0.13745381124317646,0.13827433064579964,0.13596564903855324,0.1346273384988308,0.13468916341662407,0.13422775641083717,0.13280959613621235,0.13160075806081295,0.1321559420653752
SGF_RFW_ST4L20,1,17,0.20941609144210815,0.20904954274495446,8.198040008544922,8.683293342590332,302.7116026878357,4729.868791997433,64,1920,7320,1140,25060,0,0,0.5956738665699959,0.5993677377700806,0.5968402624130249,0.5993433445692062,0.5971911922097206,0.6030249893665314,0.607013039290905,0.6273366585373878,0.633364237844944,0.6448862329125404,0.5942495539784431,0.5908674821257591,0.5924745425581932,0.6115327551960945,0.617139995098114,0.6170521900057793,0.611002653837204,0.6075672581791878,0.6207356080412865,0.6020006015896797,0.6052512899041176,0.6145596653223038,0.6148737967014313,0.6023777574300766,0.6054534167051315,0.5861628353595734,0.5829382985830307,0.5988683998584747,0.6208405941724777,0.6374556869268417,0.6077727451920509,0.6158795952796936,0.6137752532958984,0.6261028498411179,0.6315194517374039,0.6213911548256874,0.6208922564983368,0.6083034053444862,0.6098714992403984,0.6196572035551071,0.6206224113702774,0.619880698621273,0.6267987862229347,0.6109718307852745,0.6167237535119057,0.6032932326197624,0.6085139960050583,0.630586062158857,0.31835658848285675,0.3133198842406273,0.32769107073545456,0.32084396854043007,0.3091127499938011,0.3090217560529709,0.2899678163230419,0.28635377436876297,0.30183499306440353,0.28902724385261536,0.33646445721387863,0.331925205886364,0.33700013533234596,0.31550393626093864,0.3050214797258377,0.31544410064816475,0.30213821306824684,0.3111388795077801,0.29948144033551216,0.3263728469610214,0.31617726385593414,0.30472492426633835,0.31179748103022575,0.3216104246675968,0.31838713958859444,0.3407432548701763,0.33708399906754494,0.3268687315285206,0.30633293092250824,0.2903888411819935,0.32295872271060944,0.31449592113494873,0.3081946037709713,0.30672361701726913,0.29563481733202934,0.31198617815971375,0.3014676347374916,0.3246811740100384,0.32552652433514595,0.3088485039770603,0.31637731194496155,0.31425610557198524,0.30969157814979553,0.3277825638651848,0.3008013479411602,0.3181512914597988,0.316141739487648,0.30389917748314993,0.09742595627903938,0.0972056146711111,0.10318163316696882,0.11099513527005911,0.11536389496177435,0.11444491520524025,0.1130914343520999,0.10418949741870165,0.10148660093545914,0.1008948590606451,0.1063088160008192,0.1076909564435482,0.1083787428215146,0.10517452377825975,0.10620285850018263,0.10476622264832258,0.10436534881591797,0.10476475674659014,0.10424924921244383,0.10843861475586891,0.10714790411293507,0.10611501429229975,0.10352555941790342,0.10603463929146528,0.10684142261743546,0.11070762202143669,0.11134013533592224,0.10954520385712385,0.10440501850098372,0.10223179031163454,0.1104328129440546,0.10915287956595421,0.11103560402989388,0.11139236856251955,0.10822371486574411,0.11037004087120295,0.10869799926877022,0.1086606215685606,0.10677795857191086,0.10226296167820692,0.10336910001933575,0.10460041277110577,0.1050101350992918,0.1072358014062047,0.10705448873341084,0.11270562931895256,0.11131564900279045,0.10752919316291809
SGF_RFW_ST4L20,2,17,0.16781024138132727,0.16201831897099817,9.408169746398926,9.821707725524902,305.12551379203796,4767.586153000593,64,1920,7320,1140,25060,0,0,0.4284510761499405,0.44598139449954033,0.45579513534903526,0.47093671560287476,0.49464090541005135,0.4941699132323265,0.47164951637387276,0.45423290878534317,0.43642376363277435,0.45657265186309814,0.49996062368154526,0.472349863499403,0.47417692095041275,0.4988136254251003,0.5037432163953781,0.49368125945329666,0.5119290500879288,0.4872119426727295,0.4792156405746937,0.5074705369770527,0.5181602463126183,0.4995068684220314,0.5194444209337234,0.5381421968340874,0.5252409726381302,0.5412714034318924,0.5777008906006813,0.5290773883461952,0.5000316612422466,0.4897996708750725,0.49934282898902893,0.5328746885061264,0.5387266278266907,0.5406169071793556,0.5078961551189423,0.4661448188126087,0.45586753264069557,0.46257464960217476,0.4622519165277481,0.470106590539217,0.4814865440130234,0.45790454000234604,0.4550989270210266,0.4579077549278736,0.45795246213674545,0.48321888223290443,0.48946867883205414,0.4868642049176352,0.4373753257095814,0.44522202759981155,0.4362010024487972,0.42967314273118973,0.4065035209059715,0.3904539830982685,0.414628230035305,0.42174403741955757,0.429201927036047,0.4369364604353905,0.3896416462957859,0.4131234772503376,0.4026990011334419,0.38422491028904915,0.38840578496456146,0.3996308296918869,0.3955124691128731,0.4037278778851032,0.4133615419268608,0.42458608373999596,0.40458692982792854,0.39428145810961723,0.3954227939248085,0.39072146639227867,0.38902096822857857,0.3766435459256172,0.36246539279818535,0.37111659348011017,0.37695109471678734,0.37940385565161705,0.374174315482378,0.3697533346712589,0.3646247014403343,0.40130527690052986,0.382967934012413,0.4176958464086056,0.4171218127012253,0.40946438536047935,0.4083232469856739,0.42065777257084846,0.39850401878356934,0.4216873161494732,0.4155785143375397,0.41715124621987343,0.4199237488210201,0.40272778645157814,0.39911815896630287,0.3985717381749834,0.08804940525442362,0.09247945435345173,0.09758168365806341,0.10010907985270023,0.10008733253926039,0.09476516209542751,0.09549146518111229,0.09839931316673756,0.10257147997617722,0.09842537343502045,0.09319845959544182,0.0932257603853941,0.09362771362066269,0.09262380097061396,0.0925921956077218,0.09501686971634626,0.09484873153269291,0.09791446756571531,0.10225554276257753,0.10092540737241507,0.09725424367934465,0.09356318041682243,0.09522558003664017,0.09524112287908792,0.0984156671911478,0.09972506575286388,0.1006355294957757,0.09922050684690475,0.09809962101280689,0.09744537714868784,0.09222123213112354,0.08468201942741871,0.09018954448401928,0.09174521453678608,0.09361701738089323,0.10046977363526821,0.1008269377052784,0.09562862198799849,0.09808825328946114,0.09606739692389965,0.08997522108256817,0.08996535278856754,0.091292311437428,0.09153242781758308,0.09406383521854877,0.09569272119551897,0.09331028256565332,0.09425722062587738
SGF_RFW_ST4L20,3,17,0.1996975541114807,0.18294040362040198,9.740181922912598,7.401419162750244,324.10691595077515,5064.170561730862,64,1920,7320,1140,25060,0,0,0.622636578977108,0.6071001142263412,0.5978513434529305,0.5990320295095444,0.6096309274435043,0.6165617778897285,0.6377396285533905,0.6258643791079521,0.6235495954751968,0.629589818418026,0.6240915730595589,0.6218583732843399,0.6243222281336784,0.6115782856941223,0.606214351952076,0.587100975215435,0.5753814950585365,0.6138769313693047,0.6162900254130363,0.5964482128620148,0.5932539328932762,0.6057800427079201,0.6039391830563545,0.6072699949145317,0.6116592735052109,0.580190122127533,0.564439594745636,0.5769836530089378,0.5938412919640541,0.5860200747847557,0.594489112496376,0.5943986028432846,0.5963184908032417,0.5975086763501167,0.5887129977345467,0.5967873483896255,0.6151933744549751,0.621354766190052,0.6177092865109444,0.6178038343787193,0.6029471978545189,0.5916513279080391,0.5953680798411369,0.6085349172353745,0.6218903437256813,0.6262218803167343,0.6214383244514465,0.6099556003298078,0.30699456483125687,0.28871142864227295,0.3119329586625099,0.31274452432990074,0.29032049514353275,0.30160798877477646,0.26938633993268013,0.3228716738522053,0.3261411525309086,0.3168051466345787,0.31649351119995117,0.31329120323061943,0.2893425188958645,0.3020893856883049,0.289476428180933,0.28995582833886147,0.32475142180919647,0.2814660966396332,0.2889549434185028,0.31211550533771515,0.30724554136395454,0.28700147941708565,0.2709205411374569,0.2550403419882059,0.2644986677914858,0.3087162561714649,0.3159730136394501,0.3145190477371216,0.276274673640728,0.25925086438655853,0.28526462614536285,0.30138181895017624,0.2952009104192257,0.30121881514787674,0.2992154024541378,0.2998383305966854,0.31306542828679085,0.29111915826797485,0.2891601137816906,0.28980933502316475,0.2828197777271271,0.3180980421602726,0.30885281786322594,0.295112919062376,0.33003712445497513,0.3114345706999302,0.32370100542902946,0.3038929913725172,0.08356399834156036,0.08925903029739857,0.0992794930934906,0.10077041108161211,0.10094527807086706,0.09507411811500788,0.09004343021661043,0.09323721285909414,0.09508034493774176,0.09441595245152712,0.09233837947249413,0.09253908880054951,0.08959053549915552,0.09187632892280817,0.08849597815424204,0.08756192028522491,0.08728787023574114,0.08777686953544617,0.09448295272886753,0.09959674719721079,0.1016650004312396,0.09704094287008047,0.09527516178786755,0.09089092165231705,0.09268623124808073,0.09941613487899303,0.09883220307528973,0.09876906592398882,0.09330060984939337,0.09274319093674421,0.10059365071356297,0.09610123373568058,0.09377533569931984,0.09607174526900053,0.09693833999335766,0.10057634953409433,0.10119784157723188,0.0968470573425293,0.09568434208631516,0.09856147784739733,0.0984483640640974,0.09883601032197475,0.09384207893162966,0.09243027679622173,0.09264330193400383,0.08835399709641933,0.09331391006708145,0.09548527108771461
SGF_RFW_ST4L20,0,18,0.14477473497390747,0.08922469615936279,7.909848213195801,10.738960266113281,304.4058735370636,4756.341774016619,64,1920,7320,1140,25060,0,0,0.5426371693611145,0.5231368392705917,0.5040864795446396,0.486093632876873,0.4722245819866657,0.4670277126133442,0.4512946829199791,0.4039534106850624,0.37218359112739563,0.36864354088902473,0.37554696947336197,0.3860125169157982,0.3818584829568863,0.3968888893723488,0.4088163822889328,0.42389804124832153,0.4363190270960331,0.434795368462801,0.42475180700421333,0.4203702360391617,0.4156663827598095,0.4136929363012314,0.3838937059044838,0.3626798391342163,0.3485274389386177,0.34319598972797394,0.35094770789146423,0.3828371837735176,0.41175269708037376,0.40686920285224915,0.40607161447405815,0.39579545706510544,0.39420390129089355,0.3944260962307453,0.37888381257653236,0.3797255828976631,0.39024825394153595,0.39445867016911507,0.39523104205727577,0.39228562638163567,0.39339884370565414,0.3866758532822132,0.3932040333747864,0.3751445710659027,0.3681749030947685,0.3636368252336979,0.3735259957611561,0.38234130825315205,0.37888945639133453,0.3729867711663246,0.366238534450531,0.3602980226278305,0.3525739312171936,0.3408338353037834,0.33794130012393,0.3605462424457073,0.3753291890025139,0.3894644007086754,0.4047505296766758,0.4247307702898979,0.43875617533922195,0.43046485260128975,0.4099355451762676,0.3923204503953457,0.38419460132718086,0.38061776012182236,0.38455696403980255,0.37677934765815735,0.3688804395496845,0.3538355566561222,0.35026614740490913,0.3479555882513523,0.3545682020485401,0.3621929958462715,0.3621915355324745,0.35864102840423584,0.36919549107551575,0.3686443418264389,0.3626805879175663,0.3580869138240814,0.34913187101483345,0.33496207743883133,0.32499251887202263,0.3114130534231663,0.30695049092173576,0.3263425640761852,0.34739939495921135,0.3528822064399719,0.3512876182794571,0.3509615510702133,0.3415936566889286,0.3508027456700802,0.34850502386689186,0.3373583294451237,0.32104993611574173,0.30707430839538574,0.14964566379785538,0.1496309544891119,0.14609725587069988,0.1441467497497797,0.13848719373345375,0.12933751475065947,0.12420012708753347,0.11834811046719551,0.11774777621030807,0.12254219222813845,0.12689164653420448,0.13064964674413204,0.13474619574844837,0.136578056961298,0.1321382988244295,0.12957842089235783,0.1289969366043806,0.13027864508330822,0.13432231172919273,0.12870737724006176,0.12124367337673903,0.11791915539652109,0.12027402129024267,0.12200529873371124,0.12686847150325775,0.1302654668688774,0.13027092441916466,0.13558238744735718,0.147235918790102,0.1525870729237795,0.1551022194325924,0.1552824303507805,0.14964008890092373,0.13937843218445778,0.13327325135469437,0.12977029010653496,0.13224423490464687,0.13794753700494766,0.13934885896742344,0.14171565510332584,0.14285584166646004,0.14464696310460567,0.138743719086051,0.13194368965923786,0.12688813544809818,0.12101431842893362,0.11814307700842619,0.1144468177642141
SGF_RFW_ST4L20,1,18,0.19480979442596436,0.20344320933024085,7.048277378082275,6.4384589195251465,302.6797730922699,4729.371454566717,64,1920,7320,1140,25060,0,0,0.5368023291230202,0.5258191153407097,0.5187366232275963,0.504820205271244,0.5027096010744572,0.510445311665535,0.5125203654170036,0.5146958008408546,0.5163216292858124,0.5174043849110603,0.5205357819795609,0.5224077105522156,0.5185944363474846,0.510087363421917,0.5133858025074005,0.5149019956588745,0.5136736705899239,0.510787844657898,0.520464763045311,0.5279664844274521,0.5325483828783035,0.532187320291996,0.524791307747364,0.5245599746704102,0.5102325305342674,0.4952121339738369,0.5007786452770233,0.510033555328846,0.5168568715453148,0.5242505073547363,0.5191511660814285,0.5072726011276245,0.5022231079638004,0.4983093813061714,0.49902182817459106,0.5059757754206657,0.5163701176643372,0.521684542298317,0.5323202386498451,0.5468338280916214,0.547637403011322,0.5394522100687027,0.5315306708216667,0.5237202495336533,0.5185666307806969,0.5120445117354393,0.5096634477376938,0.511226977620806,0.4256851598620415,0.4338788539171219,0.43793510273098946,0.4483332820236683,0.4522051438689232,0.45337242633104324,0.45818978920578957,0.4558071792125702,0.4537332206964493,0.44154544174671173,0.437478706240654,0.43383967876434326,0.42933547496795654,0.4398469291627407,0.44693486019968987,0.4462616331875324,0.4433276988565922,0.4512774869799614,0.45120666548609734,0.45103248953819275,0.4535398446023464,0.4500297009944916,0.45380522683262825,0.45379427820444107,0.4613158516585827,0.4673781767487526,0.46401482075452805,0.45531702786684036,0.4574716240167618,0.46082043647766113,0.4620869345963001,0.4630326107144356,0.4671354666352272,0.4709044583141804,0.4736761897802353,0.47207755222916603,0.4629686176776886,0.46091972663998604,0.4536588080227375,0.447692085057497,0.44295504689216614,0.4407285936176777,0.44055043533444405,0.4436214417219162,0.4483414255082607,0.45605044066905975,0.46336986497044563,0.4624800511768886,0.13283670879900455,0.13874226808547974,0.1420891173183918,0.14723405055701733,0.15011605247855186,0.15168634988367558,0.14943359047174454,0.14284812286496162,0.14509359188377857,0.14416618831455708,0.14722060970962048,0.14510316774249077,0.14629181660711765,0.14850931614637375,0.14865994080901146,0.1484049391001463,0.15091128461062908,0.15366130135953426,0.15479898266494274,0.15498566254973412,0.15722444653511047,0.15600062534213066,0.15467260591685772,0.15326798893511295,0.15619770996272564,0.15757258981466293,0.15907487459480762,0.1565572638064623,0.15273098275065422,0.1548194270581007,0.14513587579131126,0.15823143161833286,0.1603980790823698,0.16238601878285408,0.16329708881676197,0.16338437609374523,0.1578500848263502,0.15426840260624886,0.15605848468840122,0.15354452654719353,0.15408954583108425,0.1548437625169754,0.15613390505313873,0.15552233159542084,0.15309088490903378,0.14783364720642567,0.14817812107503414,0.14444770344666072
SGF_RFW_ST4L20,2,18,0.1883635322252909,0.19462519884109497,6.3061394691467285,6.46311092376709,303.898029088974,4748.406704515219,64,1920,7320,1140,25060,0,0,0.4985223636031151,0.5013463012874126,0.49703414365649223,0.4918859414756298,0.4956381283700466,0.503446638584137,0.509257473051548,0.5151717141270638,0.514772966504097,0.5093230456113815,0.4934539571404457,0.4752138629555702,0.47009779140353203,0.4716963358223438,0.4757732041180134,0.47011296078562737,0.48011763766407967,0.4848439693450928,0.4897601492702961,0.48943907022476196,0.4872099347412586,0.5025270506739616,0.5003007315099239,0.5031346678733826,0.504266582429409,0.4912394508719444,0.49831048026680946,0.49282603710889816,0.486359067261219,0.48767415434122086,0.48615026101469994,0.49185800552368164,0.48536403104662895,0.4873178079724312,0.49829066544771194,0.498956311494112,0.49933426454663277,0.4998248890042305,0.5021841153502464,0.5076189413666725,0.5096938759088516,0.5054992809891701,0.5041023641824722,0.5006069242954254,0.4917264021933079,0.4900171160697937,0.4822476729750633,0.476236560514995,0.4243305027484894,0.4193788692355156,0.4174127131700516,0.41613250970840454,0.40886202827095985,0.40597086027264595,0.4091215170919895,0.4160178005695343,0.43637919053435326,0.4455297514796257,0.45215148106217384,0.4564373604953289,0.44421467557549477,0.43837326765060425,0.4333213269710541,0.4395342320203781,0.43545179814100266,0.43728356063365936,0.43103674054145813,0.43299195170402527,0.43481167405843735,0.4243209473788738,0.42129993811249733,0.418334748595953,0.42209481820464134,0.4362882599234581,0.42973512038588524,0.4333327077329159,0.430889543145895,0.42458054423332214,0.42443572729825974,0.41922783851623535,0.43433286622166634,0.4362955056130886,0.42916812002658844,0.4246828034520149,0.42292455956339836,0.4205174408853054,0.4174240343272686,0.4157768376171589,0.41883789002895355,0.42396384105086327,0.42549121752381325,0.4253229908645153,0.4303879477083683,0.4337157569825649,0.43503420799970627,0.4332815877028874,0.14259574003517628,0.1435869075357914,0.14486636221408844,0.1457054540514946,0.14637740142643452,0.14827227219939232,0.14834249392151833,0.14909609220921993,0.14340127259492874,0.1462088767439127,0.14949709735810757,0.15232908725738525,0.1562594659626484,0.15402096323668957,0.15289107523858547,0.15309133753180504,0.15811962261795998,0.16227788478136063,0.1635919902473688,0.16037986800074577,0.15753033943474293,0.15534448623657227,0.15927406214177608,0.1587326694279909,0.15690383687615395,0.1520593035966158,0.15377594716846943,0.14978525415062904,0.15237054787576199,0.15382811054587364,0.15219873003661633,0.15124275162816048,0.14979830384254456,0.16280321963131428,0.16542320512235165,0.16453402675688267,0.16233793087303638,0.15630479902029037,0.15475555695593357,0.15390702337026596,0.14951888285577297,0.15208368934690952,0.15460273437201977,0.15489859133958817,0.15026876516640186,0.14497772231698036,0.14125134609639645,0.1479345964533942
SGF_RFW_ST4L20,3,18,0.15193216005961097,0.17521345615386963,9.23963451385498,7.44667387008667,328.067081451416,5126.048147678375,64,1920,7320,1140,25060,0,0,0.4801578111946583,0.4950001761317253,0.5076012834906578,0.5215470120310783,0.5427343249320984,0.5499002709984779,0.5429387167096138,0.5289934352040291,0.526763029396534,0.5376931726932526,0.546746589243412,0.553219236433506,0.5452562049031258,0.5325608775019646,0.5115000158548355,0.5049442648887634,0.5028818883001804,0.5076372101902962,0.5117157623171806,0.5113343745470047,0.5113116875290871,0.5120711550116539,0.507410004734993,0.5090902075171471,0.5113632902503014,0.5147862359881401,0.5170418471097946,0.5133569911122322,0.5145693123340607,0.5193824097514153,0.5173756703734398,0.5194639936089516,0.5146167054772377,0.5119907110929489,0.5157998204231262,0.5190512612462044,0.5246836468577385,0.52205990254879,0.5129661932587624,0.5077490583062172,0.5115843415260315,0.5184582024812698,0.5150056481361389,0.5160942897200584,0.5161537379026413,0.5129334107041359,0.5039946064352989,0.5039607541901725,0.4060506522655487,0.4006720185279846,0.39544928446412086,0.3919002339243889,0.3896168991923332,0.39462167397141457,0.40365559607744217,0.41062765568494797,0.4141973443329334,0.4130716547369957,0.41345228999853134,0.4137364886701107,0.4099512919783592,0.4024609811604023,0.3977147527039051,0.4032272472977638,0.4130430109798908,0.41090555116534233,0.40315117314457893,0.4014233723282814,0.4021334908902645,0.4017747603356838,0.405067753046751,0.4040311947464943,0.40800362452864647,0.409445870667696,0.4121079035103321,0.4109852463006973,0.4108465127646923,0.40720760077238083,0.4131581336259842,0.4092717617750168,0.41422517970204353,0.41006024181842804,0.4041479304432869,0.4010176695883274,0.39568086713552475,0.39269907400012016,0.39980323985219,0.4083358310163021,0.40925362706184387,0.4102976880967617,0.40569184720516205,0.3943508081138134,0.39998389780521393,0.4078725315630436,0.4145022816956043,0.4227666641984667,0.13586078584194183,0.14155573211610317,0.14553245715796947,0.14842569828033447,0.15057501755654812,0.15635433606803417,0.15992755256593227,0.1528308279812336,0.15274904109537601,0.15285953506827354,0.16097399219870567,0.16817831248044968,0.16895483620464802,0.17045510560274124,0.15832679346203804,0.1584753766655922,0.16139202937483788,0.16456887498497963,0.16214791499078274,0.16233571618795395,0.1621668692678213,0.1582136806100607,0.15485207736492157,0.15313428826630116,0.15345843508839607,0.1518249213695526,0.15237990207970142,0.15721447579562664,0.15268977172672749,0.14972738921642303,0.1483056116849184,0.14693792536854744,0.15134770795702934,0.15790379792451859,0.15998556837439537,0.1566792968660593,0.15338177792727947,0.1512759830802679,0.15592397563159466,0.15704047866165638,0.15876263193786144,0.1565180141478777,0.15167915634810925,0.15176555700600147,0.1506713069975376,0.15178547613322735,0.15506083332002163,0.15227505990437099
SGF_RFW_ST4L20,0,19,0.14158592621485389,0.15623577435811364,5.546852111816406,5.715631008148193,303.3604130744934,4740.0064542889595,64,1920,7320,1140,25060,0,0,0.7695776224136353,0.7868663743138313,0.7870142683386803,0.7893441319465637,0.7984118908643723,0.7880800068378448,0.7904309183359146,0.7804122790694237,0.7856081202626228,0.7827752605080605,0.7873189449310303,0.7864081114530563,0.7838067561388016,0.7839381843805313,0.7808813452720642,0.7818643152713776,0.788457415997982,0.7910019606351852,0.782480277121067,0.787722647190094,0.7852669954299927,0.7828831002116203,0.7799983024597168,0.779943972826004,0.7847571223974228,0.7776078805327415,0.7791135981678963,0.7815087735652924,0.7833965420722961,0.7787714600563049,0.781634733080864,0.7818075865507126,0.7818655073642731,0.7874654978513718,0.7915491834282875,0.783464290201664,0.7797670662403107,0.7830271646380424,0.7887414246797562,0.7899846360087395,0.7865587398409843,0.7892234846949577,0.7803067862987518,0.7836711332201958,0.7795214653015137,0.7870121896266937,0.7818267717957497,0.780880902494703,0.4282372109591961,0.435263954102993,0.43872445076704025,0.42854198440909386,0.40803535282611847,0.4180971309542656,0.4192248694598675,0.42484748736023903,0.42624637112021446,0.42796774208545685,0.4231234937906265,0.4227679558098316,0.4276590868830681,0.4296848550438881,0.4318397417664528,0.42990974709391594,0.4235316775739193,0.41936904937028885,0.43182555958628654,0.4281800612807274,0.432365108281374,0.4396631494164467,0.43354592844843864,0.43574050441384315,0.4300760254263878,0.4364379942417145,0.43702787905931473,0.43302079662680626,0.4325850121676922,0.4373771548271179,0.43342041969299316,0.4370045028626919,0.4383990243077278,0.43459996208548546,0.4303741157054901,0.43150850757956505,0.434990469366312,0.42783409357070923,0.4302136301994324,0.43342485651373863,0.4303597956895828,0.43242229148745537,0.43630500882864,0.43202223256230354,0.4352533109486103,0.4301467835903168,0.42973682284355164,0.43291482755116056,0.10968556255102158,0.10416637733578682,0.10673810262233019,0.10768153611570597,0.10647856071591377,0.10824158880859613,0.11238945182412863,0.10992560628801584,0.10997757129371166,0.11144889146089554,0.11088407505303621,0.11062069796025753,0.1085167434066534,0.1081407880410552,0.11042587924748659,0.1109224883839488,0.11148589756339788,0.112320720218122,0.11336164642125368,0.11124521400779486,0.1103384792804718,0.11110134795308113,0.11236136592924595,0.1145156966522336,0.10988818574696779,0.1120284078642726,0.11323499772697687,0.11056303605437279,0.11172433942556381,0.11117654945701361,0.11015485227108002,0.11546831484884024,0.11429014150053263,0.11592528782784939,0.11610797792673111,0.11224381811916828,0.11358095891773701,0.11077622789889574,0.11407360900193453,0.11287693958729506,0.1134539395570755,0.11499470099806786,0.11377807147800922,0.11487574968487024,0.11761490628123283,0.11667668167501688,0.1160755567252636,0.1158035376242229
SGF_RFW_ST4L20,1,19,0.11616853872934974,0.12099689245223999,7.778746128082275,5.965123653411865,303.0740041732788,4735.531315207481,64,1920,7320,1140,25060,0,0,0.6208207532763481,0.6417657434940338,0.6616008877754211,0.678838886320591,0.6935026049613953,0.6756239682435989,0.6480800658464432,0.6455071941018105,0.6516843363642693,0.6587746813893318,0.6603621765971184,0.6499594151973724,0.6448862552642822,0.6500773951411247,0.6592627242207527,0.6504299268126488,0.6488590389490128,0.6526142656803131,0.6553435698151588,0.6527087911963463,0.6454941406846046,0.6410967633128166,0.6460083350539207,0.6523882076144218,0.6569865718483925,0.6474012359976768,0.6503536477684975,0.6521506980061531,0.6557728052139282,0.6503391712903976,0.6409386098384857,0.6353006586432457,0.6463542655110359,0.6555637195706367,0.654167078435421,0.653695747256279,0.646641232073307,0.641347661614418,0.6524958908557892,0.6553691402077675,0.6597050502896309,0.6511047035455704,0.6375801265239716,0.6353248432278633,0.6497058868408203,0.6581224873661995,0.6538349613547325,0.652588597365788,0.4215113930404186,0.4189661778509617,0.41865332424640656,0.41694820299744606,0.42569366469979286,0.4283543787896633,0.4280877001583576,0.43200260028243065,0.42638737335801125,0.42379287630319595,0.4222780205309391,0.42714519426226616,0.42963171377778053,0.43159304931759834,0.4275444820523262,0.4287022277712822,0.4209747798740864,0.42528487369418144,0.4289141446352005,0.43318741396069527,0.433470893651247,0.4326239675283432,0.43144240230321884,0.4273509047925472,0.424042284488678,0.42160094156861305,0.42410091683268547,0.4259088635444641,0.4254857748746872,0.427928913384676,0.4309162087738514,0.43067333847284317,0.42879220843315125,0.43284519016742706,0.42708565667271614,0.4251532405614853,0.4267332963645458,0.4284821152687073,0.42432598769664764,0.424260463565588,0.42047328129410744,0.42297525703907013,0.43204472213983536,0.43340590223670006,0.4267827868461609,0.4248119220137596,0.42687954753637314,0.43077307088034494,0.12180766090750694,0.12044371012598276,0.11976045835763216,0.12119809165596962,0.12458581943064928,0.12188454996794462,0.12247303314507008,0.12541760224848986,0.12207516469061375,0.12090103793889284,0.12228776700794697,0.12325215712189674,0.12480914779007435,0.12312886863946915,0.12202446442097425,0.1223911801353097,0.12493729777634144,0.12540604826062918,0.12456325814127922,0.1272655175998807,0.12914349976927042,0.12944300659000874,0.12894620653241873,0.1253576036542654,0.1286996230483055,0.1264632986858487,0.12763832695782185,0.12719235103577375,0.12832758389413357,0.12836363166570663,0.12863907124847174,0.1293072048574686,0.12405848689377308,0.12358522973954678,0.12299123033881187,0.12614307273179293,0.12829657085239887,0.12886003218591213,0.1278526969254017,0.12581859435886145,0.1292858999222517,0.12915075197815895,0.13100983202457428,0.13131431862711906,0.1277385577559471,0.12848049961030483,0.1296618264168501,0.13037983860288346
SGF_RFW_ST4L20,2,19,0.1259308854738871,0.1362852851549784,6.645765781402588,5.960615634918213,303.28482127189636,4738.825332373381,64,1920,7320,1140,25060,0,0,0.6926344335079193,0.7096494510769844,0.7194482982158661,0.7320989295840263,0.7288808152079582,0.7418878301978111,0.7294653058052063,0.7161374390125275,0.709377333521843,0.7106694728136063,0.7144516631960869,0.7246334850788116,0.7192533314228058,0.7155941128730774,0.7137579768896103,0.7154128775000572,0.7177335098385811,0.7136427760124207,0.7117987349629402,0.7125004306435585,0.7160318195819855,0.7127366587519646,0.7103107199072838,0.7140219509601593,0.7066824734210968,0.7088170722126961,0.7145352587103844,0.7078428715467453,0.7186701521277428,0.7169794589281082,0.7146285623311996,0.7199801728129387,0.7143824324011803,0.7133276537060738,0.7188681587576866,0.7222733199596405,0.7175719514489174,0.7085393145680428,0.709610290825367,0.7081032022833824,0.714149720966816,0.7130299583077431,0.7130819112062454,0.70905452221632,0.7073859423398972,0.7070479467511177,0.7126877307891846,0.7143700974328178,0.39795221760869026,0.39344504103064537,0.4019847922027111,0.4056556522846222,0.4208547808229923,0.40738392621278763,0.41067539155483246,0.4106454886496067,0.4097305126488209,0.414681363850832,0.4156469590961933,0.41351868584752083,0.4282234385609627,0.4053066186606884,0.40776337310671806,0.41971779987215996,0.41127872839570045,0.4160468578338623,0.42509813979268074,0.41063886880874634,0.40652893483638763,0.41195713356137276,0.41608577966690063,0.4122275784611702,0.42459172010421753,0.41782624274492264,0.41084667295217514,0.41933194547891617,0.4105057418346405,0.41166314855217934,0.41688061878085136,0.4230647087097168,0.4129873067140579,0.4151585102081299,0.4088497944176197,0.41744372621178627,0.41809866577386856,0.41368503868579865,0.4149211682379246,0.41692064329981804,0.4086706191301346,0.4180954806506634,0.41633936017751694,0.4231604300439358,0.43089038878679276,0.4268759824335575,0.4060860611498356,0.4079317195074899,0.11794515419751406,0.11888296436518431,0.11499078013002872,0.11582432501018047,0.1166284941136837,0.11660159379243851,0.11883409693837166,0.11919805500656366,0.1226193904876709,0.12273544911295176,0.12113463878631592,0.12437793146818876,0.12301346193999052,0.12610096018761396,0.1225229948759079,0.12265548668801785,0.12273849826306105,0.12393512763082981,0.12569394521415234,0.1251650732010603,0.12686206120997667,0.12399088311940432,0.12684453558176756,0.12884827237576246,0.12527294363826513,0.12286718748509884,0.12389254290610552,0.12235292047262192,0.12375250179320574,0.12264635227620602,0.12408067379146814,0.12304847780615091,0.12310708779841661,0.1226433701813221,0.12222818844020367,0.12204647529870272,0.1213451074436307,0.1236316142603755,0.12259627040475607,0.1224768403917551,0.12030528858304024,0.1204154072329402,0.11979486420750618,0.1201531058177352,0.1244337996467948,0.12585085816681385,0.12507484015077353,0.12563156123672212
SGF_RFW_ST4L20,3,19,0.1290830373764038,0.12456872065862024,5.008103370666504,4.2926435470581055,323.1162118911743,5048.690810799599,64,1920,7320,1140,25060,0,0,0.690510056912899,0.7107226178050041,0.7219412103295326,0.7281637415289879,0.7270093709230423,0.7092360109090805,0.6938165351748466,0.7017720341682434,0.7138534411787987,0.7192370519042015,0.717706024646759,0.7085798308253288,0.7076464295387268,0.7186718657612801,0.722368486225605,0.7132096737623215,0.700833797454834,0.6907817795872688,0.6869152411818504,0.6931922510266304,0.6967770457267761,0.6962314173579216,0.6971775069832802,0.6980927884578705,0.7010017409920692,0.6997017338871956,0.6991555541753769,0.7047662138938904,0.7090726345777512,0.7044542506337166,0.7111474573612213,0.7135917767882347,0.7100371643900871,0.7031145095825195,0.7020988389849663,0.7064640372991562,0.7051223069429398,0.6941227614879608,0.690025694668293,0.6958183646202087,0.7000413089990616,0.7007177174091339,0.700433574616909,0.6935832351446152,0.6904595866799355,0.6956676840782166,0.6997255310416222,0.6973681790488107,0.418599396944046,0.40231235325336456,0.3954955227673054,0.3913588523864746,0.3931577391922474,0.40699947625398636,0.41814252734184265,0.4100736230611801,0.40285229682922363,0.40046508982777596,0.40226882696151733,0.41471439972519875,0.4184330701828003,0.4052209369838238,0.39502016082406044,0.4061073698103428,0.4141727276146412,0.4260855130851269,0.4274684526026249,0.42424042895436287,0.4192851781845093,0.4219253957271576,0.41945674270391464,0.42344124987721443,0.4209425821900368,0.42267051711678505,0.421420406550169,0.417287178337574,0.416071992367506,0.41322943195700645,0.4097289890050888,0.4114421531558037,0.4119943454861641,0.42061779648065567,0.4177453815937042,0.4150692746043205,0.4138164669275284,0.42006584256887436,0.42659908905625343,0.42471007257699966,0.42177142575383186,0.41919008642435074,0.4189775288105011,0.42428478226065636,0.4260091334581375,0.4200439788401127,0.41435933485627174,0.4175058347838266,0.10389371030032635,0.10702984780073166,0.10855740122497082,0.10961932688951492,0.10830424726009369,0.10737939737737179,0.10852713603526354,0.10913003236055374,0.10864393971860409,0.10736259911209345,0.10535156633704901,0.10862992238253355,0.10749941971153021,0.10793823283165693,0.10945102851837873,0.11081087589263916,0.11210284288972616,0.11555930878967047,0.11384302098304033,0.11113986559212208,0.1110134907066822,0.1102098124101758,0.11001726053655148,0.11154926847666502,0.1112385829910636,0.11081040650606155,0.11057036276906729,0.11031062342226505,0.11071063205599785,0.10905861482024193,0.10828664060682058,0.1087242653593421,0.10917274281382561,0.11151388566941023,0.1108204685151577,0.11044572852551937,0.10933385882526636,0.11208622623234987,0.1114575918763876,0.10907168872654438,0.11166698671877384,0.11365871224552393,0.11196710634976625,0.11090377997606993,0.11063344031572342,0.1119422847405076,0.11246754601597786,0.11092852801084518
SGF_RFW_ST4L20_PA,0,0,0.09358656406402588,0.12287992238998413,7.208403587341309,9.468655586242676,304.71168994903564,4761.120155453682,64,1920,7320,1140,25060,1140,0,0.4807433858513832,0.497085589915514,0.5039792135357857,0.5055680423974991,0.4964146465063095,0.49321528896689415,0.4844251833856106,0.46595461666584015,0.46401308849453926,0.4673735275864601,0.4582882598042488,0.4645789824426174,0.4738212302327156,0.49535534903407097,0.5055945813655853,0.5139490738511086,0.5213828459382057,0.5116314738988876,0.5029643140733242,0.513093963265419,0.5101071856915951,0.5017059966921806,0.4980878196656704,0.48703496530652046,0.4926755614578724,0.5109208300709724,0.5186111107468605,0.5161967128515244,0.4942033290863037,0.49041585251688957,0.4930286295711994,0.49447299540042877,0.4973820671439171,0.4952271282672882,0.49541619792580605,0.48592422157526016,0.49428945779800415,0.5060943067073822,0.5083376839756966,0.5037759765982628,0.5065326616168022,0.5044069886207581,0.49478133395314217,0.490390308201313,0.49623898044228554,0.502177070826292,0.5119323581457138,0.5047265120915004,0.40787963941693306,0.40990445390343666,0.41350648552179337,0.4194754362106323,0.42779189348220825,0.42565206065773964,0.415907371789217,0.4251050166785717,0.4300287999212742,0.4338770657777786,0.4522033780813217,0.4403570666909218,0.4311150312423706,0.4199169799685478,0.4194752089679241,0.420916136354208,0.41148414835333824,0.4135434255003929,0.41766421496868134,0.4129861146211624,0.4293670393526554,0.43562769144773483,0.4377114847302437,0.4401823915541172,0.42837123572826385,0.41157471388578415,0.4096089005470276,0.4198925830423832,0.4401526227593422,0.4429241567850113,0.43521038442850113,0.4316643290221691,0.4283751770853996,0.4380970597267151,0.4374007433652878,0.44689546152949333,0.4453446939587593,0.4331742860376835,0.4300430938601494,0.4350273385643959,0.4253332167863846,0.4208376556634903,0.42001400515437126,0.4273180328309536,0.4264717400074005,0.43329405412077904,0.43342771753668785,0.43792785491262165,0.1237485446035862,0.125828399322927,0.1267425585538149,0.12371408846229315,0.1237676553428173,0.1231188690289855,0.1222393186762929,0.12340053170919418,0.13212109822779894,0.14290772378444672,0.13864613883197308,0.1339532621204853,0.1352941058576107,0.12887104414403439,0.1259918948635459,0.12759213149547577,0.12816189136356115,0.12901757843792439,0.13075592182576656,0.13363060168921947,0.1377341765910387,0.13749888725578785,0.13223431818187237,0.12707697320729494,0.12193510588258505,0.1211137343198061,0.12173156533390284,0.1257688943296671,0.13026398234069347,0.12925622798502445,0.12589555326849222,0.1254518460482359,0.12510687578469515,0.12683424446731806,0.1292468961328268,0.13169970735907555,0.13034816458821297,0.13191905617713928,0.1297216061502695,0.1318481806665659,0.13337851129472256,0.1315564401447773,0.13475612364709377,0.1337004229426384,0.12945837061852217,0.1287846453487873,0.13075288757681847,0.13149133324623108
SGF_RFW_ST4L20_PA,1,0,0.13093225161234534,0.11853071053822839,8.685460090637207,8.044844627380371,303.5141453742981,4742.408521473408,64,1920,7320,1140,25060,1140,0,0.5359707176685333,0.5464284345507622,0.5590267404913902,0.5534414872527122,0.548053964972496,0.555973045527935,0.5645702630281448,0.5599357560276985,0.5537339970469475,0.5534615591168404,0.5512460768222809,0.54909947514534,0.5525675415992737,0.5456001535058022,0.5442600399255753,0.5403012335300446,0.5436123237013817,0.5501470416784286,0.5583220273256302,0.5613641664385796,0.5493002235889435,0.5489828959107399,0.547868937253952,0.5592642650008202,0.5533083006739616,0.5430050790309906,0.5393759533762932,0.5367234647274017,0.5344581007957458,0.5311918258666992,0.5450668632984161,0.5571685433387756,0.5605393946170807,0.5719740241765976,0.5557993054389954,0.5430746227502823,0.541892945766449,0.5424850732088089,0.559722863137722,0.5696748495101929,0.5597040429711342,0.5458563938736916,0.5373497307300568,0.5482463985681534,0.5602269396185875,0.5673200488090515,0.5661783292889595,0.5532584020069667,0.4037211984395981,0.40444158390164375,0.4079420007765293,0.4233221411705017,0.4251040890812874,0.414704367518425,0.4147382453083992,0.430401511490345,0.4489073418080807,0.4461958557367325,0.4368385039269924,0.43248797953128815,0.4254375398159027,0.43189283087849617,0.43590252473950386,0.44464148953557014,0.4325863905251026,0.43094130977988243,0.4199414774775505,0.42029963061213493,0.4241284541785717,0.42727330327033997,0.43083496391773224,0.4284990429878235,0.4419006146490574,0.45695189759135246,0.4605504386126995,0.4651423469185829,0.46220075339078903,0.4547501392662525,0.4407133124768734,0.4318276531994343,0.42364174127578735,0.42423128709197044,0.4342529959976673,0.43791787698864937,0.4385101869702339,0.4398219995200634,0.44591858237981796,0.44970062375068665,0.4492480978369713,0.45143797248601913,0.4502083584666252,0.4278345815837383,0.4145548641681671,0.4202278330922127,0.42837119847536087,0.43446905272347586,0.12070211675018072,0.12435539066791534,0.12602130509912968,0.12636799737811089,0.12646230682730675,0.12534495629370213,0.12475022859871387,0.12534963339567184,0.12629010993987322,0.12784073036164045,0.12351228296756744,0.11981820780783892,0.11776831187307835,0.11628473829478025,0.12207359541207552,0.1236263532191515,0.12578469794243574,0.1251329630613327,0.12075639981776476,0.11920839175581932,0.11912073660641909,0.12066648807376623,0.121214191429317,0.11753304395824671,0.11339453607797623,0.11366912629455328,0.11686228215694427,0.12246944103389978,0.12305112276226282,0.12278081197291613,0.11819263733923435,0.12297564186155796,0.12198131810873747,0.120854202657938,0.11869890615344048,0.11736509576439857,0.11582652293145657,0.11282596085220575,0.110911525785923,0.11292701493948698,0.11660205479711294,0.1189127042889595,0.12134146317839622,0.1233834307640791,0.1226259870454669,0.12028580345213413,0.11936722695827484,0.12185709391321455
SGF_RFW_ST4L20_PA,2,0,0.07326894998550415,0.09104390939076745,7.323452472686768,9.362213134765625,303.5938172340393,4743.653394281864,64,1920,7320,1140,25060,1140,0,0.5164181441068649,0.5378156453371048,0.5462825074791908,0.5499291270971298,0.5530268922448158,0.5481811761856079,0.5483899414539337,0.5481820628046989,0.5522672235965729,0.5543416142463684,0.546023853123188,0.5396436005830765,0.534412294626236,0.5301458239555359,0.5368111282587051,0.5459865629673004,0.547928974032402,0.5631414577364922,0.5573147907853127,0.5588192045688629,0.5607776790857315,0.548071525990963,0.5468713939189911,0.5500406920909882,0.5541101917624474,0.5487081333994865,0.5451322868466377,0.5442352145910263,0.5449022725224495,0.5390291586518288,0.5396585986018181,0.5463747680187225,0.5545329451560974,0.551480658352375,0.5572607815265656,0.5589222013950348,0.5498602539300919,0.5539787635207176,0.5562659874558449,0.5471651777625084,0.5422495901584625,0.547207348048687,0.5488694161176682,0.5537029281258583,0.5761532112956047,0.5911406725645065,0.5788040161132812,0.5697157297815595,0.4024047330021858,0.3895435780286789,0.37874265015125275,0.3637791909277439,0.34816210344433784,0.33772629871964455,0.3421661853790283,0.34811893105506897,0.3641003221273422,0.376261580735445,0.3748268522322178,0.37789054587483406,0.38178957253694534,0.3899153284728527,0.39086412638425827,0.3904285952448845,0.3777141273021698,0.37209754437208176,0.3807210400700569,0.3798784911632538,0.3783736377954483,0.3689277060329914,0.3688662461936474,0.3743230998516083,0.3916538842022419,0.3930479809641838,0.39621591195464134,0.39217081665992737,0.3908018320798874,0.39743081107735634,0.3818280026316643,0.3719395324587822,0.36713533103466034,0.372547872364521,0.3736494667828083,0.37610509619116783,0.37272967770695686,0.3671334721148014,0.37307852506637573,0.3730679526925087,0.3702007867395878,0.3631931319832802,0.3685573972761631,0.3699762597680092,0.3660723678767681,0.3688431978225708,0.39171696081757545,0.39334184357098173,0.11607913859188557,0.10699609760195017,0.1019013887271285,0.0965024558827281,0.09119660686701536,0.08817374985665083,0.08646254893392324,0.08236906118690968,0.07985490653663874,0.09835723508149385,0.10862717311829329,0.1101526590064168,0.1120606129989028,0.11459929868578911,0.1108532203361392,0.10953882243484259,0.09885111078619957,0.08867520652711391,0.07660213485360146,0.0741288959980011,0.07328356802463531,0.06975666433572769,0.066492835059762,0.07283304631710052,0.08415515441447496,0.09524917043745518,0.09997990168631077,0.10676968283951283,0.11011444684118032,0.11053698882460594,0.10656359046697617,0.09874710254371166,0.09341356717050076,0.09121289756149054,0.09361588209867477,0.09604078438133001,0.0971629898995161,0.10343439970165491,0.10751725733280182,0.10540758073329926,0.10618016961961985,0.10378661192953587,0.10133440513163805,0.09667736757546663,0.09023944567888975,0.08908165711909533,0.096265759319067,0.10093676831041064
SGF_RFW_ST4L20_PA,3,0,0.12503872315088904,0.13209293286005652,6.992395877838135,8.22983169555664,414.5791394710541,6477.79905423522,64,1920,7320,1140,25060,1140,0,0.5032158195972443,0.5340115502476692,0.5421939641237259,0.5475525259971619,0.5638967379927635,0.5676744356751442,0.556503139436245,0.5444341003894806,0.520583987236023,0.5164864361286163,0.5372723489999771,0.5392620265483856,0.5502273365855217,0.5453213527798653,0.5376246497035027,0.5475823283195496,0.5595623925328255,0.5655344650149345,0.5539922639727592,0.5457933992147446,0.5335117429494858,0.5289818495512009,0.5280274301767349,0.5153661817312241,0.5163441076874733,0.5266645029187202,0.5367948561906815,0.5388207212090492,0.5397483557462692,0.5442454367876053,0.5347805544734001,0.5211562514305115,0.5425281971693039,0.5493695959448814,0.5466022789478302,0.5385601967573166,0.5346095412969589,0.5441999137401581,0.5454660356044769,0.5495482832193375,0.5450177565217018,0.5444890037178993,0.5346636176109314,0.5243334770202637,0.5292279198765755,0.5321949645876884,0.5315741449594498,0.5350733058793204,0.4076487720012665,0.39423495158553123,0.3926396779716015,0.3938777223229408,0.38805463537573814,0.3810952305793762,0.3880819082260132,0.3994719684123993,0.418921384960413,0.441122081130743,0.4167793169617653,0.40338750183582306,0.3901052437722683,0.4034435376524925,0.41986290365457535,0.4163193181157112,0.39657965674996376,0.38309891521930695,0.3832358829677105,0.38662176579236984,0.40765688568353653,0.4331474155187607,0.44281838089227676,0.44856683537364006,0.4400950260460377,0.4253865256905556,0.4086482413113117,0.40523211658000946,0.4003116674721241,0.3907814100384712,0.39961300790309906,0.43115849792957306,0.41525694355368614,0.4167349301278591,0.4184364937245846,0.4179185889661312,0.4228937402367592,0.4063541367650032,0.4007483646273613,0.40139317512512207,0.4071972370147705,0.40452033281326294,0.4133027754724026,0.4201887175440788,0.40651068463921547,0.40712081640958786,0.40832292288541794,0.41502866574696134,0.1095230933278799,0.10521457344293594,0.10363130178302526,0.10436141770333052,0.10413980670273304,0.10234005097299814,0.1016816720366478,0.10397631768137217,0.10964220482856035,0.11333835124969482,0.11610946524888277,0.11167119536548853,0.10481882560998201,0.10284375865012407,0.10219632182270288,0.1057745898142457,0.10696978401392698,0.10644561052322388,0.10657967254519463,0.10708114504814148,0.11088874842971563,0.1127632511779666,0.11475486215204,0.11622519139200449,0.11489623319357634,0.1138846455141902,0.10922922939062119,0.10702241770923138,0.10690820124000311,0.10693804081529379,0.1109723225235939,0.11529550235718489,0.1122807590290904,0.10969331860542297,0.10932328179478645,0.1100794980302453,0.11206503491848707,0.10711628384888172,0.10079070646315813,0.09729862120002508,0.10205438919365406,0.10698211845010519,0.11126712709665298,0.11041211616247892,0.10788525734096766,0.10675348807126284,0.10912134684622288,0.11052120476961136
SGF_RFW_ST4L20_PA,0,1,0.23317404588063562,0.29303150375684106,7.800679683685303,9.685661315917969,303.94107604026794,4749.079313129187,64,1920,7320,1140,25060,1140,0,0.4396440275013447,0.49055755138397217,0.5201392322778702,0.5314926654100418,0.5413695052266121,0.5488620698451996,0.5223024785518646,0.505836546421051,0.5176383778452873,0.5234023481607437,0.5398784950375557,0.5334086939692497,0.49798785522580147,0.47193942964076996,0.48261161893606186,0.4920097142457962,0.5011055506765842,0.49744315072894096,0.5072737447917461,0.519882433116436,0.5294555574655533,0.5258252583444118,0.49166934937238693,0.5023560486733913,0.5084533616900444,0.4925270155072212,0.5047705993056297,0.5368595793843269,0.539707712829113,0.5256352499127388,0.5307819172739983,0.5078596100211143,0.49786797538399696,0.49355466663837433,0.47048864141106606,0.4749389886856079,0.5015626698732376,0.5278602242469788,0.5241683274507523,0.5292652398347855,0.5236632525920868,0.5240131616592407,0.5322319120168686,0.5220219418406487,0.5041518881917,0.5116385333240032,0.5314375460147858,0.5448269418307713,0.41284916922450066,0.3688002713024616,0.3473624363541603,0.33270828798413277,0.32175958156585693,0.3198421336710453,0.34200070798397064,0.3564392440021038,0.35634973645210266,0.3512842357158661,0.34455281868577003,0.3522205166518688,0.3895222209393978,0.4090449623763561,0.3983191028237343,0.3934726193547249,0.3790784776210785,0.38624951243400574,0.377343375235796,0.3645515814423561,0.3530884459614754,0.35944054275751114,0.3880985267460346,0.3899911381304264,0.384289275854826,0.38856664299964905,0.3740656301379204,0.34473850578069687,0.34725139662623405,0.35755789279937744,0.35059602558612823,0.3727918341755867,0.3831886537373066,0.3937547095119953,0.4088020473718643,0.4173959754407406,0.3964043967425823,0.36703428998589516,0.3655165061354637,0.3526028282940388,0.35960763320326805,0.35807762667536736,0.35133829712867737,0.3557017333805561,0.37626397237181664,0.37043216079473495,0.35506467893719673,0.34871341926710947,0.11689608078449965,0.12184727471321821,0.12237138394266367,0.11859798803925514,0.12553185317665339,0.12649400811642408,0.12298030778765678,0.12336725927889347,0.12758371978998184,0.12498228251934052,0.12613005377352238,0.12337069865316153,0.12543709110468626,0.12981418520212173,0.12673999276012182,0.1284330077469349,0.12448558118194342,0.12725423276424408,0.12372228316962719,0.12116617430001497,0.12027862388640642,0.12518131639808416,0.12285337597131729,0.12675484456121922,0.12260297406464815,0.12152573838829994,0.11878752056509256,0.11128737963736057,0.1180925453081727,0.12444560043513775,0.12673524860292673,0.12610134482383728,0.12655822467058897,0.12777359131723642,0.12820661533623934,0.12463971972465515,0.12480295542627573,0.12437538802623749,0.1183337401598692,0.11504675727337599,0.11965210922062397,0.12072937190532684,0.11448445916175842,0.1234210804104805,0.13187513314187527,0.13009782880544662,0.12686086259782314,0.12226812967232295
SGF_RFW_ST4L20_PA,1,1,0.31490455071131385,0.26348004738489783,8.370924949645996,10.486462593078613,303.4799144268036,4741.873662918806,64,1920,7320,1140,25060,1140,0,0.4330584965646267,0.4957451596856117,0.5127226188778877,0.5359876379370689,0.5331143140792847,0.5469145998358727,0.5245986506342888,0.48577989637851715,0.4599979408085346,0.4592399597167969,0.4370398670434952,0.44873207807540894,0.46883341297507286,0.462275393307209,0.4493766538798809,0.42997031286358833,0.44304147362709045,0.43701718747615814,0.4367544613778591,0.4610109366476536,0.4728030487895012,0.47133273631334305,0.45211341604590416,0.4603935517370701,0.46824659779667854,0.4667513370513916,0.46611256152391434,0.4771321527659893,0.4859079234302044,0.49460187554359436,0.5189418643712997,0.5235245302319527,0.5010979361832142,0.4779084175825119,0.47761886939406395,0.47059082612395287,0.46603818982839584,0.46505389362573624,0.44723891466856003,0.42577579990029335,0.39869094640016556,0.38377319276332855,0.3799719363451004,0.4204721301794052,0.46942606568336487,0.49760298803448677,0.5041729919612408,0.4964248410293034,0.38371719792485237,0.34260809794068336,0.35008375346660614,0.3219447620213032,0.3036145567893982,0.2876567952334881,0.2878136597573757,0.31949155032634735,0.35377955436706543,0.37343332171440125,0.39146142825484276,0.3713959865272045,0.35106347873806953,0.3610478863120079,0.37374043464660645,0.3935471139848232,0.3855704143643379,0.38819538429379463,0.3989641107618809,0.3733086511492729,0.35377200320363045,0.36490433663129807,0.37508493661880493,0.36618660762906075,0.34982940927147865,0.3567720092833042,0.3592215068638325,0.34982967749238014,0.33260228857398033,0.33016953617334366,0.3132258839905262,0.3025326021015644,0.3295493796467781,0.3465025909245014,0.3420407213270664,0.35222675278782845,0.35328682512044907,0.36213982477784157,0.37919456139206886,0.3981276713311672,0.41631245240569115,0.43209150433540344,0.43561017140746117,0.40724145993590355,0.37049949914216995,0.33322135731577873,0.33100350573658943,0.3320695289543697,0.13832962885499,0.1383411604911089,0.14181743003427982,0.12834646925330162,0.12162497825920582,0.12151626870036125,0.11720395274460316,0.11795930936932564,0.12306719738990068,0.12749465554952621,0.13570117764174938,0.13971612975001335,0.1418747678399086,0.14734547957777977,0.1480486746877432,0.15574424341320992,0.15672284737229347,0.15276203863322735,0.15178793296217918,0.14302960969507694,0.13775058649480343,0.13967642188072205,0.1415906846523285,0.14114108122885227,0.1426467727869749,0.1453410256654024,0.14654690586030483,0.14770092256367207,0.14707043580710888,0.1458073128014803,0.14670144394040108,0.14603314362466335,0.14929898083209991,0.149189043790102,0.15395550802350044,0.14904806204140186,0.14519205316901207,0.1424361877143383,0.14570948295295238,0.14937617257237434,0.15624001063406467,0.15917418710887432,0.15645296312868595,0.14902744814753532,0.1427625548094511,0.1371458414942026,0.1434537824243307,0.1434992253780365
SGF_RFW_ST4L20_PA,2,1,0.20746789375940955,0.23240975538889563,8.007509231567383,7.673225402832031,303.24829387664795,4738.254591822624,64,1920,7320,1140,25060,1140,0,0.34722403064370155,0.3451791815459728,0.34506113454699516,0.33634859323501587,0.3377874307334423,0.3331116586923599,0.3311331085860729,0.3255038931965828,0.3243819549679756,0.3194240480661392,0.31638219207525253,0.32526106014847755,0.32784998044371605,0.32555248215794563,0.3251343294978142,0.33630256727337837,0.3462194614112377,0.3518037088215351,0.345467709004879,0.34200870245695114,0.3451954014599323,0.3343784026801586,0.32326896861195564,0.32541966065764427,0.32422515749931335,0.33310603350400925,0.33418596908450127,0.3199736289680004,0.3172200843691826,0.3169471472501755,0.3175792582333088,0.32480892539024353,0.32385698333382607,0.32317154854536057,0.32056208699941635,0.3188233710825443,0.3171814978122711,0.3236146681010723,0.32425733283162117,0.3204735964536667,0.32034989446401596,0.32977744564414024,0.34044887125492096,0.34795236960053444,0.3492736779153347,0.34693286940455437,0.33874231204390526,0.3432968556880951,0.5137399062514305,0.5191916152834892,0.5165588408708572,0.524617075920105,0.5185980424284935,0.5137352645397186,0.5138663053512573,0.5225831344723701,0.5280730798840523,0.5419727489352226,0.5411643013358116,0.5306535437703133,0.5286071747541428,0.5280908420681953,0.5254164263606071,0.5186636447906494,0.510742723941803,0.5111422315239906,0.5139016956090927,0.5097752064466476,0.5099786147475243,0.5197660103440285,0.5324626713991165,0.5347622632980347,0.5359081476926804,0.5302804484963417,0.5317635089159012,0.5399787053465843,0.5392995849251747,0.5311276316642761,0.5321425646543503,0.529806837439537,0.5315960943698883,0.5325949117541313,0.5344875976443291,0.5359362065792084,0.5350770130753517,0.5249903202056885,0.5304704904556274,0.5336883813142776,0.533113531768322,0.5236592516303062,0.5212380066514015,0.5120766833424568,0.5098950564861298,0.5071600079536438,0.5205819755792618,0.5216371757643563,0.09701295290142298,0.10075156856328249,0.10352510120719671,0.1079104533419013,0.11112809740006924,0.11296951305121183,0.11439057718962431,0.11130240559577942,0.11000037379562855,0.10803440771996975,0.11002972535789013,0.11092257313430309,0.11086253076791763,0.11097585689276457,0.10976494383066893,0.10639702249318361,0.1040366031229496,0.10124857537448406,0.10166626423597336,0.10143623873591423,0.09985449071973562,0.1011998699977994,0.10683915391564369,0.10828718543052673,0.1077805133536458,0.10613258089870214,0.10782356280833483,0.11133479792624712,0.11111773457378149,0.11265083029866219,0.11455375421792269,0.11604883894324303,0.11375660542398691,0.11455310136079788,0.11678711418062449,0.11627781577408314,0.11906234454363585,0.11666645389050245,0.11312160920351744,0.11279620788991451,0.11345937103033066,0.11234208941459656,0.11073136422783136,0.10573593992739916,0.10068236663937569,0.09840927179902792,0.10232429206371307,0.10379141994885036
SGF_RFW_ST4L20_PA,3,1,0.25994980335235596,0.050117234388987186,7.508538246154785,8.911860466003418,542.5022089481354,8476.597014814615,64,1920,7320,1140,25060,1140,0,0.41226726770401,0.4044409729540348,0.3786872923374176,0.381155788898468,0.37715375050902367,0.38884710520505905,0.4077550917863846,0.3957678861916065,0.39674660190939903,0.39321155473589897,0.3862394019961357,0.372681088745594,0.38243062049150467,0.38985956460237503,0.38225798681378365,0.38886459544301033,0.41161010041832924,0.43130141869187355,0.4404941610991955,0.45867282152175903,0.4520779252052307,0.4510083571076393,0.4468168281018734,0.46551690250635147,0.4615999273955822,0.4382544085383415,0.45131686702370644,0.46947717294096947,0.4753878153860569,0.4675995595753193,0.44925983995199203,0.42289238795638084,0.4246368184685707,0.4729491099715233,0.4657623954117298,0.4549299329519272,0.437327291816473,0.4469863921403885,0.44891849160194397,0.4495891183614731,0.4372403770685196,0.43159474432468414,0.42788226529955864,0.4205753058195114,0.4127850905060768,0.42306919023394585,0.42626800015568733,0.4205550593989236,0.45810603722929955,0.48469606041908264,0.5160811096429825,0.5141174644231796,0.521564394235611,0.5056391321122646,0.478061780333519,0.49312273412942886,0.4941476173698902,0.49779945611953735,0.5020190961658955,0.5276901125907898,0.5043316297233105,0.49949339032173157,0.4951714985072613,0.4854862913489342,0.4846737012267113,0.46989326924085617,0.4565645419061184,0.42919521406292915,0.4266327768564224,0.4310191012918949,0.43606968596577644,0.4242084324359894,0.4322054460644722,0.45336543396115303,0.4443272612988949,0.4184555336833,0.4047788307070732,0.41981010138988495,0.43365683034062386,0.4328882172703743,0.43132592365145683,0.41598380357027054,0.42455459386110306,0.4409258998930454,0.45876191928982735,0.4435543082654476,0.4437735974788666,0.43433550372719765,0.4483836181461811,0.46250663325190544,0.4734525978565216,0.4587322361767292,0.46218275651335716,0.4509861208498478,0.4438248798251152,0.44686555010931833,0.11799447424709797,0.1298224339261651,0.13927216827869415,0.1419233400374651,0.13993776962161064,0.1338480468839407,0.12880579009652138,0.1367847453802824,0.1354042999446392,0.13495266437530518,0.13280127756297588,0.13986610621213913,0.1290366481989622,0.1294915024191141,0.13334134221076965,0.13582242093980312,0.13581330887973309,0.12353846617043018,0.11590550187975168,0.10592024493962526,0.09778803773224354,0.09800300933420658,0.10360764805227518,0.10101345553994179,0.0978206004947424,0.11039310973137617,0.11991266719996929,0.11408745869994164,0.10449727438390255,0.10079994518309832,0.11172638460993767,0.12413754779845476,0.12721130531281233,0.11158599145710468,0.1101606609299779,0.12260876316577196,0.1281941719353199,0.12429019529372454,0.12355951778590679,0.1226740712299943,0.12691064830869436,0.1297555025666952,0.1317492127418518,0.13109315559267998,0.12830894719809294,0.12137978337705135,0.11810440290719271,0.11683424242905208
SGF_RFW_ST4L20_PA,0,2,0.13238108158111572,0.1553634603818258,6.546689510345459,5.348791122436523,303.91542387008667,4748.678497970104,64,1920,7320,1140,25060,1140,0,0.4822467863559723,0.5171927064657211,0.5257414132356644,0.5186700597405434,0.5328411981463432,0.5470036044716835,0.5467111766338348,0.5773757100105286,0.6084275022149086,0.5846348628401756,0.5463568940758705,0.5296732783317566,0.5184092223644257,0.5273390039801598,0.5390519574284554,0.5363162010908127,0.5210589095950127,0.5103537067770958,0.5085575059056282,0.5053014233708382,0.5100238397717476,0.493431881070137,0.47341636195778847,0.4509508013725281,0.43414606153964996,0.4348438233137131,0.427230779081583,0.4275147505104542,0.43337955325841904,0.500367745757103,0.5053551122546196,0.511422872543335,0.5145331546664238,0.5034569315612316,0.4969536028802395,0.4920133128762245,0.49337388202548027,0.5029248259961605,0.5081552937626839,0.5082239359617233,0.49799811467528343,0.497156273573637,0.5053319036960602,0.5005855411291122,0.4930105023086071,0.49498096108436584,0.5054183825850487,0.4966117867401668,0.37063951045274734,0.37682802975177765,0.38440797477960587,0.38832464069128036,0.37477901205420494,0.367549542337656,0.3682279549539089,0.35755128785967827,0.33855316042900085,0.3501920886337757,0.3729388900101185,0.37582875043153763,0.38280676677823067,0.38004792109131813,0.37954216450452805,0.38986219465732574,0.40251247957348824,0.40891264006495476,0.4043960012495518,0.3955761454999447,0.3895484395325184,0.41318247467279434,0.4359568767249584,0.45534152537584305,0.4630390927195549,0.4535469636321068,0.44220544397830963,0.4446876086294651,0.4425494968891144,0.3740179240703583,0.36863648891448975,0.37228265032172203,0.37975844740867615,0.3924621641635895,0.38837311044335365,0.39008259400725365,0.3863215297460556,0.3799835704267025,0.3792891539633274,0.3798425570130348,0.38350075483322144,0.37811923399567604,0.37369174137711525,0.38042138516902924,0.38247424736618996,0.37756169587373734,0.37933988124132156,0.3888214443411146,0.0863622184842825,0.08120235614478588,0.07483517378568649,0.07614646013826132,0.07729496713727713,0.07744204439222813,0.07415652181953192,0.0700157443061471,0.06744080502539873,0.06952883489429951,0.07325246371328831,0.07008004747331142,0.07887692656368017,0.08300887420773506,0.08359767682850361,0.08382643479853868,0.08415034972131252,0.0858786953613162,0.08273715153336525,0.07655548397451639,0.07793072424829006,0.08099545072764158,0.07983184233307838,0.08095934521406889,0.08153924625366926,0.0872404184192419,0.08840772695839405,0.08365918882191181,0.08031643554568291,0.07902365271002054,0.08091874048113823,0.0840346347540617,0.08378926943987608,0.08258913736790419,0.08233068883419037,0.08611149620264769,0.0864533307030797,0.08273380529135466,0.08115873113274574,0.08103368058800697,0.08543372713029385,0.08803178556263447,0.08667564392089844,0.08582085464149714,0.08796301111578941,0.08628966379910707,0.08389555476605892,0.08437488760266985
SGF_RFW_ST4L20_PA,1,2,0.12405637900034583,0.1365896463394165,4.534806251525879,3.6196017265319824,303.42863392829895,4741.072405129671,64,1920,7320,1140,25060,1140,0,0.47473257407546043,0.4853705056011677,0.4904237873852253,0.49322616681456566,0.4864669144153595,0.47482458874583244,0.48044246807694435,0.4790220148861408,0.4792782925069332,0.4781210534274578,0.48123254626989365,0.48166125267744064,0.4792656973004341,0.48365767300128937,0.48519571125507355,0.4814496077597141,0.47771454975008965,0.4760542996227741,0.48039474338293076,0.4801345132291317,0.4814514331519604,0.4845432862639427,0.4820246174931526,0.4812734089791775,0.48279833421111107,0.48308201134204865,0.48367103934288025,0.48676909878849983,0.4852845035493374,0.48187700659036636,0.4857172481715679,0.482855711132288,0.4860677197575569,0.48934292420744896,0.48981156945228577,0.48976829648017883,0.49039462953805923,0.4852874055504799,0.48570676520466805,0.4836784414947033,0.4828433729708195,0.48300790414214134,0.48788123205304146,0.49192287027835846,0.4872421845793724,0.48573238030076027,0.4834858402609825,0.4769039579800197,0.37011201307177544,0.3720025159418583,0.37113694101572037,0.36413246765732765,0.3709435649216175,0.3664255328476429,0.3708040118217468,0.37462787702679634,0.3780405931174755,0.3774109557271004,0.37525810301303864,0.37679824233055115,0.37477779015898705,0.37476130202412605,0.37127865478396416,0.3756387494504452,0.37617576122283936,0.37646305188536644,0.3748335503041744,0.3793603852391243,0.3773730956017971,0.3723174184560776,0.3770560920238495,0.38034340739250183,0.3751177377998829,0.37001386657357216,0.3708127550780773,0.37284523248672485,0.3746310919523239,0.3808252401649952,0.37802180647850037,0.3740559220314026,0.3665207363665104,0.3648333363234997,0.36778223887085915,0.3706253841519356,0.37229951098561287,0.37683072686195374,0.37485648691654205,0.37565841525793076,0.37458837404847145,0.3769688084721565,0.3729397729039192,0.36933086439967155,0.3726329617202282,0.3707624450325966,0.37215573713183403,0.374570974281856,0.06200268445536494,0.061984098982065916,0.062052208464592695,0.057912314776331186,0.054068407509475946,0.051124667283147573,0.05554578639566898,0.05790547840297222,0.05950023327022791,0.059973813127726316,0.06091416859999299,0.06070464616641402,0.06128021888434887,0.061041554901748896,0.060630281921476126,0.06130426796153188,0.05941386893391609,0.06171629158779979,0.061942382249981165,0.0612206170335412,0.06011613039299846,0.06089689023792744,0.06076150294393301,0.06088126450777054,0.06099452916532755,0.06060737790539861,0.06039305869489908,0.060686687938869,0.059754577931016684,0.059710605535656214,0.06031263433396816,0.0610936745069921,0.06039944104850292,0.061609258875250816,0.061191126704216,0.062386348843574524,0.06084000179544091,0.06125791044905782,0.06066090567037463,0.057728095911443233,0.0566558251157403,0.06022865045815706,0.06007391307502985,0.060900754760950804,0.06149554578587413,0.061351940501481295,0.06126792449504137,0.061552517116069794
SGF_RFW_ST4L20_PA,2,2,0.10770211617151892,0.15864119927088416,6.092932224273682,3.999969005584717,303.2966103553772,4739.009536802769,64,1920,7320,1140,25060,1140,0,0.588319294154644,0.5717996209859848,0.5904882475733757,0.6164474859833717,0.6312159225344658,0.6429260969161987,0.6006476506590843,0.6051435768604279,0.6069647818803787,0.5910842940211296,0.5904485359787941,0.5906166508793831,0.591645672917366,0.5879871696233749,0.5802095979452133,0.5904197171330452,0.597462959587574,0.5897721573710442,0.5858521461486816,0.5866224318742752,0.5879010334610939,0.5891262963414192,0.5871032029390335,0.5827578529715538,0.5844549909234047,0.5955803915858269,0.601912222802639,0.6082109063863754,0.5979815274477005,0.5907138288021088,0.5864550322294235,0.5970088690519333,0.6088179349899292,0.6000233814120293,0.5882603079080582,0.5825172364711761,0.5868879109621048,0.5901991352438927,0.5885466784238815,0.5885199531912804,0.5931226909160614,0.5867506116628647,0.591068759560585,0.585004173219204,0.5856421813368797,0.5947829335927963,0.5903946831822395,0.5858719944953918,0.3599928244948387,0.36692408099770546,0.36917534843087196,0.3680165410041809,0.3710029907524586,0.3629409670829773,0.3497740849852562,0.3591620847582817,0.37349533289670944,0.3721868395805359,0.37520668283104897,0.3724777474999428,0.3623523525893688,0.3584977313876152,0.35706573724746704,0.3588000126183033,0.35664259269833565,0.35805608332157135,0.36294839158654213,0.3717556782066822,0.37394554913043976,0.36434684321284294,0.3564728982746601,0.3577658459544182,0.36661527305841446,0.3719608671963215,0.3689529709517956,0.362711600959301,0.3563759997487068,0.3606712557375431,0.36437683925032616,0.36924203112721443,0.3687554784119129,0.360242273658514,0.36126960068941116,0.362352155148983,0.3663736805319786,0.3647173121571541,0.35938165336847305,0.3599259592592716,0.3628501445055008,0.36375395953655243,0.3634071722626686,0.3631814084947109,0.3625704124569893,0.3579687066376209,0.3578001782298088,0.3571186789444515,0.06132088880985975,0.058046390768140554,0.06128354091197252,0.0652896398678422,0.0670938529074192,0.060799018014222383,0.05527973873540759,0.06284219212830067,0.0636726045049727,0.05972863035276532,0.059954944998025894,0.05970233166590333,0.06284441845491529,0.06380143668502569,0.06208590790629387,0.05874914629384875,0.05829197308048606,0.05693525401875377,0.05902363918721676,0.05890887835994363,0.060065147932618856,0.05976468790322542,0.06181983416900039,0.06037896452471614,0.0591472527012229,0.05858843168243766,0.05915246717631817,0.05752484081313014,0.05584861245006323,0.06131719145923853,0.059812333434820175,0.06048104539513588,0.059737397357821465,0.055448866449296474,0.06009184755384922,0.05875750491395593,0.05952453054487705,0.06071510352194309,0.06004290468990803,0.06189183471724391,0.06232223892584443,0.05923749366775155,0.06250812206417322,0.06013598432764411,0.05974750220775604,0.06279251957312226,0.06349708512425423,0.06251219393951553
SGF_RFW_ST4L20_PA,3,2,0.1181146502494812,0.13552117347717285,5.440584659576416,4.3542962074279785,303.4986021518707,4742.16565862298,64,1920,7320,1140,25060,1140,0,0.5853816792368889,0.5799821019172668,0.5796022713184357,0.5778904780745506,0.5776124522089958,0.5802383571863174,0.5852104797959328,0.5994357988238335,0.5952424556016922,0.5919952169060707,0.5950627699494362,0.5961465016007423,0.6005120053887367,0.60077153891325,0.6007996574044228,0.6006223410367966,0.6010884866118431,0.6025518625974655,0.5971416756510735,0.5974103733897209,0.5964711084961891,0.5981738418340683,0.5949482619762421,0.5902913883328438,0.5974851548671722,0.6021159738302231,0.6036620661616325,0.5966355428099632,0.5926048681139946,0.5963999330997467,0.6007220894098282,0.5979094058275223,0.596634179353714,0.6052728816866875,0.6058437898755074,0.6057918220758438,0.6035596951842308,0.6027771830558777,0.5976182222366333,0.5952577143907547,0.5961115881800652,0.5965296998620033,0.6009549796581268,0.6039306744933128,0.5959372594952583,0.5872732400894165,0.5837866589426994,0.5836962546621051,0.4579705558717251,0.4708581268787384,0.4822053983807564,0.488979309797287,0.4873120039701462,0.4791298918426037,0.455542653799057,0.46175776422023773,0.4727167449891567,0.47907260060310364,0.469452828168869,0.4625440128147602,0.45451631769537926,0.4481018967926502,0.45026107132434845,0.4562852568924427,0.45775656029582024,0.45660654082894325,0.4627733714878559,0.46506333351135254,0.46591031178832054,0.46577882766723633,0.46525583043694496,0.4658152759075165,0.46014558896422386,0.4542017728090286,0.45853134244680405,0.4656687416136265,0.4620719775557518,0.4617844745516777,0.4608455076813698,0.45889991521835327,0.4574320577085018,0.45303211361169815,0.45478757470846176,0.4607946537435055,0.46364516019821167,0.46284426376223564,0.4643540680408478,0.45911092311143875,0.46086668968200684,0.4619348645210266,0.4573317691683769,0.45772988721728325,0.4624919556081295,0.46428360417485237,0.45859165117144585,0.45622827325548443,0.06834276393055916,0.07125643454492092,0.07268245331943035,0.07585545163601637,0.07795964553952217,0.07220049295574427,0.06634019315242767,0.07041700650006533,0.07232270203530788,0.07241520471870899,0.07131171319633722,0.07196549884974957,0.07107316888868809,0.07091435603797436,0.07103142328560352,0.07368548586964607,0.07347789499908686,0.06763583328574896,0.0674353176727891,0.06975140608847141,0.07213110104203224,0.07313001994043589,0.07335201930254698,0.07290702871978283,0.06961981020867825,0.0680267158895731,0.06951996963471174,0.07140667177736759,0.07175149954855442,0.07279302179813385,0.07234939746558666,0.07122358493506908,0.07176872529089451,0.07377523649483919,0.07658872473984957,0.079653175547719,0.07811574265360832,0.07594021689146757,0.07356406934559345,0.07260357961058617,0.07326085772365332,0.07412674278020859,0.07401279080659151,0.07427368685603142,0.07422552537173033,0.07703044079244137,0.08002141024917364,0.07959033335958209
SGF_RFW_ST4L20_PA,0,3,0.07527434825897217,0.09366073211034143,9.535672187805176,8.561367988586426,303.9757294654846,4749.620772898197,64,1920,7320,1140,25060,1140,0,0.6264056786894798,0.6366164237260818,0.6333324983716011,0.6265794858336449,0.6121304854750633,0.6145850494503975,0.6195718944072723,0.6122274845838547,0.601114384829998,0.583448626101017,0.5720269232988358,0.5665205419063568,0.5553815811872482,0.5397771596908569,0.5235611200332642,0.5041037313640118,0.49101654067635536,0.4628350995481014,0.45122361555695534,0.4573545791208744,0.4652550593018532,0.4882649816572666,0.4972599670290947,0.5071866512298584,0.5295966863632202,0.5466070175170898,0.5526036098599434,0.5432115197181702,0.5408280417323112,0.5400631949305534,0.5467703491449356,0.5499112606048584,0.5601477771997452,0.5635294020175934,0.5548264011740685,0.5458268225193024,0.5396058484911919,0.5477782264351845,0.5596739426255226,0.5545016899704933,0.555326335132122,0.5579173564910889,0.5614186897873878,0.5702713131904602,0.5787607058882713,0.5788827985525131,0.5706485584378242,0.5647139378956386,0.33323901891708374,0.337122168391943,0.340439110994339,0.33566804230213165,0.3408542573451996,0.335178017616272,0.33816856145858765,0.35249849408864975,0.36724554374814034,0.38054415956139565,0.3839001730084419,0.3792116567492485,0.3823690190911293,0.3829726576805115,0.393959142267704,0.41326598450541496,0.4269512705504894,0.4445510506629944,0.45301203429698944,0.44421976059675217,0.42297549545764923,0.40749670937657356,0.40451011806726456,0.3988511711359024,0.38860924169421196,0.3764338232576847,0.3680061176419258,0.3640953078866005,0.3629786856472492,0.36413007974624634,0.3586985692381859,0.35958530008792877,0.3547941893339157,0.3527470678091049,0.3558153882622719,0.35791150107979774,0.35510117933154106,0.35293638706207275,0.35484619811177254,0.3649172708392143,0.3697221279144287,0.37077808380126953,0.36127177253365517,0.3454412929713726,0.33033274859189987,0.3406360149383545,0.3532883785665035,0.36229837366512846,0.12278250139206648,0.12576100509613752,0.1265037963166833,0.1304965503513813,0.13342328555881977,0.13561469689011574,0.13769214786589146,0.13790471851825714,0.13743738271296024,0.13026773557066917,0.1360443215817213,0.14237399585545063,0.1414548773318529,0.1429231595247984,0.14441991038620472,0.14789915643632412,0.1484676618129015,0.15443392656743526,0.15669574961066246,0.14671846106648445,0.14504623971879482,0.14895645901560783,0.15538094006478786,0.15624714829027653,0.1533322874456644,0.14879070781171322,0.1458573341369629,0.14875803515315056,0.1497647948563099,0.1450868733227253,0.14176088757812977,0.14212656766176224,0.14157240092754364,0.14391086250543594,0.13975906372070312,0.1411722842603922,0.14160610176622868,0.14014749974012375,0.13725505582988262,0.13808662071824074,0.13969343341886997,0.14029012247920036,0.13374444842338562,0.1283281147480011,0.12684273533523083,0.1293651945888996,0.13880379311740398,0.13918575644493103
SGF_RFW_ST4L20_PA,1,3,0.09825307130813599,0.09064191579818726,8.191428184509277,9.145259857177734,303.36059308052063,4740.009266883135,64,1920,7320,1140,25060,1140,0,0.6545239463448524,0.6604219526052475,0.6754030361771584,0.6780680269002914,0.6734961941838264,0.6524262502789497,0.6465724781155586,0.6433700770139694,0.6506822779774666,0.6641573905944824,0.6493294835090637,0.6353019550442696,0.6251990050077438,0.6137310341000557,0.6125537678599358,0.6229980364441872,0.6317445188760757,0.6262498423457146,0.6102297902107239,0.5847777500748634,0.5762593448162079,0.5876882374286652,0.6013407558202744,0.6006660982966423,0.6048960834741592,0.6020052880048752,0.6023784205317497,0.5997872576117516,0.605413481593132,0.6078131049871445,0.6120970547199249,0.6119646951556206,0.6045111045241356,0.5798397809267044,0.5549358129501343,0.5487348288297653,0.5536108613014221,0.5671538785099983,0.5726816430687904,0.5812354385852814,0.6040535345673561,0.6127432212233543,0.6147851720452309,0.6154722720384598,0.6315789744257927,0.6395567283034325,0.625726692378521,0.6112901227814811,0.324850894510746,0.33151448145508766,0.33075041323900223,0.3330713100731373,0.34767695888876915,0.35898513719439507,0.36272018030285835,0.36101021617650986,0.35486045479774475,0.35223743319511414,0.3617938607931137,0.36703718453645706,0.37547363340854645,0.37977447360754013,0.3756367936730385,0.3666452132165432,0.36422621831297874,0.36580852419137955,0.3635200448334217,0.38021016865968704,0.3960583209991455,0.3952810987830162,0.3819083794951439,0.3753422386944294,0.364754531532526,0.3582455851137638,0.3603927195072174,0.3739866800606251,0.36822840198874474,0.3656218536198139,0.35754381120204926,0.35989250242710114,0.3645967058837414,0.38074231892824173,0.39127006381750107,0.3856757953763008,0.37759993225336075,0.3759925700724125,0.37940967828035355,0.3838261179625988,0.38506510108709335,0.3833494819700718,0.3815777711570263,0.376760121434927,0.3623083382844925,0.35484205931425095,0.3635295405983925,0.3647953484739576,0.11851496063172817,0.1253583263605833,0.12582642305642366,0.12744820024818182,0.12800090294331312,0.1370397824794054,0.14101377129554749,0.14010562747716904,0.14012563601136208,0.1424520667642355,0.14198824018239975,0.1407545879483223,0.14000382274389267,0.1463121995329857,0.14482698775827885,0.14078394509851933,0.14060108363628387,0.14567325077950954,0.1553301103413105,0.16779121942818165,0.17372766137123108,0.16912642121315002,0.16633555479347706,0.15503495931625366,0.14529727958142757,0.1425064355134964,0.14226186461746693,0.14232043363153934,0.1434568092226982,0.1399523001164198,0.1442930418998003,0.1470392309129238,0.14360539615154266,0.15219185687601566,0.1637361440807581,0.17227746360003948,0.17494558356702328,0.174836914986372,0.16561784036457539,0.14836157485842705,0.14527896605432034,0.1448042020201683,0.14593565091490746,0.14384771510958672,0.14221835508942604,0.13735545612871647,0.14403615146875381,0.1595841965505055
SGF_RFW_ST4L20_PA,2,3,0.11497642596562707,0.11379146575927734,6.7292304039001465,8.733469009399414,303.2256462574005,4737.900722771883,64,1920,7320,1140,25060,1140,0,0.6481928378343582,0.6463838294148445,0.6299662441015244,0.6148034036159515,0.6050617098808289,0.6051896959543228,0.625232882797718,0.6504985243082047,0.6699333339929581,0.681067518889904,0.6816393584012985,0.6760105565190315,0.6675164774060249,0.6565092578530312,0.6520613506436348,0.6493358463048935,0.6336955055594444,0.6147223263978958,0.6195408180356026,0.6299799084663391,0.652767613530159,0.6553349867463112,0.6615104302763939,0.657516822218895,0.6531373485922813,0.6581069156527519,0.6522470265626907,0.649624228477478,0.638962022960186,0.6436543613672256,0.6394720152020454,0.6409482061862946,0.6400895938277245,0.6417357921600342,0.6419813707470894,0.632816269993782,0.6383282318711281,0.6435934454202652,0.6539065986871719,0.6703561693429947,0.6780987828969955,0.6669514328241348,0.649461418390274,0.6489326134324074,0.6542270556092262,0.6522266492247581,0.6602194011211395,0.6601633855274746,0.3384774848818779,0.3323824666440487,0.3287646062672138,0.3203190229833126,0.3103208877146244,0.3037479668855667,0.29690998792648315,0.2943802773952484,0.29684118553996086,0.30329349637031555,0.3167313523590565,0.3306623138487339,0.3354828655719757,0.34442421048879623,0.33790503814816475,0.34330104291439056,0.35634009540081024,0.35733527317643166,0.3553469702601433,0.34925679862499237,0.32963772490620613,0.32618971914052963,0.32485633343458176,0.32660911977291107,0.3303419090807438,0.3307970464229584,0.3242374323308468,0.3229087218642235,0.3322331868112087,0.3340027444064617,0.34568866342306137,0.35466618090867996,0.3539155535399914,0.34723879024386406,0.34633220359683037,0.3415139764547348,0.33473655208945274,0.3371127173304558,0.3428784944117069,0.32710371911525726,0.3260311186313629,0.3335433304309845,0.33654119074344635,0.3349894881248474,0.32509295642375946,0.317230761051178,0.31597497314214706,0.3202494723456247,0.12960268929600716,0.12791481334716082,0.1237103445455432,0.1173925083130598,0.1147205987945199,0.11577291041612625,0.12013828381896019,0.11497314274311066,0.11493151821196079,0.11689707729965448,0.12061598431318998,0.12981269136071205,0.1278099175542593,0.12642929330468178,0.11755598057061434,0.12070386949926615,0.12390848062932491,0.11404633615165949,0.11916428152471781,0.12279019504785538,0.11988593731075525,0.11870191711932421,0.11389000900089741,0.11540105100721121,0.12088263127952814,0.12548929918557405,0.12464887090027332,0.1237818468362093,0.12426460068672895,0.1255958518013358,0.13132060132920742,0.13477583229541779,0.13268733117729425,0.12309407442808151,0.11936591286212206,0.11713193263858557,0.11828720476478338,0.1211388148367405,0.1250605694949627,0.12663967907428741,0.12751792091876268,0.129724258556962,0.12487512826919556,0.12418543733656406,0.12129448261111975,0.12209398485720158,0.12179326638579369,0.12263830325433187
SGF_RFW_ST4L20_PA,3,3,0.1236487627029419,0.14732420444488525,11.193692207336426,10.46103572845459,629.3504331111908,9833.600517362356,64,1920,7320,1140,25060,1140,0,0.6730528101325035,0.6730889081954956,0.6740615293383598,0.6694730669260025,0.6604466885328293,0.6528034061193466,0.6407002732157707,0.6315623745322227,0.6314213424921036,0.6279086917638779,0.6226180866360664,0.6268674656748772,0.6310487389564514,0.6260666400194168,0.6021089255809784,0.6016955226659775,0.6153155565261841,0.6267258822917938,0.6419245526194572,0.6538764163851738,0.6690563932061195,0.669186420738697,0.6586463376879692,0.6524707898497581,0.649506114423275,0.6529521122574806,0.6528148353099823,0.6621099039912224,0.6702710315585136,0.6716891825199127,0.6665419489145279,0.6642115563154221,0.6632789075374603,0.6658452525734901,0.6710372865200043,0.6761721670627594,0.6698848381638527,0.6689503937959671,0.6733285933732986,0.6748329997062683,0.6815240383148193,0.6799654886126518,0.6714395806193352,0.6594589054584503,0.6579588428139687,0.6599192023277283,0.6626290306448936,0.6655256407601493,0.343234121799469,0.3467823155224323,0.36275825276970863,0.3861028887331486,0.39308255538344383,0.3905666507780552,0.39508166164159775,0.402004137635231,0.39988042414188385,0.3980556130409241,0.4007534198462963,0.4100576750934124,0.4212651513516903,0.42297815158963203,0.4352574907243252,0.4293297342956066,0.41522152721881866,0.4023595564067364,0.39509109407663345,0.3913366086781025,0.3929111175239086,0.3982287310063839,0.39894603937864304,0.3999803476035595,0.40022609382867813,0.3956446908414364,0.39078421890735626,0.3888307064771652,0.3862989991903305,0.3858867436647415,0.387628722935915,0.3852280527353287,0.38650890439748764,0.39499230310320854,0.38795923069119453,0.3841664083302021,0.3878537714481354,0.39163023233413696,0.38500065356492996,0.3887605220079422,0.3870808407664299,0.38628803938627243,0.39215603470802307,0.3943543806672096,0.39411237463355064,0.39415665715932846,0.3951859176158905,0.3999543402876173,0.1645096316933632,0.16500715166330338,0.17082196846604347,0.17782732844352722,0.18511472828686237,0.19214511662721634,0.20310512743890285,0.1940295174717903,0.1839859765022993,0.17792921885848045,0.18265574984252453,0.18808747082948685,0.19048218987882137,0.19275144673883915,0.20024852082133293,0.20454974472522736,0.20475835911929607,0.19940643943846226,0.19187393225729465,0.18872403539717197,0.1788996122777462,0.17391709052026272,0.1750972867012024,0.17058300785720348,0.16296324878931046,0.1659896858036518,0.16836580261588097,0.17036840692162514,0.16414538957178593,0.15901179984211922,0.16536908969283104,0.1742540579289198,0.17640103958547115,0.1774733904749155,0.1806078888475895,0.17839205265045166,0.17832794226706028,0.1796099003404379,0.1772695630788803,0.17089511267840862,0.17131479643285275,0.17358320765197277,0.17716754600405693,0.18025114014744759,0.1798063926398754,0.17442713119089603,0.17556481435894966,0.17976185466561997
SGF_RFW_ST4L20_PA,0,4,0.2737765510876974,0.2735517621040344,6.125883102416992,5.029986381530762,304.6673903465271,4760.427974164486,64,1920,7320,1140,25060,1140,0,0.7452569082379341,0.7569620236754417,0.763574555516243,0.7578868716955185,0.7576721683144569,0.7520014867186546,0.7520551532506943,0.7528005391359329,0.7552348151803017,0.7529754415154457,0.7504266574978828,0.7519807815551758,0.7520068362355232,0.7531324252486229,0.7508879378437996,0.7545304968953133,0.7544213235378265,0.7545198276638985,0.7553260326385498,0.7565594017505646,0.756799042224884,0.759431965649128,0.750384084880352,0.7507438808679581,0.7530579715967178,0.7521051168441772,0.7504891082644463,0.748403400182724,0.7516835853457451,0.7523059472441673,0.7536661624908447,0.7570719346404076,0.7581669241189957,0.7568649053573608,0.7537610083818436,0.7496715560555458,0.7481037750840187,0.7463422864675522,0.7485154047608376,0.7540333494544029,0.7519407197833061,0.7508078813552856,0.7547259032726288,0.7562754228711128,0.7534234896302223,0.7522213831543922,0.7535492330789566,0.7514846324920654,0.27254461124539375,0.2868482768535614,0.291750930249691,0.27213358506560326,0.290208887308836,0.2784116491675377,0.2776011750102043,0.27603429928421974,0.2773127518594265,0.2821909226477146,0.27842144295573235,0.2805243469774723,0.27757542952895164,0.2778240144252777,0.2844591625034809,0.27511749044060707,0.2802405618131161,0.2738112173974514,0.277925331145525,0.2772272191941738,0.28463973477482796,0.27726226300001144,0.2749522365629673,0.2804251201450825,0.27883363515138626,0.2747119255363941,0.2786391116678715,0.2808840684592724,0.2764229290187359,0.27661219239234924,0.27202922105789185,0.27921662107110023,0.2754814587533474,0.27817144989967346,0.2808889113366604,0.2814480774104595,0.28049712255597115,0.2882048450410366,0.28085799887776375,0.2869385704398155,0.27772971615195274,0.27558642253279686,0.282355222851038,0.2776341885328293,0.28722546249628067,0.2799503281712532,0.2837609238922596,0.28601730295589994,0.051745038479566574,0.055058174300938845,0.056495473720133305,0.055330035742372274,0.058674061205238104,0.056511650793254375,0.057096376083791256,0.056902593933045864,0.055666692554950714,0.054934549145400524,0.055591472424566746,0.05577334435656667,0.05571846570819616,0.056588052306324244,0.056934443302452564,0.056761250365525484,0.058146760798990726,0.05687224864959717,0.05777672864496708,0.05649725580587983,0.05640363926067948,0.056262636091560125,0.05522656626999378,0.05477417353540659,0.054816396441310644,0.05531584983691573,0.056921538431197405,0.056336209177970886,0.054860095493495464,0.0563853201456368,0.05501442449167371,0.05671340832486749,0.05710257450118661,0.05640004249289632,0.05779813276603818,0.05806591408327222,0.05761579517275095,0.056922259740531445,0.0564985703676939,0.0570613075979054,0.054740846157073975,0.05468900874257088,0.057144188322126865,0.05625329026952386,0.05773702682927251,0.0567215271294117,0.057948346715420485,0.05894001839416368
SGF_RFW_ST4L20_PA,1,4,0.24240630865097046,0.23585645357767737,4.255042552947998,4.3718132972717285,303.6175467967987,4744.02416869998,64,1920,7320,1140,25060,1140,0,0.8038559257984161,0.7945817410945892,0.7891445681452751,0.7844710499048233,0.7859247997403145,0.7967337220907211,0.8110965341329575,0.8082269504666328,0.8075529187917709,0.8107054680585861,0.8106670677661896,0.811615951359272,0.8097576573491096,0.8103110566735268,0.8103093579411507,0.8115542307496071,0.8096236512064934,0.8072970062494278,0.8021663799881935,0.797346904873848,0.8065524399280548,0.8107242807745934,0.8117942363023758,0.8080828562378883,0.8068922385573387,0.8063338473439217,0.8074848130345345,0.8025635629892349,0.8027651384472847,0.8046423271298409,0.8060788065195084,0.8070480898022652,0.8103277385234833,0.8151428177952766,0.8107989281415939,0.8087228983640671,0.8003266528248787,0.7977745458483696,0.806669719517231,0.8074213191866875,0.8115454092621803,0.8073961362242699,0.8058300837874413,0.7932919636368752,0.8013986796140671,0.8056080192327499,0.8078006580471992,0.8094419666699001,0.2960794195532799,0.30539119243621826,0.3085189238190651,0.31365713104605675,0.31018202751874924,0.30238911136984825,0.29443318024277687,0.29489002749323845,0.2936476692557335,0.29354218766093254,0.29429081454873085,0.2934028021991253,0.29992131516337395,0.2978207655251026,0.2959292158484459,0.29330119490623474,0.295670960098505,0.29749031737446785,0.29910003393888474,0.29975612089037895,0.29573943093419075,0.2907731682062149,0.2952163331210613,0.29639187455177307,0.3018840625882149,0.2978830598294735,0.2985996603965759,0.29995226487517357,0.3031948059797287,0.30050003901124,0.29647643119096756,0.2961425557732582,0.2972436137497425,0.2940099947154522,0.29700035601854324,0.2978408671915531,0.29783883690834045,0.2998315840959549,0.2964763939380646,0.2971775233745575,0.2948273979127407,0.29777686297893524,0.3021516539156437,0.31355082988739014,0.3022673465311527,0.3025912158191204,0.2999987415969372,0.29873549938201904,0.05239453865215182,0.057233850471675396,0.05929952347651124,0.060983505100011826,0.06100655719637871,0.05900751939043403,0.05797583004459739,0.05752555886283517,0.05730802612379193,0.0578657747246325,0.05751168029382825,0.0577756785787642,0.057670772541314363,0.05642670579254627,0.05635622842237353,0.05809291731566191,0.05709100840613246,0.057638243306428194,0.058155965991318226,0.057760592084378004,0.056903676595538855,0.05679883807897568,0.05671333149075508,0.057083466555923223,0.05623622378334403,0.057429113425314426,0.05579791637137532,0.0565183088183403,0.05255158804357052,0.05322736408561468,0.05565430223941803,0.05447380570694804,0.05632195994257927,0.05737178726121783,0.05884304828941822,0.05848960718140006,0.05748901562765241,0.058240043465048075,0.05700433347374201,0.055114506743848324,0.05645191669464111,0.057266052812337875,0.05658269999548793,0.05719481036067009,0.056392621248960495,0.056433867663145065,0.05816664034500718,0.057442985475063324
SGF_RFW_ST4L20_PA,2,4,0.2597280740737915,0.2593571742375692,4.700979709625244,4.731059551239014,303.1839964389801,4737.249944359064,64,1920,7320,1140,25060,1140,0,0.7505442723631859,0.7480490952730179,0.7511636167764664,0.7533591687679291,0.7556125447154045,0.757744662463665,0.7588935866951942,0.757662408053875,0.756562665104866,0.7562211975455284,0.7563776224851608,0.7563778683543205,0.756094679236412,0.7547288239002228,0.7561385929584503,0.7565870806574821,0.7582649141550064,0.7585220858454704,0.7554904595017433,0.7523783445358276,0.7514785528182983,0.7519154921174049,0.7570653706789017,0.7550450563430786,0.752146489918232,0.7536228597164154,0.7533714324235916,0.7558608055114746,0.757501907646656,0.7581424936652184,0.7553781419992447,0.7540261223912239,0.7549740597605705,0.7562992423772812,0.7579908296465874,0.7564052417874336,0.7568770796060562,0.7560642659664154,0.753260612487793,0.7535243928432465,0.7530017495155334,0.7566351667046547,0.7549493908882141,0.7547600641846657,0.7564054504036903,0.7561273947358131,0.756438210606575,0.7554751804896763,0.3120308220386505,0.31673209741711617,0.3209332302212715,0.31757085025310516,0.3159577138721943,0.3082486316561699,0.3119119852781296,0.31064217165112495,0.3100607544183731,0.3130108714103699,0.3122881278395653,0.31566614657640457,0.3123825527727604,0.3146853744983673,0.31347742304205894,0.3139771893620491,0.31486737355589867,0.3095438703894615,0.31032799929380417,0.31266145035624504,0.3139449693262577,0.3150157071650028,0.31753095611929893,0.3189066983759403,0.31370700150728226,0.31632018834352493,0.31734492629766464,0.3140263743698597,0.3121112398803234,0.315052580088377,0.3145017549395561,0.31474844366312027,0.31385577097535133,0.3117670752108097,0.30917593836784363,0.3092261105775833,0.31158288940787315,0.3144194595515728,0.3123597837984562,0.317704152315855,0.3130556233227253,0.31044742092490196,0.3122253753244877,0.31152793765068054,0.3106793016195297,0.3103351593017578,0.31148527190089226,0.31308625851358685,0.052358255721628666,0.05439524771645665,0.055862963665276766,0.05561577808111906,0.05623687570914626,0.055507393553853035,0.056969421450048685,0.054476498160511255,0.05513251991942525,0.05413552653044462,0.05257002916187048,0.05637753615155816,0.05236654169857502,0.05568848503753543,0.055163588374853134,0.05580335669219494,0.05677822604775429,0.056233194191008806,0.05343826441094279,0.05550935585051775,0.05283332709223032,0.05339617654681206,0.0569141386076808,0.054824670776724815,0.05522241862490773,0.0548871299251914,0.05244108010083437,0.056488050147891045,0.054815422743558884,0.05618635844439268,0.054649513214826584,0.055503475945442915,0.05556550808250904,0.056742116808891296,0.05505906185135245,0.05256148288026452,0.05557906720787287,0.057217417284846306,0.05582129443064332,0.05427457531914115,0.055050238966941833,0.05558458482846618,0.05314745334908366,0.054580689407885075,0.054619047325104475,0.05538341775536537,0.055993957445025444,0.05343230228338923
SGF_RFW_ST4L20_PA,3,4,0.23850270112355554,0.2415595451990763,4.651401042938232,3.9573581218719482,303.7257959842682,4745.71556225419,64,1920,7320,1140,25060,1140,0,0.7402822077274323,0.7557152733206749,0.757912702858448,0.7573318183422089,0.7448006197810173,0.7447451204061508,0.7440331131219864,0.7476004511117935,0.7457040473818779,0.7436720505356789,0.7448574900627136,0.7397861108183861,0.747106745839119,0.7434732988476753,0.7448852509260178,0.7504236772656441,0.7464002519845963,0.7499942407011986,0.7529979199171066,0.7463229596614838,0.7458608373999596,0.7484741657972336,0.7467154785990715,0.745314247906208,0.740024633705616,0.738052137196064,0.7430789694190025,0.7459512874484062,0.7487401589751244,0.7480376213788986,0.7451347410678864,0.7462191358208656,0.7395719662308693,0.7426959127187729,0.7439490407705307,0.7431480586528778,0.7453089207410812,0.7486661896109581,0.7482570484280586,0.7466714382171631,0.746102087199688,0.745220422744751,0.7418954819440842,0.7442976832389832,0.744844377040863,0.7467620223760605,0.7470101565122604,0.7474792344229562,0.32568930834531784,0.3260519839823246,0.32689620926976204,0.3171945922076702,0.32315775752067566,0.3184967003762722,0.31978192552924156,0.3243415206670761,0.32056261971592903,0.32151518389582634,0.31912023946642876,0.32202184945344925,0.32037247717380524,0.3231273964047432,0.3219221942126751,0.32355625554919243,0.32937218621373177,0.3216800354421139,0.31562407687306404,0.32140567526221275,0.3227301687002182,0.3297552391886711,0.327751737087965,0.3252781555056572,0.3336086571216583,0.328369315713644,0.3244714066386223,0.3216431140899658,0.31875069439411163,0.32569681480526924,0.32327377051115036,0.32124515622854233,0.32466932758688927,0.3207181952893734,0.322372879832983,0.32915326952934265,0.3217943273484707,0.32074978575110435,0.3276791200041771,0.32232457399368286,0.31991105899214745,0.32245270907878876,0.3251156620681286,0.3241489827632904,0.32096513733267784,0.3234364278614521,0.3226047568023205,0.32016347135816303,0.0520935314707458,0.049869661685079336,0.0516145839355886,0.053746845573186874,0.051900402177125216,0.05054421303793788,0.05125198559835553,0.052521210629493,0.049834412056952715,0.049495496321469545,0.05246868124231696,0.05109868897125125,0.05151226045563817,0.051290842704474926,0.05406350549310446,0.05367194954305887,0.05354300979524851,0.052183462772518396,0.05212775990366936,0.053949855733662844,0.05206344369798899,0.04891887120902538,0.05373747367411852,0.053139328956604004,0.052395850885659456,0.04986413288861513,0.05226158956065774,0.052998606115579605,0.05131852347403765,0.052811261266469955,0.05417283717542887,0.05063294339925051,0.05389719642698765,0.05362107930704951,0.053540091030299664,0.050072640646249056,0.05382430646568537,0.05311777628958225,0.051901113241910934,0.05424858955666423,0.05374036869034171,0.053297240287065506,0.054126116912811995,0.052801634185016155,0.05433090729638934,0.05411690194159746,0.0545705147087574,0.05338255103145327
SGF_RFW_ST4L20_PA,0,5,0.15440318981806433,0.15923366943995154,3.2773969173431396,2.7185137271881104,303.932101726532,4748.939089477062,64,1920,7320,1140,25060,1140,0,0.4620737358927727,0.4735894165933132,0.49293697625398636,0.5073262304067612,0.5168642625212669,0.5074517205357552,0.47499023377895355,0.46888717263936996,0.4685166925191879,0.46810759231448174,0.4710286781191826,0.4751454144716263,0.4797976724803448,0.4745160602033138,0.46802469715476036,0.4639730677008629,0.47161198407411575,0.469731904566288,0.46927693858742714,0.4702271856367588,0.468667920678854,0.46978453546762466,0.47128481417894363,0.46964070573449135,0.47084132581949234,0.47808148711919785,0.47918982058763504,0.4759164974093437,0.4722670875489712,0.46672411262989044,0.46753954887390137,0.46883390098810196,0.47027911990880966,0.47285715490579605,0.47495172545313835,0.4789966680109501,0.47402549535036087,0.47134485840797424,0.4702036865055561,0.47322119772434235,0.47448738664388657,0.47511904686689377,0.4731168746948242,0.47413361072540283,0.47233811393380165,0.4728451743721962,0.47528962790966034,0.4702502744538443,0.469903863966465,0.4687860682606697,0.4681383855640888,0.4694586992263794,0.4678572565317154,0.4743496812880039,0.47891510277986526,0.47194604575634,0.4714495465159416,0.474500373005867,0.4690502732992172,0.4658321812748909,0.47255028039216995,0.4747280292212963,0.47007891908288,0.47180433571338654,0.4675981439650059,0.4712713994085789,0.47002357617020607,0.4700203537940979,0.4726534001529217,0.471593726426363,0.4724731184542179,0.47335830703377724,0.47258779034018517,0.46969183906912804,0.46760451421141624,0.46793247014284134,0.46957210823893547,0.472849078476429,0.4712587185204029,0.47098641842603683,0.469356682151556,0.47123416140675545,0.4704740010201931,0.46766888722777367,0.4692799113690853,0.4714559242129326,0.47008249163627625,0.4680943489074707,0.46978386119008064,0.46749506890773773,0.46767012402415276,0.47067946940660477,0.47145628556609154,0.4689991660416126,0.46668821945786476,0.4704686062676566,0.05886947037652135,0.06292465049773455,0.06415684055536985,0.06557083502411842,0.06788343377411366,0.06717670056968927,0.06665465980768204,0.06479001697152853,0.06506340205669403,0.07029186934232712,0.07298842445015907,0.072818866930902,0.07325978856533766,0.07268179766833782,0.07500023674219847,0.0664782403036952,0.06881918013095856,0.06421978492289782,0.06416236609220505,0.06310163019225001,0.061988985165953636,0.06606014352291822,0.06816709786653519,0.06574512273073196,0.06736333481967449,0.06759237218648195,0.06358370557427406,0.06346551608294249,0.06495360843837261,0.06320272805169225,0.06180017348378897,0.06499263364821672,0.06804627645760775,0.0655159829184413,0.06652444321662188,0.06461996585130692,0.06497267447412014,0.0623443522490561,0.06376949837431312,0.0647394759580493,0.06513144914060831,0.06609584391117096,0.06490250024944544,0.0633975169621408,0.0642699426971376,0.058594508562237024,0.06412416091188788,0.06383518395679337
SGF_RFW_ST4L20_PA,1,5,0.12742761770884192,0.1289805769920349,3.7431955337524414,3.5515823364257812,303.180082321167,4737.188786268234,64,1920,7320,1140,25060,1140,0,0.5932274460792542,0.5908769369125366,0.5952503681182861,0.5994261503219604,0.5977475941181183,0.6003976091742516,0.601867288351059,0.603691391646862,0.6046200767159462,0.6032628193497658,0.6042744517326355,0.602593220770359,0.5996693074703217,0.5991166159510612,0.6022239997982979,0.6042330712080002,0.6051814556121826,0.6041455864906311,0.6004133522510529,0.6003144681453705,0.6018825620412827,0.6014377176761627,0.6010295748710632,0.6006260067224503,0.6004773303866386,0.5999267101287842,0.6007288470864296,0.602778285741806,0.6012425869703293,0.6023250669240952,0.6037463769316673,0.6035215482115746,0.6046024188399315,0.6065097823739052,0.6045723333954811,0.6020065173506737,0.6000777333974838,0.6003636792302132,0.6012540683150291,0.6034372225403786,0.6031577661633492,0.5987012311816216,0.6013308167457581,0.6035755127668381,0.6007535234093666,0.6003600135445595,0.600649043917656,0.6020524161202567,0.25987090915441513,0.263377346098423,0.2635148726403713,0.2578931339085102,0.2611042149364948,0.26273080706596375,0.2610536180436611,0.26044027879834175,0.2582274042069912,0.2612622082233429,0.2619257904589176,0.26232801005244255,0.26347117125988007,0.2621974050998688,0.25801151245832443,0.2586533948779106,0.2588503770530224,0.25767265260219574,0.25916890427470207,0.25904953107237816,0.25985919684171677,0.2593878097832203,0.2607250437140465,0.26250195875763893,0.2627803161740303,0.2614605128765106,0.2613941542804241,0.26126039028167725,0.2580604515969753,0.2570181377232075,0.255884014070034,0.2570897564291954,0.2575731500983238,0.26075245440006256,0.25926727801561356,0.2594190202653408,0.258536871522665,0.2599295899271965,0.261524073779583,0.2598511129617691,0.2603045590221882,0.26032379642128944,0.2609867453575134,0.258464515209198,0.25784891098737717,0.25850648060441017,0.2591499090194702,0.26054843408720835,0.06275482475757599,0.06352643202990294,0.06178595218807459,0.05802446184679866,0.0655235811136663,0.0686901705339551,0.06998610310256481,0.06655000895261765,0.06647616811096668,0.06913159601390362,0.06753978319466114,0.0669156601652503,0.06799168419092894,0.06971381232142448,0.06833253335207701,0.06826407182961702,0.06280373223125935,0.06340839713811874,0.06580921914428473,0.06589472107589245,0.06619913410395384,0.0666239745914936,0.0680291773751378,0.06700324639678001,0.06580127589404583,0.06590892747044563,0.06436138786375523,0.06490461621433496,0.06734840106219053,0.06941453088074923,0.0656567681580782,0.06698363181203604,0.06682534515857697,0.06705793458968401,0.06371656944975257,0.06363158905878663,0.06325021525844932,0.06531907711178064,0.06607729662209749,0.06397179514169693,0.06533682253211737,0.06906439270824194,0.0708461906760931,0.06754359696060419,0.06681296695023775,0.06774284224957228,0.06747276615351439,0.06694711638348443
SGF_RFW_ST4L20_PA,2,5,0.16025151809056604,0.1625856955846151,4.272382736206055,4.055327415466309,389.5754692554474,6087.116707116365,64,1920,7320,1140,25060,1140,0,0.4980191998183727,0.500162910670042,0.499774731695652,0.5005157105624676,0.4983937665820122,0.49740130826830864,0.5005308538675308,0.5017686635255814,0.5005229972302914,0.499230220913887,0.4993002936244011,0.5011375993490219,0.5036012083292007,0.5047502666711807,0.502844512462616,0.4981236234307289,0.504971906542778,0.5023990385234356,0.49878009781241417,0.4996412731707096,0.5002347677946091,0.49759357795119286,0.5000030472874641,0.49902136623859406,0.5004528574645519,0.5007472671568394,0.501059778034687,0.5014258772134781,0.5018577873706818,0.5018901154398918,0.5020423829555511,0.5019910931587219,0.501060239970684,0.5017986819148064,0.5025202631950378,0.5030276775360107,0.5032192021608353,0.5018572956323624,0.5011999048292637,0.5037841275334358,0.5013405531644821,0.5054890811443329,0.50184590741992,0.4946240149438381,0.4945993907749653,0.4968136139214039,0.4998943582177162,0.5055236731256757,0.40499722957611084,0.40343765169382095,0.40449970960617065,0.4031952768564224,0.40101005136966705,0.403043694794178,0.4025985114276409,0.4054233729839325,0.4084635302424431,0.4066501297056675,0.40439704060554504,0.40171246230602264,0.4046439193189144,0.40291423723101616,0.40515485405921936,0.41287248209118843,0.40647079423069954,0.40569137781858444,0.40332628414034843,0.4015339985489845,0.40176692232489586,0.4067620001733303,0.40820785611867905,0.40644004940986633,0.4047570526599884,0.40404777228832245,0.4021123871207237,0.4046156592667103,0.4040362127125263,0.4046922028064728,0.40217380970716476,0.40101585537195206,0.40229055657982826,0.4014049507677555,0.40287869796156883,0.40521563589572906,0.40590933710336685,0.40618550404906273,0.40333935990929604,0.4025437757372856,0.4031410813331604,0.40483472868800163,0.4039042517542839,0.40071694180369377,0.4049614407122135,0.4042346067726612,0.40240631997585297,0.40367434706006733,0.08049135748296976,0.08585078362375498,0.08423006720840931,0.08437557891011238,0.08533169887959957,0.0885615274310112,0.08910995256155729,0.08479136414825916,0.08906580321490765,0.08412180375307798,0.08101112022995949,0.0823070453479886,0.08077261038124561,0.08280104771256447,0.08458537422120571,0.08553315233439207,0.08425198309123516,0.0839881245046854,0.08448719792068005,0.08482493553310633,0.08446459844708443,0.08430973626673222,0.08229504525661469,0.08427947014570236,0.08413921389728785,0.08458131179213524,0.08392755221575499,0.08324038237333298,0.08354519680142403,0.08309374283999205,0.08217392675578594,0.08378588780760765,0.08319393452256918,0.08236121851950884,0.08226512372493744,0.0835364693775773,0.0824230881407857,0.08248676639050245,0.080550248734653,0.08010413032025099,0.08315794635564089,0.08038778137415648,0.0856002913787961,0.08576898369938135,0.08629971649497747,0.08644284214824438,0.08525404520332813,0.08381495837654386
SGF_RFW_ST4L20_PA,3,5,0.1304702957471212,0.12135517597198486,3.9884612560272217,4.134130954742432,479.7176730632782,7495.588641613722,64,1920,7320,1140,25060,1140,0,0.5841803774237633,0.579496331512928,0.5782599672675133,0.5751624330878258,0.5685581415891647,0.5786815658211708,0.5877588614821434,0.5903738960623741,0.5869109556078911,0.5792018845677376,0.5756241232156754,0.5736804753541946,0.5742537900805473,0.5760628208518028,0.5754196792840958,0.5800007954239845,0.5782931447029114,0.5760243013501167,0.5719263553619385,0.5733743831515312,0.5730543285608292,0.5810456797480583,0.5881954282522202,0.58442422747612,0.5804633349180222,0.579161249101162,0.5771631747484207,0.5787804573774338,0.5812397301197052,0.5874373912811279,0.589944027364254,0.5872276276350021,0.5842369347810745,0.5842194184660912,0.5838657096028328,0.5830335766077042,0.5867045372724533,0.5821637064218521,0.5748927444219589,0.5774444714188576,0.5826917365193367,0.5837809592485428,0.5869146287441254,0.5841562822461128,0.5842300131917,0.5814637392759323,0.5837578251957893,0.5883137924330575,0.3159708008170128,0.3160880133509636,0.31659722328186035,0.3216651603579521,0.3229127563536167,0.3192458413541317,0.3186301253736019,0.31314297392964363,0.3138289302587509,0.32025285065174103,0.3233357109129429,0.3258211724460125,0.32717539370059967,0.32246479019522667,0.32315793633461,0.32107576355338097,0.3198458179831505,0.3188549540936947,0.31999099254608154,0.3177389018237591,0.3198392018675804,0.3137880936264992,0.31277038156986237,0.3106120824813843,0.3212318420410156,0.3223813772201538,0.32184911146759987,0.32089225575327873,0.32257791608572006,0.32116538286209106,0.3192499168217182,0.3198438324034214,0.324704647064209,0.3251146711409092,0.3280498944222927,0.3322139084339142,0.3293042816221714,0.32937919721007347,0.32485345378518105,0.32444487884640694,0.32500749453902245,0.32518143579363823,0.3206164389848709,0.3194246031343937,0.32031696289777756,0.325130145996809,0.3242178186774254,0.3250059187412262,0.07127780001610518,0.0639734216965735,0.07132652122527361,0.07358035258948803,0.08036318887025118,0.08232440054416656,0.08189998287707567,0.08251160476356745,0.08133242651820183,0.07935372740030289,0.0835123686119914,0.08750361390411854,0.08755421824753284,0.08674554713070393,0.08036360889673233,0.08412817493081093,0.08732837345451117,0.08961803745478392,0.09308450855314732,0.0915542934089899,0.09622585400938988,0.09201404452323914,0.09570281114429235,0.09007075242698193,0.07930689118802547,0.07841262686997652,0.0765935992822051,0.07568775303661823,0.07347385864704847,0.07350180856883526,0.07527715992182493,0.07525930926203728,0.07326835487037897,0.0746552450582385,0.07922483701258898,0.07567757181823254,0.07798874843865633,0.08344040997326374,0.0816507525742054,0.08310558460652828,0.08149786666035652,0.08107560127973557,0.08348545618355274,0.08508321084082127,0.08218704164028168,0.07576858624815941,0.08252047002315521,0.08764400758913585
SGF_RFW_ST4L20_PA,0,6,0.0708889365196228,0.07272148132324219,9.303598403930664,9.849162101745605,301.96944403648376,4718.272563070059,64,1920,7320,1140,25060,1140,0,0.5528340637683868,0.5671914964914322,0.5676674395799637,0.5618923231959343,0.5626925528049469,0.5636642426252365,0.5647249072790146,0.5594841167330742,0.5588379800319672,0.5571733191609383,0.5697359666228294,0.5668946802616119,0.5635842308402061,0.5560396388173103,0.5594773814082146,0.5673772022128105,0.564207099378109,0.5699629262089729,0.5656671077013016,0.5590276271104813,0.5656711012125015,0.5674757584929466,0.5658960714936256,0.5654800832271576,0.5606212317943573,0.564858578145504,0.5591924339532852,0.5676990747451782,0.5630423948168755,0.5541510507464409,0.5590188577771187,0.5572413504123688,0.5610442832112312,0.5703573599457741,0.5636880770325661,0.5651153922080994,0.5654108598828316,0.5664006471633911,0.5675419569015503,0.5677711218595505,0.5649364814162254,0.562928095459938,0.5624880716204643,0.5588649660348892,0.5592325702309608,0.5604214668273926,0.5585486888885498,0.5505929844720023,0.45671287551522255,0.4534834548830986,0.4555508382618427,0.45696619898080826,0.45427263900637627,0.4561721906065941,0.45438627153635025,0.45589178428053856,0.45700904726982117,0.4623119868338108,0.4563651643693447,0.4552268981933594,0.4534606300294399,0.4588722363114357,0.4606567360460758,0.4593191184103489,0.45896800979971886,0.45670391619205475,0.4558969736099243,0.45881516486406326,0.45665302127599716,0.4584037959575653,0.46041132137179375,0.4619625471532345,0.4605832062661648,0.457893718034029,0.4596880078315735,0.4550902284681797,0.4570779837667942,0.4623218737542629,0.4620342142879963,0.4608939699828625,0.4604973569512367,0.4512128531932831,0.45636362954974174,0.4553169645369053,0.45698297023773193,0.45653699338436127,0.45878440141677856,0.456961777061224,0.4573342613875866,0.45808015391230583,0.4574757069349289,0.4565446674823761,0.4577406607568264,0.45540330186486244,0.4595865346491337,0.464826375246048,0.1245688684284687,0.1222858838737011,0.1250280300155282,0.1278765182942152,0.12932084314525127,0.128268014639616,0.13031254708766937,0.13026786595582962,0.12907527573406696,0.13004181906580925,0.13102441653609276,0.12846066802740097,0.13114001229405403,0.1308826506137848,0.12975169718265533,0.13050383515655994,0.1286024795845151,0.12739642057567835,0.12743897177278996,0.1286380235105753,0.12857211660593748,0.12958708964288235,0.12982763908803463,0.12766433227807283,0.12940678745508194,0.12707636319100857,0.12845721282064915,0.12966230884194374,0.1290537565946579,0.12926977314054966,0.12925712577998638,0.13026318326592445,0.12913555279374123,0.12934956513345242,0.12874364107847214,0.12858143262565136,0.12885644659399986,0.12881737016141415,0.12974167987704277,0.12789243273437023,0.1276265811175108,0.12709130253642797,0.12916078232228756,0.13015099056065083,0.12992941960692406,0.12935981526970863,0.12982162833213806,0.12883086715425765
SGF_RFW_ST4L20_PA,1,6,0.06132207314173377,0.07777291536331177,11.452033042907715,9.739267349243164,303.421838760376,4740.966230630875,64,1920,7320,1140,25060,1140,0,0.5712622702121735,0.5781586617231369,0.5850967019796371,0.5600466132164001,0.5555920228362083,0.562562420964241,0.5926941782236099,0.5709035694599152,0.586095929145813,0.5872904658317566,0.5792826637625694,0.5890613868832588,0.5852690488100052,0.5850690752267838,0.5757989287376404,0.5843978598713875,0.5881713479757309,0.5840187296271324,0.5822235494852066,0.5806381031870842,0.5804129168391228,0.5767914950847626,0.5796462595462799,0.5781845450401306,0.5851089283823967,0.5881406888365746,0.5793219581246376,0.5776411220431328,0.5817915722727776,0.5790047571063042,0.5891216918826103,0.5879825949668884,0.5866200104355812,0.5832065939903259,0.5899143218994141,0.5773064717650414,0.5895049199461937,0.5805585905909538,0.5816229805350304,0.5878529250621796,0.583693228662014,0.5763083696365356,0.5836933180689812,0.5907758101820946,0.5778570547699928,0.5816319584846497,0.5802017822861671,0.5779398339135307,0.4751925989985466,0.46239369362592697,0.46474170312285423,0.4821624420583248,0.4809740260243416,0.46527427434921265,0.4673883318901062,0.4574539139866829,0.4583740718662739,0.46767508238554,0.45213769003748894,0.4655827172100544,0.45580028742551804,0.46788497641682625,0.47114742547273636,0.472200196236372,0.4517853744328022,0.4602575898170471,0.4706830158829689,0.4555583894252777,0.46811018511652946,0.4689779505133629,0.4627041779458523,0.46406465396285057,0.4636796973645687,0.46571191027760506,0.4669778384268284,0.4621461592614651,0.4656235910952091,0.47036270797252655,0.4633210189640522,0.4556685872375965,0.4670243263244629,0.4563574492931366,0.47402071952819824,0.47339877113699913,0.47103068977594376,0.46642227470874786,0.4619711972773075,0.4616769589483738,0.46242111176252365,0.46763332560658455,0.45735543221235275,0.47014735266566277,0.4664466604590416,0.45851194486021996,0.46846411004662514,0.4549331026417868,0.10793808475136757,0.10877044405788183,0.1092732297256589,0.10632972698658705,0.09895111713558435,0.09791925642639399,0.10394663084298372,0.10900877974927425,0.11251732613891363,0.10970781091600657,0.10692637041211128,0.107865359634161,0.11324567440897226,0.11354529485106468,0.11048337072134018,0.11381969507783651,0.11418093740940094,0.11294922977685928,0.11419114097952843,0.11427060794085264,0.11208812706172466,0.11530141904950142,0.11324573215097189,0.11421704199165106,0.11391325294971466,0.11403652653098106,0.11351506412029266,0.11337271519005299,0.11239380948245525,0.11399327777326107,0.11413223948329687,0.11240336392074823,0.1127064498141408,0.1135346470400691,0.10976015776395798,0.11071021389216185,0.1110722254961729,0.1136976582929492,0.11327353864908218,0.11335921753197908,0.11200059857219458,0.10987808648496866,0.113340406678617,0.11146499682217836,0.11509017739444971,0.11248745396733284,0.11374601628631353,0.1143063370670591
SGF_RFW_ST4L20_PA,2,6,0.06160026788711548,0.05306740601857507,9.993180274963379,11.160630226135254,303.9113826751709,4748.615354299545,64,1920,7320,1140,25060,1140,0,0.5153918266296387,0.5160717517137527,0.520815908908844,0.5213185474276543,0.5158331841230392,0.5338476374745369,0.5306807830929756,0.5314600244164467,0.5267216041684151,0.5275711044669151,0.528341107070446,0.5262973085045815,0.5220807865262032,0.5236552059650421,0.5315619558095932,0.5289924442768097,0.5297501608729362,0.5222560167312622,0.5286279171705246,0.5274475142359734,0.5232337713241577,0.5306677743792534,0.5295455679297447,0.5296904966235161,0.5154634416103363,0.5240549221634865,0.5159154608845711,0.5276934802532196,0.523786760866642,0.529727578163147,0.526170440018177,0.5183859318494797,0.5228816568851471,0.5221506357192993,0.5223729386925697,0.5249615758657455,0.5212999060750008,0.5203037559986115,0.5271015837788582,0.5149905160069466,0.5169164314866066,0.5179050639271736,0.5213899463415146,0.5144237130880356,0.5197599232196808,0.5186582505702972,0.5160510763525963,0.5250642895698547,0.46184882149100304,0.47126447781920433,0.4620938077569008,0.45593463629484177,0.45906904339790344,0.45415619388222694,0.45655904710292816,0.4564082846045494,0.460062138736248,0.4565829522907734,0.45887795090675354,0.4587535187602043,0.46112537011504173,0.4558470621705055,0.4612994082272053,0.45672085508704185,0.45898012071847916,0.4597604386508465,0.46427422016859055,0.4631183557212353,0.4629122093319893,0.45970524474978447,0.461318451911211,0.46214351803064346,0.46516554802656174,0.4608306922018528,0.46466848254203796,0.4645202197134495,0.464479424059391,0.4609176889061928,0.4595736935734749,0.46347885578870773,0.459850937128067,0.46702055260539055,0.4649372547864914,0.46053053066134453,0.46179209277033806,0.46572259441018105,0.46094726026058197,0.4656270369887352,0.46658825874328613,0.4668385423719883,0.4663826636970043,0.4664270021021366,0.4616851136088371,0.46791190654039383,0.46637531369924545,0.4689671014036451,0.1102549871429801,0.115391094237566,0.11681907624006271,0.12176043912768364,0.12462649028748274,0.11906805075705051,0.1153094619512558,0.11683250218629837,0.11848893389105797,0.12152900360524654,0.11979692429304123,0.12016687728464603,0.11844267323613167,0.11845407634973526,0.1166011355817318,0.11931737884879112,0.12005965411663055,0.11925803497433662,0.11975034233182669,0.1174178272485733,0.11757192108780146,0.11690590158104897,0.11711097974330187,0.11787382513284683,0.11887730751186609,0.11538152117282152,0.11577322520315647,0.11781971715390682,0.11976369470357895,0.11847591307014227,0.11686777416616678,0.11665558442473412,0.11833398975431919,0.11639633774757385,0.11785130389034748,0.11628918908536434,0.11653773579746485,0.11548145208507776,0.11590283829718828,0.11744261812418699,0.11967554409056902,0.11997471004724503,0.11899910401552916,0.1189806554466486,0.1207683952525258,0.12081177067011595,0.11976536270231009,0.11687461818967547
SGF_RFW_ST4L20_PA,3,6,0.0861717859903971,0.09768436352411902,7.267502784729004,6.944162368774414,411.39722871780396,6428.081698715687,64,1920,7320,1140,25060,1140,0,0.5174221470952034,0.5188716873526573,0.5236986726522446,0.519903153181076,0.5242444053292274,0.534475065767765,0.5339792668819427,0.5299236103892326,0.5270495191216469,0.5289575383067131,0.5289319828152657,0.5291541963815689,0.5308538153767586,0.5282339826226234,0.5247135758399963,0.5301918238401413,0.5320023447275162,0.5321645885705948,0.5288827642798424,0.5283500030636787,0.5344486758112907,0.5292959362268448,0.5203269794583321,0.5248741656541824,0.5260864719748497,0.5263127535581589,0.5295156538486481,0.5256087929010391,0.5241923034191132,0.5260310471057892,0.5224276483058929,0.5246340930461884,0.5296764373779297,0.5329363495111465,0.5296689793467522,0.5247544422745705,0.5239188075065613,0.5321682915091515,0.5310609415173531,0.5254114121198654,0.5252686068415642,0.5278989374637604,0.5259911194443703,0.5301118120551109,0.5285930708050728,0.5231127291917801,0.523643746972084,0.5272981950214931,0.4700647443532944,0.4653727114200592,0.45980100333690643,0.467929121106863,0.4596366509795189,0.4591001458466053,0.45845915749669075,0.4621623195707798,0.46381407231092453,0.4656776040792465,0.46480752900242805,0.46546296775341034,0.46357208862900734,0.46602384001016617,0.4658449925482273,0.46193812787532806,0.4575682617723942,0.45889176428318024,0.4641016386449337,0.46330075338482857,0.45735132694244385,0.4614177495241165,0.47196079418063164,0.46951522678136826,0.4673399589955807,0.46947571262717247,0.46277812123298645,0.46653812006115913,0.46623650938272476,0.46493641659617424,0.4668161869049072,0.4659479297697544,0.4599631652235985,0.45971861854195595,0.46310901641845703,0.465535756200552,0.4691278971731663,0.4583802781999111,0.46198486536741257,0.4645881913602352,0.4642263688147068,0.4673946350812912,0.46831998601555824,0.4657534770667553,0.46333716437220573,0.46540645509958267,0.46507222577929497,0.46396423663411823,0.10987666063010693,0.11238989047706127,0.11303638573735952,0.1149155180901289,0.11575208231806755,0.11671856883913279,0.11824988480657339,0.11565111484378576,0.11679894663393497,0.118043914437294,0.11917369067668915,0.11696991603821516,0.11844304669648409,0.11699323914945126,0.11690602637827396,0.11696655489504337,0.11815640330314636,0.1187600502744317,0.11719766352325678,0.11470529343932867,0.11530821956694126,0.11653706338256598,0.11343409866094589,0.11601835582405329,0.11694931425154209,0.11392044834792614,0.1139225298538804,0.11448065750300884,0.11668864544481039,0.11614796612411737,0.11626426596194506,0.11677715089172125,0.11882673669606447,0.11911063548177481,0.11894815787672997,0.1167870033532381,0.11549444776028395,0.11591937206685543,0.11632661521434784,0.11730301473289728,0.11960149928927422,0.11778004188090563,0.11867689900100231,0.11677253060042858,0.11553830374032259,0.11948566790670156,0.11937922053039074,0.11881905261959348
SGF_RFW_ST4L20_PA,0,7,0.05114444096883142,0.04757744073867798,2.249206781387329,2.23638916015625,302.71620631217957,4729.940723627806,64,1920,7320,1140,25060,1140,0,0.5222945809364319,0.5212681293487549,0.5212302580475807,0.5209998562932014,0.5200626775622368,0.5221549272537231,0.5273679196834564,0.5278035774827003,0.5270525589585304,0.5289492383599281,0.528090663254261,0.5286203101277351,0.527638241648674,0.5285400748252869,0.5345662534236908,0.5317636430263519,0.5294585078954697,0.5261470004916191,0.5265812054276466,0.5278531238436699,0.5270166844129562,0.5277871415019035,0.5285924673080444,0.529501162469387,0.5280060321092606,0.5258891880512238,0.5281818956136703,0.5270751863718033,0.5276200026273727,0.5283429026603699,0.526731014251709,0.5297277197241783,0.5279204398393631,0.5262805745005608,0.5269093364477158,0.5260970816016197,0.5287745669484138,0.5285722762346268,0.5293774008750916,0.5317694172263145,0.530030831694603,0.5295353606343269,0.5269799157977104,0.525231309235096,0.5289188697934151,0.5279543250799179,0.5303010493516922,0.5304347702435085,0.5734486877918243,0.576945386826992,0.5748629420995712,0.5748834162950516,0.5759138986468315,0.5736872032284737,0.5711934715509415,0.5721160992980003,0.5740193277597427,0.5730965435504913,0.5729428306221962,0.5710072740912437,0.5696143507957458,0.5698382705450058,0.5680995509028435,0.5706849694252014,0.5709382221102715,0.5723476633429527,0.5722457319498062,0.572337195277214,0.5739682391285896,0.5709075257182121,0.5709687098860741,0.5715093538165092,0.5728176161646843,0.5739130154252052,0.5740446671843529,0.5737652704119682,0.573513887822628,0.5741302147507668,0.5751593932509422,0.5744470879435539,0.5743882358074188,0.5757033377885818,0.5752218961715698,0.5752506256103516,0.5741113349795341,0.5749878883361816,0.5742519199848175,0.5739837065339088,0.5744998008012772,0.5752127021551132,0.5751423090696335,0.57603420317173,0.5740149989724159,0.5750579163432121,0.5735957622528076,0.5735386780330113,0.08980747312307358,0.09149803314357996,0.09051543474197388,0.08952773176133633,0.0903161820024252,0.09021562337875366,0.09206092450767756,0.09204747062176466,0.09268813766539097,0.09326420165598392,0.09306283760815859,0.0919848158955574,0.09119592141360044,0.09103100653737783,0.08872311562299728,0.08856977615505457,0.09145730547606945,0.09380518365651369,0.09404769912362099,0.09314297325909138,0.09238733910024166,0.09323707967996597,0.09313974995166063,0.09265266451984644,0.09260342456400394,0.09222356509417295,0.09221689496189356,0.09226284734904766,0.0918999332934618,0.0927194356918335,0.09339516144245863,0.09301851037889719,0.0917951101437211,0.09263669513165951,0.09142187982797623,0.09157890360802412,0.09098701551556587,0.09180266968905926,0.09331765677779913,0.0928224977105856,0.09278169274330139,0.09346773754805326,0.09213361237198114,0.09250366687774658,0.09361610282212496,0.09323586896061897,0.09278353117406368,0.09030482705150332
SGF_RFW_ST4L20_PA,1,7,0.05639592806498206,0.0539453228314718,2.518105983734131,2.743588447570801,303.30986166000366,4739.216588437557,64,1920,7320,1140,25060,1140,0,0.5422488078474998,0.5445382073521614,0.5441996827721596,0.5392326787114143,0.535493977367878,0.5446434691548347,0.5486544445157051,0.5515401065349579,0.551149532198906,0.5537874177098274,0.54853106290102,0.5439620912075043,0.5423122867941856,0.5389978364109993,0.5344440937042236,0.5340645983815193,0.5370779484510422,0.5380898043513298,0.5383971109986305,0.5413206666707993,0.5410765781998634,0.5436771064996719,0.5375455096364021,0.5425402000546455,0.5461513623595238,0.5468699634075165,0.5470075458288193,0.5477071329951286,0.5443321019411087,0.5387946367263794,0.5388387963175774,0.54070995002985,0.5409025102853775,0.541265644133091,0.5402922928333282,0.5428524315357208,0.5430210009217262,0.5485240742564201,0.5442426428198814,0.5418041422963142,0.5405308157205582,0.5392149910330772,0.5494470670819283,0.5528157874941826,0.5490769743919373,0.5451356545090675,0.5454166606068611,0.5444727710315159,0.6027260050177574,0.5992172583937645,0.5969704315066338,0.5989450365304947,0.6014685779809952,0.5966382771730423,0.5971504524350166,0.5937213599681854,0.5932872444391251,0.5907474979758263,0.594115674495697,0.5999550372362137,0.6012973338365555,0.5988697856664658,0.6054272204637527,0.612003467977047,0.6130791753530502,0.6124529093503952,0.6036536768078804,0.599629282951355,0.6011075526475906,0.5982050150632858,0.6045168787240982,0.6045439168810844,0.6073359325528145,0.6014231443405151,0.5967509597539902,0.5962842106819153,0.5976514294743538,0.6060452684760094,0.6129835769534111,0.6098485887050629,0.6042531132698059,0.5980883911252022,0.5977485775947571,0.5974835604429245,0.6008637920022011,0.60341876745224,0.6122039183974266,0.6155830472707748,0.6121723502874374,0.6087777763605118,0.601678155362606,0.5966667458415031,0.5984281972050667,0.5995079204440117,0.5973501950502396,0.595470837184361,0.08402298577129841,0.08599857334047556,0.08381120953708887,0.08194094616919756,0.08165313117206097,0.08168237842619419,0.0840108385309577,0.08414479345083237,0.08408866822719574,0.08465663250535727,0.08215262182056904,0.07968103140592575,0.0803742678835988,0.08257877361029387,0.08351082447916269,0.08335723076015711,0.08527401275932789,0.08506141416728497,0.08561182767152786,0.08491895347833633,0.08496641647070646,0.0870393319055438,0.08590127900242805,0.08541654888540506,0.0839879335835576,0.08528761938214302,0.08479563519358635,0.08533706329762936,0.08674230333417654,0.08562469482421875,0.08500360604375601,0.08572329767048359,0.08534848596900702,0.08539503999054432,0.0856923907995224,0.08375383354723454,0.08398613892495632,0.08282993268221617,0.08214867021888494,0.08390901517122984,0.08606939110904932,0.08649472426623106,0.08441580273211002,0.08349315170198679,0.08266231510788202,0.08227007742971182,0.08271598070859909,0.083964361676148
SGF_RFW_ST4L20_PA,2,7,0.03781435887018836,0.03688383102416992,2.6310245990753174,2.513395071029663,303.5227241516113,4742.542564868927,64,1920,7320,1140,25060,1140,0,0.4779716022312641,0.4772328659892082,0.47777121141552925,0.4810745567083359,0.4830940105021,0.48813651874661446,0.4883500710129738,0.48815876990556717,0.4873959980905056,0.4857609458267689,0.48672958835959435,0.487845279276371,0.4859948791563511,0.48370499536395073,0.48815082758665085,0.49087725579738617,0.48850875720381737,0.48762932419776917,0.48677337914705276,0.48379089310765266,0.48776916041970253,0.4839546009898186,0.483736839145422,0.48855961859226227,0.48400189727544785,0.4866328649222851,0.48526886105537415,0.48559627309441566,0.48697809129953384,0.486838947981596,0.4860243536531925,0.4854484908282757,0.4832208715379238,0.48482250794768333,0.48739850148558617,0.49063391983509064,0.48883309960365295,0.4849601686000824,0.48293324187397957,0.4818119518458843,0.4857415333390236,0.4843378886580467,0.48761384561657906,0.48868278414011,0.4918537065386772,0.4942440018057823,0.48696738481521606,0.48660135694912504,0.6185851469635963,0.6205423772335052,0.6210896745324135,0.6212352067232132,0.6199399158358574,0.6197894141077995,0.6182405576109886,0.6218589395284653,0.620509959757328,0.6214647740125656,0.6213545426726341,0.6201376691460609,0.620694138109684,0.621604435145855,0.6185048744082451,0.6163671389222145,0.6164922192692757,0.617501400411129,0.6182393878698349,0.6197839975357056,0.6177884116768837,0.6193990111351013,0.6200556606054306,0.6187190935015678,0.6195887178182602,0.6196807026863098,0.617923192679882,0.6177576258778572,0.6172055155038834,0.6163048222661018,0.6205155625939369,0.6225036755204201,0.6232138499617577,0.6200378090143204,0.6181799843907356,0.6159011870622635,0.6170729026198387,0.6179056912660599,0.6199401021003723,0.6196217387914658,0.6176190599799156,0.6233045682311058,0.6201874241232872,0.6176186800003052,0.615800753235817,0.6146443039178848,0.6213109269738197,0.6184198004858834,0.07183223217725754,0.07114321365952492,0.07039260864257812,0.07022433169186115,0.06891850754618645,0.0666196346282959,0.06842176802456379,0.06765302550047636,0.06863623484969139,0.06936449278146029,0.06898904964327812,0.06834613345563412,0.06849933043122292,0.0686444928869605,0.07094731461256742,0.0701325573027134,0.07089024782180786,0.07152041420340538,0.07070387527346611,0.07008549943566322,0.06965757440775633,0.06867173872888088,0.07181394658982754,0.0709767397493124,0.07104682363569736,0.07039089314639568,0.07125068549066782,0.07062144670635462,0.06991409230977297,0.07053895574063063,0.07013486512005329,0.0681398632004857,0.06832453329116106,0.0698108533397317,0.06968366634100676,0.0710602244362235,0.07017422746866941,0.07188089657574892,0.07103096228092909,0.07064540032297373,0.07138463947921991,0.07013687584549189,0.07004864700138569,0.07169822510331869,0.07119597215205431,0.07124338205903769,0.06956760957837105,0.06898642544235502
SGF_RFW_ST4L20_PA,3,7,0.054865022500356075,0.04943517843882239,2.316507339477539,3.4595589637756348,542.9810876846313,8484.079495072365,64,1920,7320,1140,25060,1140,0,0.5193231999874115,0.5244158580899239,0.528716079890728,0.5314569547772408,0.5311974957585335,0.5338901355862617,0.538325697183609,0.5385745018720627,0.535755418241024,0.53416508436203,0.5365536138415337,0.5346584692597389,0.5405305847525597,0.5394788235425949,0.5369279533624649,0.5363958701491356,0.531720370054245,0.5331334546208382,0.5323410630226135,0.5359389707446098,0.5380437970161438,0.5390868335962296,0.5367501676082611,0.5320972949266434,0.5366989448666573,0.5358499959111214,0.5355631783604622,0.5360222980380058,0.5367519706487656,0.5340940356254578,0.5369388163089752,0.5351300090551376,0.5381965339183807,0.530170165002346,0.5281676277518272,0.5260657966136932,0.5219260007143021,0.5267917215824127,0.5292150601744652,0.5323613956570625,0.5364256128668785,0.5363304689526558,0.5382508113980293,0.5356116741895676,0.5346531942486763,0.5343826040625572,0.5348431169986725,0.5389659404754639,0.5678771585226059,0.5654884502291679,0.560076616704464,0.5548043549060822,0.5518611371517181,0.5458716377615929,0.5400861650705338,0.5395746976137161,0.5469110831618309,0.5576399713754654,0.5588682293891907,0.5568558350205421,0.5556760206818581,0.5542769283056259,0.5569168329238892,0.5577790960669518,0.561017133295536,0.5614980608224869,0.558505192399025,0.5544623360037804,0.5539889708161354,0.5547836869955063,0.5603721886873245,0.5664278864860535,0.5684335976839066,0.5650954619050026,0.5602544248104095,0.5561306998133659,0.5570638328790665,0.5635684952139854,0.5610380694270134,0.5614919513463974,0.5593569055199623,0.5600849688053131,0.5582998618483543,0.5559060648083687,0.5600802600383759,0.5601156204938889,0.5634528622031212,0.5644811391830444,0.5629994943737984,0.5624558627605438,0.5624281093478203,0.5612962171435356,0.5565103888511658,0.554814025759697,0.5526499897241592,0.5513001254626683,0.08647467382252216,0.08979388885200024,0.09028460178524256,0.08911094535142183,0.09042493999004364,0.08935466129332781,0.0889995526522398,0.08834533486515284,0.08541208691895008,0.08321029134094715,0.0835645217448473,0.08521587308496237,0.08511802460998297,0.0853028679266572,0.08588846027851105,0.0857628881931305,0.08774342760443687,0.08792197611182928,0.08857729751616716,0.08953122422099113,0.08922866079956293,0.08697935380041599,0.08615349978208542,0.08341421186923981,0.08668260090053082,0.0875434335321188,0.08328877203166485,0.08409637957811356,0.08401555847376585,0.0848289504647255,0.08673972729593515,0.08602545130997896,0.08710918668657541,0.08620491251349449,0.08753658179193735,0.08783215470612049,0.08728928864002228,0.08743105176836252,0.08562963176518679,0.08672446571290493,0.08582299016416073,0.08345472905784845,0.08638770412653685,0.08729043789207935,0.08767900336533785,0.08540941681712866,0.08657197002321482,0.08826392037527901
SGF_RFW_ST4L20_PA,0,8,0.29989659786224365,0.22284913063049316,5.314211368560791,7.567107200622559,302.8467605113983,4731.980632990599,64,1920,7320,1140,25060,1140,0,0.5117476582527161,0.5181097686290741,0.5214290916919708,0.5228168591856956,0.517350435256958,0.5214100554585457,0.5211251750588417,0.5224947184324265,0.5244758799672127,0.529041551053524,0.5320170149207115,0.5286121070384979,0.524990014731884,0.5277454406023026,0.5323702618479729,0.5318447202444077,0.5299919098615646,0.5309301614761353,0.5263744369149208,0.5279042273759842,0.5259932354092598,0.5363467410206795,0.5438080728054047,0.5429256483912468,0.5452597886323929,0.5442251563072205,0.5445879995822906,0.55125343054533,0.5506584867835045,0.5461733639240265,0.5422616302967072,0.5404182150959969,0.5372688993811607,0.5440693497657776,0.5495679453015327,0.5526452884078026,0.5485255867242813,0.5444680526852608,0.5437508895993233,0.5485651567578316,0.5496397614479065,0.5498947352170944,0.5467802137136459,0.5423789545893669,0.5461908876895905,0.5470728129148483,0.5429046973586082,0.539530771119254,0.4062601067125797,0.39701760932803154,0.39974676072597504,0.4006967321038246,0.4059843048453331,0.4053104780614376,0.40485328435897827,0.40655064955353737,0.4078186973929405,0.406897347420454,0.4048634245991707,0.4037516973912716,0.39727216586470604,0.39529286697506905,0.39586494863033295,0.4036720544099808,0.4076644219458103,0.4050626941025257,0.40447141975164413,0.40344293788075447,0.4049425832927227,0.3990629091858864,0.394802026450634,0.39242182672023773,0.3920203261077404,0.3899325542151928,0.3919922411441803,0.39099156484007835,0.39709169417619705,0.3984173573553562,0.39598849043250084,0.3949439153075218,0.3974969796836376,0.3904823251068592,0.38845181465148926,0.3856358267366886,0.38472185656428337,0.39135704934597015,0.3885209783911705,0.3837634436786175,0.3837289325892925,0.38663945719599724,0.3898049369454384,0.39704396203160286,0.3950938917696476,0.39157555997371674,0.38927409797906876,0.39307099155017305,0.1717844270169735,0.17262469604611397,0.17355292104184628,0.17337553389370441,0.17157747969031334,0.17421889677643776,0.17819929495453835,0.1785220317542553,0.1808291245251894,0.18256275355815887,0.18005118519067764,0.1773309912532568,0.1755715049803257,0.17586442828178406,0.17859547771513462,0.18072832562029362,0.1781996265053749,0.1788994688540697,0.17886698246002197,0.17933975532650948,0.17773660458624363,0.17747295647859573,0.17570341378450394,0.17505285143852234,0.17459934018552303,0.17456134408712387,0.17616857029497623,0.18007195927202702,0.1786126010119915,0.17638098821043968,0.17534413933753967,0.17656203173100948,0.17753947153687477,0.17736396379768848,0.1762370988726616,0.177476916462183,0.1769114024937153,0.17750910483300686,0.17612950317561626,0.17405459471046925,0.17341130413115025,0.1754465512931347,0.17925264313817024,0.1813585590571165,0.1832832768559456,0.18157557025551796,0.18162468820810318,0.17776618685041154
SGF_RFW_ST4L20_PA,1,8,0.23501594861348474,0.31280614932378137,7.052813529968262,7.203697204589844,303.17847633361816,4737.163692712784,64,1920,7320,1140,25060,1140,0,0.5554545000195503,0.5478055030107498,0.5537719950079918,0.5641344785690308,0.5676651895046234,0.5563692674040794,0.5532176867127419,0.5545605197548866,0.5558179691433907,0.5512141138315201,0.5532534644007683,0.5535463020205498,0.5496216416358948,0.545232392847538,0.5604004934430122,0.5700595304369926,0.5725190341472626,0.5673090815544128,0.5597445070743561,0.5581147372722626,0.5567783489823341,0.5644270703196526,0.56029412150383,0.5631280839443207,0.5659391358494759,0.5628414526581764,0.5503851994872093,0.5531739369034767,0.5525884479284286,0.5519094094634056,0.5641450434923172,0.5558876767754555,0.5577902942895889,0.5580221191048622,0.5585460364818573,0.5532908514142036,0.5491218939423561,0.5513909757137299,0.5567682832479477,0.5614380091428757,0.5573964789509773,0.5579854175448418,0.5588198527693748,0.5541716814041138,0.5489882901310921,0.5420360714197159,0.5464275404810905,0.5466175419943673,0.3424828350543976,0.3481510542333126,0.33997325971722603,0.3320172503590584,0.33679818361997604,0.3486699014902115,0.34707117080688477,0.34433380886912346,0.3477005995810032,0.35382742807269096,0.3539583049714565,0.3557065725326538,0.35459041595458984,0.3540208488702774,0.34247691184282303,0.3356298729777336,0.3359181545674801,0.3459458276629448,0.35210924968123436,0.352205041795969,0.35007352381944656,0.33983089402318,0.344816192984581,0.343063049018383,0.34364043921232224,0.34625667706131935,0.35186151787638664,0.3505816236138344,0.35176175832748413,0.3563161864876747,0.34380432963371277,0.349180668592453,0.3463039733469486,0.3413202613592148,0.34494705498218536,0.3509751111268997,0.34951214864850044,0.34634385630488396,0.34437406808137894,0.3431468568742275,0.3431233949959278,0.33805814385414124,0.3369408957660198,0.34658681973814964,0.34755441918969154,0.3523589260876179,0.3479093722999096,0.35173425504139494,0.15365857630968094,0.158656632527709,0.1596323885023594,0.15700259432196617,0.14999260567128658,0.15218866057693958,0.1560980100184679,0.1615919265896082,0.16239706426858902,0.1621594112366438,0.1593392714858055,0.15448754467070103,0.14904659055173397,0.15094509907066822,0.1570618525147438,0.16400178335607052,0.16059039905667305,0.16052023880183697,0.1560688093304634,0.1551557406783104,0.15147780999541283,0.15500976145267487,0.15585748851299286,0.1534661240875721,0.15384830720722675,0.15593810006976128,0.15423297695815563,0.15555286593735218,0.15140225924551487,0.15189415402710438,0.15580075792968273,0.1547490656375885,0.1565491296350956,0.15519139356911182,0.1576774064451456,0.1561589054763317,0.15492316335439682,0.15217465534806252,0.15363222919404507,0.15495259873569012,0.1589022409170866,0.15930440835654736,0.1538596749305725,0.1502431184053421,0.1537320725619793,0.1534552089869976,0.15202000364661217,0.1557945225919996
SGF_RFW_ST4L20_PA,2,8,0.25001408656438195,0.19270867109298706,6.032945156097412,8.090795516967773,303.5273611545563,4742.615018039942,64,1920,7320,1140,25060,1140,0,0.5020790919661522,0.4943929724395275,0.49314234778285027,0.4962855614721775,0.5005044676363468,0.5090762302279472,0.5170660689473152,0.5234484001994133,0.5261197611689568,0.5311689525842667,0.5243696197867393,0.5195127204060555,0.5150615274906158,0.5177869126200676,0.505443274974823,0.5084839835762978,0.510552391409874,0.5197897404432297,0.5391471460461617,0.5417977124452591,0.5368173494935036,0.5249799489974976,0.5251464024186134,0.5208575129508972,0.5131072774529457,0.517963819205761,0.5144985765218735,0.5190469548106194,0.5175038650631905,0.5176825374364853,0.5154115930199623,0.5215511471033096,0.5178670808672905,0.5146818608045578,0.5014612637460232,0.5044786185026169,0.4914730004966259,0.49563731253147125,0.5221960283815861,0.507164292037487,0.5115708112716675,0.5109552145004272,0.5144937485456467,0.520127035677433,0.5237386375665665,0.5234440490603447,0.5223222821950912,0.5202555741582598,0.359501238912344,0.35245636850595474,0.34962232410907745,0.34242264553904533,0.3358476236462593,0.3325034938752651,0.33667873218655586,0.331841167062521,0.3270229510962963,0.320113405585289,0.33074308186769485,0.33406955748796463,0.3278508521616459,0.32972175627946854,0.33267421647906303,0.32719023525714874,0.31988996639847755,0.3195577561855316,0.3179590180516243,0.31420430913567543,0.31781234592199326,0.3176078237593174,0.3064378947019577,0.3089594952762127,0.313957329839468,0.3092762716114521,0.3122944086790085,0.30917782709002495,0.3017820194363594,0.310173649340868,0.31846268847584724,0.31313780322670937,0.3195212073624134,0.31422752887010574,0.32238685339689255,0.3283560834825039,0.3397187814116478,0.3418673947453499,0.329855527728796,0.3415398895740509,0.3328181579709053,0.32984039559960365,0.331691388040781,0.3289920762181282,0.3294706791639328,0.3318357840180397,0.32404325529932976,0.3174289507525308,0.15106915310025215,0.15158364921808243,0.15393834561109543,0.1499462015926838,0.15215301141142845,0.1459724884480238,0.1475727166980505,0.1469213142991066,0.14959270134568214,0.14982935972511768,0.15243969298899174,0.1522252019494772,0.15077494271099567,0.14625054970383644,0.14741897583007812,0.14878840185701847,0.15520085021853447,0.15997177176177502,0.1572443787008524,0.1530169676989317,0.14624899625778198,0.1426421646028757,0.13781128823757172,0.13724156469106674,0.13733243383467197,0.13626207411289215,0.13679929822683334,0.13584144599735737,0.13609239272773266,0.14189217425882816,0.14244592562317848,0.1457212846726179,0.14317476376891136,0.1374197732657194,0.13717537932097912,0.13587908633053303,0.13599514216184616,0.13917322643101215,0.14198081381618977,0.14526468701660633,0.1474485546350479,0.14966749213635921,0.1494880262762308,0.14796502888202667,0.14529292471706867,0.143309922888875,0.14902153983712196,0.15216299039976938
SGF_RFW_ST4L20_PA,3,8,0.22394945224126184,0.2552387913068136,6.964620590209961,6.759767532348633,628.4058880805969,9818.842001259327,64,1920,7320,1140,25060,1140,0,0.4919295273721218,0.49941208586096764,0.4996477924287319,0.4966175928711891,0.4983256794512272,0.49726802483201027,0.5007823593914509,0.5035878345370293,0.5094177275896072,0.503257479518652,0.4914327971637249,0.48983439058065414,0.5019078403711319,0.49472738429903984,0.4936300963163376,0.48429156839847565,0.4864998683333397,0.49865612015128136,0.5054654590785503,0.5002407655119896,0.5035490915179253,0.5051534920930862,0.4999970644712448,0.4973878227174282,0.4969629868865013,0.49780726060271263,0.5065663009881973,0.5062593817710876,0.5057670399546623,0.5056679099798203,0.512021116912365,0.5048535838723183,0.5082787349820137,0.505019411444664,0.5056431330740452,0.5005016960203648,0.49784882739186287,0.5063501931726933,0.5102321729063988,0.5090979114174843,0.5063929706811905,0.509704053401947,0.5078302547335625,0.5090866610407829,0.5079185217618942,0.5019840896129608,0.502690814435482,0.5060709800039019,0.3489520736038685,0.3397929221391678,0.3409632369875908,0.3422704003751278,0.3368403688073158,0.3391052819788456,0.3395959995687008,0.34870336204767227,0.3441478759050369,0.34923164919018745,0.35378793627023697,0.35285839065909386,0.34810126945376396,0.3524804785847664,0.3502699136734009,0.36338018998503685,0.3604869954288006,0.34797942265868187,0.3383077271282673,0.3453548848628998,0.3412490002810955,0.3427901081740856,0.34000879898667336,0.3371795304119587,0.3418456017971039,0.3406023383140564,0.3401064909994602,0.33698492497205734,0.33737679198384285,0.3372259624302387,0.32948552444577217,0.34041720628738403,0.337880477309227,0.3317823000252247,0.3283800482749939,0.3330315798521042,0.3442046716809273,0.34313034638762474,0.3408135138452053,0.33984335884451866,0.3465529978275299,0.3420064002275467,0.3377186581492424,0.33623001351952553,0.338110588490963,0.3410221263766289,0.34550485387444496,0.340605297258922,0.14867574907839298,0.14750224724411964,0.14809558168053627,0.14529113471508026,0.1438545510172844,0.14391867630183697,0.14145620539784431,0.14299901761114597,0.14418119564652443,0.1441402081400156,0.14430067129433155,0.15216315537691116,0.15207150392234325,0.14810943976044655,0.14378948509693146,0.14393296465277672,0.14215415716171265,0.14598295651376247,0.1458403654396534,0.1467970721423626,0.14232977107167244,0.14339651353657246,0.14187723770737648,0.1398190502077341,0.14042957685887814,0.1378298234194517,0.1402580589056015,0.14036628790199757,0.14107613638043404,0.1402356382459402,0.1403081975877285,0.14440505765378475,0.13864143937826157,0.14044559560716152,0.14011556655168533,0.14234955422580242,0.14570914208889008,0.14330759458243847,0.1445180308073759,0.14606123231351376,0.14786257036030293,0.14334258623421192,0.14001931995153427,0.1396359596401453,0.14116456173360348,0.14455129578709602,0.14639542438089848,0.1425213451896395
SGF_RFW_ST4L20_PA,0,9,0.09804920355478919,0.12261627117792762,5.684444904327393,5.58884334564209,301.07874941825867,4704.355459660292,64,1920,7320,1140,25060,1140,0,0.4416472986340523,0.44677290692925453,0.4479845426976681,0.4444109871983528,0.4473268389701843,0.4525498263537884,0.45965639874339104,0.45513205975294113,0.4473216272890568,0.4395501911640167,0.44121645763516426,0.434550479054451,0.4454117640852928,0.45298102498054504,0.4419964626431465,0.4461224228143692,0.4440268352627754,0.44546883925795555,0.4570615887641907,0.4499603360891342,0.4486619532108307,0.44104643911123276,0.4429391324520111,0.43847261369228363,0.43961870670318604,0.4442402273416519,0.4458507262170315,0.4543282277882099,0.4522392153739929,0.44748470932245255,0.4492185153067112,0.44622069224715233,0.4477868527173996,0.4483549892902374,0.4510529227554798,0.4535009302198887,0.450377993285656,0.44606927409768105,0.44640660285949707,0.4428343176841736,0.444688830524683,0.44963614642620087,0.44487301632761955,0.44691622257232666,0.44384946301579475,0.4463806599378586,0.44460417702794075,0.4426135676247733,0.4514312334358692,0.46316779032349586,0.47451843693852425,0.4729802757501602,0.4749956615269184,0.4705197364091873,0.45841557905077934,0.46790360659360886,0.4760655276477337,0.4840976931154728,0.4746837876737118,0.48369523137807846,0.46049507334828377,0.45123403146862984,0.46165580302476883,0.466358058154583,0.46711692586541176,0.454792995005846,0.45552870631217957,0.4584990069270134,0.46292679756879807,0.4636991247534752,0.45734304934740067,0.46881191805005074,0.4647177457809448,0.4581918902695179,0.45961710438132286,0.4586569331586361,0.4635311849415302,0.4649263955652714,0.4657212384045124,0.45984669402241707,0.45964261144399643,0.4533451795578003,0.45804350450634956,0.45519160479307175,0.461785513907671,0.4607800059020519,0.45871516317129135,0.4558275118470192,0.4559773616492748,0.46623263880610466,0.4670996218919754,0.4640583097934723,0.4597540907561779,0.45995111390948296,0.4622541218996048,0.4675938444478171,0.05167450290173292,0.05560899153351784,0.059927424881607294,0.051774782594293356,0.047483894508332014,0.046482689678668976,0.045467022340744734,0.04749013436958194,0.04748403048142791,0.04623054014518857,0.04662480717524886,0.04666705382987857,0.046668204478919506,0.049249143339693546,0.04713247576728463,0.045940350741147995,0.047359623946249485,0.046839024405926466,0.046128264628350735,0.044874985702335835,0.045741052366793156,0.046614306047558784,0.04663381818681955,0.04473556578159332,0.0471951998770237,0.04907760210335255,0.050235523376613855,0.049737615045160055,0.04959287866950035,0.04980942467227578,0.048609723802655935,0.049527977127581835,0.0508884834125638,0.051087234634906054,0.05090592801570892,0.04831543378531933,0.04876184882596135,0.0482726632617414,0.048356722109019756,0.049753769766539335,0.04909974243491888,0.047692079562693834,0.04829114582389593,0.047548402566462755,0.04795726016163826,0.049309388268738985,0.04976499732583761,0.050775026104279926
SGF_RFW_ST4L20_PA,1,9,0.18009831508000695,0.17132021983464563,5.682240962982178,5.724174976348877,304.19926595687866,4753.113530576229,64,1920,7320,1140,25060,1140,0,0.4306708723306656,0.43280601501464844,0.4334499165415764,0.43459880352020264,0.4369324967265129,0.43650010228157043,0.4438680335879326,0.4423888996243477,0.44195862486958504,0.437350582331419,0.44228070601820946,0.4413279816508293,0.4397438056766987,0.4414445459842682,0.4435899741947651,0.4418027102947235,0.44387897849082947,0.4412439875304699,0.4395671598613262,0.4418549984693527,0.44033247977495193,0.442852970212698,0.440913837403059,0.4412448965013027,0.4373619630932808,0.44554005935788155,0.4410144053399563,0.4441409707069397,0.4409879595041275,0.43612363189458847,0.4387221932411194,0.43931135162711143,0.4380103088915348,0.44374343752861023,0.4459286481142044,0.4429559260606766,0.43944262340664864,0.4382690340280533,0.4411163814365864,0.43965578079223633,0.4439879357814789,0.44360559806227684,0.4430480897426605,0.4437587074935436,0.4444996602833271,0.4415184520184994,0.44396043196320534,0.4447936075074332,0.46922092884778976,0.4679473713040352,0.47331612184643745,0.46932386979460716,0.4685944579541683,0.46825292333960533,0.4717939607799053,0.4642060361802578,0.46822288259863853,0.4672872722148895,0.46788404509425163,0.4733833037316799,0.4702329896390438,0.4691462256014347,0.4658954069018364,0.4658220261335373,0.46919354423880577,0.46888573095202446,0.4713559150695801,0.4715353213250637,0.4673340320587158,0.467336717993021,0.4696357138454914,0.46868300065398216,0.47080718353390694,0.4649401977658272,0.4665185734629631,0.4657795615494251,0.468374278396368,0.4705609381198883,0.47330425679683685,0.47156792506575584,0.4701261855661869,0.4694707579910755,0.46863240748643875,0.46828804910182953,0.47030187025666237,0.4706759862601757,0.4701461046934128,0.4713701196014881,0.468090046197176,0.46951526775956154,0.46915798261761665,0.47018250077962875,0.47022684663534164,0.4713182672858238,0.46960314735770226,0.4698438048362732,0.05612731724977493,0.058015622198581696,0.05774539289996028,0.05944723263382912,0.06001025717705488,0.056821347679942846,0.05892756208777428,0.06059977924451232,0.0572654721327126,0.060082627926021814,0.05933967139571905,0.06117975851520896,0.058320076670497656,0.05645666643977165,0.059821081813424826,0.06053825234994292,0.05818519229069352,0.0600585644133389,0.05771237937733531,0.05738533986732364,0.06115867616608739,0.0597083461470902,0.05751129286363721,0.05758620286360383,0.05734733957797289,0.05786747857928276,0.06014518439769745,0.05865399958565831,0.05867535574361682,0.057357257697731256,0.056085873395204544,0.05655364505946636,0.05861198576167226,0.05974305747076869,0.05966444592922926,0.059424711391329765,0.05811523040756583,0.059124959632754326,0.05904011009261012,0.05860381526872516,0.06014173151925206,0.05926655977964401,0.05973135260865092,0.05925963958725333,0.056512610986828804,0.057901475578546524,0.059025433380156755,0.057250584342650006
SGF_RFW_ST4L20_PA,2,9,0.1527288953463236,0.1816400488217672,3.821505546569824,4.1556854248046875,303.34716272354126,4739.799417555332,64,1920,7320,1140,25060,1140,0,0.5167888551950455,0.5131810680031776,0.5163777247071266,0.5141831785440445,0.5113473311066628,0.5148163884878159,0.5171404406428337,0.5207127034664154,0.5205180943012238,0.5116651654243469,0.5151889100670815,0.5193965286016464,0.5200486108660698,0.5177889615297318,0.5168737322092056,0.5143535360693932,0.5247380137443542,0.519080325961113,0.5248393416404724,0.5183961391448975,0.5225958675146103,0.5161475464701653,0.5210442170500755,0.5214886888861656,0.5242241844534874,0.5252884179353714,0.5197640433907509,0.5230663642287254,0.5164753943681717,0.5207477658987045,0.5159896612167358,0.5129214003682137,0.5069612450897694,0.5097946226596832,0.5133593752980232,0.5233760550618172,0.5239810571074486,0.5142180174589157,0.5153841972351074,0.5124314725399017,0.5223484039306641,0.5211078897118568,0.5231983438134193,0.5194184184074402,0.5189869105815887,0.5128668546676636,0.5193880721926689,0.5212883012635368,0.46462681889533997,0.46779726445674896,0.46891501918435097,0.4648565500974655,0.4712994545698166,0.4750213585793972,0.4740678034722805,0.47171909362077713,0.46785253658890724,0.47232576832175255,0.4760623797774315,0.4745783507823944,0.47227414697408676,0.4707176834344864,0.473984956741333,0.4686034098267555,0.46482212096452713,0.46972985938191414,0.46963488310575485,0.46675341948866844,0.46960876137018204,0.4784613326191902,0.46990520507097244,0.46876467019319534,0.46813808009028435,0.46588461473584175,0.472368810325861,0.4690953493118286,0.473160732537508,0.4692722447216511,0.4728751890361309,0.4804275818169117,0.48435400053858757,0.487726878374815,0.48412222787737846,0.47702835127711296,0.47356807067990303,0.47820639982819557,0.47538456320762634,0.4750869758427143,0.46745751425623894,0.4686404727399349,0.4692436493933201,0.47430257126688957,0.4701751433312893,0.4776577763259411,0.47265082970261574,0.470658187355314,0.04673853283748031,0.04830129723995924,0.05142583651468158,0.049402676057070494,0.052195525262504816,0.05447397939860821,0.053130256943404675,0.05021179327741265,0.04929958609864116,0.04849303187802434,0.04801859939470887,0.04972710553556681,0.047822803258895874,0.04739459743723273,0.04976263362914324,0.046965126879513264,0.0517457602545619,0.048607075586915016,0.051408902276307344,0.04819652112200856,0.050601632334291935,0.04966256255283952,0.05024143075570464,0.047948344610631466,0.05050316406413913,0.04861720744520426,0.04886721959337592,0.04989689448848367,0.04857297707349062,0.04894338408485055,0.04813129408285022,0.05275948019698262,0.04918226972222328,0.05162556143477559,0.05183841288089752,0.05373804550617933,0.051714259665459394,0.05065482668578625,0.04873059131205082,0.05000326130539179,0.04843485774472356,0.04815793549641967,0.04876747261732817,0.05318897636607289,0.050275962334126234,0.05106752971187234,0.05041085369884968,0.04866264813712665
SGF_RFW_ST4L20_PA,3,9,0.18213772773742676,0.20065363248189294,5.687380790710449,4.984629154205322,303.16958260536194,4737.02472820878,64,1920,7320,1140,25060,1140,0,0.4964713715016842,0.4894540347158909,0.4859847091138363,0.48739660531282425,0.4797801673412323,0.4800999313592911,0.4819209575653076,0.49170539900660515,0.4917152225971222,0.500054020434618,0.5023021697998047,0.501364529132843,0.5041924677789211,0.49546193704009056,0.5030683986842632,0.5024016089737415,0.5088370032608509,0.5057940408587456,0.4996088445186615,0.4942868985235691,0.4890873618423939,0.5004992596805096,0.5000595413148403,0.5003411546349525,0.5029806643724442,0.504229947924614,0.5016522333025932,0.501030120998621,0.49775255843997,0.5037062168121338,0.49950119480490685,0.5051964484155178,0.503361351788044,0.5027395449578762,0.5074936226010323,0.5056455284357071,0.5084749907255173,0.5090458169579506,0.5087954476475716,0.5051076859235764,0.5047368034720421,0.5111646130681038,0.5102322772145271,0.510624572634697,0.5037406906485558,0.5078332051634789,0.5070221088826656,0.5092835000583104,0.46327750384807587,0.47081727907061577,0.4745854511857033,0.4744795709848404,0.48142384737730026,0.48613015562295914,0.4815235398709774,0.472842950373888,0.47625093907117844,0.4747958853840828,0.46774647757411003,0.4685217812657356,0.46511638909578323,0.46892860904335976,0.46611620858311653,0.4678957760334015,0.46504203602671623,0.46610240265727043,0.4698755294084549,0.47600411623716354,0.4813704825937748,0.47225814312696457,0.4708757661283016,0.4728756919503212,0.4669879712164402,0.4637632369995117,0.46846433728933334,0.47100022435188293,0.4724357947707176,0.46833405643701553,0.4706803373992443,0.46429818123579025,0.46807340160012245,0.4682995043694973,0.46691762655973434,0.4672578498721123,0.46159281954169273,0.46282756328582764,0.46499045193195343,0.4680422469973564,0.46859319135546684,0.46533818170428276,0.4664296396076679,0.46334483101963997,0.4675566963851452,0.46625183150172234,0.46505599841475487,0.462899169751576,0.05144495703279972,0.052920431829988956,0.05465273559093475,0.05479185050353408,0.054151727352291346,0.05466216476634145,0.05531594902276993,0.05414288118481636,0.05378678487613797,0.05498677026480436,0.05661810003221035,0.05367453908547759,0.05526432814076543,0.05523499473929405,0.05479499790817499,0.05493961554020643,0.05473736673593521,0.054615662433207035,0.055780022870749235,0.054843042977154255,0.055549349170178175,0.055832463316619396,0.05573098035529256,0.054882812313735485,0.054253974463790655,0.05576088884845376,0.056119661312550306,0.05460837995633483,0.054913755506277084,0.05859195068478584,0.055741348303854465,0.05557784531265497,0.054689060896635056,0.054826142732053995,0.05664242058992386,0.055048382841050625,0.05433308333158493,0.05487698130309582,0.05541840521618724,0.05460979789495468,0.05505056772381067,0.05448018107563257,0.05497598834335804,0.05548999086022377,0.054485663771629333,0.054223774932324886,0.054350536316633224,0.056055269071034024
SGF_RFW_ST4L20_PA,0,10,0.2844631473223368,0.2668140331904093,4.009671688079834,2.8584725856781006,300.8731095790863,4701.1423371732235,64,1920,7320,1140,25060,1140,0,0.6447925344109535,0.648108072578907,0.6514578461647034,0.648775264620781,0.655928835272789,0.6574036553502083,0.6774117946624756,0.6771657839417458,0.6805227771401405,0.6654260531067848,0.6517434343695641,0.6529755517840385,0.651282325387001,0.6516431719064713,0.6525663658976555,0.6512359380722046,0.6557243093848228,0.6583899110555649,0.6475972980260849,0.6397797092795372,0.6416253000497818,0.6528619900345802,0.6414932608604431,0.6282793879508972,0.6394504383206367,0.6563793197274208,0.6676813662052155,0.6735586002469063,0.6675086542963982,0.6567818447947502,0.6542450785636902,0.6664626076817513,0.6760768666863441,0.679374486207962,0.6838952675461769,0.6597393751144409,0.6464442685246468,0.6565320640802383,0.6644696891307831,0.6613471880555153,0.6571449562907219,0.6760234534740448,0.6659643799066544,0.6641599833965302,0.6670669913291931,0.6580470129847527,0.6632290482521057,0.6591901864324298,0.3591558448970318,0.36596934869885445,0.36581119894981384,0.36089080944657326,0.33788926899433136,0.33364225924015045,0.334534727036953,0.34607451036572456,0.3446161411702633,0.3506790027022362,0.3635081611573696,0.3591328226029873,0.3602633737027645,0.3643505796790123,0.36999961361289024,0.37761240452528,0.3686153292655945,0.3586743138730526,0.36729440093040466,0.3765267916023731,0.3685711473226547,0.35366424918174744,0.36003320291638374,0.37210260704159737,0.3684755004942417,0.3583119809627533,0.3463464751839638,0.34540940821170807,0.35115204378962517,0.35418085753917694,0.36026981100440025,0.3566703163087368,0.35513539984822273,0.35124287009239197,0.3510781154036522,0.35823962837457657,0.36313433572649956,0.3539563752710819,0.34757816419005394,0.3491622172296047,0.35439329966902733,0.34275219216942787,0.3602094538509846,0.360601257532835,0.3589061237871647,0.35606027767062187,0.3489375188946724,0.352753038917269,0.039855272974818945,0.03783385781571269,0.035181968938559294,0.032508938340470195,0.0356477084569633,0.036485325545072556,0.033639037515968084,0.03366063768044114,0.03666217718273401,0.03713395865634084,0.03825623635202646,0.038160120602697134,0.03841244988143444,0.03748817462474108,0.03911882219836116,0.04014786425977945,0.040783912409096956,0.039331378880888224,0.03940564626827836,0.037620881106704473,0.03770982753485441,0.038592136930674314,0.038476051297038794,0.040189886931329966,0.04143375717103481,0.04100959375500679,0.03899409156292677,0.03884380869567394,0.03734169062227011,0.039598182775080204,0.03785602794960141,0.03668794175609946,0.03679942013695836,0.037347909063100815,0.03823856404051185,0.037719796411693096,0.0379293286241591,0.03820911515504122,0.03751159133389592,0.039614998269826174,0.03903211699798703,0.03713306272402406,0.0346993301063776,0.03640164202079177,0.03566361451521516,0.03910037223249674,0.038475525099784136,0.03782664292625019
SGF_RFW_ST4L20_PA,1,10,0.19454141457875573,0.20372815926869714,4.8505096435546875,4.026492595672607,304.51508951187134,4758.04827362299,64,1920,7320,1140,25060,1140,0,0.6522225141525269,0.6453346833586693,0.6465435847640038,0.6610405668616295,0.6606743261218071,0.6453403457999229,0.6411833763122559,0.6473328173160553,0.6644285246729851,0.6538877412676811,0.6603521257638931,0.6638982743024826,0.6598579213023186,0.6615487262606621,0.6660928875207901,0.6595160439610481,0.66098552942276,0.6585291177034378,0.6637951731681824,0.663891039788723,0.6569553017616272,0.6553803086280823,0.664351224899292,0.6602437123656273,0.6539406478404999,0.6484787538647652,0.641929492354393,0.6465443819761276,0.6565061658620834,0.6642540842294693,0.6587404161691666,0.6649246364831924,0.6648974418640137,0.6651038900017738,0.6670932024717331,0.6679399907588959,0.6619608327746391,0.6604969576001167,0.6700122728943825,0.6641855388879776,0.6624920815229416,0.6603859290480614,0.6599546745419502,0.6586931422352791,0.6579084694385529,0.6613840311765671,0.6585825756192207,0.6629702959741864,0.33225424215197563,0.3377453647553921,0.33181182295084,0.3211633823812008,0.32296159490942955,0.326966293156147,0.33456847444176674,0.33896392211318016,0.32249677181243896,0.33803653717041016,0.33638396486639977,0.3340272717177868,0.34783005341887474,0.34372353181242943,0.3337367847561836,0.3292389065027237,0.3334623724222183,0.33254463970661163,0.3352571167051792,0.33713751658797264,0.3420560956001282,0.34284334257245064,0.3263102248311043,0.3339143618941307,0.34107793867588043,0.34149056673049927,0.34655582532286644,0.34809527173638344,0.3380283899605274,0.325888279825449,0.32645388692617416,0.32382646575570107,0.33371929079294205,0.3340699002146721,0.3380654342472553,0.3289867714047432,0.33307329565286636,0.32761212438344955,0.32385649159550667,0.332653421908617,0.3436598554253578,0.3454730249941349,0.3402208648622036,0.3351728431880474,0.3321436122059822,0.33071786537766457,0.330210629850626,0.34600892663002014,0.04896492883563042,0.050939938984811306,0.05133546609431505,0.051093903835862875,0.05177005985751748,0.050208254251629114,0.05494186142459512,0.049929595086723566,0.054419320076704025,0.051302052568644285,0.05196888139471412,0.054134901612997055,0.04918719781562686,0.047894536051899195,0.05210326611995697,0.05144295794889331,0.053622773848474026,0.05213351547718048,0.05390642397105694,0.05529615795239806,0.053776558954268694,0.052923586685210466,0.05728306854143739,0.05326221790164709,0.051294426899403334,0.05334772169589996,0.05482604168355465,0.05384103860706091,0.05208428669720888,0.05262706661596894,0.05268121790140867,0.05255180038511753,0.053129556588828564,0.05548188788816333,0.051342228427529335,0.05221592588350177,0.049201910849660635,0.05388910369947553,0.052477866876870394,0.04960351577028632,0.050673545338213444,0.05009677307680249,0.05114502506330609,0.0479079931974411,0.05022434378042817,0.050144681707024574,0.05050977971404791,0.049400596746376584
SGF_RFW_ST4L20_PA,2,10,0.19418185949325562,0.2014705936113993,4.497524261474609,3.9553568363189697,303.31623220443726,4739.316128194332,64,1920,7320,1140,25060,1140,0,0.6773023083806038,0.6726371496915817,0.6697904989123344,0.6772948727011681,0.669587254524231,0.6669475361704826,0.6853627786040306,0.6810026317834854,0.6828657910227776,0.6844221949577332,0.6802895665168762,0.684089832007885,0.6930078119039536,0.6925639659166336,0.6915287524461746,0.6871476173400879,0.691111646592617,0.6824841797351837,0.6869648173451424,0.6981180310249329,0.694179505109787,0.6741672307252884,0.6756716370582581,0.6777059137821198,0.6850948259234428,0.6921055018901825,0.6867733672261238,0.6789334490895271,0.6792583465576172,0.674924947321415,0.6828648895025253,0.6808123216032982,0.6778842657804489,0.6835302039980888,0.6842193230986595,0.694116435945034,0.6860098168253899,0.6787533611059189,0.6829134076833725,0.6899450719356537,0.697781465947628,0.6847450956702232,0.6789182648062706,0.6855511143803596,0.6949823498725891,0.685105949640274,0.6823445037007332,0.6826936602592468,0.3630332201719284,0.3660220615565777,0.36554697528481483,0.3650827296078205,0.3779010958969593,0.37739790976047516,0.3663836605846882,0.3571346588432789,0.3609989508986473,0.3683553710579872,0.3683328181505203,0.36505207791924477,0.36345725506544113,0.366473987698555,0.36800815910100937,0.3608263097703457,0.3634858727455139,0.3699135594069958,0.3698110282421112,0.3638129197061062,0.36550530046224594,0.3679698519408703,0.3660866357386112,0.36457036435604095,0.36275505647063255,0.3606090433895588,0.3627878800034523,0.36360620707273483,0.36850370466709137,0.3736822344362736,0.3681016154587269,0.3767299950122833,0.3767639957368374,0.37348756939172745,0.3632069230079651,0.35772373527288437,0.361555490642786,0.3674543686211109,0.3659931309521198,0.36048634350299835,0.3615901879966259,0.3670029528439045,0.36708544194698334,0.3590756058692932,0.35503438860177994,0.35722190886735916,0.3660030700266361,0.36202880314418245,0.05068543925881386,0.053502100985497236,0.056607738602906466,0.05128360679373145,0.05189902288839221,0.04914089571684599,0.05305264703929424,0.053871269803494215,0.05047188512980938,0.05305008729919791,0.05627622315660119,0.05477268202230334,0.056696589570492506,0.05715642869472504,0.05412848899140954,0.056228720117360353,0.05682071624323726,0.05500961234793067,0.05433703865855932,0.05328071117401123,0.05317771760746837,0.052412101067602634,0.055396361742168665,0.055115707218647,0.05646622646600008,0.05429003247991204,0.05468487786129117,0.05612491350620985,0.055277885403484106,0.053832856472581625,0.05228993436321616,0.05483142612501979,0.05422748066484928,0.05589211406186223,0.05411343602463603,0.05548672564327717,0.055427135434001684,0.05583555344492197,0.05424971925094724,0.054325570818036795,0.05730248522013426,0.05509840836748481,0.054907762445509434,0.05454664537683129,0.052722245920449495,0.05185073660686612,0.05429996969178319,0.05636694335511753
SGF_RFW_ST4L20_PA,3,10,0.22555208206176758,0.23821171124776208,3.7490570545196533,4.118372917175293,304.44077920913696,4756.887175142765,64,1920,7320,1140,25060,1140,0,0.6552294045686722,0.6592438593506813,0.659655973315239,0.6590108796954155,0.6569300219416618,0.6637273952364922,0.6687510535120964,0.6700719892978668,0.6740980744361877,0.6761645376682281,0.6710980758070946,0.6726833134889603,0.6759925559163094,0.6759129241108894,0.6695035025477409,0.6701473221182823,0.6714134141802788,0.6738400384783745,0.6639505997300148,0.6615881025791168,0.6592926159501076,0.6512214243412018,0.6551389470696449,0.6487213000655174,0.6498183533549309,0.6608453169465065,0.665693074464798,0.6650935336947441,0.6702391877770424,0.6742727309465408,0.6692909449338913,0.6649393886327744,0.6611912921071053,0.6621368750929832,0.6679050624370575,0.6695012152194977,0.6633999794721603,0.6651254296302795,0.6663336604833603,0.663317084312439,0.6620768010616302,0.6682768762111664,0.675862692296505,0.67937783151865,0.6693714931607246,0.6747150346636772,0.6703982055187225,0.671992906502315,0.39158549159765244,0.3872234858572483,0.3819580338895321,0.3866148889064789,0.38778648152947426,0.38567376136779785,0.387113269418478,0.39336010068655014,0.39019111916422844,0.3893169052898884,0.3962891325354576,0.3940432481467724,0.3873804584145546,0.38707273826003075,0.38919031620025635,0.3890644609928131,0.390512440353632,0.3955926187336445,0.39489447697997093,0.395363450050354,0.400180134922266,0.3966328427195549,0.38714373111724854,0.39289452880620956,0.39135832339525223,0.3923678733408451,0.39254898950457573,0.3959951661527157,0.39229482784867287,0.38824982196092606,0.3882218040525913,0.3947492316365242,0.3922317586839199,0.39394672960042953,0.39101045206189156,0.38575422018766403,0.386718325316906,0.3849147893488407,0.3894447758793831,0.391764372587204,0.39705244824290276,0.3921012878417969,0.38639481365680695,0.38791512697935104,0.39311714097857475,0.392300508916378,0.3912166841328144,0.3903534156935556,0.0479842578060925,0.05007469607517123,0.05412780540063977,0.05508584249764681,0.05735838087275624,0.05668386351317167,0.05580085190013051,0.05257016234099865,0.05502638407051563,0.05304776877164841,0.05003906553611159,0.05070335930213332,0.05599933536723256,0.05507503496482968,0.057577728759497404,0.05760676320642233,0.05442078411579132,0.051153289154171944,0.055756038054823875,0.0562762045301497,0.05297982692718506,0.05829009832814336,0.05715318024158478,0.056625363416969776,0.05618656566366553,0.05415901821106672,0.05329105583950877,0.05291658220812678,0.05361519195139408,0.05456406995654106,0.05588738154619932,0.05266421940177679,0.053939469158649445,0.05426503578200936,0.05439040390774608,0.05250235879793763,0.05420342832803726,0.05554443970322609,0.05551216518506408,0.05357004702091217,0.05299947736784816,0.05408612871542573,0.05672071361914277,0.049759643618017435,0.04909261083230376,0.0515982024371624,0.054875065106898546,0.05522767773696354
SGF_RFW_ST4L20_PA,0,11,0.15608610709508264,0.15132274230321252,11.352903366088867,8.449440002441406,303.59320640563965,4743.6438500881195,64,1920,7320,1140,25060,1140,0,0.7273252531886101,0.7300855219364166,0.732025071978569,0.7305925562977791,0.7225077450275421,0.7252991870045662,0.7319331988692284,0.739530898630619,0.7369421124458313,0.7343796044588089,0.7335478067398071,0.7304800823330879,0.7270577177405357,0.727979451417923,0.7345452010631561,0.7328507676720619,0.7362225130200386,0.7326093539595604,0.7333505526185036,0.7338402569293976,0.7331755459308624,0.7335655242204666,0.7328420877456665,0.7333683893084526,0.7360435128211975,0.7326965034008026,0.7343893125653267,0.7355773597955704,0.7415028288960457,0.7364948019385338,0.7333973944187164,0.7304670065641403,0.7287030145525932,0.7347625866532326,0.7335168719291687,0.7342256382107735,0.7321096286177635,0.7303984984755516,0.7248972728848457,0.7248767390847206,0.7267346382141113,0.7308170348405838,0.73370411247015,0.7321444153785706,0.7302830889821053,0.7266230285167694,0.7239432111382484,0.7314940350396293,0.4122207798063755,0.41557880118489265,0.4212512820959091,0.4232550784945488,0.42305783182382584,0.4164268560707569,0.4154163561761379,0.41379158198833466,0.41593049839138985,0.4210338220000267,0.4199102967977524,0.41930268704891205,0.42136919498443604,0.41981790214776993,0.4199294336140156,0.4197236858308315,0.4168093167245388,0.4177401028573513,0.4181627854704857,0.41748372092843056,0.41959986835718155,0.419283177703619,0.4175887480378151,0.4176188297569752,0.4180699810385704,0.41920073702931404,0.4197653904557228,0.4166552200913429,0.41447142139077187,0.41502055898308754,0.41806233674287796,0.4201449938118458,0.42267564684152603,0.4180010184645653,0.41902589425444603,0.4175383783876896,0.4204963929951191,0.4195786230266094,0.4201021008193493,0.4200117364525795,0.4190540872514248,0.41853734478354454,0.4202946126461029,0.42019493877887726,0.4198114834725857,0.4215347282588482,0.42181170359253883,0.4188483272280012,0.06447781901806593,0.06846668850630522,0.07348561752587557,0.07397672161459923,0.07748318649828434,0.07764874212443829,0.07260968163609505,0.06964064110070467,0.06941499467939138,0.0699082501232624,0.07018816657364368,0.0707486355677247,0.07062079478055239,0.0700867623090744,0.07045250665396452,0.06950186938047409,0.07055830582976341,0.0693214163184166,0.06940947193652391,0.06892459653317928,0.07043218705803156,0.07002788688987494,0.07022981159389019,0.06975940428674221,0.07061974238604307,0.06987651251256466,0.07107289787381887,0.06972524989396334,0.07166746165603399,0.06954671908169985,0.07097014971077442,0.07097337394952774,0.07080681249499321,0.07059579435735941,0.06958877854049206,0.06949527002871037,0.06978961825370789,0.07046933099627495,0.07027223240584135,0.07125525828450918,0.06906442251056433,0.06885958649218082,0.07001964375376701,0.06973342318087816,0.06997112184762955,0.07043174467980862,0.07099164463579655,0.07123588557754244
SGF_RFW_ST4L20_PA,1,11,0.15088083346684777,0.15565315882364905,11.826720237731934,10.593610763549805,303.529611825943,4742.650184780359,64,1920,7320,1140,25060,1140,0,0.7455256953835487,0.7416818216443062,0.7330023869872093,0.7318020462989807,0.7307192981243134,0.7466805130243301,0.7455035522580147,0.7361152097582817,0.7314003854990005,0.7366850301623344,0.7395591512322426,0.7553650662302971,0.7484040632843971,0.7400694414973259,0.7424409165978432,0.737026035785675,0.7451717555522919,0.7454247027635574,0.7431922033429146,0.7432804107666016,0.7420626580715179,0.7470284923911095,0.7574271559715271,0.7621797770261765,0.7509944811463356,0.7367943748831749,0.7329369112849236,0.7348857298493385,0.7445760890841484,0.745952732861042,0.7396933510899544,0.735401064157486,0.7311825826764107,0.7400665506720543,0.7418435588479042,0.7412570640444756,0.7400931119918823,0.7364971786737442,0.7336788848042488,0.7398600727319717,0.7436045557260513,0.7428173944354057,0.7406994923949242,0.7390279248356819,0.7450222447514534,0.746463343501091,0.7510928139090538,0.7463794691222054,0.37409960478544235,0.38541440293192863,0.39760446548461914,0.40144437924027443,0.4041161313652992,0.3854289688169956,0.37555887550115585,0.3851298540830612,0.39834633469581604,0.40248260647058487,0.40309735387563705,0.3865271098911762,0.3816044107079506,0.386422723531723,0.385587926954031,0.3866996690630913,0.3850257247686386,0.3837552033364773,0.3869742266833782,0.3872758224606514,0.3883046992123127,0.38477255031466484,0.3799421191215515,0.3754177838563919,0.37663019821047783,0.38725144043564796,0.39388490468263626,0.3907172419130802,0.3883807808160782,0.3825147710740566,0.38504766300320625,0.3926975540816784,0.3973551169037819,0.39271701872348785,0.38381585478782654,0.3918408043682575,0.39480864256620407,0.39338013157248497,0.39423757046461105,0.3895662799477577,0.3890953026711941,0.38940078020095825,0.3944854438304901,0.3931107670068741,0.3839133195579052,0.3823349252343178,0.38200296461582184,0.38418473090444294,0.060345256235450506,0.06568744778633118,0.07017709501087666,0.07378181722015142,0.07544565945863724,0.07211134862154722,0.06690768711268902,0.06710975617170334,0.07012118399143219,0.06977109983563423,0.0699702613055706,0.07093789707869291,0.07104097958654165,0.06830873619765043,0.06994888000190258,0.06855371221899986,0.06800345052033663,0.06953771505504847,0.07076505105942488,0.07114047091454268,0.07094049733132124,0.0681307315826416,0.06632256880402565,0.06501952465623617,0.0644327593035996,0.06733698770403862,0.0706333713606,0.07096011098474264,0.07021295372396708,0.06942687928676605,0.06962893810123205,0.07002586778253317,0.07223553769290447,0.072306246496737,0.07131203170865774,0.07047464605420828,0.07045506313443184,0.07094726525247097,0.07115958910435438,0.06876956857740879,0.06497738417237997,0.06547691393643618,0.06745699234306812,0.06825693883001804,0.06679322384297848,0.06781175080686808,0.06658302247524261,0.06546910852193832
SGF_RFW_ST4L20_PA,2,11,0.1440427700678507,0.14513693253199256,8.344520568847656,7.331203937530518,303.35755038261414,4739.961724728346,64,1920,7320,1140,25060,1140,0,0.7761280760169029,0.7611328288912773,0.7504283562302589,0.7530251741409302,0.7506361529231071,0.7582916766405106,0.7693505436182022,0.7708496004343033,0.7687540501356125,0.7615005373954773,0.7736808434128761,0.7665016651153564,0.7728184163570404,0.7722159326076508,0.7754119336605072,0.7755249738693237,0.7731781229376793,0.7722303867340088,0.7703303694725037,0.7771141529083252,0.7774232402443886,0.7727271169424057,0.7732378542423248,0.7708790674805641,0.7718251943588257,0.7707391530275345,0.7719355374574661,0.7772468701004982,0.7749410271644592,0.7744960933923721,0.7729737535119057,0.7714540064334869,0.7760402485728264,0.772641509771347,0.7709819674491882,0.7728703171014786,0.7734799683094025,0.7771191895008087,0.7746805176138878,0.7745535746216774,0.7718680277466774,0.7716525346040726,0.7688812091946602,0.7722839042544365,0.7746742814779282,0.772681750357151,0.7739566713571548,0.7762143101011004,0.36283841729164124,0.37474826350808144,0.3829263560473919,0.38289373740553856,0.38484467566013336,0.38007690384984016,0.37144794315099716,0.3702344410121441,0.3726990707218647,0.37989621236920357,0.37341830134391785,0.37618156895041466,0.3708988204598427,0.37048017978668213,0.3700706735253334,0.37326470762491226,0.3734641708433628,0.37033137306571007,0.3726961873471737,0.3689224496483803,0.36876650899648666,0.36970948427915573,0.37019411101937294,0.3711773343384266,0.3716084510087967,0.3719891794025898,0.3705796077847481,0.3670914024114609,0.36995234712958336,0.3698103427886963,0.3728610686957836,0.3700300082564354,0.3686911426484585,0.3697126805782318,0.3686779588460922,0.36947401985526085,0.3678409643471241,0.3674824982881546,0.3715382479131222,0.3721652962267399,0.37475787103176117,0.37246329337358475,0.3722759298980236,0.37235477566719055,0.3685590289533138,0.37104568630456924,0.3727215453982353,0.37217287506375996,0.06782672554254532,0.07255349308252335,0.07782617025077343,0.08024590462446213,0.08203581161797047,0.07708484120666981,0.0746255898848176,0.07255034986883402,0.07243260554969311,0.07269190158694983,0.0728472787886858,0.07629825081676245,0.07499536965042353,0.0745394742116332,0.0747923320159316,0.07487887237221003,0.07460085861384869,0.07442953903228045,0.07446753140538931,0.07444024458527565,0.07403373811393976,0.07443589065223932,0.07380785886198282,0.07373992167413235,0.07402024324983358,0.07461768854409456,0.07531064376235008,0.07425346504896879,0.07401882857084274,0.0727041382342577,0.07200194150209427,0.07350416574627161,0.07327071391046047,0.07429607026278973,0.07412832695990801,0.07303846254944801,0.07295114826411009,0.07259014993906021,0.07412545010447502,0.07179585285484791,0.07252323627471924,0.07233196124434471,0.0725999902933836,0.07357572857290506,0.07364614587277174,0.07337984815239906,0.07349015958607197,0.07316806486674718
SGF_RFW_ST4L20_PA,3,11,0.05484914779663086,0.13328631718953454,11.812751770019531,10.881032943725586,303.8941123485565,4748.345505446196,64,1920,7320,1140,25060,1140,0,0.7679006308317184,0.7633789032697678,0.7652718722820282,0.7668233439326286,0.7667117267847061,0.7652342617511749,0.7612699642777443,0.7655578628182411,0.7614620998501778,0.7586752995848656,0.7637970969080925,0.7651335373520851,0.769920639693737,0.7733770310878754,0.7701267600059509,0.770948976278305,0.7685419395565987,0.7684619650244713,0.7701491266489029,0.7699865400791168,0.768582247197628,0.7658067941665649,0.7687064185738564,0.7792704924941063,0.7814932316541672,0.7756458520889282,0.7707594111561775,0.7664807513356209,0.7647007405757904,0.7755788713693619,0.7773704007267952,0.7800473719835281,0.7758030593395233,0.7666023522615433,0.7687624469399452,0.7722367942333221,0.7780398651957512,0.7735810726881027,0.766373336315155,0.7507941871881485,0.75132767111063,0.7578057274222374,0.7593099996447563,0.7619965150952339,0.7679319903254509,0.7726205289363861,0.7745733335614204,0.7751652768680027,0.3594272881746292,0.3669750317931175,0.37104589119553566,0.3747425228357315,0.373392216861248,0.36951780319213867,0.3707733415067196,0.36964085325598717,0.3726896606385708,0.38149169459939003,0.3805079162120819,0.37901758775115013,0.3761747255921364,0.3717475011944771,0.37114113196730614,0.3687695153057575,0.37087446078658104,0.37027743086218834,0.3694508373737335,0.3686257041990757,0.3676837123930454,0.37342218682169914,0.37735963612794876,0.3690095357596874,0.37008490413427353,0.37410592660307884,0.3707660883665085,0.3716006390750408,0.37215596437454224,0.36445336043834686,0.3652089163661003,0.3693188764154911,0.37194980680942535,0.3745906427502632,0.3668793626129627,0.35972464457154274,0.36273569241166115,0.3715978264808655,0.37978844344615936,0.3820166327059269,0.3788457401096821,0.3707626760005951,0.37470851093530655,0.37706245109438896,0.3783292882144451,0.3745257928967476,0.3719746768474579,0.36930797355515615,0.06931603979319334,0.07280875463038683,0.07664043921977282,0.07906148489564657,0.08047431986778975,0.08000481128692627,0.07405678555369377,0.07337678596377373,0.07414776459336281,0.07779783941805363,0.0753557775169611,0.07503409124910831,0.07414482533931732,0.07483055349439383,0.07576445769518614,0.07650918234139681,0.07557539269328117,0.074456880800426,0.07450333144515753,0.07366363611072302,0.07402337901294231,0.07565298769623041,0.07578746136277914,0.07472464069724083,0.07472806144505739,0.0734588485211134,0.07273482251912355,0.07336816098541021,0.07178051210939884,0.07314305752515793,0.07372223306447268,0.0760047547519207,0.07494222838431597,0.0754676116630435,0.07516416441649199,0.07390215806663036,0.07399792689830065,0.07568428106606007,0.0754342945292592,0.0780950915068388,0.07778163440525532,0.07740562781691551,0.08108597155660391,0.08166316989809275,0.07700292766094208,0.07494503911584616,0.07546162139624357,0.07536190109593528
SGF_RFW_ST4L20_PA,0,12,0.12241186698277795,0.1906574169794718,9.549683570861816,11.837177276611328,305.62919878959656,4775.456231087446,64,1920,7320,1140,25060,1140,0,0.4616139978170395,0.5307796820998192,0.5610413402318954,0.5617646500468254,0.5727423578500748,0.5694556161761284,0.5185135491192341,0.5076106116175652,0.4996107183396816,0.5075241327285767,0.5137946233153343,0.5178577601909637,0.5271469354629517,0.5104877799749374,0.5262452512979507,0.5327590331435204,0.5502635613083839,0.5454621464014053,0.5257455334067345,0.5090176537632942,0.5016805604100227,0.5167422443628311,0.518498569726944,0.5089937224984169,0.5264290943741798,0.5124660283327103,0.4881393313407898,0.48437701910734177,0.48287682235240936,0.47464240342378616,0.47664326801896095,0.48984038829803467,0.4892546199262142,0.4696516580879688,0.47409815341234207,0.47972872853279114,0.4838958568871021,0.4836132898926735,0.4781467765569687,0.45693376287817955,0.4650931544601917,0.48403337970376015,0.4696057140827179,0.44648388400673866,0.4444386251270771,0.44214680790901184,0.43800509348511696,0.4362634037222181,0.42484280094504356,0.39218921586871147,0.3722863979637623,0.3596423901617527,0.35437801852822304,0.3556051477789879,0.3570007160305977,0.370879840105772,0.39927320182323456,0.4110894314944744,0.41203295066952705,0.4104197695851326,0.39905378967523575,0.40361955016851425,0.39582350850105286,0.3880561552941799,0.38774609938263893,0.39361322298645973,0.38999881222844124,0.39106374606490135,0.3926706574857235,0.3923261687159538,0.3846925161778927,0.3930506147444248,0.3870742619037628,0.3966267667710781,0.40622831508517265,0.4009075351059437,0.39662808552384377,0.3965196907520294,0.38530050590634346,0.3800218924880028,0.37815289944410324,0.38875986263155937,0.38859712705016136,0.38861872628331184,0.38098741695284843,0.3871774859726429,0.3983573690056801,0.4051367938518524,0.3932375833392143,0.37830377370119095,0.3814241625368595,0.3871489576995373,0.3968992419540882,0.41100041568279266,0.40791265293955803,0.3996806527887072,0.15986749902367592,0.16270054690539837,0.15910214371979237,0.15712706558406353,0.15369339101016521,0.14777499251067638,0.14504342712461948,0.14678790234029293,0.15155320055782795,0.15370110608637333,0.15866406820714474,0.16147894971072674,0.16847127489745617,0.16661915928125381,0.15087409690022469,0.14659127034246922,0.14678390137851238,0.14888416975736618,0.14732529781758785,0.1474376618862152,0.1444242186844349,0.14001883193850517,0.13997354917228222,0.1434661317616701,0.14332033693790436,0.14846286550164223,0.15615743026137352,0.1647825986146927,0.16285549476742744,0.16195889748632908,0.15838572941720486,0.1624163780361414,0.16054756939411163,0.16297134011983871,0.15772517956793308,0.15467779524624348,0.14957944676280022,0.14649998769164085,0.14748123660683632,0.15274446085095406,0.15660830400884151,0.15800764225423336,0.15344877541065216,0.1477466356009245,0.14932849071919918,0.1574292667210102,0.16311479359865189,0.16063509668622697
SGF_RFW_ST4L20_PA,1,12,0.15982296069463098,0.21956924597422278,7.604305267333984,8.453699111938477,301.7282667160034,4714.504167437553,64,1920,7320,1140,25060,1140,0,0.46981803700327873,0.5168931297957897,0.5099495127797127,0.5112898647785187,0.5282324627041817,0.5349070951342583,0.5328603312373161,0.5092727802693844,0.4814836159348488,0.48653649911284447,0.48738081380724907,0.4861978143453598,0.4805619344115257,0.49361326545476913,0.5318486988544464,0.537337563931942,0.5313632115721703,0.5234910845756531,0.4924042969942093,0.4562242068350315,0.435757078230381,0.43513161689043045,0.44998160377144814,0.4745165444910526,0.4908030331134796,0.5189585462212563,0.524201437830925,0.5157572850584984,0.5186090767383575,0.5221092253923416,0.5225126519799232,0.5248612612485886,0.517196349799633,0.5056430101394653,0.49395060911774635,0.4833993427455425,0.4778917171061039,0.48433803394436836,0.46755221113562584,0.4620681367814541,0.4670475013554096,0.47836512327194214,0.4607638455927372,0.46155910938978195,0.45942746475338936,0.45225290209054947,0.45060449093580246,0.5101919301918575,0.4071558862924576,0.3843161202967167,0.38109950721263885,0.3717527985572815,0.35147280991077423,0.33535949513316154,0.34305041655898094,0.36391255259513855,0.3839316591620445,0.38392944261431694,0.39287639781832695,0.40389619022607803,0.4082299657166004,0.40177639201283455,0.3888342007994652,0.3819793090224266,0.372353732585907,0.3810480833053589,0.39229289442300797,0.404067300260067,0.4104699641466141,0.42572254315018654,0.42479629442095757,0.4155596047639847,0.39503413811326027,0.370341494679451,0.3766108900308609,0.37798308953642845,0.3632286265492439,0.36282582581043243,0.3599647469818592,0.3535234332084656,0.36362694948911667,0.37395334616303444,0.38206738978624344,0.3884350210428238,0.39059801399707794,0.3924862705171108,0.4000813812017441,0.3949962556362152,0.3868227191269398,0.37819723039865494,0.38316208869218826,0.38296887278556824,0.39383114874362946,0.38968921080231667,0.39233268052339554,0.36475664377212524,0.1406413484364748,0.13154994510114193,0.13415452465415,0.13475244864821434,0.12581261433660984,0.11894053686410189,0.11831327434629202,0.1259132632985711,0.12761017587035894,0.11592527199536562,0.11832827795296907,0.1280826721340418,0.13191384822130203,0.13386891968548298,0.12641388084739447,0.12719671335071325,0.12149029783904552,0.11470448412001133,0.1182163069024682,0.12007921189069748,0.11969801038503647,0.12715984042733908,0.1271271798759699,0.12662146147340536,0.12759749311953783,0.12816026993095875,0.13549510017037392,0.13454663939774036,0.1295355074107647,0.12740438804030418,0.11717197392135859,0.11277967132627964,0.11850467696785927,0.12169994041323662,0.12345203757286072,0.12869171611964703,0.1363359484821558,0.13426985777914524,0.13441834412515163,0.13482225500047207,0.13251111656427383,0.12953581847250462,0.12858534790575504,0.13099163956940174,0.1351383700966835,0.13282761350274086,0.13188989646732807,0.14394397607871465
SGF_RFW_ST4L20_PA,2,12,0.2120132247606913,0.35973976055781043,9.26734447479248,9.839363098144531,303.7894344329834,4746.709913015366,64,1920,7320,1140,25060,1140,0,0.44533705711364746,0.47531721368432045,0.49002787843346596,0.4930530823767185,0.5031113550066948,0.5198360830545425,0.49551141634583473,0.4921223632991314,0.483731210231781,0.4714570865035057,0.4535257816314697,0.45441803708672523,0.4675077572464943,0.4805956818163395,0.4828117862343788,0.4842945672571659,0.503042608499527,0.5030356124043465,0.49056047201156616,0.47652261704206467,0.46632350981235504,0.44384317100048065,0.43844423070549965,0.4631541520357132,0.4850093834102154,0.49422868713736534,0.49959656596183777,0.49357571080327034,0.48997002094984055,0.47786417230963707,0.4704248271882534,0.473832082003355,0.475643876940012,0.4850335456430912,0.4928812235593796,0.48911286890506744,0.4900043196976185,0.47716444358229637,0.4566941298544407,0.4655035212635994,0.48576483130455017,0.48976533114910126,0.48371629416942596,0.4588671699166298,0.4555714577436447,0.46182917058467865,0.47214971855282784,0.4723164311477116,0.4156130701303482,0.39984365925192833,0.3855859115719795,0.3824318163096905,0.37740394473075867,0.3687402419745922,0.38976920023560524,0.3864695616066456,0.38018088415265083,0.3850625343620777,0.3951502814888954,0.39982592687010765,0.4007263630628586,0.38922445103526115,0.3899809941649437,0.38330600410699844,0.3773672766983509,0.37211666628718376,0.37881192937493324,0.3835863471031189,0.38682058081030846,0.3978844918310642,0.40153514593839645,0.3967134840786457,0.3939506970345974,0.39057251438498497,0.39103781431913376,0.3932630568742752,0.40731070190668106,0.38937804102897644,0.39515408128499985,0.3904196619987488,0.38320766389369965,0.38153135403990746,0.3807867281138897,0.3902111314237118,0.3936566337943077,0.39470594748854637,0.40561478957533836,0.3994164802134037,0.39693886414170265,0.3985932357609272,0.3921733796596527,0.3963373303413391,0.398391418159008,0.40210631862282753,0.4020163454115391,0.39964018974985394,0.1530162040144205,0.1611744835972786,0.16786294244229794,0.175234267488122,0.1796795390546322,0.17291662842035294,0.1565872672945261,0.16154885292053223,0.15982108190655708,0.16163739562034607,0.15998343750834465,0.15721514448523521,0.16031420417129993,0.15840642526745796,0.1565767228603363,0.15602400340139866,0.15951735712587833,0.16242427192628384,0.16259738616645336,0.15991614572703838,0.1563690360635519,0.15507697500288486,0.1502104364335537,0.15126886032521725,0.15130181051790714,0.15185853838920593,0.1507630068808794,0.1515716165304184,0.14766233041882515,0.1583365499973297,0.16550904139876366,0.1664857156574726,0.1599599178880453,0.15568248741328716,0.15965690277516842,0.16704133711755276,0.17118564434349537,0.16796018742024899,0.16192150674760342,0.16041480377316475,0.15888503566384315,0.1585953440517187,0.1560870297253132,0.1574930101633072,0.15782689303159714,0.15716438554227352,0.1563678588718176,0.15539606767041342
SGF_RFW_ST4L20_PA,3,12,0.27204104264577234,0.23444515466690063,9.68277359008789,11.697884559631348,303.7143659591675,4745.536968111992,64,1920,7320,1140,25060,1140,0,0.5267465263605118,0.5385357514023781,0.5451323837041855,0.5621400699019432,0.5463352501392365,0.5213101506233215,0.5297267362475395,0.5086538642644882,0.5048668012022972,0.5142985284328461,0.5334033444523811,0.5497401207685471,0.5491958484053612,0.5299063175916672,0.5099006071686745,0.5295151993632317,0.5379389747977257,0.5294977575540543,0.5451005697250366,0.5537622645497322,0.5603514835238457,0.5617753490805626,0.5483777150511742,0.5459787994623184,0.5423913821578026,0.5483236387372017,0.5504438802599907,0.5262091010808945,0.5299470946192741,0.5298769921064377,0.5262744203209877,0.5517796501517296,0.5600806176662445,0.5486095249652863,0.5401089861989021,0.5411790534853935,0.5430270805954933,0.5458800792694092,0.54587222635746,0.5355082601308823,0.5307713225483894,0.5242920145392418,0.523818351328373,0.521640844643116,0.5223502218723297,0.5343994498252869,0.5335133895277977,0.514419002192361,0.4170113690197468,0.4001469500362873,0.3890656605362892,0.37731773406267166,0.37534669041633606,0.38138580694794655,0.3799513913691044,0.4041275344789028,0.41053202748298645,0.4148332327604294,0.41481684520840645,0.41969021409749985,0.42233554273843765,0.4327641949057579,0.44999877735972404,0.43498964980244637,0.43539557605981827,0.44318127632141113,0.43238667771220207,0.41903072595596313,0.4087960869073868,0.40389538928866386,0.4138210900127888,0.42060112580657005,0.43098536133766174,0.4300016760826111,0.4210054352879524,0.4228154793381691,0.42922595515847206,0.4342826306819916,0.43289490044116974,0.4180068261921406,0.41432442143559456,0.4196774624288082,0.4237607941031456,0.4275760389864445,0.42443978786468506,0.4125233516097069,0.40173283591866493,0.40676532685756683,0.4098735935986042,0.40898241847753525,0.40831294655799866,0.4131869822740555,0.40380819886922836,0.4071843735873699,0.4098802022635937,0.42010738594191416,0.14566224440932274,0.148861613124609,0.14825410954654217,0.1450975388288498,0.14571416936814785,0.139286357909441,0.1355600580573082,0.13946297578513622,0.1391312051564455,0.14176133275032043,0.148541621863842,0.15192793495953083,0.15482916310429573,0.15398730523884296,0.1576708722859621,0.1597004309296608,0.15432691387832165,0.1543316598981619,0.15352521277964115,0.1508505716919899,0.1422679740935564,0.14593907445669174,0.14756929129362106,0.14371221885085106,0.14314697682857513,0.13938624411821365,0.13945672661066055,0.13913047313690186,0.14244440756738186,0.14165652357041836,0.13901549205183983,0.14241770096123219,0.14370881207287312,0.14334464445710182,0.14327510818839073,0.1425814852118492,0.14004061929881573,0.1400331538170576,0.13800296001136303,0.1378739159554243,0.13785977847874165,0.13773171231150627,0.14028195850551128,0.14363117702305317,0.1386557389050722,0.13334812223911285,0.13211369700729847,0.13497426893029893
SGF_RFW_ST4L20_PA,0,13,0.02560301621754968,-0.008171498775482178,10.12133502960205,6.248875617980957,303.6467306613922,4744.480166584253,64,1920,7320,1140,25060,1140,0,0.5710615515708923,0.579005554318428,0.5824167802929878,0.5868395417928696,0.5841483250260353,0.5781813487410545,0.5802439153194427,0.5802877470850945,0.5784994214773178,0.5780425146222115,0.5776808708906174,0.5781200304627419,0.5777824968099594,0.5816154405474663,0.5758121237158775,0.5713120028376579,0.5763100385665894,0.5741760358214378,0.5724335685372353,0.573528990149498,0.5749345570802689,0.5761529058218002,0.573059506714344,0.5753021016716957,0.5757180228829384,0.5721019357442856,0.5756347700953484,0.5820029601454735,0.5798232331871986,0.5789439380168915,0.5775556787848473,0.582815945148468,0.5777516290545464,0.5743125230073929,0.5753621980547905,0.5790112540125847,0.5749602988362312,0.5790835171937943,0.5800958648324013,0.5821614041924477,0.5750496760010719,0.5723664984107018,0.5716120824217796,0.5775851011276245,0.5802301689982414,0.5787397772073746,0.5754679888486862,0.5723363586834499,0.5165754854679108,0.5176995769143105,0.5192471221089363,0.5158890932798386,0.5168192386627197,0.5212386921048164,0.5152471587061882,0.5106980428099632,0.5151068493723869,0.5226037129759789,0.523993082344532,0.5209424123167992,0.5181125178933144,0.5142445266246796,0.518074057996273,0.5272499099373817,0.5254732072353363,0.5246646851301193,0.5216469615697861,0.5199597403407097,0.5197051092982292,0.5214878842234612,0.5246747806668282,0.5259196162223816,0.5197943598031998,0.5196436569094658,0.5185213908553123,0.5170215368270874,0.5195972099900246,0.5184527337551117,0.5175848305225372,0.5208816379308701,0.5237460285425186,0.5251488983631134,0.5193247348070145,0.5149430483579636,0.5165844634175301,0.5131772682070732,0.5128920748829842,0.5116288810968399,0.5148606151342392,0.5212079659104347,0.5208268687129021,0.5189135298132896,0.5180539935827255,0.5188008397817612,0.5199111774563789,0.5220024330275399,0.11324367206543684,0.12221081741154194,0.1292673610150814,0.13083176873624325,0.1299076247960329,0.11686670500785112,0.1202424680814147,0.12364676035940647,0.122935532592237,0.12215089425444603,0.12116759084165096,0.12329922802746296,0.12564591597765684,0.1253056637942791,0.12549187522381544,0.12052756827324629,0.11922773439437151,0.1242416137829423,0.12715895008295774,0.12475507706403732,0.12504296097904444,0.12327502109110355,0.12400192301720381,0.12544846907258034,0.1251254789531231,0.12532112654298544,0.12454270850867033,0.12177652306854725,0.12535993568599224,0.12694839667528868,0.1272187251597643,0.12587240990251303,0.12240827456116676,0.12423681002110243,0.12209168542176485,0.12207774445414543,0.12303637899458408,0.1203192388638854,0.11861525475978851,0.1230780491605401,0.11663002986460924,0.12222807481884956,0.12354129552841187,0.12329702731221914,0.12394701596349478,0.12310643214732409,0.1235963013023138,0.12618778113807952
SGF_RFW_ST4L20_PA,1,13,0.16023409366607666,0.14797381560007727,5.106734275817871,6.349944591522217,304.8167932033539,4762.762393802404,64,1920,7320,1140,25060,1140,0,0.6311671659350395,0.6401064917445183,0.6410216242074966,0.6387831568717957,0.6407201215624809,0.6412443444132805,0.6402532458305359,0.6370168551802635,0.6357272863388062,0.6382476538419724,0.636063739657402,0.6365342661738396,0.6394987478852272,0.6390992552042007,0.6348129212856293,0.6343276500701904,0.639943040907383,0.6398049741983414,0.6428683996200562,0.6406980231404305,0.6381630823016167,0.6417747661471367,0.6375212296843529,0.6402082517743111,0.6412936523556709,0.642415463924408,0.6462903544306755,0.6443278267979622,0.6432723179459572,0.6424568220973015,0.6345319077372551,0.6322015970945358,0.6285194084048271,0.6294757276773453,0.6304418593645096,0.6324173659086227,0.6331107690930367,0.6322793662548065,0.6376891955733299,0.6405025124549866,0.6391393318772316,0.6360881477594376,0.6370403319597244,0.6363687738776207,0.6331353336572647,0.634603388607502,0.6365500092506409,0.6409478613308498,0.44786375761032104,0.44450485706329346,0.4398343004286289,0.44099393114447594,0.44002725929021835,0.43635576218366623,0.43819553405046463,0.4418911971151829,0.44646747782826424,0.4471144638955593,0.44895100221037865,0.44946185126900673,0.4442521706223488,0.4449538290500641,0.4472418427467346,0.4483371302485466,0.4477744475007057,0.4512328654527664,0.44826385006308556,0.448218759149313,0.4493284784257412,0.44822636991739273,0.44951529800891876,0.44775890931487083,0.4484322965145111,0.44526443257927895,0.4437076300382614,0.4444187842309475,0.44583557173609734,0.4517943635582924,0.45810162648558617,0.4565216489136219,0.45529432594776154,0.4534435234963894,0.45095590129494667,0.4499705918133259,0.4493761658668518,0.45240237563848495,0.44987349584698677,0.4452078193426132,0.44551361724734306,0.4511888287961483,0.4519006162881851,0.45283176004886627,0.45217597112059593,0.45080165192484856,0.4493430554866791,0.444578047309603,0.1259552938863635,0.126459919847548,0.1289140284061432,0.13358056545257568,0.13667808286845684,0.13604646176099777,0.13463042676448822,0.1356058530509472,0.1346292942762375,0.13381263986229897,0.13353171199560165,0.13188211806118488,0.13122808001935482,0.13107196986675262,0.13334712572395802,0.13472462818026543,0.13336761109530926,0.13700495846569538,0.13476652652025223,0.1355149857699871,0.13658742420375347,0.13648527301847935,0.13574065454304218,0.13488222286105156,0.13414297439157963,0.13383592292666435,0.13434258103370667,0.1356199998408556,0.13483872264623642,0.1345861256122589,0.13692082278430462,0.1358769703656435,0.13287109322845936,0.13290827348828316,0.13386299461126328,0.13508917950093746,0.1332802213728428,0.13294717110693455,0.13233507797122002,0.13309901766479015,0.13491076976060867,0.13325877115130424,0.1334412507712841,0.13462107442319393,0.13551353849470615,0.13415302522480488,0.1347178090363741,0.13514561738286698
SGF_RFW_ST4L20_PA,2,13,0.15053997437159217,0.12136681874593103,4.462219715118408,7.261985778808594,302.81048226356506,4731.413785368204,64,1920,7320,1140,25060,1140,0,0.6256840452551842,0.6351328492164612,0.6395369991660118,0.6379563212394714,0.6320494264364243,0.6250689476728439,0.6275022551417351,0.6299004256725311,0.6310279592871666,0.6226980686187744,0.6249887570738792,0.6289514973759651,0.6350397318601608,0.6348578035831451,0.6283387392759323,0.6340693756937981,0.6348384320735931,0.6310896128416061,0.6318729221820831,0.6343090906739235,0.6321501284837723,0.6302825286984444,0.6263306587934494,0.6288101524114609,0.6289217472076416,0.6235925927758217,0.6196501329541206,0.6299716010689735,0.6362410709261894,0.6301109045743942,0.628973089158535,0.6307009160518646,0.6304292306303978,0.6305312663316727,0.6292386129498482,0.6231942102313042,0.6245346739888191,0.6181653141975403,0.6259572058916092,0.6345084831118584,0.6325590685009956,0.6289458647370338,0.6275893524289131,0.6301090195775032,0.6376552507281303,0.6335721164941788,0.6317146718502045,0.6302412067140851,0.4749584421515465,0.47258851304650307,0.4762011878192425,0.47875094786286354,0.47897735610604286,0.4792140945792198,0.47889651358127594,0.4779384918510914,0.47851817309856415,0.48391635343432426,0.48168427869677544,0.4827316105365753,0.48311832547187805,0.48321670666337013,0.484504085034132,0.48149774596095085,0.47915012016892433,0.4838552922010422,0.4850599728524685,0.4846132919192314,0.4831574782729149,0.4817192256450653,0.4842319115996361,0.4821484796702862,0.48115116730332375,0.4897511377930641,0.49202270060777664,0.48909560963511467,0.4839935339987278,0.48346126452088356,0.4818143807351589,0.478179506957531,0.4836329221725464,0.4872836321592331,0.48560459166765213,0.48780620098114014,0.48588181659579277,0.488614983856678,0.48897841572761536,0.48923708871006966,0.4864593483507633,0.48618699982762337,0.48575858771800995,0.4858444929122925,0.4847125858068466,0.4863859489560127,0.48738575354218483,0.4866462392466409,0.12014779262244701,0.12850954197347164,0.13148423843085766,0.1340346299111843,0.1333774495869875,0.13330260291695595,0.13447846844792366,0.13469313085079193,0.13203797489404678,0.13102367147803307,0.12965134531259537,0.13086477480828762,0.13405427150428295,0.1334725059568882,0.1297867726534605,0.1334639173001051,0.1323449406772852,0.13046523369848728,0.13394724391400814,0.1354532241821289,0.1341000534594059,0.13260685838758945,0.13264141231775284,0.13668081164360046,0.1340610422194004,0.1318068653345108,0.13365698792040348,0.12601275462657213,0.126111620105803,0.13350480794906616,0.1363921631127596,0.1336259637027979,0.13018092699348927,0.13236576691269875,0.13141100481152534,0.1282468643039465,0.12803829833865166,0.12988927960395813,0.1266730846837163,0.12941562943160534,0.13321431912481785,0.13561083376407623,0.1339272689074278,0.130287304520607,0.13199525885283947,0.13313793949782848,0.13521321304142475,0.13626657000609807
SGF_RFW_ST4L20_PA,3,13,0.1294509768486023,0.12741593519846595,3.715587854385376,5.518708229064941,303.7381224632263,4745.908163487911,64,1920,7320,1140,25060,1140,0,0.6010779067873955,0.6076439619064331,0.6059001758694649,0.6015413552522659,0.5962791293859482,0.5970861837267876,0.5986945107579231,0.5980795696377754,0.6012228578329086,0.5999420508742332,0.5971780195832253,0.5959069579839706,0.6012370884418488,0.6066789403557777,0.6041581854224205,0.5998977944254875,0.6047353222966194,0.6049856841564178,0.6013462394475937,0.6032934337854385,0.6063406765460968,0.6007228493690491,0.5991468653082848,0.5968386307358742,0.5991064980626106,0.6005413383245468,0.6004817932844162,0.5960062146186829,0.5994531288743019,0.6069027706980705,0.6027356311678886,0.5970743373036385,0.6011541411280632,0.5989979431033134,0.5967722833156586,0.5953121781349182,0.5993637219071388,0.6004259809851646,0.5991078540682793,0.6009301245212555,0.6050037816166878,0.6030947118997574,0.5988890305161476,0.6024256870150566,0.5981945618987083,0.6002216562628746,0.6009018868207932,0.6058011906487601,0.49372369423508644,0.49354561790823936,0.495023887604475,0.4978318400681019,0.4985766261816025,0.4990503452718258,0.5009473748505116,0.4974606856703758,0.4956601746380329,0.49847425892949104,0.500419270247221,0.5014952979981899,0.49763229489326477,0.49060971662402153,0.48977677524089813,0.4927442893385887,0.49378035590052605,0.49379967898130417,0.49468784779310226,0.49358416348695755,0.49180828034877777,0.4928526096045971,0.49406497552990913,0.494253545999527,0.496348325163126,0.49873512610793114,0.49981922283768654,0.5009087771177292,0.499953281134367,0.495968010276556,0.4955834560096264,0.49602092057466507,0.4945399649441242,0.49780477955937386,0.4990788362920284,0.49790265038609505,0.5016555078327656,0.5013843290507793,0.5050170794129372,0.5012117810547352,0.4942285642027855,0.4932818114757538,0.4940315671265125,0.4943770430982113,0.4941278286278248,0.4961707107722759,0.4970485270023346,0.4911097799028669,0.15445824898779392,0.15405762195587158,0.1567463893443346,0.16473941132426262,0.16650723293423653,0.1676077526062727,0.1670241318643093,0.16351200826466084,0.16064006835222244,0.16093722730875015,0.16388940066099167,0.16358735226094723,0.16237850487232208,0.16543912515044212,0.17001726292073727,0.16896744072437286,0.16482352651655674,0.16354851238429546,0.1646189671009779,0.1654273122549057,0.16561259329319,0.16745257936418056,0.16734439320862293,0.16466278582811356,0.16495675593614578,0.16766600497066975,0.1666786763817072,0.16448908485472202,0.15949473343789577,0.16127518378198147,0.1620190627872944,0.16337129473686218,0.16634720750153065,0.16523348912596703,0.1655422542244196,0.1670316979289055,0.16727827116847038,0.16970982030034065,0.16795074567198753,0.16432788595557213,0.16440111957490444,0.16742626018822193,0.16444985568523407,0.1643462348729372,0.16315599344670773,0.1624667178839445,0.16150803305208683,0.15946019973073686
SGF_RFW_ST4L20_PA,0,14,0.11867453654607141,0.11768283446629846,3.8039710521698,4.030847549438477,303.6448543071747,4744.450848549604,64,1920,7320,1140,25060,1140,0,0.6416219770908356,0.6350813955068588,0.6420937776565552,0.6416813060641289,0.6447470337152481,0.6433301419019699,0.6464449241757393,0.6485035195946693,0.6515842154622078,0.6489221379160881,0.6449000760912895,0.6479858160018921,0.644564189016819,0.6388601809740067,0.6444472968578339,0.6457667574286461,0.6434427201747894,0.6433246731758118,0.6465331614017487,0.6459928974509239,0.6488202065229416,0.6438691541552544,0.6485756486654282,0.6476286873221397,0.6521358042955399,0.6437150239944458,0.6601426675915718,0.6289342120289803,0.6091876998543739,0.6140921637415886,0.6245703399181366,0.6080957800149918,0.6100672259926796,0.6216158419847488,0.6199095696210861,0.625682070851326,0.6446420252323151,0.6321231350302696,0.6260241195559502,0.6318811103701591,0.6357869803905487,0.6405997425317764,0.6457653865218163,0.6556185707449913,0.6576764211058617,0.6522768884897232,0.6457286030054092,0.6383350576673236,0.2750752717256546,0.26927880570292473,0.2605753093957901,0.2598971873521805,0.2561176009476185,0.26845378428697586,0.27506522461771965,0.2699609734117985,0.2711406536400318,0.2726962976157665,0.2796894386410713,0.27808477357029915,0.27974318340420723,0.27625276148319244,0.2757527567446232,0.2759789265692234,0.27819595113396645,0.2786112278699875,0.2782759293913841,0.27833643555641174,0.2745698243379593,0.2772827222943306,0.265737671405077,0.26178594678640366,0.25736065208911896,0.255509689450264,0.2522913496941328,0.2795018404722214,0.2905034124851227,0.2831372395157814,0.263273436576128,0.2678617872297764,0.2759123556315899,0.27352963015437126,0.27536339685320854,0.2764956057071686,0.2739656791090965,0.28276434168219566,0.2720865458250046,0.277710422873497,0.27594153583049774,0.2783152721822262,0.2730770707130432,0.2658117339015007,0.26936014741659164,0.27520957589149475,0.2735164053738117,0.26876495139939444,0.11116166319698095,0.11015486344695091,0.10828287433832884,0.11493728216737509,0.11693715769797564,0.11392589658498764,0.11544949654489756,0.11621775012463331,0.11683956440538168,0.11496922094374895,0.11503764893859625,0.11609261855483055,0.11467119213193655,0.11449403781443834,0.11658522672951221,0.11529549956321716,0.11739975959062576,0.11761679500341415,0.11738481000065804,0.1156988050788641,0.11329394113272429,0.11254116892814636,0.1186937466263771,0.1199581241235137,0.11901343334466219,0.11675024311989546,0.11880508158355951,0.12004638370126486,0.12054298724979162,0.12418619450181723,0.11864909622818232,0.11757298465818167,0.12189303152263165,0.11927950941026211,0.11945516895502806,0.12050820142030716,0.11751397140324116,0.1166743841022253,0.11803558934479952,0.11682734452188015,0.11458880640566349,0.11573316436260939,0.11553961038589478,0.11697804182767868,0.11469230428338051,0.11557838879525661,0.1130298376083374,0.11585816740989685
SGF_RFW_ST4L20_PA,1,14,0.11775000890096032,0.10905541976292932,4.234545707702637,4.8788652420043945,303.48912167549133,4742.017526179552,64,1920,7320,1140,25060,1140,0,0.7380828037858009,0.7444347217679024,0.755301833152771,0.7417396679520607,0.7404862344264984,0.742244653403759,0.7379261627793312,0.736846424639225,0.738526850938797,0.7463095039129257,0.741576299071312,0.7390286475419998,0.736235223710537,0.7430612742900848,0.7447369769215584,0.7522143572568893,0.7487156018614769,0.7578796371817589,0.7475298643112183,0.74772047996521,0.7421326637268066,0.7474095523357391,0.7475850209593773,0.7519802898168564,0.7600718513131142,0.7610507160425186,0.7489003986120224,0.7497795671224594,0.742627277970314,0.7478960081934929,0.7531495690345764,0.762678749859333,0.7624569311738014,0.7663561180233955,0.7600699812173843,0.7493170201778412,0.7393015697598457,0.7448710426688194,0.7486229091882706,0.7450604066252708,0.757104367017746,0.7618420943617821,0.7533913105726242,0.7490347921848297,0.7460375651717186,0.7474277764558792,0.7520224303007126,0.7490148799760001,0.2709624692797661,0.25920332968235016,0.25674858316779137,0.26345039904117584,0.26161598414182663,0.2671217583119869,0.2688436880707741,0.26976191252470016,0.2677849940955639,0.26853037998080254,0.2707499898970127,0.27380766719579697,0.2702109068632126,0.2678817845880985,0.2616535648703575,0.25860780850052834,0.2698163092136383,0.2643364183604717,0.2640734203159809,0.2615990564227104,0.26546452566981316,0.2621361166238785,0.26084257289767265,0.26935866475105286,0.2716261297464371,0.2685352973639965,0.26472288370132446,0.26289740577340126,0.27039314061403275,0.26420998200774193,0.26578739657998085,0.268820196390152,0.2660466432571411,0.2719387039542198,0.2666193060576916,0.2598380148410797,0.26268426701426506,0.26148276776075363,0.265905536711216,0.27379314973950386,0.2762518413364887,0.2715362273156643,0.26389027014374733,0.2646155171096325,0.26563413068652153,0.265765693038702,0.27154284715652466,0.2742266356945038,0.12212276086211205,0.12954595498740673,0.1310491356998682,0.12841119803488255,0.1308591216802597,0.12752784229815006,0.12998915277421474,0.13013624027371407,0.12637688405811787,0.12878620624542236,0.13101070001721382,0.12861568666994572,0.13325169123709202,0.13311385922133923,0.12940333224833012,0.13014689832925797,0.1267541404813528,0.12923967000097036,0.13114041090011597,0.13100700825452805,0.1341049149632454,0.13294614106416702,0.13460064493119717,0.13328103721141815,0.1298557911068201,0.12673178408294916,0.12784961983561516,0.13137414120137691,0.1313993651419878,0.1366277150809765,0.13233133032917976,0.13151047565042973,0.12855823524296284,0.1311991773545742,0.13112583197653294,0.1311241164803505,0.1328078042715788,0.13479511253535748,0.13356605730950832,0.13020609319210052,0.13115450739860535,0.12697378173470497,0.13019036501646042,0.12742239609360695,0.12908746115863323,0.1288885809481144,0.12879249453544617,0.13028812408447266
SGF_RFW_ST4L20_PA,2,14,0.11953053871790564,0.11485636234283447,6.479632377624512,7.323915004730225,302.7967040538788,4731.198500841856,64,1920,7320,1140,25060,1140,0,0.7035425007343292,0.6958743184804916,0.6939430087804794,0.6893977522850037,0.6822641119360924,0.6894827783107758,0.6832254230976105,0.693190298974514,0.6872701048851013,0.6781335175037384,0.6777310222387314,0.7023217603564262,0.696282371878624,0.6922660991549492,0.6926087811589241,0.693753257393837,0.6846127286553383,0.6809415519237518,0.684588685631752,0.6899272054433823,0.6959592998027802,0.6759011521935463,0.6717296093702316,0.6654451638460159,0.6563407778739929,0.6617177426815033,0.671559564769268,0.6717834696173668,0.6923240050673485,0.6720960214734077,0.6900610774755478,0.6983965188264847,0.6794773936271667,0.6641416475176811,0.6619148999452591,0.6573713272809982,0.6801067590713501,0.6779567003250122,0.6779022589325905,0.6652688905596733,0.6545366123318672,0.6745885089039803,0.6761546432971954,0.681488536298275,0.690889023244381,0.7174453884363174,0.7088170647621155,0.6955791115760803,0.22782238572835922,0.2203178759664297,0.21750123985111713,0.22035186551511288,0.22154385037720203,0.22176449373364449,0.23193400166928768,0.23941826447844505,0.23925169184803963,0.22403868846595287,0.22608556039631367,0.2250086423009634,0.2295183576643467,0.22901318222284317,0.22730823792517185,0.21926066651940346,0.2163928896188736,0.2198741864413023,0.22307736985385418,0.22526442632079124,0.2234315611422062,0.23395715095102787,0.22182459756731987,0.23348834179341793,0.24392686784267426,0.2351439017802477,0.22873665019869804,0.22943270206451416,0.2340427041053772,0.2426093928515911,0.23548536747694016,0.2277944628149271,0.23700299486517906,0.23448271118104458,0.23520202562212944,0.24943497776985168,0.23243938200175762,0.23880806379020214,0.24152854084968567,0.24238599464297295,0.233539417386055,0.2264630775898695,0.22070893831551075,0.22367505356669426,0.22004720009863377,0.22274093329906464,0.21824279054999352,0.23247134259768895,0.124584817327559,0.13331590592861176,0.1349664442241192,0.13309502229094505,0.13359962031245232,0.13342303968966007,0.13558778539299965,0.13771064952015877,0.1385859176516533,0.13710794411599636,0.12158648669719696,0.11822912003844976,0.12864127475768328,0.13008207082748413,0.13456136174499989,0.13156825490295887,0.13424639962613583,0.14084907621145248,0.13717869855463505,0.13383851945400238,0.13458789698779583,0.1288160625845194,0.12306708097457886,0.13410146348178387,0.14077206328511238,0.13746071606874466,0.1388496272265911,0.13078375160694122,0.12886115722358227,0.13375448994338512,0.1342702005058527,0.13915494456887245,0.13734781183302402,0.13559808395802975,0.13630484230816364,0.13684449717402458,0.12905924767255783,0.13432077132165432,0.13494721986353397,0.13090037368237972,0.13651158474385738,0.13466466218233109,0.13365572318434715,0.12174946535378695,0.11875880509614944,0.12299289833754301,0.12399691622704268,0.13074083200522832
SGF_RFW_ST4L20_PA,3,14,0.04343269268671668,0.1101809938748678,6.516735076904297,6.558594226837158,303.77044582366943,4746.413215994835,64,1920,7320,1140,25060,1140,0,0.5884246379137039,0.5899336785078049,0.5745481252670288,0.565804697573185,0.5629868060350418,0.5616032853722572,0.5591203570365906,0.5573762953281403,0.5558799207210541,0.556355707347393,0.5510047674179077,0.5455990731716156,0.5541771203279495,0.5369683802127838,0.5357941538095474,0.5652118995785713,0.566706620156765,0.5756944119930267,0.5655053406953812,0.5491878613829613,0.5456046462059021,0.5496826767921448,0.5689169466495514,0.5722936168313026,0.5897260308265686,0.6065459176898003,0.6066973209381104,0.6169183477759361,0.6006176248192787,0.5842938870191574,0.5803908705711365,0.577209010720253,0.5744055137038231,0.5709526240825653,0.5776176452636719,0.5920395702123642,0.5955074205994606,0.585295133292675,0.5719925761222839,0.5572207644581795,0.564738392829895,0.580255962908268,0.5903409868478775,0.589910700917244,0.5909355133771896,0.5802286192774773,0.5828014463186264,0.587924029145922,0.23335470259189606,0.22538581117987633,0.2278981115669012,0.22617475502192974,0.22855881974101067,0.22926740162074566,0.22518838569521904,0.2298587579280138,0.2316430602222681,0.22451627254486084,0.22749830596148968,0.23656954430043697,0.22935420088469982,0.239369859918952,0.24294898100197315,0.23337247595191002,0.2416086457669735,0.23005030676722527,0.22701454162597656,0.22569601982831955,0.23408436216413975,0.23719023540616035,0.22756763733923435,0.22805402055382729,0.21626689098775387,0.2155143842101097,0.2210130449384451,0.22073087841272354,0.23311087116599083,0.22833308391273022,0.22724904492497444,0.22824874706566334,0.23078232258558273,0.22708149813115597,0.22835826314985752,0.22558056563138962,0.2190802525728941,0.2313467375934124,0.24554729834198952,0.24688461050391197,0.24070076644420624,0.23433333821594715,0.23178992606699467,0.22619466297328472,0.22359306924045086,0.2322032544761896,0.2348848655819893,0.23141814981188094,0.1374280210584402,0.14453391917049885,0.1444280967116356,0.14542566053569317,0.14848128333687782,0.1495931539684534,0.14875664375722408,0.14981257356703281,0.14973926544189453,0.14731376618146896,0.1528667788952589,0.1521915476769209,0.15693537145853043,0.15029351226985455,0.14860965125262737,0.14796482399106026,0.14813006110489368,0.14691658690571785,0.14689167775213718,0.1473193820565939,0.14654048532247543,0.14675535634160042,0.14961498230695724,0.14715330861508846,0.14243489690124989,0.1375287678092718,0.137058949097991,0.14043387584388256,0.14788305386900902,0.14906489104032516,0.1496477574110031,0.14279641583561897,0.14281669817864895,0.14422965049743652,0.14945756644010544,0.14406999573111534,0.14159917272627354,0.14253268390893936,0.14889503829181194,0.15009691007435322,0.14657468162477016,0.1402895599603653,0.14264812506735325,0.1431462150067091,0.14044905453920364,0.14440600387752056,0.14618279226124287,0.14584722689219884
SGF_RFW_ST4L20_PA,0,15,0.07922240098317468,0.08030325174331665,9.026440620422363,12.065595626831055,303.6048858165741,4743.82634088397,64,1920,7320,1140,25060,1140,0,0.6620412394404411,0.6700279712677002,0.6731172874569893,0.6523170694708824,0.6577674746513367,0.648552879691124,0.643026776611805,0.6349257975816727,0.633562795817852,0.6529274359345436,0.6496110633015633,0.6567498072981834,0.6471436098217964,0.6309089586138725,0.6359788924455643,0.6560195758938789,0.6615255326032639,0.6540759056806564,0.629045657813549,0.619611993432045,0.6069266274571419,0.6104047819972038,0.6153425127267838,0.6341254189610481,0.6691458523273468,0.6610360592603683,0.6679573804140091,0.6531610488891602,0.6483550891280174,0.6307696551084518,0.6371336951851845,0.6408880800008774,0.6146761924028397,0.6284127533435822,0.631688579916954,0.599013939499855,0.6190862581133842,0.6048323437571526,0.6058870926499367,0.6018741726875305,0.5692733749747276,0.5948604792356491,0.591626264154911,0.6035480499267578,0.6329729184508324,0.6399276852607727,0.6560677662491798,0.6492113641330174,0.4739575684070587,0.49257542937994003,0.49308882653713226,0.4923309199512005,0.4859856180846691,0.49121784418821335,0.49449213966727257,0.5109673887491226,0.5215464904904366,0.5154630988836288,0.5198338627815247,0.5081440806388855,0.5024481005966663,0.5068015269935131,0.5134238824248314,0.5158506855368614,0.5086396560072899,0.5082696676254272,0.5152118802070618,0.5144831836223602,0.5183377340435982,0.5176265761256218,0.5212143436074257,0.518920049071312,0.5066867843270302,0.5009705498814583,0.5028271228075027,0.5025939755141735,0.49520041793584824,0.49969617649912834,0.4979928843677044,0.5026619918644428,0.5161386840045452,0.5146738663315773,0.5160179063677788,0.5422098636627197,0.5320066958665848,0.5410825237631798,0.5193990543484688,0.5133361369371414,0.5202092304825783,0.5197326987981796,0.5317985564470291,0.5263597890734673,0.5168974995613098,0.5178555399179459,0.5086631178855896,0.5044369867869786,0.07217485923320055,0.07489736936986446,0.07526384945958853,0.08035052008926868,0.07946750987321138,0.08098854403942823,0.08320880588144064,0.08416117541491985,0.08056534267961979,0.0804523816332221,0.07620265800505877,0.0741550363600254,0.07346768490970135,0.07502782437950373,0.0761115113273263,0.07865268643945456,0.07594758830964565,0.07282000314444304,0.07268067914992571,0.0730466078966856,0.0713615557178855,0.0752994455397129,0.07481084577739239,0.07275826390832663,0.07459585182368755,0.07589801121503115,0.07698753010481596,0.07652318757027388,0.07799216080456972,0.08094377163797617,0.07855565473437309,0.07953702565282583,0.07710236497223377,0.07585688773542643,0.07685022614896297,0.07806569524109364,0.07892846036702394,0.08276319317519665,0.08073392789810896,0.07836474291980267,0.07501018512994051,0.07599503267556429,0.07247146684676409,0.07284875493496656,0.0745722558349371,0.07407379057258368,0.07030226476490498,0.07379129635436195
SGF_RFW_ST4L20_PA,1,15,0.08182483911514282,0.1220530470212301,9.723565101623535,13.494986534118652,303.3540961742401,4739.907752722502,64,1920,7320,1140,25060,1140,0,0.6613948419690132,0.6684029847383499,0.6671783775091171,0.6680426374077797,0.6691373810172081,0.6663068905472755,0.6636241972446442,0.6659511178731918,0.662082202732563,0.6634066700935364,0.6664843857288361,0.6662346348166466,0.667796678841114,0.6745522692799568,0.6729555204510689,0.6742726266384125,0.6635710000991821,0.656841903924942,0.6527572050690651,0.6531014442443848,0.6568530425429344,0.6672946587204933,0.6710558608174324,0.6765035018324852,0.6763874962925911,0.6614876836538315,0.6596282497048378,0.6654513478279114,0.6776025295257568,0.6779658868908882,0.6722197085618973,0.6761501133441925,0.6676848381757736,0.6525167673826218,0.6518552452325821,0.6503917053341866,0.6481937915086746,0.6580226793885231,0.6640155613422394,0.659516729414463,0.6455662399530411,0.6454766467213631,0.6473932787775993,0.651328057050705,0.647025428712368,0.6438512578606606,0.6452125832438469,0.6532743062291827,0.4661033861339092,0.46518463641405106,0.4657008647918701,0.46579328924417496,0.4599667191505432,0.4544995240867138,0.4567372240126133,0.46230413764715195,0.4687744453549385,0.472652792930603,0.47673600539565086,0.4767037369310856,0.47355911508202553,0.4684408903121948,0.4677600637078285,0.4695872366428375,0.47210537269711494,0.47130949050188065,0.46781984716653824,0.46277035027742386,0.4648011513054371,0.46880118176341057,0.467746015638113,0.4653780087828636,0.46287726983428,0.46120423451066017,0.4599696844816208,0.46671298146247864,0.46635500714182854,0.4691798575222492,0.4682529978454113,0.46580855920910835,0.46531224623322487,0.4683333896100521,0.4687759280204773,0.4785493090748787,0.4881590008735657,0.4802757389843464,0.474732656031847,0.47753968089818954,0.48536158353090286,0.4889342784881592,0.4871874786913395,0.4800572358071804,0.4823761358857155,0.4849141128361225,0.48555079475045204,0.480633876153401,0.08518557716161013,0.09951933100819588,0.10824824217706919,0.11379809211939573,0.11605131905525923,0.1164319422096014,0.11468161456286907,0.1084021320566535,0.10577265452593565,0.1097531272098422,0.11062452383339405,0.10935292672365904,0.10766494926065207,0.10499546304345131,0.10420636832714081,0.10534554440528154,0.10571709554642439,0.10521242301911116,0.10998966824263334,0.10675087850540876,0.10707387328147888,0.10884467512369156,0.11053446866571903,0.11118438001722097,0.11113215424120426,0.10917502455413342,0.1051358301192522,0.10454053245484829,0.10939751286059618,0.11272912099957466,0.1148119866847992,0.11286343354731798,0.10869313031435013,0.10541429091244936,0.10363601054996252,0.10478777531534433,0.1062165517359972,0.10975916218012571,0.11141892522573471,0.11188118066638708,0.11494819354265928,0.11200573015958071,0.11457938607782125,0.11489932984113693,0.11463155504316092,0.11073179449886084,0.11069056298583746,0.11098161659070424
SGF_RFW_ST4L20_PA,2,15,0.11156964302062988,0.11112481355667114,11.430630683898926,16.258028030395508,632.000598192215,9875.009346753359,64,1920,7320,1140,25060,1140,0,0.6715909838676453,0.6956480219960213,0.702005997300148,0.6953334286808968,0.6979381367564201,0.6932111755013466,0.6717116087675095,0.6490791812539101,0.6470841318368912,0.6556212306022644,0.6875140443444252,0.6954005137085915,0.6881875246763229,0.6752806901931763,0.6677692010998726,0.6752186343073845,0.6685136333107948,0.6795493140816689,0.7064511477947235,0.7114939838647842,0.7050569653511047,0.7014816328883171,0.709734708070755,0.7010167166590691,0.6999698877334595,0.6913313865661621,0.6892002075910568,0.683516651391983,0.6823658049106598,0.6764624267816544,0.6734383925795555,0.6642478629946709,0.6789459809660912,0.6996583864092827,0.6900332719087601,0.6931006014347076,0.6960193812847137,0.7007589638233185,0.6999425813555717,0.6871029809117317,0.6822128519415855,0.6812460646033287,0.6833789423108101,0.6841764077544212,0.6825764700770378,0.6846921220421791,0.6805505007505417,0.6821652139936175,0.46180952712893486,0.4565829783678055,0.4558356776833534,0.4553930498659611,0.4469977989792824,0.44772304967045784,0.45708291232585907,0.4688084051012993,0.4830244667828083,0.49164317920804024,0.47693322598934174,0.47566455230116844,0.48000796139240265,0.4834992587566376,0.481953676789999,0.4700024724006653,0.47268468514084816,0.4646558091044426,0.44938867911696434,0.4485030397772789,0.46049974113702774,0.4660670980811119,0.4581134468317032,0.4714791886508465,0.47146008908748627,0.47280604019761086,0.4802047498524189,0.4855204187333584,0.4812309518456459,0.4849948137998581,0.4839888699352741,0.49004577472805977,0.4820198714733124,0.4705466404557228,0.4749576076865196,0.4784252941608429,0.47798149287700653,0.4717601425945759,0.46385810896754265,0.47286805137991905,0.4800329841673374,0.48104505985975266,0.4807053506374359,0.4824904315173626,0.47943978384137154,0.47629576176404953,0.48090894520282745,0.47893560358456205,0.0896128723397851,0.09564145840704441,0.1061535831540823,0.11067878268659115,0.1084579462185502,0.10341951344162226,0.1067698672413826,0.10696095880120993,0.10529699455946684,0.10427918657660484,0.09880168363451958,0.09896060917526484,0.1021777056157589,0.10011447034776211,0.10102678462862968,0.10519496072083712,0.10358566883951426,0.10309359896928072,0.0991293890401721,0.09873101208359003,0.10238678846508265,0.10378957539796829,0.10375601146370173,0.10311354137957096,0.10026356391608715,0.10475886054337025,0.10628183279186487,0.10041231568902731,0.09728098846971989,0.09808089956641197,0.09451257903128862,0.10042922012507915,0.10256759822368622,0.1028893506154418,0.1014586417004466,0.10197383817285299,0.09977373760193586,0.09787420183420181,0.09703927673399448,0.09942978527396917,0.10543932672590017,0.10809787176549435,0.10613663028925657,0.10164621844887733,0.10153106972575188,0.10106942430138588,0.10634827241301537,0.10825184626238686
SGF_RFW_ST4L20_PA,3,15,0.09184197584788001,0.06956388552983606,7.435858249664307,9.231205940246582,303.9304633140564,4748.913489282131,64,1920,7320,1140,25060,1140,0,0.656603567302227,0.6654663383960724,0.6736816763877869,0.6830942630767822,0.6887371614575386,0.6717008650302887,0.6645732894539833,0.6572641283273697,0.6499425917863846,0.650606095790863,0.66801817715168,0.6731973215937614,0.6729307249188423,0.6603144854307175,0.6564871892333031,0.6629399880766869,0.6772802472114563,0.6862094178795815,0.67979396879673,0.6735447272658348,0.6556340083479881,0.6537140384316444,0.6472977250814438,0.6513055935502052,0.6512966826558113,0.6553804576396942,0.6441059559583664,0.6500013247132301,0.6525962427258492,0.6444016993045807,0.6375325098633766,0.6398237347602844,0.6392114907503128,0.6347787901759148,0.632512129843235,0.6277110502123833,0.6281786188483238,0.6196847259998322,0.6134750992059708,0.6099247485399246,0.6120635494589806,0.6288353800773621,0.6448473185300827,0.6500314995646477,0.644068531692028,0.6424670442938805,0.6416000723838806,0.6460424065589905,0.4252594821155071,0.4274777062237263,0.4275439642369747,0.43285349383950233,0.42655979469418526,0.43032534420490265,0.4352588467299938,0.43791893869638443,0.4451246149837971,0.448413223028183,0.43423963338136673,0.43033288419246674,0.42931944504380226,0.439792700111866,0.4499565623700619,0.4475127123296261,0.4401843138039112,0.43376320227980614,0.43312888965010643,0.43396342545747757,0.44871965050697327,0.44682734832167625,0.4478025920689106,0.4407894089818001,0.44286539778113365,0.4469038210809231,0.4555438570678234,0.4561265707015991,0.45530127361416817,0.4510704316198826,0.4541994296014309,0.4524766206741333,0.4530770182609558,0.4601115845143795,0.46154163032770157,0.46182817593216896,0.4665308818221092,0.4691838510334492,0.46212640032172203,0.4592866636812687,0.455748088657856,0.4474458731710911,0.4389435537159443,0.43830665946006775,0.44275590404868126,0.44473473355174065,0.4491621144115925,0.4474003996167864,0.09169583674520254,0.09451522212475538,0.09461587574332952,0.09413466136902571,0.09483580011874437,0.09433719329535961,0.09066749271005392,0.09233819134533405,0.09377664048224688,0.09354870859533548,0.09336439426988363,0.09302729647606611,0.09476004261523485,0.09369641449302435,0.09194304514676332,0.0955135952681303,0.09352341759949923,0.09100564941763878,0.091624123044312,0.09084076713770628,0.09089397080242634,0.09334487095475197,0.09576918091624975,0.09363996051251888,0.09220648650079966,0.09263080824166536,0.09065540693700314,0.08822602313011885,0.09115477837622166,0.09159279428422451,0.09050425328314304,0.09095813240855932,0.08999837376177311,0.09154363442212343,0.0910683423280716,0.0885523147881031,0.09037569258362055,0.09253034833818674,0.09392154589295387,0.09571133833378553,0.09702598303556442,0.09608088433742523,0.09426883514970541,0.09487266838550568,0.09401139710098505,0.09481532126665115,0.0941602848470211,0.09336298597710473
SGF_RFW_ST4L20_PA,0,16,0.16159429152806604,0.1438442667325338,15.299419403076172,17.159029006958008,304.334570646286,4755.227666348219,64,1920,7320,1140,25060,1140,0,0.6185304224491119,0.6611512377858162,0.6811150684952736,0.6847900971770287,0.6863700971007347,0.6715916097164154,0.661847859621048,0.6518058702349663,0.6455736085772514,0.6614328846335411,0.6424944624304771,0.6333541572093964,0.6195729002356529,0.6321265250444412,0.6393025517463684,0.6161158084869385,0.6164670288562775,0.6493108868598938,0.6546689718961716,0.6599899232387543,0.6501025632023811,0.6450148597359657,0.636549174785614,0.6714984774589539,0.660765141248703,0.6680511459708214,0.6709334999322891,0.6528849974274635,0.6527835130691528,0.6570936515927315,0.6479001641273499,0.6476666703820229,0.6433800831437111,0.6462985202670097,0.6499828919768333,0.6462433412671089,0.6633852049708366,0.6592231169342995,0.6568594202399254,0.6532523855566978,0.661196880042553,0.6471255347132683,0.6343258023262024,0.6304867118597031,0.6435845643281937,0.6502091586589813,0.6640750169754028,0.6700138279369899,0.36199530214071274,0.31382890045642853,0.28754543513059616,0.2904549278318882,0.3001323975622654,0.3394921235740185,0.371802881360054,0.38196923956274986,0.35237210243940353,0.3396323584020138,0.36651744320988655,0.33688420429825783,0.3721829727292061,0.37700924277305603,0.3846086114645004,0.3816109299659729,0.3995330110192299,0.3684083931148052,0.35256006196141243,0.3701075278222561,0.37272949889302254,0.3508586511015892,0.3762487396597862,0.33044079318642616,0.3517433777451515,0.3764830455183983,0.3570611774921417,0.3673223443329334,0.3531588912010193,0.34411046653985977,0.32836566492915154,0.3578726463019848,0.3528463952243328,0.3711574040353298,0.37128449231386185,0.38685329258441925,0.3442213423550129,0.3446173556149006,0.38161658495664597,0.3789009489119053,0.35132819786667824,0.4071117006242275,0.40472082421183586,0.38265717402100563,0.3603767491877079,0.3655703328549862,0.3739982657134533,0.38859919139317106,0.13534950092434883,0.13480334356427193,0.14840384759008884,0.1595148630440235,0.17267478816211224,0.18116389773786068,0.176502987742424,0.15288247913122177,0.132731344550848,0.13565578684210777,0.13366577960550785,0.12055137474089861,0.12584957107901573,0.13331339601427317,0.13811590149998665,0.1493148524314165,0.14045705273747444,0.12940384820103645,0.13354939687997103,0.14045633375644684,0.14314485527575016,0.13951090909540653,0.14232195913791656,0.13015896454453468,0.13384210504591465,0.1437862291932106,0.13611566089093685,0.1292429668828845,0.1319992644712329,0.14049064181745052,0.13759646005928516,0.12937250826507807,0.12422128394246101,0.13220129162073135,0.13628286309540272,0.13177649304270744,0.12240024469792843,0.12106485199183226,0.13499605283141136,0.13683779910206795,0.12557450961321592,0.13702616281807423,0.1367538208141923,0.1323751788586378,0.13332782499492168,0.13660954125225544,0.14227133989334106,0.14520645141601562
SGF_RFW_ST4L20_PA,1,16,0.15267324447631836,0.14662841955820716,8.993342399597168,12.819912910461426,304.67737197875977,4760.583937168121,64,1920,7320,1140,25060,1140,0,0.5927366763353348,0.596666619181633,0.5825653523206711,0.5923778340220451,0.5902457982301712,0.5943767875432968,0.5888248607516289,0.5854095369577408,0.5941206142306328,0.5868872180581093,0.5683784335851669,0.5781381279230118,0.5816724672913551,0.5746463090181351,0.5856563672423363,0.6025453209877014,0.6074896082282066,0.5917366296052933,0.5807322859764099,0.5821323171257973,0.6154221892356873,0.6065443009138107,0.5972664281725883,0.5995194390416145,0.6012475937604904,0.6006080359220505,0.5955710485577583,0.608520857989788,0.5793734788894653,0.5832782089710236,0.5888310596346855,0.592183418571949,0.6141451895236969,0.6260054036974907,0.6005510613322258,0.6005451530218124,0.6006524562835693,0.58865537494421,0.583010233938694,0.5928559079766273,0.6031852290034294,0.597014918923378,0.606057919561863,0.5941443219780922,0.5981012433767319,0.6063467115163803,0.6082279831171036,0.6154343230383736,0.33220794424414635,0.3577371910214424,0.3958887979388237,0.398539487272501,0.40068890899419785,0.39069269597530365,0.3748115673661232,0.37696096673607826,0.3898142874240875,0.3992365449666977,0.40630534291267395,0.3892865367233753,0.3805447667837143,0.3790331520140171,0.3628528378903866,0.38180408626794815,0.36950258538126945,0.37512196227908134,0.3813637048006058,0.3640751838684082,0.34554656967520714,0.3732479363679886,0.37891219183802605,0.37217913568019867,0.3665911294519901,0.3613048605620861,0.3811843954026699,0.38709599897265434,0.3920545354485512,0.3855549357831478,0.3767520412802696,0.3678267225623131,0.36664123833179474,0.35875600948929787,0.3816319704055786,0.38111624121665955,0.3696782700717449,0.37274670973420143,0.3735451251268387,0.37854453921318054,0.3589870221912861,0.36936798319220543,0.3663628250360489,0.3640725500881672,0.3605985902249813,0.3588138781487942,0.358552735298872,0.377871892281941,0.10528512112796307,0.09522926528006792,0.09802726283669472,0.0903110345825553,0.08413941133767366,0.0845519658178091,0.08406711183488369,0.0841412115842104,0.08483275026082993,0.08061195909976959,0.07702558767050505,0.07697932049632072,0.0772172100841999,0.07830817066133022,0.08823615219444036,0.09359680116176605,0.09483086131513119,0.08905386552214622,0.08720994461327791,0.08540543541312218,0.08874798286706209,0.08869133424013853,0.08697707671672106,0.08804183453321457,0.09039513487368822,0.08838209602981806,0.08997221197932959,0.08716003969311714,0.08642319682985544,0.08592414576560259,0.08176013454794884,0.09102354478091002,0.09524216130375862,0.09055526554584503,0.09250949043780565,0.09199093468487263,0.0907764583826065,0.0897735133767128,0.09111050702631474,0.09006293211132288,0.08735616505146027,0.08370370324701071,0.08491493482142687,0.09221637435257435,0.09648171439766884,0.08902277611196041,0.08711458463221788,0.08530114271811076
SGF_RFW_ST4L20_PA,2,16,0.1664258440335592,0.16303004821141565,11.690464973449707,15.385509490966797,302.7854781150818,4731.023095548153,64,1920,7320,1140,25060,1140,0,0.5169738680124283,0.5293402969837189,0.5082172900438309,0.5052747391164303,0.5162239670753479,0.52024095505476,0.4991260878741741,0.49683962762355804,0.4915902242064476,0.5026981718838215,0.5075739473104477,0.5196028798818588,0.522701621055603,0.5175784304738045,0.519410103559494,0.4907977767288685,0.5044579952955246,0.5138924159109592,0.5092745050787926,0.49247028306126595,0.47824088484048843,0.4732840470969677,0.4682886600494385,0.48414471372962,0.4862709417939186,0.4932088889181614,0.507788609713316,0.501611590385437,0.4825494959950447,0.497186329215765,0.4839176572859287,0.48005885258316994,0.4962942712008953,0.5020091347396374,0.5104315653443336,0.5004085935652256,0.48552753031253815,0.4905494637787342,0.48310674726963043,0.49234436824917793,0.5257645919919014,0.5082027688622475,0.5009149312973022,0.49388035014271736,0.5109994299709797,0.5108132436871529,0.5046273656189442,0.48573764307158335,0.3919117674231529,0.39298976212739944,0.3913971297442913,0.37991848587989807,0.36925558000802994,0.36422403156757355,0.34721825271844864,0.3501719459891319,0.35313650220632553,0.3902730941772461,0.4085427448153496,0.4077306129038334,0.3963901735842228,0.3921281024813652,0.3948172852396965,0.3947087377309799,0.37213679775595665,0.37822436541318893,0.38800590485334396,0.39794501289725304,0.4126959480345249,0.42230456694960594,0.3946923762559891,0.401430431753397,0.3901781216263771,0.3888351358473301,0.38813982531428337,0.39376508817076683,0.4024210013449192,0.3967733345925808,0.3942568264901638,0.3986066021025181,0.39767733961343765,0.38815702125430107,0.3988448195159435,0.40364355966448784,0.40439046174287796,0.4102513864636421,0.3931715600192547,0.38748644664883614,0.3940272256731987,0.3908073306083679,0.40025338158011436,0.4013427011668682,0.4002007581293583,0.41070543974637985,0.4069950506091118,0.4181583821773529,0.10536300484091043,0.10903182253241539,0.10675131063908339,0.10948041826486588,0.11143955029547215,0.11320416443049908,0.11189643479883671,0.11039025243371725,0.1067444421350956,0.11103160120546818,0.10893421247601509,0.1059587337076664,0.09831107687205076,0.10450273286551237,0.10407342948019505,0.10655542090535164,0.10719507560133934,0.10658781602978706,0.1021611038595438,0.10321170371025801,0.10182612109929323,0.10649079829454422,0.10046206414699554,0.09925663750618696,0.09784827847033739,0.09729710035026073,0.10452711582183838,0.10576856601983309,0.10464365966618061,0.1067328555509448,0.10359226632863283,0.10255647543817759,0.10928019415587187,0.10959694255143404,0.10486570000648499,0.09683928918093443,0.10162006691098213,0.10366058722138405,0.10071106534451246,0.10528409853577614,0.11119154095649719,0.10385455470532179,0.09989340510219336,0.10502868052572012,0.11093796137720346,0.11661733407527208,0.12445177603513002,0.126046216913632
SGF_RFW_ST4L20_PA,3,16,0.12218149503072107,0.13394286235173547,12.361917495727539,17.233795166015625,304.9944670200348,4765.538547188044,64,1920,7320,1140,25060,1140,0,0.5770503804087639,0.6029761210083961,0.6366555318236351,0.6508324220776558,0.6242533549666405,0.6220376864075661,0.6219933852553368,0.6153008341789246,0.6226062327623367,0.6531117856502533,0.6379240825772285,0.5978398397564888,0.6041247323155403,0.6190110743045807,0.6249692589044571,0.6375030428171158,0.6397655606269836,0.6358625441789627,0.627791203558445,0.6184602752327919,0.6278892755508423,0.6249529346823692,0.6188401430845261,0.6343963593244553,0.6254302710294724,0.6160647422075272,0.6355229169130325,0.6353009790182114,0.625858835875988,0.6106922626495361,0.6213808655738831,0.6246905624866486,0.625415988266468,0.6254293471574783,0.6237208545207977,0.6318497434258461,0.6466264426708221,0.6524273753166199,0.635875515639782,0.620807558298111,0.6124339327216148,0.6176670044660568,0.6217892318964005,0.6435656994581223,0.6488169804215431,0.6326462626457214,0.6258388087153435,0.6181775757244655,0.3712383098900318,0.3318217471241951,0.32802513614296913,0.29058653488755226,0.2609204351902008,0.26974252238869667,0.350319217890501,0.36059973388910294,0.34975314140319824,0.31356340646743774,0.305597472935915,0.32441914826631546,0.35445863008499146,0.3167085163295269,0.31954995542764664,0.31024278327822685,0.3169240541756153,0.31374816223978996,0.32969798147678375,0.37761838361620903,0.3295006603002548,0.3156340420246124,0.31909994035959244,0.3246941789984703,0.3540353700518608,0.3370177038013935,0.33872970193624496,0.3179972432553768,0.3067132569849491,0.305766724050045,0.33158088475465775,0.3437475636601448,0.33190351724624634,0.34060005098581314,0.34194403514266014,0.35049087554216385,0.32620694860816,0.3087305761873722,0.32983359321951866,0.33946284279227257,0.33570677787065506,0.32623080164194107,0.3220277205109596,0.33482426404953003,0.318360410630703,0.3261459767818451,0.3576751537621021,0.34459991114480154,0.11282559018582106,0.10384237393736839,0.10695739462971687,0.10006011556833982,0.09721556771546602,0.1053419727832079,0.1285682274028659,0.12420499511063099,0.12166277877986431,0.12246066983789206,0.12161409948021173,0.10961896739900112,0.11933616269379854,0.11399466544389725,0.10954254306852818,0.114888702519238,0.11890584230422974,0.12956455443054438,0.12225214205682278,0.11748719029128551,0.10912448726594448,0.1110794898122549,0.10912701953202486,0.11329583451151848,0.12243205029517412,0.11961297318339348,0.13275890983641148,0.11622589826583862,0.11105326283723116,0.11184945702552795,0.12032592110335827,0.12458981294184923,0.11844201106578112,0.11131391674280167,0.11009614821523428,0.11700805742293596,0.1063120337203145,0.10178227536380291,0.10947394464164972,0.11189821176230907,0.10489635914564133,0.10708572901785374,0.10934905800968409,0.11535121500492096,0.10973210353404284,0.11032555066049099,0.11861164774745703,0.11507272401026317
SGF_RFW_ST4L20_PA,0,17,0.26027288039525354,0.2548693219820658,5.31100606918335,8.293926239013672,305.03788018226624,4766.21687784791,64,1920,7320,1140,25060,1140,0,0.56362234801054,0.5640609711408615,0.5710016340017319,0.5688618645071983,0.5670403614640236,0.5597056970000267,0.5626400709152222,0.5637476220726967,0.5623821392655373,0.5701738372445107,0.5714327991008759,0.5701428726315498,0.5758525058627129,0.5634868741035461,0.5564804673194885,0.5499531179666519,0.5409846231341362,0.5382527410984039,0.5441380441188812,0.5548348054289818,0.5520644336938858,0.5545229464769363,0.5488042533397675,0.5443000197410583,0.5568868443369865,0.5656552761793137,0.5649854838848114,0.5595462918281555,0.5559982880949974,0.562143512070179,0.5542169138789177,0.5584855452179909,0.5478552207350731,0.550677701830864,0.5534003749489784,0.5542831122875214,0.5576332286000252,0.5567066222429276,0.5672693997621536,0.5671108514070511,0.5678005963563919,0.5524761974811554,0.5525829866528511,0.5465941801667213,0.5441256910562515,0.5466660410165787,0.5527970492839813,0.5345949786049979,0.41438665613532066,0.42160021141171455,0.4296301044523716,0.439166858792305,0.4342222884297371,0.43508796766400337,0.42679790779948235,0.4167335666716099,0.40980303660035133,0.40526075288653374,0.4149809777736664,0.4201724901795387,0.4218849875032902,0.4177079536020756,0.4151116572320461,0.4157288931310177,0.4165697991847992,0.4231285899877548,0.41632310673594475,0.41325267031788826,0.42351987212896347,0.42203836515545845,0.4263605698943138,0.4283033162355423,0.4334288164973259,0.43252895027399063,0.43390660732984543,0.428968895226717,0.4340727962553501,0.43151114135980606,0.4335319437086582,0.4387185089290142,0.44508209452033043,0.4415486045181751,0.44372935965657234,0.429619163274765,0.43208787962794304,0.4354267865419388,0.4252793677151203,0.43149054050445557,0.43499036133289337,0.4401575103402138,0.43464547023177147,0.43176211044192314,0.4295153245329857,0.4225301370024681,0.42637620866298676,0.4351590488638197,0.11226875428110361,0.11556188482791185,0.11374147702008486,0.11483229231089354,0.1155938794836402,0.11748090386390686,0.11850436311215162,0.11828188132494688,0.11924755293875933,0.1197353396564722,0.11775153782218695,0.11866409704089165,0.11852969694882631,0.12152188457548618,0.12494346406310797,0.12977387383580208,0.1294151283800602,0.12776228040456772,0.1283691842108965,0.1243574470281601,0.12560590263456106,0.12336468137800694,0.12585714273154736,0.1245980178937316,0.122830830514431,0.1200873451307416,0.11744656693190336,0.11585288401693106,0.11803957354277372,0.11743689514696598,0.11892693117260933,0.12014436442404985,0.11727829650044441,0.1182418717071414,0.12003022246062756,0.11897565890103579,0.11651238892227411,0.11649584025144577,0.11398438364267349,0.11699038650840521,0.11820252239704132,0.12248535361140966,0.1243416154757142,0.12920975591987371,0.12858071736991405,0.1258969260379672,0.12608205527067184,0.12947356275149755
SGF_RFW_ST4L20_PA,1,17,0.1768149733543396,0.09606915712356567,6.248015403747559,9.452232360839844,303.8047070503235,4746.9485476613045,64,1920,7320,1140,25060,1140,0,0.6062525063753128,0.6084023341536522,0.5967915877699852,0.5823079273104668,0.591179370880127,0.6062805727124214,0.6122533604502678,0.6184389293193817,0.6171955615282059,0.6202614530920982,0.6217868626117706,0.6182356849312782,0.6192563399672508,0.6130096316337585,0.603419229388237,0.6062346771359444,0.6098650023341179,0.6136340945959091,0.6233000457286835,0.6254268661141396,0.6238383203744888,0.6175499111413956,0.6163077652454376,0.6183471456170082,0.6141532361507416,0.6156779453158379,0.616409495472908,0.6156515032052994,0.6182880476117134,0.6230633705854416,0.6248834952712059,0.6178383529186249,0.6160994917154312,0.6164753586053848,0.6093818843364716,0.6009184941649437,0.5848714932799339,0.5790983885526657,0.5716489031910896,0.5725280269980431,0.5892976224422455,0.6038843095302582,0.5927227288484573,0.5725047811865807,0.5684808269143105,0.577421747148037,0.5965223982930183,0.61067248242242,0.3738086521625519,0.3765041194856167,0.3691181316971779,0.37369556725025177,0.3821069374680519,0.37433402240276337,0.3747444413602352,0.3710993081331253,0.3729974702000618,0.3702549561858177,0.3723325915634632,0.3802727907896042,0.38060641288757324,0.38511332124471664,0.3865698240697384,0.3938603810966015,0.38575660809874535,0.38473036512732506,0.37964044138789177,0.3765549175441265,0.3772224448621273,0.38080332428216934,0.3733244389295578,0.3754843808710575,0.3852219469845295,0.3790006563067436,0.37554336711764336,0.37397870793938637,0.37736624479293823,0.3831046409904957,0.3863532617688179,0.3879673592746258,0.39333760365843773,0.38899362459778786,0.3892456702888012,0.3751525990664959,0.3703126162290573,0.3541599400341511,0.352310124784708,0.34569070115685463,0.33288633078336716,0.32091139256954193,0.3285346142947674,0.35013220086693764,0.3562619052827358,0.36577386781573296,0.3742695748806,0.357248455286026,0.10713038966059685,0.11092859599739313,0.11355477850884199,0.11776944622397423,0.12090251129120588,0.12117267586290836,0.11579885333776474,0.1120946817100048,0.11076800432056189,0.11081189755350351,0.10641635488718748,0.10665463469922543,0.11013135779649019,0.11004535853862762,0.11119085829705,0.11129111982882023,0.11590325646102428,0.11466050986200571,0.11182141024619341,0.1091295937076211,0.10985975712537766,0.1099609024822712,0.11019454523921013,0.11204449646174908,0.1135257501155138,0.11446159612387419,0.11487424373626709,0.11438697017729282,0.11167725827544928,0.11156063620001078,0.11400088015943766,0.1112448712810874,0.11179882101714611,0.11376265995204449,0.11221223138272762,0.11339179426431656,0.11622973624616861,0.11400986928492785,0.11409714072942734,0.10858849342912436,0.10625021252781153,0.10036798566579819,0.10872008465230465,0.11547055654227734,0.12293641082942486,0.1311208326369524,0.13574192114174366,0.1386270672082901
SGF_RFW_ST4L20_PA,2,17,0.21232185761133826,0.22520124912261963,7.677303791046143,7.02899169921875,302.8328342437744,4731.763035058975,64,1920,7320,1140,25060,1140,0,0.45777057856321335,0.4592977575957775,0.46546509489417076,0.4728316329419613,0.472893413156271,0.473859079182148,0.4833943732082844,0.4739836975932121,0.47625214606523514,0.4783708192408085,0.47460899874567986,0.4849567636847496,0.4870375841856003,0.48497385159134865,0.4870190694928169,0.4691622070968151,0.4671178013086319,0.4651785381138325,0.46724437177181244,0.4691442623734474,0.4697193168103695,0.47200630605220795,0.4752804636955261,0.4770575240254402,0.4850091114640236,0.4713095873594284,0.4793720059096813,0.4743676967918873,0.47509390860795975,0.4722899831831455,0.4771081358194351,0.4746278189122677,0.4773423932492733,0.47475001588463783,0.4800508953630924,0.4826004318892956,0.4809922054409981,0.4787788689136505,0.48616065457463264,0.48518039658665657,0.4820980466902256,0.4791834242641926,0.4778986983001232,0.4776048995554447,0.4796292074024677,0.4844428077340126,0.47882597148418427,0.48771252376692636,0.39469555020332336,0.42438970133662224,0.43024151027202606,0.431296706199646,0.43317504972219467,0.42155326157808304,0.39824293553829193,0.4183243066072464,0.4082952104508877,0.42391588911414146,0.42710715532302856,0.41118602827191353,0.41395824030041695,0.42048147320747375,0.4161100871860981,0.4290216788649559,0.42870113998651505,0.41452517732977867,0.42847371473908424,0.43375613540410995,0.4242319092154503,0.423734325915575,0.42642685770988464,0.42847490683197975,0.4235764853656292,0.4263998419046402,0.4365495964884758,0.4265012890100479,0.42460644990205765,0.42816567048430443,0.4284285195171833,0.41598545759916306,0.4186458848416805,0.4243423789739609,0.42193755879998207,0.41910893842577934,0.42195724323391914,0.42200523614883423,0.4305465370416641,0.43361586704850197,0.41708723828196526,0.41653790697455406,0.4167432375252247,0.4179381690919399,0.41660818457603455,0.42489516362547874,0.4182406961917877,0.42367217796189444,0.08739826828241348,0.09502722695469856,0.09672672674059868,0.09956651832908392,0.10357154905796051,0.1038679713383317,0.1023783590644598,0.10095835942775011,0.0988133167847991,0.09931229334324598,0.09909487515687943,0.09908474702388048,0.09970980696380138,0.09598912857472897,0.09366415999829769,0.09462475217878819,0.09603250958025455,0.10213778167963028,0.10698058363050222,0.10687345080077648,0.10457740817219019,0.10153212677687407,0.09762422274798155,0.09519101120531559,0.09489458240568638,0.09302425291389227,0.09297983348369598,0.0971454344689846,0.09377392940223217,0.09506683703511953,0.09363255091011524,0.0915658688172698,0.09478573780506849,0.09689764678478241,0.09800085984170437,0.10019170679152012,0.10165453143417835,0.1005429346114397,0.09849860146641731,0.0991494320333004,0.09826930053532124,0.09895029105246067,0.09821456205099821,0.0974531713873148,0.09620398283004761,0.09345571976155043,0.09179977420717478,0.09183738274233681
SGF_RFW_ST4L20_PA,3,17,0.1705724994341532,0.19235777854919434,7.177995204925537,6.9747467041015625,304.01768350601196,4750.276304781437,64,1920,7320,1140,25060,1140,0,0.6506407558917999,0.6562622413039207,0.6580210998654366,0.6620913594961166,0.6573940739035606,0.6569909825921059,0.6614570990204811,0.6570468991994858,0.6616520434617996,0.6686314269900322,0.6676697134971619,0.6665486544370651,0.6635925024747849,0.6624045222997665,0.6584459766745567,0.6649933755397797,0.6597940698266029,0.6594580560922623,0.6642501130700111,0.6666990965604782,0.6661287322640419,0.6641688868403435,0.6567159295082092,0.6674941256642342,0.6631269603967667,0.6624776944518089,0.6649961024522781,0.6685208007693291,0.6641653552651405,0.6637670546770096,0.6603527516126633,0.6616535037755966,0.65628632158041,0.6601395383477211,0.6581418812274933,0.6557690128684044,0.6662150621414185,0.66535934060812,0.6710466220974922,0.6650339663028717,0.661118246614933,0.6530002355575562,0.6530982702970505,0.6577267348766327,0.6604786962270737,0.6643401831388474,0.6627342477440834,0.6651489223752703,0.3489045016467571,0.34533432871103287,0.35028188675642014,0.35740187391638756,0.3539031371474266,0.3562973253428936,0.35513943433761597,0.3490169085562229,0.35112908855080605,0.36543378606438637,0.34642964228987694,0.3644249439239502,0.3620210513472557,0.36401526257395744,0.34858188033103943,0.3582521229982376,0.3542214669287205,0.35622788593173027,0.3687129020690918,0.35426898673176765,0.34423165395855904,0.34353119879961014,0.3513493910431862,0.35550492629408836,0.36313290148973465,0.36156565696001053,0.353036105632782,0.35085757449269295,0.3483056128025055,0.3517112769186497,0.3594718463718891,0.3645865470170975,0.3513578847050667,0.3556358441710472,0.35907819867134094,0.35878945142030716,0.36091917008161545,0.358890600502491,0.35269731655716896,0.3526942878961563,0.3511091358959675,0.35595543682575226,0.3631912134587765,0.3635681942105293,0.3594594970345497,0.34864963591098785,0.34474167600274086,0.35897120407649447,0.09934655111283064,0.10278944205492735,0.10629299003630877,0.10957455914467573,0.10942292306572199,0.1068770308047533,0.10715450718998909,0.10483812168240547,0.1047315588220954,0.10397111810743809,0.10359841212630272,0.10538243502378464,0.10499647445976734,0.10739248711615801,0.10585375223308802,0.10712538473308086,0.10429109446704388,0.10331145953387022,0.10479002073407173,0.10315163154155016,0.10340221505612135,0.10484890080988407,0.1034801322966814,0.1040464686229825,0.10554114077240229,0.10740771517157555,0.10619120206683874,0.10517632309347391,0.10494131967425346,0.10387398023158312,0.10228009801357985,0.10451049171388149,0.10630812961608171,0.1068163150921464,0.10652608331292868,0.10498633421957493,0.10440336260944605,0.10320352204144001,0.10171609837561846,0.1035530399531126,0.10596149321645498,0.10590754356235266,0.10463874321430922,0.10418664198368788,0.10551073309034109,0.10419123526662588,0.10302557796239853,0.1035836466721126
SGF_RFW_ST4L20_PA,0,18,0.2706388235092163,0.11785411834716797,6.395121097564697,7.975338935852051,303.8466098308563,4747.60327860713,64,1920,7320,1140,25060,1140,0,0.5324073955416679,0.5213479399681091,0.5179843530058861,0.5120581835508347,0.5021840929985046,0.4982862249016762,0.492765411734581,0.4838387072086334,0.47008026018738747,0.4585467055439949,0.4404315985739231,0.421446718275547,0.4217212423682213,0.41334665566682816,0.4088793583214283,0.4124535992741585,0.4110835790634155,0.41383230313658714,0.41801203414797783,0.4240814782679081,0.4353119321167469,0.43835360184311867,0.4452291429042816,0.4512671232223511,0.4461665339767933,0.4460129961371422,0.45320309326052666,0.4500453881919384,0.4482384920120239,0.43972640484571457,0.438086923211813,0.44105803593993187,0.461444403976202,0.47978558391332626,0.4808729216456413,0.4622287042438984,0.42633870989084244,0.4112696535885334,0.41991959884762764,0.43777887150645256,0.45898666605353355,0.47124024108052254,0.47576969489455223,0.4689906947314739,0.4614798352122307,0.4534800387918949,0.44438251480460167,0.43330706868852886,0.38946040347218513,0.3873653933405876,0.38135259971022606,0.3724881522357464,0.3639649413526058,0.3576388508081436,0.3552401475608349,0.3545822948217392,0.3632861040532589,0.3737306073307991,0.391949363052845,0.4058678261935711,0.4044167585670948,0.406276099383831,0.4064042195677757,0.4020947404205799,0.4007316939532757,0.40118610113859177,0.40776849165558815,0.4102894738316536,0.4093959964811802,0.4085751809179783,0.41445956006646156,0.4160831347107887,0.4309001788496971,0.45258667320013046,0.4535887762904167,0.438963808119297,0.40584568306803703,0.3851810544729233,0.3712484873831272,0.3656701371073723,0.3563585989177227,0.34613265469670296,0.3446831852197647,0.354129072278738,0.36611610651016235,0.38038599118590355,0.39922086149454117,0.40482911840081215,0.4007447697222233,0.405336894094944,0.40563182532787323,0.40043751150369644,0.39215071499347687,0.38350343704223633,0.37409108877182007,0.3727469061102186,0.12851613480597734,0.1291943695396185,0.12706349976360798,0.12268501985818148,0.11562071647495031,0.1110448818653822,0.10802337899804115,0.1049313573166728,0.10346948634833097,0.10663766507059336,0.1144006373360753,0.11627587862312794,0.10586576908826828,0.10463456995785236,0.10783020779490471,0.1105034975335002,0.10773085709661245,0.10524418856948614,0.10574908554553986,0.10652130469679832,0.10646731220185757,0.11020873580127954,0.11600120924413204,0.11480322945863008,0.10677686426788568,0.09880704060196877,0.08967408444732428,0.0889086201786995,0.09343837853521109,0.09501570742577314,0.09778547752648592,0.10346654523164034,0.10607579071074724,0.10374682396650314,0.10045663453638554,0.09926565364003181,0.09499220456928015,0.09955633524805307,0.10566780250519514,0.10832375567406416,0.10860216245055199,0.1103648105636239,0.11259622406214476,0.11006283480674028,0.10697358287870884,0.10503939166665077,0.10223357193171978,0.09845404326915741
SGF_RFW_ST4L20_PA,1,18,0.2741104563077291,0.2842943867047628,8.390264511108398,5.976128578186035,303.89955592155457,4748.43056127429,64,1920,7320,1140,25060,1140,0,0.5848281309008598,0.590238593518734,0.5899688228964806,0.5855942144989967,0.5853558480739594,0.5869321972131729,0.5827997401356697,0.574531227350235,0.5727391913533211,0.5829238221049309,0.5743140801787376,0.56199911236763,0.5733018219470978,0.5869862288236618,0.5859683230519295,0.5802767649292946,0.5855438709259033,0.5873102024197578,0.5854895785450935,0.5846769511699677,0.5797516256570816,0.5724754333496094,0.5711137503385544,0.5756193846464157,0.5848958864808083,0.5910538509488106,0.5937840193510056,0.5961819067597389,0.5927408412098885,0.5911971032619476,0.592842809855938,0.5923938453197479,0.5933536812663078,0.5881632640957832,0.5877965316176414,0.5925205275416374,0.5874360948801041,0.5888221114873886,0.5891309306025505,0.5871912240982056,0.590556763112545,0.5904495120048523,0.5883250311017036,0.5936416611075401,0.5916537046432495,0.585270568728447,0.5829821154475212,0.5875434109142849,0.39801260456442833,0.3933257386088371,0.3894849941134453,0.3912915922701359,0.3891155682504177,0.38270530477166176,0.3775349333882332,0.3808245621621609,0.4036102555692196,0.393870010972023,0.38717373833060265,0.3947061374783516,0.40684031695127487,0.41012025251984596,0.4076583907008171,0.40811293199658394,0.40576082840561867,0.4052434489130974,0.40730785578489304,0.40572120249271393,0.40751511603593826,0.40840182453393936,0.4125751629471779,0.41327890381217003,0.40751390904188156,0.4022444635629654,0.3988680839538574,0.3964054509997368,0.403687484562397,0.40852291136980057,0.41007862240076065,0.40641724690794945,0.40290189906954765,0.40255385637283325,0.3971511758863926,0.39609238132834435,0.4022837467491627,0.40116991475224495,0.4067026525735855,0.4109679087996483,0.4081576019525528,0.4061749801039696,0.40433232858777046,0.39738447964191437,0.3982786536216736,0.4019673578441143,0.4019196629524231,0.40278840916497366,0.14371677860617638,0.1485244445502758,0.14970353618264198,0.15334645099937916,0.1562270913273096,0.15893885679543018,0.15941310860216618,0.15647845715284348,0.1551720928400755,0.1552635058760643,0.15354463458061218,0.15284181758761406,0.1534582171589136,0.15407204255461693,0.15190385282039642,0.1546659842133522,0.15770486742258072,0.15778429247438908,0.1606599073857069,0.1579801645129919,0.15806188434362411,0.16151818446815014,0.16093055717647076,0.16126851364970207,0.1583419255912304,0.15727395005524158,0.15596520528197289,0.15674780867993832,0.1554984748363495,0.15720993280410767,0.15689286030828953,0.16090003214776516,0.16021584160625935,0.15766962245106697,0.15611769072711468,0.15141076035797596,0.15041772089898586,0.15395826287567616,0.15755424089729786,0.16004180908203125,0.16097762621939182,0.1546880416572094,0.15276381373405457,0.15676675364375114,0.1559837982058525,0.15960905142128468,0.16179773025214672,0.1593774344239916
SGF_RFW_ST4L20_PA,2,18,0.3569958806037903,0.3657188812891642,5.903133392333984,5.078773021697998,304.42085337638855,4756.575834006071,64,1920,7320,1140,25060,1140,0,0.4819508120417595,0.4867544248700142,0.49059558659791946,0.49360521137714386,0.49274368584156036,0.49122587218880653,0.4943416938185692,0.49639134481549263,0.49750006198883057,0.4913719557225704,0.49229612201452255,0.48969030007719994,0.4842757433652878,0.4818325936794281,0.48087094351649284,0.48720596730709076,0.4918174110352993,0.4951446019113064,0.505131296813488,0.5046484097838402,0.5089243724942207,0.5068174302577972,0.4974290542304516,0.49089209735393524,0.49342677369713783,0.49769288301467896,0.4998328611254692,0.49457214400172234,0.49060871452093124,0.49800051003694534,0.50228201597929,0.5078543573617935,0.5077673271298409,0.5016546100378036,0.5018701031804085,0.505512960255146,0.5063798204064369,0.5098447054624557,0.5102072581648827,0.4971712604165077,0.49151232093572617,0.4945645406842232,0.5048566162586212,0.5117428600788116,0.5123046413064003,0.5076334550976753,0.5009586662054062,0.4963403344154358,0.43435874581336975,0.4279298223555088,0.4225780628621578,0.4186452217400074,0.4218241982161999,0.4306971989572048,0.43571361526846886,0.4431370943784714,0.4478987716138363,0.4605204425752163,0.47051936388015747,0.4799552448093891,0.4794260375201702,0.47878622636199,0.47157004848122597,0.451372217386961,0.4414335824549198,0.4453124478459358,0.4465895779430866,0.44483858346939087,0.4326867572963238,0.4270501062273979,0.4316256046295166,0.436786737293005,0.4380875825881958,0.4377369061112404,0.43593575060367584,0.44130989164114,0.44713571295142174,0.4428875111043453,0.4415951706469059,0.43972424790263176,0.44257209450006485,0.43676863238215446,0.4312763847410679,0.42598145827651024,0.4233361631631851,0.42569946497678757,0.43022720143198967,0.44325194135308266,0.4419628754258156,0.43677491322159767,0.427432157099247,0.42271384224295616,0.4246199168264866,0.430972158908844,0.43690361455082893,0.43954042877469746,0.133082902058959,0.13632348738610744,0.13607842475175858,0.13891910202801228,0.1420015711337328,0.143444599583745,0.14467459730803967,0.1442768406122923,0.1383058726787567,0.14522718265652657,0.1468609981238842,0.14958889968693256,0.14969994314014912,0.14572032541036606,0.1439662054181099,0.13928215950727463,0.14332235977053642,0.14435985125601292,0.14472190663218498,0.14420676790177822,0.14492867700755596,0.14862544648349285,0.14939725026488304,0.15000783652067184,0.15260844118893147,0.1555822752416134,0.15176374092698097,0.14864383079111576,0.14531327597796917,0.14294281415641308,0.1451357714831829,0.14599136635661125,0.14627544954419136,0.14925726130604744,0.1503728311508894,0.14847665652632713,0.14664197713136673,0.14267919398844242,0.1434932928532362,0.14355754852294922,0.1466684304177761,0.1416531540453434,0.1422921046614647,0.14388751797378063,0.1438601389527321,0.14015707932412624,0.13977943360805511,0.13897774474961416
SGF_RFW_ST4L20_PA,3,18,0.2076531847318014,0.24189430475234985,8.770834922790527,10.04220199584961,303.9472987651825,4749.1765432059765,64,1920,7320,1140,25060,1140,0,0.4884903319180012,0.5003109090030193,0.5129399299621582,0.5215727314352989,0.5340085402131081,0.5361473336815834,0.518966369330883,0.5087825953960419,0.5038439668715,0.5048791021108627,0.5124875232577324,0.5123318731784821,0.5042969584465027,0.4925108216702938,0.48914218693971634,0.49422480538487434,0.5042007751762867,0.5101226344704628,0.5112502723932266,0.5081905126571655,0.5007903464138508,0.5009232349693775,0.4960373640060425,0.507816955447197,0.508618488907814,0.5121387019753456,0.5115868449211121,0.5035718306899071,0.5025289729237556,0.5087053403258324,0.5045878887176514,0.5069736614823341,0.5117271244525909,0.5154802724719048,0.5179528892040253,0.515692688524723,0.5075787231326103,0.5031055957078934,0.49786442518234253,0.5018694140017033,0.5126476287841797,0.5127014517784119,0.5088729560375214,0.505820982158184,0.5066631734371185,0.5058634132146835,0.510099433362484,0.5129272852625165,0.4087144434452057,0.40322141349315643,0.39795535430312157,0.3975374177098274,0.3996041342616081,0.40836770460009575,0.42548302188515663,0.4222269654273987,0.4257892593741417,0.43842003494501114,0.4476107880473137,0.44690562412142754,0.4436560310423374,0.4477893114089966,0.4489287808537483,0.4408617541193962,0.4369415380060673,0.43387530744075775,0.42507488653063774,0.42868300527334213,0.43288277462124825,0.437568835914135,0.4412911795079708,0.43053651973605156,0.43303000554442406,0.43738406896591187,0.4314635470509529,0.4512285925447941,0.4405481703579426,0.43531060591340065,0.4393620938062668,0.43023453652858734,0.4311123676598072,0.44034674763679504,0.44352155551314354,0.4349679984152317,0.44200044497847557,0.4439084231853485,0.44303013011813164,0.4405008405447006,0.438575841486454,0.44137778505682945,0.44193680211901665,0.44716791436076164,0.4355739653110504,0.4393775649368763,0.43549032509326935,0.4295064296041216,0.14286944456398487,0.14975060150027275,0.15349270217120647,0.15754457749426365,0.16050747595727444,0.16372384689748287,0.16139116324484348,0.1562368031591177,0.1560787819325924,0.1592800673097372,0.16430633328855038,0.16712876968085766,0.16863780096173286,0.16615499928593636,0.16114141047000885,0.16221940144896507,0.16216564923524857,0.15955999866127968,0.1589486449956894,0.16083601117134094,0.1550654862076044,0.1574687473475933,0.1600627787411213,0.16061536595225334,0.1613274458795786,0.16512938775122166,0.16230891458690166,0.16362547874450684,0.16114914789795876,0.16478262096643448,0.16861694864928722,0.16605895943939686,0.1629402320832014,0.16461125947535038,0.166489128023386,0.16776497289538383,0.16859340108931065,0.16824121214449406,0.16378437168896198,0.16553055122494698,0.16290310584008694,0.16532203368842602,0.16832550056278706,0.16522793844342232,0.1654505580663681,0.16247187927365303,0.16162885911762714,0.1611029761178153
SGF_RFW_ST4L20_PA,0,19,0.16942328214645386,0.17046040296554565,5.0728254318237305,4.8489813804626465,303.3816771507263,4740.338705480099,64,1920,7320,1140,25060,1140,0,0.7208146750926971,0.7374125272035599,0.7476974278688431,0.7548300102353096,0.7524485066533089,0.7392577305436134,0.7407627776265144,0.7431642264127731,0.7474399581551552,0.7388903796672821,0.7430061846971512,0.742407776415348,0.7405997663736343,0.742439940571785,0.7382946014404297,0.745848074555397,0.7427925243973732,0.7466807439923286,0.7422707974910736,0.7443912029266357,0.7451424077153206,0.7459602057933807,0.7477401867508888,0.7432350218296051,0.7446100860834122,0.743661992251873,0.7460397109389305,0.7387878745794296,0.7410197556018829,0.7418920546770096,0.7402390912175179,0.7415721714496613,0.7411896139383316,0.7421189993619919,0.7397638708353043,0.7429191023111343,0.7430854737758636,0.7437633872032166,0.7441722005605698,0.7416127398610115,0.7412856444716454,0.7467599287629128,0.7454894185066223,0.742525190114975,0.7457399889826775,0.7443917766213417,0.7464141920208931,0.7489563822746277,0.4420003704726696,0.4439001977443695,0.44355927780270576,0.43209535256028175,0.4386536069214344,0.4414064735174179,0.4453427232801914,0.44564198702573776,0.4382094778120518,0.44923995435237885,0.44303616881370544,0.44537458196282387,0.44623715803027153,0.440375491976738,0.44609086215496063,0.446703776717186,0.4440063610672951,0.44246838241815567,0.44356265664100647,0.4421458840370178,0.4467338062822819,0.44314830005168915,0.4437927193939686,0.4454398937523365,0.44146284088492393,0.4377152621746063,0.44359512627124786,0.4526924267411232,0.4467625319957733,0.43967267125844955,0.4412571042776108,0.4439571425318718,0.4475843384861946,0.4486783780157566,0.44958796724677086,0.4477490782737732,0.4478934705257416,0.4435812644660473,0.45339976623654366,0.45924992486834526,0.44624999165534973,0.44633781537413597,0.45005230978131294,0.4437795989215374,0.4396820552647114,0.44249485433101654,0.4428020566701889,0.44040597336632864,0.09136973228305578,0.09443026594817638,0.09774459432810545,0.10046556778252125,0.09735329356044531,0.09495526738464832,0.09476126916706562,0.09419349767267704,0.09277879539877176,0.09268184471875429,0.09392408654093742,0.09546313434839249,0.09564185235649347,0.09204906970262527,0.09235493652522564,0.0955922482535243,0.09590319357812405,0.09596567321568727,0.0941292243078351,0.09575966466218233,0.09734609443694353,0.09587187599390745,0.09618089441210032,0.09420350659638643,0.09868451673537493,0.09691612608730793,0.09472470637410879,0.09251597337424755,0.09442300442606211,0.09307124931365252,0.09306204132735729,0.09628850780427456,0.09629418607801199,0.09617144707590342,0.09794261027127504,0.09423451870679855,0.0961046889424324,0.09463152289390564,0.09442290291190147,0.09135826304554939,0.09213821217417717,0.09207307361066341,0.09229630045592785,0.09409162495285273,0.0925844432786107,0.09148651268333197,0.09411583095788956,0.09517734497785568
SGF_RFW_ST4L20_PA,1,19,0.12883935372034705,0.13505651553471887,5.874700546264648,5.125351905822754,303.879017829895,4748.10965359211,64,1920,7320,1140,25060,1140,0,0.6741597503423691,0.6947747319936752,0.7068231999874115,0.7148185595870018,0.7217753976583481,0.709605798125267,0.6926626116037369,0.6851530745625496,0.6927932277321815,0.7022606953978539,0.6996798068284988,0.6962091326713562,0.698776051402092,0.6954958215355873,0.691179946064949,0.6837074384093285,0.6947948411107063,0.701493039727211,0.6898357048630714,0.673974521458149,0.6820755377411842,0.6930481120944023,0.6945315599441528,0.6885822117328644,0.6849866732954979,0.6762054935097694,0.6853114143013954,0.6916289702057838,0.6965768560767174,0.6901326403021812,0.6758497655391693,0.6801366731524467,0.692812092602253,0.713608480989933,0.7066790536046028,0.6981027722358704,0.6830190271139145,0.6888359561562538,0.7075012102723122,0.7074644789099693,0.6885162144899368,0.6936568766832352,0.703180730342865,0.7017221301794052,0.6966663673520088,0.6926774382591248,0.6899855509400368,0.6884445633207049,0.3789389692246914,0.38108424469828606,0.37681321054697037,0.3741225376725197,0.3849359378218651,0.3847002349793911,0.38701144233345985,0.3866940140724182,0.38406574353575706,0.3813316375017166,0.37842557579278946,0.3813006654381752,0.38626135885715485,0.38152631372213364,0.3898067884147167,0.3872467428445816,0.38080743327736855,0.38057841360569,0.38453617319464684,0.39012670516967773,0.38828741386532784,0.38589247688651085,0.3841603063046932,0.3816576115787029,0.3830514885485172,0.3879457376897335,0.38887176662683487,0.38459504395723343,0.378118172287941,0.3869812451303005,0.39648041501641273,0.3968885876238346,0.3936448432505131,0.385373342782259,0.3854593001306057,0.3810901753604412,0.386427354067564,0.38498976826667786,0.3847839869558811,0.38450856879353523,0.38923976942896843,0.38597268238663673,0.38601069897413254,0.38309311121702194,0.37974686548113823,0.38528602942824364,0.3812883235514164,0.38146588632038664,0.10891269333660603,0.10845918860286474,0.10786402225494385,0.1072697602212429,0.10815481841564178,0.10639434959739447,0.11094182636588812,0.1151749612763524,0.11331352684646845,0.10754071641713381,0.10840749274939299,0.1114211417734623,0.11166794039309025,0.1104623107239604,0.11506068147718906,0.11294449493288994,0.10936344414949417,0.10924316756427288,0.11124813370406628,0.1207152483984828,0.11741183884441853,0.11428581364452839,0.11163888871669769,0.11544141825288534,0.11693279352039099,0.11746008973568678,0.11754727363586426,0.11496267840266228,0.1127791590988636,0.11439923476427794,0.11802402790635824,0.11700145807117224,0.11345831770449877,0.10915197245776653,0.10812360607087612,0.10939636453986168,0.11442790646106005,0.11345595773309469,0.10884013399481773,0.10718403197824955,0.11286964267492294,0.11407739669084549,0.11056557670235634,0.1105112349614501,0.11131756659597158,0.11219869460910559,0.11556192394345999,0.11302368130002703
SGF_RFW_ST4L20_PA,2,19,0.14345286289850867,0.15161083141962683,6.619201183319092,6.090560436248779,470.5273666381836,7351.990103721619,64,1920,7320,1140,25060,1140,0,0.6675174757838249,0.6864097863435745,0.6967838108539581,0.6896708086133003,0.6885724142193794,0.6945331767201424,0.6867459416389465,0.6833240315318108,0.6718699187040329,0.6730969920754433,0.6835285201668739,0.6852303072810173,0.6793439835309982,0.6754206418991089,0.6776653677225113,0.6762372925877571,0.6793923527002335,0.6854891628026962,0.6687129139900208,0.6763500049710274,0.6834979951381683,0.6789674684405327,0.669316865503788,0.6744531244039536,0.6746938154101372,0.6771409437060356,0.6835028752684593,0.6755912229418755,0.6713750660419464,0.6775194630026817,0.6754045560956001,0.6792696863412857,0.6779234334826469,0.6733552888035774,0.6759761944413185,0.6731409430503845,0.6820747926831245,0.6751598343253136,0.6779466420412064,0.6834660768508911,0.6809240952134132,0.6836629584431648,0.6834066659212112,0.6799336150288582,0.6792559251189232,0.6759971156716347,0.6766508892178535,0.6830861823899406,0.4307076036930084,0.4308810979127884,0.4204699993133545,0.4415907822549343,0.45017895102500916,0.4439001679420471,0.4487651661038399,0.4517316520214081,0.45003704726696014,0.4604502022266388,0.4519315995275974,0.4558812156319618,0.4568011686205864,0.46531377360224724,0.45647672191262245,0.45771729201078415,0.46085765212774277,0.44381972774863243,0.46460724249482155,0.46108758077025414,0.45592400431632996,0.4694506637752056,0.47168369218707085,0.45612700283527374,0.46439139544963837,0.46028975024819374,0.4409748613834381,0.4635443836450577,0.46390195935964584,0.46407585591077805,0.4638877511024475,0.45398418977856636,0.45212071016430855,0.4603950306773186,0.4568590596318245,0.46791110932826996,0.4478757381439209,0.4686513654887676,0.4654448665678501,0.4575558044016361,0.4690108522772789,0.46092139929533005,0.45576944574713707,0.4562044069170952,0.45865239948034286,0.465795811265707,0.46691595762968063,0.4591858812740871,0.11148925125598907,0.11870051547884941,0.12212488614022732,0.12378386873751879,0.12478105816990137,0.11592952068895102,0.1154878530651331,0.11691560596227646,0.11951911821961403,0.1199138704687357,0.1195020079612732,0.11681989300996065,0.11542989686131477,0.11729843448847532,0.11712238471955061,0.11833735182881355,0.12108693923801184,0.11851970292627811,0.11793364677578211,0.11814791243523359,0.11860878672450781,0.11730921547859907,0.11853621527552605,0.11786192934960127,0.11757277883589268,0.11735999770462513,0.11614357959479094,0.1168589424341917,0.11566308327019215,0.11581243202090263,0.11558694671839476,0.1178764421492815,0.11754538305103779,0.1192915653809905,0.11944458167999983,0.11970148142427206,0.11767790094017982,0.11738709732890129,0.11671809572726488,0.11720238905400038,0.11629266664385796,0.11727767996490002,0.11701678670942783,0.11780279781669378,0.11659814044833183,0.1175844557583332,0.1185503788292408,0.12404809572866984
SGF_RFW_ST4L20_PA,3,19,0.14195221662521362,0.1363569895426432,6.1469197273254395,5.56387186050415,303.9852647781372,4749.769762158394,64,1920,7320,1140,25060,1140,0,0.6871738657355309,0.6994089037179947,0.7119393646717072,0.7201579287648201,0.7257054075598717,0.7259364649653435,0.7085810750722885,0.6880065351724625,0.6884051039814949,0.6952372714877129,0.7022237479686737,0.7025044709444046,0.7020317614078522,0.702915646135807,0.6998501121997833,0.6974668651819229,0.700865812599659,0.7141545489430428,0.7050724849104881,0.6921541169285774,0.681192934513092,0.6699074506759644,0.6824073195457458,0.7022046074271202,0.705109991133213,0.6886802539229393,0.6773435845971107,0.6770647093653679,0.6819154098629951,0.6822545826435089,0.6801943182945251,0.6860583573579788,0.6914421170949936,0.6840195059776306,0.6771354600787163,0.6743599697947502,0.6744446232914925,0.6809314861893654,0.6843908652663231,0.685211680829525,0.6820000559091568,0.6806543841958046,0.684944674372673,0.688752643764019,0.6968275010585785,0.7138118967413902,0.715344026684761,0.70677307673863,0.44487522915005684,0.4362778998911381,0.42907552048563957,0.41749407351017,0.4116087965667248,0.40547192841768265,0.423892293125391,0.4420844726264477,0.44212136045098305,0.43473004177212715,0.43217383697628975,0.43378978222608566,0.4365606755018234,0.43365636467933655,0.4406677298247814,0.44302695617079735,0.4412030950188637,0.43914198875427246,0.44539932161569595,0.44587367400527,0.44844529777765274,0.4518725648522377,0.4484805576503277,0.429355937987566,0.4297417178750038,0.4448958523571491,0.4523456506431103,0.4525296799838543,0.44784867763519287,0.451504722237587,0.45091867074370384,0.4463486485183239,0.4444093592464924,0.45166492834687233,0.456627793610096,0.4573518745601177,0.4573873467743397,0.4527880549430847,0.4518563523888588,0.45308737829327583,0.4586976580321789,0.4631134308874607,0.45447739213705063,0.44788242876529694,0.43928784504532814,0.4173645190894604,0.4170282557606697,0.430918174130576,0.09559682291001081,0.10117657482624054,0.10443654283881187,0.10679376777261496,0.10837823152542114,0.10762550123035908,0.09929873887449503,0.09981953259557486,0.10098285414278507,0.09934021439403296,0.10026042442768812,0.10366776399314404,0.1047007767483592,0.10621188208460808,0.10472895484417677,0.10707790497690439,0.10630949214100838,0.1067394744604826,0.10923224315047264,0.11041734274476767,0.10752482991665602,0.10720875393599272,0.10500636417418718,0.10352729447185993,0.10374920349568129,0.10581247415393591,0.10679657757282257,0.10631716158241034,0.10689183138310909,0.10308876261115074,0.10545506794005632,0.11026474460959435,0.11200198996812105,0.11268991604447365,0.11062548402696848,0.108540796674788,0.10880752373486757,0.10778792668133974,0.10451601538807154,0.10244077816605568,0.10219183098524809,0.10424162168055773,0.10507110506296158,0.1065912414342165,0.1069963090121746,0.10510480683296919,0.10802312567830086,0.10828001797199249
SGF_RFW_ST4L20_PB,0,0,0.05761345227559411,0.09638671080271399,8.076045989990234,8.13964557647705,301.90019035339355,4717.190474271774,64,1920,7320,1140,25060,1140,3420,0.5694052651524544,0.5924194827675819,0.5976336151361465,0.6060375422239304,0.6108853220939636,0.6043910980224609,0.5988704934716225,0.5935499221086502,0.5925900563597679,0.5879137068986893,0.5786692202091217,0.5921393558382988,0.5976995527744293,0.6044942811131477,0.5988501459360123,0.5961194261908531,0.6061697825789452,0.6158588603138924,0.6145972609519958,0.5983332470059395,0.5897837206721306,0.5911232009530067,0.5920580476522446,0.5918377786874771,0.5950246602296829,0.5856949985027313,0.5873293280601501,0.600010059773922,0.6233084127306938,0.6338995322585106,0.6260910630226135,0.5987329185009003,0.5848608464002609,0.5933518260717392,0.605833426117897,0.6135501563549042,0.6073243618011475,0.6087926849722862,0.5918124243617058,0.5926273912191391,0.6052727028727531,0.6119065582752228,0.6116388738155365,0.6095363274216652,0.6088823229074478,0.6032493710517883,0.6001635789871216,0.6084529757499695,0.3834017924964428,0.3847605921328068,0.3908420391380787,0.39052996784448624,0.38966452330350876,0.378991212695837,0.36460015550255775,0.3871626928448677,0.41038454696536064,0.42783285677433014,0.436125673353672,0.41737622767686844,0.3963574804365635,0.3790564388036728,0.38207582011818886,0.4011736176908016,0.39786409586668015,0.3855462968349457,0.38785045966506004,0.38895564153790474,0.40499090403318405,0.42499790340662,0.4480851888656616,0.445863988250494,0.4284623712301254,0.4214186295866966,0.40817051753401756,0.4046333096921444,0.4002518430352211,0.39570697769522667,0.4010558910667896,0.4154357500374317,0.4138123504817486,0.40991195663809776,0.40459828823804855,0.39903057739138603,0.4136708080768585,0.4167867675423622,0.4193676598370075,0.4193328469991684,0.4122943989932537,0.41102397441864014,0.4209812991321087,0.42315931618213654,0.4246378764510155,0.40926458686590195,0.4051066040992737,0.4055263570376805,0.11326805781573057,0.12099204864352942,0.1296255774796009,0.13025392778217793,0.1312272511422634,0.12725804094225168,0.11774856504052877,0.11510025523602962,0.11568128317594528,0.11215395852923393,0.1153811663389206,0.11549405660480261,0.10805334150791168,0.10338908061385155,0.10755881480872631,0.11257217545062304,0.11660288088023663,0.11202240269631147,0.10927772335708141,0.10515058226883411,0.1053434256464243,0.1108391061425209,0.11431697010993958,0.11548035312443972,0.11784421559423208,0.11643252521753311,0.11600478831678629,0.11292237136512995,0.10972655657678843,0.10704107116907835,0.11140679102391005,0.11392366606742144,0.11825535073876381,0.11552763264626265,0.1123551819473505,0.11270519811660051,0.11426263954490423,0.11301849503070116,0.11912282463163137,0.11614948604255915,0.11410833895206451,0.11481547262519598,0.1180801447480917,0.11812316440045834,0.1236097551882267,0.11660263873636723,0.11988450866192579,0.11761723033019475
SGF_RFW_ST4L20_PB,1,0,0.11412688096364343,0.13075455029805505,8.236245155334473,9.560608863830566,300.7500264644623,4699.219163507223,64,1920,7320,1140,25060,1140,3420,0.5091946050524712,0.5262879431247711,0.5439931377768517,0.5616513416171074,0.5684292763471603,0.5603113994002342,0.5512750074267387,0.5420929566025734,0.5379851758480072,0.5445752218365669,0.5534810423851013,0.5524003580212593,0.5394224300980568,0.5245468392968178,0.5148501247167587,0.5177407413721085,0.5331651940941811,0.5555500835180283,0.5513120666146278,0.532214917242527,0.5344740226864815,0.5447118431329727,0.5476631820201874,0.5447434484958649,0.5450323969125748,0.5354862734675407,0.5328233391046524,0.5391205102205276,0.5409127250313759,0.5327535569667816,0.5379239544272423,0.5449136346578598,0.5481586456298828,0.5566677302122116,0.5544200092554092,0.5485191494226456,0.5439453125,0.5513826832175255,0.5499886870384216,0.5366929098963737,0.5325141698122025,0.5037150457501411,0.5019043236970901,0.5208421424031258,0.540920302271843,0.5725567117333412,0.5759551897644997,0.5572014280727932,0.3892447426915169,0.39202455431222916,0.3913107365369797,0.38861319050192833,0.38864101469516754,0.393961563706398,0.39962173998355865,0.41287047415971756,0.4207288771867752,0.41514991596341133,0.4151313416659832,0.4115501418709755,0.4149237386882305,0.4234002009034157,0.43111684173345566,0.4264969564974308,0.4197670482099056,0.40316199511289597,0.4046586826443672,0.4149901606142521,0.409051813185215,0.4063892140984535,0.40624984353780746,0.41107437014579773,0.40382540225982666,0.4008447602391243,0.3989720344543457,0.3922576978802681,0.3992784135043621,0.40246880799531937,0.4052342362701893,0.40530790761113167,0.39753853157162666,0.3913593180477619,0.3957224488258362,0.40944843739271164,0.4101330190896988,0.4037732817232609,0.4011432118713856,0.3985065184533596,0.40311748534440994,0.415146816521883,0.4225078970193863,0.41151995211839676,0.4004976712167263,0.38270966708660126,0.3891751877963543,0.40363244499479023,0.1067561050876975,0.11206390615552664,0.11488095764070749,0.11456654407083988,0.11218299809843302,0.11101744696497917,0.11047462094575167,0.10552027262747288,0.10622508823871613,0.10500580258667469,0.10338537767529488,0.10424431134015322,0.10405976418405771,0.10032725427299738,0.10390452854335308,0.10707856435328722,0.11082864552736282,0.11487103626132011,0.11088269483298063,0.11105086840689182,0.11034941021353006,0.10764402151107788,0.1044993968680501,0.10392119735479355,0.10337555222213268,0.1054792208597064,0.1072919936850667,0.10810851585119963,0.10483964812010527,0.10291319712996483,0.099951914511621,0.10387750342488289,0.10674495808780193,0.10841306857764721,0.1062288424000144,0.10251558385789394,0.10190347395837307,0.10292008519172668,0.10726180579513311,0.11035808362066746,0.11068601906299591,0.10801764577627182,0.10900508612394333,0.1069139139726758,0.10744734480977058,0.10739171877503395,0.10410040896385908,0.10592322903020042
SGF_RFW_ST4L20_PB,2,0,0.11395279566446936,0.07674187421798706,9.058191299438477,10.4569673538208,460.13938641548157,7189.6779127418995,64,1920,7320,1140,25060,1140,3420,0.5014838017523289,0.5266641676425934,0.5440065115690231,0.5528316721320152,0.5622341930866241,0.5613265857100487,0.5517086237668991,0.5341346859931946,0.53310227394104,0.5249438285827637,0.5102578401565552,0.5013421177864075,0.5098142027854919,0.5189214646816254,0.5344099923968315,0.5390335917472839,0.5459813699126244,0.5373025238513947,0.5311685800552368,0.5388538613915443,0.5532863736152649,0.5577410236001015,0.5611453577876091,0.5493305251002312,0.540365532040596,0.5485151410102844,0.5540415570139885,0.5637640804052353,0.5595186203718185,0.546945720911026,0.5309743732213974,0.5456459820270538,0.5440879687666893,0.5448619872331619,0.5434691831469536,0.540384441614151,0.5405643135309219,0.5429607480764389,0.5429244861006737,0.5544987842440605,0.5650397092103958,0.5697631984949112,0.5683407485485077,0.5568248480558395,0.540789045393467,0.5391763150691986,0.5532526671886444,0.5626790778977531,0.4319176562130451,0.4163779579102993,0.4066409319639206,0.4054974317550659,0.40375883877277374,0.4013977460563183,0.40939703956246376,0.4271646849811077,0.4184505268931389,0.42263664305210114,0.4376843571662903,0.450483538210392,0.45267465338110924,0.4372532032430172,0.4213388003408909,0.4174295887351036,0.40603894740343094,0.41094445064663887,0.42405467852950096,0.4171736389398575,0.4136408343911171,0.40076733380556107,0.3893182761967182,0.3974016197025776,0.4061460793018341,0.4000871554017067,0.39496130868792534,0.3914624825119972,0.39671890065073967,0.40447084605693817,0.4191458001732826,0.41361451894044876,0.41241296753287315,0.40417034924030304,0.40430033579468727,0.4134763069450855,0.4174196273088455,0.41940848156809807,0.4155236482620239,0.4036186635494232,0.39142004773020744,0.39729350432753563,0.38757626712322235,0.3913683369755745,0.39291951060295105,0.3975480683147907,0.38869883120059967,0.38775243929454256,0.13998944498598576,0.1419058870524168,0.14448903501033783,0.14821330644190311,0.14671367965638638,0.14372009597718716,0.1365816779434681,0.1337578408420086,0.14051833748817444,0.1397918537259102,0.13875796645879745,0.1386597566306591,0.13476776890456676,0.13195878453552723,0.1306231003254652,0.1339890193194151,0.13840779475867748,0.14045553095638752,0.14130735211074352,0.14150270447134972,0.13805465959012508,0.1271139793097973,0.12067641038447618,0.12185922171920538,0.12475172337144613,0.1232722345739603,0.12329585012048483,0.1281182561069727,0.13005566224455833,0.13337577693164349,0.13363896124064922,0.1365094818174839,0.1347490306943655,0.13412876427173615,0.1361212283372879,0.13666494749486446,0.13517302088439465,0.13830575346946716,0.13897832110524178,0.13593148067593575,0.13584761694073677,0.12730058655142784,0.12738753482699394,0.12620931398123503,0.13086429610848427,0.1340415347367525,0.13185445964336395,0.13159255470548356
SGF_RFW_ST4L20_PB,3,0,0.14062293370564782,0.16454605261484778,8.955177307128906,10.776803970336914,608.961776971817,9515.02776518464,64,1920,7320,1140,25060,1140,3420,0.5099416151642799,0.5386284962296486,0.5465836971998215,0.5364368557929993,0.5269538536667824,0.5235276594758034,0.5241503790020943,0.52669458091259,0.528369128704071,0.5154109448194504,0.5127907767891884,0.5085347816348076,0.5164320543408394,0.5329559072852135,0.537118673324585,0.5255703777074814,0.5234757140278816,0.5615166872739792,0.564619168639183,0.5508573204278946,0.5422569960355759,0.5306541323661804,0.5201794803142548,0.5177393555641174,0.51950653642416,0.527178443968296,0.5316009968519211,0.5229524672031403,0.516705185174942,0.5270418599247932,0.5238379761576653,0.5217755138874054,0.5336669757962227,0.550545446574688,0.5385671779513359,0.5195859596133232,0.5371896252036095,0.5285382345318794,0.5220259130001068,0.5220670998096466,0.5235111191868782,0.5282417684793472,0.5173011422157288,0.5414614006876945,0.5419039204716682,0.5236817672848701,0.5205878913402557,0.5208370344979423,0.3960762806236744,0.39631562680006027,0.3781621977686882,0.37888793274760246,0.39061613380908966,0.3931839354336262,0.3923644460737705,0.38542648777365685,0.3860453814268112,0.38947929814457893,0.39028435572981834,0.4018130451440811,0.40946339815855026,0.3968099616467953,0.39522722736001015,0.40095478668808937,0.39712806418538094,0.377206452190876,0.36601869761943817,0.37058067321777344,0.3822999447584152,0.3774638958275318,0.3915339671075344,0.4095168374478817,0.4108889065682888,0.4023730270564556,0.39325010403990746,0.39651719853281975,0.3928515799343586,0.39020638912916183,0.40321724861860275,0.397816214710474,0.3943483382463455,0.39338983595371246,0.3821372389793396,0.37101877108216286,0.36472465470433235,0.38333238288760185,0.40308717265725136,0.4003475345671177,0.399635199457407,0.3925664946436882,0.37627389281988144,0.36342472210526466,0.37958255037665367,0.3957591727375984,0.3988575264811516,0.3942223276410784,0.11380282696336508,0.11023005563765764,0.11165386717766523,0.1174236424267292,0.11875442415475845,0.12033657729625702,0.11706978362053633,0.11934462282806635,0.12166092731058598,0.12157064955681562,0.12401925306767225,0.12496247980743647,0.12292113993316889,0.11708412878215313,0.11721185967326164,0.12080876808613539,0.12111099157482386,0.12066561169922352,0.11127012316137552,0.1086265854537487,0.11554853618144989,0.11585865821689367,0.12038955837488174,0.12395036034286022,0.12936285324394703,0.12864778563380241,0.1220630556344986,0.11946608871221542,0.11790562234818935,0.11958603747189045,0.12273234501481056,0.1251015579327941,0.12062563188374043,0.11556386947631836,0.11555450595915318,0.11941116955131292,0.11248252633959055,0.11260704603046179,0.11212035547941923,0.11286774836480618,0.11838157009333372,0.12098588421940804,0.12238384131342173,0.11742266081273556,0.11471827328205109,0.11741085816174746,0.1117415800690651,0.11279479201350893
SGF_RFW_ST4L20_PB,0,1,0.2078470389048258,0.20001649856567383,9.696200370788574,8.681757926940918,302.6608760356903,4729.076188057661,64,1920,7320,1140,25060,1140,3420,0.429548941552639,0.49409085512161255,0.5153916701674461,0.534598782658577,0.5446434989571571,0.508661761879921,0.4871131516993046,0.47915345430374146,0.4898528419435024,0.47692857682704926,0.49637700617313385,0.4945862926542759,0.46780890971422195,0.47553689032793045,0.49593622609972954,0.47223079949617386,0.4785864017903805,0.4791918732225895,0.4965192675590515,0.524626113474369,0.5228564441204071,0.5132730081677437,0.48466355726122856,0.49371012672781944,0.5057263672351837,0.48473021760582924,0.5012405924499035,0.5182802230119705,0.5126537568867207,0.4899439327418804,0.4843713119626045,0.49316491559147835,0.49284059181809425,0.4845568761229515,0.4778350219130516,0.49611541628837585,0.5059007778763771,0.5338003113865852,0.5456152856349945,0.5436441823840141,0.5284455120563507,0.4903605915606022,0.49268222972750664,0.5130277276039124,0.5183360502123833,0.5228127613663673,0.514471210539341,0.48105067014694214,0.42939500138163567,0.3864557221531868,0.3668477199971676,0.34670062363147736,0.336210448294878,0.36594580486416817,0.37827837467193604,0.3944096937775612,0.3843582160770893,0.3827623911201954,0.36851847916841507,0.37111758440732956,0.4030665457248688,0.3990420401096344,0.38954657688736916,0.41647159308195114,0.41202592849731445,0.40598610788583755,0.3914717994630337,0.36252807453274727,0.37014130130410194,0.382214467972517,0.4047343097627163,0.3899422697722912,0.38353023678064346,0.4018426723778248,0.3821539767086506,0.3702681139111519,0.367947056889534,0.38223475217819214,0.3911311812698841,0.3875757269561291,0.39680708944797516,0.40243085101246834,0.4015469029545784,0.3893093504011631,0.3787890411913395,0.3662591353058815,0.3509603217244148,0.3535274937748909,0.3560481481254101,0.3862992972135544,0.39021898061037064,0.37289802357554436,0.37350593134760857,0.3821980394423008,0.39236247539520264,0.40653555733816965,0.13029898144304752,0.1355663798749447,0.13661291263997555,0.1346846129745245,0.12531586457043886,0.12120890524238348,0.12511218711733818,0.13235157169401646,0.13579459115862846,0.14064330980181694,0.1343216374516487,0.13093927688896656,0.13495395705103874,0.1319626234471798,0.12853549979627132,0.12970781326293945,0.12590568140149117,0.12739973980933428,0.1346258595585823,0.13404643908143044,0.13190792687237263,0.1263191718608141,0.12942720018327236,0.13440712727606297,0.1369673814624548,0.14004253968596458,0.13395532593131065,0.12956575863063335,0.1278443606570363,0.12820455245673656,0.12424209155142307,0.12798174377530813,0.12761317566037178,0.1286023873835802,0.12971538864076138,0.12571407482028008,0.12915002275258303,0.11825567856431007,0.11404517665505409,0.11436111573129892,0.11738084070384502,0.12020190060138702,0.12049218825995922,0.12234156206250191,0.12735477183014154,0.1330294869840145,0.13002350740134716,0.1264716929623059
SGF_RFW_ST4L20_PB,1,1,0.13932979106903076,0.15207163492838538,7.4898457527160645,8.27983570098877,300.9457609653473,4702.277515083551,64,1920,7320,1140,25060,1140,3420,0.4511537589132786,0.5056398585438728,0.5218746662139893,0.5387657731771469,0.5476391613483429,0.5421251952648163,0.545607715845108,0.5648716613650322,0.5289179682731628,0.5180475786328316,0.5389958024024963,0.507578831166029,0.5081417933106422,0.5126488953828812,0.5044207125902176,0.5015256367623806,0.48820217326283455,0.4834892675280571,0.5040177404880524,0.5168572589755058,0.5275364331901073,0.5480371713638306,0.5324215888977051,0.528931088745594,0.516101710498333,0.5053249709308147,0.4922947436571121,0.5113802924752235,0.5037938840687275,0.4978964515030384,0.5306856259703636,0.5472501516342163,0.5230403989553452,0.504227839410305,0.49587756022810936,0.4854477010667324,0.482065811753273,0.5102523751556873,0.4997445270419121,0.5016224756836891,0.5318080186843872,0.5275568664073944,0.5210578292608261,0.49210649728775024,0.5483558252453804,0.5554964914917946,0.5271651707589626,0.48778470499174936,0.3959236554801464,0.3675379157066345,0.35283349826931953,0.3396758921444416,0.3323814310133457,0.32059406489133835,0.29668647050857544,0.2966897077858448,0.34399375319480896,0.3514645956456661,0.32758085429668427,0.35296687483787537,0.3493967615067959,0.33590978384017944,0.3548395223915577,0.34843678772449493,0.35904916748404503,0.3661290481686592,0.34727446734905243,0.3496386669576168,0.33584802225232124,0.32611140981316566,0.3327632509171963,0.3316866084933281,0.33310316130518913,0.3393307216465473,0.351517029106617,0.35389336571097374,0.3610712066292763,0.366179883480072,0.3457460068166256,0.31575165316462517,0.35052596405148506,0.37218156456947327,0.37845809757709503,0.3817513734102249,0.3777635172009468,0.3503229059278965,0.35396307334303856,0.3618549406528473,0.3306357003748417,0.32956139743328094,0.33303064852952957,0.3617093786597252,0.32257014885544777,0.32513054832816124,0.3599303998053074,0.3934549902166639,0.1339359451085329,0.12718552723526955,0.12991123646497726,0.1270307470113039,0.12827011663466692,0.12390732299536467,0.12177259102463722,0.12311050482094288,0.1272002225741744,0.12954363506287336,0.13452570512890816,0.13831038400530815,0.1534108053892851,0.15449375100433826,0.15770692750811577,0.15930644050240517,0.1575168762356043,0.15086482651531696,0.13579555228352547,0.1324429027736187,0.12853798922151327,0.13033153489232063,0.12291378993541002,0.12456619925796986,0.12448288034647703,0.12470363266766071,0.12851201742887497,0.12927681021392345,0.12827581726014614,0.12858422845602036,0.12662169989198446,0.12967095151543617,0.1281727161258459,0.13242421485483646,0.1361337397247553,0.137166490778327,0.13674403354525566,0.13464655354619026,0.1402523759752512,0.14488833211362362,0.14044853299856186,0.13896271400153637,0.1355777606368065,0.13688184320926666,0.14275778457522392,0.1422044299542904,0.1488963309675455,0.15735153641019547
SGF_RFW_ST4L20_PB,2,1,0.18259491523106897,0.14963374535242713,9.840474128723145,10.855119705200195,610.9504721164703,9546.101126819849,64,1920,7320,1140,25060,1140,3420,0.3304228186607361,0.3258594945073128,0.326397318392992,0.31987636163830757,0.3122231885790825,0.3158974424004555,0.3145799972116947,0.31126557663083076,0.3108573369681835,0.31078704074025154,0.31626084074378014,0.32240960001945496,0.3225695639848709,0.31517087295651436,0.32339952513575554,0.33167538419365883,0.3263969197869301,0.32540974393486977,0.31878966093063354,0.3188359849154949,0.32040464878082275,0.32481859624385834,0.3223052881658077,0.3240906447172165,0.32094747200608253,0.30790218338370323,0.3175109103322029,0.3246924392879009,0.32554934173822403,0.33282840996980667,0.335428848862648,0.3367491252720356,0.33073534443974495,0.33132798969745636,0.3345213085412979,0.33277732506394386,0.3347334563732147,0.32538965716958046,0.3206363469362259,0.3171684816479683,0.3226591944694519,0.32627513632178307,0.33015767484903336,0.3254766911268234,0.3137359730899334,0.31404247879981995,0.3156238757073879,0.32587484802518574,0.47648554667830467,0.49642300605773926,0.5085571482777596,0.5142924040555954,0.516675241291523,0.5093578100204468,0.5008390061557293,0.5001674927771091,0.5040165036916733,0.5078089982271194,0.5111686587333679,0.508801631629467,0.5125634297728539,0.5151466280221939,0.5070171728730202,0.5016605593264103,0.5076785311102867,0.5127685815095901,0.5136982724070549,0.5105015560984612,0.5098606497049332,0.5052267014980316,0.5038718804717064,0.5087817385792732,0.5147716253995895,0.5231652185320854,0.5195778533816338,0.5140214562416077,0.5147202536463737,0.504332073032856,0.4993171989917755,0.4947120323777199,0.5005799233913422,0.5032487586140633,0.49988674744963646,0.49951108545064926,0.4955262392759323,0.501150868833065,0.5026874765753746,0.4993186965584755,0.49973486736416817,0.5005526207387447,0.4972238279879093,0.5049281567335129,0.5222001597285271,0.5251998379826546,0.5209653303027153,0.5125520484788078,0.10963965393602848,0.11536829452961683,0.11851744074374437,0.12651869095861912,0.12884829565882683,0.13255290500819683,0.1351884827017784,0.1316473539918661,0.12503018230199814,0.1259341612458229,0.11928901169449091,0.11995798908174038,0.12266361061483622,0.11984521057456732,0.11989749781787395,0.12137920502573252,0.12150169722735882,0.11708628293126822,0.11792595405131578,0.11636327020823956,0.11837241239845753,0.12145415227860212,0.12327145785093307,0.12932445853948593,0.12582155223935843,0.12767795659601688,0.12756611499935389,0.1232131915166974,0.12243539281189442,0.12420834973454475,0.1253616726025939,0.12833060882985592,0.12825215607881546,0.12927144579589367,0.12953813932836056,0.12373860739171505,0.12240507174283266,0.1229835543781519,0.1257952069863677,0.1306750886142254,0.1317303664982319,0.12907750345766544,0.12763935141265392,0.12612435035407543,0.12395431473851204,0.12064411863684654,0.12079632561653852,0.11755985234464918
SGF_RFW_ST4L20_PB,3,1,0.17370482285817468,0.1618736584981283,9.277743339538574,9.398961067199707,624.0168476104736,9750.26324391365,64,1920,7320,1140,25060,1140,3420,0.3696918599307537,0.38002171739935875,0.39036091417074203,0.3941158093512058,0.39689573273062706,0.4097793586552143,0.4075714722275734,0.3989630229771137,0.39395904913544655,0.3977448493242264,0.39904308319091797,0.4009450562298298,0.40265053138136864,0.4104679562151432,0.40442248061299324,0.4119642339646816,0.39838671311736107,0.39256158471107483,0.3877987153828144,0.3682424835860729,0.377541683614254,0.3887507691979408,0.40627067908644676,0.40575044974684715,0.41553691774606705,0.4149755761027336,0.4003785327076912,0.4010338969528675,0.3859047703444958,0.3791126571595669,0.3986922912299633,0.38381602615118027,0.38703105971217155,0.36851387843489647,0.3772813081741333,0.4039524532854557,0.42176923155784607,0.4226047210395336,0.4034658148884773,0.43275000900030136,0.45573514699935913,0.43975505977869034,0.4396052174270153,0.43055564910173416,0.43084998428821564,0.41515205055475235,0.4169212430715561,0.4140955550330026,0.4179397374391556,0.4219045341014862,0.4362981244921684,0.4252321533858776,0.41838517412543297,0.41051287204027176,0.4051705114543438,0.41307026892900467,0.421455979347229,0.4178224988281727,0.4211643151938915,0.4058395139873028,0.4183223098516464,0.42478009313344955,0.42975735664367676,0.4188680239021778,0.4305104576051235,0.44306662306189537,0.43465298041701317,0.4272792860865593,0.42198876291513443,0.42073964327573776,0.41866325959563255,0.4205939695239067,0.3987301103770733,0.3939153663814068,0.4085579700767994,0.4157509617507458,0.41786598786711693,0.44206875562667847,0.4307016395032406,0.43903590366244316,0.4337047375738621,0.432700976729393,0.4297829568386078,0.41243987902998924,0.3961612321436405,0.40065186470746994,0.41369402036070824,0.39392852038145065,0.36613858863711357,0.3800671137869358,0.3741583935916424,0.37755289301276207,0.39207104966044426,0.4071374721825123,0.39654263481497765,0.4180233010223934,0.1155243432149291,0.1202773442491889,0.12958408519625664,0.13026524800807238,0.13165143877267838,0.13190641440451145,0.12760727759450674,0.1257902244105935,0.1293286494910717,0.12772980704903603,0.1285326350480318,0.12993245385587215,0.1346757896244526,0.1355327144265175,0.13372153416275978,0.13474851846694946,0.1440816018730402,0.1421631071716547,0.1396416872739792,0.13517118990421295,0.1315428912639618,0.12593161035329103,0.12584656476974487,0.1327665075659752,0.13159352913498878,0.132029565051198,0.1339055672287941,0.13331394083797932,0.12789977807551622,0.1272599371150136,0.12991953641176224,0.13983020558953285,0.1393338143825531,0.14105024375021458,0.13371710665524006,0.1257585510611534,0.12515831645578146,0.12446329463273287,0.1256193583831191,0.11985971685498953,0.10644065961241722,0.10236625652760267,0.10558706521987915,0.10747948568314314,0.11432340927422047,0.12060978170484304,0.11886226944625378,0.12067201520715441
SGF_RFW_ST4L20_PB,0,2,0.08602537711461389,0.09524496396382653,6.546175479888916,5.383800029754639,302.6970603466034,4729.641567915678,64,1920,7320,1140,25060,1140,3420,0.49955859035253525,0.5114933475852013,0.5215621441602707,0.519734613597393,0.5134506300091743,0.5152305960655212,0.4984637573361397,0.5002851821482182,0.4975626803934574,0.49783477932214737,0.5006390549242496,0.5030247047543526,0.5075920447707176,0.5099438726902008,0.5050534680485725,0.5012710839509964,0.4959242157638073,0.49329327046871185,0.5006429739296436,0.5030968561768532,0.5036961138248444,0.5069519802927971,0.5034639239311218,0.5021394938230515,0.49895086511969566,0.5048799216747284,0.5042752325534821,0.50289511308074,0.5075589045882225,0.506635881960392,0.5078525543212891,0.5009020231664181,0.49862324818968773,0.503737099468708,0.5069150105118752,0.5060441419482231,0.5073209628462791,0.5056153014302254,0.500812467187643,0.5031084045767784,0.5025055035948753,0.5034931004047394,0.5076383203268051,0.5125690177083015,0.5064558908343315,0.5025781542062759,0.5035356804728508,0.5023426498685565,0.3855856657028198,0.37853795289993286,0.375037744641304,0.37818267196416855,0.3872852437198162,0.3873196616768837,0.39223870262503624,0.39060603827238083,0.39242054149508476,0.3967803418636322,0.3962022550404072,0.3942536823451519,0.3949638195335865,0.3880530782043934,0.3902757279574871,0.3928816467523575,0.3894672654569149,0.3877441845834255,0.38622864335775375,0.38771893829107285,0.3899993672966957,0.39101268723607063,0.39244912192225456,0.39179428294301033,0.396690983325243,0.39368362352252007,0.3954758532345295,0.3926087096333504,0.38697532936930656,0.3832726515829563,0.3828420974314213,0.38350648805499077,0.3897906392812729,0.392959862947464,0.3913908116519451,0.39144475013017654,0.38939396291971207,0.388463132083416,0.3910008668899536,0.39086613431572914,0.39210668951272964,0.3903631158173084,0.3881877027451992,0.38955776393413544,0.39077118039131165,0.39019423350691795,0.391850046813488,0.39382284028189524,0.0846112435683608,0.08084070682525635,0.07758189365267754,0.07626389432698488,0.0769480299204588,0.07945129927247763,0.07137563079595566,0.07446203008294106,0.07892587501555681,0.07810684759169817,0.07934827636927366,0.08137279003858566,0.08254362270236015,0.0809841537848115,0.08282065484672785,0.0813753604888916,0.08102944865822792,0.0815883744508028,0.08295186143368483,0.08095726743340492,0.081297074444592,0.08099179621785879,0.0813470920547843,0.08027376793324947,0.0812746761366725,0.0813045334070921,0.08136656228452921,0.08124975673854351,0.0819854186847806,0.08168589882552624,0.08000767696648836,0.08067674655467272,0.07996717374771833,0.08023007865995169,0.07962848618626595,0.08047633897513151,0.08111132495105267,0.08045775163918734,0.0812223982065916,0.0823173662647605,0.08186162170022726,0.08270068746060133,0.08326525427401066,0.08291633427143097,0.08145610056817532,0.0819949870929122,0.08166355732828379,0.08137400129011699
SGF_RFW_ST4L20_PB,1,2,0.07013287146886193,0.08417016267776489,5.290992259979248,4.2357354164123535,300.6348624229431,4697.419725358486,64,1920,7320,1140,25060,1140,3420,0.5042912364006042,0.5092234238982201,0.5067551806569099,0.5078175514936447,0.5130874291062355,0.5422938838601112,0.5371208488941193,0.5156175307929516,0.5077131688594818,0.5076560378074646,0.5098207294940948,0.5091689750552177,0.5117081105709076,0.5195643976330757,0.5122230350971222,0.5011565610766411,0.5002623535692692,0.5054778456687927,0.509618729352951,0.5084859281778336,0.506657712161541,0.5109023973345757,0.5075675174593925,0.5073515027761459,0.5089317411184311,0.5076822340488434,0.5094697400927544,0.5060676038265228,0.5094451680779457,0.5096753835678101,0.5101411491632462,0.5050133541226387,0.5162792354822159,0.5222378373146057,0.5135264545679092,0.5121307373046875,0.509467713534832,0.5148052722215652,0.5159837678074837,0.5171682238578796,0.5201877728104591,0.5177487730979919,0.5127992406487465,0.5099891051650047,0.5103161036968231,0.5121867060661316,0.5141654685139656,0.5084985409464154,0.39501604810357094,0.3965112492442131,0.3960557170212269,0.39292802289128304,0.3904382437467575,0.38219987601041794,0.3373776040971279,0.3804614581167698,0.3965213932096958,0.40266773104667664,0.40151427313685417,0.39659420028328896,0.3971932493150234,0.4027024656534195,0.40060869604349136,0.4016392007470131,0.39343907311558723,0.3916568420827389,0.39347708970308304,0.39472998306155205,0.4024209752678871,0.3957013189792633,0.39743373543024063,0.3958252817392349,0.3944115750491619,0.39317913725972176,0.3908640518784523,0.3957097493112087,0.3962196409702301,0.39708906784653664,0.39698006212711334,0.3959484323859215,0.39672472327947617,0.39720219746232033,0.39771461859345436,0.39789243042469025,0.3955589607357979,0.39798325672745705,0.3963329754769802,0.3976358138024807,0.39170560985803604,0.39434851333498955,0.39731235057115555,0.3943965993821621,0.397976316511631,0.3993881978094578,0.3965473510324955,0.39537583930151804,0.06791015155613422,0.06869323924183846,0.06763329543173313,0.06760057248175144,0.06585385743528605,0.06397538678720593,0.058833110611885786,0.06285648699849844,0.06595475785434246,0.06756351422518492,0.0690280357375741,0.06956051290035248,0.06958143878728151,0.067393540404737,0.06715040933340788,0.06765539478510618,0.06894395872950554,0.06937852222472429,0.0695792818441987,0.06912313494831324,0.06813211739063263,0.06688773259520531,0.06690866872668266,0.06671988777816296,0.06727914419025183,0.0678866496309638,0.0676118927076459,0.06725697219371796,0.06683814059942961,0.06637873034924269,0.06714578997343779,0.068068603053689,0.0681740278378129,0.06772425770759583,0.06657321471720934,0.06694428063929081,0.06791316159069538,0.06827053800225258,0.06833613570779562,0.0685454374179244,0.06689025927335024,0.06709888856858015,0.06612504553049803,0.06755737587809563,0.06899059377610683,0.06766059901565313,0.0674876132979989,0.06814021404300417
SGF_RFW_ST4L20_PB,2,2,0.08042957385381067,0.09375270207722985,4.808708190917969,5.18245267868042,621.5564906597137,9711.820166558027,64,1920,7320,1140,25060,1140,3420,0.6196100637316704,0.6327208429574966,0.6423870772123337,0.6466381326317787,0.6520979627966881,0.6397676840424538,0.6430109813809395,0.6352314352989197,0.6275641620159149,0.6217226535081863,0.6257138848304749,0.6304866597056389,0.6264598369598389,0.6266212612390518,0.6279152184724808,0.631504163146019,0.625362440943718,0.6498064398765564,0.6468751281499863,0.6480777114629745,0.646246924996376,0.6420112028717995,0.6349673718214035,0.6266150325536728,0.6225587204098701,0.6337012052536011,0.623250886797905,0.6079641133546829,0.6076646447181702,0.6146827265620232,0.6205744668841362,0.625843808054924,0.6443548798561096,0.6217081546783447,0.6165729537606239,0.61705631762743,0.6176812872290611,0.6203198507428169,0.6226905062794685,0.621497355401516,0.6411772295832634,0.6615044176578522,0.6165053695440292,0.61866694688797,0.6256131455302238,0.626844011247158,0.6263061016798019,0.6241121803011213,0.36676714941859245,0.3554326593875885,0.3482152819633484,0.34492094814777374,0.3440445140004158,0.35779114812612534,0.3507860116660595,0.35816993564367294,0.3699950613081455,0.36697789654135704,0.3656044118106365,0.37276026979088783,0.369391992688179,0.37034790217876434,0.37294570356607437,0.32185570895671844,0.3461800068616867,0.334839403629303,0.34554507210850716,0.34209107607603073,0.34292368963360786,0.34859174489974976,0.36480265483260155,0.3628757707774639,0.36508888378739357,0.3626267910003662,0.3597508668899536,0.36868252605199814,0.3733423575758934,0.377385251224041,0.3756210207939148,0.3758818730711937,0.34047501906752586,0.3691362887620926,0.36464687436819077,0.36561886221170425,0.3735717311501503,0.37106434255838394,0.3647722043097019,0.36782994493842125,0.35966672375798225,0.34378429502248764,0.37722721695899963,0.37165234237909317,0.3717915713787079,0.3711741752922535,0.3704892285168171,0.3699705856187003,0.06368202995508909,0.06182475946843624,0.059351352509111166,0.05939418217167258,0.056559895165264606,0.05460859136655927,0.05785074131563306,0.06256467802450061,0.06747111584991217,0.0643280278891325,0.06003595842048526,0.06532591115683317,0.06454692780971527,0.06338633224368095,0.06511062942445278,0.059600592125207186,0.0629991851747036,0.06337697571143508,0.06092963833361864,0.06066755438223481,0.060681949369609356,0.05896354792639613,0.062023479491472244,0.0605250122025609,0.061612045392394066,0.06018209084868431,0.05874974187463522,0.05894734291359782,0.06000558938831091,0.059628876857459545,0.05793794943019748,0.06197495432570577,0.06561272451654077,0.062242846470326185,0.061170133762061596,0.05906687583774328,0.061200565192848444,0.06212025275453925,0.06242371257394552,0.06405830476433039,0.06163855688646436,0.06047205254435539,0.06407553097233176,0.06418442633002996,0.06535027176141739,0.06582856457680464,0.0650077760219574,0.06538125872612
SGF_RFW_ST4L20_PB,3,2,0.08135875066121423,0.08025701840718591,5.526600360870361,6.146199703216553,301.19706773757935,4706.204183399677,64,1920,7320,1140,25060,1140,3420,0.5400051325559616,0.5455140843987465,0.5463554263114929,0.5549133345484734,0.5629907846450806,0.5530410185456276,0.5498746782541275,0.5681009143590927,0.5654628872871399,0.5539039075374603,0.555788055062294,0.5506010949611664,0.5452587604522705,0.553680457174778,0.5436853617429733,0.5453714430332184,0.5495693162083626,0.5524464920163155,0.5465662777423859,0.5579069331288338,0.5516738593578339,0.548339769244194,0.5489140227437019,0.5491598919034004,0.5490760132670403,0.5451224744319916,0.5395432338118553,0.5396507382392883,0.5424560457468033,0.5398542732000351,0.5400606244802475,0.5424759387969971,0.5452090427279472,0.543267585337162,0.543904110789299,0.5494429469108582,0.5470946580171585,0.5468422994017601,0.5469333529472351,0.545342467725277,0.5480728670954704,0.5551841631531715,0.5525362491607666,0.5522336810827255,0.5481177195906639,0.5478214174509048,0.5425051152706146,0.5449157782963344,0.4464069828391075,0.4456792064011097,0.44970104470849037,0.44690901041030884,0.44405004009604454,0.4457187168300152,0.44684751331806183,0.4394893944263458,0.44229889661073685,0.4519551210105419,0.45164232701063156,0.4530692398548126,0.45325418561697006,0.44238096475601196,0.45065758377313614,0.4515327513217926,0.4519747570157051,0.4527297206223011,0.45545054599642754,0.4506850838661194,0.4532927796244621,0.4561981000006199,0.4552377089858055,0.45111216232180595,0.44783860072493553,0.45077353343367577,0.45216894522309303,0.45231539383530617,0.4535507634282112,0.46068306639790535,0.46086492761969566,0.45441970974206924,0.4527875520288944,0.45225121825933456,0.4518943428993225,0.45352453365921974,0.45519956573843956,0.4531320668756962,0.45085278525948524,0.45455368235707283,0.45271508395671844,0.45152220875024796,0.4533886946737766,0.45465124398469925,0.45473644509911537,0.4553024433553219,0.45746905356645584,0.45287540555000305,0.0744221992790699,0.07566594518721104,0.07462646719068289,0.07427676487714052,0.07357502542436123,0.07512122020125389,0.07798369694501162,0.07889236975461245,0.07684236764907837,0.07558925449848175,0.07555753644555807,0.0779561884701252,0.08180680312216282,0.0815651835873723,0.0801823902875185,0.07871110923588276,0.07813850697129965,0.078058953396976,0.07780059706419706,0.07910505216568708,0.07828932069242,0.07620863430202007,0.07649058103561401,0.07971090544015169,0.08109313156455755,0.08140634372830391,0.08132945653051138,0.07921799644827843,0.07844507973641157,0.07722430862486362,0.07867170963436365,0.07971424795687199,0.07898522354662418,0.08007021620869637,0.08104013185948133,0.08011963497847319,0.07981107849627733,0.07900011911988258,0.07807242684066296,0.07860721834003925,0.0764399291947484,0.07496230024844408,0.07543719187378883,0.07820755243301392,0.08147678151726723,0.0794517183676362,0.07941810507327318,0.07983255279915673
SGF_RFW_ST4L20_PB,0,3,0.06902958949406945,0.06944960355758667,7.895688533782959,10.74683666229248,302.77222871780396,4730.816073715687,64,1920,7320,1140,25060,1140,3420,0.632216140627861,0.6351714208722115,0.6296626180410385,0.6403782367706299,0.645051471889019,0.6255622208118439,0.610475555062294,0.599545456469059,0.5710515677928925,0.5184017866849899,0.44850847497582436,0.4103090316057205,0.4001527242362499,0.41194504499435425,0.4279334098100662,0.4329024441540241,0.4334775544703007,0.4130561724305153,0.38014254719018936,0.38787974044680595,0.42327316850423813,0.4545983746647835,0.47223181277513504,0.4787115268409252,0.4772185906767845,0.4659384861588478,0.4663868546485901,0.4492269307374954,0.43377823755145073,0.4238746464252472,0.438099455088377,0.4452354572713375,0.44675808399915695,0.44223470613360405,0.4397147223353386,0.4475099891424179,0.4458165168762207,0.444735050201416,0.4253227226436138,0.41315479949116707,0.4330104738473892,0.45093564316630363,0.4657049886882305,0.47109854593873024,0.46982311457395554,0.4618127569556236,0.4502251669764519,0.44900207434381756,0.3354824408888817,0.33512290194630623,0.3494120463728905,0.3436548262834549,0.3384954072535038,0.3488295301795006,0.3589981570839882,0.3684116452932358,0.3937312439084053,0.4288731776177883,0.4709678590297699,0.4857206903398037,0.4716650955379009,0.4482804611325264,0.43608729913830757,0.43865422159433365,0.4352666549384594,0.4421882592141628,0.46783246099948883,0.4683937765657902,0.4602162353694439,0.4435298331081867,0.4370481111109257,0.42414717376232147,0.4151967689394951,0.41755088046193123,0.4134153909981251,0.42671018093824387,0.43989525362849236,0.4559110440313816,0.45454784855246544,0.4532843306660652,0.45828862488269806,0.4617295376956463,0.4628954418003559,0.4524781294167042,0.4417360909283161,0.44203466549515724,0.4555937983095646,0.46143485978245735,0.4473199173808098,0.43111755698919296,0.41238847747445107,0.40157297626137733,0.4047532081604004,0.4114734083414078,0.4176552928984165,0.42398516195161,0.11937806103378534,0.12247768603265285,0.1311402227729559,0.12849285919219255,0.12470043729990721,0.12935342825949192,0.12988880276679993,0.12770843133330345,0.13022907637059689,0.14069843478500843,0.15251163765788078,0.16244827955961227,0.16795476898550987,0.16679672710597515,0.16199318692088127,0.16033009812235832,0.15024674125015736,0.14456958509981632,0.14617372304201126,0.15506303496658802,0.16408091224730015,0.1709037683904171,0.17396432720124722,0.1734949704259634,0.17310366965830326,0.17004837095737457,0.16583484038710594,0.1676491368561983,0.17131461761891842,0.1704601664096117,0.16696163825690746,0.16198259964585304,0.15222386457026005,0.15073630027472973,0.15527872182428837,0.15905501693487167,0.1597837172448635,0.1591929066926241,0.16144848987460136,0.16167094744741917,0.16383684612810612,0.17233137786388397,0.17497153021395206,0.17209820076823235,0.1694434955716133,0.1659608781337738,0.16202592849731445,0.1606770157814026
SGF_RFW_ST4L20_PB,1,3,0.10877166191736853,0.12196481227874756,10.240556716918945,10.053866386413574,300.74556183815,4699.149403721094,64,1920,7320,1140,25060,1140,3420,0.6711584627628326,0.6709831729531288,0.6702867597341537,0.6520857512950897,0.6370824724435806,0.6222320646047592,0.6158706024289131,0.622703030705452,0.6260304376482964,0.6336119771003723,0.6431988850235939,0.6445296406745911,0.6291628032922745,0.6150873824954033,0.6228375732898712,0.6249079182744026,0.6228291541337967,0.6175300553441048,0.5897595882415771,0.5543638542294502,0.5276617333292961,0.546246811747551,0.571634866297245,0.5827307477593422,0.5959387198090553,0.5990173816680908,0.6013509631156921,0.6124114245176315,0.6213453710079193,0.6469433382153511,0.6597452312707901,0.6678213030099869,0.6821346133947372,0.682284839451313,0.6709818243980408,0.6594996377825737,0.6471073552966118,0.6445256099104881,0.6368195861577988,0.6353021413087845,0.6322317495942116,0.6086296290159225,0.6029330790042877,0.6087573319673538,0.5948848277330399,0.5500859916210175,0.5408558547496796,0.5740627561296735,0.3671480752527714,0.37242014706134796,0.3782426118850708,0.3969331830739975,0.4085226021707058,0.41605349630117416,0.4155561625957489,0.4148826114833355,0.42168181017041206,0.417537197470665,0.40622659400105476,0.4006831794977188,0.4093797914683819,0.4144171364605427,0.41119636595249176,0.41077737510204315,0.41196634620428085,0.4218147099018097,0.43791868537664413,0.4575309567153454,0.46687230467796326,0.45618391409516335,0.4483187198638916,0.44268862158060074,0.4318324662744999,0.42618946358561516,0.42138341069221497,0.4218314327299595,0.4090959019958973,0.39774131774902344,0.39880500361323357,0.39764251559972763,0.38884570822119713,0.38773688301444054,0.39516615867614746,0.4007371738553047,0.40527595207095146,0.4052509181201458,0.4159499816596508,0.41161735355854034,0.41317958384752274,0.4296658895909786,0.4247264042496681,0.41901304572820663,0.4264305680990219,0.45179037749767303,0.46497539058327675,0.452421988759722,0.13276898674666882,0.1331411823630333,0.13515733927488327,0.14263283647596836,0.15211812779307365,0.16400740668177605,0.17147942259907722,0.1682104878127575,0.16785032488405704,0.16587221063673496,0.15125212632119656,0.15145042352378368,0.1584547758102417,0.16092982329428196,0.15882012993097305,0.16137715801596642,0.1562203634530306,0.16027958691120148,0.16497835889458656,0.1707763448357582,0.1807354800403118,0.18213022127747536,0.17620649933815002,0.16916474886238575,0.1638531032949686,0.15597434155642986,0.14974853582680225,0.14514142833650112,0.1471303030848503,0.14588561095297337,0.14438174478709698,0.1456675361841917,0.14359641075134277,0.1462179571390152,0.14505385048687458,0.14723900333046913,0.15083530358970165,0.1504388153553009,0.14812586642801762,0.15188021026551723,0.1528567038476467,0.15329646691679955,0.15836646780371666,0.15611364878714085,0.1563148070126772,0.16846990026533604,0.17719770222902298,0.17593891280038015
SGF_RFW_ST4L20_PB,2,3,0.15634103616078698,0.1812698642412821,8.289477348327637,7.810123443603516,620.8310947418213,9700.485855340958,64,1920,7320,1140,25060,1140,3420,0.6080980896949768,0.6023884415626526,0.585214838385582,0.5698279216885567,0.554519310593605,0.5631050765514374,0.600920245051384,0.6067836135625839,0.6306243315339088,0.6438844278454781,0.6458086743950844,0.6406697481870651,0.6185815930366516,0.5884371921420097,0.5751654729247093,0.5817944183945656,0.588027723133564,0.5992815271019936,0.6063536182045937,0.6105228513479233,0.6196136623620987,0.6158988028764725,0.6178206503391266,0.6171000152826309,0.61385428160429,0.6101523786783218,0.6160183176398277,0.6209846660494804,0.6192312091588974,0.6060825437307358,0.6017310619354248,0.5978407114744186,0.6003829538822174,0.6084730550646782,0.6024698838591576,0.5976783260703087,0.5946681648492813,0.6006191521883011,0.6059883534908295,0.6120157390832901,0.6225056424736977,0.6133718490600586,0.6115515381097794,0.6120634078979492,0.6005738005042076,0.6004743725061417,0.6048682034015656,0.6077343140329633,0.3595605865120888,0.3556731194257736,0.3522757329046726,0.35086995735764503,0.33868323639035225,0.3168133795261383,0.3079967647790909,0.3286987617611885,0.3275694288313389,0.33133941888809204,0.345855750143528,0.3576885610818863,0.37710823863744736,0.39360353350639343,0.39466695487499237,0.38855914771556854,0.3809164799749851,0.37003322318196297,0.3627299889922142,0.3554961457848549,0.35713477432727814,0.3567945472896099,0.3511078618466854,0.34862223267555237,0.3513983227312565,0.36280670389533043,0.366366870701313,0.3642752431333065,0.3729962818324566,0.3775648772716522,0.37958385795354843,0.37836721539497375,0.3731841780245304,0.36732862144708633,0.3718976564705372,0.3690253458917141,0.35266170278191566,0.3475787304341793,0.36561116203665733,0.3654708042740822,0.3632650338113308,0.37438536435365677,0.36865032836794853,0.36646492034196854,0.36756906658411026,0.3612147457897663,0.35797155275940895,0.3461888645376478,0.12975477799773216,0.129094697535038,0.12308357376605272,0.11373875197023153,0.11087256576865911,0.1137346038594842,0.10988291259855032,0.10505488328635693,0.10444329213351011,0.10010740254074335,0.10475531127303839,0.11031124461442232,0.11672421172261238,0.11901680193841457,0.12154016457498074,0.12257215287536383,0.12330520804971457,0.1279958812519908,0.13404340855777264,0.130156971514225,0.13151004910469055,0.1393021009862423,0.1363790910691023,0.12579964380711317,0.11423735693097115,0.11372818052768707,0.11740460433065891,0.11918454524129629,0.12399990484118462,0.12431516870856285,0.12713951710611582,0.13026045821607113,0.12964234314858913,0.1240766029804945,0.1235074233263731,0.11563018336892128,0.10797995887696743,0.10518241301178932,0.11178869102150202,0.11376634053885937,0.11676702182739973,0.12215911597013474,0.12145679537206888,0.12301564030349255,0.12350953929126263,0.12468292843550444,0.12755315843969584,0.12624192982912064
SGF_RFW_ST4L20_PB,3,3,0.15186353524525964,0.1049092014630636,9.324929237365723,9.377840995788574,301.15064311027527,4705.478798598051,64,1920,7320,1140,25060,1140,3420,0.6719284206628799,0.6727912276983261,0.6887116730213165,0.6915099769830704,0.693199448287487,0.6834598258137703,0.6778919696807861,0.6764503568410873,0.6627564802765846,0.648422434926033,0.6403575986623764,0.6297035366296768,0.6151430755853653,0.6181015148758888,0.6352529153227806,0.6449687033891678,0.6465953141450882,0.6520669087767601,0.6579206511378288,0.6688105016946793,0.666430689394474,0.6701595187187195,0.6770382970571518,0.6750426962971687,0.6676633283495903,0.6599273458123207,0.6554750129580498,0.651503436267376,0.6434140652418137,0.6360301822423935,0.6361410245299339,0.6249630376696587,0.6117539256811142,0.6023192256689072,0.5961821749806404,0.6116095408797264,0.624655194580555,0.6183902621269226,0.6079138368368149,0.5936712175607681,0.5749608278274536,0.5698669031262398,0.5718097984790802,0.576911672949791,0.591683141887188,0.597743421792984,0.605751633644104,0.6052870324679783,0.33855055272579193,0.34971537441015244,0.3572876937687397,0.35921382531523705,0.3524741493165493,0.35629310458898544,0.36565814167261124,0.3822926729917526,0.3921535573899746,0.39784836396574974,0.39988385513424873,0.3946620151400566,0.40253766998648643,0.4015156589448452,0.39232997596263885,0.384744044393301,0.3838256895542145,0.381894014775753,0.3832438178360462,0.3808552846312523,0.3866667076945305,0.3799822963774204,0.37359803542494774,0.37442829832434654,0.38026607409119606,0.3855736255645752,0.37981345131993294,0.37944789603352547,0.3832256607711315,0.38754406198859215,0.3907621093094349,0.40043263509869576,0.41139939427375793,0.4159475341439247,0.416438952088356,0.4018330089747906,0.39302869513630867,0.39178216084837914,0.38941528275609016,0.39493295922875404,0.41237517446279526,0.41620323807001114,0.4151865541934967,0.4160420782864094,0.4095974452793598,0.40304843336343765,0.3941102400422096,0.3967695789677756,0.14392929710447788,0.15225638076663017,0.1582033410668373,0.15985647030174732,0.15365140698850155,0.15440590307116508,0.15579398535192013,0.15566153451800346,0.1610322743654251,0.1658053621649742,0.16286086849868298,0.1592438966035843,0.15518237836658955,0.1479373686015606,0.14574486576020718,0.1482267640531063,0.15120797604322433,0.14546528831124306,0.14331705309450626,0.14113091677427292,0.13789225742220879,0.1336618848145008,0.13420077227056026,0.14022104255855083,0.14498793333768845,0.14686491712927818,0.14694146625697613,0.14887860417366028,0.14575191028416157,0.14427126571536064,0.14372454769909382,0.144498648121953,0.1439076866954565,0.15048188529908657,0.15940073318779469,0.16265453211963177,0.16873445734381676,0.16940614208579063,0.1733357273042202,0.17442787811160088,0.17192103154957294,0.17226167023181915,0.17144003696739674,0.1627931445837021,0.15656834095716476,0.14949601888656616,0.1513002049177885,0.15359718458993094
SGF_RFW_ST4L20_PB,0,4,0.21944105625152588,0.22662876049677527,5.2047624588012695,4.620853424072266,301.8635878562927,4716.618560254574,64,1920,7320,1140,25060,1140,3420,0.7306850329041481,0.748209647834301,0.759484052658081,0.7503431290388107,0.7490132376551628,0.74549300968647,0.7438866645097733,0.741698794066906,0.743131473660469,0.7430356293916702,0.7496330142021179,0.7450536787509918,0.7451892346143723,0.7432094290852547,0.7469564527273178,0.7501626834273338,0.7451368570327759,0.7390055134892464,0.7449989691376686,0.7416792586445808,0.7439322173595428,0.7439851239323616,0.7457082346081734,0.7537457123398781,0.7499488666653633,0.7475165203213692,0.7478329092264175,0.743591345846653,0.7449262589216232,0.7465826869010925,0.7444817125797272,0.7467995658516884,0.7472388818860054,0.747822031378746,0.7463336512446404,0.7440655156970024,0.7466165572404861,0.7447431683540344,0.7439607456326485,0.744144082069397,0.7379858493804932,0.7452611103653908,0.7470466569066048,0.7425464242696762,0.7498162165284157,0.745849497616291,0.747220516204834,0.7496430618422372,0.25606593675911427,0.28000617772340775,0.2843824066221714,0.26989559456706047,0.2732408307492733,0.25860537216067314,0.2503500673919916,0.2561102509498596,0.25751160085201263,0.2595532089471817,0.2576103247702122,0.25279588624835014,0.25500443391501904,0.2544954940676689,0.25350892543792725,0.25444235280156136,0.2556266225874424,0.25341182947158813,0.25234756246209145,0.2559317536652088,0.25703928247094154,0.25574109330773354,0.2558550164103508,0.25381629541516304,0.25146839767694473,0.25491052493453026,0.26094159856438637,0.2536146230995655,0.25141429901123047,0.2543620094656944,0.2553715631365776,0.2545538730919361,0.25450194254517555,0.2550809010863304,0.2564449980854988,0.2525026910007,0.2553058788180351,0.25551456212997437,0.2533842232078314,0.2554629072546959,0.25520565547049046,0.2581628169864416,0.2617274075746536,0.25439950451254845,0.25481341034173965,0.2551877126097679,0.2565925680100918,0.2537054249218532,0.04799988027662039,0.04890982760116458,0.05872073024511337,0.05624647717922926,0.057334191631525755,0.05669648898765445,0.053440972696989775,0.05288528697565198,0.05290726711973548,0.05311767291277647,0.055045916233211756,0.05207630805671215,0.05082092992961407,0.053576039616018534,0.05344435991719365,0.05356301926076412,0.053412990644574165,0.05195329152047634,0.05239994917064905,0.053062004037201405,0.054137022234499454,0.05207487661391497,0.051180040929466486,0.050095600076019764,0.051427511032670736,0.05246567679569125,0.05490675801411271,0.053453290835022926,0.05237256223335862,0.05311997281387448,0.05378882959485054,0.05168571649119258,0.05301031190901995,0.052815009374171495,0.05490980064496398,0.0535608041100204,0.054066991433501244,0.05394948646426201,0.051770477555692196,0.052981581538915634,0.05141277378425002,0.05265761027112603,0.05406086798757315,0.05042734881862998,0.05171489482745528,0.052090509328991175,0.05261036427691579,0.0555213780275413
SGF_RFW_ST4L20_PB,1,4,0.2118355631828308,0.21796341737111413,5.435086727142334,4.1795268058776855,301.9925117492676,4718.632996082306,64,1920,7320,1140,25060,1140,3420,0.8406518027186394,0.8440051153302193,0.8457113355398178,0.8318225666880608,0.8127971962094307,0.7957656905055046,0.804287388920784,0.8194685131311417,0.8354616612195969,0.8431001305580139,0.8425829038023949,0.8441325202584267,0.8434458523988724,0.8434267789125443,0.8448945730924606,0.847787968814373,0.8441893756389618,0.8455823212862015,0.8433575704693794,0.8378154188394547,0.8401776179671288,0.838445745408535,0.8352946266531944,0.8348287045955658,0.830681562423706,0.8397534042596817,0.8441683501005173,0.8434694334864616,0.8419501855969429,0.8405772522091866,0.8354895040392876,0.8291178792715073,0.8364321440458298,0.8434349447488785,0.8433796763420105,0.8463367149233818,0.8441919758915901,0.840250089764595,0.8363469839096069,0.8359619602560997,0.8397464156150818,0.8412585332989693,0.8458162769675255,0.8437798023223877,0.8470708131790161,0.8417089357972145,0.8402957543730736,0.8406826172556195,0.26998860016465187,0.2763269208371639,0.2840881571173668,0.2882102243602276,0.29149917140603065,0.29139435663819313,0.2807731404900551,0.2824489437043667,0.27616554126143456,0.2714873477816582,0.2730023078620434,0.2705339342355728,0.2691303864121437,0.26967214420437813,0.27068590745329857,0.26756957545876503,0.2713904455304146,0.2737257294356823,0.2717382535338402,0.272542055696249,0.2731736898422241,0.2745773680508137,0.27521008625626564,0.27739956974983215,0.2813867926597595,0.2715938054025173,0.2686828747391701,0.2734943516552448,0.2727093733847141,0.27494698017835617,0.27653688192367554,0.2765691615641117,0.273064199835062,0.2716839574277401,0.2699151933193207,0.269014123827219,0.2701193578541279,0.2732769697904587,0.27658526971936226,0.2723172903060913,0.27105921506881714,0.2717580124735832,0.269637793302536,0.2700227275490761,0.2664668969810009,0.27403996884822845,0.27390917018055916,0.2766987383365631,0.055860988795757294,0.0585372275672853,0.058565990068018436,0.06005193293094635,0.06278038071468472,0.06138072069734335,0.06202206714078784,0.05978995421901345,0.05889766803011298,0.06040844414383173,0.05909663066267967,0.05905190762132406,0.058134608902037144,0.05746336467564106,0.05769356479868293,0.05733029870316386,0.05756419477984309,0.05871454020962119,0.05891876760870218,0.05837789969518781,0.05925893085077405,0.05878338823094964,0.05906859086826444,0.057102333288639784,0.0582246663980186,0.05932296300306916,0.056756190955638885,0.057687708642333746,0.05640912288799882,0.05794909317046404,0.058419642969965935,0.0589344659820199,0.05914238793775439,0.05649355612695217,0.057855742052197456,0.057458493392914534,0.05604053381830454,0.05762910097837448,0.05877313110977411,0.058965085074305534,0.0578932068310678,0.058897772803902626,0.058681337628513575,0.05690606543794274,0.056538937613368034,0.057590705808252096,0.056974821258336306,0.05957343163234847
SGF_RFW_ST4L20_PB,2,4,0.1797261039415995,0.18265595038731897,4.048158645629883,4.294061183929443,469.5554368495941,7336.803700774908,64,1920,7320,1140,25060,1140,3420,0.7758341804146767,0.7760877013206482,0.7750329747796059,0.7723600119352341,0.771294966340065,0.7678595781326294,0.772787794470787,0.7779060900211334,0.7801782786846161,0.7782252803444862,0.7776843011379242,0.7756572961807251,0.7788846418261528,0.7776407524943352,0.7765983492136002,0.774483323097229,0.774844229221344,0.7738056480884552,0.7706971019506454,0.7704764828085899,0.7728692665696144,0.7750573083758354,0.7758239284157753,0.7766142040491104,0.7737217247486115,0.7747129425406456,0.7723272517323494,0.7764441817998886,0.7786321043968201,0.7732763513922691,0.7723698318004608,0.7773945182561874,0.7733111009001732,0.7761740610003471,0.7745429575443268,0.7764367312192917,0.7742408514022827,0.7758008167147636,0.772739551961422,0.7761184945702553,0.7739090323448181,0.7773689404129982,0.7777417153120041,0.7784424275159836,0.7768238410353661,0.7734245508909225,0.7734656184911728,0.7750927209854126,0.31071870028972626,0.314429085701704,0.3179900422692299,0.31983813643455505,0.3208818733692169,0.31737276166677475,0.3149752654135227,0.31152115762233734,0.3087124712765217,0.3153816945850849,0.3160736709833145,0.3142414279282093,0.31172921508550644,0.31348758935928345,0.3128610998392105,0.3154182434082031,0.31838908791542053,0.3172878995537758,0.3164525404572487,0.31895339488983154,0.31770796701312065,0.31371986493468285,0.3143082410097122,0.316824235022068,0.31792398169636726,0.31535403802990913,0.3182666450738907,0.3148113451898098,0.3128059245646,0.3185206800699234,0.31876619532704353,0.31642503291368484,0.31788424775004387,0.31594330817461014,0.3152013123035431,0.31217850372195244,0.3130379654467106,0.3124503791332245,0.31554006412625313,0.31591949984431267,0.31700706481933594,0.31419698894023895,0.313677404075861,0.3142544627189636,0.3112509399652481,0.3152247257530689,0.3149075508117676,0.3141422952924456,0.043143877293914557,0.04419385828077793,0.04542972054332495,0.04906325973570347,0.04922991991043091,0.04801511578261852,0.046252375934273005,0.046111317817121744,0.04622192308306694,0.045474407728761435,0.04488753899931908,0.04509291658177972,0.044063928071409464,0.04535046312958002,0.043810995295643806,0.045460210647433996,0.04582159919664264,0.04665479343384504,0.04469309840351343,0.04545665858313441,0.04617763822898269,0.04600647650659084,0.046272027771919966,0.0457690698094666,0.04681521374732256,0.04671584302559495,0.04517691349610686,0.045602936297655106,0.045598086435347795,0.045333826914429665,0.045410438906401396,0.04514320055022836,0.0464577516540885,0.046791314613074064,0.046783353202044964,0.045526628848165274,0.04596784617751837,0.04609716823324561,0.0456595066934824,0.04574419558048248,0.04641332710161805,0.0453907772898674,0.04703512089326978,0.04646911611780524,0.045236168429255486,0.04596707923337817,0.04504956118762493,0.04546993385468211
SGF_RFW_ST4L20_PB,3,4,0.16047082344690955,0.1530686219533285,4.883927345275879,3.951434850692749,301.2857677936554,4707.590121775866,64,1920,7320,1140,25060,1140,3420,0.7434955537319183,0.7485624998807907,0.7357378453016281,0.7332697063684464,0.7290777266025543,0.743136540055275,0.7460478469729424,0.7485304400324821,0.7491558566689491,0.7499518990516663,0.7503542676568031,0.7477775365114212,0.7481746971607208,0.7473877370357513,0.7483658045530319,0.749641165137291,0.7500437498092651,0.7496100142598152,0.7505310475826263,0.7499979063868523,0.7462218254804611,0.7480639144778252,0.7474846616387367,0.7483144402503967,0.7511476129293442,0.7474910765886307,0.750199630856514,0.7501570880413055,0.7493081316351891,0.7482206374406815,0.7514720484614372,0.7495085224509239,0.7470940947532654,0.7478301301598549,0.744782879948616,0.7505440562963486,0.7473081573843956,0.7476654574275017,0.7479479685425758,0.7505492568016052,0.7472285106778145,0.7481790706515312,0.7512106075882912,0.7503907755017281,0.7478727549314499,0.7493537291884422,0.7510152012109756,0.7491773792675563,0.3167107030749321,0.3175090216100216,0.3245003670454025,0.32730862498283386,0.32740362361073494,0.319152295589447,0.3165912739932537,0.3135639950633049,0.3186546042561531,0.31643058359622955,0.3172461465001106,0.3179735466837883,0.31583939120173454,0.31470128521323204,0.316672969609499,0.31575820222496986,0.3158516138792038,0.3155672140419483,0.3148830980062485,0.31751540303230286,0.3153645098209381,0.3183041289448738,0.3182598613202572,0.316982738673687,0.3182560168206692,0.32152050733566284,0.31429774686694145,0.3142678514122963,0.31768061593174934,0.3195500150322914,0.3168842941522598,0.31442727893590927,0.3140958100557327,0.31626053154468536,0.31543154269456863,0.31853998079895973,0.31569724529981613,0.31376510113477707,0.3149602338671684,0.31566593050956726,0.3186303861439228,0.3191053606569767,0.3154233880341053,0.3154408037662506,0.3167652301490307,0.3179250508546829,0.31687359884381294,0.3160099387168884,0.05659382278099656,0.0590702542103827,0.059906181413680315,0.06016576196998358,0.061083003878593445,0.05907764285802841,0.05881598498672247,0.05964779434725642,0.05594725115224719,0.06053203018382192,0.0581712550483644,0.0573943960480392,0.05847601080313325,0.05954783130437136,0.06156376376748085,0.06172678805887699,0.06083099916577339,0.06024767179042101,0.05960274673998356,0.059053278993815184,0.05848278384655714,0.05486467620357871,0.05731193255633116,0.05696102371439338,0.05585044948384166,0.05545250419527292,0.05899862991645932,0.05908508226275444,0.05629876349121332,0.05459836916998029,0.057369237300008535,0.05843930225819349,0.05901010939851403,0.0585242616944015,0.05867905216291547,0.056226087268441916,0.05790680134668946,0.05970337660983205,0.057278518564999104,0.05648741265758872,0.05809734622016549,0.05964114097878337,0.06081376876682043,0.05773145891726017,0.05846264958381653,0.05912874452769756,0.05823228182271123,0.05765186729175704
SGF_RFW_ST4L20_PB,0,5,0.18388144175211585,0.18999520937601722,3.2147891521453857,3.234833240509033,302.698282957077,4729.6606712043285,64,1920,7320,1140,25060,1140,3420,0.46767633035779,0.46262672170996666,0.465463750064373,0.4570445269346237,0.4534044377505779,0.4598793648183346,0.46354952082037926,0.4661060683429241,0.46702514961361885,0.46564939990639687,0.4656394496560097,0.4669121503829956,0.46312645077705383,0.4680628664791584,0.469695869833231,0.46736396849155426,0.4656083919107914,0.46618422120809555,0.4622989185154438,0.4647314175963402,0.4642372727394104,0.4562284015119076,0.4607280306518078,0.4600660279393196,0.46326838061213493,0.4642505422234535,0.460229717195034,0.4580637030303478,0.46258382871747017,0.4611012116074562,0.4634953774511814,0.46547821536660194,0.46482817828655243,0.4642544724047184,0.46676358953118324,0.4662350155413151,0.46205544099211693,0.4629908911883831,0.4640827961266041,0.46486103162169456,0.4642438739538193,0.46253761276602745,0.4624370373785496,0.4650418683886528,0.4648701660335064,0.46439534798264503,0.4595289006829262,0.4634741927896227,0.4546642564237118,0.45339615643024445,0.45295361801981926,0.45866217464208603,0.46073921024799347,0.46198755875229836,0.46584707871079445,0.4623762033879757,0.4604712128639221,0.46098118275403976,0.4616478681564331,0.46189190074801445,0.46135734766721725,0.46027684211730957,0.4574737772345543,0.46181393042206764,0.46074121817946434,0.4600998982787132,0.4632927216589451,0.46204761043190956,0.462689895182848,0.46559489518404007,0.4628708139061928,0.46290236338973045,0.4618426412343979,0.45996151119470596,0.46177611127495766,0.4633163698017597,0.4601798392832279,0.46022605523467064,0.4618302397429943,0.460452564060688,0.4601164199411869,0.46187790483236313,0.46259934082627296,0.46356140077114105,0.46342411264777184,0.46168098971247673,0.4607900641858578,0.4630000479519367,0.4632822126150131,0.4645087532699108,0.4647013694047928,0.4547778442502022,0.45587756857275963,0.4591970704495907,0.4600079320371151,0.4607988042490823,0.06671295408159494,0.06970084644854069,0.06359196454286575,0.07028190605342388,0.07147542666643858,0.06956923846155405,0.07252358365803957,0.0714139174669981,0.07065829075872898,0.07043459825217724,0.07131440285593271,0.06899998616427183,0.07320834044367075,0.07111100852489471,0.0700767831876874,0.0681863334029913,0.06801291834563017,0.069410540163517,0.07146346941590309,0.0703955814242363,0.07051667850464582,0.07082665525376797,0.06890252325683832,0.06936571979895234,0.06907505635172129,0.07030925247818232,0.07207871042191982,0.0739116407930851,0.06989743560552597,0.07340079825371504,0.07096655946224928,0.07111426163464785,0.07178851962089539,0.07017824426293373,0.07062090002000332,0.07167108170688152,0.07170771434903145,0.07063543703407049,0.07086500618606806,0.0705921333283186,0.07122275419533253,0.07108329515904188,0.07039744593203068,0.06979517638683319,0.06995675340294838,0.0681166248396039,0.06925125606358051,0.06959626078605652
SGF_RFW_ST4L20_PB,1,5,0.25365318854649865,0.26114137967427575,5.591082572937012,4.35071325302124,300.96982312202454,4702.653486281633,64,1920,7320,1140,25060,1140,3420,0.5306893661618233,0.5274900048971176,0.5285199657082558,0.5323945432901382,0.535544790327549,0.534401923418045,0.5366574302315712,0.5403529852628708,0.539389006793499,0.5343002825975418,0.5370011329650879,0.5343755558133125,0.5357345044612885,0.5387967899441719,0.5381074994802475,0.5365488231182098,0.5358382612466812,0.5343710109591484,0.5350813046097755,0.5377061367034912,0.538850449025631,0.5404553189873695,0.5392391756176949,0.5332130566239357,0.5301768034696579,0.5319585651159286,0.5363014042377472,0.5392258241772652,0.5354913845658302,0.5345427766442299,0.5332808420062065,0.5311295315623283,0.5313258916139603,0.5364847630262375,0.5370063558220863,0.539182685315609,0.5372136011719704,0.5365872234106064,0.5305838733911514,0.5335984230041504,0.5346519649028778,0.5371774509549141,0.5382904186844826,0.5344013050198555,0.5320489779114723,0.533254973590374,0.5341208949685097,0.5362071650368827,0.2542099952697754,0.2577730491757393,0.253260500729084,0.2522711604833603,0.2510248403996229,0.25836510956287384,0.26242373138666153,0.2546154633164406,0.2532355412840843,0.25744757056236267,0.2546622008085251,0.2591502517461777,0.26419463381171227,0.25748545676469803,0.25331953912973404,0.2541496343910694,0.25365709885954857,0.2592384144663811,0.25710922852158546,0.2543083131313324,0.25351284444332123,0.25191028229892254,0.2523400131613016,0.2574741579592228,0.262520968914032,0.26053226739168167,0.2621178850531578,0.25883377343416214,0.2598624601960182,0.25910765677690506,0.25856759026646614,0.2583262659609318,0.25827906280755997,0.2541801147162914,0.25295215472579,0.25154003128409386,0.2562899738550186,0.2564869485795498,0.26102885976433754,0.25800347700715065,0.2577969543635845,0.2575138621032238,0.2580186314880848,0.2571999542415142,0.2563420571386814,0.2550448700785637,0.2567601799964905,0.2564900943211147,0.08281201776117086,0.09400986135005951,0.09609981719404459,0.0932724317535758,0.09344111010432243,0.09436257556080818,0.09274394810199738,0.08620668109506369,0.08752217516303062,0.09153292421251535,0.09036657027900219,0.09094678424298763,0.0926073407754302,0.09012527950108051,0.08725407905876637,0.08880944084376097,0.08678277488797903,0.09224606771022081,0.09260014817118645,0.09035639278590679,0.08991058636456728,0.08683496993035078,0.08832010067999363,0.09089451655745506,0.08987685106694698,0.08908955659717321,0.09003657009452581,0.08703737612813711,0.09417785704135895,0.09117534570395947,0.08872474171221256,0.09329103212803602,0.0918890805914998,0.09120671171694994,0.090696488507092,0.09164654184132814,0.09198091086000204,0.08957771677523851,0.09120174683630466,0.08899336028844118,0.09181688912212849,0.08881442341953516,0.08912419434636831,0.0920662023127079,0.09062248095870018,0.08904362097382545,0.09222020115703344,0.09214333125523158
SGF_RFW_ST4L20_PB,2,5,0.18986805280049646,0.17964591582616174,3.705103874206543,3.0410168170928955,457.7706437110901,7152.666307985783,64,1920,7320,1140,25060,1140,3420,0.5028618723154068,0.5030121728777885,0.5068233758211136,0.5007370822131634,0.5005308426916599,0.5042419582605362,0.5089694038033485,0.507607139647007,0.5039674863219261,0.50240258872509,0.5022666826844215,0.4989520460367203,0.502017542719841,0.5053938552737236,0.5044466853141785,0.5144182816147804,0.5087752640247345,0.504566602408886,0.5019285455346107,0.5020503848791122,0.5019413083791733,0.5024784877896309,0.506135530769825,0.5034523829817772,0.5010098330676556,0.49855420365929604,0.5001280903816223,0.5033620819449425,0.5028173997998238,0.5040462911128998,0.502983134239912,0.4990817606449127,0.49873053655028343,0.5003937780857086,0.5025179833173752,0.5034205242991447,0.5001659467816353,0.5017639175057411,0.5001321472227573,0.5010972395539284,0.5039737820625305,0.5038245618343353,0.5032887682318687,0.5026452392339706,0.5012701787054539,0.5029673352837563,0.5017731487751007,0.5010970149721418,0.39254241436719894,0.3953264020383358,0.39124688506126404,0.39597638323903084,0.3954734429717064,0.39506060257554054,0.39576977863907814,0.3954688794910908,0.3972339481115341,0.39726562425494194,0.3972555510699749,0.39934591948986053,0.3990183137357235,0.39720568805933,0.39741940051317215,0.3914996050298214,0.39616141095757484,0.39770863950252533,0.3981793709099293,0.39742492511868477,0.3955705240368843,0.396012756973505,0.3967323675751686,0.3995739780366421,0.40066395327448845,0.3999491296708584,0.3986005336046219,0.39814644679427147,0.39807479083538055,0.39887386187911034,0.39916929230093956,0.39889341592788696,0.3987843617796898,0.39848247170448303,0.400028757750988,0.39865830168128014,0.4002254493534565,0.3994860500097275,0.39887698367238045,0.39994292706251144,0.39832259342074394,0.3970160074532032,0.39529119804501534,0.3955308496952057,0.3980124145746231,0.39571987092494965,0.3987809121608734,0.39873557005609783,0.0778754036873579,0.07866985257714987,0.08043298497796059,0.07619678601622581,0.07992811035364866,0.08671155292540789,0.08217078913003206,0.08198370970785618,0.08383496571332216,0.0841124476864934,0.08437427319586277,0.08509154431521893,0.08252962306141853,0.08238560799509287,0.08293907716870308,0.08101530186831951,0.08214882016181946,0.08257037308067083,0.08418499771505594,0.08373710326850414,0.08325357921421528,0.0838649095967412,0.08418531715869904,0.08502162247896194,0.08497896511107683,0.08435556292533875,0.08081844635307789,0.08162241149693727,0.08256355859339237,0.0834302781149745,0.08451289590448141,0.08411596994847059,0.08271979074925184,0.08393314387649298,0.0847700759768486,0.08302867226302624,0.08154294453561306,0.08199164178222418,0.08381192851811647,0.08308643568307161,0.07989509589970112,0.07761554513126612,0.08104645926505327,0.08335443772375584,0.08389046788215637,0.0840028589591384,0.08274011313915253,0.08111350983381271
SGF_RFW_ST4L20_PB,3,5,0.18637921412785852,0.193031907081604,2.623732566833496,2.989319086074829,300.7532663345337,4699.269786477089,64,1920,7320,1140,25060,1140,3420,0.5458907037973404,0.5441126972436905,0.5474027693271637,0.5452183932065964,0.5422327965497971,0.5497068017721176,0.5556656867265701,0.5626292154192924,0.5593605116009712,0.5557399690151215,0.5525112077593803,0.5547765120863914,0.5571442618966103,0.5581376105546951,0.559535413980484,0.5583719089627266,0.5567073300480843,0.5542790740728378,0.5548537820577621,0.5577739700675011,0.5610012263059616,0.5636183246970177,0.5586886554956436,0.5550396367907524,0.5552649199962616,0.5538551583886147,0.5542557537555695,0.5562205612659454,0.5528189092874527,0.5529549717903137,0.5565498322248459,0.5560911893844604,0.55632284283638,0.5517771765589714,0.556541234254837,0.5539123862981796,0.5583806857466698,0.5662478730082512,0.5550381541252136,0.5516634657979012,0.5577321201562881,0.5551653504371643,0.5524880141019821,0.5522414520382881,0.5616005435585976,0.5610230788588524,0.5615867674350739,0.5584324087415423,0.33085770159959793,0.33490949869155884,0.3329012021422386,0.33027300983667374,0.33220820501446724,0.33147667720913887,0.3321201652288437,0.3291604816913605,0.332461167126894,0.3322008475661278,0.3343607448041439,0.33186207711696625,0.3314393423497677,0.3314640410244465,0.32978569716215134,0.3306780196726322,0.33198751881718636,0.3351653665304184,0.33438868075609207,0.3316829986870289,0.331382904201746,0.3327079266309738,0.3337036482989788,0.33121803030371666,0.3351612314581871,0.33336006850004196,0.3311268761754036,0.33127954229712486,0.3321959041059017,0.3309970460832119,0.332469429820776,0.33361537009477615,0.3330385833978653,0.33199212327599525,0.33056747540831566,0.33325139805674553,0.334776371717453,0.3306974656879902,0.33492833003401756,0.3344077542424202,0.32951123267412186,0.33166923373937607,0.33183828368782997,0.3325381875038147,0.32941725850105286,0.3318415582180023,0.33347219228744507,0.3337179252079555,0.060133760794997215,0.05812568962574005,0.0612139250151813,0.06181144202128053,0.06400886829942465,0.06574389711022377,0.06760652828961611,0.0690618883818388,0.06804914679378271,0.06430092407390475,0.06477430555969477,0.064809400588274,0.06526261102408171,0.06524480041116476,0.06361414305865765,0.06402077246457338,0.06437507458031178,0.06830722279846668,0.0677587864920497,0.06546399369835854,0.06607708986848593,0.06783943995833397,0.06568541936576366,0.06419678311794996,0.06320062233135104,0.0640676561743021,0.06478945259004831,0.06212245253846049,0.06444655358791351,0.06450808141380548,0.06534774880856276,0.06436724402010441,0.06431620474904776,0.0660312743857503,0.06608713418245316,0.0604952541179955,0.06459946045652032,0.0652576508000493,0.061372966039925814,0.06160926539450884,0.06390752969309688,0.06640441436320543,0.06504747830331326,0.06404647789895535,0.06462693400681019,0.06612797733396292,0.06638662330806255,0.06469931825995445
SGF_RFW_ST4L20_PB,0,6,0.09550487995147705,0.06808735926946008,10.864068031311035,11.39002799987793,301.6389949321747,4713.109295815229,64,1920,7320,1140,25060,1140,3420,0.5424268394708633,0.5491544902324677,0.560239166021347,0.5602820962667465,0.560847781598568,0.551217295229435,0.5176239646971226,0.5177949294447899,0.5634737685322762,0.5631183013319969,0.5585585832595825,0.5416510701179504,0.537531666457653,0.5407099202275276,0.5412705913186073,0.5472070574760437,0.5543725416064262,0.5520715638995171,0.5415321588516235,0.53647031635046,0.5272628217935562,0.5439280569553375,0.5403882339596748,0.5431581437587738,0.5381856188178062,0.536037266254425,0.5422023683786392,0.5380771979689598,0.5372136235237122,0.5265218019485474,0.5360160544514656,0.5392658859491348,0.5366916805505753,0.5256893411278725,0.525432862341404,0.5269829481840134,0.5223585143685341,0.5317709520459175,0.5344115421175957,0.540492907166481,0.5444621667265892,0.5315157026052475,0.5265960320830345,0.52911726385355,0.5285547375679016,0.5271506980061531,0.5435088202357292,0.5526204790387835,0.4622557908296585,0.46982814371585846,0.4611744098365307,0.4596659876406193,0.45766324549913406,0.4538358971476555,0.48302698507905006,0.4820949248969555,0.4599941223859787,0.4623989313840866,0.46301163360476494,0.4672899693250656,0.4729207195341587,0.47271493077278137,0.475893285125494,0.4729747921228409,0.4684039056301117,0.47244488447904587,0.4698673039674759,0.47171128541231155,0.47781363874673843,0.4718979336321354,0.4759986661374569,0.47655879706144333,0.4773773178458214,0.4724232964217663,0.47770920023322105,0.4771762117743492,0.4770239368081093,0.4794919267296791,0.4733615331351757,0.46893272176384926,0.47163157165050507,0.4747712165117264,0.47846510633826256,0.4794189967215061,0.4823371060192585,0.4739283137023449,0.4722224473953247,0.4686008132994175,0.46742958948016167,0.47285426780581474,0.47777367755770683,0.47567640990018845,0.4772151783108711,0.4768314026296139,0.46572370454669,0.46600756900651114,0.1088584465906024,0.10787162370979786,0.10315838735550642,0.10738842003047466,0.10627827886492014,0.1072629215195775,0.11577874049544334,0.11504374630749226,0.10909853223711252,0.11156578548252583,0.10825283080339432,0.11214689258486032,0.1091415323317051,0.11294312682002783,0.11240985710173845,0.11235624738037586,0.11066950857639313,0.1122931158170104,0.11424985434859991,0.11257457081228495,0.11364535335451365,0.11111950874328613,0.1109876548871398,0.11186910606920719,0.11433485615998507,0.11232601292431355,0.10984267201274633,0.11371692828834057,0.11206917185336351,0.11289996281266212,0.11182653624564409,0.11341394018381834,0.1152846347540617,0.11557049117982388,0.11611235421150923,0.11348772887140512,0.11527016758918762,0.11557869985699654,0.11524664517492056,0.11294125858694315,0.11429231893271208,0.11626164987683296,0.11423325818032026,0.11231403890997171,0.11420003417879343,0.1149354912340641,0.11467518843710423,0.11383346787520818
SGF_RFW_ST4L20_PB,1,6,0.08129521210988366,0.07646644115447998,8.891622543334961,8.44260025024414,301.0763032436371,4704.317238181829,64,1920,7320,1140,25060,1140,3420,0.5577507019042969,0.5559277012944221,0.5518376305699348,0.5496823042631149,0.5640205219388008,0.5686083510518074,0.5687669664621353,0.5617359429597855,0.5665602385997772,0.5639137774705887,0.5630212649703026,0.5618262588977814,0.5672495365142822,0.566876120865345,0.5691338256001472,0.5649334043264389,0.5619151145219803,0.55994463711977,0.565809078514576,0.5651910975575447,0.5681934729218483,0.55973831564188,0.5627697557210922,0.5672886818647385,0.5653828009963036,0.5655592158436775,0.5680107176303864,0.5706758573651314,0.569473996758461,0.5678401365876198,0.5667287409305573,0.5677364394068718,0.5616768822073936,0.5646618008613586,0.5647893697023392,0.5708787441253662,0.5687910839915276,0.5656177699565887,0.5610829591751099,0.561139665544033,0.5601921752095222,0.5631512105464935,0.5711539387702942,0.5623067393898964,0.5713589787483215,0.5740179717540741,0.571086198091507,0.5671772020203727,0.48068344593048096,0.49765242263674736,0.4963446743786335,0.49268005415797234,0.4872829094529152,0.4787909910082817,0.4821840301156044,0.48739656805992126,0.49133802205324173,0.48777787014842033,0.48722122982144356,0.49151795729994774,0.4920591339468956,0.49171360582113266,0.4854586236178875,0.48702601343393326,0.48445627838373184,0.4865694232285023,0.48332396894693375,0.48595955967903137,0.48150671645998955,0.49208252504467964,0.48800525814294815,0.48524315655231476,0.49425893276929855,0.4949341453611851,0.4893438145518303,0.4835464507341385,0.4798863157629967,0.4856852628290653,0.4840010553598404,0.48862772062420845,0.489578228443861,0.48556189984083176,0.48400022089481354,0.48322442173957825,0.4795412942767143,0.48899730667471886,0.4900124743580818,0.4860518090426922,0.4882320202887058,0.4861886240541935,0.481036264449358,0.4839577116072178,0.48269351199269295,0.47960540652275085,0.4821890816092491,0.49042272567749023,0.11167017370462418,0.10966073535382748,0.10875671077519655,0.11307971086353064,0.11649288050830364,0.11594290751963854,0.11638992466032505,0.11650532484054565,0.11528782267123461,0.11517983675003052,0.11648994591087103,0.11552740819752216,0.11546939238905907,0.11653832718729973,0.11650500725954771,0.11712642293423414,0.11771030724048615,0.11966500524431467,0.1173794399946928,0.11812213528901339,0.11884387210011482,0.11881575081497431,0.1182682178914547,0.11902881599962711,0.11901136487722397,0.11631433852016926,0.11595320701599121,0.11392360646277666,0.11236176639795303,0.11559152044355869,0.11792339012026787,0.1160318972542882,0.11887206323444843,0.11777281202375889,0.11966755334287882,0.11656760796904564,0.1164133045822382,0.11721191927790642,0.11632410250604153,0.11749469209462404,0.11764884740114212,0.11845014989376068,0.11788345500826836,0.11812291480600834,0.11442564055323601,0.11755750980228186,0.12072333879768848,0.1161453468458993
SGF_RFW_ST4L20_PB,2,6,0.08651630083719886,0.09788298606872559,9.28498363494873,9.822020530700684,301.1792724132538,4705.92613145709,64,1920,7320,1140,25060,1140,3420,0.553505539894104,0.550587922334671,0.5330264642834663,0.5244390517473221,0.5164260193705559,0.5224435850977898,0.5419095009565353,0.5608536973595619,0.5606406852602959,0.5531282871961594,0.5561591535806656,0.5471074879169464,0.5605168789625168,0.5659196078777313,0.5708778575062752,0.5636102855205536,0.5629077479243279,0.5688802152872086,0.5604548305273056,0.5656090527772903,0.5658339634537697,0.5705587193369865,0.5652862191200256,0.5601402223110199,0.5652984380722046,0.5636491253972054,0.5690298825502396,0.563827782869339,0.5662410482764244,0.5484726876020432,0.5382949188351631,0.5578840523958206,0.5628537237644196,0.5667787492275238,0.5713659897446632,0.55887121707201,0.5532571226358414,0.5632596239447594,0.5604171454906464,0.5605816170573235,0.5646054446697235,0.5653939992189407,0.555804006755352,0.5567822232842445,0.5585054159164429,0.5581895858049393,0.566957488656044,0.56576897416796,0.447881568223238,0.4671289473772049,0.48562319204211235,0.49749964848160744,0.505978636443615,0.49548643082380295,0.47836990281939507,0.4664461277425289,0.4694918729364872,0.47623995319008827,0.47286105528473854,0.4775213375687599,0.4716692976653576,0.4590940847992897,0.45361409336328506,0.4616304151713848,0.45708125457167625,0.4446460045874119,0.4551709406077862,0.4505090117454529,0.45170509070158005,0.4465164430439472,0.44821152463555336,0.44964549690485,0.4495997689664364,0.4546607472002506,0.4455949068069458,0.44838690757751465,0.4471452236175537,0.46227844059467316,0.47265801578760147,0.4565867520868778,0.45647408440709114,0.45569995790719986,0.4506794959306717,0.4556227810680866,0.458565179258585,0.45457475632429123,0.4585643745958805,0.4564557410776615,0.44899028167128563,0.4479345493018627,0.4579988978803158,0.4558561071753502,0.4554605670273304,0.45370353385806084,0.44549771770834923,0.4471175798348018,0.11552504450082779,0.11777135170996189,0.11582993436604738,0.11700085923075676,0.11685487348586321,0.11678927019238472,0.1140392767265439,0.12327275797724724,0.12787348311394453,0.1298850141465664,0.12558185402303934,0.12074632942676544,0.12061732821166515,0.12666772305965424,0.12511918600648642,0.12538010347634554,0.1289378870278597,0.1282971352338791,0.1251958729699254,0.12346573173999786,0.1260817674919963,0.12611543852835894,0.12472604494541883,0.12598689552396536,0.12482807040214539,0.12584165576845407,0.12669553142040968,0.12594508100301027,0.12412698846310377,0.12173937819898129,0.12189039494842291,0.12765471544116735,0.12547998782247305,0.12854202464222908,0.12839130125939846,0.12773948907852173,0.1283780299127102,0.12550521455705166,0.12548313848674297,0.12570038717240095,0.12369548343122005,0.12398491892963648,0.12168422434478998,0.12526476103812456,0.12488380074501038,0.1272342298179865,0.1260053552687168,0.12793093281132834
SGF_RFW_ST4L20_PB,3,6,0.07491745551427209,0.09254229068756104,8.600975036621094,6.923234462738037,300.7302579879761,4698.910281062126,64,1920,7320,1140,25060,1140,3420,0.5237401872873306,0.5234484672546387,0.5151510685682297,0.5198904201388359,0.5219697281718254,0.5261252969503403,0.5300026535987854,0.520941361784935,0.5204450711607933,0.5205590948462486,0.5194059237837791,0.5210783183574677,0.5131897032260895,0.5069199427962303,0.5022763386368752,0.5006893165409565,0.5171443447470665,0.526110514998436,0.5114792957901955,0.5064520612359047,0.5102956742048264,0.5135400965809822,0.5134265348315239,0.5220857188105583,0.5215666964650154,0.5179968774318695,0.5206940770149231,0.519728772342205,0.5205027684569359,0.5184578746557236,0.5247724279761314,0.5183051228523254,0.5154991373419762,0.5141410455107689,0.5177522078156471,0.5149644389748573,0.5122771859169006,0.5152176767587662,0.5185021460056305,0.5252497643232346,0.5207786187529564,0.5188642218708992,0.5177147835493088,0.5173055678606033,0.5176965296268463,0.5181014612317085,0.5205806344747543,0.5134468078613281,0.4355071410536766,0.4354291446506977,0.43886906653642654,0.439190611243248,0.44126808643341064,0.4445278197526932,0.4350581169128418,0.44541070237755775,0.4439046159386635,0.446509700268507,0.4437975063920021,0.4479479044675827,0.4503193274140358,0.4576176293194294,0.4634178839623928,0.47083211317658424,0.454379316419363,0.47059493884444237,0.4513656124472618,0.45572181046009064,0.453421413898468,0.4488997757434845,0.45152002573013306,0.4457867667078972,0.4431495629251003,0.4475027658045292,0.4484110400080681,0.44772497564554214,0.4490666091442108,0.4486548900604248,0.43953852728009224,0.4453493170440197,0.4488188363611698,0.45243922993540764,0.4479019492864609,0.44998735189437866,0.453999325633049,0.45029719546437263,0.4476199820637703,0.4425898641347885,0.44911087676882744,0.4483736865222454,0.4485998749732971,0.4468351788818836,0.4478033818304539,0.4462279826402664,0.44558698683977127,0.45038593666894094,0.10106324590742588,0.1010771319270134,0.10199457127600908,0.10440757125616074,0.10636595729738474,0.10877639893442392,0.1098514785990119,0.10786850284785032,0.10656058695167303,0.10509192012250423,0.10550665482878685,0.10659712832421064,0.1079164668917656,0.1101076016202569,0.10993687156587839,0.11157473549246788,0.10836735181510448,0.11035354249179363,0.10922121815383434,0.10835182294249535,0.1089140260592103,0.11398650798946619,0.10971447080373764,0.10718012135475874,0.10914958082139492,0.11003957409411669,0.10992131382226944,0.1117456378415227,0.10892969463020563,0.10782307479530573,0.107593416236341,0.11306211818009615,0.11008339654654264,0.10840817261487246,0.1066711712628603,0.10795081499963999,0.10810525249689817,0.10774674266576767,0.10837226640433073,0.10706589091569185,0.10724680963903666,0.10558021906763315,0.1056537851691246,0.10784642584621906,0.10869657713919878,0.1087258905172348,0.10860774293541908,0.10807041291679655
SGF_RFW_ST4L20_PB,0,7,0.06351796785990393,0.06425738334655762,2.003349781036377,2.040513515472412,300.77450704574585,4699.601672589779,64,1920,7320,1140,25060,1140,3420,0.5474211946129799,0.5516469553112984,0.5521672442555428,0.5490569621324539,0.5497224107384682,0.5525936633348465,0.5567018464207649,0.5587512031197548,0.5603587105870247,0.5617976188659668,0.5617904141545296,0.5584464445710182,0.5600959062576294,0.5613774880766869,0.5589638575911522,0.5576688945293427,0.5569813698530197,0.5563385561108589,0.5603014081716537,0.562218613922596,0.5592057481408119,0.5596825629472733,0.5600881949067116,0.5596228688955307,0.5581314116716385,0.5639975443482399,0.563008151948452,0.5639813095331192,0.5592791736125946,0.5588419511914253,0.5592001900076866,0.5612170249223709,0.5632796809077263,0.5649164617061615,0.562571220099926,0.5588787794113159,0.5585225522518158,0.5563862100243568,0.5538497343659401,0.558199405670166,0.5578286051750183,0.5623192489147186,0.5621629655361176,0.5600996986031532,0.5600915625691414,0.5618279650807381,0.5596842244267464,0.5603055953979492,0.5496381744742393,0.5500192120671272,0.5503924116492271,0.5506238415837288,0.5500253289937973,0.5467229187488556,0.5450300425291061,0.5451442077755928,0.5451918244361877,0.5445617437362671,0.5448463335633278,0.5473675653338432,0.5464505925774574,0.5459657460451126,0.5470801368355751,0.5477574020624161,0.5481474846601486,0.549737922847271,0.5475615710020065,0.5453519821166992,0.5467312857508659,0.5481598898768425,0.5442580580711365,0.5367775335907936,0.5347161218523979,0.5391709208488464,0.5460428819060326,0.5437716469168663,0.5464307889342308,0.5495021417737007,0.5514035224914551,0.5509386211633682,0.5469407886266708,0.5464002192020416,0.5465158671140671,0.5476220324635506,0.5491116419434547,0.5481217950582504,0.5492589846253395,0.5471530184149742,0.5452396348118782,0.5427470281720161,0.5416968762874603,0.5437705889344215,0.5469583198428154,0.546307384967804,0.5476451590657234,0.5462246877806527,0.0939850490540266,0.09512760117650032,0.09350836835801601,0.09222407918423414,0.09234972111880779,0.09364493563771248,0.09597466699779034,0.09666488412767649,0.09529130812734365,0.0945141427218914,0.0947168106213212,0.09414104372262955,0.09457576740533113,0.0953802801668644,0.09492294955998659,0.09526954498142004,0.0964435450732708,0.0964828534051776,0.09599820803850889,0.09523676615208387,0.09590092580765486,0.0963493138551712,0.09684736374765635,0.09919654298573732,0.0997290825471282,0.09938451647758484,0.09596478939056396,0.09628106467425823,0.09587712213397026,0.09547421336174011,0.0958341732621193,0.09661842323839664,0.09647686313837767,0.09584417566657066,0.0957107376307249,0.09527563396841288,0.09494906011968851,0.09640302695333958,0.09909385070204735,0.09569086041301489,0.09514932613819838,0.09545099083334208,0.0957857882604003,0.09626687597483397,0.09557392727583647,0.09536885377019644,0.09534633439034224,0.09477659527744565
SGF_RFW_ST4L20_PB,1,7,0.04840727647145593,0.07668449481328332,2.2979772090911865,3.2127315998077393,301.11394572257996,4704.905401915312,64,1920,7320,1140,25060,1140,3420,0.5172248333692551,0.5201894119381905,0.5281215906143188,0.534004233777523,0.535381905734539,0.5361814647912979,0.5344432517886162,0.5375876948237419,0.5364085957407951,0.5328279584646225,0.5272305086255074,0.5306340306997299,0.5314935818314552,0.5293197557330132,0.5316341072320938,0.5323710590600967,0.5316506400704384,0.5317738503217697,0.5363579764962196,0.5345737859606743,0.5333943068981171,0.5315489917993546,0.5290450304746628,0.5280747786164284,0.5299398973584175,0.5299399793148041,0.5314061194658279,0.5333571806550026,0.5342623665928841,0.5360024720430374,0.53376055508852,0.5324795991182327,0.5310798734426498,0.5278954058885574,0.5310938656330109,0.5339644178748131,0.5366129279136658,0.5367341190576553,0.5300925001502037,0.5293008089065552,0.5291940793395042,0.5312557741999626,0.5350836962461472,0.5377923473715782,0.538989432156086,0.5361800715327263,0.5383985340595245,0.5341124023709979,0.5795794799923897,0.5800656750798225,0.5739709138870239,0.5673980861902237,0.5645841285586357,0.5604633986949921,0.5657800808548927,0.5676674991846085,0.5708310455083847,0.572894386947155,0.578142523765564,0.5753314644098282,0.5730837658047676,0.5742067024111748,0.57135970890522,0.5711649879813194,0.5709582343697548,0.5733174979686737,0.5727740079164505,0.5721782520413399,0.570666678249836,0.5709868595004082,0.5747302398085594,0.5757523700594902,0.5745789110660553,0.5716750770807266,0.5694826543331146,0.5703815743327141,0.5693461671471596,0.5742906257510185,0.5761399194598198,0.5753185972571373,0.5742128789424896,0.5726401209831238,0.571569137275219,0.5688513293862343,0.5683979392051697,0.5695216804742813,0.5798465088009834,0.5823826193809509,0.5782508477568626,0.5754133984446526,0.5725261867046356,0.570432037115097,0.5703341439366341,0.5797608941793442,0.5817957296967506,0.5880914330482483,0.08067412301898003,0.08402945753186941,0.08396321255713701,0.08236039057374,0.08231959864497185,0.0808791546151042,0.08154808264225721,0.0803027581423521,0.08032776322215796,0.07657196279615164,0.07688388135284185,0.07809042185544968,0.07978937961161137,0.08077971544116735,0.08115341793745756,0.08115829341113567,0.08131574839353561,0.08105426281690598,0.08090975042432547,0.08093053195625544,0.08219926245510578,0.08008419256657362,0.08087369706481695,0.08217402268201113,0.08248322084546089,0.08287010807543993,0.08259947691112757,0.08263000659644604,0.08162699546664953,0.08022682648152113,0.08104789350181818,0.08136465027928352,0.08222592994570732,0.08268445543944836,0.08314109779894352,0.08237075712531805,0.08173218090087175,0.07900548819452524,0.07966356258839369,0.07986269518733025,0.08003598731011152,0.08033724129199982,0.08061463199555874,0.0805615046992898,0.08081522025167942,0.07783347554504871,0.07772794831544161,0.0767931831734521
SGF_RFW_ST4L20_PB,2,7,0.07775501410166419,0.06603235006332397,1.4463088512420654,1.6641923189163208,300.6905770301819,4698.290266096592,64,1920,7320,1140,25060,1140,3420,0.48928460478782654,0.48856109008193016,0.4902442879974842,0.48848380893468857,0.49017561599612236,0.4943407364189625,0.4954843670129776,0.4965077005326748,0.4980502463877201,0.4996509365737438,0.49977050721645355,0.49778077751398087,0.4988103471696377,0.4997614771127701,0.4985010623931885,0.5018080249428749,0.5009045302867889,0.49912601709365845,0.5007678680121899,0.49984195455908775,0.5011896640062332,0.5022512599825859,0.5030827820301056,0.5010858625173569,0.5009286887943745,0.5023144260048866,0.5014674663543701,0.5025100708007812,0.49920136481523514,0.4994083307683468,0.50088319927454,0.4991508275270462,0.49907608702778816,0.49886953830718994,0.500743892043829,0.4992482475936413,0.49852434918284416,0.4981742687523365,0.5000032968819141,0.5010218247771263,0.5027045458555222,0.5034709796309471,0.5039344429969788,0.5033844038844109,0.5038557201623917,0.5037623792886734,0.5033446028828621,0.5017305016517639,0.5939073860645294,0.5953058302402496,0.594936691224575,0.5969967991113663,0.5946786031126976,0.5932536646723747,0.5925803706049919,0.5929990634322166,0.5928316563367844,0.5936941131949425,0.5934166014194489,0.5937890484929085,0.5942397266626358,0.5958828032016754,0.5951340273022652,0.5933082401752472,0.5935768336057663,0.5948575213551521,0.5945960134267807,0.5933483466506004,0.5947720482945442,0.5938784033060074,0.5939770042896271,0.5956953912973404,0.5960976928472519,0.5968627408146858,0.5963422432541847,0.5951189622282982,0.5949598699808121,0.5952352285385132,0.5943676754832268,0.5959046706557274,0.5965133681893349,0.5968988463282585,0.5954471006989479,0.5960920602083206,0.5961705595254898,0.5957188904285431,0.5953253731131554,0.5942940935492516,0.5958042293787003,0.5961055308580399,0.595444992184639,0.5952374786138535,0.5958439782261848,0.5951426029205322,0.5959700867533684,0.5958553552627563,0.07023337576538324,0.07279188372194767,0.07215080969035625,0.07138749212026596,0.07102397084236145,0.07148135453462601,0.07229577843099833,0.07283088006079197,0.07306967582553625,0.072707898914814,0.07203444000333548,0.07256711553782225,0.0721720177680254,0.07224954385310411,0.07319675385951996,0.07229436188936234,0.07099016197025776,0.0717541454359889,0.07168327365070581,0.07228852063417435,0.07250106520950794,0.07258196827024221,0.07210201118141413,0.07266985345631838,0.0732271270826459,0.07184975501149893,0.07280953321605921,0.07106223795562983,0.07178127486258745,0.07296195439994335,0.07277767360210419,0.07203081529587507,0.07224902510643005,0.07165092136710882,0.07096381671726704,0.07201271038502455,0.07237937487661839,0.07235112506896257,0.07222662400454283,0.07175465021282434,0.07182084489613771,0.07301157899200916,0.07139954995363951,0.07221526931971312,0.07098479103296995,0.07263599522411823,0.07151633035391569,0.07292346124138151
SGF_RFW_ST4L20_PB,3,7,0.08076359828313195,0.07153673966725671,3.00537109375,4.254094123840332,301.22991394996643,4706.7174054682255,64,1920,7320,1140,25060,1140,3420,0.5053108483552933,0.5035351514816284,0.49926335364580154,0.5003611333668232,0.504999503493309,0.5084020420908928,0.5168161690235138,0.5167412012815475,0.514462448656559,0.5156794786453247,0.5112929567694664,0.5113394558429718,0.512184388935566,0.511704109609127,0.5106074661016464,0.5089350491762161,0.5035526901483536,0.5123062804341316,0.5144630149006844,0.5138008743524551,0.5214405059814453,0.5167181417346001,0.5122696906328201,0.5110031217336655,0.5144142881035805,0.5177325755357742,0.5214205384254456,0.521267719566822,0.5143563374876976,0.5097887367010117,0.5068740770220757,0.5101456344127655,0.5162088051438332,0.5194529816508293,0.5179233327507973,0.5089475959539413,0.507573664188385,0.5111589804291725,0.510741300880909,0.5126804336905479,0.5125702172517776,0.5030480585992336,0.5003524087369442,0.5047909319400787,0.509901762008667,0.506399504840374,0.505287729203701,0.5029151013919285,0.596038356423378,0.6039697453379631,0.6059115901589394,0.6069954410195351,0.604573979973793,0.6041015386581421,0.6017065495252609,0.6075627580285072,0.6033087819814682,0.6041119545698166,0.6033001244068146,0.6054220423102379,0.6069977656006813,0.6056122854351997,0.6081662848591805,0.6064944118261337,0.6055354326963425,0.6012302488088608,0.6013287231326103,0.6018259599804878,0.5978851169347763,0.59749436378479,0.5999121963977814,0.6055551543831825,0.6039898619055748,0.6053774282336235,0.6056936681270599,0.6089959740638733,0.610785149037838,0.6062340810894966,0.6012062430381775,0.6000922694802284,0.6002233028411865,0.6034129112958908,0.6020615249872208,0.6045184507966042,0.6027461364865303,0.6003087535500526,0.6030146330595016,0.6025492250919342,0.603654034435749,0.611510381102562,0.6136573329567909,0.6153650134801865,0.617041252553463,0.6061030775308609,0.6040038913488388,0.6057056188583374,0.09799660556018353,0.09725443739444017,0.09635363426059484,0.09596585389226675,0.09620872512459755,0.09484014566987753,0.09533006139099598,0.09291713684797287,0.09400947019457817,0.09459559805691242,0.09479567315429449,0.09394431579858065,0.09562301356345415,0.0959419347345829,0.0948761934414506,0.09520793054252863,0.09533113893121481,0.09615091606974602,0.09459535870701075,0.09604909550398588,0.0965057360008359,0.09776269923895597,0.09747787285596132,0.09497815649956465,0.09281841944903135,0.0920069757848978,0.09118883963674307,0.09057088475674391,0.09344934299588203,0.09447813034057617,0.09516103379428387,0.09484121669083834,0.09508006181567907,0.09765223227441311,0.09685494564473629,0.09506235551089048,0.09608054906129837,0.09731292445212603,0.0968338344246149,0.09761027153581381,0.09825779497623444,0.09655757993459702,0.09283027704805136,0.09062329027801752,0.09237211849540472,0.09607656765729189,0.09644437208771706,0.09527043678930827
SGF_RFW_ST4L20_PB,0,8,0.3212957183519999,0.25861545403798425,5.973508834838867,8.626233100891113,300.89946007728577,4701.55406370759,64,1920,7320,1140,25060,1140,3420,0.6406500861048698,0.641541488468647,0.6377402395009995,0.6270073503255844,0.6333160996437073,0.635589636862278,0.6396580711007118,0.6356213912367821,0.636845275759697,0.6321939453482628,0.6325396150350571,0.6377139687538147,0.645328976213932,0.6483602896332741,0.6498691290616989,0.6374368891119957,0.6390247568488121,0.636711522936821,0.6395063325762749,0.6417278423905373,0.6428152695298195,0.6402473971247673,0.636352613568306,0.6331339552998543,0.6407229080796242,0.6457808613777161,0.65019491314888,0.648888386785984,0.6419078409671783,0.6441747322678566,0.639371857047081,0.6374372616410255,0.6375089436769485,0.6408377438783646,0.63791823387146,0.6443509310483932,0.6515409871935844,0.6470603570342064,0.6424199193716049,0.6375994458794594,0.6390806511044502,0.6379759684205055,0.6472578644752502,0.646435484290123,0.6474753394722939,0.6472971215844154,0.651952251791954,0.652019373008183,0.34165680408477783,0.3365480974316597,0.3351930342614651,0.3424239903688431,0.33512400835752487,0.3336848169565201,0.33371010795235634,0.34099700674414635,0.34273186698555946,0.34705183655023575,0.34493597969412804,0.3427600637078285,0.3407343067228794,0.33796119317412376,0.3408505693078041,0.34997639432549477,0.3445092625916004,0.34360988438129425,0.33907778561115265,0.33665497973561287,0.33710525929927826,0.3419792391359806,0.3457391634583473,0.35165296867489815,0.3447180911898613,0.34318144991993904,0.34177304431796074,0.3400796726346016,0.342282947152853,0.34364430978894234,0.3532913438975811,0.3591126315295696,0.3547302894294262,0.35639164969325066,0.3626026324927807,0.3583475425839424,0.35098375752568245,0.3512427508831024,0.3536275438964367,0.35468680411577225,0.3510863184928894,0.3520891033113003,0.34694571420550346,0.349005114287138,0.3533608391880989,0.3479772172868252,0.3439824543893337,0.3378364784376962,0.155247014015913,0.15701055340468884,0.15969092212617397,0.15982603654265404,0.1616743616759777,0.16456752084195614,0.1646740436553955,0.1624691616743803,0.15865127556025982,0.16260150633752346,0.15924438647925854,0.15632551163434982,0.15728630498051643,0.1590943094342947,0.1613065917044878,0.1629091426730156,0.16044132970273495,0.1625924799591303,0.16168762557208538,0.16106917336583138,0.16235999576747417,0.16448743641376495,0.16778817772865295,0.17186442390084267,0.16714837402105331,0.16515338979661465,0.16451247967779636,0.1655827835202217,0.16649789921939373,0.16827280819416046,0.16855921410024166,0.16933431662619114,0.16849461570382118,0.17023009806871414,0.1745429877191782,0.17502973787486553,0.17194006778299809,0.1702928375452757,0.17420042678713799,0.17541064508259296,0.16894986853003502,0.1655102837830782,0.16186894662678242,0.16210883483290672,0.1721833497285843,0.17113551869988441,0.17284666746854782,0.1728199209485735
SGF_RFW_ST4L20_PB,1,8,0.31000471115112305,0.20957561333974206,7.430270671844482,9.141097068786621,301.09090423583984,4704.545378684998,64,1920,7320,1140,25060,1140,3420,0.502308800816536,0.5217564254999161,0.5494492799043655,0.5625669658184052,0.5679130852222443,0.5701025575399399,0.5550101771950722,0.5445944741368294,0.5448406785726547,0.5515196248888969,0.5496099293231964,0.5556427240371704,0.5630026310682297,0.563346840441227,0.5584778562188148,0.559538222849369,0.551754005253315,0.5464349538087845,0.551599033176899,0.5588877126574516,0.546057216823101,0.5504108816385269,0.5534787997603416,0.556383341550827,0.5533887520432472,0.5529392883181572,0.5567314177751541,0.5536467060446739,0.5515557155013084,0.5530963316559792,0.5516501218080521,0.5479714125394821,0.5299229249358177,0.5391519963741302,0.5316566973924637,0.5257258340716362,0.5313013643026352,0.5353704988956451,0.5316387042403221,0.5215904712677002,0.515874594449997,0.5217658579349518,0.5123694911599159,0.5196482464671135,0.5396053791046143,0.5539810135960579,0.544311635196209,0.5362827607563564,0.35572563856840134,0.34213973581790924,0.32608087733387947,0.321126826107502,0.31269462406635284,0.30499987304210663,0.31069908663630486,0.317984402179718,0.32022885233163834,0.31456993892788887,0.3187098316848278,0.31514421850442886,0.3098946362733841,0.30866244062781334,0.313902098685503,0.3111243396997452,0.3121827244758606,0.31532301381230354,0.31662192195653915,0.3140130564570427,0.319554191082716,0.31610889732837677,0.3177048787474632,0.3187737837433815,0.3179568648338318,0.31481747329235077,0.3107038028538227,0.3125741519033909,0.3185546100139618,0.325717318803072,0.32757139950990677,0.32675547525286674,0.3281373009085655,0.32830166071653366,0.32522036507725716,0.3314587324857712,0.33469942584633827,0.3335992060601711,0.3317463807761669,0.3300590440630913,0.32802756503224373,0.3258177377283573,0.33246273919939995,0.3314826935529709,0.3256508931517601,0.32278208807110786,0.32218746840953827,0.3307148686477116,0.1740827802568674,0.17060010507702827,0.1648178156465292,0.16723770461976528,0.16215303167700768,0.154501648619771,0.1587555706501007,0.16026758030056953,0.15792573988437653,0.1576404944062233,0.16456274688243866,0.16600347682833672,0.16865000873804092,0.16947543993592262,0.17018962651491165,0.16894428618252277,0.16604860685765743,0.16531404666602612,0.16491813957691193,0.1641614679247141,0.16541600227355957,0.16260400228202343,0.16463500633835793,0.1638051774352789,0.16171834245324135,0.16554118320345879,0.1683376170694828,0.16752283461391926,0.17012758925557137,0.1782136969268322,0.17529304325580597,0.17020687833428383,0.16247260943055153,0.15734190493822098,0.1535252071917057,0.15742463245987892,0.1629498489201069,0.16640877164900303,0.16787031292915344,0.16336659155786037,0.1567655298858881,0.15682966262102127,0.16028672456741333,0.16671663895249367,0.16079164668917656,0.1559103988111019,0.15485003776848316,0.1646114162036351
SGF_RFW_ST4L20_PB,2,8,0.22740028301874793,0.24241244792938232,6.0854573249816895,7.060934066772461,300.5740668773651,4696.46979495883,64,1920,7320,1140,25060,1140,3420,0.46695971116423607,0.4715312719345093,0.46829967200756073,0.4671081379055977,0.47437434270977974,0.46938779205083847,0.47639355063438416,0.4854893200099468,0.4905519410967827,0.48605777323246,0.4842110387980938,0.49133678898215294,0.49463001638650894,0.49867745861411095,0.4823277220129967,0.4823746010661125,0.47611435502767563,0.47883716225624084,0.48215896636247635,0.4899737872183323,0.49523134529590607,0.487108763307333,0.48941145464777946,0.48903362825512886,0.4807463251054287,0.4821379669010639,0.4859877973794937,0.47794727236032486,0.4803896024823189,0.48206427693367004,0.4858579896390438,0.4848388098180294,0.4849061481654644,0.4845922105014324,0.4840884320437908,0.4826398454606533,0.48822493478655815,0.4845680706202984,0.481821708381176,0.482473898679018,0.4811408594250679,0.4747602678835392,0.4769396260380745,0.474002119153738,0.4706578515470028,0.47769418731331825,0.4810730069875717,0.49032918895993916,0.3828454539179802,0.37833327427506447,0.3882232829928398,0.38594789803028107,0.37244684249162674,0.3699933923780918,0.3715115860104561,0.36591435223817825,0.36916836723685265,0.37691768631339073,0.3848251961171627,0.37543826550245285,0.3654698505997658,0.36219272762537,0.36780090630054474,0.36647985503077507,0.3733900971710682,0.3686399608850479,0.3649606369435787,0.3609040789306164,0.3595520853996277,0.36834608390927315,0.3644363284111023,0.36964794993400574,0.37160928174853325,0.3746141791343689,0.38055042177438736,0.3762141279876232,0.37069088965654373,0.367617703974247,0.36912839859724045,0.37248727306723595,0.3699440360069275,0.37140996381640434,0.37779343500733376,0.38475093618035316,0.38371432200074196,0.3854108043015003,0.3849952183663845,0.3778555803000927,0.3799189291894436,0.37971876561641693,0.37549932673573494,0.3749559223651886,0.3773992843925953,0.37546418607234955,0.3709482215344906,0.36264269266809734,0.14010667614638805,0.1473164763301611,0.14824513718485832,0.14408310130238533,0.14520356431603432,0.14203511737287045,0.14521339163184166,0.1406481582671404,0.14298653230071068,0.1465508919209242,0.14837148413062096,0.14795219898223877,0.14271525479853153,0.14534646831452847,0.14789614267647266,0.15133155696094036,0.14889314398169518,0.15142718330025673,0.14890738762915134,0.14663153886795044,0.1468195542693138,0.1479678750038147,0.14584041386842728,0.1500822715461254,0.1437884084880352,0.14314025826752186,0.14415131881833076,0.13909066654741764,0.1402477491647005,0.14438200928270817,0.14376947470009327,0.15149710327386856,0.15128365345299244,0.15146439895033836,0.15171708352863789,0.14559365436434746,0.1497242245823145,0.1476944461464882,0.1481153592467308,0.14726958610117435,0.1498470939695835,0.1489793062210083,0.14893122389912605,0.14586575329303741,0.14489171095192432,0.14350992254912853,0.14218639954924583,0.1463014440877097
SGF_RFW_ST4L20_PB,3,8,0.27820124228795373,0.2400273084640503,6.395055770874023,6.697845458984375,301.27989077568054,4707.4982933700085,64,1920,7320,1140,25060,1140,3420,0.5474485009908676,0.5580193027853966,0.558362327516079,0.556112639605999,0.5530812814831734,0.5533517226576805,0.5566678792238235,0.5562171265482903,0.5480127409100533,0.5526387467980385,0.5553546249866486,0.5615926310420036,0.5655589625239372,0.5624488294124603,0.5583900734782219,0.556225374341011,0.5595339685678482,0.5633605867624283,0.5662710666656494,0.5731736645102501,0.5694206058979034,0.5665265768766403,0.5612843558192253,0.5603549778461456,0.5651476830244064,0.5718501731753349,0.5751949474215508,0.5745330154895782,0.5679792687296867,0.5634345188736916,0.5558691248297691,0.5563294067978859,0.5575525015592575,0.5653673261404037,0.5657045841217041,0.5646961033344269,0.5625119581818581,0.5603476539254189,0.5612898841500282,0.5635549277067184,0.5545858219265938,0.5599434822797775,0.5602308288216591,0.5562838837504387,0.5608898401260376,0.5643312484025955,0.5657192543148994,0.5663767797606332,0.3658398501574993,0.3534308783710003,0.35378923639655113,0.3506431467831135,0.35021059960126877,0.35211900249123573,0.3551676385104656,0.35828323662281036,0.3614163212478161,0.3587026223540306,0.36338987946510315,0.36480262875556946,0.3620591536164284,0.36370034888386726,0.36382976546883583,0.36084285005927086,0.3580136150121689,0.35988711938261986,0.35990969836711884,0.35967425629496574,0.35615401715040207,0.3571602962911129,0.3584250286221504,0.358291108161211,0.3600883446633816,0.35926710069179535,0.3604525439441204,0.35652175173163414,0.35874366015195847,0.3601295277476311,0.36334264650940895,0.36450419947505,0.36612269282341003,0.36256128549575806,0.3615804575383663,0.3604271411895752,0.3586748279631138,0.35720228403806686,0.35783902555704117,0.36071761325001717,0.3633139729499817,0.3616692125797272,0.36221957579255104,0.36416468769311905,0.36175811663269997,0.3598904609680176,0.36020735651254654,0.3594952012811388,0.17811056040227413,0.17484571412205696,0.17633648589253426,0.17475292459130287,0.17370381578803062,0.17714276909828186,0.1742669679224491,0.16847225837409496,0.16607829183340073,0.17246295139193535,0.17898339964449406,0.1824050396680832,0.18155017122626305,0.1793294120579958,0.17377502098679543,0.1728932186961174,0.17189976200461388,0.17664575763046741,0.17915097437798977,0.17799761518836021,0.1731761358678341,0.17269000969827175,0.17474603466689587,0.1768961362540722,0.17884114012122154,0.17943508736789227,0.18057810701429844,0.17781251668930054,0.18039756081998348,0.18240037001669407,0.17997113429009914,0.17566567659378052,0.17464663088321686,0.1736966334283352,0.17710204608738422,0.180351410061121,0.17925971560180187,0.17898337915539742,0.1785778235644102,0.17963283695280552,0.17961773835122585,0.18050184659659863,0.17929654940962791,0.17703977599740028,0.1800299808382988,0.18134824559092522,0.180386396124959,0.17678205881799972
SGF_RFW_ST4L20_PB,0,9,0.21154286464055383,0.21096664667129517,4.555221080780029,4.703965663909912,301.0766370296478,4704.322453588247,64,1920,7320,1140,25060,1140,3420,0.48330458626151085,0.48293575271964073,0.4842321015894413,0.49086228758096695,0.4938379041850567,0.49220751225948334,0.49221374094486237,0.495280209928751,0.4933176450431347,0.4903309643268585,0.49231914803385735,0.4923870339989662,0.4937884286046028,0.494490597397089,0.49604909494519234,0.49930384010076523,0.49328383803367615,0.4936905615031719,0.4874382056295872,0.4872216731309891,0.4884633384644985,0.4894500561058521,0.4980275370180607,0.49608511850237846,0.48902367055416107,0.4908478558063507,0.48800164833664894,0.48809705302119255,0.48756105452775955,0.49051671475172043,0.49213707447052,0.49186814948916435,0.4930221252143383,0.49332141503691673,0.4927152656018734,0.4918820485472679,0.4934471622109413,0.4874477721750736,0.4923708997666836,0.4942238815128803,0.49513447657227516,0.4930431582033634,0.4930196702480316,0.49330364167690277,0.49328911304473877,0.49342871829867363,0.4931146427989006,0.49048041445868357,0.4508405029773712,0.4562728479504585,0.4558437131345272,0.4479907639324665,0.44751301407814026,0.4488925598561764,0.4457949511706829,0.44965141639113426,0.4516485743224621,0.4544203579425812,0.4536956511437893,0.45146365463733673,0.44869813323020935,0.45038092136383057,0.45358626544475555,0.4506610594689846,0.45599277690052986,0.45132774859666824,0.4543704353272915,0.4552292339503765,0.455735694617033,0.45779209583997726,0.4535291865468025,0.4535742998123169,0.4544396363198757,0.4542172737419605,0.4550582394003868,0.4559866040945053,0.46020564064383507,0.45495307072997093,0.452794823795557,0.4520596042275429,0.4485494904220104,0.449461217969656,0.4516027197241783,0.4524673596024513,0.44914381206035614,0.4513479955494404,0.45094650238752365,0.4521050527691841,0.45161329954862595,0.4508294276893139,0.45047131925821304,0.4506659135222435,0.4529799781739712,0.45296741276979446,0.4522412195801735,0.4518571410860334,0.052711864933371544,0.05712805688381195,0.05464737908914685,0.05579936597496271,0.05809933226555586,0.05754746310412884,0.05569871747866273,0.05550468619912863,0.055655097123235464,0.05639677681028843,0.057457263581454754,0.05562760354951024,0.056199905928224325,0.056338719092309475,0.05673143593594432,0.05698312819004059,0.05646370491012931,0.05604205001145601,0.05467804241925478,0.05450049648061395,0.055644565261900425,0.055644563399255276,0.057452680077403784,0.05570272542536259,0.05453957663848996,0.05525199184194207,0.05514683807268739,0.05556928180158138,0.05613740999251604,0.055718465242534876,0.055308692157268524,0.05633646808564663,0.05659932270646095,0.056516147684305906,0.055369682144373655,0.05467211967334151,0.055547666270285845,0.055730572901666164,0.056403075344860554,0.057100541424006224,0.05681628081947565,0.05491470079869032,0.055691071785986423,0.055686143692582846,0.05653525097295642,0.05569986812770367,0.055642932653427124,0.05529105290770531
SGF_RFW_ST4L20_PB,1,9,0.17836699883143103,0.16851971546808875,5.4461350440979,6.023728847503662,300.97456550598145,4702.72758603096,64,1920,7320,1140,25060,1140,3420,0.4860641807317734,0.4758196547627449,0.4815816469490528,0.484653003513813,0.49500471726059914,0.49368448182940483,0.4920217730104923,0.4994092881679535,0.4939758963882923,0.4925009123980999,0.49214260652661324,0.4946576692163944,0.4994073547422886,0.49969078227877617,0.4944775365293026,0.49290742725133896,0.5014459528028965,0.4894077181816101,0.4928020127117634,0.4991334453225136,0.49336858466267586,0.4886901415884495,0.4920189008116722,0.4942358359694481,0.4977121651172638,0.4975513555109501,0.49422524869441986,0.4910568855702877,0.499282393604517,0.4881210885941982,0.4947907589375973,0.49682556092739105,0.48527245223522186,0.48901253938674927,0.4934508241713047,0.4910247251391411,0.49533703550696373,0.49469735473394394,0.49124404788017273,0.4910820685327053,0.4968765079975128,0.48985085263848305,0.49296431615948677,0.49593156203627586,0.4932399354875088,0.4983030818402767,0.4932262562215328,0.49664149965558735,0.46437235176563263,0.4755621701478958,0.4727710075676441,0.47168437018990517,0.45692476630210876,0.4644096978008747,0.4620891772210598,0.45725420117378235,0.4659844674170017,0.46734513342380524,0.4648152254521847,0.46364566683769226,0.46477314084768295,0.46368108689785004,0.4669365994632244,0.46951742470264435,0.4624767005443573,0.467397965490818,0.466770526021719,0.4626685455441475,0.46375831589102745,0.47299961745738983,0.467430729418993,0.4643590599298477,0.4621632881462574,0.4623776637017727,0.46630777791142464,0.46939918398857117,0.45967939496040344,0.4716058447957039,0.46611909195780754,0.464627955108881,0.4730442240834236,0.4676773063838482,0.46280550956726074,0.4663502871990204,0.4722759388387203,0.4663866050541401,0.47328226268291473,0.4704921245574951,0.45935092493891716,0.4647819325327873,0.4661179967224598,0.46516475826501846,0.4649086147546768,0.4629428759217262,0.4648130461573601,0.463678206716265,0.061823437456041574,0.061339421197772026,0.06366029195487499,0.06884283944964409,0.06499650701880455,0.06781393568962812,0.06449602916836739,0.06579125672578812,0.06631118338555098,0.06549085769802332,0.0649734353646636,0.06686970684677362,0.0661514038220048,0.06520176772028208,0.0643543004989624,0.06333441380411386,0.06235060002654791,0.06805905047804117,0.06738262251019478,0.06694433279335499,0.06569541990756989,0.06570589262992144,0.06612859107553959,0.06621787417680025,0.06586952600628138,0.06649069022387266,0.06746856309473515,0.0656499546021223,0.06595042906701565,0.06746202800422907,0.06723684258759022,0.06479820888489485,0.06613814830780029,0.06458740402013063,0.06599152088165283,0.06701646465808153,0.0676999082788825,0.06589982844889164,0.0669446736574173,0.06933818012475967,0.06599612068384886,0.06582733243703842,0.06643292307853699,0.0650015901774168,0.06591178476810455,0.06591977551579475,0.06558666285127401,0.06475056228893143
SGF_RFW_ST4L20_PB,2,9,0.2066175937652588,0.2291933298110962,5.06742000579834,5.138146877288818,300.65341424942017,4697.70959764719,64,1920,7320,1140,25060,1140,3420,0.5510844737291336,0.5438461601734161,0.5501333996653557,0.5504427701234818,0.5477262958884239,0.5466262102127075,0.5534730553627014,0.5538555234670639,0.55271365493536,0.5532471910119057,0.5520003661513329,0.5544476509094238,0.5545744001865387,0.5586558058857918,0.5577976182103157,0.5557835102081299,0.5574045851826668,0.5564956292510033,0.5540842935442924,0.5494295209646225,0.5496334806084633,0.5555829778313637,0.5516478195786476,0.5568572878837585,0.5598400309681892,0.5548329800367355,0.5599715933203697,0.5540994480252266,0.556267999112606,0.5576534271240234,0.5554232522845268,0.553732268512249,0.5529383048415184,0.5512077510356903,0.5532522276043892,0.5513252019882202,0.5510061085224152,0.5548738688230515,0.5558298528194427,0.5578144267201424,0.5567464753985405,0.5563050583004951,0.5588331893086433,0.5543893799185753,0.5489210411906242,0.5483008697628975,0.5535506755113602,0.5556395735059466,0.4614446386694908,0.46624572947621346,0.4616071842610836,0.4613674469292164,0.46612444892525673,0.46944088116288185,0.46438122168183327,0.46373146399855614,0.46461400762200356,0.47047649696469307,0.47636811807751656,0.47794897109270096,0.4726860821247101,0.467450313270092,0.46356939896941185,0.46711907535791397,0.4684012196958065,0.4686356857419014,0.46864624693989754,0.4711301662027836,0.46768027171492577,0.4663386754691601,0.4726343937218189,0.46609988808631897,0.4638197645545006,0.4653008170425892,0.4620438367128372,0.4679240807890892,0.46559301018714905,0.46639201045036316,0.4684881679713726,0.46899763867259026,0.4671824872493744,0.4685743562877178,0.4670927822589874,0.4677315391600132,0.4673857018351555,0.466533150523901,0.4653894156217575,0.46661822125315666,0.4684153385460377,0.4684789516031742,0.46522895619273186,0.46620214357972145,0.4705117903649807,0.4708832576870918,0.4670054540038109,0.4643349477222988,0.06496013980358839,0.06511870492249727,0.06674862839281559,0.06888159923255444,0.06892052479088306,0.06653567124158144,0.0674747209995985,0.0671857912093401,0.06725281104445457,0.06686456967145205,0.06611401122063398,0.06632252596318722,0.06750501692295074,0.06441265624016523,0.06703639402985573,0.06760318204760551,0.06683642324060202,0.06768746394664049,0.0660750837996602,0.06578555703163147,0.06731192208826542,0.06709921266883612,0.06663765478879213,0.06792458519339561,0.06786359008401632,0.06757589988410473,0.06816081423312426,0.0669777886942029,0.06708063092082739,0.06699102837592363,0.0651962012052536,0.06581947021186352,0.06580270733684301,0.06542654149234295,0.06596066523343325,0.06686487141996622,0.0668035140261054,0.06788123212754726,0.06651933770626783,0.06532840337604284,0.06543295551091433,0.06464703287929296,0.06659748964011669,0.06768737360835075,0.06772944051772356,0.06807276327162981,0.06659470498561859,0.06675590894051961
SGF_RFW_ST4L20_PB,3,9,0.2536110281944275,0.26420094569524133,5.569323539733887,5.751101970672607,300.9895393848419,4702.961552888155,64,1920,7320,1140,25060,1140,3420,0.5136846303939819,0.5158672258257866,0.5127038359642029,0.5121122896671295,0.5080785639584064,0.5157850086688995,0.5158698409795761,0.5230811908841133,0.5226027444005013,0.5199866518378258,0.5234478935599327,0.5217418819665909,0.5200730487704277,0.5211874842643738,0.5181367993354797,0.513624906539917,0.5149558410048485,0.5185365825891495,0.5175332352519035,0.5170452073216438,0.5159134715795517,0.5143678262829781,0.5179533585906029,0.5163531452417374,0.5219120383262634,0.5194381326436996,0.5203447714447975,0.5172080025076866,0.5212056785821915,0.5173391029238701,0.5221298784017563,0.522494487464428,0.5205625891685486,0.5207265615463257,0.5228028148412704,0.5258424952626228,0.5260518789291382,0.5187729001045227,0.5192083045840263,0.5182087123394012,0.5212587639689445,0.5205495357513428,0.5214356184005737,0.5216011255979538,0.5176325738430023,0.5168189257383347,0.518868200480938,0.5185015797615051,0.4935086816549301,0.49253371357917786,0.4889705292880535,0.4897255562245846,0.4930539205670357,0.494622603058815,0.493841715157032,0.4911777898669243,0.4927920363843441,0.49614547938108444,0.49605129286646843,0.49898291751742363,0.49348635971546173,0.4938986413180828,0.49017439037561417,0.49684737995266914,0.4969659186899662,0.49673568829894066,0.49686912447214127,0.49637582153081894,0.49571461603045464,0.4963492564857006,0.4939623139798641,0.495550699532032,0.49161209538578987,0.4935986362397671,0.4954375848174095,0.4953053258359432,0.49427320808172226,0.4952927306294441,0.49447428435087204,0.4937257282435894,0.4954613409936428,0.4972306378185749,0.49324527755379677,0.4910487271845341,0.4923940822482109,0.496752817183733,0.49679336324334145,0.49578145518898964,0.4902700074017048,0.48916780576109886,0.49146436527371407,0.4926913045346737,0.4958626553416252,0.4980824552476406,0.49415697902441025,0.4962583822863443,0.05361341778188944,0.05659102136269212,0.05693809920921922,0.05816263007000089,0.05638929549604654,0.057339857798069715,0.05510020162910223,0.055655230302363634,0.05585655802860856,0.054757118225097656,0.05420620087534189,0.05506281601265073,0.05392099963501096,0.054128228686749935,0.052102875895798206,0.05514638079330325,0.05311808967962861,0.05251306714490056,0.05395771795883775,0.052805657498538494,0.05325805535539985,0.053534265607595444,0.05457525188103318,0.05249357456341386,0.05460126977413893,0.05361917335540056,0.052858736366033554,0.05233081430196762,0.05294446274638176,0.05356585746631026,0.053385884035378695,0.05493101663887501,0.053321948274970055,0.05385981360450387,0.057111437898129225,0.05413823761045933,0.054339632391929626,0.05346841225400567,0.05415306566283107,0.05305237788707018,0.05576826864853501,0.05604343442246318,0.055795447900891304,0.05474095186218619,0.05350230634212494,0.054451560601592064,0.05413220636546612,0.055163949728012085
SGF_RFW_ST4L20_PB,0,10,0.15107156833012902,0.1763229171435038,4.710827827453613,4.406309604644775,300.8007962703705,4700.012441724539,64,1920,7320,1140,25060,1140,3420,0.6703920811414719,0.6712612509727478,0.6695146262645721,0.6803388670086861,0.6943023651838303,0.6947992593050003,0.6861649230122566,0.6899233981966972,0.6890657842159271,0.6776870265603065,0.6769931390881538,0.6778681129217148,0.6888792216777802,0.6826659962534904,0.6866523623466492,0.6750990822911263,0.6878408491611481,0.6708236858248711,0.6868406906723976,0.691863901913166,0.6837534829974174,0.690240278840065,0.6903485134243965,0.6847468987107277,0.6822572574019432,0.6906248480081558,0.6888349205255508,0.6938436031341553,0.6897304356098175,0.6889309138059616,0.6851479336619377,0.6901234537363052,0.6832674667239189,0.6893603578209877,0.6976237967610359,0.6798733025789261,0.6769766062498093,0.6785067394375801,0.6836671605706215,0.6921908333897591,0.6928578317165375,0.6928546652197838,0.6873796880245209,0.6883008629083633,0.6920258924365044,0.6905678659677505,0.6885316669940948,0.6824043222836086,0.35379691049456596,0.357097789645195,0.35392892360687256,0.35189350321888924,0.33229735493659973,0.3406170979142189,0.3560401722788811,0.35310839861631393,0.3530097119510174,0.35332397371530533,0.3563416972756386,0.36143933609128,0.354975838214159,0.3548870123922825,0.3523140549659729,0.356802549213171,0.3601796254515648,0.37071138620376587,0.3486402742564678,0.3508934713900089,0.3607763424515724,0.35448672994971275,0.35389605164527893,0.35769229382276535,0.3582739979028702,0.3544890247285366,0.35344014689326286,0.3545369543135166,0.3515632636845112,0.35241635516285896,0.3543972373008728,0.35636837780475616,0.36680589616298676,0.3580049015581608,0.3467832952737808,0.36097702383995056,0.3550119064748287,0.35816335305571556,0.3571970611810684,0.3494104817509651,0.35075153410434723,0.35106510296463966,0.35569265857338905,0.352639552205801,0.3542817234992981,0.3521943837404251,0.3521249406039715,0.3528876943247659,0.05302885873243213,0.050952908117324114,0.05652102967724204,0.05277757393196225,0.05549569986760616,0.055249352008104324,0.055189641658216715,0.05421949364244938,0.05293837422505021,0.05300549790263176,0.055024655535817146,0.05545707466080785,0.05634694779291749,0.05219854507595301,0.055237422697246075,0.055686417035758495,0.05312992725521326,0.05374998925253749,0.054911709390580654,0.05606375215575099,0.056460991967469454,0.05969739519059658,0.059781250543892384,0.054044395219534636,0.05344887915998697,0.054813692811876535,0.05449710879474878,0.053029170259833336,0.055292663630098104,0.05436279671266675,0.053275720216333866,0.05516446894034743,0.053758530877530575,0.05366520071402192,0.05451689288020134,0.0528631592169404,0.05604451149702072,0.05484892660751939,0.05255349399521947,0.05818467680364847,0.053976367227733135,0.055481985211372375,0.05377833545207977,0.056529947090893984,0.055841588880866766,0.05263573629781604,0.05417190631851554,0.05467572435736656
SGF_RFW_ST4L20_PB,1,10,0.13183484474817908,0.1255038777987162,3.4494898319244385,3.6531143188476562,300.6507794857025,4697.668429464102,64,1920,7320,1140,25060,1140,3420,0.6486812755465508,0.6393838301301003,0.6488282307982445,0.652572326362133,0.650337740778923,0.6478834599256516,0.6539136171340942,0.6574896201491356,0.6588537618517876,0.6641265898942947,0.6681315675377846,0.6683285236358643,0.6638868153095245,0.6562388837337494,0.6506592929363251,0.6462549194693565,0.6569062620401382,0.6574050039052963,0.6546008065342903,0.6571408063173294,0.6611418947577477,0.6668185070157051,0.6638877913355827,0.6614317670464516,0.6627435758709908,0.6639631539583206,0.663649745285511,0.6627841591835022,0.6693941652774811,0.6696283668279648,0.66633240878582,0.6608627587556839,0.6541489884257317,0.6544596701860428,0.6568844467401505,0.6640980988740921,0.6557975485920906,0.6588041037321091,0.66374671459198,0.6615772247314453,0.6595188155770302,0.6651812791824341,0.6624022349715233,0.6598617136478424,0.6680439487099648,0.6656040698289871,0.6590603888034821,0.6562463981764657,0.3377748131752014,0.3435676842927933,0.33331402763724327,0.33284488692879677,0.33788203448057175,0.3387337327003479,0.336578905582428,0.3348589427769184,0.33262818679213524,0.3315788321197033,0.33330918103456497,0.32916783168911934,0.33350829780101776,0.33825359120965004,0.34342121332883835,0.34250716865062714,0.3379402384161949,0.34246648102998734,0.34644196555018425,0.34224697574973106,0.34318453818559647,0.33806122094392776,0.33719080314040184,0.3368105851113796,0.3367707245051861,0.33682309463620186,0.3357071913778782,0.3378904350101948,0.33264587447047234,0.33655664324760437,0.3381795175373554,0.33674540743231773,0.34455760568380356,0.34341952204704285,0.34158648550510406,0.3362949714064598,0.3400595337152481,0.34181347116827965,0.33418717235326767,0.3345545642077923,0.34117650613188744,0.3390364572405815,0.34197695180773735,0.3411310352385044,0.3274894319474697,0.3234478570520878,0.3348298594355583,0.33757601039750235,0.05328301480039954,0.0550333084538579,0.05501404590904713,0.06192611716687679,0.06182793900370598,0.05943230679258704,0.05927725741639733,0.05737652536481619,0.05710476264357567,0.054544917307794094,0.05674900487065315,0.05551763856783509,0.054814544040709734,0.057779920287430286,0.05626563215628266,0.05646229162812233,0.060265003237873316,0.05928916810080409,0.05894347047433257,0.057143019046634436,0.05930618569254875,0.06071252468973398,0.05916424933820963,0.05804457701742649,0.057899884413927794,0.05718514835461974,0.055812626611441374,0.05525931576266885,0.05495532974600792,0.05667596124112606,0.058730676770210266,0.05569814285263419,0.05539691308513284,0.05601816810667515,0.05382781755179167,0.05484632356092334,0.05714936228469014,0.05719283828511834,0.05591297568753362,0.05480689508840442,0.057209200225770473,0.055736007168889046,0.056577295530587435,0.057619170751422644,0.05509833758696914,0.05453599616885185,0.05665656412020326,0.0571997905416148
SGF_RFW_ST4L20_PB,2,10,0.15649465719858802,0.1454238096872965,5.483870983123779,2.7553296089172363,300.8444344997406,4700.694289058447,64,1920,7320,1140,25060,1140,3420,0.6360830217599869,0.6221189722418785,0.586052730679512,0.5894476473331451,0.5974279791116714,0.6019298806786537,0.6327855661511421,0.6302208751440048,0.6388483420014381,0.6389858946204185,0.6375684887170792,0.6370323672890663,0.6369391456246376,0.6359023675322533,0.6418969631195068,0.6418127864599228,0.6461997702717781,0.6450163647532463,0.6376472935080528,0.6357604414224625,0.6368548348546028,0.6395847871899605,0.6470991522073746,0.648528553545475,0.6463013365864754,0.6442825645208359,0.6421134620904922,0.6425959542393684,0.6386732682585716,0.6411028280854225,0.6422562077641487,0.6397856622934341,0.6390936449170113,0.6383304744958878,0.6465465277433395,0.6437526121735573,0.6456781029701233,0.6450399532914162,0.6401100233197212,0.6351924017071724,0.6332744881510735,0.6363506391644478,0.6466073393821716,0.6455873399972916,0.6436018943786621,0.6386945098638535,0.636488787829876,0.6369920969009399,0.3745502084493637,0.38515204191207886,0.3865479342639446,0.3875970095396042,0.3811781369149685,0.384196188300848,0.35412216931581497,0.37556537240743637,0.37997396290302277,0.3830079212784767,0.38318638131022453,0.38167523220181465,0.3765338659286499,0.3757135085761547,0.3756806217133999,0.3774988651275635,0.3761473335325718,0.38070597872138023,0.3836524672806263,0.3804955445230007,0.37926118820905685,0.3771824389696121,0.3700569197535515,0.3723628371953964,0.37280069291591644,0.37647705897688866,0.3760363608598709,0.3750793822109699,0.3782472237944603,0.37476298213005066,0.377676535397768,0.37654992938041687,0.37782924994826317,0.3706657625734806,0.36379310116171837,0.37607915326952934,0.3774326294660568,0.37317506968975067,0.3783079870045185,0.3794938996434212,0.3830927237868309,0.3810393661260605,0.37243617326021194,0.37123826518654823,0.3763980120420456,0.380782388150692,0.38275665044784546,0.37912048186574665,0.04044733662158251,0.041324925143271685,0.041904982179403305,0.04117709398269653,0.04176500625908375,0.03785348543897271,0.04404659941792488,0.04288066178560257,0.04427022021263838,0.043884800747036934,0.04210623446851969,0.04059850191697478,0.04172963881865144,0.042230851016938686,0.041387774515897036,0.04307322250679135,0.044788502622395754,0.044240796472877264,0.04263528995215893,0.04309910349547863,0.04163099452853203,0.04118557367473841,0.04321186896413565,0.04220381053164601,0.04386518336832523,0.042108326219022274,0.04117879457771778,0.042252914514392614,0.043561472557485104,0.04452490247786045,0.04339834302663803,0.043331779073923826,0.041232018265873194,0.041584912687540054,0.03932447079569101,0.04016157612204552,0.04093897435814142,0.041538034565746784,0.042822310235351324,0.04205205850303173,0.04247357835993171,0.04228023439645767,0.03921153023838997,0.04242337541654706,0.04157509468495846,0.042270267847925425,0.04247967340052128,0.04067367474947657
SGF_RFW_ST4L20_PB,3,10,0.16808720429738366,0.14257597923278809,5.0021538734436035,5.0420637130737305,302.1738963127136,4721.46712988615,64,1920,7320,1140,25060,1140,3420,0.5992071703076363,0.5941660329699516,0.600311890244484,0.5906163603067398,0.6042613759636879,0.5951164439320564,0.5992278158664703,0.6005894616246223,0.6043807566165924,0.606976754963398,0.6090461909770966,0.6131775453686714,0.6036609187722206,0.6094602644443512,0.596754401922226,0.5987798124551773,0.6101079434156418,0.6070627644658089,0.6046817973256111,0.6045943200588226,0.6161317229270935,0.6052044555544853,0.6116566359996796,0.6013067960739136,0.6092721149325371,0.6166351139545441,0.6040371060371399,0.6093345955014229,0.618144191801548,0.6126164123415947,0.618364155292511,0.604964092373848,0.6088497638702393,0.6061616465449333,0.6058035045862198,0.6053871810436249,0.6090224385261536,0.6033847779035568,0.609994500875473,0.617820143699646,0.6128271967172623,0.6135809496045113,0.6093272119760513,0.6153570711612701,0.6053733751177788,0.6169044151902199,0.6110779717564583,0.6118052772113255,0.40284251794219017,0.40517469495534897,0.41187525168061256,0.4114304594695568,0.3934549577534199,0.40061138570308685,0.39776359871029854,0.3968140110373497,0.39579838141798973,0.3980710543692112,0.39811303466558456,0.39995817095041275,0.3988485187292099,0.3951951265335083,0.4035521000623703,0.4012893885374069,0.398734200745821,0.3987963981926441,0.3993976190686226,0.39720773324370384,0.3909386321902275,0.39415232092142105,0.3946945443749428,0.3970832787454128,0.3943089284002781,0.3929102048277855,0.39740586280822754,0.3917957991361618,0.38953693956136703,0.3967738002538681,0.39342567324638367,0.39923424646258354,0.3971322067081928,0.39940086379647255,0.3994988016784191,0.39588451012969017,0.3943527080118656,0.3908141702413559,0.39012692123651505,0.389445673674345,0.3908405676484108,0.3963498957455158,0.3964761830866337,0.39394696429371834,0.3950880877673626,0.3927922286093235,0.39163973182439804,0.39089334436825346,0.061514447908848524,0.06298903422430158,0.06335318926721811,0.0708683468401432,0.06689322926104069,0.06494253454729915,0.06517640361562371,0.06911563780158758,0.06854398269206285,0.06657550809904933,0.0682376604527235,0.06510247383266687,0.07032694015651941,0.06632602587342262,0.06838337238878012,0.06887414399534464,0.06827646307647228,0.06816943269222975,0.07001107092946768,0.07039932999759912,0.0662172706797719,0.07069042883813381,0.06773699913173914,0.07246721256524324,0.0721149304881692,0.06951409671455622,0.06513081910088658,0.06967112515121698,0.06814308650791645,0.07022442016750574,0.06694371718913317,0.0654165418818593,0.0686468007043004,0.07089063059538603,0.06747611053287983,0.0721604386344552,0.072853890247643,0.07219614926725626,0.06730406731367111,0.06570798810571432,0.06970814056694508,0.06759243737906218,0.07270302623510361,0.06693639094009995,0.07052071765065193,0.06710079265758395,0.06723028421401978,0.0682700936283384
SGF_RFW_ST4L20_PB,0,11,0.2194362084070841,0.20675837993621826,8.45128059387207,8.889447212219238,300.78168869018555,4699.713885784149,64,1920,7320,1140,25060,1140,3420,0.7213926017284393,0.7213710248470306,0.723921425640583,0.7255762219429016,0.7224493771791458,0.7263056710362434,0.7279638350009918,0.7270098403096199,0.7263171300292015,0.7198441550135612,0.716348260641098,0.7097157314419746,0.7167341038584709,0.7232295200228691,0.7278721034526825,0.7286878228187561,0.7300417646765709,0.727740503847599,0.727160707116127,0.7306413426995277,0.7326500713825226,0.7334701418876648,0.728550061583519,0.7270278483629227,0.7263362258672714,0.7303563356399536,0.7326010763645172,0.7293778136372566,0.7278845906257629,0.7249620258808136,0.7254089266061783,0.7290289998054504,0.7322957366704941,0.7309674248099327,0.7314086481928825,0.7281306460499763,0.7283669263124466,0.7328544855117798,0.7326700240373611,0.7265796661376953,0.7308174222707748,0.7220061048865318,0.7257787138223648,0.7037993222475052,0.6956664174795151,0.6896781697869301,0.6934255212545395,0.7106395534106663,0.4020744077861309,0.40458333119750023,0.40693362057209015,0.404008187353611,0.40197188407182693,0.4010377638041973,0.4004655033349991,0.4047461859881878,0.40985097363591194,0.41200242191553116,0.4105989411473274,0.41352182999253273,0.41337643191218376,0.41341432929039,0.40840255469083786,0.4051808640360832,0.40518490597605705,0.41054069623351097,0.40987029671669006,0.4098496027290821,0.4067576788365841,0.40000009536743164,0.40168343484401703,0.405726570636034,0.40959880873560905,0.40523210540413857,0.40598369017243385,0.40537555515766144,0.4070517420768738,0.4072052054107189,0.4050442464649677,0.4049292132258415,0.40139878541231155,0.4028673321008682,0.4037640616297722,0.40394409745931625,0.40725432708859444,0.40120772644877434,0.4029201865196228,0.40696557611227036,0.40674854815006256,0.41058996319770813,0.4051765128970146,0.4097251631319523,0.4183693155646324,0.4240882359445095,0.42062530294060707,0.4117379231112344,0.04919397830963135,0.05239330884069204,0.05467339465394616,0.05601572711020708,0.05446370365098119,0.05535583570599556,0.0544169214554131,0.053721853997558355,0.05293714813888073,0.05371314752846956,0.054204463958740234,0.05623612180352211,0.055888993199914694,0.054501285776495934,0.05391634767875075,0.05343009764328599,0.05410797754302621,0.055284503381699324,0.056443034671247005,0.05563679151237011,0.053851695731282234,0.05367357702925801,0.05315789859741926,0.052746365778148174,0.054359023459255695,0.05304703488945961,0.05359714152291417,0.0535761876963079,0.053269537165760994,0.05300004221498966,0.0517654400318861,0.05393089586868882,0.05369255319237709,0.05389271769672632,0.0530824176967144,0.05306367250159383,0.052674146834760904,0.05298520624637604,0.05310164159163833,0.05331856291741133,0.05343245854601264,0.05430358974263072,0.05484647676348686,0.05451279319822788,0.057857674546539783,0.06088970648124814,0.060986647848039865,0.0566376123045172
SGF_RFW_ST4L20_PB,1,11,0.15526519219080603,0.16767195860544837,11.338391304016113,10.374149322509766,300.32396388053894,4692.561935633421,64,1920,7320,1140,25060,1140,3420,0.7452289015054703,0.7404831424355507,0.7438270449638367,0.7417244166135788,0.7435755878686905,0.7442217916250229,0.7460592538118362,0.7489533945918083,0.7498244643211365,0.7466975077986717,0.7502369433641434,0.749186784029007,0.7527185454964638,0.7502729296684265,0.7536155954003334,0.7493240535259247,0.7520499303936958,0.7548073679208755,0.7548499554395676,0.7543164640665054,0.7468796521425247,0.7439510747790337,0.7377338409423828,0.7465517520904541,0.7474159151315689,0.7458073943853378,0.7479385361075401,0.7467403709888458,0.7494865283370018,0.7492542490363121,0.7449396401643753,0.7394247055053711,0.7380860820412636,0.7394194453954697,0.7433015406131744,0.7473490610718727,0.750914104282856,0.7475188970565796,0.7478854209184647,0.7482034042477608,0.7501459196209908,0.7526151463389397,0.7518624812364578,0.7503971084952354,0.7487604692578316,0.7449509426951408,0.745859295129776,0.7459132075309753,0.37105974555015564,0.3821960613131523,0.3801025338470936,0.38496582582592964,0.38763873279094696,0.38249653205275536,0.37553801015019417,0.3768881931900978,0.3783837668597698,0.3870432525873184,0.38779405876994133,0.38313986733555794,0.38016780465841293,0.3809208497405052,0.37714649736881256,0.38197261467576027,0.3837378956377506,0.3810694217681885,0.3803219720721245,0.3797099441289902,0.38558852300047874,0.38927125930786133,0.39122718572616577,0.3839389607310295,0.38261378556489944,0.3830023817718029,0.38069431111216545,0.3817837983369827,0.37994829192757607,0.3778809607028961,0.38392767682671547,0.3881269283592701,0.3869797997176647,0.3837588243186474,0.3784390091896057,0.37830154225230217,0.3792293444275856,0.38249921798706055,0.38317812234163284,0.3818270340561867,0.38156527653336525,0.3803664296865463,0.38261640444397926,0.3819266967475414,0.380959689617157,0.38372088968753815,0.3828406557440758,0.38229159797940937,0.06079319538548589,0.06662909686565399,0.06823803018778563,0.07036000955849886,0.06939304154366255,0.0661346334964037,0.06373877357691526,0.06444191373884678,0.06469538062810898,0.06615713983774185,0.06802719086408615,0.06845108140259981,0.067555439658463,0.06571701914072037,0.06637405417859554,0.06661079730838537,0.0664446521550417,0.06749032624065876,0.06736528035253286,0.06778585072606802,0.06752862874418497,0.06905786786228418,0.06823936104774475,0.0673356456682086,0.06661426834762096,0.06760060135275126,0.06728207878768444,0.06537127261981368,0.06507167126983404,0.06571890041232109,0.066618911921978,0.06852920539677143,0.06864626705646515,0.06744923442602158,0.06551785953342915,0.06606967560946941,0.0660498570650816,0.06788470689207315,0.06716339848935604,0.06598791060969234,0.06667059008032084,0.06711481232196093,0.06712367292493582,0.06783140823245049,0.06601768359541893,0.06716274097561836,0.06654673721641302,0.06693991380078453
SGF_RFW_ST4L20_PB,2,11,0.1638819773991903,0.1622539758682251,8.638154983520508,9.562798500061035,301.76597785949707,4715.093404054642,64,1920,7320,1140,25060,1140,3420,0.7954718694090843,0.8051528111100197,0.8050332888960838,0.8005502447485924,0.8078669533133507,0.8046584501862526,0.808348573744297,0.8092901334166527,0.8077728301286697,0.8117595538496971,0.808875598013401,0.8126794993877411,0.8105915114283562,0.8108355328440666,0.8134848326444626,0.8058847039937973,0.8055036440491676,0.8027442693710327,0.8075742945075035,0.8043112456798553,0.8017766922712326,0.8004866391420364,0.7980172783136368,0.7953823581337929,0.8011957406997681,0.8007621690630913,0.8021147847175598,0.8002792298793793,0.8067967891693115,0.7992168441414833,0.7980546802282333,0.795882947742939,0.7988283783197403,0.7948677912354469,0.7934643924236298,0.7937256917357445,0.8003583252429962,0.7971517592668533,0.7977984249591827,0.7872011810541153,0.7902698069810867,0.7922431230545044,0.7994493991136551,0.7983718514442444,0.7925301641225815,0.7911163195967674,0.789417676627636,0.7909048114504132,0.3449578136205673,0.350922841578722,0.35399504005908966,0.3547154851257801,0.35270505398511887,0.3509327061474323,0.348888136446476,0.35117027908563614,0.3538585603237152,0.35640478134155273,0.3589244931936264,0.3555782623589039,0.3545577973127365,0.3530447520315647,0.3495539091527462,0.3557593300938606,0.35763440281152725,0.35840748250484467,0.3586023114621639,0.35788578167557716,0.35613539814949036,0.35696760565042496,0.3631145842373371,0.36713674291968346,0.3644045442342758,0.36213628202676773,0.35870154947042465,0.3594522587954998,0.3597084805369377,0.36045627668499947,0.3639627993106842,0.36088966205716133,0.36129043251276016,0.36349647864699364,0.3646337427198887,0.3682603947818279,0.3724372982978821,0.37454741075634956,0.3728357329964638,0.3732319511473179,0.3696903847157955,0.3673614673316479,0.3585745692253113,0.36273806169629097,0.3688725382089615,0.37145817279815674,0.3760043904185295,0.36938011220523287,0.07167592644691467,0.07325153984129429,0.07509560417383909,0.0786859979853034,0.08014607802033424,0.08074784092605114,0.07801330555230379,0.07695745583623648,0.07556963060051203,0.07533658389002085,0.07807029131799936,0.07889263145625591,0.07978631649166346,0.07778643444180489,0.07586664333939552,0.076964414678514,0.07841410394757986,0.07962092943489552,0.07954469975084066,0.07745942194014788,0.07799832709133625,0.07811354100704193,0.07696517650038004,0.07952336221933365,0.07964463159441948,0.0793094439432025,0.07842821255326271,0.07725803088396788,0.0779423862695694,0.07849757838994265,0.08134759031236172,0.08187385741621256,0.08107141591608524,0.08096677344292402,0.08118250593543053,0.0828426405787468,0.08296525664627552,0.0835145628079772,0.08330708555877209,0.08609029650688171,0.08726510871201754,0.08825607877224684,0.08494806848466396,0.0856403922662139,0.08503772132098675,0.08605804201215506,0.08883416280150414,0.09054704116923469
SGF_RFW_ST4L20_PB,3,11,0.1453390121459961,0.14778894186019897,8.61981201171875,9.31706428527832,300.8811137676239,4701.2674026191235,64,1920,7320,1140,25060,1140,3420,0.7483649253845215,0.7505337297916412,0.7489086017012596,0.7473235875368118,0.7495342344045639,0.754971906542778,0.7574072927236557,0.7558787912130356,0.7515822276473045,0.7471132352948189,0.7487748339772224,0.7492302432656288,0.7494014576077461,0.7485774829983711,0.7498128265142441,0.7478467747569084,0.7431232780218124,0.7317091748118401,0.735879935324192,0.7414040863513947,0.7429624870419502,0.7466182857751846,0.7490115165710449,0.7504260167479515,0.7507191598415375,0.7532702535390854,0.7576733753085136,0.7581952959299088,0.7549707740545273,0.755206473171711,0.751770906150341,0.7536702752113342,0.751556321978569,0.752672404050827,0.7512374147772789,0.7526759132742882,0.753412164747715,0.7533722147345543,0.7527073621749878,0.7530595734715462,0.7563212066888809,0.7535430565476418,0.7551160827279091,0.7536632865667343,0.7500540763139725,0.7498611509799957,0.7511143013834953,0.7524525097438267,0.3969293050467968,0.4040610156953335,0.4081401340663433,0.40929123386740685,0.40900546312332153,0.4004160985350609,0.39627663418650627,0.3980054408311844,0.40384842827916145,0.4096020236611366,0.40820376947522163,0.40635064244270325,0.4032980315387249,0.40364689007401466,0.4009959250688553,0.40489766374230385,0.4075174257159233,0.4117048569023609,0.4076463505625725,0.4101564362645149,0.41034599393606186,0.4088325500488281,0.4063821956515312,0.4040161482989788,0.4053301028907299,0.40075770393013954,0.3994416333734989,0.40040701255202293,0.4019319638609886,0.4028668813407421,0.4039193093776703,0.4042694605886936,0.40492672100663185,0.4020831435918808,0.40176258236169815,0.4019125886261463,0.40283678472042084,0.405402235686779,0.4038543328642845,0.4028154946863651,0.40014322102069855,0.40183093771338463,0.40173524618148804,0.40127619728446007,0.4046725034713745,0.4054575636982918,0.4058438688516617,0.40243737612451824,0.07109433691948652,0.07422403711825609,0.07578832283616066,0.07778105046600103,0.08034404367208481,0.07797067798674107,0.07583838980644941,0.07637886796146631,0.07392778620123863,0.07626559399068356,0.0766223818063736,0.07641231175512075,0.07671567797660828,0.07435801438987255,0.07548850402235985,0.07709275931119919,0.07631628774106503,0.07683643698692322,0.07802026532590389,0.0781375216320157,0.07686701510101557,0.07669065799564123,0.07711603119969368,0.0768080223351717,0.0761785339564085,0.07641459256410599,0.07547459658235312,0.07524193823337555,0.07551592495292425,0.0757380211725831,0.07669499702751637,0.07694017235189676,0.07587759755551815,0.07586321793496609,0.0765902940183878,0.07656661979854107,0.0754034984856844,0.07680160086601973,0.07631163392215967,0.07556833419948816,0.07464924361556768,0.07517109159380198,0.07646597363054752,0.07592849899083376,0.07634414080530405,0.07648637145757675,0.07729320507496595,0.07581473993403572
SGF_RFW_ST4L20_PB,0,12,0.21679594119389856,0.1583444277445475,9.776826858520508,10.686385154724121,300.44981598854065,4694.528374820948,64,1920,7320,1140,25060,1140,3420,0.45376431569457054,0.45924607664346695,0.44484661519527435,0.454279575496912,0.455458577722311,0.4609737880527973,0.4603782929480076,0.4481683261692524,0.43555090576410294,0.4408029019832611,0.4392100013792515,0.4345844201743603,0.4336743950843811,0.45024479180574417,0.463025763630867,0.4764605797827244,0.47544926404953003,0.47038066014647484,0.47326431795954704,0.4721541665494442,0.4727250635623932,0.47610845789313316,0.49673672765493393,0.5023756176233292,0.49843792244791985,0.49810249358415604,0.514082781970501,0.5101723819971085,0.5198082700371742,0.5363266691565514,0.5432108715176582,0.547944687306881,0.5283994004130363,0.48944686353206635,0.46618829295039177,0.47020238265395164,0.4458557032048702,0.44900330156087875,0.44710224121809006,0.4419460706412792,0.4377661384642124,0.4504246674478054,0.458943247795105,0.4792112931609154,0.478863712400198,0.4372013472020626,0.46564629301428795,0.49946262155260357,0.4162282980978489,0.4271877855062485,0.4339571185410023,0.4348917677998543,0.4400516077876091,0.4232821390032768,0.42854243144392967,0.43130476772785187,0.4311462454497814,0.43848656117916107,0.4501310624182224,0.4508627839386463,0.4541732147336006,0.44031186401844025,0.42976880073547363,0.4221532754600048,0.42967981845140457,0.4443267807364464,0.44163400307297707,0.4417133741080761,0.45514799654483795,0.4503287933766842,0.4390708915889263,0.42824846506118774,0.41864025220274925,0.420813862234354,0.4176075793802738,0.4221131317317486,0.41803954914212227,0.4207901768386364,0.4233030863106251,0.4240154027938843,0.43222807347774506,0.4456057846546173,0.4417840912938118,0.43094420060515404,0.43302348256111145,0.4310457222163677,0.4316443167626858,0.43291405588388443,0.43656595051288605,0.4270206652581692,0.4227838031947613,0.4200027249753475,0.4207647703588009,0.4417278990149498,0.43256353959441185,0.4309251308441162,0.1430093590170145,0.1420682929456234,0.14562132395803928,0.14990277774631977,0.14929764904081821,0.14538215473294258,0.14432496763765812,0.13481618650257587,0.1330951824784279,0.13730293326079845,0.14843239076435566,0.1464567333459854,0.13994703255593777,0.13714522309601307,0.13932542316615582,0.14158265478909016,0.14253725297749043,0.1468865480273962,0.14497348852455616,0.14052904583513737,0.14034981280565262,0.14530283957719803,0.1461157165467739,0.14505880512297153,0.14321571215987206,0.13910549692809582,0.14088250324130058,0.1431882232427597,0.1436932310461998,0.14644578844308853,0.14486804977059364,0.1416047401726246,0.13501202501356602,0.1315317489206791,0.13326195813715458,0.1281091533601284,0.12622216809540987,0.12792915105819702,0.13190780207514763,0.13868167996406555,0.13139263167977333,0.13012566789984703,0.13132249005138874,0.1337666902691126,0.13371013663709164,0.13347038254141808,0.13511791452765465,0.13648782457624162
SGF_RFW_ST4L20_PB,1,12,0.29894347985585534,0.2842748165130615,8.1638822555542,11.018118858337402,300.2741150856018,4691.783048212528,64,1920,7320,1140,25060,1140,3420,0.5105878040194511,0.5185489729046822,0.5173502489924431,0.5304717496037483,0.5311126783490181,0.523554340004921,0.5238388851284981,0.5258357599377632,0.5195801332592964,0.4969470575451851,0.4984423257410526,0.49922921136021614,0.49311450123786926,0.4970472753047943,0.5100573226809502,0.5190547481179237,0.5216245651245117,0.5203281044960022,0.5128473415970802,0.5118866488337517,0.5220546871423721,0.5482326820492744,0.5396011918783188,0.5255234390497208,0.49758002161979675,0.4777386039495468,0.47761813923716545,0.4736625514924526,0.48301418125629425,0.49707794934511185,0.4758155345916748,0.4732647128403187,0.4818056561052799,0.4848746620118618,0.5159704051911831,0.530163936316967,0.5221392810344696,0.5118897184729576,0.4978746213018894,0.4929478317499161,0.5064792409539223,0.5241882130503654,0.49363450706005096,0.48593633249402046,0.49592671170830727,0.493856705725193,0.48553666472435,0.48309872831617084,0.3768329843878746,0.3732621371746063,0.36703459173440933,0.35604773461818695,0.35106348991394043,0.3550672009587288,0.3628150336444378,0.3638781048357487,0.3711126111447811,0.3771130405366421,0.3711147606372833,0.36671195551753044,0.3644229955971241,0.36300838738679886,0.37746939435601234,0.37456056848168373,0.37564416602253914,0.362943097949028,0.3615654520690441,0.3492811731994152,0.3525743819773197,0.35412508249282837,0.3584575317800045,0.3603202812373638,0.3735211379826069,0.3679381161928177,0.3621939942240715,0.375335942953825,0.37176463752985,0.372949805110693,0.3769732564687729,0.37776386737823486,0.36916032806038857,0.36872927099466324,0.35389938950538635,0.355973731726408,0.3603362366557121,0.3604671321809292,0.36254816874861717,0.36509982123970985,0.3642199859023094,0.3596762344241142,0.3581666201353073,0.3715416491031647,0.3678957335650921,0.3701583631336689,0.35574017837643623,0.355423914534705,0.16185258328914642,0.16708381287753582,0.16910728067159653,0.16870797239243984,0.1668613851070404,0.1621945258229971,0.15973394364118576,0.15789939649403095,0.15745384246110916,0.16395492665469646,0.16903731599450111,0.16104929335415363,0.16077292896807194,0.15731181390583515,0.16969838552176952,0.16758785396814346,0.16412809677422047,0.16298587061464787,0.16024067997932434,0.15387437865138054,0.16197706758975983,0.1591838989406824,0.15305684134364128,0.14837650768458843,0.15119105577468872,0.15130188316106796,0.1541608702391386,0.16063447296619415,0.16467529721558094,0.16541598550975323,0.16356053203344345,0.1675291620194912,0.16411661729216576,0.15703141503036022,0.15200031362473965,0.15273967571556568,0.15387286618351936,0.15436933375895023,0.15957426093518734,0.16041958145797253,0.16124138236045837,0.1567041352391243,0.15987166948616505,0.15671043656766415,0.15773599967360497,0.1651415415108204,0.16411754861474037,0.16578991072518484
SGF_RFW_ST4L20_PB,2,12,0.16547107696533203,0.14490493138631189,11.150979042053223,11.965226173400879,301.0399432182312,4703.7491127848625,64,1920,7320,1140,25060,1140,3420,0.4430379308760166,0.4962235353887081,0.5284050852060318,0.5604223683476448,0.5678696557879448,0.5526773743331432,0.49058694764971733,0.4821127727627754,0.4473895691335201,0.46254410594701767,0.4726391062140465,0.48958320543169975,0.4650713875889778,0.46414292231202126,0.47026725858449936,0.45072394236922264,0.4629776328802109,0.4910654239356518,0.48798566684126854,0.4892606548964977,0.4732077643275261,0.47340429201722145,0.5013275854289532,0.502186119556427,0.4931584894657135,0.45633383095264435,0.4515545442700386,0.4497365728020668,0.45465266704559326,0.4768086411058903,0.4794054590165615,0.465408556163311,0.4511655792593956,0.4531598724424839,0.4671630859375,0.47475970163941383,0.4807073101401329,0.4676002785563469,0.4748598709702492,0.4783993326127529,0.46688227728009224,0.44500352442264557,0.4586046524345875,0.4500824958086014,0.41768329218029976,0.4236796759068966,0.43149060755968094,0.439008640391486,0.39506958797574043,0.3900661766529083,0.3830886408686638,0.3628361038863659,0.33830922842025757,0.3492424488067627,0.3958241380751133,0.4004262797534466,0.4102701395750046,0.4082316495478153,0.40234141424298286,0.40412355586886406,0.41557543724775314,0.41973278671503067,0.4182550460100174,0.4289708696305752,0.42995089292526245,0.4049939252436161,0.4024083726108074,0.3930023983120918,0.3710518404841423,0.367871779948473,0.37278393656015396,0.3852757662534714,0.39854129031300545,0.4216485433280468,0.43225228041410446,0.42795151099562645,0.4251139536499977,0.41153867542743683,0.4198080562055111,0.4276864640414715,0.4366721995174885,0.4271281510591507,0.4146592281758785,0.39965176954865456,0.4048960581421852,0.40819522738456726,0.4140647277235985,0.41607316955924034,0.41946569085121155,0.42660120874643326,0.42641937360167503,0.42911991477012634,0.4394400082528591,0.4520196206867695,0.4482277110219002,0.424601035458701,0.1530391462147236,0.15853022038936615,0.15978249534964561,0.15304254740476608,0.14681865833699703,0.15015272796154022,0.15273060835897923,0.15862669982016087,0.15658719651401043,0.1503180991858244,0.14740237034857273,0.14725234732031822,0.15086088702082634,0.15322011336684227,0.1448498722165823,0.14710833691060543,0.14898978546261787,0.14704984240233898,0.15275314636528492,0.14716103300452232,0.14383280649781227,0.1464456357061863,0.1459815800189972,0.14790518395602703,0.1479800119996071,0.14836227893829346,0.15335270576179028,0.1528551299124956,0.15541371703147888,0.15493165142834187,0.1491156369447708,0.14996989257633686,0.15863529033958912,0.16239899024367332,0.1643905770033598,0.15779738500714302,0.1574647556990385,0.15459425188601017,0.15509379282593727,0.156077416613698,0.1543179340660572,0.1533127035945654,0.15915081091225147,0.1607644483447075,0.15227811597287655,0.14801885932683945,0.14716934226453304,0.1465981283358165
SGF_RFW_ST4L20_PB,3,12,0.28042523066202796,0.2302645345528921,11.071268081665039,13.666934967041016,300.83853483200073,4700.602106750011,64,1920,7320,1140,25060,1140,3420,0.4901483692228794,0.5174795016646385,0.5403259620070457,0.5515290573239326,0.5390061587095261,0.5291919857263565,0.5244185402989388,0.5036934241652489,0.49567146226763725,0.4889788068830967,0.4950120225548744,0.502572126686573,0.49832550808787346,0.4990280382335186,0.5053991265594959,0.4844158701598644,0.4759613201022148,0.4779815301299095,0.4937923178076744,0.504581905901432,0.5346285738050938,0.5538453385233879,0.5429427847266197,0.5497293174266815,0.5314629375934601,0.5324849784374237,0.5455303564667702,0.5318156853318214,0.5471808463335037,0.5429657101631165,0.5255207493901253,0.5124691352248192,0.5001423619687557,0.4907093718647957,0.49544261395931244,0.5074577778577805,0.5316723883152008,0.5262350738048553,0.5168529078364372,0.5124158635735512,0.5117947533726692,0.5228700414299965,0.5223085954785347,0.5176373049616814,0.5236788019537926,0.5285321995615959,0.5239273607730865,0.5318465828895569,0.4136146679520607,0.4021848179399967,0.39398588985204697,0.39519520103931427,0.40563787147402763,0.4054510332643986,0.4071988984942436,0.4282560162246227,0.4381360709667206,0.46290837973356247,0.46046507731080055,0.4529552683234215,0.43642883747816086,0.42408348992466927,0.4304819107055664,0.4428322985768318,0.43116768077015877,0.4161679372191429,0.4049051031470299,0.39714108780026436,0.3761547841131687,0.36998461559414864,0.3937898427248001,0.3950609527528286,0.39911796152591705,0.4021342881023884,0.4062141291797161,0.41764580085873604,0.4047519899904728,0.4085405021905899,0.4048180766403675,0.41463951021432877,0.4298265762627125,0.42756466940045357,0.4336799792945385,0.43333373218774796,0.41647444665431976,0.40706080198287964,0.41400087252259254,0.42398979514837265,0.41201405227184296,0.407234538346529,0.4025035798549652,0.40390973165631294,0.4027540758252144,0.40145113319158554,0.4043241888284683,0.39924606680870056,0.15261447243392467,0.15723608247935772,0.15738001465797424,0.1507758814841509,0.14360012114048004,0.14235253259539604,0.1514944676309824,0.1581329945474863,0.15799335949122906,0.15461112931370735,0.14427043125033379,0.1488464754074812,0.15685226768255234,0.16130871884524822,0.16273968294262886,0.16187347657978535,0.17093724384903908,0.16991929523646832,0.16811836510896683,0.16045081615447998,0.15176068991422653,0.15122463181614876,0.15325810573995113,0.15805059112608433,0.15835768543183804,0.1597970575094223,0.1636725291609764,0.16177577525377274,0.1539437398314476,0.15043895319104195,0.15313165448606014,0.16036189533770084,0.16927801631391048,0.16781214624643326,0.16957226023077965,0.1693617608398199,0.16622860357165337,0.16562055051326752,0.15934434719383717,0.15589002333581448,0.1551001351326704,0.15405674651265144,0.15040170587599277,0.15466364473104477,0.15726070664823055,0.1583255771547556,0.15987086482346058,0.16207345681531088
SGF_RFW_ST4L20_PB,0,13,0.30144157012303674,0.3458801209926605,6.03113317489624,7.3378682136535645,299.9070007801056,4686.04688718915,64,1920,7320,1140,25060,1140,3420,0.520179383456707,0.530123695731163,0.5350012928247452,0.5381120592355728,0.5297244191169739,0.5301054045557976,0.5326392278075218,0.5322583019733429,0.5347218066453934,0.5307145863771439,0.5281632468104362,0.5243786051869392,0.5235568508505821,0.5271730348467827,0.5312456488609314,0.5267175137996674,0.5259942784905434,0.52531548589468,0.5332868099212646,0.5324200764298439,0.5329025536775589,0.5315339416265488,0.5324824824929237,0.5305198356509209,0.5263091772794724,0.5297223180532455,0.5302629768848419,0.5296814814209938,0.5248652547597885,0.5298904404044151,0.532235212624073,0.5352463200688362,0.5341406166553497,0.5295756980776787,0.5319607108831406,0.5314062014222145,0.5309793725609779,0.5309945419430733,0.5305062085390091,0.5364115685224533,0.5311367511749268,0.529710091650486,0.5300473421812057,0.5281400233507156,0.5290578156709671,0.5281044095754623,0.5286392420530319,0.5271338054112026,0.512193076312542,0.5116659849882126,0.5082894563674927,0.5062118843197823,0.5109253898262978,0.5120608881115913,0.5123312920331955,0.5131721198558807,0.5114468187093735,0.516581729054451,0.5150052532553673,0.5181798040866852,0.5192951858043671,0.5170437544584274,0.5115411207079887,0.5167826116085052,0.5188943073153496,0.5202521309256554,0.5138293877243996,0.5163097232580185,0.5168811827898026,0.5169920846819878,0.5185580030083656,0.5201148390769958,0.51999132335186,0.5155734717845917,0.5138803794980049,0.5162605792284012,0.5215381160378456,0.5210088789463043,0.5193829610943794,0.5167563334107399,0.5151324272155762,0.519259475171566,0.51933753490448,0.5203233361244202,0.5183221325278282,0.5159956514835358,0.5168417915701866,0.51045723259449,0.5147681534290314,0.5183360800147057,0.5183566436171532,0.5192521959543228,0.5208549499511719,0.5231075659394264,0.5204698741436005,0.5224922895431519,0.12977777607738972,0.13476866856217384,0.13740398921072483,0.1424604281783104,0.14213098026812077,0.1442411784082651,0.14440123550593853,0.14463452249765396,0.14236616156995296,0.1439811997115612,0.14308523572981358,0.14204981736838818,0.1397242173552513,0.1390806995332241,0.1369058471173048,0.14192105270922184,0.14408019185066223,0.14439021609723568,0.14265087619423866,0.14554370567202568,0.1443135105073452,0.14548949152231216,0.14360698871314526,0.14270413853228092,0.14356685802340508,0.14308240078389645,0.14246388338506222,0.14075228199362755,0.1440256405621767,0.14518992975354195,0.14567510969936848,0.14645666256546974,0.14614527113735676,0.1422228030860424,0.1427908893674612,0.14520048536360264,0.14489134028553963,0.14282052405178547,0.14551156386733055,0.1442955993115902,0.14369649067521095,0.14303036965429783,0.14222079515457153,0.1416984498500824,0.14278152957558632,0.14134558103978634,0.14185279048979282,0.14269129931926727
SGF_RFW_ST4L20_PB,1,13,0.27540413538614905,0.2754570245742798,3.913811683654785,4.469620227813721,300.2623953819275,4691.599927842617,64,1920,7320,1140,25060,1140,3420,0.6798727363348007,0.6926781311631203,0.696109801530838,0.6947798281908035,0.6945832222700119,0.6899523213505745,0.6843605414032936,0.6828883662819862,0.681173712015152,0.6856213361024857,0.6851811483502388,0.6904335841536522,0.683090828359127,0.681837223470211,0.6868727505207062,0.6877453178167343,0.68653155118227,0.6863837987184525,0.6869643852114677,0.6890982687473297,0.6888598576188087,0.6855608820915222,0.688617117702961,0.6901505514979362,0.6892328336834908,0.6820965185761452,0.6803687810897827,0.6795655712485313,0.6835635975003242,0.6820927783846855,0.6816263496875763,0.6840831935405731,0.686490423977375,0.6900643333792686,0.6877033486962318,0.6864414811134338,0.6886646002531052,0.6923022866249084,0.690753661096096,0.6876594349741936,0.6890247985720634,0.6887681409716606,0.6893061697483063,0.6868523880839348,0.6921766996383667,0.6942854449152946,0.691939689218998,0.687768851007734,0.4226551204919815,0.4205183982849121,0.4187476374208927,0.4180944636464119,0.41672171652317047,0.42038559541106224,0.42481105402112007,0.4230172857642174,0.4252952113747597,0.4249800145626068,0.42527759820222855,0.42527903243899345,0.4328726716339588,0.4290279224514961,0.4234035052359104,0.42406370490789413,0.42490218579769135,0.43025384098291397,0.4277649000287056,0.4269695058465004,0.4291093721985817,0.4288948364555836,0.4263046830892563,0.4263669215142727,0.42851608619093895,0.4312579892575741,0.4309411607682705,0.42800072208046913,0.4247215948998928,0.42964911088347435,0.433648269623518,0.42979366704821587,0.43027884140610695,0.42627503350377083,0.4328908771276474,0.43267571926116943,0.4266645163297653,0.42297228425741196,0.42774827033281326,0.4286762364208698,0.4274188503623009,0.4277305640280247,0.42562806978821754,0.42509618028998375,0.4254834055900574,0.4230123683810234,0.42431942746043205,0.4278505061353956,0.13239101506769657,0.13441189751029015,0.13404449075460434,0.13793139345943928,0.14098192751407623,0.1421841625124216,0.13929184898734093,0.13798296265304089,0.1372187826782465,0.1389442626386881,0.1360766403377056,0.1363816037774086,0.1379564106464386,0.13598533906042576,0.13443027436733246,0.13574451953172684,0.13803848065435886,0.14042213931679726,0.13768736086785793,0.13575728796422482,0.1379542388021946,0.13843361102044582,0.13740124739706516,0.1399082224816084,0.14277133345603943,0.14123169519007206,0.13908946327865124,0.1373912151902914,0.13779745437204838,0.13583159632980824,0.13831013813614845,0.14358186163008213,0.1446286030113697,0.14792821928858757,0.15040873922407627,0.14586863480508327,0.14111056178808212,0.14081582613289356,0.1421589683741331,0.14068026840686798,0.14076628722250462,0.1408616304397583,0.13918204978108406,0.1379295513033867,0.1418682299554348,0.14208468608558178,0.14113092981278896,0.1392600451196943
SGF_RFW_ST4L20_PB,2,13,0.11634610096613562,0.123487134774526,6.771746635437012,7.249290943145752,300.61455821990967,4697.102472186089,64,1920,7320,1140,25060,1140,3420,0.5993076488375664,0.6023573726415634,0.5959826409816742,0.5962858647108078,0.5947148948907852,0.5900253355503082,0.5925431922078133,0.5876663997769356,0.5871735587716103,0.5971013605594635,0.5924113765358925,0.5882348269224167,0.5928613319993019,0.5960643962025642,0.6009187400341034,0.6079867258667946,0.6032198071479797,0.5998401418328285,0.6014083996415138,0.5908199846744537,0.591572716832161,0.5929206237196922,0.5911844596266747,0.5853477045893669,0.593734972178936,0.6052643656730652,0.6019180566072464,0.5947630777955055,0.6039842292666435,0.6095310673117638,0.6036389023065567,0.5992433950304985,0.5921795964241028,0.5859643220901489,0.5886011943221092,0.5851620808243752,0.5931056067347527,0.5935636609792709,0.590479888021946,0.585455559194088,0.5843698009848595,0.5854685232043266,0.5885505899786949,0.6004444360733032,0.6061837822198868,0.6071581244468689,0.6072030961513519,0.6008970992905753,0.47802894189953804,0.48377959430217743,0.4881823770701885,0.48613038659095764,0.4886905774474144,0.48669272661209106,0.4855787865817547,0.4912783317267895,0.4938121698796749,0.49086296558380127,0.4950365982949734,0.4977794885635376,0.4965764619410038,0.4921907149255276,0.49129433557391167,0.48839541897177696,0.4916532300412655,0.4922923520207405,0.48852624744176865,0.4881918504834175,0.49064284935593605,0.4919394440948963,0.4967348240315914,0.5030345991253853,0.4966082312166691,0.4900585561990738,0.4905879385769367,0.4992508068680763,0.4963831901550293,0.49209368973970413,0.4893105886876583,0.490106713026762,0.49557287245988846,0.502072162926197,0.49897458404302597,0.496258731931448,0.4939395971596241,0.48859383538365364,0.4899006821215153,0.49382908269762993,0.4924456849694252,0.49149015173316,0.48654695972800255,0.48255540058016777,0.4842377007007599,0.4830636903643608,0.48468222841620445,0.4889480982507978,0.12694929912686348,0.1349920965731144,0.13722443394362926,0.14013240858912468,0.1451302170753479,0.1437403466552496,0.13406400382518768,0.13596205040812492,0.1384660080075264,0.13355599530041218,0.1344688981771469,0.13473560102283955,0.13510601967573166,0.1315348520874977,0.1338316984474659,0.135598411783576,0.1366935893893242,0.13225953467190266,0.13518439419567585,0.1392207033932209,0.13931064866483212,0.14091700688004494,0.13967382349073887,0.13701956160366535,0.14036846347153187,0.1393099632114172,0.14251013100147247,0.13664087280631065,0.13964140228927135,0.14535809494554996,0.14692784659564495,0.1417780127376318,0.13615015521645546,0.13629448972642422,0.13896550983190536,0.13958344422280788,0.13387806713581085,0.14135711826384068,0.1423612628132105,0.13791502080857754,0.13881520740687847,0.14284773543477058,0.1388918999582529,0.13296049274504185,0.1317165344953537,0.13590714521706104,0.13975662924349308,0.13808206362383707
SGF_RFW_ST4L20_PB,3,13,0.3168967167536417,0.32826608419418335,4.683741092681885,5.491330146789551,300.8962161540985,4701.503377407789,64,1920,7320,1140,25060,1140,3420,0.629777230322361,0.6374641805887222,0.6384002342820168,0.6234035268425941,0.6221432760357857,0.6231199949979782,0.6253497377038002,0.6264896243810654,0.6289879381656647,0.6275115758180618,0.624011680483818,0.6258486360311508,0.6269215121865273,0.6235630288720131,0.629227839410305,0.634085051715374,0.6334905102849007,0.6292426213622093,0.627481110394001,0.6265558674931526,0.6263759508728981,0.6291709542274475,0.6308085098862648,0.6300470009446144,0.6269708126783371,0.627349279820919,0.6300619766116142,0.6279820501804352,0.6299852132797241,0.6300909295678139,0.6280395612120628,0.6315104588866234,0.6317185461521149,0.6280497908592224,0.6236180439591408,0.6198716834187508,0.6162374243140221,0.6176596730947495,0.6221852749586105,0.6266101151704788,0.6272655501961708,0.6251315101981163,0.6204966977238655,0.6205375865101814,0.6251293197274208,0.6216767653822899,0.6264257952570915,0.6310092551367623,0.5069786906242371,0.5159390047192574,0.5172646045684814,0.5127262249588966,0.5071832686662674,0.509918101131916,0.5084893330931664,0.5128310695290565,0.512929193675518,0.518854945898056,0.5164011642336845,0.512988306581974,0.5091399252414703,0.5120143592357635,0.5115636810660362,0.509114183485508,0.5104153603315353,0.5110930353403091,0.512235626578331,0.5102671757340431,0.5141401216387749,0.5126038566231728,0.5116171017289162,0.5104321762919426,0.5093438774347305,0.5088784769177437,0.508712075650692,0.509405143558979,0.5099727809429169,0.5092457309365273,0.5118142515420914,0.5066862031817436,0.5066219419240952,0.5110728442668915,0.5131498202681541,0.5168347358703613,0.517306961119175,0.5173757970333099,0.5178240910172462,0.5144914016127586,0.5128084644675255,0.508786179125309,0.5120689570903778,0.5174958929419518,0.5167027562856674,0.5129328817129135,0.514238715171814,0.5123725278036935,0.12817469239234924,0.121761254966259,0.12463409546762705,0.12612984236329794,0.1225648419931531,0.12936995178461075,0.1312462855130434,0.1337608601897955,0.13310887105762959,0.1339136864989996,0.13215332850813866,0.13206595554947853,0.1320652887225151,0.13510791212320328,0.13537668995559216,0.13521171361207962,0.13600009121000767,0.135901166126132,0.13794913329184055,0.1354256272315979,0.13627848029136658,0.12996944971382618,0.13146800734102726,0.13242140784859657,0.13250799290835857,0.13346611894667149,0.13420116901397705,0.13404709845781326,0.13392341695725918,0.13364962488412857,0.1340979766100645,0.1290646493434906,0.13131675496697426,0.1309797205030918,0.12561068311333656,0.12653434462845325,0.12875147722661495,0.13068033941090107,0.1303297933191061,0.1295039802789688,0.1325181219726801,0.1272103851661086,0.12617717869579792,0.12911616638302803,0.13097787462174892,0.12972558476030827,0.130858663469553,0.12960952946117946
SGF_RFW_ST4L20_PB,0,14,0.05901954571406043,0.06236733992894494,6.628599166870117,7.972125053405762,299.9185574054718,4686.227459460497,64,1920,7320,1140,25060,1140,3420,0.6795556917786598,0.688805878162384,0.7075682654976845,0.704179123044014,0.6877759918570518,0.6771487221121788,0.682193323969841,0.6877281293272972,0.6973903104662895,0.7026704624295235,0.7019572108983994,0.6919537708163261,0.7134370654821396,0.7196239903569221,0.7081556543707848,0.719768799841404,0.7148082628846169,0.7134763151407242,0.6956477612257004,0.7023897245526314,0.6998433619737625,0.7032739296555519,0.6999760419130325,0.7039888501167297,0.7073357179760933,0.7066998779773712,0.695957712829113,0.6790771186351776,0.6696124374866486,0.6688787341117859,0.6805121451616287,0.686278410255909,0.6863534450531006,0.6785713508725166,0.6769541949033737,0.6593288108706474,0.6653307601809502,0.6547261774539948,0.6558063924312592,0.6751148477196693,0.6766472831368446,0.6753262728452682,0.6891636252403259,0.6909272968769073,0.6907307133078575,0.6937444731593132,0.6953593716025352,0.7045723114694867,0.26923534646630287,0.2618006728589535,0.24708715826272964,0.2539568357169628,0.2538118027150631,0.2509400211274624,0.25292258337140083,0.2541482709348202,0.253584161400795,0.248343663290143,0.24457831494510174,0.24727188050746918,0.24709040857851505,0.25534857250750065,0.2557779625058174,0.24293461255729198,0.23797998763620853,0.2441245447844267,0.2574789635837078,0.24798810109496117,0.2472922634333372,0.24167520552873611,0.24231629073619843,0.24306274577975273,0.23863950371742249,0.2405615020543337,0.24219383299350739,0.24385707266628742,0.24152809008955956,0.24610920064151287,0.24811854027211666,0.2548272181302309,0.2534272149205208,0.25042235665023327,0.2475405242294073,0.25774428993463516,0.25029581412672997,0.2441194225102663,0.2405581958591938,0.23888623528182507,0.24705403856933117,0.24795433320105076,0.2587556168437004,0.25525328889489174,0.25412392988801,0.2543412633240223,0.25358088314533234,0.24696403103215353,0.12959855236113071,0.1353644598275423,0.1385437808930874,0.1372516881674528,0.13999257422983646,0.130201012827456,0.13065527379512787,0.13908417522907257,0.13954520784318447,0.13365546986460686,0.12748110387474298,0.12214265204966068,0.1229249918833375,0.12984968535602093,0.13210813887417316,0.13241052255034447,0.13230065442621708,0.12663148995488882,0.1270648129284382,0.12657096702605486,0.12754761148244143,0.12289917003363371,0.12136129848659039,0.1213533841073513,0.12117362301796675,0.12292032688856125,0.12814362533390522,0.13486440666019917,0.13577616587281227,0.1342883501201868,0.13388141430914402,0.1307332068681717,0.13442804664373398,0.13149541802704334,0.1324334666132927,0.13637243956327438,0.1430206261575222,0.14595859497785568,0.14661221206188202,0.14600064232945442,0.153586121276021,0.15627861768007278,0.1473401766270399,0.15185045264661312,0.15302632935345173,0.14045230858027935,0.13707777112722397,0.1284731307200023
SGF_RFW_ST4L20_PB,1,14,0.12252346674601233,0.1273079911867777,3.1775522232055664,3.7773149013519287,300.1781289577484,4690.283264964819,64,1920,7320,1140,25060,1140,3420,0.69088564068079,0.6933394894003868,0.6958327814936638,0.6955792680382729,0.6978390887379646,0.6943498849868774,0.6935756802558899,0.6926690265536308,0.6924712061882019,0.6949289068579674,0.694682814180851,0.691990077495575,0.6875889003276825,0.6867030635476112,0.6835120916366577,0.6873665004968643,0.7014244049787521,0.7001547366380692,0.7045201510190964,0.6981166005134583,0.6880820542573929,0.6903661116957664,0.6879789978265762,0.6924051642417908,0.6965303868055344,0.6936184987425804,0.6979228854179382,0.6920867636799812,0.6941220313310623,0.6975864768028259,0.6929413676261902,0.696553535759449,0.695258267223835,0.6941405460238457,0.6919587552547455,0.6935951933264732,0.7009529173374176,0.7097688689827919,0.7108310759067535,0.6970010325312614,0.690737247467041,0.692332461476326,0.7024462819099426,0.7087311744689941,0.7101865783333778,0.7076633423566818,0.6924003511667252,0.6813842143331256,0.23796875029802322,0.22253072448074818,0.22089169546961784,0.22598295845091343,0.22859644517302513,0.23072092607617378,0.2332347221672535,0.2339787892997265,0.23507843166589737,0.2359417974948883,0.23481418192386627,0.23662104830145836,0.24228289350867271,0.2348555587232113,0.23373466916382313,0.23855379596352577,0.2308555170893669,0.23570144921541214,0.23734709061682224,0.2350523192435503,0.24127898924052715,0.23448929376900196,0.23724844492971897,0.24068805575370789,0.23627431318163872,0.23673094436526299,0.23691748082637787,0.2394702173769474,0.23997591063380241,0.2333664484322071,0.2346440739929676,0.23765458166599274,0.23344092071056366,0.2359839230775833,0.23980136215686798,0.23963187262415886,0.2375005166977644,0.23175972700119019,0.23228330351412296,0.23619242012500763,0.22797299548983574,0.23568804934620857,0.23460072837769985,0.2226457390934229,0.2272390890866518,0.22818394377827644,0.23569896072149277,0.24155522670064652,0.1105842124670744,0.11544956266880035,0.1147391265258193,0.11397459544241428,0.11386408470571041,0.11412840988487005,0.1132270498201251,0.11269989237189293,0.1142757423222065,0.1135581424459815,0.11582084465771914,0.11558339279145002,0.11763812135905027,0.11843874119222164,0.11714460328221321,0.11660717986524105,0.11473962664604187,0.11271579004824162,0.11254597082734108,0.11497892532497644,0.11502859741449356,0.11943654622882605,0.12186008226126432,0.11982027534395456,0.11898805294185877,0.1166393905878067,0.11863277945667505,0.11726485751569271,0.11550629511475563,0.11591654922813177,0.11858503986150026,0.11914749909192324,0.11721694376319647,0.11519273091107607,0.11502381134778261,0.11790658347308636,0.11383900977671146,0.11316775996237993,0.1121280575171113,0.11523425579071045,0.11620730441063643,0.11382946651428938,0.11575958412140608,0.11643338669091463,0.11426100973039865,0.111150361597538,0.11485476046800613,0.11513508430549077
SGF_RFW_ST4L20_PB,2,14,0.12784155209859216,0.09655451774597168,6.495519161224365,7.658926963806152,300.5130863189697,4695.516973733902,64,1920,7320,1140,25060,1140,3420,0.7409334555268288,0.7158216908574104,0.7221224159002304,0.7167229950428009,0.6961923465132713,0.6959272101521492,0.6832760125398636,0.6771271154284477,0.6816473081707954,0.6869567260146141,0.6736923456192017,0.6874827444553375,0.695570707321167,0.6830089315772057,0.675866536796093,0.6447479873895645,0.6529351696372032,0.6545901894569397,0.6560752540826797,0.6458781436085701,0.6586951166391373,0.6329509317874908,0.6695753633975983,0.6865900531411171,0.6865195259451866,0.70586708933115,0.6902198791503906,0.6791804134845734,0.6472898572683334,0.6476080939173698,0.6561740040779114,0.654529482126236,0.6691645681858063,0.6884101405739784,0.6649068966507912,0.6765741631388664,0.6647318825125694,0.6676375865936279,0.6754741221666336,0.70235525816679,0.699992947280407,0.6932787373661995,0.6823817566037178,0.6683004349470139,0.6606872528791428,0.6798961386084557,0.6895262822508812,0.6617900899478367,0.2349186483770609,0.22070713341236115,0.2149708904325962,0.2168041467666626,0.2431733924895525,0.23962250165641308,0.24935325793921947,0.26305194571614265,0.26318296045064926,0.2562696002423763,0.2607050724327564,0.23785871639847755,0.24124124459922314,0.24991541728377342,0.2572619765996933,0.2632339112460613,0.25795103795826435,0.24195529893040657,0.24410039000213146,0.2445779051631689,0.24581419117748737,0.26181913167238235,0.25201161950826645,0.24624929949641228,0.26173634454607964,0.24730447493493557,0.24863126128911972,0.24152962118387222,0.24279945716261864,0.25367192551493645,0.2501466143876314,0.25286131724715233,0.25569334626197815,0.24789699353277683,0.25063900649547577,0.24247680976986885,0.254005940631032,0.2542271576821804,0.24866866134107113,0.2375774960964918,0.23410959728062153,0.2303805761039257,0.23605902306735516,0.24968984350562096,0.2606384940445423,0.25288826040923595,0.24385999888181686,0.2681167594024113,0.11717832647264004,0.12700850516557693,0.1291704047471285,0.13256100751459599,0.13147552870213985,0.13162784092128277,0.13262086920440197,0.1351389791816473,0.14240687154233456,0.14023884758353233,0.14838499389588833,0.1433678288012743,0.13768691383302212,0.1385913472622633,0.13365351408720016,0.14144154638051987,0.14614517241716385,0.14547980390489101,0.1458774246275425,0.1433887854218483,0.14224105328321457,0.14109799824655056,0.14077762514352798,0.1399848461151123,0.13662883453071117,0.14149866998195648,0.1445859894156456,0.1362672820687294,0.13501915149390697,0.14213072136044502,0.13673125207424164,0.13477969728410244,0.1353713758289814,0.13727950491011143,0.13375147245824337,0.1273958645761013,0.13685405813157558,0.14089558832347393,0.1310672890394926,0.13520695827901363,0.12767262943089008,0.13467900268733501,0.13658767379820347,0.14150164648890495,0.13948692381381989,0.139995027333498,0.13968809507787228,0.13717052340507507
SGF_RFW_ST4L20_PB,3,14,0.08406031131744385,0.08060693740844727,4.431651592254639,5.271018028259277,300.8975887298584,4701.5248239040375,64,1920,7320,1140,25060,1140,3420,0.6262633204460144,0.6230540797114372,0.6202995553612709,0.6188932806253433,0.6206264048814774,0.624500036239624,0.6280881613492966,0.6290014386177063,0.6282980814576149,0.6187790632247925,0.6208881884813309,0.6137168705463409,0.6205652132630348,0.6222891211509705,0.6181153059005737,0.6045898795127869,0.5943122878670692,0.5913454815745354,0.5837052837014198,0.5922529697418213,0.5865491926670074,0.5954230576753616,0.5991020649671555,0.5993306115269661,0.5919922143220901,0.5992863029241562,0.5791730582714081,0.5851885005831718,0.5942234545946121,0.5997343882918358,0.6005445644259453,0.6102445051074028,0.6106962710618973,0.6173127144575119,0.6275013610720634,0.6326582729816437,0.6263002082705498,0.6313145533204079,0.626438245177269,0.6251391395926476,0.6345009729266167,0.6355248987674713,0.6424890756607056,0.6320944502949715,0.6270464137196541,0.621843010187149,0.6351603046059608,0.6328899690083095,0.24510038271546364,0.24353976733982563,0.24491939693689346,0.23375910706818104,0.23334157280623913,0.24332260340452194,0.24736919440329075,0.25278608314692974,0.24743813648819923,0.2540440931916237,0.25845877453684807,0.25275823660194874,0.2581007592380047,0.25447806157171726,0.2531010452657938,0.25151582062244415,0.24964851513504982,0.24374393187463284,0.2500085011124611,0.24311074241995811,0.25259746238589287,0.24728822708129883,0.24267688393592834,0.2445770986378193,0.2429507039487362,0.24017702043056488,0.24301136285066605,0.24651679024100304,0.24388080835342407,0.2458909060806036,0.24854585900902748,0.23938983865082264,0.24055028520524502,0.24360481835901737,0.2445957101881504,0.24033034779131413,0.24558547139167786,0.24165885895490646,0.24401120655238628,0.24425496719777584,0.23978495597839355,0.2440470028668642,0.23875979334115982,0.24113311804831028,0.24211742728948593,0.24559476412832737,0.2513019684702158,0.2564043253660202,0.12187143787741661,0.13425222039222717,0.13694115728139877,0.1350672785192728,0.13862976245582104,0.13826271519064903,0.13335863687098026,0.13389375992119312,0.13110904302448034,0.1354469619691372,0.13843922689557076,0.13974925316870213,0.13545378483831882,0.1313345544040203,0.1339157558977604,0.13598448038101196,0.13573044911026955,0.13615702278912067,0.1386783830821514,0.1419228333979845,0.13977880217134953,0.13738307915627956,0.13734132423996925,0.13982917927205563,0.14145123586058617,0.13848946429789066,0.14279522374272346,0.13978205062448978,0.1375707983970642,0.13476726040244102,0.13155765272676945,0.137087007984519,0.13954565860331059,0.13556225784122944,0.13382318057119846,0.1328754499554634,0.1354484260082245,0.13379128277301788,0.13324864022433758,0.1333135925233364,0.1298307590186596,0.13143548741936684,0.12994829565286636,0.12972845323383808,0.12927240878343582,0.13318805396556854,0.13240067288279533,0.13333173947674887
SGF_RFW_ST4L20_PB,0,15,0.07149491707483924,0.10291814804077148,9.9022216796875,10.29610538482666,300.08844542503357,4688.8819597661495,64,1920,7320,1140,25060,1140,3420,0.6952630206942558,0.70474573969841,0.7061208784580231,0.687377855181694,0.6727902963757515,0.6604845225811005,0.648299440741539,0.6465872153639793,0.6444632038474083,0.6475554928183556,0.6484676077961922,0.6689260452985764,0.6821020171046257,0.6777568906545639,0.6660989448428154,0.6697645634412766,0.6752831861376762,0.6823942735791206,0.6702738031744957,0.6607954576611519,0.6594912111759186,0.6442051231861115,0.6444107890129089,0.6625742688775063,0.6685129329562187,0.6541061401367188,0.6436701491475105,0.6566151157021523,0.6534327939152718,0.6864400506019592,0.6920095235109329,0.6967611983418465,0.6943720057606697,0.691309429705143,0.6887706816196442,0.6699022427201271,0.6639885753393173,0.6771335750818253,0.6937882676720619,0.6962754875421524,0.6922414600849152,0.7040667682886124,0.7043419107794762,0.7010234519839287,0.7071274146437645,0.7017615437507629,0.7001548856496811,0.7037145580564227,0.45042385905981064,0.46847034990787506,0.4821215532720089,0.4886082708835602,0.4932430572807789,0.4883485734462738,0.49490514770150185,0.5004863254725933,0.5033949203789234,0.5080831982195377,0.5204033777117729,0.5135291144251823,0.5009138211607933,0.4927566945552826,0.4969932548701763,0.4991254583001137,0.4945474825799465,0.49025730416178703,0.49180868268013,0.49650029093027115,0.4890763685107231,0.49278226122260094,0.4923148527741432,0.4855946823954582,0.47916848212480545,0.5029138959944248,0.506733238697052,0.4923248514533043,0.5082177370786667,0.492269329726696,0.485347893089056,0.47547851875424385,0.47277598828077316,0.4820530116558075,0.48881246894598007,0.49884094297885895,0.5068687871098518,0.4994310215115547,0.4865652360022068,0.4812404587864876,0.47886429727077484,0.47219348698854446,0.4789746329188347,0.48900700733065605,0.4801592193543911,0.47449710592627525,0.47059306129813194,0.46422342317444937,0.07996778469532728,0.08617476560175419,0.08862649369984865,0.08920664619654417,0.08777579199522734,0.08558623865246773,0.08306829538196325,0.07880277372896671,0.08096189890056849,0.08265533111989498,0.08427434600889683,0.08251955360174179,0.08187191840261221,0.08137528225779533,0.08037384413182735,0.08300146833062172,0.08696151059120893,0.08880836889147758,0.08741141855716705,0.0863953847438097,0.08693213108927011,0.0874822223559022,0.08836236223578453,0.08584810700267553,0.08502291794866323,0.08378810063004494,0.08599428925663233,0.08705837745219469,0.0845244899392128,0.08423011936247349,0.08380539901554585,0.08486583828926086,0.08688733261078596,0.08582363557070494,0.08675904758274555,0.08814281038939953,0.08574752788990736,0.08518135268241167,0.08242778573185205,0.08105677552521229,0.08281274698674679,0.08434414770454168,0.0856115473434329,0.08490622416138649,0.08337229769676924,0.083500518463552,0.0850821491330862,0.08613236567803792
SGF_RFW_ST4L20_PB,1,15,0.05582408110300696,0.09534899393717444,11.946832656860352,14.619527816772461,300.29108929634094,4692.048270255327,64,1920,7320,1140,25060,1140,3420,0.679608128964901,0.6812974959611893,0.6864315271377563,0.6956040561199188,0.7042821049690247,0.7109908685088158,0.7108268365263939,0.7177471444010735,0.7153850793838501,0.7030664309859276,0.691607229411602,0.6897121220827103,0.6894072815775871,0.6833313480019569,0.6837103068828583,0.6906538978219032,0.6988034844398499,0.7066454961895943,0.7034509927034378,0.7118230536580086,0.6933645457029343,0.6944842115044594,0.6989689618349075,0.686455637216568,0.6962070241570473,0.6918467208743095,0.6890702322125435,0.695443868637085,0.7081775441765785,0.7032495215535164,0.6921366453170776,0.7029152885079384,0.7086810171604156,0.7150442004203796,0.7027739211916924,0.7028306424617767,0.7013136968016624,0.6885162964463234,0.692342035472393,0.7035403773188591,0.710083968937397,0.7068243101239204,0.6960054486989975,0.6912680640816689,0.7020236626267433,0.7085415497422218,0.7065198495984077,0.7160252588135856,0.3997080773115158,0.3937314860522747,0.39827992767095566,0.3981272801756859,0.39000776410102844,0.379822563380003,0.3756774999201298,0.3929751329123974,0.40206101909279823,0.39872728288173676,0.4000241793692112,0.39392951503396034,0.38456594571471214,0.38587377965450287,0.39078638702630997,0.39421775937080383,0.3985294736921787,0.39680153504014015,0.3975302614271641,0.3950136825442314,0.4054778032004833,0.408054132014513,0.4051856994628906,0.41069842875003815,0.4003290981054306,0.40129392966628075,0.4103703051805496,0.4148332178592682,0.40857262536883354,0.40701325237751007,0.40479622781276703,0.3959592245519161,0.39875809848308563,0.39867429807782173,0.39764801040291786,0.3981641158461571,0.4025685004889965,0.4053545892238617,0.40236153081059456,0.392331138253212,0.3925066143274307,0.39610180631279945,0.4037691652774811,0.415131539106369,0.41008277982473373,0.4046484902501106,0.40024879947304726,0.3905201852321625,0.08165299706161022,0.10386171098798513,0.11829264927655458,0.12183379754424095,0.12328206654638052,0.12120159808546305,0.11384513135999441,0.10610959120094776,0.11087540443986654,0.11308693420141935,0.11408057529479265,0.11490511242300272,0.11093978490680456,0.11088548973202705,0.11215456761419773,0.11575923953205347,0.12045358214527369,0.11732577998191118,0.11414913181215525,0.10696523357182741,0.10370996966958046,0.11074017640203238,0.11307024769484997,0.11382891144603491,0.11245097033679485,0.11134868115186691,0.11008346732705832,0.10660690162330866,0.10483209695667028,0.10658300761133432,0.10873390547931194,0.11184929870069027,0.11531061213463545,0.12124854326248169,0.1227932246401906,0.12129673361778259,0.11288459785282612,0.11025833524763584,0.10770420171320438,0.11167020071297884,0.11031931359320879,0.11123673710972071,0.1103099500760436,0.11138705629855394,0.10616791062057018,0.10533921793103218,0.10516586620360613,0.10506413238389152
SGF_RFW_ST4L20_PB,2,15,0.11394284168879187,0.10710644721984863,10.7140531539917,13.312602996826172,300.6738121509552,4698.028314858675,64,1920,7320,1140,25060,1140,3420,0.6943787857890129,0.7066586911678314,0.7189428061246872,0.7164051160216331,0.719860166311264,0.7203662544488907,0.7102407440543175,0.6976939216256142,0.7002140283584595,0.7054080292582512,0.7131772562861443,0.7171685248613358,0.7454722002148628,0.758520282804966,0.7381964102387428,0.7180096358060837,0.6650108620524406,0.6818301379680634,0.6780554130673409,0.6844188272953033,0.6940327510237694,0.6988755911588669,0.6971987932920456,0.709441065788269,0.7130392044782639,0.7226041480898857,0.7196625396609306,0.7057065740227699,0.7082177326083183,0.7378194704651833,0.7548787370324135,0.7712678536772728,0.779729351401329,0.8058598563075066,0.8138822838664055,0.7966978996992111,0.7797589376568794,0.7825565189123154,0.7716120332479477,0.7548640742897987,0.7487166970968246,0.7492390424013138,0.7355317175388336,0.6924660503864288,0.6789872348308563,0.6747821643948555,0.6528210043907166,0.6391378385680062,0.4450153559446335,0.4525817818939686,0.4615217000246048,0.4719492830336094,0.4650171846151352,0.45197708532214165,0.44811996445059776,0.4502335898578167,0.44940124452114105,0.44662462919950485,0.45192864537239075,0.4669818766415119,0.4711669273674488,0.4771762974560261,0.48967136070132256,0.49254079908132553,0.489353209733963,0.47173789888620377,0.46543700993061066,0.45352040603756905,0.46066394075751305,0.47449103742837906,0.47224676981568336,0.45731471106410027,0.465087216347456,0.4651995375752449,0.4659738540649414,0.4779343008995056,0.4647314250469208,0.4584788642823696,0.46342184767127037,0.4631308317184448,0.4381318502128124,0.40631963685154915,0.40341876074671745,0.396298311650753,0.38814693689346313,0.3850489817559719,0.3793012164533138,0.37413444370031357,0.3735472746193409,0.3707536496222019,0.38606370985507965,0.4301103763282299,0.44320736452937126,0.45580827444791794,0.4788428954780102,0.4972708225250244,0.0811476781964302,0.08215304091572762,0.08185064233839512,0.08443089202046394,0.0827822769060731,0.07784235756844282,0.07423326279968023,0.07170847151428461,0.07268364354968071,0.07449018117040396,0.07146916259080172,0.08007663022726774,0.07987453509122133,0.0743896346539259,0.07668799720704556,0.07135037146508694,0.07181342039257288,0.08154244814068079,0.0819857195019722,0.07849348429590464,0.07893288973718882,0.07843065354973078,0.07959850411862135,0.07833318319171667,0.07839996088296175,0.0763679938390851,0.07273262925446033,0.07464778143912554,0.06941785477101803,0.06902200728654861,0.0738597372546792,0.07501385267823935,0.08154147211462259,0.08733815792948008,0.09061924088746309,0.08511828165501356,0.08320530317723751,0.07836766913533211,0.07862125616520643,0.07967454195022583,0.0771672846749425,0.0790084358304739,0.07531116250902414,0.07599975261837244,0.0787700479850173,0.08025030046701431,0.07754467893391848,0.07835754539285388
SGF_RFW_ST4L20_PB,3,15,0.10906388362248742,0.09348833560943604,8.530756950378418,8.921711921691895,327.447238445282,5116.363100707531,64,1920,7320,1140,25060,1140,3420,0.7255349457263947,0.7340308725833893,0.7437117472290993,0.7421377003192902,0.7357712015509605,0.7373082488775253,0.7319453209638596,0.730742797255516,0.7318704575300217,0.732699416577816,0.7385541871190071,0.7394210025668144,0.7283234149217606,0.7203041464090347,0.7256156578660011,0.7310565561056137,0.734779454767704,0.7405859008431435,0.7422067746520042,0.7299488559365273,0.7078378275036812,0.7177879512310028,0.7371489405632019,0.751641534268856,0.7507221773266792,0.7418586164712906,0.731369785964489,0.722461149096489,0.7262164354324341,0.7257965877652168,0.7340183481574059,0.731251448392868,0.7311700731515884,0.7300935611128807,0.7229771986603737,0.7207589522004128,0.7167124897241592,0.721075601875782,0.7131917774677277,0.7065668627619743,0.719267725944519,0.7235482558608055,0.7285465896129608,0.7181803360581398,0.7217623740434647,0.7316702306270599,0.7390297055244446,0.7430314677102225,0.42170749977231026,0.4310608170926571,0.4349455051124096,0.4469959922134876,0.4507124684751034,0.4444151632487774,0.4464989900588989,0.45384152233600616,0.4676947630941868,0.46220265328884125,0.4535139761865139,0.4484294652938843,0.44756878912448883,0.44924789667129517,0.4512704834342003,0.46126244589686394,0.46539365500211716,0.46574292704463005,0.4567941874265671,0.461049847304821,0.4749632887542248,0.4778856188058853,0.4747624732553959,0.45937493070960045,0.44622011110186577,0.44656429439783096,0.44140905886888504,0.44777772948145866,0.4410438649356365,0.4364093467593193,0.4333398714661598,0.4360755793750286,0.43603481352329254,0.4349692761898041,0.43909409269690514,0.4459916017949581,0.4503941871225834,0.44634681567549706,0.4458733797073364,0.4469394236803055,0.45356667414307594,0.45400819182395935,0.4420879855751991,0.44352053850889206,0.4384135566651821,0.4377109594643116,0.44160403311252594,0.4407085861478533,0.07755832374095917,0.08094219956547022,0.08617959823459387,0.08856646064668894,0.08850407972931862,0.08831925317645073,0.08427698910236359,0.08333780709654093,0.08358038403093815,0.08256743662059307,0.08089329116046429,0.07890810910612345,0.08035725262016058,0.08001155778765678,0.0789582272991538,0.07859236653894186,0.07726726680994034,0.07503990083932877,0.07551909051835537,0.07877065520733595,0.07997337263077497,0.07805607281625271,0.07646622695028782,0.0759940417483449,0.08231813460588455,0.08547027222812176,0.0875205360352993,0.08645209297537804,0.08726644236594439,0.08411357272416353,0.08351251482963562,0.08554362785071135,0.08349706139415503,0.08265263680368662,0.08365025743842125,0.0855540819466114,0.0897429920732975,0.08713355474174023,0.08596179727464914,0.08569750562310219,0.08454379625618458,0.08542404882609844,0.0868707811459899,0.08691850304603577,0.08728974033147097,0.08568249922245741,0.08384476881474257,0.08326027116605214
SGF_RFW_ST4L20_PB,0,16,0.213795006275177,0.1953749259312948,13.599246978759766,17.76547622680664,301.885169506073,4716.955773532391,64,1920,7320,1140,25060,1140,3420,0.6122692972421646,0.6361855044960976,0.6556271836161613,0.6749179810285568,0.6921209618449211,0.6933102831244469,0.67921332269907,0.6764816865324974,0.6662760227918625,0.6706532686948776,0.6883662790060043,0.6925891041755676,0.6857866197824478,0.6809189990162849,0.6751035824418068,0.6674719005823135,0.675798699259758,0.6852411851286888,0.6655562222003937,0.6607816964387894,0.6676763296127319,0.6747478246688843,0.6703947186470032,0.6770974174141884,0.6845504641532898,0.6817454323172569,0.6753899827599525,0.6429731026291847,0.6418111026287079,0.6611182987689972,0.6644882410764694,0.681916356086731,0.6949211806058884,0.691939689218998,0.6964536011219025,0.7014327049255371,0.6947398632764816,0.6604775115847588,0.6556786298751831,0.6601176410913467,0.6418223455548286,0.6293468996882439,0.6649275496602058,0.669207401573658,0.6745356321334839,0.6740620359778404,0.6661157235503197,0.6526394486427307,0.38892747461795807,0.3667289800941944,0.3484266549348831,0.3577267937362194,0.32457977905869484,0.2971947565674782,0.26885076612234116,0.29103798791766167,0.31199557706713676,0.36606360226869583,0.36101172491908073,0.3243584856390953,0.2936749905347824,0.30781103670597076,0.32863735780119896,0.35137270763516426,0.3462567925453186,0.33657238259911537,0.3669517710804939,0.3512290492653847,0.3127944841980934,0.3220417983829975,0.3315283767879009,0.30784931778907776,0.3178351931273937,0.33623453229665756,0.3468690812587738,0.3602655380964279,0.3646438978612423,0.3591310381889343,0.3008601628243923,0.32577723637223244,0.3398584760725498,0.3081778809428215,0.3016918785870075,0.32051023840904236,0.34876570850610733,0.3618387542665005,0.3456663228571415,0.32855094596743584,0.3177030496299267,0.3185066394507885,0.3436753898859024,0.3546147122979164,0.35008706897497177,0.327484130859375,0.309485848993063,0.3326470468725477,0.1357396300882101,0.13169453479349613,0.1346978172659874,0.15454638563096523,0.16467706859111786,0.16741780564188957,0.17198091000318527,0.17562554590404034,0.16717920266091824,0.15334138087928295,0.14966490119695663,0.15516066551208496,0.16856516897678375,0.169346135109663,0.1661132276058197,0.15795484744012356,0.1603820752352476,0.16066794097423553,0.1527519840747118,0.1520065777003765,0.15665155835449696,0.15129231289029121,0.14759641513228416,0.14585435576736927,0.16187145002186298,0.1620110385119915,0.1622995175421238,0.1618974655866623,0.1469999924302101,0.14714568108320236,0.15690535679459572,0.160419512540102,0.15409415028989315,0.15307773277163506,0.16295180656015873,0.15890893898904324,0.1396433226764202,0.13953385315835476,0.14321920089423656,0.148979052901268,0.15435625240206718,0.14954347722232342,0.15042566508054733,0.15005194582045078,0.1499872375279665,0.15539044700562954,0.16140398383140564,0.15936977309840067
SGF_RFW_ST4L20_PB,1,16,0.1518184940020243,0.14627013603846228,10.10916805267334,12.667411804199219,301.505558013916,4711.024343967438,64,1920,7320,1140,25060,1140,3420,0.5797018110752106,0.5915838479995728,0.6022705510258675,0.6179632693529129,0.6113686338067055,0.6064929291605949,0.5895563289523125,0.5906341448426247,0.5873631685972214,0.5931799486279488,0.6007410809397697,0.6070245876908302,0.6213535964488983,0.6050264164805412,0.593755342066288,0.6040519773960114,0.5940825119614601,0.6139008551836014,0.6028419211506844,0.5997643172740936,0.6193138062953949,0.6016516834497452,0.5861002579331398,0.6019706949591637,0.6086326465010643,0.6181310266256332,0.6030980348587036,0.5859616547822952,0.5778181999921799,0.5862411186099052,0.5891507714986801,0.6016821712255478,0.5962001606822014,0.5848031118512154,0.5833206549286842,0.5859322920441628,0.5891801565885544,0.5610786229372025,0.5993075370788574,0.5975905284285545,0.5912732779979706,0.5931910648941994,0.6031009629368782,0.6067284494638443,0.6091755852103233,0.6067609488964081,0.6162451207637787,0.6187585847718375,0.33268095925450325,0.33465059846639633,0.33651329949498177,0.3095856085419655,0.29641176387667656,0.2963396720588207,0.3281947784125805,0.33830277249217033,0.342768844217062,0.3473776951432228,0.36797115951776505,0.3740416690707207,0.3390050530433655,0.32439469173550606,0.3193536587059498,0.31882650032639503,0.370684914290905,0.3535476252436638,0.3442063331604004,0.3383302502334118,0.34683774039149284,0.3468650095164776,0.3559620976448059,0.354573342949152,0.36102811619639397,0.3669316694140434,0.3554883636534214,0.3694364167749882,0.37636273354291916,0.3513542599976063,0.34401967376470566,0.3444149121642113,0.3617227114737034,0.36746974289417267,0.3616475686430931,0.3579382076859474,0.35873669385910034,0.39558063074946404,0.36609622091054916,0.34646928310394287,0.37484797835350037,0.34730179235339165,0.33779673650860786,0.34713657572865486,0.3649367354810238,0.3658396452665329,0.34302999824285507,0.3226208644253867,0.09841283317655325,0.09428043570369482,0.10858370177447796,0.0969760911539197,0.08969794493168592,0.09155921544879675,0.09601872134953737,0.09738434478640556,0.10292898770421743,0.11766265705227852,0.12107639200985432,0.11563253961503506,0.10529999062418938,0.09548088815063238,0.09014157671481371,0.09661492146551609,0.1040514288470149,0.10922245029360056,0.10760903544723988,0.10605357587337494,0.11151051335036755,0.1075745690613985,0.10835656989365816,0.1066431775689125,0.10623882338404655,0.11264686193317175,0.10704260785132647,0.1035043066367507,0.09983931761234999,0.10098638478666544,0.10944095253944397,0.10884440783411264,0.12013291660696268,0.11507741827517748,0.11225779447704554,0.10775437485426664,0.09965006168931723,0.09979370143264532,0.10336405225098133,0.10922745242714882,0.11371652036905289,0.1057302113622427,0.10865896940231323,0.10650153830647469,0.10899129323661327,0.10575555358082056,0.10896418429911137,0.10571350689445223
SGF_RFW_ST4L20_PB,2,16,0.10282512505849206,0.10945435365041101,13.012150764465332,13.292243957519531,300.4936740398407,4695.213656872511,64,1920,7320,1140,25060,1140,3420,0.5064062178134918,0.5040916576981544,0.5348664298653603,0.5533400028944016,0.5443800464272499,0.5587422847747803,0.5478652194142342,0.5142667293548584,0.5101880207657814,0.5363053008913994,0.5490865558385849,0.5628980919718742,0.560438297688961,0.547787606716156,0.5297499895095825,0.5393399298191071,0.5447774231433868,0.5501379817724228,0.5364572331309319,0.5501520186662674,0.543831504881382,0.5517755150794983,0.5264093354344368,0.5226694047451019,0.5202619209885597,0.5220453217625618,0.5243817493319511,0.5392220318317413,0.5294447429478168,0.49870309606194496,0.5145169720053673,0.5202110856771469,0.5328560844063759,0.5486872494220734,0.5574301406741142,0.5281374007463455,0.5421408638358116,0.5457458570599556,0.5489715486764908,0.5367895066738129,0.5352193862199783,0.5207313522696495,0.5478059500455856,0.5335184410214424,0.5507449135184288,0.5386763960123062,0.521072581410408,0.5148760208061763,0.3901005946099758,0.3911261223256588,0.37578265368938446,0.38356388360261917,0.37797892466187477,0.3722495920956135,0.36921436339616776,0.3755803033709526,0.3984723947942257,0.39984649792313576,0.3877195566892624,0.38144687935709953,0.3875426575541496,0.38942722231149673,0.3647129200398922,0.3645806312561035,0.3829285651445389,0.3790114298462868,0.3762771263718605,0.3814712464809418,0.38235483318567276,0.3807336986064911,0.40956052020192146,0.3983115442097187,0.3930596113204956,0.3994241915643215,0.37852059304714203,0.39013633131980896,0.40113405138254166,0.40044764056801796,0.39826058968901634,0.3858591876924038,0.36436906084418297,0.373184185475111,0.384983628988266,0.39025935530662537,0.40365343913435936,0.40872394666075706,0.38589924946427345,0.3876873329281807,0.3810536786913872,0.36816122382879257,0.3757087290287018,0.37809447199106216,0.3848018907010555,0.38511204347014427,0.38668543100357056,0.40737453954560415,0.10480324178934097,0.0988985151052475,0.10209243558347225,0.11153881624341011,0.10803291015326977,0.10971226077526808,0.10538045223802328,0.10282762348651886,0.09481241926550865,0.1079617477953434,0.11112343147397041,0.11334412917494774,0.11198473908007145,0.11704699974507093,0.10240672901272774,0.0998854385688901,0.11274412367492914,0.10686752200126648,0.10551281459629536,0.10338725056499243,0.09345121402293444,0.09197351988404989,0.1022230014204979,0.09987016674131155,0.10274230036884546,0.10219767782837152,0.09568801708519459,0.10015551839023829,0.10174986533820629,0.09946023300290108,0.10266447719186544,0.10240511503070593,0.09832012746483088,0.09656139742583036,0.1047757351770997,0.10347283538430929,0.11095737759023905,0.1082578506320715,0.10666355304419994,0.1048228545114398,0.1005100691691041,0.09804112557321787,0.10214495752006769,0.09823473263531923,0.09556736517697573,0.09763895254582167,0.095032449811697,0.08882870525121689
SGF_RFW_ST4L20_PB,3,16,0.09822165966033936,0.09625534216562903,12.00153923034668,13.165461540222168,302.5736289024353,4727.712951600552,64,1920,7320,1140,25060,1140,3420,0.5730893090367317,0.5911756232380867,0.5994355455040932,0.6336213573813438,0.6306000426411629,0.6628865748643875,0.6522572040557861,0.6424988880753517,0.6144675761461258,0.5895730033516884,0.6007715240120888,0.5981811732053757,0.594669908285141,0.5898332595825195,0.601873978972435,0.6073331460356712,0.6088938415050507,0.6052471846342087,0.6327637955546379,0.6248022094368935,0.6137234419584274,0.6076087057590485,0.5828086137771606,0.5782384648919106,0.5654158666729927,0.6021628901362419,0.6022695526480675,0.6406203582882881,0.6361960396170616,0.6287321448326111,0.6068835631012917,0.6187396794557571,0.6220294013619423,0.5895470082759857,0.591972753405571,0.591524675488472,0.5776432380080223,0.5965895354747772,0.6011234447360039,0.6149027124047279,0.6242011934518814,0.6333229020237923,0.6536983251571655,0.6442543715238571,0.6207774877548218,0.6311288699507713,0.6320280507206917,0.6367234672818866,0.3345689997076988,0.30974893271923065,0.28248680382966995,0.2295644674450159,0.2182937189936638,0.23205016739666462,0.2606804445385933,0.25592154264450073,0.3199570067226887,0.3149232342839241,0.3084384761750698,0.2933162711560726,0.31671570986509323,0.3444103114306927,0.34716271236538887,0.3216530978679657,0.3274364322423935,0.3077498525381088,0.3381723277270794,0.3416345417499542,0.3941333368420601,0.3794877491891384,0.3306884132325649,0.33897310122847557,0.34062133729457855,0.31405288726091385,0.31278251111507416,0.32343814894557,0.3044607415795326,0.32635800912976265,0.3421807028353214,0.3473432995378971,0.3368930406868458,0.3809891864657402,0.38841311633586884,0.3479520305991173,0.329534649848938,0.2793646492063999,0.3039386011660099,0.3136679492890835,0.2957663983106613,0.29688025638461113,0.31944357603788376,0.354551799595356,0.3694884851574898,0.36033231765031815,0.32071152701973915,0.309947669506073,0.09811713080853224,0.0869256928563118,0.0887260939925909,0.0927904974669218,0.09552023839205503,0.1020936407148838,0.11794103495776653,0.11279634851962328,0.12411077134311199,0.11797547154128551,0.11330718360841274,0.09965456556528807,0.08856264874339104,0.09594161342829466,0.1090621966868639,0.10367955546826124,0.10497930273413658,0.10519596002995968,0.10439046565443277,0.10449518635869026,0.10185613483190536,0.10023584682494402,0.0957628758624196,0.10670610051602125,0.11931400932371616,0.12192864250391722,0.10446872562170029,0.09851409588009119,0.0967423664405942,0.08875309303402901,0.0848946813493967,0.09249463491141796,0.09914030600339174,0.10261953342705965,0.10910549107939005,0.10066704265773296,0.09775433130562305,0.08522552065551281,0.09276802465319633,0.09583729226142168,0.09612997528165579,0.09401908982545137,0.09695566724985838,0.11024323292076588,0.09922105818986893,0.11086993478238583,0.10047520324587822,0.09746241675955909
SGF_RFW_ST4L20_PB,0,17,0.30797590812047326,0.30929032961527503,9.18812084197998,9.811497688293457,299.90207409858704,4685.969907790422,64,1920,7320,1140,25060,1140,3420,0.641552671790123,0.635758526623249,0.6341468989849091,0.6314920336008072,0.6302521899342537,0.6341876611113548,0.6483594849705696,0.6538509652018547,0.6443790197372437,0.626145750284195,0.6348841786384583,0.6329425498843193,0.627478189766407,0.6229905039072037,0.6124211326241493,0.6011429578065872,0.5906235426664352,0.586963377892971,0.5719630867242813,0.5620520859956741,0.5599884986877441,0.6054045185446739,0.6274879798293114,0.6257379427552223,0.6167687326669693,0.5998246893286705,0.5994082242250443,0.6072398796677589,0.6070094779133797,0.637572668492794,0.6435135453939438,0.6469436958432198,0.6526417881250381,0.6372088491916656,0.623217411339283,0.6171822249889374,0.6296101436018944,0.6278388351202011,0.63381577283144,0.648810125887394,0.636970080435276,0.6376990154385567,0.6617191359400749,0.6435753703117371,0.6329978853464127,0.6247461959719658,0.6196941435337067,0.6020373702049255,0.41376831009984016,0.4299933686852455,0.4613852761685848,0.4787861965596676,0.48636798560619354,0.48403768613934517,0.4618499055504799,0.4498208500444889,0.4441460706293583,0.4499819427728653,0.44273196905851364,0.43185708299279213,0.4180843308568001,0.4241851903498173,0.42239056900143623,0.4260130114853382,0.425030879676342,0.42405157163739204,0.42804182320833206,0.4285319522023201,0.42420175299048424,0.41416508704423904,0.42241405695676804,0.4381973333656788,0.4436662942171097,0.4515826031565666,0.4566042423248291,0.45243656635284424,0.45028094574809074,0.4562767297029495,0.44854796677827835,0.4420797601342201,0.4503053240478039,0.45156581699848175,0.44694655388593674,0.44396572932600975,0.43593576550483704,0.44155824556946754,0.433585561811924,0.4234264902770519,0.42703190818428993,0.4127599447965622,0.4037024490535259,0.39997391402721405,0.4152708314359188,0.43725619465112686,0.4434705600142479,0.44653737970760893,0.12405124213546515,0.13286196812987328,0.1346258483827114,0.13358568027615547,0.13421765714883804,0.13331817835569382,0.1348075307905674,0.13300521671772003,0.13114490546286106,0.13449929282069206,0.1307691354304552,0.12986826710402966,0.12990850396454334,0.12957081012427807,0.1364254094660282,0.14118272811174393,0.14836567640304565,0.14603444375097752,0.14332563988864422,0.13977328687906265,0.1357467733323574,0.13309676386415958,0.14127565175294876,0.14570045843720436,0.14553109370172024,0.14445031993091106,0.14095919765532017,0.14116847701370716,0.13529276847839355,0.1332805659621954,0.13361407816410065,0.13537974283099174,0.13251210004091263,0.1331438533961773,0.13539299182593822,0.1364097036421299,0.13718164153397083,0.1393906231969595,0.14027717895805836,0.13677649199962616,0.13821110501885414,0.13928838446736336,0.1404327191412449,0.14352861419320107,0.1474279798567295,0.1493310872465372,0.14613740146160126,0.1472043948514121
SGF_RFW_ST4L20_PB,1,17,0.23939114809036255,0.22772105534871423,7.2580671310424805,7.064929008483887,301.0754861831665,4704.304471611977,64,1920,7320,1140,25060,1140,3420,0.5342118293046951,0.5224626734852791,0.5053810179233551,0.4818930961191654,0.48816804587841034,0.5005748234689236,0.49456699565052986,0.5111414864659309,0.5409077033400536,0.5220091715455055,0.49678971618413925,0.5171308740973473,0.5040957815945148,0.5006858855485916,0.515605054795742,0.5224724039435387,0.5089017078280449,0.5122643262147903,0.49240462481975555,0.5060861371457577,0.5168363451957703,0.5184001699090004,0.5191705524921417,0.5188251212239265,0.5137803703546524,0.5091392174363136,0.5089253932237625,0.512019157409668,0.4950520694255829,0.4921083338558674,0.49492455273866653,0.49745751544833183,0.5106903985142708,0.511611744761467,0.5092496797442436,0.5068682506680489,0.49559102952480316,0.48330331966280937,0.5021448247134686,0.5078093931078911,0.5087932050228119,0.5067350454628468,0.4902969151735306,0.492446918040514,0.4949920065701008,0.49675294756889343,0.5016958862543106,0.5099386147090367,0.359222948551178,0.36824392154812813,0.3891780488193035,0.3897291421890259,0.3821616545319557,0.37753334268927574,0.3753027804195881,0.3685278929769993,0.34107257798314095,0.37114639580249786,0.39773325249552727,0.3801933266222477,0.36908652633428574,0.3734973296523094,0.36990755423903465,0.3783699721097946,0.3677072301506996,0.35804636403918266,0.37366605177521706,0.3714936077594757,0.37478235736489296,0.37331855297088623,0.3631150797009468,0.35748983174562454,0.36507653445005417,0.37488342449069023,0.3688228987157345,0.37162482365965843,0.38600948825478554,0.3815861828625202,0.38506506383419037,0.3743935562670231,0.3728133551776409,0.36779525876045227,0.37259190157055855,0.37716094404459,0.3930932320654392,0.39674094691872597,0.38238152116537094,0.37683865427970886,0.37120242789387703,0.3690588101744652,0.3795245848596096,0.3720398209989071,0.388542965054512,0.38602813705801964,0.3771992512047291,0.37740366799490793,0.0942990817129612,0.1004619263112545,0.1032568933442235,0.10502995178103447,0.10477996524423361,0.10732678603380919,0.10687715653330088,0.10333785600960255,0.09660062659531832,0.09454342629760504,0.09974617045372725,0.0995912104845047,0.10615289770066738,0.10749458521604538,0.10792989283800125,0.10616851504892111,0.10353346634656191,0.10038821026682854,0.10566547699272633,0.1029784083366394,0.10250025428831577,0.10059949103742838,0.1012957813218236,0.10290626343339682,0.1021040054038167,0.10067247226834297,0.10072569642215967,0.10143497306853533,0.10236193798482418,0.10293470602482557,0.10433169174939394,0.10440651327371597,0.10346246510744095,0.10222302284091711,0.10188555717468262,0.1012159688398242,0.10345033276826143,0.10286078788340092,0.10259865690022707,0.10222776606678963,0.10109410807490349,0.10096839908510447,0.10361281037330627,0.10399564076215029,0.10070505365729332,0.10471364017575979,0.10395538341253996,0.1007298571722848
SGF_RFW_ST4L20_PB,2,17,0.18888366222381592,0.17924110094706214,7.599480152130127,9.299559593200684,301.25148606300354,4707.05446973443,64,1920,7320,1140,25060,1140,3420,0.4473879486322403,0.4488763399422169,0.4441285915672779,0.451232735067606,0.4509304240345955,0.4547928087413311,0.45421935990452766,0.4476325213909149,0.43822867050766945,0.42687560245394707,0.4301850497722626,0.4323555827140808,0.43533210828900337,0.43887271359562874,0.44421280547976494,0.4525208882987499,0.450832549482584,0.4322676509618759,0.42278048396110535,0.4287377968430519,0.42948832362890244,0.4005990959703922,0.4039139486849308,0.4123665764927864,0.4317466765642166,0.4471510425209999,0.43827415257692337,0.4341374710202217,0.44238967821002007,0.4188217483460903,0.41438719257712364,0.42701029404997826,0.42299051582813263,0.4314977377653122,0.4339286722242832,0.44935764372348785,0.45488324016332626,0.45594168826937675,0.4353567585349083,0.4186432883143425,0.4206490330398083,0.4335840567946434,0.44056418165564537,0.4369880296289921,0.4324028827250004,0.44179709628224373,0.4443005174398422,0.44197105509894236,0.41113971173763275,0.4231157898902893,0.42948734015226364,0.42540356144309044,0.427363783121109,0.43469804897904396,0.4300551824271679,0.42504511401057243,0.4334557130932808,0.45006974041461945,0.4518875889480114,0.45542197301983833,0.45421580597758293,0.4488399252295494,0.44682415947318077,0.4440041035413742,0.4436430409550667,0.4258755259215832,0.42574669420719147,0.42260391637682915,0.4215911850333214,0.4266985058784485,0.4147822633385658,0.4114515706896782,0.41090504452586174,0.41209276020526886,0.41622062772512436,0.41922153532505035,0.4254436269402504,0.424198430031538,0.42620017752051353,0.43064143136143684,0.4296034872531891,0.41562627628445625,0.4227209724485874,0.41794005036354065,0.4257453940808773,0.4308786541223526,0.4269886426627636,0.41923073679208755,0.42029107362031937,0.42598601058125496,0.4362666569650173,0.44540074095129967,0.4407631866633892,0.4448363482952118,0.44512221217155457,0.4470860958099365,0.1145501434803009,0.12247297540307045,0.12809519656002522,0.1316836141049862,0.13335240073502064,0.13284762389957905,0.13126803189516068,0.12544951401650906,0.12510382011532784,0.12728912942111492,0.128035269677639,0.13279468193650246,0.13648895360529423,0.13843445479869843,0.13737110048532486,0.1381698213517666,0.13360614143311977,0.132964625954628,0.13304799236357212,0.13297288119792938,0.12925198301672935,0.12962059304118156,0.12736422382295132,0.12938454933464527,0.13023316487669945,0.1280414406210184,0.12810126692056656,0.12823707982897758,0.12901657074689865,0.13253160379827023,0.13071639649569988,0.1287866160273552,0.12760506756603718,0.12791828159242868,0.1238658232614398,0.12356642913073301,0.12888752296566963,0.13326957076787949,0.13286257348954678,0.13278882019221783,0.13650788739323616,0.13202540948987007,0.1291911005973816,0.12625146843492985,0.12519764248281717,0.12565236911177635,0.1254091141745448,0.12437063029834203
SGF_RFW_ST4L20_PB,3,17,0.22154569625854492,0.22045665979385376,9.096606254577637,8.507545471191406,301.6013824939728,4712.521601468325,64,1920,7320,1140,25060,1140,3420,0.548662394285202,0.544933058321476,0.529473640024662,0.526529498398304,0.5432811975479126,0.5395544394850731,0.5448254644870758,0.544668972492218,0.5481762960553169,0.550013430416584,0.5592015534639359,0.5614533051848412,0.5642060488462448,0.5622517690062523,0.5758219733834267,0.5422577038407326,0.5432075709104538,0.5557664409279823,0.550481528043747,0.5472245365381241,0.5492582470178604,0.5473308339715004,0.5478601604700089,0.5551307573914528,0.5425221845507622,0.5433814227581024,0.544914148747921,0.5537955239415169,0.5454863980412483,0.5549181252717972,0.5508089140057564,0.5568215325474739,0.5512538850307465,0.539637565612793,0.5404238924384117,0.5250441506505013,0.5389963537454605,0.54218989610672,0.5507296994328499,0.5447957366704941,0.5490180104970932,0.5484260022640228,0.5390732511878014,0.5431682169437408,0.547911748290062,0.5531788319349289,0.5554158389568329,0.5471109747886658,0.35119710117578506,0.3608820326626301,0.37614333257079124,0.38234057649970055,0.3711833953857422,0.36407801136374474,0.3530646339058876,0.35773228108882904,0.3671369142830372,0.3659093715250492,0.3611987680196762,0.3531251773238182,0.3411468602716923,0.3464776277542114,0.32449062541127205,0.3692390099167824,0.36609620600938797,0.3455054685473442,0.3556576147675514,0.34895654767751694,0.3594173192977905,0.3567250967025757,0.36234158277511597,0.35789376869797707,0.3663516975939274,0.36370841041207314,0.3785414323210716,0.36241569370031357,0.3550459146499634,0.3599419370293617,0.38242726400494576,0.3549065478146076,0.3582666963338852,0.36051277443766594,0.36375387758016586,0.34958692640066147,0.3581748902797699,0.35193486884236336,0.35507331788539886,0.3700339011847973,0.3726968541741371,0.35659901425242424,0.36279260739684105,0.366545919328928,0.36198245733976364,0.36100973188877106,0.3443025164306164,0.3766165929181235,0.08629729598760605,0.09363254252821207,0.09416417218744755,0.10079875122755766,0.10137855261564255,0.10117596480995417,0.09730891976505518,0.09515346959233284,0.09534388966858387,0.0923669133335352,0.09494458511471748,0.09431524202227592,0.09582677204161882,0.09671597555279732,0.08916366565972567,0.09541257284581661,0.09393621608614922,0.09386297035962343,0.09513122495263815,0.0944465771317482,0.0956365168094635,0.09351502358913422,0.09388734959065914,0.09323253203183413,0.09258085954934359,0.09488441608846188,0.09686871711164713,0.09365823771804571,0.09117019642144442,0.0911119719967246,0.0965945441275835,0.09383640717715025,0.09338876698166132,0.09639993961900473,0.09408093616366386,0.0922076515853405,0.09541381616145372,0.09095168672502041,0.09355053026229143,0.0963650094345212,0.09739928878843784,0.09808528888970613,0.0978192575275898,0.09702250454574823,0.0940253734588623,0.09472371730953455,0.09344623982906342,0.09536248977695193
SGF_RFW_ST4L20_PB,0,18,0.1410106817881266,0.15119012196858728,6.508573532104492,7.304012775421143,301.63369131088257,4713.02642673254,64,1920,7320,1140,25060,1140,3420,0.5333345383405685,0.5133122131228447,0.4944148622453213,0.4758581109344959,0.45710252597928047,0.43760334700345993,0.42222602292895317,0.4143277667462826,0.4088903106749058,0.39207787439227104,0.3839516341686249,0.37440383061766624,0.3639374189078808,0.36065107956528664,0.3617374002933502,0.36275796592235565,0.36896395310759544,0.37267494946718216,0.38797248899936676,0.41914691030979156,0.4241475388407707,0.4186750613152981,0.4108979143202305,0.4055308848619461,0.4040875844657421,0.39932651817798615,0.3954690657556057,0.39400623366236687,0.3882782906293869,0.3733888082206249,0.3625137507915497,0.3636363446712494,0.3732652924954891,0.38508545234799385,0.39590467140078545,0.3991769142448902,0.3990772180259228,0.39731183275580406,0.4038630686700344,0.41392453759908676,0.4224488288164139,0.42939020320773125,0.43553194403648376,0.4299319423735142,0.4209887608885765,0.419552456587553,0.41912687569856644,0.4161278350012643,0.3622607924044132,0.3611459955573082,0.3624429889023304,0.36650147289037704,0.36860407516360283,0.37037505209445953,0.3690302111208439,0.36519693583250046,0.3670620769262314,0.3830813840031624,0.38696274161338806,0.37602435052394867,0.36303506419062614,0.34444408118724823,0.3358580879867077,0.3309955932199955,0.3213873319327831,0.32944032177329063,0.35004040226340294,0.37075386941432953,0.37521450221538544,0.3774850368499756,0.37570924684405327,0.371728777885437,0.3620725981891155,0.35410483554005623,0.3477925807237625,0.3333096317946911,0.32011494785547256,0.3184417709708214,0.32671041041612625,0.33738019689917564,0.34029595926404,0.3472258076071739,0.3550078794360161,0.35377662256360054,0.34800906851887703,0.3408953845500946,0.33280833065509796,0.32742444798350334,0.3306606337428093,0.33367953449487686,0.3371790759265423,0.34353184700012207,0.341072428971529,0.34393879771232605,0.3523902855813503,0.35142752528190613,0.1399164032191038,0.14056085050106049,0.14154071174561977,0.14179852232336998,0.13820523396134377,0.13319342210888863,0.12778114899992943,0.12063913233578205,0.11736882198601961,0.11873155366629362,0.11073463130742311,0.10449580568820238,0.10245390795171261,0.10334467142820358,0.10112313274294138,0.10339359007775784,0.1065077418461442,0.11466000601649284,0.120708835311234,0.13374777138233185,0.140838872641325,0.13435102254152298,0.12853837572038174,0.12711915653198957,0.1209625331684947,0.11682862788438797,0.11369859613478184,0.10642953496426344,0.1010466031730175,0.10367356892675161,0.10716616548597813,0.11297933757305145,0.11491070687770844,0.11890573520213366,0.11877682711929083,0.1184763964265585,0.11554834246635437,0.11664067395031452,0.11752167996019125,0.11997871287167072,0.12452851608395576,0.1226800587028265,0.12132901884615421,0.12003917712718248,0.11646556667983532,0.11742557026445866,0.11890340875834227,0.12315441987344197
SGF_RFW_ST4L20_PB,1,18,0.20272304614384973,0.21098677317301429,6.152609825134277,5.611423969268799,301.1248769760132,4705.076202750206,64,1920,7320,1140,25060,1140,3420,0.5277115032076836,0.5312137827277184,0.53106988966465,0.5281275808811188,0.526883140206337,0.5269398465752602,0.5253395885229111,0.5340589508414268,0.5367560684680939,0.5268735066056252,0.5193580389022827,0.5133655890822411,0.516081914305687,0.5268809348344803,0.5395237356424332,0.5469404458999634,0.5429453775286674,0.5365795567631721,0.5291694551706314,0.5272191539406776,0.5319607704877853,0.5357427671551704,0.5355433151125908,0.5327102541923523,0.5279813557863235,0.5222005024552345,0.5230454057455063,0.5231479853391647,0.5214655920863152,0.5192135721445084,0.5238432213664055,0.5255666002631187,0.5313988626003265,0.5323280915617943,0.5298388674855232,0.5274777561426163,0.5338583514094353,0.5386823192238808,0.5408449694514275,0.5372864753007889,0.5396124720573425,0.5381754785776138,0.531958244740963,0.5247292816638947,0.5282905772328377,0.5330477580428123,0.5401947572827339,0.5422321557998657,0.42877859994769096,0.42829034104943275,0.42993056774139404,0.43419285118579865,0.4384675621986389,0.44686466827988625,0.4607466459274292,0.4610167592763901,0.4483208805322647,0.4474393501877785,0.4471082128584385,0.447553388774395,0.4481007158756256,0.44777269288897514,0.4432675875723362,0.4374726600944996,0.4373559467494488,0.43219757825136185,0.4317895285785198,0.4325448013842106,0.4321809224784374,0.43285640329122543,0.43664734810590744,0.4393121302127838,0.43829571083188057,0.44023023918271065,0.43837112933397293,0.4402516484260559,0.44012029469013214,0.44129715859889984,0.4378200173377991,0.43461500853300095,0.4311286322772503,0.4353076182305813,0.4373870939016342,0.4432499371469021,0.44196319952607155,0.43712856620550156,0.43425535038113594,0.4355592541396618,0.43355587869882584,0.43391020223498344,0.4376046508550644,0.4402274377644062,0.43380722030997276,0.4319649562239647,0.43317166715860367,0.4366480793271746,0.14326033741235733,0.14700410328805447,0.14820626005530357,0.15017195045948029,0.15163518860936165,0.15368659049272537,0.15364464558660984,0.14895573630928993,0.1465517021715641,0.14767523482441902,0.14669807255268097,0.14690620452165604,0.14526141434907913,0.14827957563102245,0.1494460105895996,0.15234089642763138,0.15163953602313995,0.15014815889298916,0.15296582132577896,0.15193824097514153,0.15624389238655567,0.1568895671516657,0.15645324625074863,0.15419267117977142,0.15634115040302277,0.1589764654636383,0.16093341633677483,0.15729688666760921,0.15454756654798985,0.15114794485270977,0.15003640204668045,0.1517630573362112,0.14983846619725227,0.15047939866781235,0.15447567030787468,0.15760848298668861,0.1527235098183155,0.15157724358141422,0.15325026586651802,0.1553074959665537,0.15530896745622158,0.15635315142571926,0.1571821440011263,0.15353272296488285,0.15127555467188358,0.15310501866042614,0.15542741864919662,0.157610399382455
SGF_RFW_ST4L20_PB,2,18,0.17494251330693567,0.19123770793279016,8.017380714416504,10.481409072875977,457.5051691532135,7148.518268018961,64,1920,7320,1140,25060,1140,3420,0.45163654908537865,0.4595312029123306,0.4597221799194813,0.45246048644185066,0.4460723213851452,0.44785938784480095,0.4546249099075794,0.46045704931020737,0.45004991069436073,0.44641825929284096,0.430914469063282,0.4377622753381729,0.44198348745703697,0.4418351277709007,0.4509047083556652,0.4535520263016224,0.44187671691179276,0.429850198328495,0.4316943772137165,0.4369916580617428,0.44365406781435013,0.4529549814760685,0.4490511566400528,0.4407111257314682,0.4353385716676712,0.44649307057261467,0.45100557431578636,0.44578202068805695,0.44468071684241295,0.45680932328104973,0.45584650710225105,0.46086083352565765,0.4529016241431236,0.4540432095527649,0.4536578990519047,0.44864777848124504,0.44211961701512337,0.43467505276203156,0.43269094824790955,0.42927560582756996,0.4294431395828724,0.42966292425990105,0.4400029815733433,0.44687389209866524,0.4500012807548046,0.44101768732070923,0.43782320246100426,0.4423841450895582,0.43939312919974327,0.43030545860528946,0.42718591541051865,0.43398190289735794,0.4430309310555458,0.4457344636321068,0.44209789484739304,0.43671293556690216,0.4496854841709137,0.4595484621822834,0.4748697504401207,0.4736771322786808,0.4712587036192417,0.4670839458703995,0.46067623421549797,0.45772143825888634,0.4626813121140003,0.4702676348388195,0.4657621830701828,0.4611993581056595,0.4561706930398941,0.4531797729432583,0.4563063904643059,0.4596039205789566,0.4761047549545765,0.4688416160643101,0.457714207470417,0.45789506658911705,0.45966144278645515,0.45829906687140465,0.46485888585448265,0.4555717632174492,0.46193772926926613,0.4700719267129898,0.46993662789463997,0.46775155514478683,0.4721713364124298,0.4767363891005516,0.48031002655625343,0.4846428744494915,0.48684240877628326,0.48201217502355576,0.4611070305109024,0.45300863310694695,0.45295901596546173,0.46487540006637573,0.4730280674993992,0.46893711600984844,0.13532107882201672,0.14141261391341686,0.1463779304176569,0.15259259194135666,0.15716752596199512,0.16500069200992584,0.16797297447919846,0.15766777284443378,0.15160763636231422,0.16107209399342537,0.16745527274906635,0.16908199898898602,0.1678463388234377,0.1691756807267666,0.16427685879170895,0.15896738320589066,0.15722544491291046,0.1592968888580799,0.161716403439641,0.16601885482668877,0.16817980632185936,0.16747999005019665,0.16430415213108063,0.16553832590579987,0.1671936083585024,0.1643620077520609,0.16274377517402172,0.15837808325886726,0.1603202000260353,0.16306577622890472,0.1659791637212038,0.17093393206596375,0.16783270798623562,0.1671692430973053,0.1714689340442419,0.17361029237508774,0.17425204068422318,0.17055948451161385,0.16428470984101295,0.15715163573622704,0.16313190199434757,0.1689890492707491,0.17069807834923267,0.16991882398724556,0.1656803097575903,0.16507571935653687,0.16439391486346722,0.16601885429450444
SGF_RFW_ST4L20_PB,3,18,0.14973247051239014,0.17267517248789466,6.578305721282959,8.15420913696289,301.66140818595886,4713.459502905607,64,1920,7320,1140,25060,1140,3420,0.5042782798409462,0.5051396489143372,0.5027065128087997,0.49509628117084503,0.4857546351850033,0.4795229807496071,0.4700615666806698,0.4523143917322159,0.43322359025478363,0.42738816514611244,0.4237108528614044,0.42838703095912933,0.43063677474856377,0.4299861714243889,0.42076539248228073,0.4195971339941025,0.4257966950535774,0.4225635826587677,0.4179540313780308,0.40700704976916313,0.4089733771979809,0.41637201607227325,0.416835930198431,0.41043924540281296,0.41030537337064743,0.41632284596562386,0.4198836609721184,0.4284141734242439,0.4365975745022297,0.4350437931716442,0.43242263048887253,0.44173355028033257,0.4509308338165283,0.4455626420676708,0.44166339933872223,0.4410593807697296,0.44695334509015083,0.4434342794120312,0.43264055252075195,0.419525895267725,0.4101948030292988,0.40488410368561745,0.400117002427578,0.3926822878420353,0.39551302045583725,0.3997194990515709,0.4169682189822197,0.42971123116356985,0.41226063296198845,0.4039767310023308,0.3988713063299656,0.39895403757691383,0.3965686596930027,0.3958686962723732,0.3962458185851574,0.40099983662366867,0.42470576241612434,0.43056273087859154,0.432003490626812,0.42443036660552025,0.41554349660873413,0.3982924818992615,0.39792225509881973,0.3997560106217861,0.40818921476602554,0.4181714281439781,0.4165383465588093,0.42433007434010506,0.42906293645501137,0.4295074976980686,0.427246518433094,0.42497169971466064,0.42213261127471924,0.416883647441864,0.4145608991384506,0.41000302881002426,0.4046271815896034,0.39909015223383904,0.3936445377767086,0.38440850377082825,0.37138593569397926,0.3701901324093342,0.3758959211409092,0.3867397643625736,0.39165356010198593,0.39316343516111374,0.40841663256287575,0.4293068200349808,0.44328951090574265,0.4501613453030586,0.44907261431217194,0.4489506222307682,0.4471772611141205,0.44258418679237366,0.4332027845084667,0.4244466892310551,0.14347759634256363,0.14354714937508106,0.14254107885062695,0.1447493601590395,0.14433706924319267,0.140353886410594,0.13550583459436893,0.1337212398648262,0.13911650329828262,0.14799461141228676,0.14495803602039814,0.13508838042616844,0.12687581032514572,0.11841622367501259,0.11348761059343815,0.11716318037360907,0.12118314672261477,0.1238248972222209,0.12275387812405825,0.1319656688719988,0.13705632835626602,0.13883899711072445,0.13683959282934666,0.13267217762768269,0.13152504339814186,0.128270473331213,0.12376558687537909,0.11858075391501188,0.11436525452882051,0.10996320471167564,0.11105887871235609,0.11145080346614122,0.11284925974905491,0.12177969329059124,0.12847051210701466,0.13437865860760212,0.1370631828904152,0.13557340577244759,0.13325146213173866,0.1372203268110752,0.1365691013634205,0.1362718679010868,0.1402207911014557,0.14168466441333294,0.13989685848355293,0.1436551958322525,0.14317957311868668,0.14132565685680934
SGF_RFW_ST4L20_PB,0,19,0.14649806420008338,0.14892842372258508,5.509415626525879,4.552852630615234,300.7080225944519,4698.562853038311,64,1920,7320,1140,25060,1140,3420,0.745374396443367,0.7534693777561188,0.7520062327384949,0.7480749934911728,0.7513042613863945,0.7497097551822662,0.7543653696775436,0.746051236987114,0.7560973837971687,0.7577819973230362,0.7576812133193016,0.7594285905361176,0.7664333954453468,0.7646007463335991,0.7644920349121094,0.7597195357084274,0.7597882226109505,0.7575399652123451,0.7583008408546448,0.7586007416248322,0.7628201693296432,0.7618062198162079,0.7587353587150574,0.7552762776613235,0.7633075565099716,0.7571100369095802,0.7565845474600792,0.7599260434508324,0.7576302215456963,0.7551185637712479,0.7622607797384262,0.7588084265589714,0.760924406349659,0.754781998693943,0.7555606514215469,0.7588063478469849,0.7648933753371239,0.7635088190436363,0.7637447714805603,0.7666633501648903,0.7651272043585777,0.765168160200119,0.7614257484674454,0.7630612477660179,0.7590878158807755,0.7624124959111214,0.761706992983818,0.7563057541847229,0.4013213887810707,0.4095952771604061,0.4131549745798111,0.4057559110224247,0.4027485251426697,0.4056158512830734,0.4056290127336979,0.40819576382637024,0.4069860130548477,0.40989959239959717,0.4061693884432316,0.412143561989069,0.4074094109237194,0.40285681188106537,0.40788934752345085,0.40440595149993896,0.406868863850832,0.40690405294299126,0.40838541463017464,0.4089660197496414,0.40862658247351646,0.40796370804309845,0.40694843605160713,0.4060323014855385,0.40399564802646637,0.4044416658580303,0.41019317507743835,0.4148125424981117,0.4085385501384735,0.41062916815280914,0.4079797714948654,0.40384750068187714,0.40505078062415123,0.4110609069466591,0.4144878126680851,0.4178997538983822,0.413467925041914,0.41133418679237366,0.40777774527668953,0.40429454669356346,0.4068748503923416,0.4089095816016197,0.4072556272149086,0.40757307410240173,0.40718116611242294,0.4020385816693306,0.4091717302799225,0.41110011083739145,0.08460494503378868,0.08655089419335127,0.08703451976180077,0.09676230326294899,0.09932745061814785,0.10252127889543772,0.09789121709764004,0.09443794470280409,0.0915606077760458,0.09032863657921553,0.08824159018695354,0.08927641995251179,0.08889759331941605,0.08800955954939127,0.08791429176926613,0.08844400104135275,0.08771284017711878,0.08603238966315985,0.08773922733962536,0.08722496498376131,0.08696212060749531,0.08745333924889565,0.08730066660791636,0.08677889034152031,0.08447698969393969,0.08807927463203669,0.08791323564946651,0.08698467258363962,0.08776984363794327,0.08892534021288157,0.08713362365961075,0.08760147355496883,0.08691652677953243,0.08764354325830936,0.08708169031888247,0.08589057344943285,0.08961273729801178,0.08977449964731932,0.0880273338407278,0.08893255423754454,0.0880933366715908,0.08718268573284149,0.0873077679425478,0.08789246156811714,0.08678699377924204,0.0855536013841629,0.08686818275600672,0.08788914446319852
SGF_RFW_ST4L20_PB,1,19,0.1315743327140808,0.13133692741394043,6.381371974945068,5.124460697174072,301.5136179924011,4711.150281131268,64,1920,7320,1140,25060,1140,3420,0.644844077527523,0.6852532252669334,0.7070581242442131,0.7129165157675743,0.7170362323522568,0.706275537610054,0.6706467494368553,0.6590693891048431,0.6777073740959167,0.6884827017784119,0.6861308440566063,0.6833036243915558,0.6705688387155533,0.674497440457344,0.6790269985795021,0.682815358042717,0.6742485836148262,0.6678095757961273,0.6595370471477509,0.6802808865904808,0.6930504515767097,0.6762687787413597,0.6661873459815979,0.6682541817426682,0.6800641641020775,0.6850951388478279,0.6756432428956032,0.6667994260787964,0.6631115153431892,0.6650941669940948,0.6774922236800194,0.6802744492888451,0.6705364286899567,0.6533016264438629,0.6625530496239662,0.6839796528220177,0.6839035898447037,0.6666054725646973,0.6623871102929115,0.6707875356078148,0.6898576989769936,0.6942925974726677,0.6882606968283653,0.668826699256897,0.6571268737316132,0.6694945245981216,0.6756191924214363,0.6786495617457798,0.40869230404496193,0.3985520713031292,0.3926650658249855,0.3915110006928444,0.390604704618454,0.39659760147333145,0.4181035943329334,0.41848811507225037,0.40155789256095886,0.39575983211398125,0.39090465754270554,0.39615368098020554,0.4067450203001499,0.40612829104065895,0.4027753248810768,0.40106143057346344,0.40086717903614044,0.4034062288701534,0.41263336688280106,0.4031483680009842,0.3995188735425472,0.4054252542555332,0.4078274592757225,0.4030333496630192,0.4013819918036461,0.40107571333646774,0.4032655321061611,0.40765970945358276,0.4092629589140415,0.4117945581674576,0.4056016020476818,0.4029429219663143,0.40907303243875504,0.41769517958164215,0.41194118931889534,0.40000252425670624,0.39792485535144806,0.40603407844901085,0.41113410145044327,0.4105111211538315,0.40209896489977837,0.4018477760255337,0.4026801511645317,0.4101718068122864,0.4151805229485035,0.40683697909116745,0.40365836024284363,0.40013767565999714,0.10355324298143387,0.10611560754477978,0.10589450318366289,0.10456876456737518,0.10553961712867022,0.1027606064453721,0.1090313671156764,0.10989733226597309,0.11032846570014954,0.1090439585968852,0.11049597710371017,0.10937795415520668,0.1093163713812828,0.10942289512604475,0.10850464645773172,0.10905642993748188,0.10845414083451033,0.11303417850285769,0.11139055341482162,0.10859456565231085,0.10675229039043188,0.10788951627910137,0.11057364009320736,0.11048986203968525,0.10849352460354567,0.10826648864895105,0.1082006199285388,0.1106398506090045,0.11052021943032742,0.11118331830948591,0.10938109643757343,0.10939056519418955,0.11012308020144701,0.11112345568835735,0.1105406666174531,0.10843010619282722,0.10728314146399498,0.10694702249020338,0.1115525783970952,0.10837674606591463,0.10669594630599022,0.10692150145769119,0.10633306670933962,0.10990683827549219,0.11147348117083311,0.10929179936647415,0.10949523374438286,0.10850437198366437
SGF_RFW_ST4L20_PB,2,19,0.13679635524749756,0.137679914633433,5.0157012939453125,4.8953046798706055,456.3125033378601,7129.882864654064,64,1920,7320,1140,25060,1140,3420,0.6906777173280716,0.7167827636003494,0.7184604927897453,0.7110845819115639,0.7066750600934029,0.7051982134580612,0.7087486162781715,0.7045360133051872,0.7048092037439346,0.7072621583938599,0.7067873105406761,0.7130255624651909,0.7100938558578491,0.7105063050985336,0.7129752039909363,0.7117506191134453,0.7102349027991295,0.7093573063611984,0.7055300995707512,0.7038276195526123,0.7070494145154953,0.7076923698186874,0.7106503397226334,0.7110068500041962,0.705720953643322,0.7032628208398819,0.7037734240293503,0.7071076184511185,0.709165669977665,0.7124232053756714,0.7108229398727417,0.7080617249011993,0.7069221213459969,0.7054949179291725,0.7092009484767914,0.7146918326616287,0.7137957140803337,0.715396098792553,0.7097845673561096,0.7081809714436531,0.708483375608921,0.7100921273231506,0.7134978994727135,0.7123469635844231,0.7069850638508797,0.708817832171917,0.709935337305069,0.7073329091072083,0.39294054359197617,0.380894310772419,0.38888053968548775,0.38539304584264755,0.3824078440666199,0.40060390904545784,0.38956476002931595,0.39884135872125626,0.39803386479616165,0.3994146063923836,0.3938513323664665,0.3930106647312641,0.40123487636446953,0.39463062584400177,0.39249029010534286,0.3988043740391731,0.3923642672598362,0.39894648641347885,0.4039214663207531,0.3970353715121746,0.3901250548660755,0.3948168233036995,0.39534593001008034,0.3971259333193302,0.39751461148262024,0.3941267989575863,0.3908883407711983,0.3905901238322258,0.38933100551366806,0.38938668370246887,0.3937058039009571,0.39432302862405777,0.39757703617215157,0.3980586715042591,0.38337743654847145,0.39625250175595284,0.39503638446331024,0.3921263888478279,0.39246904104948044,0.39641841873526573,0.3952288255095482,0.3936316855251789,0.39222555235028267,0.3973938226699829,0.3989022262394428,0.3973845988512039,0.39478516951203346,0.3946015792233603,0.12489748746156693,0.1283311489969492,0.13083700090646744,0.13311878591775894,0.13295817002654076,0.13566776737570763,0.132842680439353,0.1307107862085104,0.129173394292593,0.12785580195486546,0.12613978516310453,0.12581300362944603,0.12911644112318754,0.12925609946250916,0.1270961295813322,0.1321275345981121,0.13223321735858917,0.13203874789178371,0.13131897151470184,0.1310865432024002,0.1305362218990922,0.1277076993137598,0.127980993129313,0.1287537720054388,0.12472450267523527,0.1258328454568982,0.12790914252400398,0.12771339900791645,0.12870682403445244,0.12768007162958384,0.12598848715424538,0.1294375928118825,0.1316023226827383,0.1324694063514471,0.12698765564709902,0.12563014216721058,0.12655137665569782,0.12616133876144886,0.12614038400352,0.12649501021951437,0.13007083348929882,0.13146503269672394,0.1301251221448183,0.12770162522792816,0.12640926893800497,0.12789698131382465,0.129226328805089,0.1280422242624419
SGF_RFW_ST4L20_PB,3,19,0.1403623024622599,0.12995060284932458,3.9658327102661133,4.6210103034973145,301.62694907188416,4712.92107924819,64,1920,7320,1140,25060,1140,3420,0.6548243835568428,0.6622405871748924,0.6688733994960785,0.6660059094429016,0.660605177283287,0.6615081205964088,0.6605187281966209,0.6613461747765541,0.66331896930933,0.6610453501343727,0.6613792926073074,0.6668731644749641,0.6633446216583252,0.6625639647245407,0.6630021557211876,0.6608562916517258,0.6610983461141586,0.6631149798631668,0.6633965149521828,0.6660003960132599,0.6624383106827736,0.6603283584117889,0.6583932265639305,0.6605532914400101,0.658210389316082,0.6634238883852959,0.6614661663770676,0.6622210294008255,0.6604639738798141,0.6623834446072578,0.6607272028923035,0.6601018458604813,0.6624496579170227,0.6625229492783546,0.664611704647541,0.6625364199280739,0.6619552969932556,0.6596581861376762,0.6581996008753777,0.6582018658518791,0.6592868641018867,0.6575004234910011,0.6612948104739189,0.6622424498200417,0.658320963382721,0.658860556781292,0.6541729792952538,0.6604591522897992,0.46005669981241226,0.4556948281824589,0.45201388746500015,0.4496476985514164,0.45523272454738617,0.4581579491496086,0.45407936722040176,0.454505056142807,0.4550006166100502,0.4621739014983177,0.45704299956560135,0.4549906924366951,0.4663138762116432,0.4676942452788353,0.4674450159072876,0.46512531861662865,0.4645034782588482,0.45886388421058655,0.4633515775203705,0.45663972198963165,0.4648287072777748,0.4711777865886688,0.4659544415771961,0.46139826625585556,0.46870993822813034,0.4573162980377674,0.46305210143327713,0.4639844745397568,0.4597000479698181,0.46048377826809883,0.4622439593076706,0.46416275575757027,0.4659772701561451,0.4647901579737663,0.46559057012200356,0.4637284688651562,0.46343546360731125,0.4659666679799557,0.46049555018544197,0.46213409304618835,0.45795223489403725,0.4669657573103905,0.4687659218907356,0.46913713589310646,0.46777205541729927,0.4656125046312809,0.4753764718770981,0.46579609172684805,0.11299408879131079,0.11442038230597973,0.11444760113954544,0.11821586824953556,0.11868886556476355,0.11731036007404327,0.113212994299829,0.11184519995003939,0.11106275487691164,0.11214518267661333,0.11228592973202467,0.11422959435731173,0.11246681399643421,0.11187757924199104,0.11500942893326283,0.11615607421845198,0.11380711477249861,0.111585458740592,0.11060880962759256,0.11120408214628696,0.11273947264999151,0.11311827600002289,0.11206840723752975,0.11173595115542412,0.11218595877289772,0.11346807517111301,0.11322196945548058,0.11252220254391432,0.11152087617665529,0.11115442495793104,0.1121145086362958,0.11168205365538597,0.1122838482260704,0.11186921130865812,0.11234600841999054,0.11301950085908175,0.11337733920663595,0.11342695821076632,0.11258705239742994,0.11361713241785765,0.11288037709891796,0.11397737544029951,0.11468422133475542,0.11449371371418238,0.1114211855456233,0.11111253406852484,0.11342252511531115,0.11166275931256157
