arm,seed,prompt,subject_consistency,subject_consistency_inclip,subject_consistency_clip2clip,dynamic_degree,motion_early_4_8,motion_late_38_47,wall_s,dit_ms_per_block,commit_calls,nosink_reads,trb_calls,far_reads,far_anchors
SGF_RF,0,0,0.9795370041932051,0.9711050250998108,0.8847770004168801,0.9583333333333334,8.014925956726074,8.590353965759277,279.53308844566345,4367.704506963491,64,0,7320,0,0
SGF_RF,1,0,0.9781197432621775,0.9665619401281239,0.9180210776951002,1.0,7.431159496307373,7.950909614562988,278.2413477897644,4347.521059215069,64,0,7320,0,0
SGF_RF,0,1,0.9861795128915735,0.9806151308760206,0.945669474809066,0.4166666666666667,6.152141571044922,7.289464950561523,280.6860785484314,4385.719977319241,64,0,7320,0,0
SGF_RF,1,1,0.9845548127114796,0.9760168291708474,0.964940229187841,1.0,9.128242492675781,10.313691139221191,277.45177841186523,4335.184037685394,64,0,7320,0,0
SGF_RF,0,2,0.9796751360203833,0.9698237868085983,0.9151798046153524,1.0,5.040956497192383,5.2049360275268555,279.01863861083984,4359.666228294373,64,0,7320,0,0
SGF_RF,1,2,0.9840621120021354,0.9765666326688182,0.9438212928564652,1.0,4.808073043823242,4.208869457244873,280.0778992176056,4376.217175275087,64,0,7320,0,0
SGF_RF,0,3,0.9840316581338818,0.9817924640912522,0.8594619877960371,0.0,5.816053867340088,3.9612269401550293,279.213063955307,4362.704124301672,64,0,7320,0,0
SGF_RF,1,3,0.9872094314361668,0.9835514981820378,0.9361914085305255,0.0,5.446854591369629,5.674511432647705,277.8002247810364,4340.628512203693,64,0,7320,0,0
SGF_RF,0,4,0.9832624277039729,0.9744167440440705,0.9492826008278391,0.9166666666666666,12.3534574508667,11.1024808883667,279.53785514831543,4367.778986692429,64,0,7320,0,0
SGF_RF,1,4,0.9800352356092962,0.9703472168535314,0.9188807878805244,1.0,17.162195205688477,16.563434600830078,278.2939224243164,4348.342537879944,64,0,7320,0,0
SGF_RF,0,5,0.9815705265378284,0.9755260355930816,0.8783198271108711,0.2916666666666667,2.9444141387939453,3.4637820720672607,279.33216190338135,4364.565029740334,64,0,7320,0,0
SGF_RF,1,5,0.9788531460695404,0.9726624098275938,0.8462659651818484,0.20833333333333334,2.614471673965454,2.4003188610076904,277.7272365093231,4339.488070458174,64,0,7320,0,0
SGF_RF,0,6,0.9727185055821335,0.9651356133562263,0.8073228053424669,0.9166666666666666,9.694849967956543,12.837697982788086,280.2675187587738,4379.179980605841,64,0,7320,0,0
SGF_RF,1,6,0.9798700410465289,0.9751980911980392,0.8418294696704202,0.875,8.437313079833984,11.541369438171387,278.20371413230896,4346.9330333173275,64,0,7320,0,0
SGF_RF,0,7,0.9737440891624592,0.976293080836855,0.7286575436592102,0.8333333333333334,10.616691589355469,9.954463958740234,279.64908599853516,4369.516968727112,64,0,7320,0,0
SGF_RF,1,7,0.9686466571392325,0.9713129003442104,0.6958882598125417,0.9166666666666666,8.103371620178223,8.775574684143066,277.6435446739197,4338.180385529995,64,0,7320,0,0
SGF_RF,0,8,0.9904313661490219,0.991704449738546,0.9082833334155703,0.0,4.146238803863525,5.783860683441162,279.2031936645508,4362.549901008606,64,0,7320,0,0
SGF_RF,1,8,0.9908207539708171,0.9909840056332208,0.9335710432218468,0.0,2.994293689727783,4.096503257751465,278.8735077381134,4357.398558408022,64,0,7320,0,0
SGF_RF,0,9,0.9912202802416911,0.9883654421615985,0.9760967868825664,1.0,5.2313055992126465,7.016396522521973,279.8708894252777,4372.982647269964,64,0,7320,0,0
SGF_RF,1,9,0.9906854712195114,0.988108045431555,0.9698359771915103,1.0,5.31298828125,6.458132266998291,278.6256773471832,4353.526208549738,64,0,7320,0,0
SGF_RF,0,10,0.9843420631561379,0.9772303491350143,0.9427914282549983,0.5,5.441004276275635,5.261612892150879,278.24081897735596,4347.512796521187,64,0,7320,0,0
SGF_RF,1,10,0.9831447797164895,0.9785072234689549,0.8814597129821777,0.625,5.105415344238281,6.161315441131592,278.68433904647827,4354.442797601223,64,0,7320,0,0
SGF_RF,0,11,0.9747587340877358,0.969544964652228,0.8043137257513792,0.9583333333333334,7.40606689453125,9.59796142578125,278.49207067489624,4351.438604295254,64,0,7320,0,0
SGF_RF,1,11,0.9780686525493545,0.970645837886359,0.8502959142560544,0.9166666666666666,6.513689994812012,6.796213626861572,278.12796211242676,4345.749408006668,64,0,7320,0,0
SGF_RF,0,12,0.975425681452636,0.9725373858405698,0.789169918583787,1.0,8.366556167602539,7.297719955444336,279.5276520252228,4367.619562894106,64,0,7320,0,0
SGF_RF,1,12,0.9846454340784984,0.9781380987135314,0.9397550043852433,1.0,9.387118339538574,8.581498146057129,279.8501057624817,4372.657902538776,64,0,7320,0,0
SGF_RF,0,13,0.9694057445161381,0.9472170554261695,0.9441867781722028,1.0,16.199377059936523,13.453475952148438,278.6027431488037,4353.167861700058,64,0,7320,0,0
SGF_RF,1,13,0.9593382374113529,0.9422268982856504,0.7738429910462835,1.0,12.120186805725098,11.275259971618652,276.9926052093506,4328.009456396103,64,0,7320,0,0
SGF_RF,0,14,0.9870507277300425,0.98685273760429,0.8710952284543411,0.8333333333333334,5.500573635101318,8.004837989807129,278.6012134552002,4353.143960237503,64,0,7320,0,0
SGF_RF,1,14,0.9865176415664795,0.9842225215047278,0.9018923445888186,0.75,6.6014180183410645,6.263749599456787,278.47144508361816,4351.116329431534,64,0,7320,0,0
SGF_RF,0,15,0.9924181056854934,0.9913310033259212,0.9717886344246244,1.0,12.853561401367188,12.850407600402832,278.9070165157318,4357.92213305831,64,0,7320,0,0
SGF_RF,1,15,0.988702937828266,0.9891064451827156,0.8908171355724335,1.0,9.107556343078613,9.060755729675293,278.6632640361786,4354.11350056529,64,0,7320,0,0
SGF_RF,0,16,0.9783630696651867,0.9693223115016695,0.8741544925648234,0.7083333333333334,5.349372386932373,6.242215633392334,278.29884481430054,4348.419450223446,64,0,7320,0,0
SGF_RF,1,16,0.9693114896387994,0.9512091301061133,0.874352145454158,0.7916666666666666,4.320986270904541,3.2888753414154053,278.2697787284851,4347.96529263258,64,0,7320,0,0
SGF_RF,0,17,0.9683437459640576,0.9701381924171603,0.6987935680410137,0.9583333333333334,10.888148307800293,7.437555313110352,278.5491964817047,4352.331195026636,64,0,7320,0,0
SGF_RF,1,17,0.9756753073694521,0.9718898072918897,0.7996285052403159,1.0,7.03244686126709,5.653359889984131,277.455463886261,4335.241623222828,64,0,7320,0,0
SGF_RF,0,18,0.9922688584990187,0.9918252582992277,0.9571825965591098,0.125,3.247711658477783,4.1215925216674805,278.65028738975525,4353.910740464926,64,0,7320,0,0
SGF_RF,1,18,0.9877892634735727,0.9860275128195362,0.915641162706458,0.3333333333333333,4.4204792976379395,4.768397331237793,280.07551074028015,4376.179855316877,64,0,7320,0,0
SGF_RF,0,19,0.9666093479712418,0.9528400548283131,0.8080295104047527,0.20833333333333334,4.803009986877441,6.271400451660156,278.11629128456116,4345.567051321268,64,0,7320,0,0
SGF_RF,1,19,0.967316541995542,0.9594752443653922,0.7637727059747862,0.875,3.927264928817749,5.045615196228027,277.8084063529968,4340.756349265575,64,0,7320,0,0
SGF_RF,0,20,0.9854308907951523,0.9839408055188196,0.8668946468311808,0.0,2.904987096786499,2.799654483795166,279.8235239982605,4372.24256247282,64,0,7320,0,0
SGF_RF,1,20,0.9916502521633026,0.9901857724192963,0.9655715693598208,0.0,2.21528697013855,3.856271266937256,278.35492038726807,4349.2956310510635,64,0,7320,0,0
SGF_RF,0,21,0.9855366104970193,0.981044536516551,0.9241771322229634,0.6666666666666666,5.978848934173584,7.240772247314453,278.5165991783142,4351.8218621611595,64,0,7320,0,0
SGF_RF,1,21,0.9856968757016485,0.9816332002400712,0.9195822943811831,0.5416666666666666,5.616824150085449,8.971012115478516,277.74048495292664,4339.695077389479,64,0,7320,0,0
SGF_RF,0,22,0.9737850517549802,0.9618473753172864,0.8530156936334526,1.0,14.028801918029785,12.52258586883545,278.4642610549927,4351.004078984261,64,0,7320,0,0
SGF_RF,1,22,0.9784221464246308,0.9678991060423595,0.9043417702550474,0.9583333333333334,16.048276901245117,13.7174072265625,278.16881251335144,4346.387695521116,64,0,7320,0,0
SGF_RF,0,23,0.9753471534940125,0.9615470083650722,0.908080167096594,1.0,10.442248344421387,10.583754539489746,278.5755469799042,4352.742921561003,64,0,7320,0,0
SGF_RF,1,23,0.9662668496566486,0.9710066136253136,0.6711582547944525,1.0,8.23055362701416,8.779440879821777,277.625634431839,4337.900537997484,64,0,7320,0,0
SGF_RF,0,24,0.9733368225658546,0.9555511277128933,0.9393772742022639,1.0,7.859961032867432,9.446980476379395,278.25265073776245,4347.697667777538,64,0,7320,0,0
SGF_RF,1,24,0.9639127318694225,0.939181328620962,0.8985183329685874,1.0,7.359278678894043,9.895299911499023,278.88586807250977,4357.591688632965,64,0,7320,0,0
SGF_RF,0,25,0.9703005375338165,0.9625925131302367,0.7867516227390455,1.0,7.746662616729736,10.459611892700195,280.065801858902,4376.028154045343,64,0,7320,0,0
SGF_RF,1,25,0.9601946095252574,0.9525632540625271,0.7074926657521207,1.0,10.483363151550293,9.664637565612793,278.56276416778564,4352.543190121651,64,0,7320,0,0
SGF_RF,0,26,0.9822989155450594,0.977166711643178,0.8746927704500115,0.6666666666666666,4.823987007141113,6.9362568855285645,277.4686677455902,4335.447933524847,64,0,7320,0,0
SGF_RF,1,26,0.9824831467989826,0.974089545107657,0.9363085757131162,1.0,8.401223182678223,8.961878776550293,278.7520446777344,4355.5006980896,64,0,7320,0,0
SGF_RF,0,27,0.9861158423847204,0.9820837177816899,0.9262031899846118,0.08333333333333333,5.298605442047119,5.475516319274902,277.8062129020691,4340.72207659483,64,0,7320,0,0
SGF_RF,1,27,0.9841853186059423,0.9786957362967152,0.917971319478491,0.08333333333333333,5.013558864593506,4.859128475189209,278.16580748558044,4346.340741962194,64,0,7320,0,0
SGF_RF,0,28,0.9688736250514355,0.9523215747328214,0.8496408449566882,1.0,11.312214851379395,11.727533340454102,278.3154957294464,4348.6796207726,64,0,7320,0,0
SGF_RF,1,28,0.9713139493802571,0.9578149184504504,0.8442248948242354,1.0,10.597135543823242,12.97217845916748,278.535685300827,4352.120082825422,64,0,7320,0,0
SGF_RF,0,29,0.9709558919400365,0.9654783201954699,0.7737025307572406,1.0,10.883606910705566,15.620336532592773,278.0072705745697,4343.863602727652,64,0,7320,0,0
SGF_RF,1,29,0.9693954330746933,0.9590921522548763,0.8018088029778522,1.0,12.1976957321167,13.846070289611816,279.8637707233429,4372.871417552233,64,0,7320,0,0
SGF_RF,0,30,0.9734551934577252,0.9560529544789306,0.9360673932925515,1.0,9.995786666870117,9.494088172912598,278.2264132499695,4347.287707030773,64,0,7320,0,0
SGF_RF,1,30,0.9750105465423431,0.9592492598038849,0.9349985926047616,1.0,8.54556941986084,10.563474655151367,278.4787395000458,4351.230304688215,64,0,7320,0,0
SGF_RF,0,31,0.9853525321910488,0.9809378441623462,0.9197077310603597,1.0,7.685243606567383,7.334752559661865,278.9217517375946,4358.152370899916,64,0,7320,0,0
SGF_RF,1,31,0.9809805113753373,0.9731955769401724,0.9010171592235565,0.875,8.77966594696045,8.023214340209961,278.6024534702301,4353.163335472345,64,0,7320,0,0
SGF_RF,0,32,0.9866752956762546,0.9856970064261908,0.8790805002917415,0.5,3.071532726287842,2.8089206218719482,277.6601822376251,4338.4403474628925,64,0,7320,0,0
SGF_RF,1,32,0.9885667730582117,0.9882127545293301,0.9038905397705411,0.9166666666666666,3.817124605178833,4.046092987060547,278.2010476589203,4346.8913696706295,64,0,7320,0,0
SGF_RF,0,33,0.9789762912268483,0.971357983206549,0.8631713869779006,0.0,7.633711814880371,8.16286563873291,278.54891633987427,4352.326817810535,64,0,7320,0,0
SGF_RF,1,33,0.9675257058503952,0.9642649484417771,0.726096083936484,0.875,6.386580467224121,6.059971332550049,277.5092103481293,4336.08141168952,64,0,7320,0,0
SGF_RF,0,34,0.9691294829981026,0.9538373579821919,0.840765338876973,1.0,9.1566743850708,10.869071960449219,278.7732210159302,4355.831578373909,64,0,7320,0,0
SGF_RF,1,34,0.9805580176663894,0.9734628581872551,0.8790724575519562,0.9166666666666666,8.749041557312012,9.153605461120605,280.0944266319275,4376.475416123867,64,0,7320,0,0
SGF_RF,0,35,0.9825046642071666,0.975908429592207,0.9072219249994858,0.08333333333333333,8.975510597229004,9.123598098754883,278.1023602485657,4345.349378883839,64,0,7320,0,0
SGF_RF,1,35,0.984048735449203,0.9787155070131824,0.9124615373818771,0.375,7.210208415985107,7.369998455047607,277.82206106185913,4340.969704091549,64,0,7320,0,0
SGF_RF,0,36,0.9678516536500359,0.9492792515584858,0.8612258512040843,1.0,6.843625545501709,7.135706901550293,279.85472536087036,4372.730083763599,64,0,7320,0,0
SGF_RF,1,36,0.9675868602108579,0.9557584019838483,0.7992081668065941,0.5416666666666666,6.685006141662598,6.226745128631592,278.2890315055847,4348.266117274761,64,0,7320,0,0
SGF_RF,0,37,0.9862043440367687,0.9797153540195959,0.9569244073784869,0.20833333333333334,4.100481033325195,4.461226463317871,278.48970913887024,4351.4017052948475,64,0,7320,0,0
SGF_RF,1,37,0.977311561399123,0.9722385815875505,0.8227294333603071,0.375,2.867051601409912,3.6595189571380615,277.73573064804077,4339.620791375637,64,0,7320,0,0
SGF_RF,0,38,0.9807956025996326,0.9724249715205803,0.9084304026935411,0.7083333333333334,5.762658596038818,11.146435737609863,278.4942057132721,4351.4719642698765,64,0,7320,0,0
SGF_RF,1,38,0.9787146762936461,0.9667942943351884,0.9332908042099165,0.9583333333333334,3.826179265975952,7.900475978851318,278.2083716392517,4347.005806863308,64,0,7320,0,0
SGF_RF,0,39,0.9892380813571426,0.9877381360819263,0.934576478989228,0.25,5.920009613037109,5.080256938934326,278.5727081298828,4352.698564529419,64,0,7320,0,0
SGF_RF,1,39,0.991359480459305,0.9897580309821072,0.9611449241638184,0.20833333333333334,5.519508361816406,5.339560031890869,277.6013071537018,4337.52042427659,64,0,7320,0,0
SGF_RF,0,40,0.9822357183258451,0.9780086374250793,0.8616678313068723,0.9583333333333334,5.97600793838501,5.37015438079834,278.2439031600952,4347.560986876488,64,0,7320,0,0
SGF_RF,1,40,0.9861189308385567,0.9835983084975392,0.8984159658784452,0.6666666666666666,4.9972734451293945,5.1195068359375,278.9130048751831,4358.015701174736,64,0,7320,0,0
SGF_RF,0,41,0.9805210500068405,0.9774605857749138,0.8316357317178146,0.9166666666666666,8.927371978759766,8.580650329589844,280.0703356266022,4376.098994165659,64,0,7320,0,0
SGF_RF,1,41,0.9754502279885715,0.9672614653264322,0.8322737411312436,0.9583333333333334,6.654473781585693,7.759058952331543,278.59565114974976,4353.05704921484,64,0,7320,0,0
SGF_RF,0,42,0.99139969091636,0.9905521848429274,0.9509014059668002,0.08333333333333333,2.545858860015869,3.365051507949829,277.48279643058777,4335.668694227934,64,0,7320,0,0
SGF_RF,1,42,0.9884773912017497,0.9873209244381357,0.9171993525131888,0.08333333333333333,3.0932400226593018,3.528073787689209,278.69856786727905,4354.665122926235,64,0,7320,0,0
SGF_RF,0,43,0.9884827424938818,0.9871174313368335,0.9211090505123138,0.5,4.955878257751465,5.415915489196777,277.8595561981201,4341.555565595627,64,0,7320,0,0
SGF_RF,1,43,0.9865141768206344,0.9829414681962101,0.9251656972843668,0.875,6.307800769805908,5.301973819732666,278.1785454750061,4346.53977304697,64,0,7320,0,0
SGF_RF,0,44,0.9692041167593067,0.9691337657872067,0.7167101275661717,1.0,7.851787567138672,7.642845630645752,278.34805059432983,4349.188290536404,64,0,7320,0,0
SGF_RF,1,44,0.9792189916717605,0.973300493372384,0.8470934150011643,1.0,6.469558238983154,8.664928436279297,278.5038106441498,4351.62204131484,64,0,7320,0,0
SGF_RF,0,45,0.9927924875561566,0.992609156115401,0.9615734530531842,0.0,3.395479917526245,3.142756938934326,277.75965309143066,4339.994579553604,64,0,7320,0,0
SGF_RF,1,45,0.992256706054877,0.990623660305495,0.9746955361055291,0.0,2.6745946407318115,3.002741813659668,279.8348298072815,4372.419215738773,64,0,7320,0,0
SGF_RF,0,46,0.9846484613527399,0.9794629783800213,0.9208693983762161,0.875,5.375917434692383,5.134742736816406,278.21146941185,4347.054209560156,64,0,7320,0,0
SGF_RF,1,46,0.9835855721664956,0.9783128881326286,0.9027338429637576,0.375,4.485063552856445,4.390209197998047,278.45748233795166,4350.898161530495,64,0,7320,0,0
SGF_RF,0,47,0.9859920074034854,0.9836766460650069,0.8909944878972095,0.625,2.687182903289795,3.9802465438842773,278.9027216434479,4357.855025678873,64,0,7320,0,0
SGF_RF,1,47,0.9891633096711417,0.9875160684428549,0.9354820251464844,0.4166666666666667,2.118726968765259,3.5069971084594727,278.5582318305969,4352.472372353077,64,0,7320,0,0
SGF_RF,0,48,0.989563624250479,0.989201696088878,0.9224253957686216,0.375,4.469406604766846,3.023362636566162,277.63090896606445,4337.982952594757,64,0,7320,0,0
SGF_RF,1,48,0.9904786653409235,0.9903053251565787,0.9335024097691411,0.2916666666666667,3.02154278755188,3.2515411376953125,278.1833415031433,4346.614710986614,64,0,7320,0,0
SGF_RF,0,49,0.977307437331738,0.9649332370408761,0.9180980285872584,1.0,17.584199905395508,18.707035064697266,278.59124970436096,4352.98827663064,64,0,7320,0,0
SGF_RF,1,49,0.9685910821509577,0.9475090548956907,0.9179376234178958,1.0,16.78885269165039,19.1723575592041,277.4400954246521,4335.001491010189,64,0,7320,0,0
SGF_RF,0,50,0.9793898548692486,0.9697594692309698,0.9057300142619921,1.0,10.508543968200684,11.278651237487793,278.7340831756592,4355.220049619675,64,0,7320,0,0
SGF_RF,1,50,0.9831586353759741,0.9762539716177091,0.9247650750305342,1.0,7.791116237640381,7.621212482452393,280.11501955986023,4376.797180622816,64,0,7320,0,0
SGF_RF,0,51,0.9826890268474008,0.9782803461596531,0.8689107739407084,0.4583333333333333,3.348053216934204,3.627084255218506,278.1553294658661,4346.177022904158,64,0,7320,0,0
SGF_RF,1,51,0.9821495566328521,0.9746017200091193,0.9183943725150564,0.0,5.559314727783203,3.6944706439971924,277.9142987728119,4342.410918325186,64,0,7320,0,0
SGF_RF,0,52,0.9736246428634505,0.9758222316221524,0.7301587533691655,0.5833333333333334,7.355377197265625,8.734818458557129,279.889098405838,4373.267162591219,64,0,7320,0,0
SGF_RF,1,52,0.9664539294557075,0.9552063234751264,0.784320567937001,0.8333333333333334,9.10010814666748,9.863127708435059,278.2941162586212,4348.3455665409565,64,0,7320,0,0
SGF_RF,0,53,0.9822334251637602,0.9742139568652517,0.9279854051444841,1.0,13.836771011352539,14.9541597366333,278.5132818222046,4351.770028471947,64,0,7320,0,0
SGF_RF,1,53,0.9822026863838116,0.9749050399148337,0.9146879108055778,1.0,16.225107192993164,13.597114562988281,277.7672920227051,4340.113937854767,64,0,7320,0,0
SGF_RF,0,54,0.9892798759417823,0.9853940508378449,0.9670385355534762,0.125,4.869872093200684,4.964406490325928,278.5457091331482,4352.2767052054405,64,0,7320,0,0
SGF_RF,1,54,0.9878412355909297,0.982539439714083,0.9663860720136891,0.4166666666666667,5.636012077331543,4.674808025360107,278.209764957428,4347.027577459812,64,0,7320,0,0
SGF_RF,0,55,0.9729338357431576,0.9760257022114852,0.7201756711887276,0.041666666666666664,6.378996849060059,7.243725299835205,278.5683903694153,4352.631099522114,64,0,7320,0,0
SGF_RF,1,55,0.9817991390236713,0.9792325382912029,0.8402714884799459,0.08333333333333333,4.127786636352539,5.665285587310791,277.615350484848,4337.73985132575,64,0,7320,0,0
SGF_RF,0,56,0.9686226921410817,0.966504740378549,0.725808872476868,0.9583333333333334,10.398065567016602,11.342204093933105,278.1468098163605,4346.043903380632,64,0,7320,0,0
SGF_RF,1,56,0.9733710769944887,0.969955964274304,0.7767773432576138,0.75,16.022071838378906,11.027322769165039,278.85761761665344,4357.15027526021,64,0,7320,0,0
SGF_RF,0,57,0.9635810233228382,0.9395601076464498,0.8780618776445803,1.0,11.210254669189453,10.651101112365723,280.0629849433899,4375.984139740467,64,0,7320,0,0
SGF_RF,1,57,0.9674601003875097,0.9481183798402869,0.8655353421750277,1.0,9.3035306930542,10.752528190612793,278.588054895401,4352.938357740641,64,0,7320,0,0
SGF_RF,0,58,0.9812387024809576,0.9748404219105679,0.8787530582884083,0.9583333333333334,3.7852492332458496,4.7523651123046875,277.4642553329468,4335.378989577293,64,0,7320,0,0
SGF_RF,1,58,0.9827857225616853,0.9769807161903509,0.8973251620064611,1.0,4.801525592803955,5.543476581573486,278.69924783706665,4354.675747454166,64,0,7320,0,0
SGF_RF,0,59,0.9923618340430024,0.9897131279751817,0.9845324858375216,1.0,5.117151260375977,4.89378023147583,277.83843064308167,4341.225478798151,64,0,7320,0,0
SGF_RF,1,59,0.9946741536686899,0.9947214743462943,0.980382564275161,1.0,6.136587619781494,6.360073089599609,278.1214208602905,4345.6472009420395,64,0,7320,0,0
SGF_RF,0,60,0.98847877884127,0.9858783872057032,0.9388360394083936,1.0,7.203860759735107,7.4069695472717285,278.4227271080017,4350.355111062527,64,0,7320,0,0
SGF_RF,1,60,0.9820235742449848,0.9764803883529479,0.8773680381152941,1.0,7.149486541748047,9.891432762145996,278.59206199645996,4353.000968694687,64,0,7320,0,0
SGF_RF,0,61,0.9801148282390244,0.9754396816415172,0.8440215367337932,1.0,5.233976364135742,5.525389194488525,277.7521438598633,4339.877247810364,64,0,7320,0,0
SGF_RF,1,61,0.9638187585318493,0.9646081212627632,0.6804935562869777,0.9583333333333334,4.919744968414307,5.894678592681885,279.8742952346802,4373.035863041878,64,0,7320,0,0
SGF_RF,0,62,0.9820906488278615,0.9758478035369227,0.8915781663811725,0.9583333333333334,6.289515495300293,7.523248195648193,278.50536727905273,4351.646363735199,64,0,7320,0,0
SGF_RF,1,62,0.9778516579839618,0.9724422066762882,0.8288013248339944,1.0,5.448422431945801,7.535528659820557,278.45799493789673,4350.906170904636,64,0,7320,0,0
SGF_RF,0,63,0.9941619171286851,0.9944495094078842,0.974578918322273,0.0,2.9496357440948486,3.0246853828430176,278.84454441070557,4356.9460064172745,64,0,7320,0,0
SGF_RF,1,63,0.9901807938019695,0.9900398157456869,0.929155330295148,0.5833333333333334,3.7877416610717773,4.621276378631592,278.71431064605713,4354.911103844643,64,0,7320,0,0
SGF_RF,0,64,0.9847050133277998,0.9786872751610253,0.9343857519004656,0.8333333333333334,3.308128595352173,4.294599533081055,277.6272625923157,4337.925978004932,64,0,7320,0,0
SGF_RF,1,64,0.9883407397969822,0.983981827414164,0.9570097042166669,0.875,4.594714164733887,4.502175331115723,278.1721227169037,4346.43941745162,64,0,7320,0,0
SGF_RF,0,65,0.9800546983932387,0.9734867718671598,0.8634910998137101,1.0,6.716322898864746,7.609467029571533,278.5962121486664,4353.065814822912,64,0,7320,0,0
SGF_RF,1,65,0.9796646519393087,0.9720610926949208,0.8714796991451926,1.0,6.113211154937744,6.630864143371582,277.4526529312134,4335.197702050209,64,0,7320,0,0
SGF_RF,0,66,0.9870650096477286,0.9851916008979403,0.9042165771774625,0.0,2.843682050704956,4.546396732330322,278.4937844276428,4351.465381681919,64,0,7320,0,0
SGF_RF,1,66,0.9833801602188013,0.9866578037379891,0.8055032264927159,0.0,2.8426754474639893,4.530378341674805,280.1201124191284,4376.8767565488815,64,0,7320,0,0
SGF_RF,0,67,0.9891303049651573,0.986453791339231,0.9462936948175016,0.6666666666666666,6.455193042755127,5.429012298583984,278.1934657096863,4346.772901713848,64,0,7320,0,0
SGF_RF,1,67,0.9882376271371575,0.9835580933078001,0.9599461464778237,1.0,7.923283576965332,9.181047439575195,277.83256673812866,4341.13385528326,64,0,7320,0,0
SGF_RF,0,68,0.9642853603944777,0.9561632874832359,0.7389063388109207,0.125,6.0219011306762695,6.253562927246094,279.82615542411804,4372.283678501844,64,0,7320,0,0
SGF_RF,1,68,0.9703469052095217,0.9612681000863992,0.7993041924808336,0.375,9.272721290588379,7.136402606964111,278.33935260772705,4349.052384495735,64,0,7320,0,0
SGF_RF,0,69,0.9779041542979424,0.9667090078996073,0.9071923649829366,0.5416666666666666,12.259140968322754,9.197965621948242,278.5645537376404,4352.571152150631,64,0,7320,0,0
SGF_RF,1,69,0.9635490427766253,0.9682042144479291,0.6511594970589099,0.7083333333333334,8.322420120239258,11.209959030151367,277.72685503959656,4339.482109993696,64,0,7320,0,0
SGF_RF,0,70,0.9638755845624436,0.9551822027612117,0.7403422250695849,0.8333333333333334,15.809957504272461,17.575910568237305,278.43482303619385,4350.544109940529,64,0,7320,0,0
SGF_RF,1,70,0.9655788113923376,0.9554377360449683,0.7678860866505167,0.6666666666666666,13.185465812683105,12.915160179138184,278.18973684310913,4346.71463817358,64,0,7320,0,0
SGF_RF,0,71,0.9788072417775453,0.9734057141167503,0.8385984962401182,0.5416666666666666,15.788702964782715,13.977627754211426,278.5822706222534,4352.84797847271,64,0,7320,0,0
SGF_RF,1,71,0.9876812391389364,0.9845127764969103,0.9359708674575972,0.3333333333333333,20.38600730895996,18.032127380371094,277.62630128860474,4337.910957634449,64,0,7320,0,0
SGF_RF,0,72,0.9731181232248852,0.9578346696992716,0.8930992302687272,1.0,7.732842445373535,9.35721206665039,278.2497868537903,4347.652919590473,64,0,7320,0,0
SGF_RF,1,72,0.9794053918815129,0.9683387854326796,0.9312548196834066,1.0,7.672986030578613,10.26036548614502,278.87257266044617,4357.383947819471,64,0,7320,0,0
SGF_RF,0,73,0.969165640456043,0.965676604860252,0.7410950654226801,0.8333333333333334,7.671095371246338,7.367857933044434,280.0582802295685,4375.9106285870075,64,0,7320,0,0
SGF_RF,1,73,0.9605131388335595,0.9553076426188151,0.694551350629848,0.7916666666666666,6.163250923156738,6.00083065032959,278.626957654953,4353.546213358641,64,0,7320,0,0
SGF_RF,0,74,0.9693612272064785,0.9572601677269065,0.8162175157795781,1.0,7.699085712432861,7.134047508239746,277.48664712905884,4335.728861391544,64,0,7320,0,0
SGF_RF,1,74,0.9789474315268213,0.9664597495669319,0.9426062793835349,1.0,6.672778129577637,6.08671760559082,278.70856857299805,4354.8213839530945,64,0,7320,0,0
SGF_RF,0,75,0.9814695277816631,0.9728004996494581,0.9260433393975963,1.0,10.737890243530273,10.193007469177246,277.8513402938843,4341.427192091942,64,0,7320,0,0
SGF_RF,1,75,0.9850383712928616,0.9791903675643988,0.9364287736623184,1.0,11.253463745117188,11.795589447021484,278.1313292980194,4345.802020281553,64,0,7320,0,0
SGF_RF,0,76,0.9602764032386016,0.948420640161281,0.7364502264105756,0.9166666666666666,8.674575805664062,8.987749099731445,278.3347144126892,4348.979912698269,64,0,7320,0,0
SGF_RF,1,76,0.9757048544889037,0.9658469270554281,0.8511346215787142,1.0,10.976264953613281,13.15810489654541,278.53004908561707,4352.032016962767,64,0,7320,0,0
SGF_RF,0,77,0.9855061680387237,0.9807658419013023,0.9278767108917236,0.5833333333333334,3.223618268966675,3.9991295337677,277.7547116279602,4339.917369186878,64,0,7320,0,0
SGF_RF,1,77,0.9786574034219538,0.9727145404584947,0.842344598925632,0.125,3.588318109512329,5.370994567871094,279.8128159046173,4372.0752485096455,64,0,7320,0,0
SGF_RF,0,78,0.9816979367934543,0.9734613332617027,0.9225780588129292,1.0,9.915075302124023,10.460128784179688,278.20484685897827,4346.9507321715355,64,0,7320,0,0
SGF_RF,1,78,0.9813516808449861,0.9728922392091444,0.9204817608646726,1.0,7.872075080871582,9.136836051940918,278.5021502971649,4351.596098393202,64,0,7320,0,0
SGF_RF,0,79,0.9747641806158022,0.9677468872358723,0.8185031556564829,0.3333333333333333,5.027180194854736,6.303713798522949,278.88432359695435,4357.567556202412,64,0,7320,0,0
SGF_RF,1,79,0.9731181189684209,0.9650982507774906,0.8138952682847562,0.25,4.698709487915039,5.235593795776367,278.55419278144836,4352.409262210131,64,0,7320,0,0
SGF_RF,0,80,0.9834853384046616,0.9746744944764081,0.9515627246835957,0.4166666666666667,4.306729316711426,4.126240253448486,277.61197543144226,4337.687116116285,64,0,7320,0,0
SGF_RF,1,80,0.9842048600003815,0.9766008248652822,0.9463142947010373,0.08333333333333333,4.13525390625,4.54821252822876,278.2065281867981,4346.97700291872,64,0,7320,0,0
SGF_RF,0,81,0.9900354150979207,0.986139956300938,0.9750063924685769,0.3333333333333333,5.756813049316406,9.333395004272461,278.63545322418213,4353.678956627846,64,0,7320,0,0
SGF_RF,1,81,0.9814430045152139,0.9733098023120433,0.9161150040833846,0.2916666666666667,6.891963958740234,7.8774614334106445,277.46919560432434,4335.456181317568,64,0,7320,0,0
SGF_RF,0,82,0.9374116251589761,0.8946197284085136,0.8064273310744244,1.0,9.73495864868164,9.076581001281738,278.49534487724304,4351.4897637069225,64,0,7320,0,0
SGF_RF,1,82,0.9461271645994159,0.9134760471761867,0.7933216703974683,1.0,8.25019359588623,9.068532943725586,280.1005938053131,4376.571778208017,64,0,7320,0,0
SGF_RF,0,83,0.9892159057771156,0.9887330073422641,0.9184209108352661,0.375,4.274957656860352,4.475858688354492,278.1608169078827,4346.262764185667,64,0,7320,0,0
SGF_RF,1,83,0.9693738488569889,0.9676329772719132,0.7281537127235661,0.8333333333333334,4.472193241119385,4.943972110748291,277.83583974838257,4341.184996068478,64,0,7320,0,0
SGF_RF,0,84,0.9828642747521056,0.9753244311739039,0.9304072623667509,1.0,11.802984237670898,10.993081092834473,279.87114095687866,4372.986577451229,64,0,7320,0,0
SGF_RF,1,84,0.9799889945252985,0.971518370413011,0.8943959694841633,0.5416666666666666,8.312379837036133,8.175654411315918,278.2776255607605,4348.087899386883,64,0,7320,0,0
SGF_RF,0,85,0.967649006535237,0.9445594096536277,0.9345836807852206,1.0,7.0410990715026855,7.487988471984863,278.5343585014343,4352.099351584911,64,0,7320,0,0
SGF_RF,1,85,0.9663500941591993,0.9510366575772403,0.8176585863465848,0.6666666666666666,4.9014129638671875,6.749764442443848,277.82073736190796,4340.949021279812,64,0,7320,0,0
SGF_RF,0,86,0.9819337527105199,0.9753069561976258,0.8966509038987368,1.0,10.552224159240723,10.744941711425781,278.52082419395447,4351.887878030539,64,0,7320,0,0
SGF_RF,1,86,0.985557914468313,0.9812109010914961,0.9220750798349795,1.0,8.27806282043457,8.768299102783203,278.19601559638977,4346.81274369359,64,0,7320,0,0
SGF_RF,0,87,0.9867357659388926,0.9806776411671151,0.9582819562891255,0.4583333333333333,4.579180717468262,4.041013717651367,278.5847682952881,4352.887004613876,64,0,7320,0,0
SGF_RF,1,87,0.9833506601092363,0.9780771927006783,0.8980713344138601,0.4583333333333333,5.824631690979004,4.619156360626221,277.6827414035797,4338.792834430933,64,0,7320,0,0
SGF_RF,0,88,0.984341787909762,0.9821894389166627,0.8620253270087034,0.75,5.383839130401611,5.13814115524292,278.2432608604431,4347.550950944424,64,0,7320,0,0
SGF_RF,1,88,0.987017707554695,0.9818808966746895,0.9497429715550464,0.7083333333333334,6.308864116668701,5.613797664642334,278.8280508518219,4356.688294559717,64,0,7320,0,0
SGF_RF,0,89,0.9925806893371978,0.9919286898227148,0.9689665423787158,0.25,7.141153335571289,6.314788818359375,280.06913137435913,4376.080177724361,64,0,7320,0,0
SGF_RF,1,89,0.9873871806622945,0.9876106355379345,0.8696639006552488,0.3333333333333333,10.08344841003418,9.880563735961914,278.639066696167,4353.735417127609,64,0,7320,0,0
SGF_RF,0,90,0.972887658928812,0.9597514735995443,0.8565570141958153,1.0,10.845025062561035,11.059340476989746,277.4514265060425,4335.178539156914,64,0,7320,0,0
SGF_RF,1,90,0.9730719613803765,0.9579209222668602,0.8892916544623996,1.0,14.23027229309082,16.89620590209961,278.72654485702515,4355.102263391018,64,0,7320,0,0
SGF_RF,0,91,0.9807254970421075,0.9705949546268551,0.9360500003980553,0.7916666666666666,8.52947998046875,7.969962120056152,277.8196747303009,4340.932417660952,64,0,7320,0,0
SGF_RF,1,91,0.9743646980877813,0.9613916728525392,0.8728507005650065,0.625,7.834590435028076,8.1264009475708,278.1655008792877,4346.335951238871,64,0,7320,0,0
SGF_RF,0,92,0.9844877141147915,0.9790597259197185,0.9222580881222434,0.5416666666666666,5.001852512359619,5.341117858886719,278.3074781894684,4348.5543467104435,64,0,7320,0,0
SGF_RF,1,92,0.983710124108479,0.9820601082937692,0.8490615409353505,0.4166666666666667,3.8505027294158936,6.655879020690918,278.50220012664795,4351.596876978874,64,0,7320,0,0
SGF_RF,0,93,0.9655168980100882,0.9468954521561823,0.8378167463385541,1.0,13.595234870910645,14.136427879333496,277.7551293373108,4339.923895895481,64,0,7320,0,0
SGF_RF,1,93,0.9629328435582307,0.9546492631717394,0.7287912252156631,0.9583333333333334,14.031583786010742,15.188028335571289,279.822438955307,4372.225608676672,64,0,7320,0,0
SGF_RF,0,94,0.9705493033845075,0.9551205364286259,0.8560186831847482,0.9166666666666666,9.341606140136719,8.824311256408691,278.21691131591797,4347.139239311218,64,0,7320,0,0
SGF_RF,1,94,0.9827739368941147,0.9775229788996199,0.8857707186885501,0.0,6.175708770751953,5.295751094818115,278.5193290710449,4351.864516735077,64,0,7320,0,0
SGF_RF,0,95,0.9773175679542266,0.967605461837143,0.8681346579738284,0.9583333333333334,10.02035903930664,12.070064544677734,277.61719489097595,4337.768670171499,64,0,7320,0,0
SGF_RF,1,95,0.9724394474463814,0.956532692596797,0.8918620853320413,1.0,11.911799430847168,10.376179695129395,278.54520559310913,4352.26883739233,64,0,7320,0,0
SGF_RF,0,96,0.9649055415777078,0.9489183300525271,0.8121391936488772,1.0,5.18265962600708,6.233667373657227,278.85400581359863,4357.093840837479,64,0,7320,0,0
SGF_RF,1,96,0.9659203308771543,0.9527491666376591,0.7962158970210863,0.9583333333333334,4.0630059242248535,5.910041332244873,278.2427077293396,4347.542308270931,64,0,7320,0,0
SGF_RF,0,97,0.9377023132563426,0.9105668514165827,0.6900527840075285,1.0,9.101456642150879,10.481565475463867,278.5889518260956,4352.952372282743,64,0,7320,0,0
SGF_RF,1,97,0.9402359227388999,0.9172714535667691,0.6813976304686588,1.0,10.992377281188965,9.398370742797852,277.4631209373474,4335.361264646053,64,0,7320,0,0
SGF_RF,0,98,0.9694039859734055,0.9634417542206344,0.7652977355148481,1.0,10.381294250488281,8.133509635925293,278.67316794395447,4354.268249124289,64,0,7320,0,0
SGF_RF,1,98,0.9726051343243216,0.9662721559245099,0.7947985763135165,0.6666666666666666,8.7919921875,8.58095645904541,280.0701503753662,4376.096099615097,64,0,7320,0,0
SGF_RF,0,99,0.9828198813754968,0.9771881260538615,0.8942176414572675,0.0,7.504140377044678,9.65502643585205,278.1480453014374,4346.063207834959,64,0,7320,0,0
SGF_RF,1,99,0.9835289819115386,0.9793382488912151,0.8803467478441155,0.041666666666666664,6.763054370880127,8.995149612426758,277.79913234710693,4340.611442923546,64,0,7320,0,0
SGF_RF,0,100,0.979252754939071,0.9760953152692448,0.8229071316511735,0.25,2.182325601577759,7.144237041473389,279.8291540145874,4372.330531477928,64,0,7320,0,0
SGF_RF,1,100,0.9835094903591898,0.9818808561771788,0.8470990243165389,0.041666666666666664,2.726425886154175,3.3194451332092285,278.34669494628906,4349.167108535767,64,0,7320,0,0
SGF_RF,0,101,0.9786304504678105,0.9775627352777988,0.8018037871174192,0.08333333333333333,4.604556083679199,4.86331844329834,278.5159683227539,4351.81200504303,64,0,7320,0,0
SGF_RF,1,101,0.9838642053473254,0.9802314026221154,0.8759923046049863,0.20833333333333334,4.317817687988281,5.857491970062256,277.74349308013916,4339.742079377174,64,0,7320,0,0
SGF_RF,0,102,0.9823859009024831,0.9759652015743076,0.901778379212255,0.25,3.840989828109741,8.305234909057617,278.42226362228394,4350.3478690981865,64,0,7320,0,0
SGF_RF,1,102,0.9829161994156062,0.9776187511060828,0.8891254274741464,0.20833333333333334,3.717705249786377,9.473485946655273,278.23837757110596,4347.474649548531,64,0,7320,0,0
SGF_RF,0,103,0.9816918772448293,0.9774625913430285,0.8553494176139003,0.9166666666666666,8.016042709350586,7.063263416290283,278.56881308555603,4352.637704461813,64,0,7320,0,0
SGF_RF,1,103,0.9838586867659679,0.9791560052062875,0.8966692038204359,0.16666666666666666,4.083324909210205,6.657414436340332,277.63991117477417,4338.123612105846,64,0,7320,0,0
SGF_RF,0,104,0.9776642226288385,0.9673798206432531,0.8844151652377584,0.9166666666666666,4.119674205780029,5.326465129852295,278.2420861721039,4347.532596439123,64,0,7320,0,0
SGF_RF,1,104,0.9857244644645777,0.9803978866066343,0.9384848281093264,0.9583333333333334,4.928552627563477,5.9313225746154785,278.86451625823975,4357.258066534996,64,0,7320,0,0
SGF_RF,0,105,0.9917060047258163,0.9904381722532293,0.9615164139996404,0.20833333333333334,5.858768939971924,7.677006244659424,280.069708108902,4376.089189201593,64,0,7320,0,0
SGF_RF,1,105,0.9881941657184775,0.9865132082373865,0.9215688368548518,0.20833333333333334,5.9778666496276855,5.61782169342041,278.5825309753418,4352.852046489716,64,0,7320,0,0
SGF_RF,0,106,0.9800040589943908,0.9724063616926952,0.8780582741550779,1.0,9.70938777923584,10.633515357971191,277.4711492061615,4335.486706346273,64,0,7320,0,0
SGF_RF,1,106,0.9838705897017718,0.9796002689468605,0.8878326662208723,0.7916666666666666,7.672382831573486,8.75698184967041,278.73031210899353,4355.161126703024,64,0,7320,0,0
SGF_RF,0,107,0.9854536302490273,0.9836853975730557,0.8705655634403229,0.0,3.9771337509155273,5.551796913146973,277.8752315044403,4341.80049225688,64,0,7320,0,0
SGF_RF,1,107,0.987969565373997,0.9871473158960061,0.901504898848741,0.0,4.214343547821045,4.09005069732666,278.13061141967773,4345.790803432465,64,0,7320,0,0
SGF_RF,0,108,0.9752577186384995,0.9672526919473242,0.8288126574910205,0.375,10.219060897827148,11.566247940063477,278.3194863796234,4348.741974681616,64,0,7320,0,0
SGF_RF,1,108,0.9802479959666642,0.9730075517248723,0.8758233189582825,0.5,12.33449649810791,10.916601181030273,278.49802684783936,4351.53166949749,64,0,7320,0,0
SGF_RF,0,109,0.9755057213015913,0.964100190027747,0.8667837225872538,0.125,5.87753963470459,7.672901630401611,277.7541105747223,4339.907977730036,64,0,7320,0,0
SGF_RF,1,109,0.9777380596925241,0.9636401423122933,0.9465829548628434,0.041666666666666664,5.388588905334473,8.078778266906738,279.9267454147339,4373.855397105217,64,0,7320,0,0
SGF_RF,0,110,0.9877660277685791,0.9864719257720056,0.9064678329488506,0.25,6.951807022094727,6.708560943603516,278.2849419116974,4348.202217370272,64,0,7320,0,0
SGF_RF,1,110,0.9862309056752604,0.9851009220445669,0.873307607744051,0.125,6.224987506866455,6.409996032714844,278.5249025821686,4351.951602846384,64,0,7320,0,0
SGF_RF,0,111,0.9741760782983203,0.9615500167172443,0.8655389806498652,0.5833333333333334,4.896687984466553,4.761744499206543,277.6220848560333,4337.845075875521,64,0,7320,0,0
SGF_RF,1,111,0.9838690611877413,0.9785086806583148,0.9095995413220447,0.25,4.0543928146362305,3.7218520641326904,278.59010076522827,4352.970324456692,64,0,7320,0,0
SGF_RF,0,112,0.9858031449095849,0.9800870034002488,0.9434412976969844,0.9583333333333334,7.015637397766113,9.333375930786133,278.86683464050293,4357.294291257858,64,0,7320,0,0
SGF_RF,1,112,0.9837735604229519,0.980755560660875,0.8654182890187139,0.8333333333333334,7.3181657791137695,8.45578384399414,278.242502450943,4347.539100795984,64,0,7320,0,0
SGF_RF,0,113,0.9845572401187415,0.9796040633352855,0.9148775792640188,1.0,7.7606329917907715,9.507275581359863,278.5987055301666,4353.1047739088535,64,0,7320,0,0
SGF_RF,1,113,0.9844874731592256,0.9766520882646242,0.9519228559473286,1.0,8.328648567199707,12.610367774963379,277.423636674881,4334.744323045015,64,0,7320,0,0
SGF_RF,0,114,0.9748811338070028,0.961162756487567,0.8975213688352833,0.875,3.8673508167266846,3.5090205669403076,278.8494997024536,4357.023432850838,64,0,7320,0,0
SGF_RF,1,114,0.9767466291472605,0.9638289233208983,0.9177725872267848,0.75,4.237216949462891,4.447397232055664,280.0555331707001,4375.867705792189,64,0,7320,0,0
SGF_RF,0,115,0.9751909934289301,0.9606834836304188,0.9184152496897656,1.0,9.7352876663208,10.317138671875,278.16251015663147,4346.289221197367,64,0,7320,0,0
SGF_RF,1,115,0.9808448114592938,0.9710680466666016,0.933122466439786,1.0,11.857853889465332,12.961312294006348,277.8297369480133,4341.089639812708,64,0,7320,0,0
SGF_RF,0,116,0.9856123208327209,0.9786366209067324,0.9555026422376218,0.041666666666666664,3.3834381103515625,3.8590259552001953,279.8425340652466,4372.539594769478,64,0,7320,0,0
SGF_RF,1,116,0.9786362343495196,0.9676450341939926,0.9170785351939822,0.16666666666666666,3.8301308155059814,4.447147846221924,278.33789467811584,4349.02960434556,64,0,7320,0,0
SGF_RF,0,117,0.9814658912399211,0.9742562100291252,0.8992206881875577,0.20833333333333334,9.352446556091309,7.456368446350098,278.5640301704407,4352.5629714131355,64,0,7320,0,0
SGF_RF,1,117,0.9780276027539743,0.9723579406497939,0.8329206063695574,0.4583333333333333,5.524140357971191,8.317930221557617,277.721444606781,4339.397571980953,64,0,7320,0,0
SGF_RF,0,118,0.9815503832335853,0.9723878613002198,0.9342628095460975,0.25,6.549379825592041,6.3887715339660645,278.45886492729187,4350.9197644889355,64,0,7320,0,0
SGF_RF,1,118,0.9679529045827159,0.9471776137749354,0.9003281502620034,1.0,18.466983795166016,15.918191909790039,278.20058369636536,4346.884120255709,64,0,7320,0,0
SGF_RF,0,119,0.9855020568941165,0.9813576894261503,0.9174357108447863,0.2916666666666667,5.648721694946289,6.430387020111084,278.5586347579956,4352.478668093681,64,0,7320,0,0
SGF_RF,1,119,0.9780054912106358,0.9686476313859544,0.8733561609102333,0.75,6.814884185791016,8.559612274169922,277.6368365287781,4338.075570762157,64,0,7320,0,0
SGF_RF,0,120,0.9908864985274634,0.990583663065267,0.9401680801225746,0.5,3.302243947982788,3.251485824584961,278.2810204029083,4348.140943795443,64,0,7320,0,0
SGF_RF,1,120,0.9909573249295106,0.9896313467974304,0.9513888501602671,0.08333333333333333,4.368869304656982,3.130308151245117,278.9198558330536,4358.122747391462,64,0,7320,0,0
SGF_RF,0,121,0.9807946799960345,0.97492284860502,0.8639917503232541,0.16666666666666666,9.220816612243652,7.666121959686279,280.043333530426,4375.677086412907,64,0,7320,0,0
SGF_RF,1,121,0.9806108444150906,0.9738425372909475,0.8736677973166757,0.9583333333333334,9.221333503723145,8.586801528930664,278.594872713089,4353.0448861420155,64,0,7320,0,0
SGF_RF,0,122,0.9901343370967561,0.9859097276724155,0.9782423441824705,0.08333333333333333,5.830916404724121,5.418812274932861,277.45611810684204,4335.251845419407,64,0,7320,0,0
SGF_RF,1,122,0.9921922754529207,0.9901194096973507,0.9775332367938497,0.0,4.2591938972473145,4.602380275726318,278.5030732154846,4351.610518991947,64,0,7320,0,0
SGF_RF,0,123,0.9668943739556998,0.9508018871188485,0.8269016353980355,0.5,8.664443016052246,9.279831886291504,277.8107998371124,4340.793747454882,64,0,7320,0,0
SGF_RF,1,123,0.9743100765446702,0.9609910959117517,0.8785967347414597,0.16666666666666666,7.969644069671631,7.196352958679199,278.17677068710327,4346.512041985989,64,0,7320,0,0
SGF_RF,0,124,0.9833873772699612,0.9772854249483794,0.9144809531128925,0.0,4.882566452026367,4.77828311920166,278.4120464324951,4350.188225507736,64,0,7320,0,0
SGF_RF,1,124,0.9757946318758526,0.9735786708131914,0.7867677043313566,0.125,5.612846851348877,6.346219539642334,278.5711054801941,4352.673523128033,64,0,7320,0,0
SGF_RF,0,125,0.9902533762526179,0.9864326167090606,0.9760893596255261,0.08333333333333333,6.46492338180542,7.6802077293396,277.7414526939392,4339.7101983428,64,0,7320,0,0
SGF_RF,1,125,0.9779043777203201,0.9651243475576242,0.9339069892530856,0.6666666666666666,9.224529266357422,9.603194236755371,279.805926322937,4371.967598795891,64,0,7320,0,0
SGF_RF,0,126,0.9660537463658599,0.9591259053077108,0.7439665269592534,0.375,7.585123538970947,8.893794059753418,278.2102642059326,4347.035378217697,64,0,7320,0,0
SGF_RF,1,126,0.971816381243003,0.964298491796819,0.7984592499940292,0.20833333333333334,6.143594264984131,8.054765701293945,278.50049018859863,4351.570159196854,64,0,7320,0,0
SGF_RF,0,127,0.9698894508161597,0.9591896408988583,0.8099564858104872,1.0,7.182789325714111,8.796428680419922,277.63782954216003,4338.0910865962505,64,0,7320,0,0
SGF_RF,1,127,0.9718877944291759,0.9595683121713258,0.8385819261488706,1.0,8.944708824157715,9.888940811157227,278.63984298706055,4353.747546672821,64,0,7320,0,0
SGF_RF,0,128,0.9652261440031134,0.9676744555353477,0.679007158331249,0.5833333333333334,3.5611555576324463,4.809089183807373,278.9180648326874,4358.09476301074,64,0,7320,0,0
SGF_RF,1,128,0.9673743467187826,0.960273254021842,0.7582861638587454,1.0,5.224370956420898,5.894765853881836,278.2486367225647,4347.634948790073,64,0,7320,0,0
SGF_RF,0,129,0.972411026154326,0.9636832559381121,0.8139010628928309,0.7083333333333334,6.762673854827881,7.835615158081055,278.60793685913086,4353.24901342392,64,0,7320,0,0
SGF_RF,1,129,0.9673973184804359,0.9557875485750295,0.795435941737631,0.8333333333333334,9.978470802307129,8.687112808227539,277.45744276046753,4335.272543132305,64,0,7320,0,0
SGF_RF,0,130,0.9869561055810688,0.9814689295987288,0.9535486140976781,1.0,9.667387008666992,11.372784614562988,278.67750215530396,4354.335971176624,64,0,7320,0,0
SGF_RF,1,130,0.9872813110668303,0.9823396800746842,0.9505739561889482,1.0,8.519722938537598,7.650845050811768,280.1415159702301,4377.211187034845,64,0,7320,0,0
SGF_RF,0,131,0.972069601557484,0.9591809192331889,0.8455093133708705,0.7083333333333334,8.987018585205078,9.376165390014648,278.1593425273895,4346.239726990461,64,0,7320,0,0
SGF_RF,1,131,0.9654901015661398,0.9453099273465654,0.8523988192496091,0.3333333333333333,9.54712963104248,10.232128143310547,277.8198103904724,4340.934537351131,64,0,7320,0,0
SGF_RF,0,132,0.9714293781916461,0.9574619439100066,0.8493857098662335,0.2916666666666667,7.13321590423584,9.860603332519531,279.8478629589081,4372.622858732939,64,0,7320,0,0
SGF_RF,1,132,0.9646603589014485,0.9534073736799019,0.7693019178898438,0.4583333333333333,6.408082485198975,6.0071187019348145,278.27418184280396,4348.034091293812,64,0,7320,0,0
SGF_RF,0,133,0.9703042903783864,0.9537187120126139,0.8665397789167321,1.0,17.16530418395996,15.796919822692871,278.50444531440735,4351.631958037615,64,0,7320,0,0
SGF_RF,1,133,0.9770600135157835,0.9643435169371867,0.9198824620765188,1.0,18.73285675048828,15.743925094604492,277.7364134788513,4339.631460607052,64,0,7320,0,0
SGF_RF,0,134,0.9853801821854379,0.9807890421680865,0.9232028126716614,0.75,4.070572376251221,4.302702903747559,278.457236289978,4350.894317030907,64,0,7320,0,0
SGF_RF,1,134,0.9775226175735346,0.9678002650378853,0.8710213109203006,0.7083333333333334,3.952018976211548,5.954661846160889,278.182181596756,4346.596587449312,64,0,7320,0,0
SGF_RF,0,135,0.98156979639074,0.9741103686392307,0.9058961816456007,0.16666666666666666,5.785473346710205,6.182455539703369,278.63940501213074,4353.740703314543,64,0,7320,0,0
SGF_RF,1,135,0.9871321093170117,0.984361157822673,0.9220433675724528,0.08333333333333333,4.567383289337158,4.779629707336426,277.64680004119873,4338.23125064373,64,0,7320,0,0
SGF_RF,0,136,0.9709825210727745,0.9605517194315952,0.8158668940481931,0.6666666666666666,8.853628158569336,9.944803237915039,278.329717874527,4348.901841789484,64,0,7320,0,0
SGF_RF,1,136,0.9709519081149945,0.9546963143893468,0.8702823169853376,0.9166666666666666,11.448592185974121,12.661892890930176,278.8782021999359,4357.471909373999,64,0,7320,0,0
SGF_RF,0,137,0.9736779204761055,0.966452809311049,0.812212796314903,1.0,18.23788070678711,14.171600341796875,277.4718508720398,4335.497669875622,64,0,7320,0,0
SGF_RF,1,137,0.9667290434395737,0.9552236666041677,0.7885399830082188,1.0,20.412954330444336,13.946983337402344,278.6313045024872,4353.614132851362,64,0,7320,0,0
SGF_RF,0,138,0.9912130715544478,0.9926787489444339,0.919334827557854,0.25,7.455322742462158,8.820626258850098,280.07425260543823,4376.160196959972,64,0,7320,0,0
SGF_RF,1,138,0.9926053886601961,0.9938317866975902,0.9420495253542195,0.375,4.997659206390381,6.5665202140808105,278.5484127998352,4352.318949997425,64,0,7320,0,0
SGF_RF,0,139,0.9731482047799883,0.9614608280601041,0.8444246792274973,1.0,11.0790433883667,11.833134651184082,277.8128161430359,4340.825252234936,64,0,7320,0,0
SGF_RF,1,139,0.9768010822889072,0.9662459235918778,0.8732159280258677,1.0,7.995846271514893,11.38786792755127,278.16250348091125,4346.289116889238,64,0,7320,0,0
SGF_RF,0,140,0.9755220692041761,0.9675435941385967,0.8307369351387024,1.0,7.00545597076416,8.545377731323242,278.34262228012085,4349.103473126888,64,0,7320,0,0
SGF_RF,1,140,0.968063759371891,0.9573206605529915,0.793585726748342,0.9166666666666666,10.3490629196167,13.246342658996582,278.4897587299347,4351.40248015523,64,0,7320,0,0
SGF_RF,0,141,0.9912247339684446,0.9918869280366488,0.9323853319105894,0.3333333333333333,5.022885322570801,4.025550365447998,277.74826550483704,4339.816648513079,64,0,7320,0,0
SGF_RF,1,141,0.9938009283287391,0.9943953297070919,0.9682135646757871,0.0,3.3528025150299072,4.013635158538818,279.89480471611023,4373.356323689222,64,0,7320,0,0
SGF_RF,0,142,0.9908653465609175,0.9877683904062037,0.9752439739911453,0.125,4.426605224609375,5.503775119781494,278.226594209671,4347.29053452611,64,0,7320,0,0
SGF_RF,1,142,0.9955181777969798,0.9956901008964225,0.9881633520126343,0.0,3.3371427059173584,4.335254192352295,278.54171657562256,4352.2143214941025,64,0,7320,0,0
SGF_RF,0,143,0.9845562213883046,0.9765075708348906,0.9557301389134448,0.08333333333333333,9.650104522705078,6.5137739181518555,277.61746191978455,4337.7728424966335,64,0,7320,0,0
SGF_RF,1,143,0.9645132886949122,0.9561106353116933,0.7433899239353513,0.5,12.835461616516113,13.706068992614746,278.6037459373474,4353.183530271053,64,0,7320,0,0
SGF_RF,0,144,0.9724001031023878,0.973393773720149,0.7299822640159855,0.041666666666666664,12.211525917053223,11.315786361694336,278.9051377773285,4357.892777770758,64,0,7320,0,0
SGF_RF,1,144,0.9763994489204544,0.9749387748218993,0.7855762742135836,0.041666666666666664,4.759371280670166,8.658740043640137,278.2858364582062,4348.2161946594715,64,0,7320,0,0
SGF_RF,0,145,0.9918120293994201,0.9888301766127028,0.982189257507739,0.0,4.43771505355835,4.797763824462891,278.5901336669922,4352.970838546753,64,0,7320,0,0
SGF_RF,1,145,0.9899248432870996,0.9864186247590409,0.9712281369644663,0.0,5.205958843231201,6.1509199142456055,277.47616314888,4335.56504920125,64,0,7320,0,0
SGF_RF,0,146,0.9788378207483852,0.9815404731980575,0.7711022055667379,0.125,4.063501834869385,4.689899921417236,278.6803832054138,4354.380987584591,64,0,7320,0,0
SGF_RF,1,146,0.9783836759740963,0.9766443944185652,0.8056902412487114,0.16666666666666666,4.724280834197998,4.576958179473877,277.8298296928406,4341.091088950634,64,0,7320,0,0
SGF_RF,0,147,0.9736110881908485,0.9575093869640622,0.9186839552029319,1.0,6.8213043212890625,8.882646560668945,278.1352858543396,4345.863841474056,64,0,7320,0,0
SGF_RF,1,147,0.9663618460995181,0.9452719360349638,0.8750997924286387,1.0,10.50209903717041,10.544655799865723,280.08832907676697,4376.380141824484,64,0,7320,0,0
SGF_RF,0,148,0.9777856611449746,0.97231563721453,0.8287637518799823,0.8333333333333334,6.511578559875488,6.364595890045166,279.88874888420105,4373.261701315641,64,0,7320,0,0
SGF_RF,1,148,0.9832630853549027,0.9775879156765758,0.9042135554811229,0.875,7.829275608062744,8.278297424316406,278.37397813796997,4349.593408405781,64,0,7320,0,0
SGF_RF,0,149,0.9686835003229687,0.9542449893810415,0.8278378079766813,0.25,7.067132472991943,6.040964603424072,278.5363931655884,4352.131143212318,64,0,7320,0,0
SGF_RF,1,149,0.9631127800316,0.9396514896984383,0.8629371964413187,0.25,9.400641441345215,8.707854270935059,277.7229561805725,4339.4211903214455,64,0,7320,0,0
SGF_RF,0,150,0.9922921263819925,0.9921808932176841,0.9530096533505813,0.041666666666666664,1.9713901281356812,3.377322196960449,278.51102900505066,4351.734828203917,64,0,7320,0,0
SGF_RF,1,150,0.9866749245008717,0.9853042632101042,0.8861384586147641,0.20833333333333334,2.453831672668457,2.580547571182251,278.17482328414917,4346.481613814831,64,0,7320,0,0
SGF_RF,0,151,0.9708951702912131,0.9534703096555125,0.8912773793158323,1.0,6.560274600982666,7.4901933670043945,278.5864312648773,4352.912988513708,64,0,7320,0,0
SGF_RF,1,151,0.9661544687394693,0.9426734409425208,0.9172301720017972,1.0,5.333634853363037,7.626457691192627,277.62208247184753,4337.845038622618,64,0,7320,0,0
SGF_RF,0,152,0.9722155470926032,0.9595035548492145,0.8452375453451405,1.0,12.103988647460938,11.85140323638916,278.28726983070374,4348.238591104746,64,0,7320,0,0
SGF_RF,1,152,0.9678280934415154,0.9510452377619923,0.8424390295277471,1.0,10.07887077331543,10.308996200561523,278.89488983154297,4357.732653617859,64,0,7320,0,0
SGF_RF,0,153,0.9858629708766466,0.9843191657095187,0.8742126407830612,0.5833333333333334,10.053293228149414,8.765446662902832,277.46307349205017,4335.360523313284,64,0,7320,0,0
SGF_RF,1,153,0.9890779853826116,0.988169018619804,0.9234682930552441,0.3333333333333333,9.795266151428223,9.662370681762695,278.62053656578064,4353.4458838403225,64,0,7320,0,0
SGF_RF,0,154,0.9762768643377303,0.9635734173559373,0.9049914569958396,1.0,7.610936641693115,7.415921688079834,280.14239478111267,4377.2249184548855,64,0,7320,0,0
SGF_RF,1,154,0.9643046905620732,0.9408406335259638,0.8812182066233262,1.0,7.244577884674072,8.679132461547852,278.5571403503418,4352.455317974091,64,0,7320,0,0
SGF_RF,0,155,0.9853480643808883,0.9830890384012011,0.8781634789446126,0.0,2.030137300491333,2.23956561088562,277.8175413608551,4340.899083763361,64,0,7320,0,0
SGF_RF,1,155,0.9909982480788768,0.9889356969024545,0.9640193089194918,0.0,1.2008090019226074,1.8011057376861572,278.19236755371094,4346.755743026733,64,0,7320,0,0
SGF_RF,0,156,0.9799311014718093,0.9704585503987087,0.9128694741622262,0.6666666666666666,6.571451663970947,6.5977325439453125,278.31527733802795,4348.676208406687,64,0,7320,0,0
SGF_RF,1,156,0.9826461661177089,0.9758481071280536,0.9136325937250386,0.875,6.213250160217285,6.416027069091797,278.531964302063,4352.061942219734,64,0,7320,0,0
SGF_RF,0,157,0.9842343757944523,0.9835616958638033,0.8450564793918444,0.041666666666666664,4.285499095916748,5.659298896789551,277.7392945289612,4339.6764770150185,64,0,7320,0,0
SGF_RF,1,157,0.9771223530893778,0.9766080087471393,0.7838071766106979,0.2916666666666667,3.67940354347229,4.819101333618164,279.84848976135254,4372.632652521133,64,0,7320,0,0
SGF_RF,0,158,0.9778052074849319,0.966953879642871,0.898795371470244,1.0,7.498127460479736,7.92507266998291,278.1912724971771,4346.738632768393,64,0,7320,0,0
SGF_RF,1,158,0.9785101925665153,0.9647145833699934,0.9516925902470298,1.0,10.483495712280273,10.282609939575195,278.5299005508423,4352.029696106911,64,0,7320,0,0
SGF_RF,0,159,0.9852412727101149,0.9812238224010955,0.910143529591353,0.625,7.25004243850708,7.26485013961792,277.65161061286926,4338.306415826082,64,0,7320,0,0
SGF_RF,1,159,0.9868340033081643,0.9828516245689443,0.9355548335158307,0.6666666666666666,5.846269607543945,6.714046955108643,278.65882301330566,4354.044109582901,64,0,7320,0,0
SGF_RF,0,160,0.9723128832975035,0.9651711529461285,0.7995712718238002,0.8333333333333334,6.015492916107178,8.070502281188965,278.8804407119751,4357.506886124611,64,0,7320,0,0
SGF_RF,1,160,0.9666283313455867,0.9687608706774892,0.6882465452603673,0.7916666666666666,6.92870569229126,7.82497501373291,278.2858057022095,4348.215714097023,64,0,7320,0,0
SGF_RF,0,161,0.9822076929044435,0.9785985159938052,0.8541228602761808,1.0,7.37933349609375,11.120976448059082,278.5702278614044,4352.659810334444,64,0,7320,0,0
SGF_RF,1,161,0.9633369929482978,0.9594488967490453,0.7031654747931854,1.0,10.924165725708008,12.225852012634277,277.49377059936523,4335.840165615082,64,0,7320,0,0
SGF_RF,0,162,0.9776118033807192,0.9757822090259163,0.7994491509769274,0.8333333333333334,11.018013954162598,11.352256774902344,278.68307614326477,4354.423064738512,64,0,7320,0,0
SGF_RF,1,162,0.9838121215398412,0.9810068141869319,0.8634318242902341,0.7916666666666666,10.673720359802246,7.883124828338623,277.81710267066956,4340.892229229212,64,0,7320,0,0
SGF_RF,0,163,0.9899847042117255,0.9906282099264284,0.9116947910060054,0.0,4.114130973815918,4.4934868812561035,278.17277336120605,4346.449583768845,64,0,7320,0,0
SGF_RF,1,163,0.9722482376604699,0.9760133332062152,0.7118844108089156,0.3333333333333333,4.3670830726623535,6.434757232666016,279.98788356781006,4374.810680747032,64,0,7320,0,0
SGF_RF,0,164,0.9870055060623142,0.9829112493623328,0.9390931570011637,0.0,4.230377674102783,4.954520225524902,279.83873295783997,4372.4802024662495,64,0,7320,0,0
SGF_RF,1,164,0.9835214686114199,0.9799188409921943,0.8692118123821592,0.08333333333333333,5.666003704071045,7.576044082641602,278.27330327033997,4348.020363599062,64,0,7320,0,0
SGF_RF,0,165,0.9859351233227688,0.983091194943715,0.9012688229913297,1.0,5.66802978515625,8.617849349975586,277.004554271698,4328.196160495281,64,0,7320,0,0
SGF_RF,1,165,0.9928074058340589,0.9920173396346389,0.9724860904009446,1.0,5.633115768432617,8.75196647644043,277.7180371284485,4339.344330132008,64,0,7320,0,0
SGF_RF,0,166,0.988081664846345,0.9840255211838471,0.9495772045591603,0.4583333333333333,4.4577507972717285,5.743354320526123,278.469375371933,4351.083990186453,64,0,7320,0,0
SGF_RF,1,166,0.9855987086433838,0.9794874904296732,0.9453325025413347,1.0,8.625128746032715,8.647470474243164,278.2027516365051,4346.917994320393,64,0,7320,0,0
SGF_RF,0,167,0.9771987165195206,0.9771247003027188,0.7809252816697826,0.9583333333333334,10.696820259094238,9.467955589294434,278.6015272140503,4353.148862719536,64,0,7320,0,0
SGF_RF,1,167,0.9842115458696683,0.9830963368858061,0.8487664318603018,0.8333333333333334,7.078676223754883,8.55045223236084,277.6050751209259,4337.579298764467,64,0,7320,0,0
SGF_RF,0,168,0.982202929635701,0.9757238090518983,0.8993654108565786,0.16666666666666666,7.43636417388916,5.92005729675293,278.2854857444763,4348.2107147574425,64,0,7320,0,0
SGF_RF,1,168,0.9741671043026043,0.9719258538016708,0.7734836495440939,0.3333333333333333,7.758213520050049,7.750613212585449,278.8701457977295,4357.346028089523,64,0,7320,0,0
SGF_RF,0,169,0.9942191001108917,0.9967245489599242,0.9453694496465767,0.0,4.184969902038574,5.19266414642334,277.44328784942627,4335.0513726472855,64,0,7320,0,0
SGF_RF,1,169,0.9925249142789282,0.9962267450667838,0.9020832647448,0.08333333333333333,5.36577033996582,6.139575958251953,278.6316559314728,4353.619623929262,64,0,7320,0,0
SGF_RF,0,170,0.980838640416232,0.9760258468568965,0.8521772273208784,0.9166666666666666,9.024689674377441,11.739119529724121,280.09952092170715,4376.555014401674,64,0,7320,0,0
SGF_RF,1,170,0.9811618724767306,0.9738670945247655,0.8943296554295913,0.9166666666666666,7.885392189025879,13.341551780700684,278.54312658309937,4352.236352860928,64,0,7320,0,0
SGF_RF,0,171,0.9680454779025552,0.9518592017552545,0.8388536339220792,0.9583333333333334,11.325990676879883,6.311861038208008,277.8578007221222,4341.528136283159,64,0,7320,0,0
SGF_RF,1,171,0.9659385573236342,0.9527132079726265,0.7968850116366926,0.9166666666666666,9.260592460632324,9.164064407348633,278.176589012146,4346.509203314781,64,0,7320,0,0
SGF_RF,0,172,0.9855806762242737,0.9783888257719496,0.9579935345960701,1.0,12.041542053222656,12.89963436126709,278.32037925720215,4348.755925893784,64,0,7320,0,0
SGF_RF,1,172,0.9861669608314297,0.9790696388370889,0.9698758630648904,1.0,11.15777587890625,10.922930717468262,278.49010467529297,4351.407885551453,64,0,7320,0,0
SGF_RF,0,173,0.9825281031034455,0.9767191355987904,0.8916580702947533,0.9583333333333334,6.008335113525391,7.273958206176758,277.79696130752563,4340.577520430088,64,0,7320,0,0
SGF_RF,1,173,0.9810398757921952,0.9720085527627699,0.9248992541561956,0.6666666666666666,6.022640228271484,7.497793197631836,279.8578543663025,4372.778974473476,64,0,7320,0,0
SGF_RF,0,174,0.9903091851030159,0.9864669031994318,0.9766739334749138,1.0,8.089550018310547,7.708340644836426,278.2307839393616,4347.355999052525,64,0,7320,0,0
SGF_RF,1,174,0.9888948778109764,0.9845850546994517,0.9681610089281331,1.0,9.546188354492188,10.82789421081543,278.53130745887756,4352.051679044962,64,0,7320,0,0
SGF_RF,0,175,0.9853787923236004,0.9781375549813752,0.955934773320737,1.0,13.849408149719238,11.828498840332031,277.6641516685486,4338.502369821072,64,0,7320,0,0
SGF_RF,1,175,0.983827909091438,0.974608352307671,0.9636355547801309,1.0,14.014486312866211,14.817447662353516,278.60079407691956,4353.137407451868,64,0,7320,0,0
SGF_RF,0,176,0.9878726380818342,0.9827469988696036,0.9622198356234509,0.0,3.1753580570220947,3.228750467300415,278.863653421402,4357.244584709406,64,0,7320,0,0
SGF_RF,1,176,0.9862650111135691,0.9795727726192244,0.9610389989355336,0.08333333333333333,3.4006271362304688,3.5625624656677246,278.2478241920471,4347.622253000736,64,0,7320,0,0
SGF_RF,0,177,0.9924635151491622,0.9918013864787675,0.9658856301204019,0.0,5.257296085357666,5.818496227264404,278.5984613895416,4353.100959211588,64,0,7320,0,0
SGF_RF,1,177,0.9932846198182279,0.9928384895126025,0.9734935864158297,0.16666666666666666,3.5920372009277344,4.011850357055664,277.4749484062195,4335.546068847179,64,0,7320,0,0
SGF_RF,0,178,0.9854725823386551,0.9792593108710422,0.9450936913490295,0.9583333333333334,4.741720676422119,6.018205165863037,278.6985590457916,4354.664985090494,64,0,7320,0,0
SGF_RF,1,178,0.9806503189717537,0.972742281093072,0.896601923134016,1.0,6.901779651641846,8.054512977600098,277.8273723125458,4341.052692383528,64,0,7320,0,0
SGF_RF,0,179,0.9870306522314533,0.9838994907275324,0.9264383821383767,0.8333333333333334,7.348773002624512,8.108109474182129,278.2499792575836,4347.655925899744,64,0,7320,0,0
SGF_RF,1,179,0.9897873488150747,0.9865177282162251,0.9639090804950051,0.20833333333333334,6.80661153793335,7.658985614776611,279.97538709640503,4374.615423381329,64,0,7320,0,0
SGF_RF,0,180,0.980641913822825,0.9680238707411674,0.9697513567364734,1.0,9.835755348205566,8.982095718383789,279.887131690979,4373.236432671547,64,0,7320,0,0
SGF_RF,1,180,0.9801789415780577,0.96614502338312,0.9771380230136538,1.0,11.183221817016602,12.083460807800293,278.33284425735474,4348.950691521168,64,0,7320,0,0
SGF_RF,0,181,0.9816335269182961,0.9701566476254694,0.9654470695101697,1.0,8.312726020812988,8.807929992675781,277.0216839313507,4328.463811427355,64,0,7320,0,0
SGF_RF,1,181,0.9784974047648713,0.967552968531206,0.9135877515958702,1.0,9.441340446472168,10.070051193237305,277.78158140182495,4340.337209403515,64,0,7320,0,0
SGF_RF,0,182,0.9795817361709392,0.9684802275751867,0.9338924664518108,0.9583333333333334,6.462507724761963,6.68847131729126,278.4608221054077,4350.9503453969955,64,0,7320,0,0
SGF_RF,1,182,0.9827298682641166,0.9725171703725092,0.9606163877507915,0.20833333333333334,5.857804298400879,5.90250825881958,278.1776111125946,4346.525173634291,64,0,7320,0,0
SGF_RF,0,183,0.982211297333584,0.9731422801331808,0.9410706317943075,0.4166666666666667,4.748931407928467,9.343474388122559,278.56654953956604,4352.602336555719,64,0,7320,0,0
SGF_RF,1,183,0.9870182707336698,0.9809505856165321,0.9647433524546415,0.0,4.3419623374938965,6.0380096435546875,277.62854743003845,4337.946053594351,64,0,7320,0,0
SGF_RF,0,184,0.9858841900910433,0.984290509294438,0.8756148581919462,1.0,7.665078639984131,7.054902076721191,278.22890973091125,4347.326714545488,64,0,7320,0,0
SGF_RF,1,184,0.9828227463589437,0.9750846676047771,0.9323639208855837,1.0,10.3553466796875,10.427401542663574,278.8533356189728,4357.08336904645,64,0,7320,0,0
SGF_RF,0,185,0.9842523393540018,0.98041696514013,0.8868871966133947,0.9166666666666666,6.72886848449707,7.323326110839844,277.47685527801514,4335.5758637189865,64,0,7320,0,0
SGF_RF,1,185,0.9865212360409975,0.9832618565008203,0.9199596811895785,0.9166666666666666,7.313493728637695,7.226172924041748,278.5818154811859,4352.84086689353,64,0,7320,0,0
SGF_RF,0,186,0.9845969572368221,0.9800896989081496,0.9072832737279976,0.9166666666666666,4.8307671546936035,5.271492004394531,280.07727670669556,4376.207448542118,64,0,7320,0,0
SGF_RF,1,186,0.9851267911266707,0.9800098858052685,0.9278291904407999,1.0,6.489221096038818,5.246535301208496,278.68223237991333,4354.409880936146,64,0,7320,0,0
SGF_RF,0,187,0.9754458283763802,0.9687086033724969,0.8213337491387906,0.9166666666666666,4.977044582366943,6.301630973815918,277.79374599456787,4340.527281165123,64,0,7320,0,0
SGF_RF,1,187,0.9698426353409643,0.9556931550464323,0.8361935589624488,0.7916666666666666,4.733053207397461,6.4047064781188965,278.1592745780945,4346.238665282726,64,0,7320,0,0
SGF_RF,0,188,0.9799408544614779,0.9694963734476797,0.930172737525857,0.9583333333333334,6.145864963531494,7.043027877807617,278.2934305667877,4348.334852606058,64,0,7320,0,0
SGF_RF,1,188,0.980798540789695,0.9694378550655097,0.9497896769772405,0.7916666666666666,5.61914587020874,5.426930904388428,278.5429883003235,4352.2341921925545,64,0,7320,0,0
SGF_RF,0,189,0.9825550534105508,0.9772982596149368,0.8819842170114103,1.0,8.661426544189453,9.559752464294434,277.7378981113434,4339.65465798974,64,0,7320,0,0
SGF_RF,1,189,0.9845952859911117,0.9799752780186233,0.9093378549036771,1.0,7.792901515960693,8.477533340454102,279.8357605934143,4372.4337592720985,64,0,7320,0,0
SGF_RF,0,190,0.9836398189596464,0.9760496432101854,0.94057144548582,0.7916666666666666,4.155472755432129,4.758936405181885,278.2274329662323,4347.30364009738,64,0,7320,0,0
SGF_RF,1,190,0.9766134774957201,0.9672686742037855,0.8557859451874442,0.625,3.2427449226379395,3.1674160957336426,278.48767590522766,4351.369936019182,64,0,7320,0,0
SGF_RF,0,191,0.9685003131743648,0.9699087941278052,0.7022058286744616,1.0,7.306881904602051,7.269746780395508,277.6225275993347,4337.851993739605,64,0,7320,0,0
SGF_RF,1,191,0.9741100580003866,0.9611492229885951,0.8686048777207084,1.0,7.727529048919678,7.206067085266113,278.32099199295044,4348.765499889851,64,0,7320,0,0
SGF_RF,0,192,0.9775514907763873,0.965545534526789,0.9157621575438458,1.0,10.380793571472168,10.000691413879395,278.88068103790283,4357.510641217232,64,0,7320,0,0
SGF_RF,1,192,0.9821148245448207,0.9735865484402385,0.9333912224873252,1.0,9.049623489379883,11.110372543334961,278.6066119670868,4353.228311985731,64,0,7320,0,0
SGF_RF,0,193,0.9830418494932043,0.9770736751216713,0.905541040327238,0.08333333333333333,4.964336395263672,5.816205024719238,278.59290504455566,4353.014141321182,64,0,7320,0,0
SGF_RF,1,193,0.9772991028160171,0.9660241733235057,0.8969521354074064,1.0,8.73261833190918,9.316787719726562,277.44161105155945,4335.025172680616,64,0,7320,0,0
SGF_RF,0,194,0.9749459755214236,0.9602803305913042,0.9167810924675154,1.0,9.392241477966309,9.096996307373047,278.66977882385254,4354.215294122696,64,0,7320,0,0
SGF_RF,1,194,0.9756350428280801,0.9625286113831305,0.900573765454085,1.0,12.32349681854248,12.734591484069824,277.79055547714233,4340.477429330349,64,0,7320,0,0
SGF_RF,0,195,0.9845998126218524,0.9834615550134131,0.8531961259634598,0.6666666666666666,4.974812984466553,5.418698310852051,278.1618015766144,4346.2781496346,64,0,7320,0,0
SGF_RF,1,195,0.9851832672243653,0.9829060135269035,0.875272661447525,0.8333333333333334,5.899064064025879,4.705914497375488,280.0839042663574,4376.311004161835,64,0,7320,0,0
SGF_RF,0,196,0.9846297619419886,0.980586137542481,0.8991718473641769,0.5833333333333334,9.51721477508545,9.433311462402344,279.9003257751465,4373.442590236664,64,0,7320,0,0
SGF_RF,1,196,0.9843221464235054,0.9793187341782996,0.9114006252392478,0.9583333333333334,9.13335132598877,9.98130989074707,278.35258293151855,4349.259108304977,64,0,7320,0,0
SGF_RF,0,197,0.979295314560586,0.9715173500439813,0.8686320976070737,0.9166666666666666,8.15776252746582,10.179791450500488,276.9973578453064,4328.083716332912,64,0,7320,0,0
SGF_RF,1,197,0.9794569841475981,0.9722716187837944,0.8637161151222562,0.875,8.19559383392334,9.033693313598633,277.74268555641174,4339.7294618189335,64,0,7320,0,0
SGF_RF,0,198,0.9865535642271848,0.9848549798611671,0.8898097043452055,0.20833333333333334,3.678894519805908,4.928706645965576,278.4672794342041,4351.051241159439,64,0,7320,0,0
SGF_RF,1,198,0.984862009144115,0.9795394263440563,0.9268252784791201,0.4583333333333333,6.1650848388671875,6.958649635314941,278.22863483428955,4347.322419285774,64,0,7320,0,0
SGF_RF,0,199,0.9771480476916223,0.9706735464754285,0.8320912317089414,1.0,7.350808143615723,7.981998920440674,278.638712644577,4353.729885071516,64,0,7320,0,0
SGF_RF,1,199,0.9842380450678375,0.979252107882051,0.9094985593920168,0.8333333333333334,7.2705078125,8.07422924041748,277.6258909702301,4337.904546409845,64,0,7320,0,0
SGF_RF_ST1L20_NM,0,0,0.981050252182,0.9729096192105482,0.9088863730430603,0.8333333333333334,6.416928291320801,8.122489929199219,322.0314781665802,5031.741846352816,64,0,7320,1140,40660
SGF_RF_ST1L20_NM,1,0,0.9799155617845833,0.9692725809992,0.932335420795109,0.7083333333333334,6.286842346191406,8.539052963256836,323.37527084350586,5052.738606929779,64,0,7320,1140,40660
SGF_RF_ST1L20_NM,0,1,0.988197523231935,0.9837817248878299,0.9558442118375198,0.75,6.403743743896484,6.530097484588623,323.5247848033905,5055.074762552977,64,0,7320,1140,40660
SGF_RF_ST1L20_NM,1,1,0.9882690608872314,0.9833327043521148,0.9681816308394723,0.75,10.316831588745117,10.085259437561035,324.1385624408722,5064.665038138628,64,0,7320,1140,40660
SGF_RF_ST1L20_NM,0,2,0.9675429382697841,0.9523430551572513,0.825211201025092,1.0,5.971364974975586,6.734344959259033,320.7515404224396,5011.742819100618,64,0,7320,1140,40660
SGF_RF_ST1L20_NM,1,2,0.978960481218075,0.9658538009771096,0.9488763666671255,1.0,5.9161224365234375,4.6324357986450195,320.7824945449829,5012.226477265358,64,0,7320,1140,40660
SGF_RF_ST1L20_NM,0,3,0.979932035527964,0.9744067460458767,0.8499206136102262,0.041666666666666664,5.984326362609863,6.561408996582031,321.88982939720154,5029.528584331274,64,0,7320,1140,40660
SGF_RF_ST1L20_NM,1,3,0.9848784237871652,0.9799278759027041,0.920784936003063,0.0,3.431248903274536,4.835575580596924,318.8700225353241,4982.344102114439,64,0,7320,1140,40660
SGF_RF_ST1L20_NM,0,4,0.9794505128668614,0.9686571889186418,0.9278315746265909,1.0,14.582989692687988,13.334558486938477,322.88605785369873,5045.094653964043,64,0,7320,1140,40660
SGF_RF_ST1L20_NM,1,4,0.981513546943012,0.9715012694478675,0.943506156620772,0.9166666666666666,14.29025650024414,12.600202560424805,323.23783707618713,5050.591204315424,64,0,7320,1140,40660
SGF_RF_ST1L20_NM,0,5,0.9840423929744017,0.9785858066652411,0.9146624518477399,0.08333333333333333,2.27168345451355,3.534018039703369,322.0358204841614,5031.8096950650215,64,0,7320,1140,40660
SGF_RF_ST1L20_NM,1,5,0.9796384252906888,0.9737615814452529,0.8505758403435998,0.20833333333333334,2.9133994579315186,4.620853900909424,320.7337200641632,5011.46437600255,64,0,7320,1140,40660
SGF_RF_ST1L20_NM,0,6,0.9811784474862394,0.9777498863717561,0.8424041970916415,1.0,11.822047233581543,10.980986595153809,323.4062912464142,5053.223300725222,64,0,7320,1140,40660
SGF_RF_ST1L20_NM,1,6,0.9761704703329567,0.9690841734409332,0.8287712478119394,0.7916666666666666,11.871492385864258,15.554594993591309,321.26308941841125,5019.735772162676,64,0,7320,1140,40660
SGF_RF_ST1L20_NM,0,7,0.9825324930177987,0.9796668128060397,0.8493977383426999,0.6666666666666666,7.834522247314453,9.228032112121582,322.3984532356262,5037.47583180666,64,0,7320,1140,40660
SGF_RF_ST1L20_NM,1,7,0.9748707003217708,0.9709034473985754,0.7938730587130007,0.7916666666666666,8.034224510192871,10.20577621459961,320.76203656196594,5011.906821280718,64,0,7320,1140,40660
SGF_RF_ST1L20_NM,0,8,0.9879234064264448,0.9869780624585767,0.9029279506724813,0.08333333333333333,5.030357360839844,7.716094493865967,322.39210319519043,5037.3766124248505,64,0,7320,1140,40660
SGF_RF_ST1L20_NM,1,8,0.9882180954901983,0.9867089587834573,0.9189556059630021,0.25,3.1966300010681152,5.321384906768799,321.3514657020569,5021.116651594639,64,0,7320,1140,40660
SGF_RF_ST1L20_NM,0,9,0.9908807500436577,0.988523621552734,0.9691159090270167,1.0,4.792359352111816,5.9180450439453125,321.5893130302429,5024.833016097546,64,0,7320,1140,40660
SGF_RF_ST1L20_NM,1,9,0.9914046067259364,0.9895610144381882,0.9694129474785017,0.9583333333333334,3.5925753116607666,4.434591770172119,321.6634347438812,5025.991167873144,64,0,7320,1140,40660
SGF_RF_ST1L20_NM,0,10,0.9882222227221011,0.9833539521662139,0.9648739462313444,0.16666666666666666,4.782105922698975,4.30272912979126,323.27597427368164,5051.187098026276,64,0,7320,1140,40660
SGF_RF_ST1L20_NM,1,10,0.9790038558700145,0.9753872546297249,0.8243635970613231,0.875,7.3975653648376465,6.700075626373291,321.452734708786,5022.698979824781,64,0,7320,1140,40660
SGF_RF_ST1L20_NM,0,11,0.971305209822102,0.9629208806060977,0.8017248614974642,0.7916666666666666,10.112306594848633,9.36517333984375,322.88957619667053,5045.149628072977,64,0,7320,1140,40660
SGF_RF_ST1L20_NM,1,11,0.9668766013746423,0.9504466811495442,0.8291158909383028,1.0,7.008697509765625,11.17806625366211,318.98318433761597,4984.1122552752495,64,0,7320,1140,40660
SGF_RF_ST1L20_NM,0,12,0.9857933421616449,0.9825188985034342,0.9066094445145648,1.0,4.79925537109375,5.658619403839111,321.23336005210876,5019.271250814199,64,0,7320,1140,40660
SGF_RF_ST1L20_NM,1,12,0.9793313300871578,0.9727779807102296,0.8549203458039657,1.0,8.325200080871582,7.791364669799805,320.76500844955444,5011.953257024288,64,0,7320,1140,40660
SGF_RF_ST1L20_NM,0,13,0.9731872295114493,0.9576787719082448,0.899670078702595,1.0,15.116832733154297,16.617090225219727,321.12444281578064,5017.5694189965725,64,0,7320,1140,40660
SGF_RF_ST1L20_NM,1,13,0.9727121950949327,0.9549691995545743,0.9310449569121652,1.0,12.729024887084961,12.445014953613281,322.0007185935974,5031.26122802496,64,0,7320,1140,40660
SGF_RF_ST1L20_NM,0,14,0.9764658122537894,0.9681672157058792,0.843795544427374,0.9166666666666666,7.6232590675354,8.369213104248047,323.80778527259827,5059.496644884348,64,0,7320,1140,40660
SGF_RF_ST1L20_NM,1,14,0.985583504828022,0.9825536613102241,0.8978305122126704,0.6666666666666666,6.827275276184082,7.754419803619385,322.05798053741455,5032.155945897102,64,0,7320,1140,40660
SGF_RF_ST1L20_NM,0,15,0.9894257776614959,0.9856881954737249,0.9669711525025576,1.0,16.957901000976562,14.229658126831055,323.2510380744934,5050.7974699139595,64,0,7320,1140,40660
SGF_RF_ST1L20_NM,1,15,0.9900831789321104,0.9904666497342047,0.9184379124123118,0.875,7.4064249992370605,7.909377574920654,323.4927043914795,5054.573506116867,64,0,7320,1140,40660
SGF_RF_ST1L20_NM,0,16,0.9846439960801545,0.9776148088276386,0.9449679968149766,0.5833333333333334,6.184512615203857,5.719442367553711,320.80927658081055,5012.644946575165,64,0,7320,1140,40660
SGF_RF_ST1L20_NM,1,16,0.957806767698397,0.9306016564369202,0.8459830698759659,0.9583333333333334,7.026866912841797,3.723487615585327,324.16878867149353,5065.137322992086,64,0,7320,1140,40660
SGF_RF_ST1L20_NM,0,17,0.9723853108203638,0.9705411392834878,0.7557605563298516,0.9583333333333334,8.360264778137207,6.860540390014648,322.70561265945435,5042.275197803974,64,0,7320,1140,40660
SGF_RF_ST1L20_NM,1,17,0.9669780783753064,0.9541776941748715,0.8025384299133135,1.0,6.713587284088135,9.645524978637695,320.79241371154785,5012.381464242935,64,0,7320,1140,40660
SGF_RF_ST1L20_NM,0,18,0.987794448579764,0.9856383394329779,0.9228501203267471,0.5,3.555619239807129,6.004379749298096,318.980984210968,4984.077878296375,64,0,7320,1140,40660
SGF_RF_ST1L20_NM,1,18,0.9850361375880611,0.9805656268151216,0.9148066976796025,0.4583333333333333,3.925518751144409,4.438028335571289,320.3832302093506,5005.987972021103,64,0,7320,1140,40660
SGF_RF_ST1L20_NM,0,19,0.9680745269706877,0.9639273322718118,0.7372492979402128,0.4166666666666667,3.179591178894043,5.637070178985596,320.8283748626709,5012.943357229233,64,0,7320,1140,40660
SGF_RF_ST1L20_NM,1,19,0.9597821673677139,0.9402007397704869,0.7987302191879438,0.16666666666666666,5.251893043518066,7.133403301239014,323.23770236968994,5050.589099526405,64,0,7320,1140,40660
SGF_RF_ST1L20_NM,0,20,0.9822902507537882,0.9775003384278026,0.8687106293180714,0.08333333333333333,2.8524556159973145,4.7037224769592285,321.2445878982544,5019.446685910225,64,0,7320,1140,40660
SGF_RF_ST1L20_NM,1,20,0.9908466578349461,0.9887434632307098,0.9608260976231616,0.0,2.579461097717285,4.280481338500977,320.7723038196564,5012.067247182131,64,0,7320,1140,40660
SGF_RF_ST1L20_NM,0,21,0.9815589309158147,0.9770654102246606,0.8568934552047563,0.125,5.281825542449951,8.282794952392578,321.25351214408875,5019.586127251387,64,0,7320,1140,40660
SGF_RF_ST1L20_NM,1,21,0.985427726712723,0.9833370864952125,0.8764135695022085,0.16666666666666666,5.920277118682861,9.073180198669434,321.25123023986816,5019.55047249794,64,0,7320,1140,40660
SGF_RF_ST1L20_NM,0,22,0.9672995053948189,0.9542273583831967,0.8079655701699465,1.0,13.71835994720459,15.383625984191895,320.845561504364,5013.211898505688,64,0,7320,1140,40660
SGF_RF_ST1L20_NM,1,22,0.9841794602317592,0.9758395648371149,0.9545756397039994,1.0,14.129043579101562,15.006792068481445,320.7891240119934,5012.330062687397,64,0,7320,1140,40660
SGF_RF_ST1L20_NM,0,23,0.9611773658396127,0.960396318866681,0.6738649937121765,1.0,10.562610626220703,9.72032356262207,321.57533383369446,5024.614591151476,64,0,7320,1140,40660
SGF_RF_ST1L20_NM,1,23,0.9620665704797364,0.9632020159674589,0.6653600218503372,1.0,8.92484188079834,10.137689590454102,321.28668880462646,5020.1045125722885,64,0,7320,1140,40660
SGF_RF_ST1L20_NM,0,24,0.9749188307327383,0.9579758361302396,0.9468393766361735,1.0,10.797144889831543,10.85928726196289,321.7494773864746,5027.335584163666,64,0,7320,1140,40660
SGF_RF_ST1L20_NM,1,24,0.9639437984990291,0.9387373449981854,0.9081347947535306,1.0,8.75071907043457,9.072041511535645,321.24383664131165,5019.4349475204945,64,0,7320,1140,40660
SGF_RF_ST1L20_NM,0,25,0.9667796785626536,0.9613851725414234,0.7368251409219658,1.0,7.697661876678467,9.77770709991455,321.2289934158325,5019.203022122383,64,0,7320,1140,40660
SGF_RF_ST1L20_NM,1,25,0.9611965842017695,0.9479722326961898,0.7577264930890953,1.0,6.298948764801025,8.402139663696289,321.5579192638397,5024.342488497496,64,0,7320,1140,40660
SGF_RF_ST1L20_NM,0,26,0.9819096765341616,0.9796207982606143,0.8384851100652114,0.75,5.951509475708008,8.375527381896973,323.3573627471924,5052.458792924881,64,0,7320,1140,40660
SGF_RF_ST1L20_NM,1,26,0.9829559670032221,0.9754247890124398,0.9314439426297727,1.0,6.295297622680664,6.855221271514893,318.910099029541,4982.970297336578,64,0,7320,1140,40660
SGF_RF_ST1L20_NM,0,27,0.9862163745582345,0.9825624526348165,0.9214868532574695,0.08333333333333333,4.34222936630249,4.703766345977783,320.7546603679657,5011.791568249464,64,0,7320,1140,40660
SGF_RF_ST1L20_NM,1,27,0.9874750242404294,0.9841359863358159,0.9355258669542229,0.0,4.866881370544434,6.204323768615723,320.86409187316895,5013.501435518265,64,0,7320,1140,40660
SGF_RF_ST1L20_NM,0,28,0.9678791946158958,0.9496018927424186,0.8581170906191287,1.0,11.389962196350098,11.0476655960083,320.2961595058441,5004.627492278814,64,0,7320,1140,40660
SGF_RF_ST1L20_NM,1,28,0.9724274223408326,0.9570844752253383,0.8812470319478408,1.0,10.671614646911621,11.953081130981445,321.7884633541107,5027.94473990798,64,0,7320,1140,40660
SGF_RF_ST1L20_NM,0,29,0.9769276812698887,0.9663211444533001,0.8767262049343275,1.0,11.591510772705078,18.41718292236328,318.9067463874817,4982.917912304401,64,0,7320,1140,40660
SGF_RF_ST1L20_NM,1,29,0.9579089458999704,0.9632538480143392,0.6057577353456746,1.0,12.054418563842773,14.80362606048584,322.0379054546356,5031.842272728682,64,0,7320,1140,40660
SGF_RF_ST1L20_NM,0,30,0.9733305663834413,0.9585640104387396,0.8870544187400652,1.0,9.427775382995605,11.098958969116211,321.94162368774414,5030.337870121002,64,0,7320,1140,40660
SGF_RF_ST1L20_NM,1,30,0.9765240917408157,0.9623086782552862,0.9345949408800706,1.0,8.45007610321045,10.665950775146484,323.3377091884613,5052.151706069708,64,0,7320,1140,40660
SGF_RF_ST1L20_NM,0,31,0.9877935965878061,0.9840449737284773,0.94366879955582,0.3333333333333333,6.024594306945801,6.0233635902404785,322.1159451007843,5033.061642199755,64,0,7320,1140,40660
SGF_RF_ST1L20_NM,1,31,0.9853775016033396,0.9803755931075542,0.9300987526126528,1.0,8.890359878540039,7.419768333435059,324.3159124851227,5067.436132580042,64,0,7320,1140,40660
SGF_RF_ST1L20_NM,0,32,0.9883261026639949,0.9880768801336007,0.8969810203365659,0.625,4.045500755310059,4.374362468719482,320.74361419677734,5011.618971824646,64,0,7320,1140,40660
SGF_RF_ST1L20_NM,1,32,0.9856728236474291,0.9861079710385492,0.8479790169259777,0.625,6.068758487701416,5.99698543548584,320.8187937736511,5012.793652713299,64,0,7320,1140,40660
SGF_RF_ST1L20_NM,0,33,0.979285088213377,0.9785050852724941,0.8051608172447785,0.8333333333333334,3.7374672889709473,4.272470951080322,322.71322774887085,5042.394183576107,64,0,7320,1140,40660
SGF_RF_ST1L20_NM,1,33,0.9850037872866192,0.9825361242457745,0.8754882242368615,0.75,5.937250137329102,6.920210838317871,318.8943464756012,4982.724163681269,64,0,7320,1140,40660
SGF_RF_ST1L20_NM,0,34,0.9694928920001082,0.9649732974508116,0.7535323371057925,0.9166666666666666,7.917746067047119,12.077982902526855,318.91533637046814,4983.052130788565,64,0,7320,1140,40660
SGF_RF_ST1L20_NM,1,34,0.9730897528398114,0.9660365545060685,0.805873164664144,0.9583333333333334,7.244736671447754,12.891873359680176,323.3521840572357,5052.377875894308,64,0,7320,1140,40660
SGF_RF_ST1L20_NM,0,35,0.9815374618373758,0.9730809016093129,0.9235883782739225,0.3333333333333333,6.5775837898254395,8.023043632507324,320.7492377758026,5011.706840246916,64,0,7320,1140,40660
SGF_RF_ST1L20_NM,1,35,0.982761351289434,0.9770825770433231,0.8939604655556058,0.08333333333333333,6.387212753295898,11.587924003601074,320.74860739707947,5011.696990579367,64,0,7320,1140,40660
SGF_RF_ST1L20_NM,0,36,0.9721425873486482,0.9552201922702533,0.9065575910651166,0.9583333333333334,8.586150169372559,8.631962776184082,321.3319456577301,5020.811650902033,64,0,7320,1140,40660
SGF_RF_ST1L20_NM,1,36,0.9700934397729477,0.9527984903624622,0.8738499931667162,1.0,8.0950927734375,8.52904224395752,321.21067070961,5018.916729837656,64,0,7320,1140,40660
SGF_RF_ST1L20_NM,0,37,0.9853517170131519,0.981112208738122,0.9163974847482598,0.16666666666666666,4.505611419677734,3.9050965309143066,321.2684004306793,5019.818756729364,64,0,7320,1140,40660
SGF_RF_ST1L20_NM,1,37,0.9813014669432607,0.9771611641251271,0.8497831121734952,0.0,2.5955655574798584,2.7165238857269287,320.77406668663025,5012.094791978598,64,0,7320,1140,40660
SGF_RF_ST1L20_NM,0,38,0.9812634873901743,0.9720875194236155,0.9308484844539476,0.625,5.728593826293945,9.372345924377441,320.7698483467102,5012.028880417347,64,0,7320,1140,40660
SGF_RF_ST1L20_NM,1,38,0.9808160930513136,0.9713051629162605,0.9292445260545482,0.6666666666666666,5.435591220855713,9.086407661437988,321.42369508743286,5022.2452357411385,64,0,7320,1140,40660
SGF_RF_ST1L20_NM,0,39,0.9891769739763255,0.9873408373565443,0.9380112083061881,0.375,5.543299674987793,6.040946006774902,321.19381737709045,5018.653396517038,64,0,7320,1140,40660
SGF_RF_ST1L20_NM,1,39,0.9861447790901634,0.9836348323251611,0.8987549452678018,0.20833333333333334,5.590744972229004,5.054134368896484,318.8885226249695,4982.633166015148,64,0,7320,1140,40660
SGF_RF_ST1L20_NM,0,40,0.9876642043087701,0.9852420784613137,0.9251562654972076,0.9583333333333334,5.094038963317871,5.1131205558776855,321.848801612854,5028.887525200844,64,0,7320,1140,40660
SGF_RF_ST1L20_NM,1,40,0.9812163108915867,0.9763569803407757,0.8571661827356919,0.9583333333333334,5.784087657928467,5.126514434814453,321.6625804901123,5025.977820158005,64,0,7320,1140,40660
SGF_RF_ST1L20_NM,0,41,0.9774685561545043,0.9690955092990269,0.8544137387172036,1.0,8.217317581176758,9.750852584838867,321.5683104991913,5024.504851549864,64,0,7320,1140,40660
SGF_RF_ST1L20_NM,1,41,0.9794113983369931,0.9720754810879307,0.8649135529994965,1.0,5.163818359375,8.194811820983887,321.33422231674194,5020.847223699093,64,0,7320,1140,40660
SGF_RF_ST1L20_NM,0,42,0.9925322931658253,0.9920012193822091,0.9640932109044945,0.125,2.3450021743774414,3.134578227996826,323.31752371788025,5051.836308091879,64,0,7320,1140,40660
SGF_RF_ST1L20_NM,1,42,0.9883921851768965,0.9864871010825199,0.9287391447502634,0.20833333333333334,3.1692922115325928,3.0376341342926025,320.7748475074768,5012.106992304325,64,0,7320,1140,40660
SGF_RF_ST1L20_NM,0,43,0.9868159486034473,0.9843530958538415,0.9105211781418842,0.4583333333333333,5.468483924865723,4.224124908447266,320.75068950653076,5011.729523539543,64,0,7320,1140,40660
SGF_RF_ST1L20_NM,1,43,0.9854298401051628,0.9820017030322422,0.902728681978972,0.9166666666666666,6.077160358428955,6.142119884490967,321.79316306114197,5028.018172830343,64,0,7320,1140,40660
SGF_RF_ST1L20_NM,0,44,0.9769363112664354,0.9713561146329809,0.823643552220386,1.0,7.378680229187012,7.876848220825195,322.06038188934326,5032.1934670209885,64,0,7320,1140,40660
SGF_RF_ST1L20_NM,1,44,0.9773917300131661,0.9707496040851198,0.8366568917813509,1.0,6.402381896972656,8.415995597839355,322.05448865890503,5032.101385295391,64,0,7320,1140,40660
SGF_RF_ST1L20_NM,0,45,0.9937606616382171,0.9931899743775526,0.9780337240384972,0.0,3.6462018489837646,3.3915367126464844,318.88846588134766,4982.632279396057,64,0,7320,1140,40660
SGF_RF_ST1L20_NM,1,45,0.9918984002196171,0.9907767861200276,0.9628454589325449,0.20833333333333334,3.6899380683898926,3.302286386489868,323.4405925273895,5053.759258240461,64,0,7320,1140,40660
SGF_RF_ST1L20_NM,0,46,0.9835328367729329,0.9777282243694669,0.9116242709367172,1.0,6.984259128570557,7.3417463302612305,321.96339893341064,5030.678108334541,64,0,7320,1140,40660
SGF_RF_ST1L20_NM,1,46,0.9836676007621757,0.9777993883897539,0.9153552508872488,0.875,5.26914644241333,6.123305797576904,324.0248279571533,5062.887936830521,64,0,7320,1140,40660
SGF_RF_ST1L20_NM,0,47,0.9881587612535929,0.986004589345827,0.9290052017439967,0.25,4.266611099243164,2.172492027282715,322.13789343833923,5033.4045849740505,64,0,7320,1140,40660
SGF_RF_ST1L20_NM,1,47,0.9876591244984549,0.9869145352032879,0.8931469748849454,0.125,3.1648993492126465,3.2756760120391846,320.86941957473755,5013.584680855274,64,0,7320,1140,40660
SGF_RF_ST1L20_NM,0,48,0.9930712486034108,0.9931557653972538,0.9618875397288281,0.16666666666666666,3.527039051055908,3.1990532875061035,320.82659435272217,5012.915536761284,64,0,7320,1140,40660
SGF_RF_ST1L20_NM,1,48,0.99150979020891,0.9903733461935033,0.95628854373227,0.375,4.0832648277282715,3.3809521198272705,318.916277885437,4983.066841959953,64,0,7320,1140,40660
SGF_RF_ST1L20_NM,0,49,0.9764955695314975,0.9645651994293095,0.8936435321102971,1.0,16.673194885253906,16.26819610595703,323.18310952186584,5049.736086279154,64,0,7320,1140,40660
SGF_RF_ST1L20_NM,1,49,0.9691845829300386,0.9495172234232067,0.9026170593240986,1.0,16.385217666625977,21.08722496032715,323.2040205001831,5050.062820315361,64,0,7320,1140,40660
SGF_RF_ST1L20_NM,0,50,0.9785551712395263,0.9659667953608496,0.9396398533945498,1.0,10.064373016357422,9.692068099975586,318.9470257759094,4983.547277748585,64,0,7320,1140,40660
SGF_RF_ST1L20_NM,1,50,0.9798071390535646,0.9696459638014917,0.9231517224208169,1.0,10.898091316223145,10.887877464294434,320.71494126319885,5011.170957237482,64,0,7320,1140,40660
SGF_RF_ST1L20_NM,0,51,0.9793166303785742,0.9700364620695191,0.8974607690520907,0.2916666666666667,3.832810163497925,4.995293140411377,320.7468845844269,5011.67007163167,64,0,7320,1140,40660
SGF_RF_ST1L20_NM,1,51,0.9752928413747188,0.9686838736937892,0.8193648522314817,0.08333333333333333,4.351234436035156,3.738743305206299,321.18739223480225,5018.553003668785,64,0,7320,1140,40660
SGF_RF_ST1L20_NM,0,52,0.9761270502228182,0.9680224870561913,0.8388520725395369,0.5833333333333334,10.103729248046875,10.998043060302734,321.25023007392883,5019.534844905138,64,0,7320,1140,40660
SGF_RF_ST1L20_NM,1,52,0.9687131527353475,0.9610247493230849,0.7734243837387665,0.5416666666666666,6.719261169433594,7.766903400421143,320.7614438533783,5011.897560209036,64,0,7320,1140,40660
SGF_RF_ST1L20_NM,0,53,0.9811674594566849,0.9717329307108797,0.9328778878502225,1.0,17.183767318725586,16.50905418395996,321.26732110977173,5019.801892340183,64,0,7320,1140,40660
SGF_RF_ST1L20_NM,1,53,0.983615312055834,0.9758941267607032,0.9416279805743176,1.0,15.620874404907227,16.98957061767578,318.9104754924774,4982.97617956996,64,0,7320,1140,40660
SGF_RF_ST1L20_NM,0,54,0.9880621601766771,0.9830962337393273,0.9630777913591136,0.4166666666666667,4.280182838439941,5.958592414855957,320.79143357276917,5012.366149574518,64,0,7320,1140,40660
SGF_RF_ST1L20_NM,1,54,0.989334122728336,0.9848781337821354,0.9739423212797745,0.6666666666666666,6.233372688293457,5.7691874504089355,321.2625308036804,5019.727043807507,64,0,7320,1140,40660
SGF_RF_ST1L20_NM,0,55,0.9774014568720973,0.9764629332048278,0.7893758157025212,0.3333333333333333,9.963157653808594,10.223454475402832,321.19813227653503,5018.72081682086,64,0,7320,1140,40660
SGF_RF_ST1L20_NM,1,55,0.9793902713168725,0.9744554194872098,0.8398900654004967,0.125,4.796152114868164,8.879903793334961,321.5035378932953,5023.492779582739,64,0,7320,1140,40660
SGF_RF_ST1L20_NM,0,56,0.9676408263556185,0.9584418365791921,0.7772448198950809,0.9583333333333334,12.22568130493164,11.255304336547852,321.75359869003296,5027.399979531765,64,0,7320,1140,40660
SGF_RF_ST1L20_NM,1,56,0.9800793570848101,0.9733374882689727,0.8657567112342172,0.9583333333333334,13.78503704071045,13.929150581359863,321.26836466789246,5019.81819793582,64,0,7320,1140,40660
SGF_RF_ST1L20_NM,0,57,0.9712607557621135,0.954829470444751,0.8798389784667803,1.0,8.56333065032959,9.351305961608887,321.5672719478607,5024.488624185324,64,0,7320,1140,40660
SGF_RF_ST1L20_NM,1,57,0.9723911678355736,0.955069380501906,0.9186870727850044,1.0,9.184707641601562,9.155445098876953,320.7760376930237,5012.125588953495,64,0,7320,1140,40660
SGF_RF_ST1L20_NM,0,58,0.9841208717100045,0.9786435433373016,0.9165286719799042,1.0,4.665292263031006,3.9320921897888184,323.36956882476807,5052.649512887001,64,0,7320,1140,40660
SGF_RF_ST1L20_NM,1,58,0.9826648292510978,0.9771539765179797,0.8884506614311881,1.0,3.64871883392334,5.02576208114624,321.72085547447205,5026.888366788626,64,0,7320,1140,40660
SGF_RF_ST1L20_NM,0,59,0.9937412440576345,0.9928132899265777,0.9808407581370809,0.8333333333333334,4.3804216384887695,4.494009494781494,320.7905831336975,5012.352861464024,64,0,7320,1140,40660
SGF_RF_ST1L20_NM,1,59,0.9951035769214327,0.9962107613282177,0.9755016707855723,0.9583333333333334,5.687359809875488,6.189432621002197,322.0299572944641,5031.718082726002,64,0,7320,1140,40660
SGF_RF_ST1L20_NM,0,60,0.9833094989433372,0.9793596518456296,0.8713048502154971,1.0,6.024331569671631,5.574893474578857,322.0747501850128,5032.417971640825,64,0,7320,1140,40660
SGF_RF_ST1L20_NM,1,60,0.9890903736877266,0.9868054017424583,0.9420133660668912,1.0,4.408572673797607,4.61767578125,323.4536020755768,5053.962532430887,64,0,7320,1140,40660
SGF_RF_ST1L20_NM,0,61,0.9842659906260655,0.9836888431060699,0.8444914765979933,1.0,4.5143842697143555,4.012264251708984,318.90946316719055,4982.960361987352,64,0,7320,1140,40660
SGF_RF_ST1L20_NM,1,61,0.9865805344360039,0.9854146734040269,0.8808209416658982,1.0,4.705618858337402,5.623472213745117,324.268217086792,5066.690891981125,64,0,7320,1140,40660
SGF_RF_ST1L20_NM,0,62,0.985781689575377,0.981258905542794,0.9288615130859873,0.9583333333333334,7.730221748352051,7.9274001121521,321.98513650894165,5031.017757952213,64,0,7320,1140,40660
SGF_RF_ST1L20_NM,1,62,0.9841101509715241,0.9769732588801974,0.9407405697781107,0.875,6.867794036865234,6.571426868438721,320.8609025478363,5013.451602309942,64,0,7320,1140,40660
SGF_RF_ST1L20_NM,0,63,0.9938952285997934,0.9938954837139576,0.974735008633655,0.08333333333333333,3.668673515319824,3.421586275100708,322.29056334495544,5035.790052264929,64,0,7320,1140,40660
SGF_RF_ST1L20_NM,1,63,0.9940049539172348,0.9953074738863975,0.9570472590301348,0.16666666666666666,3.776529550552368,3.1622374057769775,318.95376896858215,4983.652640134096,64,0,7320,1140,40660
SGF_RF_ST1L20_NM,0,64,0.9838822156313313,0.9791176455315723,0.8985775514789248,0.625,3.326831579208374,3.9970054626464844,320.76405692100525,5011.938389390707,64,0,7320,1140,40660
SGF_RF_ST1L20_NM,1,64,0.9913503454064218,0.9904392733368823,0.9510933873446091,0.08333333333333333,3.9027650356292725,3.4047224521636963,320.81915044784546,5012.799225747585,64,0,7320,1140,40660
SGF_RF_ST1L20_NM,0,65,0.9832107283789435,0.977187182834392,0.9096889210783917,0.7916666666666666,6.998995304107666,6.059309482574463,323.15561151504517,5049.306429922581,64,0,7320,1140,40660
SGF_RF_ST1L20_NM,1,65,0.9818750882539143,0.9759640339962257,0.881527366845504,0.875,5.066125869750977,6.162971019744873,323.2280914783478,5050.438929349184,64,0,7320,1140,40660
SGF_RF_ST1L20_NM,0,66,0.9883542767627125,0.9862180660248444,0.9314856775428938,0.0,3.254617929458618,3.2241291999816895,318.9062259197235,4982.90977999568,64,0,7320,1140,40660
SGF_RF_ST1L20_NM,1,66,0.986356500319214,0.9841270889405922,0.8972175380458003,0.041666666666666664,4.168671131134033,4.13195276260376,321.23800134658813,5019.34377104044,64,0,7320,1140,40660
SGF_RF_ST1L20_NM,0,67,0.9880957886059148,0.983725299678182,0.953859067481497,0.7916666666666666,6.996860504150391,8.098353385925293,320.7503960132599,5011.724937707186,64,0,7320,1140,40660
SGF_RF_ST1L20_NM,1,67,0.9857389525501018,0.9795675926230928,0.9473203822322512,1.0,9.45356559753418,10.361896514892578,320.75650000572205,5011.820312589407,64,0,7320,1140,40660
SGF_RF_ST1L20_NM,0,68,0.9692587718427719,0.9654876655468376,0.7443906936956489,0.041666666666666664,4.851132869720459,6.967944622039795,321.31980991363525,5020.622029900551,64,0,7320,1140,40660
SGF_RF_ST1L20_NM,1,68,0.9773052816431465,0.9741065010268201,0.8091769982939181,0.5833333333333334,8.022027969360352,7.961676597595215,318.93605637550354,4983.375880867243,64,0,7320,1140,40660
SGF_RF_ST1L20_NM,0,69,0.9768981527472252,0.9708263312856998,0.8267846638741702,0.7083333333333334,11.030359268188477,9.227225303649902,321.26196932792664,5019.718270748854,64,0,7320,1140,40660
SGF_RF_ST1L20_NM,1,69,0.9830921877634365,0.9766130203841836,0.9160237519637399,0.875,6.874107360839844,6.891664981842041,321.30365085601807,5020.369544625282,64,0,7320,1140,40660
SGF_RF_ST1L20_NM,0,70,0.964446841707995,0.9643272083773408,0.6886202537495157,0.7083333333333334,15.950521469116211,16.06153678894043,320.8304524421692,5012.975819408894,64,0,7320,1140,40660
SGF_RF_ST1L20_NM,1,70,0.9725530282358807,0.95936024245075,0.8532871979734172,0.4583333333333333,11.729649543762207,10.836393356323242,321.6253836154938,5025.39661899209,64,0,7320,1140,40660
SGF_RF_ST1L20_NM,0,71,0.9830591737530092,0.9769845043699587,0.9078312853108281,0.5,14.939085960388184,14.417402267456055,321.4279434680939,5022.311616688967,64,0,7320,1140,40660
SGF_RF_ST1L20_NM,1,71,0.9840230295868038,0.9796515594246568,0.8929411198781884,1.0,16.601316452026367,15.023022651672363,321.3339583873749,5020.8430998027325,64,0,7320,1140,40660
SGF_RF_ST1L20_NM,0,72,0.9706642388510188,0.9613057367343417,0.8047733520684034,0.8333333333333334,7.259152412414551,9.374570846557617,321.53522753715515,5023.987930268049,64,0,7320,1140,40660
SGF_RF_ST1L20_NM,1,72,0.9810210921500708,0.9717854466890135,0.9280506994413292,1.0,8.445631980895996,9.589401245117188,320.7882161140442,5012.3158767819405,64,0,7320,1140,40660
SGF_RF_ST1L20_NM,0,73,0.973483852533274,0.968984859324591,0.7865480003149613,0.7916666666666666,5.356876850128174,3.91560435295105,321.74738335609436,5027.302864938974,64,0,7320,1140,40660
SGF_RF_ST1L20_NM,1,73,0.9838242143048407,0.9799339237312475,0.8802541494369507,0.0,4.4716410636901855,4.457573890686035,321.77960753440857,5027.806367725134,64,0,7320,1140,40660
SGF_RF_ST1L20_NM,0,74,0.9674834143806718,0.9540644255616973,0.8122082961642224,0.9583333333333334,6.483133316040039,7.608260631561279,323.3963129520416,5053.06738987565,64,0,7320,1140,40660
SGF_RF_ST1L20_NM,1,74,0.9776138921770962,0.9659585781315322,0.9103407056435294,1.0,5.639440059661865,5.944500923156738,321.9653813838959,5030.709084123373,64,0,7320,1140,40660
SGF_RF_ST1L20_NM,0,75,0.9865950159024258,0.981789883626725,0.942259414040524,0.75,10.057760238647461,9.232405662536621,320.80233883857727,5012.53654435277,64,0,7320,1140,40660
SGF_RF_ST1L20_NM,1,75,0.9861143444639323,0.9810260726559547,0.9402998439643694,1.0,12.002419471740723,14.232258796691895,323.36041951179504,5052.506554871798,64,0,7320,1140,40660
SGF_RF_ST1L20_NM,0,76,0.968833938462664,0.9604096657406259,0.7808102991269982,1.0,13.439486503601074,8.239601135253906,322.0639865398407,5032.249789685011,64,0,7320,1140,40660
SGF_RF_ST1L20_NM,1,76,0.9641980103467706,0.9544538873578272,0.7528099158535833,1.0,9.298208236694336,11.221025466918945,324.09563875198364,5063.994355499744,64,0,7320,1140,40660
SGF_RF_ST1L20_NM,0,77,0.9835655416015654,0.9796383181006038,0.8759086196837217,0.25,3.733578681945801,4.590251922607422,318.88673424720764,4982.605222612619,64,0,7320,1140,40660
SGF_RF_ST1L20_NM,1,77,0.9777111088361264,0.9750646205759176,0.807836977036103,0.4166666666666667,5.156588554382324,6.189374923706055,320.8276743888855,5012.932412326336,64,0,7320,1140,40660
SGF_RF_ST1L20_NM,0,78,0.983210108940774,0.9761247997001935,0.9287077033001444,1.0,8.071054458618164,9.659011840820312,321.9480721950531,5030.438628047705,64,0,7320,1140,40660
SGF_RF_ST1L20_NM,1,78,0.9810533776418923,0.9726645809908708,0.9135940204495969,1.0,7.739320755004883,7.960118293762207,318.9701352119446,4983.908362686634,64,0,7320,1140,40660
SGF_RF_ST1L20_NM,0,79,0.9794248054962473,0.971451230226986,0.8740470590798751,0.125,4.200866222381592,7.124709129333496,322.1557879447937,5033.684186637402,64,0,7320,1140,40660
SGF_RF_ST1L20_NM,1,79,0.9684915964800567,0.9720211244158206,0.6906875527423361,0.3333333333333333,8.29870891571045,4.625516414642334,320.7516438961029,5011.744435876608,64,0,7320,1140,40660
SGF_RF_ST1L20_NM,0,80,0.9848649315881439,0.9769171278883694,0.9585363644620647,0.5,4.246346473693848,4.261091232299805,320.70810890197754,5011.064201593399,64,0,7320,1140,40660
SGF_RF_ST1L20_NM,1,80,0.9842576718158247,0.9756552004205284,0.9591763874758845,0.041666666666666664,4.596599102020264,4.012980937957764,323.2158784866333,5050.248101353645,64,0,7320,1140,40660
SGF_RF_ST1L20_NM,0,81,0.9869711045203214,0.9842887592491923,0.9175678504549939,0.375,7.928997039794922,7.676754474639893,318.89925241470337,4982.80081897974,64,0,7320,1140,40660
SGF_RF_ST1L20_NM,1,81,0.9525156706349224,0.9694334565792033,0.5213259680439597,0.625,6.195511341094971,7.792489528656006,321.2397801876068,5019.371565431356,64,0,7320,1140,40660
SGF_RF_ST1L20_NM,0,82,0.9430521902264423,0.9059284087470783,0.8061752721019412,1.0,9.294361114501953,7.952608108520508,323.22389912605286,5050.373423844576,64,0,7320,1140,40660
SGF_RF_ST1L20_NM,1,82,0.9503965316925393,0.9227479282085613,0.7870412119056868,1.0,5.724483489990234,5.746994495391846,320.75022745132446,5011.722303926945,64,0,7320,1140,40660
SGF_RF_ST1L20_NM,0,83,0.9882347453338038,0.9867392490387603,0.9190122096434884,0.041666666666666664,4.806970119476318,4.091770648956299,320.7553825378418,5011.802852153778,64,0,7320,1140,40660
SGF_RF_ST1L20_NM,1,83,0.9851198389953731,0.9806286532391782,0.9167698880900508,0.875,5.313093662261963,5.688174247741699,318.87736201286316,4982.458781450987,64,0,7320,1140,40660
SGF_RF_ST1L20_NM,0,84,0.9808846760716593,0.9717917285298787,0.9233098444731339,0.625,9.953840255737305,8.75158405303955,321.2275815010071,5019.180960953236,64,0,7320,1140,40660
SGF_RF_ST1L20_NM,1,84,0.9786992110145974,0.9708778238504805,0.8623271934364153,0.3333333333333333,6.79824161529541,6.825401306152344,321.26945900917053,5019.83529701829,64,0,7320,1140,40660
SGF_RF_ST1L20_NM,0,85,0.970561862934956,0.9491401166524938,0.9480475057726321,1.0,7.493897914886475,8.977435111999512,321.34271335601807,5020.979896187782,64,0,7320,1140,40660
SGF_RF_ST1L20_NM,1,85,0.9718586104650551,0.954876316370823,0.9024128952751989,0.7916666666666666,6.604676246643066,6.77075719833374,321.31903886795044,5020.609982311726,64,0,7320,1140,40660
SGF_RF_ST1L20_NM,0,86,0.9869121888816824,0.9841115562425505,0.9186845590238986,1.0,10.439846992492676,10.807242393493652,320.7769606113434,5012.14000955224,64,0,7320,1140,40660
SGF_RF_ST1L20_NM,1,86,0.9848746978234653,0.9796213526879587,0.9258647729521212,1.0,8.609874725341797,8.971869468688965,321.54089999198914,5024.07656237483,64,0,7320,1140,40660
SGF_RF_ST1L20_NM,0,87,0.9907193890038067,0.9900222919000092,0.9424214907314467,0.5,4.792312145233154,3.449063539505005,321.2379026412964,5019.342228770256,64,0,7320,1140,40660
SGF_RF_ST1L20_NM,1,87,0.9809426742685333,0.9727115065099733,0.9085711318513622,0.7916666666666666,6.230264663696289,5.380629062652588,320.8302516937256,5012.972682714462,64,0,7320,1140,40660
SGF_RF_ST1L20_NM,0,88,0.9895539404402388,0.9866509786055934,0.9537324983140697,0.4583333333333333,4.796362400054932,4.635432243347168,321.50836730003357,5023.5682390630245,64,0,7320,1140,40660
SGF_RF_ST1L20_NM,1,88,0.9906077201759623,0.9898259983027495,0.9421532063380532,0.7916666666666666,5.806088447570801,5.850887775421143,321.7327449321747,5027.074139565229,64,0,7320,1140,40660
SGF_RF_ST1L20_NM,0,89,0.9779232361391079,0.9779643343100625,0.7857505899408589,0.3333333333333333,8.144255638122559,8.339076042175293,321.80167531967163,5028.151176869869,64,0,7320,1140,40660
SGF_RF_ST1L20_NM,1,89,0.9873681759150049,0.983855479507036,0.9363600663516832,0.375,8.288152694702148,9.62893295288086,322.1296627521515,5033.275980502367,64,0,7320,1140,40660
SGF_RF_ST1L20_NM,0,90,0.9775999705883933,0.9659933849608385,0.9091762356136156,0.9166666666666666,9.177005767822266,9.684255599975586,323.33487010002136,5052.107345312834,64,0,7320,1140,40660
SGF_RF_ST1L20_NM,1,90,0.974499534576843,0.9593166104888403,0.9181134713732678,0.8333333333333334,15.371975898742676,16.217153549194336,323.3864805698395,5052.913758903742,64,0,7320,1140,40660
SGF_RF_ST1L20_NM,0,91,0.982818915286943,0.9757766883860352,0.9213313641755477,0.16666666666666666,7.639618396759033,11.133269309997559,320.758935213089,5011.8583627045155,64,0,7320,1140,40660
SGF_RF_ST1L20_NM,1,91,0.9651164491505669,0.9494455232415149,0.8113846014375272,0.9583333333333334,8.108349800109863,11.014822959899902,324.27156376838684,5066.743183881044,64,0,7320,1140,40660
SGF_RF_ST1L20_NM,0,92,0.983498289344618,0.9772835938279988,0.918687631254611,0.125,3.8710591793060303,4.326374530792236,322.0620050430298,5032.21882879734,64,0,7320,1140,40660
SGF_RF_ST1L20_NM,1,92,0.9823008381242495,0.9763334741996181,0.8901194476562998,0.2916666666666667,4.932286739349365,6.659433364868164,320.80575919151306,5012.589987367392,64,0,7320,1140,40660
SGF_RF_ST1L20_NM,0,93,0.9629212743551,0.9480067822401241,0.7853834175545237,0.9166666666666666,13.776802062988281,12.889241218566895,318.86768341064453,4982.307553291321,64,0,7320,1140,40660
SGF_RF_ST1L20_NM,1,93,0.9647784379130591,0.9473895138950758,0.8212250561817832,1.0,14.378686904907227,14.93612289428711,318.95494771003723,4983.671057969332,64,0,7320,1140,40660
SGF_RF_ST1L20_NM,0,94,0.9819997441848664,0.9749124570879885,0.9069654215937075,0.041666666666666664,7.911501884460449,7.774689197540283,321.96440172195435,5030.693776905537,64,0,7320,1140,40660
SGF_RF_ST1L20_NM,1,94,0.9798796876659089,0.9734887316101982,0.8594595362310824,0.0,6.590627670288086,7.516598224639893,320.7709496021271,5012.046087533236,64,0,7320,1140,40660
SGF_RF_ST1L20_NM,0,95,0.9773135419784733,0.9653699755348185,0.91011316102484,1.0,12.055750846862793,12.364688873291016,322.13444423675537,5033.350691199303,64,0,7320,1140,40660
SGF_RF_ST1L20_NM,1,95,0.9708885999743441,0.9543047794090804,0.8755073599193407,1.0,11.540054321289062,9.847646713256836,323.3354353904724,5052.116177976131,64,0,7320,1140,40660
SGF_RF_ST1L20_NM,0,96,0.963084034518789,0.9472472313591229,0.794638947300289,0.9583333333333334,5.486630916595459,7.147967338562012,320.8071644306183,5012.611944228411,64,0,7320,1140,40660
SGF_RF_ST1L20_NM,1,96,0.9596770693293388,0.9456191221151942,0.7506831391997958,1.0,6.106306076049805,6.4202094078063965,321.2089307308197,5018.889542669058,64,0,7320,1140,40660
SGF_RF_ST1L20_NM,0,97,0.9436718342213185,0.9192753436184057,0.7092380134955697,1.0,11.726373672485352,11.143507957458496,318.88947439193726,4982.64803737402,64,0,7320,1140,40660
SGF_RF_ST1L20_NM,1,97,0.9269895561813293,0.9014043992245068,0.6058498543241749,1.0,9.602768898010254,9.12129020690918,320.8566646575928,5013.385385274887,64,0,7320,1140,40660
SGF_RF_ST1L20_NM,0,98,0.9698698668075684,0.9600896300167165,0.8013640635687372,0.8333333333333334,8.818460464477539,6.900613784790039,323.2361388206482,5050.564669072628,64,0,7320,1140,40660
SGF_RF_ST1L20_NM,1,98,0.9764736244485833,0.9709561198389017,0.8200043102969294,0.2916666666666667,9.441997528076172,8.875697135925293,318.89629912376404,4982.754673808813,64,0,7320,1140,40660
SGF_RF_ST1L20_NM,0,99,0.9836482106864031,0.9788455885824977,0.8941996810228928,0.041666666666666664,8.925481796264648,8.627701759338379,320.7932629585266,5012.394733726978,64,0,7320,1140,40660
SGF_RF_ST1L20_NM,1,99,0.9855649684495459,0.98314322843667,0.8850920304008151,0.0,5.535172462463379,8.260144233703613,321.31517124176025,5020.549550652504,64,0,7320,1140,40660
SGF_RF_ST1L20_NM,0,100,0.9849462087796522,0.9862654368563364,0.8321404262729312,0.16666666666666666,2.0416078567504883,2.1789605617523193,321.2237904071808,5019.1217251122,64,0,7320,1140,40660
SGF_RF_ST1L20_NM,1,100,0.9857218886457204,0.985731618378752,0.852891392034033,0.08333333333333333,2.2380971908569336,2.7157320976257324,320.8153169155121,5012.739326804876,64,0,7320,1140,40660
SGF_RF_ST1L20_NM,0,101,0.9857051579164914,0.9851717059650728,0.8590827972992606,0.041666666666666664,5.6064252853393555,6.479584693908691,320.7679326534271,5011.998947709799,64,0,7320,1140,40660
SGF_RF_ST1L20_NM,1,101,0.9846062784150217,0.9813610649397297,0.8826888229535973,0.16666666666666666,3.076724052429199,4.891251564025879,321.2827961444855,5020.0436897575855,64,0,7320,1140,40660
SGF_RF_ST1L20_NM,0,102,0.9873660815909684,0.9857356378868704,0.9052913616532865,0.0,3.4204254150390625,6.836404800415039,321.3030126094818,5020.359572023153,64,0,7320,1140,40660
SGF_RF_ST1L20_NM,1,102,0.9812809579088837,0.9737576362426564,0.9017354547977448,0.16666666666666666,6.687279224395752,8.758796691894531,321.6223747730255,5025.349605828524,64,0,7320,1140,40660
SGF_RF_ST1L20_NM,0,103,0.9765300506207065,0.9654162764469142,0.8788879993169204,0.875,5.187767505645752,7.202823638916016,321.227979183197,5019.1871747374535,64,0,7320,1140,40660
SGF_RF_ST1L20_NM,1,103,0.9811578471425838,0.9742165378905753,0.8870905702528745,0.25,5.347500801086426,6.157092094421387,321.7332601547241,5027.082189917564,64,0,7320,1140,40660
SGF_RF_ST1L20_NM,0,104,0.9758975162165694,0.9646084437206867,0.8699247176232546,0.9166666666666666,4.4709062576293945,4.85694694519043,321.5233359336853,5023.802123963833,64,0,7320,1140,40660
SGF_RF_ST1L20_NM,1,104,0.981756715692066,0.9748048066532099,0.8999591236529142,1.0,4.922557353973389,7.350661277770996,322.0078110694885,5031.372047960758,64,0,7320,1140,40660
SGF_RF_ST1L20_NM,0,105,0.9883100604064583,0.9846252097237495,0.9481596234052078,0.375,5.54138708114624,9.875667572021484,321.8338842391968,5028.65444123745,64,0,7320,1140,40660
SGF_RF_ST1L20_NM,1,105,0.9825838106018443,0.9794410628176505,0.8530607391958651,0.3333333333333333,5.397315979003906,5.627395153045654,323.33694338798523,5052.139740437269,64,0,7320,1140,40660
SGF_RF_ST1L20_NM,0,106,0.9818711776709187,0.9762391452827761,0.8761146275893502,0.5833333333333334,6.967936038970947,9.041353225708008,320.78900265693665,5012.328166514635,64,0,7320,1140,40660
SGF_RF_ST1L20_NM,1,106,0.984289884810036,0.9791512009437366,0.9133381156817727,1.0,7.037361145019531,9.665721893310547,324.3334801197052,5067.710626870394,64,0,7320,1140,40660
SGF_RF_ST1L20_NM,0,107,0.982736459692123,0.9831203198240649,0.8225081770316415,0.0,5.040858745574951,6.327269077301025,323.3283910751343,5052.006110548973,64,0,7320,1140,40660
SGF_RF_ST1L20_NM,1,107,0.9849227759398667,0.9836399621700728,0.8586944587852644,0.08333333333333333,4.7552080154418945,6.937648296356201,320.8476047515869,5013.2438242435455,64,0,7320,1140,40660
SGF_RF_ST1L20_NM,0,108,0.9765041416514529,0.9659511904402445,0.868447447600572,0.20833333333333334,7.743986129760742,12.38411808013916,322.07489919662476,5032.420299947262,64,0,7320,1140,40660
SGF_RF_ST1L20_NM,1,108,0.9761207014719679,0.9647637117373687,0.8756113143070884,0.6666666666666666,11.958426475524902,10.860038757324219,318.96754217147827,4983.867846429348,64,0,7320,1140,40660
SGF_RF_ST1L20_NM,0,109,0.9773220393791394,0.9668824385090541,0.8810918875362562,0.4166666666666667,5.698520183563232,5.4260640144348145,318.91641306877136,4983.0689541995525,64,0,7320,1140,40660
SGF_RF_ST1L20_NM,1,109,0.9756844510948932,0.9600789434406707,0.941166305023691,0.20833333333333334,4.554792404174805,5.371318817138672,320.81385111808777,5012.716423720121,64,0,7320,1140,40660
SGF_RF_ST1L20_NM,0,110,0.9908348806741639,0.9897576297723477,0.9473384281863337,0.125,6.330136299133301,8.01519775390625,322.873055934906,5044.891498982906,64,0,7320,1140,40660
SGF_RF_ST1L20_NM,1,110,0.9872875008189963,0.9857220995410154,0.9026348098464633,0.25,5.849790096282959,8.33223819732666,323.3054039478302,5051.646936684847,64,0,7320,1140,40660
SGF_RF_ST1L20_NM,0,111,0.981233626483769,0.9717604620482332,0.9341864663621654,0.5,4.190713882446289,3.941941738128662,400.234845161438,6253.669455647469,64,0,7320,1140,40660
SGF_RF_ST1L20_NM,1,111,0.9789570570125848,0.9697081383758336,0.8889890714831973,0.0,3.3935911655426025,3.6231446266174316,321.2245554924011,5019.133679568768,64,0,7320,1140,40660
SGF_RF_ST1L20_NM,0,112,0.9858834929787449,0.9802843043480509,0.9430781680604686,0.9583333333333334,6.338695526123047,7.790927886962891,320.94269943237305,5014.729678630829,64,0,7320,1140,40660
SGF_RF_ST1L20_NM,1,112,0.9839047040382027,0.9799883207406408,0.8821484420610511,0.3333333333333333,6.522825241088867,8.432132720947266,318.85995650291443,4982.186820358038,64,0,7320,1140,40660
SGF_RF_ST1L20_NM,0,113,0.9825173117416076,0.9751548992209536,0.9216469876144243,1.0,11.003429412841797,12.162632942199707,318.9528703689575,4983.638599514961,64,0,7320,1140,40660
SGF_RF_ST1L20_NM,1,113,0.9812559765037943,0.9759587492112832,0.8626991536306298,1.0,13.352514266967773,12.694571495056152,320.7610504627228,5011.891413480043,64,0,7320,1140,40660
SGF_RF_ST1L20_NM,0,114,0.9782178371905014,0.9665138231570362,0.9223625297131747,0.75,3.8226542472839355,4.224010944366455,323.20625734329224,5050.097770988941,64,0,7320,1140,40660
SGF_RF_ST1L20_NM,1,114,0.9752394289402316,0.9619294960171946,0.8964009621868962,0.5416666666666666,4.239928245544434,4.231626033782959,321.2723915576935,5019.881118088961,64,0,7320,1140,40660
SGF_RF_ST1L20_NM,0,115,0.9769757575525183,0.9627811166868415,0.9399751217468925,1.0,11.918763160705566,10.718198776245117,320.7531683444977,5011.768255382776,64,0,7320,1140,40660
SGF_RF_ST1L20_NM,1,115,0.9786159421091624,0.9674152589693504,0.920575227426446,1.0,9.374463081359863,10.286343574523926,320.80225896835327,5012.53529638052,64,0,7320,1140,40660
SGF_RF_ST1L20_NM,0,116,0.9850578291452964,0.9770414988680552,0.9644038340319758,0.0,4.584297180175781,4.373788356781006,321.2351806163788,5019.2996971309185,64,0,7320,1140,40660
SGF_RF_ST1L20_NM,1,116,0.9859332461811197,0.9787729434588904,0.9649618915889574,0.041666666666666664,3.7936360836029053,3.801039218902588,321.2392375469208,5019.363086670637,64,0,7320,1140,40660
SGF_RF_ST1L20_NM,0,117,0.9776934527452457,0.9707870853123485,0.8423406546530515,0.7916666666666666,8.139728546142578,6.834993839263916,320.74581480026245,5011.653356254101,64,0,7320,1140,40660
SGF_RF_ST1L20_NM,1,117,0.9757454032924446,0.9714234782963671,0.8051812849614931,0.5416666666666666,5.776707172393799,8.397276878356934,321.52923107147217,5023.894235491753,64,0,7320,1140,40660
SGF_RF_ST1L20_NM,0,118,0.9691470158559558,0.9523603716284357,0.8554963897103849,1.0,11.827977180480957,11.912440299987793,321.3430280685425,5020.984813570976,64,0,7320,1140,40660
SGF_RF_ST1L20_NM,1,118,0.9625427721541934,0.9399296828816013,0.8472558104473612,1.0,9.974950790405273,10.733221054077148,321.7279851436615,5026.999767869711,64,0,7320,1140,40660
SGF_RF_ST1L20_NM,0,119,0.9829779291977886,0.9752320555509418,0.9343988791756009,0.16666666666666666,5.485163688659668,5.212899208068848,321.362829208374,5021.294206380844,64,0,7320,1140,40660
SGF_RF_ST1L20_NM,1,119,0.9836079610493863,0.9775238049927578,0.918295134668765,0.20833333333333334,4.2159624099731445,6.733097076416016,322.1232681274414,5033.176064491272,64,0,7320,1140,40660
SGF_RF_ST1L20_NM,0,120,0.9887552028414106,0.9845448236071294,0.9612788195195406,0.0,3.317274332046509,3.69242262840271,321.54941296577454,5024.209577590227,64,0,7320,1140,40660
SGF_RF_ST1L20_NM,1,120,0.9919447694291194,0.9894718783757379,0.9786861836910248,0.08333333333333333,2.9362707138061523,4.7531023025512695,323.3262708187103,5051.972981542349,64,0,7320,1140,40660
SGF_RF_ST1L20_NM,0,121,0.9826803611268385,0.976658087704451,0.8998252943806028,0.7916666666666666,8.223763465881348,9.173873901367188,321.7637941837311,5027.559284120798,64,0,7320,1140,40660
SGF_RF_ST1L20_NM,1,121,0.9835949579033271,0.9770072761081879,0.9267921188603276,1.0,7.881052017211914,8.514900207519531,324.32393765449524,5067.561525851488,64,0,7320,1140,40660
SGF_RF_ST1L20_NM,0,122,0.9884946742012971,0.9839340303373593,0.9638615522695625,0.25,6.842681884765625,6.149295806884766,320.7682366371155,5012.003697454929,64,0,7320,1140,40660
SGF_RF_ST1L20_NM,1,122,0.9900502695445614,0.988504438030143,0.944203319756881,0.0,7.215533256530762,5.919815540313721,320.79922008514404,5012.487813830376,64,0,7320,1140,40660
SGF_RF_ST1L20_NM,0,123,0.9731047631506641,0.960977921923322,0.8479253442391105,0.4166666666666667,7.506317615509033,8.153600692749023,323.3786926269531,5052.792072296143,64,0,7320,1140,40660
SGF_RF_ST1L20_NM,1,123,0.9801073042888696,0.9733662108179703,0.8660666838936185,0.6666666666666666,10.54128646850586,7.526378631591797,318.85251665115356,4982.070572674274,64,0,7320,1140,40660
SGF_RF_ST1L20_NM,0,124,0.9792189597092261,0.9721368578092385,0.8598172703514928,0.20833333333333334,4.480538845062256,4.666329860687256,318.95394563674927,4983.655400574207,64,0,7320,1140,40660
SGF_RF_ST1L20_NM,1,124,0.9807824197302016,0.9786098875826404,0.8266806058261705,0.08333333333333333,4.791325092315674,5.922717094421387,320.71275305747986,5011.136766523123,64,0,7320,1140,40660
SGF_RF_ST1L20_NM,0,125,0.9860461052800685,0.9790123156722516,0.9645689090956813,0.20833333333333334,8.166336059570312,9.252758979797363,322.0506546497345,5032.0414789021015,64,0,7320,1140,40660
SGF_RF_ST1L20_NM,1,125,0.9818170338157987,0.9720300368323761,0.9442819849304532,0.8333333333333334,10.957830429077148,9.562480926513672,323.4459888935089,5053.843576461077,64,0,7320,1140,40660
SGF_RF_ST1L20_NM,0,126,0.9624356416851699,0.9604940915540342,0.6876194937073666,0.375,9.311419486999512,9.040711402893066,322.16318941116333,5033.799834549427,64,0,7320,1140,40660
SGF_RF_ST1L20_NM,1,126,0.9737422618428854,0.9665581991755835,0.8123795921387881,0.20833333333333334,7.092851638793945,7.394533157348633,321.18729281425476,5018.551450222731,64,0,7320,1140,40660
SGF_RF_ST1L20_NM,0,127,0.9736428727565967,0.9645183820637963,0.8253812012465104,1.0,5.617809772491455,9.050280570983887,320.9118254184723,5014.2472721636295,64,0,7320,1140,40660
SGF_RF_ST1L20_NM,1,127,0.9683315254327381,0.9637700349332826,0.7431885496429776,1.0,7.353453159332275,7.322765350341797,318.91479539871216,4983.0436781048775,64,0,7320,1140,40660
SGF_RF_ST1L20_NM,0,128,0.9586699171431841,0.9597640665628576,0.6422626065171283,0.9166666666666666,6.476032257080078,6.589040279388428,318.86159586906433,4982.21243545413,64,0,7320,1140,40660
SGF_RF_ST1L20_NM,1,128,0.9583623708457978,0.9599914364516735,0.6350798250540443,0.9583333333333334,5.318477153778076,8.292829513549805,320.7523181438446,5011.754970997572,64,0,7320,1140,40660
SGF_RF_ST1L20_NM,0,129,0.9720490060151659,0.9594679174804558,0.8426082665505618,1.0,9.963515281677246,8.826765060424805,323.2180976867676,5050.282776355743,64,0,7320,1140,40660
SGF_RF_ST1L20_NM,1,129,0.9618602129324912,0.9490790434422033,0.75999014792235,1.0,14.489214897155762,14.798115730285645,321.2981119155884,5020.282998681068,64,0,7320,1140,40660
SGF_RF_ST1L20_NM,0,130,0.9834356791697356,0.9760739985573036,0.9353173193724259,1.0,9.887046813964844,12.28333854675293,320.7711362838745,5012.049004435539,64,0,7320,1140,40660
SGF_RF_ST1L20_NM,1,130,0.9864803896557439,0.9810625265442555,0.9472007466399152,1.0,10.016667366027832,10.816646575927734,320.76853370666504,5012.008339166641,64,0,7320,1140,40660
SGF_RF_ST1L20_NM,0,131,0.9624021199745586,0.9576796941779634,0.7024414144132448,0.9583333333333334,9.605223655700684,10.118257522583008,321.25063371658325,5019.541151821613,64,0,7320,1140,40660
SGF_RF_ST1L20_NM,1,131,0.9772196612259897,0.965921595171895,0.895694200111472,0.4166666666666667,9.453392028808594,12.659740447998047,321.2766315937042,5019.9473686516285,64,0,7320,1140,40660
SGF_RF_ST1L20_NM,0,132,0.9716343529463671,0.9671375063318077,0.7710676089577054,0.2916666666666667,4.955709457397461,8.230173110961914,320.75992608070374,5011.873845010996,64,0,7320,1140,40660
SGF_RF_ST1L20_NM,1,132,0.9712294434965507,0.9551051830252012,0.8731658899265787,0.3333333333333333,7.019444942474365,6.774807929992676,321.5430209636688,5024.109702557325,64,0,7320,1140,40660
SGF_RF_ST1L20_NM,0,133,0.9731356548971993,0.9577627561345535,0.8954892482446587,1.0,16.52919578552246,19.23149871826172,321.33712458610535,5020.892571657896,64,0,7320,1140,40660
SGF_RF_ST1L20_NM,1,133,0.9751062374806846,0.9629800946161312,0.8707730005616727,1.0,14.006305694580078,12.872261047363281,321.7478973865509,5027.310896664858,64,0,7320,1140,40660
SGF_RF_ST1L20_NM,0,134,0.9869920183641545,0.9832521219567587,0.9345001656076183,0.2916666666666667,3.090956211090088,4.0608391761779785,321.27174162864685,5019.870962947607,64,0,7320,1140,40660
SGF_RF_ST1L20_NM,1,134,0.9782155734996545,0.9690389774178945,0.8739245546900708,0.6666666666666666,3.7035810947418213,4.095020294189453,322.00533747673035,5031.333398073912,64,0,7320,1140,40660
SGF_RF_ST1L20_NM,0,135,0.9896776588598962,0.9867961307767259,0.9551133759643721,0.0,3.878610372543335,5.165619850158691,321.5073983669281,5023.553099483252,64,0,7320,1140,40660
SGF_RF_ST1L20_NM,1,135,0.9865701689238356,0.9812177515799,0.9474421415639961,0.0,3.655482053756714,3.9693973064422607,323.31923365592957,5051.8630258738995,64,0,7320,1140,40660
SGF_RF_ST1L20_NM,0,136,0.9701511267447515,0.9528617377402963,0.8748780955439028,0.8333333333333334,13.203683853149414,12.668074607849121,321.7844684123993,5027.882318943739,64,0,7320,1140,40660
SGF_RF_ST1L20_NM,1,136,0.9768305120291433,0.9652459880597489,0.8933999292228533,0.4166666666666667,8.114306449890137,10.390410423278809,324.04361510276794,5063.181485980749,64,0,7320,1140,40660
SGF_RF_ST1L20_NM,0,137,0.9707262331973502,0.9608626664886551,0.8099614187427188,1.0,21.857133865356445,17.040851593017578,320.8030903339386,5012.548286467791,64,0,7320,1140,40660
SGF_RF_ST1L20_NM,1,137,0.9714920196312441,0.9592803161070552,0.832992295856061,1.0,24.31376075744629,16.263721466064453,320.84782814979553,5013.247314840555,64,0,7320,1140,40660
SGF_RF_ST1L20_NM,0,138,0.99011144677748,0.9919998659401811,0.8892921364825704,0.16666666666666666,5.6137166023254395,6.447872161865234,318.8631110191345,4982.236109673977,64,0,7320,1140,40660
SGF_RF_ST1L20_NM,1,138,0.9918164125727399,0.993482509527796,0.9262430823367575,0.08333333333333333,4.336252689361572,5.9730939865112305,318.96635484695435,4983.849294483662,64,0,7320,1140,40660
SGF_RF_ST1L20_NM,0,139,0.9775699768493463,0.9652143398760469,0.9224264388499052,1.0,10.105563163757324,10.766870498657227,323.339143037796,5052.174109965563,64,0,7320,1140,40660
SGF_RF_ST1L20_NM,1,139,0.9749067696019066,0.9613249682050239,0.8950428068637848,1.0,10.615113258361816,8.302694320678711,320.8101615905762,5012.658774852753,64,0,7320,1140,40660
SGF_RF_ST1L20_NM,0,140,0.971797925830621,0.9671957912223954,0.7734113452227219,0.9583333333333334,6.177379608154297,9.723593711853027,322.11778569221497,5033.090401440859,64,0,7320,1140,40660
SGF_RF_ST1L20_NM,1,140,0.9660066889245266,0.9542589877401628,0.7847390744997108,0.9583333333333334,7.747957706451416,15.584226608276367,323.3191864490509,5051.86228826642,64,0,7320,1140,40660
SGF_RF_ST1L20_NM,0,141,0.9922165128675776,0.9920350811494294,0.9529365495495176,0.7916666666666666,6.161563873291016,5.20656681060791,324.0830249786377,5063.797265291214,64,0,7320,1140,40660
SGF_RF_ST1L20_NM,1,141,0.9931885758888486,0.9938654929239265,0.9544717306676119,0.0,3.3218400478363037,3.774794816970825,321.28191685676575,5020.029950886965,64,0,7320,1140,40660
SGF_RF_ST1L20_NM,0,142,0.9924964731157973,0.9901670838395754,0.9825351341910983,0.16666666666666666,3.3958983421325684,6.32799768447876,320.8055236339569,5012.586306780577,64,0,7320,1140,40660
SGF_RF_ST1L20_NM,1,142,0.9971536807004716,0.9978683732690349,0.9920582732428675,0.0,2.315279483795166,3.0672452449798584,320.51565313339233,5008.057080209255,64,0,7320,1140,40660
SGF_RF_ST1L20_NM,0,143,0.9750567949951042,0.9599784671939829,0.9259850266187087,0.041666666666666664,11.255110740661621,7.07985258102417,318.93768644332886,4983.401350677013,64,0,7320,1140,40660
SGF_RF_ST1L20_NM,1,143,0.9772023624523368,0.9664467894422111,0.8845806471679521,0.0,10.06566333770752,10.093803405761719,320.7606806755066,5011.8856355547905,64,0,7320,1140,40660
SGF_RF_ST1L20_NM,0,144,0.977928960236663,0.9754366589489804,0.8084194478781327,0.0,7.972313404083252,7.376565933227539,323.24946451187134,5050.77288299799,64,0,7320,1140,40660
SGF_RF_ST1L20_NM,1,144,0.9755008517695095,0.9738855815782982,0.7796534559001094,0.20833333333333334,5.645269870758057,5.68886661529541,321.6266984939575,5025.417163968086,64,0,7320,1140,40660
SGF_RF_ST1L20_NM,0,145,0.9916530648916878,0.9883906727115953,0.9835041307884714,0.0,4.26510763168335,4.597511291503906,320.8050854206085,5012.579459697008,64,0,7320,1140,40660
SGF_RF_ST1L20_NM,1,145,0.993027850448641,0.991200132595916,0.982856413592463,0.0,4.503277778625488,4.6302947998046875,320.82138991355896,5012.834217399359,64,0,7320,1140,40660
SGF_RF_ST1L20_NM,0,146,0.9882152995095671,0.9865473256075896,0.9217072712338489,0.20833333333333334,4.1390814781188965,5.927179336547852,321.29745984077454,5020.272810012102,64,0,7320,1140,40660
SGF_RF_ST1L20_NM,1,146,0.9837848958909045,0.9804148849059816,0.869563295789387,0.125,4.641396999359131,6.371140003204346,321.4260051250458,5022.28133007884,64,0,7320,1140,40660
SGF_RF_ST1L20_NM,0,147,0.9591090539935965,0.940451181343486,0.7848383395568185,1.0,10.217897415161133,9.760936737060547,320.7674775123596,5011.991836130619,64,0,7320,1140,40660
SGF_RF_ST1L20_NM,1,147,0.9796190155659136,0.9681409532504697,0.9390596332757369,1.0,9.685975074768066,10.201083183288574,321.56966280937195,5024.525981396437,64,0,7320,1140,40660
SGF_RF_ST1L20_NM,0,148,0.9829533349420659,0.9777344908685454,0.8883884030839672,0.875,5.659018039703369,6.2987060546875,321.34388184547424,5020.998153835535,64,0,7320,1140,40660
SGF_RF_ST1L20_NM,1,148,0.9892470309997105,0.9859964023995142,0.9542827360008074,0.20833333333333334,5.926572799682617,5.265494346618652,321.8227846622467,5028.481010347605,64,0,7320,1140,40660
SGF_RF_ST1L20_NM,0,149,0.9547683721076553,0.9356161654396082,0.7525885830754819,0.7083333333333334,9.123961448669434,8.038348197937012,321.3076720237732,5020.432375371456,64,0,7320,1140,40660
SGF_RF_ST1L20_NM,1,149,0.96670454980926,0.9461368192988697,0.8715599555036296,0.25,7.2905988693237305,7.401677131652832,322.0281639099121,5031.690061092377,64,0,7320,1140,40660
SGF_RF_ST1L20_NM,0,150,0.9891709353363302,0.9887997641438439,0.9154736218245133,0.08333333333333333,3.3748035430908203,3.7130024433135986,321.5353813171387,5023.990333080292,64,0,7320,1140,40660
SGF_RF_ST1L20_NM,1,150,0.9843488277928117,0.9809249642315091,0.8812882990940757,0.08333333333333333,3.0807807445526123,3.402282238006592,323.32765078544617,5051.994543522596,64,0,7320,1140,40660
SGF_RF_ST1L20_NM,0,151,0.977976540628716,0.9666468821145514,0.9110364965770555,1.0,6.129765510559082,7.755458354949951,321.7924814224243,5028.00752222538,64,0,7320,1140,40660
SGF_RF_ST1L20_NM,1,151,0.9748590435118462,0.959764783901553,0.9228967518910117,0.9583333333333334,5.90211820602417,7.681712627410889,324.1830425262451,5065.36003947258,64,0,7320,1140,40660
SGF_RF_ST1L20_NM,0,152,0.9669057091132872,0.9528196404377619,0.812848290671473,1.0,12.1057767868042,15.165568351745605,320.78724241256714,5012.3006626963615,64,0,7320,1140,40660
SGF_RF_ST1L20_NM,1,152,0.9764461174028151,0.9638524160830565,0.9060921461685844,1.0,13.481629371643066,10.592660903930664,320.44089818000793,5006.889034062624,64,0,7320,1140,40660
SGF_RF_ST1L20_NM,0,153,0.9898750862200539,0.9894800622777273,0.9282778371935305,0.4166666666666667,10.875560760498047,11.134686470031738,318.86005330085754,4982.188332825899,64,0,7320,1140,40660
SGF_RF_ST1L20_NM,1,153,0.9874584948080679,0.9852771974539244,0.9173109673935435,0.5833333333333334,8.753350257873535,12.158921241760254,320.89221143722534,5013.940803706646,64,0,7320,1140,40660
SGF_RF_ST1L20_NM,0,154,0.9733261336916064,0.9545996869283337,0.9487317191517871,1.0,7.170738220214844,7.161706924438477,323.3728275299072,5052.7004301548,64,0,7320,1140,40660
SGF_RF_ST1L20_NM,1,154,0.9724694750996479,0.9534151513650212,0.9434860620809639,1.0,9.84312629699707,9.92892837524414,320.7464122772217,5011.662691831589,64,0,7320,1140,40660
SGF_RF_ST1L20_NM,0,155,0.9872011192715702,0.9837779383906113,0.9331564773683962,0.0,1.6816983222961426,2.308140516281128,322.0606050491333,5032.196953892708,64,0,7320,1140,40660
SGF_RF_ST1L20_NM,1,155,0.9873376696052222,0.9839312940114929,0.9346516274887583,0.0,1.423464059829712,1.6200742721557617,323.38774156570435,5052.93346196413,64,0,7320,1140,40660
SGF_RF_ST1L20_NM,0,156,0.9856860113927204,0.9810033781874564,0.9299514811971913,0.20833333333333334,5.767376899719238,6.181410312652588,323.96439361572266,5061.9436502456665,64,0,7320,1140,40660
SGF_RF_ST1L20_NM,1,156,0.983073575032074,0.9757889442706622,0.9297741742237754,0.4583333333333333,5.9273552894592285,5.461188316345215,321.22270035743713,5019.104693084955,64,0,7320,1140,40660
SGF_RF_ST1L20_NM,0,157,0.9750135697252356,0.976383352832448,0.7497830254876096,0.041666666666666664,4.285798072814941,4.847982883453369,320.80629205703735,5012.598313391209,64,0,7320,1140,40660
SGF_RF_ST1L20_NM,1,157,0.9816189488280173,0.9780515680710474,0.8475251353305319,0.3333333333333333,4.9387969970703125,7.301593780517578,318.8777058124542,4982.464153319597,64,0,7320,1140,40660
SGF_RF_ST1L20_NM,0,158,0.9792571776663644,0.9653291405048421,0.9676001706848973,0.875,6.701045989990234,6.938226222991943,318.9325542449951,4983.321160078049,64,0,7320,1140,40660
SGF_RF_ST1L20_NM,1,158,0.9788425820680503,0.9673755202162009,0.9289493327555448,1.0,9.27434253692627,9.722010612487793,320.7554597854614,5011.804059147835,64,0,7320,1140,40660
SGF_RF_ST1L20_NM,0,159,0.9851024992866352,0.9815322793219039,0.8991569436114767,0.16666666666666666,6.900132656097412,8.666583061218262,323.2069673538208,5050.10886490345,64,0,7320,1140,40660
SGF_RF_ST1L20_NM,1,159,0.9845642098351272,0.980041913648126,0.9069557060366091,0.7916666666666666,7.5202507972717285,7.269708633422852,320.76742911338806,5011.9910798966885,64,0,7320,1140,40660
SGF_RF_ST1L20_NM,0,160,0.9707655477629077,0.9622405889213725,0.7980548506197721,0.6666666666666666,6.48082160949707,13.09367561340332,320.79641246795654,5012.443944811821,64,0,7320,1140,40660
SGF_RF_ST1L20_NM,1,160,0.9648127022369836,0.9624186312799813,0.7030335729536802,0.9583333333333334,8.462544441223145,8.774356842041016,321.2697904109955,5019.840475171804,64,0,7320,1140,40660
SGF_RF_ST1L20_NM,0,161,0.9883749070612865,0.9862447317329144,0.9316679109697756,1.0,8.440461158752441,8.914265632629395,321.2273316383362,5019.177056849003,64,0,7320,1140,40660
SGF_RF_ST1L20_NM,1,161,0.9841578688976623,0.9789649292185741,0.911875544682793,1.0,8.105182647705078,9.960687637329102,321.3724718093872,5021.444872021675,64,0,7320,1140,40660
SGF_RF_ST1L20_NM,0,162,0.9733614582093709,0.9657209424241898,0.8129213037698165,0.9166666666666666,12.896728515625,13.49545669555664,320.79357981681824,5012.399684637785,64,0,7320,1140,40660
SGF_RF_ST1L20_NM,1,162,0.9810058961777312,0.9771152248465887,0.8449637682541556,0.75,13.683292388916016,12.13756275177002,321.48924469947815,5023.269448429346,64,0,7320,1140,40660
SGF_RF_ST1L20_NM,0,163,0.9889615568800646,0.988377048964462,0.9155480719130972,0.0,5.552767276763916,4.5987629890441895,321.3758816719055,5021.498151123524,64,0,7320,1140,40660
SGF_RF_ST1L20_NM,1,163,0.9876295348974717,0.9873674481065683,0.8834020508372266,0.125,4.920222759246826,5.373891830444336,321.7598361968994,5027.497440576553,64,0,7320,1140,40660
SGF_RF_ST1L20_NM,0,164,0.9865254555169384,0.9832235415295888,0.9207577225954636,0.0,4.182990074157715,6.119929790496826,321.2876126766205,5020.118948072195,64,0,7320,1140,40660
SGF_RF_ST1L20_NM,1,164,0.9864006847646647,0.9832786868015925,0.9151082842246346,0.0,5.5074663162231445,7.1353864669799805,322.0000088214874,5031.250137835741,64,0,7320,1140,40660
SGF_RF_ST1L20_NM,0,165,0.9870980248771358,0.9857937141612011,0.8931161839029064,1.0,6.253604412078857,8.879276275634766,321.5180125236511,5023.718945682049,64,0,7320,1140,40660
SGF_RF_ST1L20_NM,1,165,0.9915827249599604,0.9901180998372134,0.963632222103036,1.0,6.947925567626953,7.898704528808594,323.3525638580322,5052.3838102817535,64,0,7320,1140,40660
SGF_RF_ST1L20_NM,0,166,0.9830675897059638,0.9756979542954635,0.9308206374230593,0.5833333333333334,7.18927526473999,8.190637588500977,321.78032660484314,5027.817603200674,64,0,7320,1140,40660
SGF_RF_ST1L20_NM,1,166,0.9868411441041983,0.9829294953535322,0.934760851704556,0.6666666666666666,7.417263031005859,7.127017021179199,324.15296840667725,5064.890131354332,64,0,7320,1140,40660
SGF_RF_ST1L20_NM,0,167,0.9741394571038464,0.9719986097626788,0.7723673983760501,1.0,9.075727462768555,10.3365478515625,318.88386392593384,4982.560373842716,64,0,7320,1140,40660
SGF_RF_ST1L20_NM,1,167,0.9833358713181063,0.9809614677502904,0.8528692346552144,1.0,9.148638725280762,10.022384643554688,320.3503715991974,5005.474556237459,64,0,7320,1140,40660
SGF_RF_ST1L20_NM,0,168,0.9808922647467249,0.981052631452199,0.8109873410152352,0.5,6.081188678741455,7.066165924072266,320.7847604751587,5012.261882424355,64,0,7320,1140,40660
SGF_RF_ST1L20_NM,1,168,0.9726036161600001,0.9719798077819167,0.7461258639460024,0.20833333333333334,7.753134250640869,8.969624519348145,320.87227964401245,5013.629369437695,64,0,7320,1140,40660
SGF_RF_ST1L20_NM,0,169,0.9949726256597353,0.9975682913616141,0.9526532499686532,0.0,4.907062530517578,5.292218208312988,323.34326910972595,5052.238579839468,64,0,7320,1140,40660
SGF_RF_ST1L20_NM,1,169,0.9938570357945978,0.9974745035331737,0.9277590681677279,0.0,6.569128036499023,4.657456398010254,320.7776050567627,5012.150079011917,64,0,7320,1140,40660
SGF_RF_ST1L20_NM,0,170,0.9844056331084515,0.9810667108864554,0.8807882368564606,0.9166666666666666,7.108982563018799,11.335558891296387,322.0560259819031,5032.125405967236,64,0,7320,1140,40660
SGF_RF_ST1L20_NM,1,170,0.981627250341646,0.9776410680784974,0.8517303065113401,0.7916666666666666,8.486710548400879,14.277752876281738,323.4221999645233,5053.471874445677,64,0,7320,1140,40660
SGF_RF_ST1L20_NM,0,171,0.9643607504612142,0.9438351211288284,0.844873713410419,1.0,12.29384994506836,9.179401397705078,324.1442632675171,5064.7541135549545,64,0,7320,1140,40660
SGF_RF_ST1L20_NM,1,171,0.9695722251128936,0.9556060048040523,0.8311576519323433,1.0,9.339339256286621,9.045448303222656,321.21790647506714,5019.029788672924,64,0,7320,1140,40660
SGF_RF_ST1L20_NM,0,172,0.9829063761165663,0.972878633167154,0.9603732681792715,1.0,10.650876998901367,11.326098442077637,320.7704291343689,5012.037955224514,64,0,7320,1140,40660
SGF_RF_ST1L20_NM,1,172,0.9873243348026947,0.9799244923376907,0.9814353753691134,1.0,11.344107627868652,11.2750244140625,320.49933767318726,5007.802151143551,64,0,7320,1140,40660
SGF_RF_ST1L20_NM,0,173,0.9817610186351033,0.9744003340201353,0.9076067377691683,0.3333333333333333,4.794320106506348,7.02937650680542,318.9321041107178,4983.314126729965,64,0,7320,1140,40660
SGF_RF_ST1L20_NM,1,173,0.9803692222444923,0.9700232853171645,0.9342909533044567,0.041666666666666664,4.861885070800781,6.8528947830200195,320.7494351863861,5011.709924787283,64,0,7320,1140,40660
SGF_RF_ST1L20_NM,0,174,0.9887287569385738,0.9842014569108204,0.9696391108243362,1.0,8.306072235107422,9.000653266906738,323.2099266052246,5050.1551032066345,64,0,7320,1140,40660
SGF_RF_ST1L20_NM,1,174,0.9882171544009947,0.9839326739311218,0.9543364035046619,1.0,11.325919151306152,12.425334930419922,320.79633259773254,5012.442696839571,64,0,7320,1140,40660
SGF_RF_ST1L20_NM,0,175,0.9855734602738145,0.978083315035028,0.9641000771004221,1.0,16.72683334350586,15.05434799194336,320.7894141674042,5012.33459636569,64,0,7320,1140,40660
SGF_RF_ST1L20_NM,1,175,0.9842161222514315,0.9759465819324857,0.9541207720404086,1.0,16.71560287475586,15.834776878356934,321.3176326751709,5020.588010549545,64,0,7320,1140,40660
SGF_RF_ST1L20_NM,0,176,0.9886679067315756,0.9844963255748954,0.9588975336240685,0.041666666666666664,3.885180950164795,3.951995611190796,321.20704913139343,5018.860142678022,64,0,7320,1140,40660
SGF_RF_ST1L20_NM,1,176,0.9888383611575655,0.9843897477433247,0.9701389307561129,0.0,3.5986835956573486,3.6489078998565674,321.3690493106842,5021.391395479441,64,0,7320,1140,40660
SGF_RF_ST1L20_NM,0,177,0.9950553489460768,0.9957665862735882,0.978130201930585,0.0,4.446570873260498,3.63140869140625,320.7420153617859,5011.5939900279045,64,0,7320,1140,40660
SGF_RF_ST1L20_NM,1,177,0.9936443728878506,0.9934699711620167,0.9741589945295582,0.0,4.670840740203857,4.926135540008545,321.49525570869446,5023.363370448351,64,0,7320,1140,40660
SGF_RF_ST1L20_NM,0,178,0.9861362735648475,0.9799322067329319,0.9521588734958483,1.0,5.994903564453125,6.546321392059326,321.3497405052185,5021.089695394039,64,0,7320,1140,40660
SGF_RF_ST1L20_NM,1,178,0.986455774079757,0.9825411967292267,0.9299804723781088,0.9166666666666666,5.580110549926758,5.9835004806518555,321.7307858467102,5027.043528854847,64,0,7320,1140,40660
SGF_RF_ST1L20_NM,0,179,0.988609565312005,0.9845830781725785,0.9561510863511459,0.20833333333333334,5.876662254333496,6.330241680145264,321.4745132923126,5023.039270192385,64,0,7320,1140,40660
SGF_RF_ST1L20_NM,1,179,0.9878127609297439,0.9835930296009586,0.9485324387964994,0.9166666666666666,8.83461856842041,10.902233123779297,322.09634804725647,5032.755438238382,64,0,7320,1140,40660
SGF_RF_ST1L20_NM,0,180,0.9861354267990169,0.9787311519105587,0.9720493840134662,1.0,11.040558815002441,8.943181037902832,321.5094962120056,5023.585878312588,64,0,7320,1140,40660
SGF_RF_ST1L20_NM,1,180,0.974708571249812,0.9551760229452322,0.9773516486520353,1.0,10.355838775634766,11.67041015625,323.35508275032043,5052.423167973757,64,0,7320,1140,40660
SGF_RF_ST1L20_NM,0,181,0.9860213022886066,0.978773311181094,0.9700052725232166,0.7916666666666666,8.083878517150879,8.712357521057129,318.93302726745605,4983.328551054001,64,0,7320,1140,40660
SGF_RF_ST1L20_NM,1,181,0.9828019345701838,0.972895294628156,0.9571301587249922,1.0,9.96316909790039,12.506229400634766,324.4536852836609,5069.588832557201,64,0,7320,1140,40660
SGF_RF_ST1L20_NM,0,182,0.9811270811424463,0.9695291370153427,0.9573522495186847,0.7083333333333334,6.322386264801025,7.004190921783447,321.8232333660126,5028.4880213439465,64,0,7320,1140,40660
SGF_RF_ST1L20_NM,1,182,0.9815297436523497,0.9708959027644127,0.949832909781,0.08333333333333333,4.617561340332031,5.217206954956055,320.4055120944977,5006.336126476526,64,0,7320,1140,40660
SGF_RF_ST1L20_NM,0,183,0.9852267426436342,0.9765027682146719,0.9751563940359199,0.25,4.236849308013916,6.414807319641113,320.8403739929199,5013.130843639374,64,0,7320,1140,40660
SGF_RF_ST1L20_NM,1,183,0.9872053611825722,0.9798589323957761,0.9797001157117927,0.08333333333333333,5.68071174621582,5.111584663391113,320.833370923996,5013.021420687437,64,0,7320,1140,40660
SGF_RF_ST1L20_NM,0,184,0.9856887805626872,0.9811895375129996,0.9268835666386978,0.875,6.182762622833252,7.558320045471191,323.5141363143921,5054.908379912376,64,0,7320,1140,40660
SGF_RF_ST1L20_NM,1,184,0.9865894495760648,0.9813565574185823,0.9464476886002914,0.625,7.483384132385254,6.555609703063965,320.76177883148193,5011.902794241905,64,0,7320,1140,40660
SGF_RF_ST1L20_NM,0,185,0.9831946890751011,0.9774817765480087,0.9036465688892031,0.9583333333333334,8.274290084838867,8.674544334411621,322.14027762413025,5033.441837877035,64,0,7320,1140,40660
SGF_RF_ST1L20_NM,1,185,0.9866917191384715,0.9844201512394412,0.9046765643617382,0.875,5.883354663848877,6.282998085021973,323.3648271560669,5052.575424313545,64,0,7320,1140,40660
SGF_RF_ST1L20_NM,0,186,0.9863443429354062,0.9821420680451136,0.9321865270967069,0.5416666666666666,5.039484024047852,5.529969215393066,324.14712619781494,5064.7988468408585,64,0,7320,1140,40660
SGF_RF_ST1L20_NM,1,186,0.9821089208133525,0.9756998646083058,0.8956997796245242,0.9583333333333334,5.1830058097839355,5.456547260284424,321.21883177757263,5019.044246524572,64,0,7320,1140,40660
SGF_RF_ST1L20_NM,0,187,0.9769798001022768,0.9699133622950763,0.8367943362049436,1.0,5.557895183563232,6.087731838226318,320.78762197494507,5012.306593358517,64,0,7320,1140,40660
SGF_RF_ST1L20_NM,1,187,0.9811484999545393,0.9781657818664787,0.8377376470876777,1.0,5.1833648681640625,6.918548583984375,320.5326521396637,5008.322689682245,64,0,7320,1140,40660
SGF_RF_ST1L20_NM,0,188,0.9771473544510331,0.9646234690582239,0.9179024592689847,1.0,6.632867336273193,8.616395950317383,318.92062425613403,4983.134754002094,64,0,7320,1140,40660
SGF_RF_ST1L20_NM,1,188,0.9775124158650136,0.9643888612908702,0.9333021938800812,0.6666666666666666,4.558376789093018,5.161324977874756,320.76479959487915,5011.949993669987,64,0,7320,1140,40660
SGF_RF_ST1L20_NM,0,189,0.982539688313843,0.9765335180025588,0.8963226948095405,1.0,7.323814392089844,6.841248035430908,323.2149543762207,5050.2336621284485,64,0,7320,1140,40660
SGF_RF_ST1L20_NM,1,189,0.9834046240010719,0.9776867285611169,0.9076218345890874,1.0,6.936927795410156,8.28967571258545,320.77024388313293,5012.035060673952,64,0,7320,1140,40660
SGF_RF_ST1L20_NM,0,190,0.9767859887929876,0.9631573725291478,0.9305382008137911,0.9166666666666666,4.421352863311768,4.824009418487549,320.7921988964081,5012.378107756376,64,0,7320,1140,40660
SGF_RF_ST1L20_NM,1,190,0.9816396591248481,0.9751563638608943,0.8875135325867197,0.4583333333333333,2.73665189743042,3.435703992843628,321.3163683414459,5020.5682553350925,64,0,7320,1140,40660
SGF_RF_ST1L20_NM,0,191,0.9701326691175325,0.9693738144411835,0.7267546394596929,1.0,6.140765190124512,6.257895469665527,321.2089765071869,5018.890257924795,64,0,7320,1140,40660
SGF_RF_ST1L20_NM,1,191,0.9792743773891047,0.9701754530911805,0.8924675246943599,1.0,6.629798412322998,7.0169243812561035,321.3220012187958,5020.656269043684,64,0,7320,1140,40660
SGF_RF_ST1L20_NM,0,192,0.980341194317926,0.9707313802854349,0.9228577743405881,1.0,9.781747817993164,10.782658576965332,320.7749123573303,5012.108005583286,64,0,7320,1140,40660
SGF_RF_ST1L20_NM,1,192,0.9764723970117215,0.9720030216680419,0.8124902112328488,0.9583333333333334,9.542372703552246,8.494234085083008,321.4875965118408,5023.243695497513,64,0,7320,1140,40660
SGF_RF_ST1L20_NM,0,193,0.983697869058035,0.9778767647522111,0.915038515692172,0.5,4.030998229980469,5.5819902420043945,321.27303767204285,5019.8912136256695,64,0,7320,1140,40660
SGF_RF_ST1L20_NM,1,193,0.9799514846855318,0.9708969671960159,0.9054666524348051,1.0,8.137983322143555,8.584470748901367,321.8253469467163,5028.521046042442,64,0,7320,1140,40660
SGF_RF_ST1L20_NM,0,194,0.9798128139947809,0.9715092102446222,0.8873973566552867,1.0,11.222893714904785,12.56139850616455,321.29314613342285,5020.205408334732,64,0,7320,1140,40660
SGF_RF_ST1L20_NM,1,194,0.9534231028385801,0.9409617197209147,0.6953983540120333,0.9166666666666666,11.290884971618652,12.225547790527344,321.9893333911896,5031.083334237337,64,0,7320,1140,40660
SGF_RF_ST1L20_NM,0,195,0.9866848181754229,0.9839913085984286,0.91239314623501,0.5833333333333334,4.647263526916504,5.0792741775512695,321.56146025657654,5024.397816509008,64,0,7320,1140,40660
SGF_RF_ST1L20_NM,1,195,0.9853203504427377,0.9821530845296639,0.8950214787669802,0.5416666666666666,4.439974784851074,5.95754337310791,323.3417544364929,5052.214913070202,64,0,7320,1140,40660
SGF_RF_ST1L20_NM,0,196,0.972849083977635,0.9696692472263692,0.7701760154703389,0.9166666666666666,9.189117431640625,10.841080665588379,318.8965268135071,4982.758231461048,64,0,7320,1140,40660
SGF_RF_ST1L20_NM,1,196,0.9847061113465846,0.9815388483305773,0.8830777406692505,0.16666666666666666,8.617207527160645,10.664907455444336,324.3876984119415,5068.557787686586,64,0,7320,1140,40660
SGF_RF_ST1L20_NM,0,197,0.9815908818994853,0.9759068435799051,0.8716120227523471,0.9166666666666666,7.600473880767822,13.145703315734863,320.7848000526428,5012.262500822544,64,0,7320,1140,40660
SGF_RF_ST1L20_NM,1,197,0.98028610234911,0.9738000343723963,0.865197092294693,0.875,6.303789138793945,10.296093940734863,320.4509482383728,5007.046066224575,64,0,7320,1140,40660
SGF_RF_ST1L20_NM,0,198,0.9874473993895344,0.9872051047221307,0.8797926876855934,0.625,5.434992790222168,5.865271091461182,321.8736922740936,5029.276441782713,64,0,7320,1140,40660
SGF_RF_ST1L20_NM,1,198,0.9795040149226152,0.9682539657399217,0.9347767246806103,1.0,6.98561429977417,8.045578956604004,320.8819651603699,5013.780705630779,64,0,7320,1140,40660
SGF_RF_ST1L20_NM,0,199,0.9800155964794602,0.9725002721352602,0.8766611723796182,1.0,6.718263626098633,6.493985176086426,322.02444648742676,5031.631976366043,64,0,7320,1140,40660
SGF_RF_ST1L20_NM,1,199,0.9820412585451038,0.9794434570577195,0.8426875174045563,1.0,7.736576557159424,9.760071754455566,320.7726740837097,5012.073032557964,64,0,7320,1140,40660
