label,seed,index,prompt,subject_consistency,background_consistency,temporal_flickering,motion_smoothness,aesthetic_quality,imaging_quality,dynamic_degree,object_class,multiple_objects,human_action,color,spatial_relationship,scene,appearance_style,temporal_style,overall_consistency,subject_inclip,subject_clip2clip,background_inclip,background_clip2clip
sgf,0,0,"In a still frame, a stop sign",,,0.9956453945122512,,,,,,,,,,,,,,,,,
sgf,0,1,"a toilet, frozen in time",,,0.9945734671050428,,,,,,,,,,,,,,,,,
sgf,0,2,"a laptop, frozen in time",,,0.9932657323164099,,,,,,,,,,,,,,,,,
sgf,0,3,A tranquil tableau of alley,,,,,,,,,,,,,,,,,,,,
sgf,0,4,A tranquil tableau of bar,,,0.9917472784191954,,,,,,,,,,,,,,,,,
sgf,0,5,A tranquil tableau of barn,,,0.9899587461060169,,,,,,,,,,,,,,,,,
sgf,0,6,A tranquil tableau of bathroom,,,0.9909219995199466,,,,,,,,,,,,,,,,,
sgf,0,7,A tranquil tableau of bedroom,,,0.9924339395410874,,,,,,,,,,,,,,,,,
sgf,0,8,A tranquil tableau of cliff,,,0.9892853942571902,,,,,,,,,,,,,,,,,
sgf,0,9,"In a still frame, courtyard",,,0.9885201626197965,,,,,,,,,,,,,,,,,
sgf,0,10,"In a still frame, gas station",,,0.9941102793637444,,,,,,,,,,,,,,,,,
sgf,0,11,A tranquil tableau of house,,,,,,,,,,,,,,,,,,,,
sgf,0,12,"indoor gymnasium, frozen in time",,,0.997079411721697,,,,,,,,,,,,,,,,,
sgf,0,13,A tranquil tableau of indoor library,,,0.9910017925150255,,,,,,,,,,,,,,,,,
sgf,0,14,A tranquil tableau of kitchen,,,0.9905429262740939,,,,,,,,,,,,,,,,,
sgf,0,15,A tranquil tableau of palace,,,0.9835100895750756,,,,,,,,,,,,,,,,,
sgf,0,16,"In a still frame, parking lot",,,0.995233859828874,,,,,,,,,,,,,,,,,
sgf,0,17,"In a still frame, phone booth",,,,,,,,,,,,,,,,,,,,
sgf,0,18,A tranquil tableau of restaurant,,,0.9805649641448376,,,,,,,,,,,,,,,,,
sgf,0,19,A tranquil tableau of tower,,,0.9848134414822447,,,,,,,,,,,,,,,,,
sgf,0,20,A tranquil tableau of a bowl,,,0.9848114272659899,,,,,,,,,,,,,,,,,
sgf,0,21,A tranquil tableau of an apple,,,0.9989630262524475,,,,,,,,,,,,,,,,,
sgf,0,22,A tranquil tableau of a bench,,,0.9876977438085219,,,,,,,,,,,,,,,,,
sgf,0,23,A tranquil tableau of a bed,,,0.9909108279733096,,,,,,,,,,,,,,,,,
sgf,0,24,A tranquil tableau of a chair,,,0.9824523185281192,,,,,,,,,,,,,,,,,
sgf,0,25,A tranquil tableau of a cup,,,0.994730995870104,,,,,,,,,,,,,,,,,
sgf,0,26,A tranquil tableau of a dining table,,,0.9901255409390319,,,,,,,,,,,,,,,,,
sgf,0,27,"In a still frame, a pear",,,0.995386075739767,,,,,,,,,,,,,,,,,
sgf,0,28,A tranquil tableau of a bunch of grapes,,,0.9907936276641547,,,,,,,,,,,,,,,,,
sgf,0,29,A tranquil tableau of a bowl on the kitchen counter,,,0.9900770969016879,,,,,,,,,,,,,,,,,
sgf,0,30,"A tranquil tableau of a beautiful, handcrafted ceramic bowl",,,0.9957557262626349,,,,,,,,,,,,,,,,,
sgf,0,31,A tranquil tableau of an antique bowl,,,0.9944027263977949,,,,,,,,,,,,,,,,,
sgf,0,32,A tranquil tableau of an exquisite mahogany dining table,,,0.9936012654211007,,,,,,,,,,,,,,,,,
sgf,0,33,A tranquil tableau of a wooden bench in the park,,,0.9831616872276356,,,,,,,,,,,,,,,,,
sgf,0,34,A tranquil tableau of a beautiful wrought-iron bench surrounded by blooming flowers,,,0.9866766106848622,,,,,,,,,,,,,,,,,
sgf,0,35,"In a still frame, a park bench with a view of the lake",,,0.9858008663327087,,,,,,,,,,,,,,,,,
sgf,0,36,A tranquil tableau of a vintage rocking chair was placed on the porch,,,0.9872489076502184,,,,,,,,,,,,,,,,,
sgf,0,37,"A tranquil tableau of the jail cell was small and dimly lit, with cold, steel bars",,,0.9965130640946184,,,,,,,,,,,,,,,,,
sgf,0,38,A tranquil tableau of the phone booth was tucked away in a quiet alley,,,0.9899013615589516,,,,,,,,,,,,,,,,,
sgf,0,39,"a dilapidated phone booth stood as a relic of a bygone era on the sidewalk, frozen in time",,,0.9926065084980984,,,,,,,,,,,,,,,,,
sgf,0,40,A tranquil tableau of the old red barn stood weathered and iconic against the backdrop of the countryside,,,0.9842312217537875,,,,,,,,,,,,,,,,,
sgf,0,41,A tranquil tableau of a picturesque barn was painted a warm shade of red and nestled in a picturesque meadow,,,0.9795386688382017,,,,,,,,,,,,,,,,,
sgf,0,42,"In a still frame, within the desolate desert, an oasis unfolded, characterized by the stoic presence of palm trees and a motionless, glassy pool of water",,,0.985771593393064,,,,,,,,,,,,,,,,,
sgf,0,43,"In a still frame, the Parthenon's majestic Doric columns stand in serene solitude atop the Acropolis, framed by the tranquil Athenian landscape",,,0.9934211963765762,,,,,,,,,,,,,,,,,
sgf,0,44,"In a still frame, the Temple of Hephaestus, with its timeless Doric grace, stands stoically against the backdrop of a quiet Athens",,,0.9915059559018005,,,,,,,,,,,,,,,,,
sgf,0,45,"In a still frame, the ornate Victorian streetlamp stands solemnly, adorned with intricate ironwork and stained glass panels",,,0.9835657789192946,,,,,,,,,,,,,,,,,
sgf,0,46,"A tranquil tableau of the Stonehenge presented itself as an enigmatic puzzle, each colossal stone meticulously placed against the backdrop of tranquility",,,,,,,,,,,,,,,,,,,,
sgf,0,47,"In a still frame, in the vast desert, an oasis nestled among dunes, featuring tall palm trees and an air of serenity",,,0.9890326299854353,,,,,,,,,,,,,,,,,
sgf,0,48,"static view on a desert scene with an oasis, palm trees, and a clear, calm pool of water",,,0.9842462779026405,,,,,,,,,,,,,,,,,
sgf,0,49,"A tranquil tableau of an ornate Victorian streetlamp standing on a cobblestone street corner, illuminating the empty night",,,0.9945804267771103,,,,,,,,,,,,,,,,,
sgf,0,50,"A tranquil tableau of a tranquil lakeside cabin nestled among tall pines, its reflection mirrored perfectly in the calm water",,,0.9927521587820614,,,,,,,,,,,,,,,,,
sgf,0,51,"In a still frame, a vintage gas lantern, adorned with intricate details, gracing a historic cobblestone square",,,,,,,,,,,,,,,,,,,,
sgf,0,52,"In a still frame, a tranquil Japanese tea ceremony room, with tatami mats, a delicate tea set, and a bonsai tree in the corner",,,0.9969668475786845,,,,,,,,,,,,,,,,,
sgf,0,53,"A tranquil tableau of the Parthenon stands resolute in its classical elegance, a timeless symbol of Athens' cultural legacy",,,0.9811539040359797,,,,,,,,,,,,,,,,,
sgf,0,54,"A tranquil tableau of in the heart of Plaka, the neoclassical architecture of the old city harmonizes with the ancient ruins",,,0.988274356056662,,,,,,,,,,,,,,,,,
sgf,0,55,"A tranquil tableau of in the desolate beauty of the American Southwest, Chaco Canyon's ancient ruins whispered tales of an enigmatic civilization that once thrived amidst the arid landscapes",,,0.9832821509417365,,,,,,,,,,,,,,,,,
sgf,0,56,"A tranquil tableau of at the edge of the Arabian Desert, the ancient city of Petra beckoned with its enigmatic rock-carved façades",,,0.9889250908022613,,,,,,,,,,,,,,,,,
sgf,0,57,"In a still frame, amidst the cobblestone streets, an Art Nouveau lamppost stood tall",,,0.9825675704899955,,,,,,,,,,,,,,,,,
sgf,0,58,"A tranquil tableau of in the quaint village square, a traditional wrought-iron streetlamp featured delicate filigree patterns and amber-hued glass panels",,,0.9819409220826392,,,,,,,,,,,,,,,,,
sgf,0,59,"A tranquil tableau of the lampposts were adorned with Art Deco motifs, their geometric shapes and frosted glass creating a sense of vintage glamour",,,0.9902039273579915,,,,,,,,,,,,,,,,,
sgf,0,60,"In a still frame, in the picturesque square, a Gothic-style lamppost adorned with intricate stone carvings added a touch of medieval charm to the setting",,,0.9906377211505291,,,,,,,,,,,,,,,,,
sgf,0,61,"In a still frame, in the heart of the old city, a row of ornate lantern-style streetlamps bathed the narrow alleyway in a warm, welcoming light",,,0.9964675576079125,,,,,,,,,,,,,,,,,
sgf,0,62,"A tranquil tableau of in the heart of the Utah desert, a massive sandstone arch spanned the horizon",,,0.9926797915907467,,,,,,,,,,,,,,,,,
sgf,0,63,"A tranquil tableau of in the Arizona desert, a massive stone bridge arched across a rugged canyon",,,0.9814681270075779,,,,,,,,,,,,,,,,,
sgf,0,64,"A tranquil tableau of in the corner of the minimalist tea room, a bonsai tree added a touch of nature's beauty to the otherwise simple and elegant space",,,0.9922793606215832,,,,,,,,,,,,,,,,,
sgf,0,65,"In a still frame, amidst the hushed ambiance of the traditional tea room, a meticulously arranged tea set awaited, with porcelain cups, a bamboo whisk",,,,,,,,,,,,,,,,,,,,
sgf,0,66,"In a still frame, nestled in the Zen garden, a rustic teahouse featured tatami seating and a traditional charcoal brazier",,,0.9854952086031048,,,,,,,,,,,,,,,,,
sgf,0,67,A tranquil tableau of a country estate's library featured elegant wooden shelves,,,0.995665681549147,,,,,,,,,,,,,,,,,
sgf,0,68,"A tranquil tableau of beneath the shade of a solitary oak tree, an old wooden park bench sat patiently",,,0.9806878619100534,,,,,,,,,,,,,,,,,
sgf,0,69,"A tranquil tableau of beside a tranquil pond, a weeping willow tree draped its branches gracefully over the water's surface, creating a serene tableau of reflection and calm",,,0.9868579142701392,,,,,,,,,,,,,,,,,
sgf,0,70,"A tranquil tableau of in the Zen garden, a perfectly raked gravel path led to a serene rock garden",,,0.9818598765952914,,,,,,,,,,,,,,,,,
sgf,0,71,"In a still frame, a tranquil pond was fringed by weeping cherry trees, their blossoms drifting lazily onto the glassy surface",,,0.9878679292342241,,,,,,,,,,,,,,,,,
sgf,0,72,"In a still frame, within the historic library's reading room, rows of antique leather chairs and mahogany tables offered a serene haven for literary contemplation",,,0.9911795514237648,,,,,,,,,,,,,,,,,
sgf,0,73,A tranquil tableau of a peaceful orchid garden showcased a variety of delicate blooms,,,0.9902457285862344,,,,,,,,,,,,,,,,,
sgf,0,74,"A tranquil tableau of in the serene courtyard, a centuries-old stone well stood as a symbol of a bygone era, its mossy stones bearing witness to the passage of time",,,0.9927664549210492,,,,,,,,,,,,,,,,,
sgf,0,75,a bird and a cat,,,,,,,,,1.0,,,,,,,,,,,
sgf,0,76,a cat and a dog,,,,,,,,,0.00625,,,,,,,,,,,
sgf,0,77,a dog and a horse,,,,,,,,,1.0,,,,,,,,,,,
sgf,0,78,a horse and a sheep,,,,,,,,,1.0,,,,,,,,,,,
sgf,0,79,a sheep and a cow,,,,,,,,,0.8541666666666666,,,,,,,,,,,
sgf,0,80,a cow and an elephant,,,,,,,,,0.81875,,,,,,,,,,,
sgf,0,81,an elephant and a bear,,,,,,,,,0.004166666666666667,,,,,,,,,,,
sgf,0,82,a bear and a zebra,,,,,,,,,0.075,,,,,,,,,,,
sgf,0,83,a zebra and a giraffe,,,,,,,,,1.0,,,,,,,,,,,
sgf,0,84,a giraffe and a bird,,,,,,,,,0.9395833333333333,,,,,,,,,,,
sgf,0,85,a chair and a couch,,,,,,,,,0.9958333333333333,,,,,,,,,,,
sgf,0,86,a couch and a potted plant,,,,,,,,,1.0,,,,,,,,,,,
sgf,0,87,a potted plant and a tv,,,,,,,,,1.0,,,,,,,,,,,
sgf,0,88,a tv and a laptop,,,,,,,,,1.0,,,,,,,,,,,
sgf,0,89,a laptop and a remote,,,,,,,,,0.0,,,,,,,,,,,
sgf,0,90,a remote and a keyboard,,,,,,,,,0.7270833333333333,,,,,,,,,,,
sgf,0,91,a keyboard and a cell phone,,,,,,,,,0.19791666666666666,,,,,,,,,,,
sgf,0,92,a cell phone and a book,,,,,,,,,1.0,,,,,,,,,,,
sgf,0,93,a book and a clock,,,,,,,,,0.7520833333333333,,,,,,,,,,,
sgf,0,94,a clock and a backpack,,,,,,,,,0.55,,,,,,,,,,,
sgf,0,95,a backpack and an umbrella,,,,,,,,,0.425,,,,,,,,,,,
sgf,0,96,an umbrella and a handbag,,,,,,,,,1.0,,,,,,,,,,,
sgf,0,97,a handbag and a tie,,,,,,,,,0.14583333333333334,,,,,,,,,,,
sgf,0,98,a tie and a suitcase,,,,,,,,,1.0,,,,,,,,,,,
sgf,0,99,a suitcase and a vase,,,,,,,,,1.0,,,,,,,,,,,
sgf,0,100,a vase and scissors,,,,,,,,,1.0,,,,,,,,,,,
sgf,0,101,scissors and a teddy bear,,,,,,,,,1.0,,,,,,,,,,,
sgf,0,102,a teddy bear and a frisbee,,,,,,,,,0.07916666666666666,,,,,,,,,,,
sgf,0,103,a frisbee and skis,,,,,,,,,0.010416666666666666,,,,,,,,,,,
sgf,0,104,skis and a snowboard,,,,,,,,,0.9020833333333333,,,,,,,,,,,
sgf,0,105,a snowboard and a sports ball,,,,,,,,,0.19166666666666668,,,,,,,,,,,
sgf,0,106,a sports ball and a kite,,,,,,,,,0.5166666666666667,,,,,,,,,,,
sgf,0,107,a kite and a baseball bat,,,,,,,,,0.7020833333333333,,,,,,,,,,,
sgf,0,108,a baseball bat and a baseball glove,,,,,,,,,1.0,,,,,,,,,,,
sgf,0,109,a baseball glove and a skateboard,,,,,,,,,0.0,,,,,,,,,,,
sgf,0,110,a skateboard and a surfboard,,,,,,,,,0.5083333333333333,,,,,,,,,,,
sgf,0,111,a surfboard and a tennis racket,,,,,,,,,0.8333333333333334,,,,,,,,,,,
sgf,0,112,a tennis racket and a bottle,,,,,,,,,0.9833333333333333,,,,,,,,,,,
sgf,0,113,a bottle and a chair,,,,,,,,,0.0,,,,,,,,,,,
sgf,0,114,an airplane and a train,,,,,,,,,0.5270833333333333,,,,,,,,,,,
sgf,0,115,a train and a boat,,,,,,,,,1.0,,,,,,,,,,,
sgf,0,116,a boat and an airplane,,,,,,,,,1.0,,,,,,,,,,,
sgf,0,117,a bicycle and a car,,,,,,,,,0.44583333333333336,,,,,,,,,,,
sgf,0,118,a car and a motorcycle,,,,,,,,,0.59375,,,,,,,,,,,
sgf,0,119,a motorcycle and a bus,,,,,,,,,1.0,,,,,,,,,,,
sgf,0,120,a bus and a traffic light,,,,,,,,,1.0,,,,,,,,,,,
sgf,0,121,a traffic light and a fire hydrant,,,,,,,,,1.0,,,,,,,,,,,
sgf,0,122,a fire hydrant and a stop sign,,,,,,,,,0.5958333333333333,,,,,,,,,,,
sgf,0,123,a stop sign and a parking meter,,,,,,,,,0.7375,,,,,,,,,,,
sgf,0,124,a parking meter and a truck,,,,,,,,,0.50625,,,,,,,,,,,
sgf,0,125,a truck and a bicycle,,,,,,,,,0.99375,,,,,,,,,,,
sgf,0,126,a toilet and a hair drier,,,,,,,,,0.8020833333333334,,,,,,,,,,,
sgf,0,127,a hair drier and a toothbrush,,,,,,,,,0.11875,,,,,,,,,,,
sgf,0,128,a toothbrush and a sink,,,,,,,,,0.7458333333333333,,,,,,,,,,,
sgf,0,129,a sink and a toilet,,,,,,,,,0.9958333333333333,,,,,,,,,,,
sgf,0,130,a wine glass and a chair,,,,,,,,,1.0,,,,,,,,,,,
sgf,0,131,a cup and a couch,,,,,,,,,1.0,,,,,,,,,,,
sgf,0,132,a fork and a potted plant,,,,,,,,,1.0,,,,,,,,,,,
sgf,0,133,a knife and a tv,,,,,,,,,1.0,,,,,,,,,,,
sgf,0,134,a spoon and a laptop,,,,,,,,,0.5541666666666667,,,,,,,,,,,
sgf,0,135,a bowl and a remote,,,,,,,,,0.5375,,,,,,,,,,,
sgf,0,136,a banana and a keyboard,,,,,,,,,0.91875,,,,,,,,,,,
sgf,0,137,an apple and a cell phone,,,,,,,,,1.0,,,,,,,,,,,
sgf,0,138,a sandwich and a book,,,,,,,,,0.12291666666666666,,,,,,,,,,,
sgf,0,139,an orange and a clock,,,,,,,,,1.0,,,,,,,,,,,
sgf,0,140,broccoli and a backpack,,,,,,,,,0.0,,,,,,,,,,,
sgf,0,141,a carrot and an umbrella,,,,,,,,,0.29583333333333334,,,,,,,,,,,
sgf,0,142,a hot dog and a handbag,,,,,,,,,0.0,,,,,,,,,,,
sgf,0,143,a pizza and a tie,,,,,,,,,0.9979166666666667,,,,,,,,,,,
sgf,0,144,a donut and a suitcase,,,,,,,,,0.9979166666666667,,,,,,,,,,,
sgf,0,145,a cake and a vase,,,,,,,,,1.0,,,,,,,,,,,
sgf,0,146,an oven and scissors,,,,,,,,,0.8625,,,,,,,,,,,
sgf,0,147,a toaster and a teddy bear,,,,,,,,,1.0,,,,,,,,,,,
sgf,0,148,a microwave and a frisbee,,,,,,,,,0.0,,,,,,,,,,,
sgf,0,149,a refrigerator and skis,,,,,,,,,1.0,,,,,,,,,,,
sgf,0,150,a bicycle and an airplane,,,,,,,,,0.9979166666666667,,,,,,,,,,,
sgf,0,151,a car and a train,,,,,,,,,0.9520833333333333,,,,,,,,,,,
sgf,0,152,a motorcycle and a boat,,,,,,,,,0.98125,,,,,,,,,,,
sgf,0,153,a person and a toilet,,,,,,,,,1.0,,,,,,,,,,,
sgf,0,154,a person and a hair drier,,,,,,,,,0.9354166666666667,,,,,,,,,,,
sgf,0,155,a person and a toothbrush,,,,,,,,,1.0,,,,,,,,,,,
sgf,0,156,a person and a sink,,,,,,,,,0.9854166666666667,,,,,,,,,,,
sgf,0,157,A person is riding a bike,,,,,,,,,,1.0,,,,,,,,,,
sgf,0,158,A person is marching,,,,,,,,,,0.16666666666666666,,,,,,,,,,
sgf,0,159,A person is roller skating,,,,,,,,,,1.0,,,,,,,,,,
sgf,0,160,A person is tasting beer,,,,,,,,,,1.0,,,,,,,,,,
sgf,0,161,A person is clapping,,,,,,,,,,1.0,,,,,,,,,,
sgf,0,162,A person is drawing,,,,,,,,,,1.0,,,,,,,,,,
sgf,0,163,A person is petting animal (not cat),,,,,,,,,,1.0,,,,,,,,,,
sgf,0,164,A person is eating watermelon,,,,,,,,,,1.0,,,,,,,,,,
sgf,0,165,A person is playing harp,,,,,,,,,,1.0,,,,,,,,,,
sgf,0,166,A person is wrestling,,,,,,,,,,1.0,,,,,,,,,,
sgf,0,167,A person is riding scooter,,,,,,,,,,1.0,,,,,,,,,,
sgf,0,168,A person is sweeping floor,,,,,,,,,,1.0,,,,,,,,,,
sgf,0,169,A person is skateboarding,,,,,,,,,,1.0,,,,,,,,,,
sgf,0,170,A person is dunking basketball,,,,,,,,,,0.16666666666666666,,,,,,,,,,
sgf,0,171,A person is playing flute,,,,,,,,,,1.0,,,,,,,,,,
sgf,0,172,A person is stretching leg,,,,,,,,,,1.0,,,,,,,,,,
sgf,0,173,A person is tying tie,,,,,,,,,,1.0,,,,,,,,,,
sgf,0,174,A person is skydiving,,,,,,,,,,1.0,,,,,,,,,,
sgf,0,175,A person is shooting goal (soccer),,,,,,,,,,1.0,,,,,,,,,,
sgf,0,176,A person is playing piano,,,,,,,,,,1.0,,,,,,,,,,
sgf,0,177,A person is finger snapping,,,,,,,,,,1.0,,,,,,,,,,
sgf,0,178,A person is canoeing or kayaking,,,,,,,,,,1.0,,,,,,,,,,
sgf,0,179,A person is laughing,,,,,,,,,,1.0,,,,,,,,,,
sgf,0,180,A person is digging,,,,,,,,,,1.0,,,,,,,,,,
sgf,0,181,A person is clay pottery making,,,,,,,,,,1.0,,,,,,,,,,
sgf,0,182,A person is shooting basketball,,,,,,,,,,1.0,,,,,,,,,,
sgf,0,183,A person is bending back,,,,,,,,,,0.0,,,,,,,,,,
sgf,0,184,A person is shaking hands,,,,,,,,,,1.0,,,,,,,,,,
sgf,0,185,A person is bandaging,,,,,,,,,,0.5,,,,,,,,,,
sgf,0,186,A person is push up,,,,,,,,,,1.0,,,,,,,,,,
sgf,0,187,A person is catching or throwing frisbee,,,,,,,,,,1.0,,,,,,,,,,
sgf,0,188,A person is playing trumpet,,,,,,,,,,1.0,,,,,,,,,,
sgf,0,189,A person is flying kite,,,,,,,,,,1.0,,,,,,,,,,
sgf,0,190,A person is filling eyebrows,,,,,,,,,,1.0,,,,,,,,,,
sgf,0,191,A person is shuffling cards,,,,,,,,,,1.0,,,,,,,,,,
sgf,0,192,A person is folding clothes,,,,,,,,,,1.0,,,,,,,,,,
sgf,0,193,A person is smoking,,,,,,,,,,1.0,,,,,,,,,,
sgf,0,194,A person is tai chi,,,,,,,,,,1.0,,,,,,,,,,
sgf,0,195,A person is squat,,,,,,,,,,0.0,,,,,,,,,,
sgf,0,196,A person is playing controller,,,,,,,,,,1.0,,,,,,,,,,
sgf,0,197,A person is throwing axe,,,,,,,,,,1.0,,,,,,,,,,
sgf,0,198,A person is giving or receiving award,,,,,,,,,,1.0,,,,,,,,,,
sgf,0,199,A person is air drumming,,,,,,,,,,1.0,,,,,,,,,,
sgf,0,200,A person is taking a shower,,,,,,,,,,1.0,,,,,,,,,,
sgf,0,201,A person is planting trees,,,,,,,,,,1.0,,,,,,,,,,
sgf,0,202,A person is sharpening knives,,,,,,,,,,1.0,,,,,,,,,,
sgf,0,203,A person is robot dancing,,,,,,,,,,1.0,,,,,,,,,,
sgf,0,204,A person is rock climbing,,,,,,,,,,1.0,,,,,,,,,,
sgf,0,205,A person is hula hooping,,,,,,,,,,1.0,,,,,,,,,,
sgf,0,206,A person is writing,,,,,,,,,,1.0,,,,,,,,,,
sgf,0,207,A person is bungee jumping,,,,,,,,,,1.0,,,,,,,,,,
sgf,0,208,A person is pushing cart,,,,,,,,,,1.0,,,,,,,,,,
sgf,0,209,A person is cleaning windows,,,,,,,,,,1.0,,,,,,,,,,
sgf,0,210,A person is cutting watermelon,,,,,,,,,,1.0,,,,,,,,,,
sgf,0,211,A person is cheerleading,,,,,,,,,,1.0,,,,,,,,,,
sgf,0,212,A person is washing hands,,,,,,,,,,1.0,,,,,,,,,,
sgf,0,213,A person is ironing,,,,,,,,,,1.0,,,,,,,,,,
sgf,0,214,A person is cutting nails,,,,,,,,,,1.0,,,,,,,,,,
sgf,0,215,A person is hugging,,,,,,,,,,1.0,,,,,,,,,,
sgf,0,216,A person is trimming or shaving beard,,,,,,,,,,0.6666666666666666,,,,,,,,,,
sgf,0,217,A person is jogging,,,,,,,,,,1.0,,,,,,,,,,
sgf,0,218,A person is making bed,,,,,,,,,,1.0,,,,,,,,,,
sgf,0,219,A person is washing dishes,,,,,,,,,,1.0,,,,,,,,,,
sgf,0,220,A person is grooming dog,,,,,,,,,,0.16666666666666666,,,,,,,,,,
sgf,0,221,A person is doing laundry,,,,,,,,,,1.0,,,,,,,,,,
sgf,0,222,A person is knitting,,,,,,,,,,1.0,,,,,,,,,,
sgf,0,223,A person is reading book,,,,,,,,,,1.0,,,,,,,,,,
sgf,0,224,A person is baby waking up,,,,,,,,,,0.8333333333333334,,,,,,,,,,
sgf,0,225,A person is massaging legs,,,,,,,,,,1.0,,,,,,,,,,
sgf,0,226,A person is brushing teeth,,,,,,,,,,1.0,,,,,,,,,,
sgf,0,227,A person is crawling baby,,,,,,,,,,1.0,,,,,,,,,,
sgf,0,228,A person is motorcycling,,,,,,,,,,1.0,,,,,,,,,,
sgf,0,229,A person is driving car,,,,,,,,,,1.0,,,,,,,,,,
sgf,0,230,A person is sticking tongue out,,,,,,,,,,0.8333333333333334,,,,,,,,,,
sgf,0,231,A person is shaking head,,,,,,,,,,0.0,,,,,,,,,,
sgf,0,232,A person is sword fighting,,,,,,,,,,1.0,,,,,,,,,,
sgf,0,233,A person is doing aerobics,,,,,,,,,,1.0,,,,,,,,,,
sgf,0,234,A person is strumming guitar,,,,,,,,,,1.0,,,,,,,,,,
sgf,0,235,A person is riding or walking with horse,,,,,,,,,,1.0,,,,,,,,,,
sgf,0,236,A person is archery,,,,,,,,,,1.0,,,,,,,,,,
sgf,0,237,A person is catching or throwing baseball,,,,,,,,,,1.0,,,,,,,,,,
sgf,0,238,A person is playing chess,,,,,,,,,,1.0,,,,,,,,,,
sgf,0,239,A person is rock scissors paper,,,,,,,,,,0.0,,,,,,,,,,
sgf,0,240,A person is using computer,,,,,,,,,,1.0,,,,,,,,,,
sgf,0,241,A person is arranging flowers,,,,,,,,,,1.0,,,,,,,,,,
sgf,0,242,A person is bending metal,,,,,,,,,,1.0,,,,,,,,,,
sgf,0,243,A person is ice skating,,,,,,,,,,1.0,,,,,,,,,,
sgf,0,244,A person is climbing a rope,,,,,,,,,,1.0,,,,,,,,,,
sgf,0,245,A person is crying,,,,,,,,,,1.0,,,,,,,,,,
sgf,0,246,A person is dancing ballet,,,,,,,,,,1.0,,,,,,,,,,
sgf,0,247,A person is getting a haircut,,,,,,,,,,1.0,,,,,,,,,,
sgf,0,248,A person is running on treadmill,,,,,,,,,,1.0,,,,,,,,,,
sgf,0,249,A person is kissing,,,,,,,,,,1.0,,,,,,,,,,
sgf,0,250,A person is counting money,,,,,,,,,,1.0,,,,,,,,,,
sgf,0,251,A person is barbequing,,,,,,,,,,1.0,,,,,,,,,,
sgf,0,252,A person is peeling apples,,,,,,,,,,1.0,,,,,,,,,,
sgf,0,253,A person is milking cow,,,,,,,,,,1.0,,,,,,,,,,
sgf,0,254,A person is shining shoes,,,,,,,,,,1.0,,,,,,,,,,
sgf,0,255,A person is making snowman,,,,,,,,,,1.0,,,,,,,,,,
sgf,0,256,A person is sailing,,,,,,,,,,1.0,,,,,,,,,,
sgf,0,257,a person swimming in ocean,0.9817017377026878,,,0.9895996917580838,,,0.23333333333333334,,,,,,,,,,0.9728637508166733,0.9321004573641152,,
sgf,0,258,a person giving a presentation to a room full of colleagues,0.9891033331851342,,,0.993749647140581,,,0.0,,,,,,,,,,0.9883062003440756,0.9219992941823499,,
sgf,0,259,a person washing the dishes,0.9832067992556625,,,0.9883821227398841,,,1.0,,,,,,,,,,0.9777643651731555,0.8986322345404789,,
sgf,0,260,a person eating a burger,0.9738726582636655,,,0.9919703071973982,,,0.4666666666666667,,,,,,,,,,0.9595819575491772,0.8882316443426855,,
sgf,0,261,a person walking in the snowstorm,0.9741217001707944,,,0.9884298520115846,,,0.2,,,,,,,,,,0.9687852487769177,0.7996039637203874,,
sgf,0,262,a person drinking coffee in a cafe,0.9797098463414375,,,0.9909920525055048,,,0.26666666666666666,,,,,,,,,,0.9756121335170603,0.8341449139447048,,
sgf,0,263,a person playing guitar,0.9954906758657266,,,0.9916895844607725,,,1.0,,,,,,,,,,0.9959906176533749,0.9843182769314996,,
sgf,0,264,a bicycle leaning against a tree,0.9928644530840949,,,0.9908823144409413,,,0.06666666666666667,,,,,,,,,,0.9937416083710168,0.9480840974840624,,
sgf,0,265,a bicycle gliding through a snowy field,0.9863981651819826,,,0.9831158359038951,,,0.26666666666666666,,,,,,,,,,0.9870444397772512,0.8533586623339817,,
sgf,0,266,a bicycle slowing down to stop,0.9812161515215455,,,0.9872835166767917,,,0.0,,,,,,,,,,0.980596857397787,0.8188896364179151,,
sgf,0,267,a bicycle accelerating to gain speed,0.9851104296772971,,,0.9806415030279383,,,1.0,,,,,,,,,,0.97845973881983,0.9458403577064646,,
sgf,0,268,a car stuck in traffic during rush hour,0.9695479005142951,,,0.9906659029465299,,,0.9666666666666667,,,,,,,,,,0.9780261819721549,0.6669220690583361,,
sgf,0,269,a car turning a corner,0.9878387869821184,,,0.9911866926879667,,,0.9666666666666667,,,,,,,,,,0.9871468882406912,0.8959837103712147,,
sgf,0,270,a car slowing down to stop,0.9850458446869645,,,0.9891780519055617,,,0.8333333333333334,,,,,,,,,,0.9807751504964725,0.9112309741562811,,
sgf,0,271,a car accelerating to gain speed,0.9790775855393635,,,0.9902993567849446,,,0.9333333333333333,,,,,,,,,,0.9718291514663288,0.8601074691476494,,
sgf,0,272,a motorcycle cruising along a coastal highway,0.9759363915544309,,,0.9926831235205087,,,0.9333333333333333,,,,,,,,,,0.9783275341795339,0.7489175089988215,,
sgf,0,273,a motorcycle turning a corner,0.9765773258993163,,,0.9857992523113235,,,1.0,,,,,,,,,,0.9691386410305578,0.836458803764705,,
sgf,0,274,a motorcycle slowing down to stop,0.9619655583611769,,,0.9943030164966925,,,0.4666666666666667,,,,,,,,,,0.9677652010674118,0.6297226126851707,,
sgf,0,275,a motorcycle gliding through a snowy field,0.9926622591811605,,,0.9925734890858053,,,1.0,,,,,,,,,,0.9922086835868899,0.9656033115140323,,
sgf,0,276,a motorcycle accelerating to gain speed,0.9884234924315447,,,0.990296164465905,,,1.0,,,,,,,,,,0.9834775430220427,0.9707623298825889,,
sgf,0,277,an airplane soaring through a clear blue sky,0.9881593393905267,,,0.9938260399864183,,,0.16666666666666666,,,,,,,,,,0.9881662948798108,0.8880365840319929,,
sgf,0,278,an airplane taking off,0.9827185061829288,,,0.9940391494146628,,,0.0,,,,,,,,,,0.9888808857369168,0.7747718183131054,,
sgf,0,279,an airplane landing smoothly on a runway,0.9851911025062106,,,0.9933741932189544,,,0.8333333333333334,,,,,,,,,,0.9924752127739691,0.7859473875884352,,
sgf,0,280,an airplane accelerating to gain speed,0.9866696912555706,,,0.9929637725735178,,,0.0,,,,,,,,,,0.993487093269184,0.8032138758692248,,
sgf,0,281,a bus turning a corner,0.9759944094981686,,,0.9917987399810648,,,0.9333333333333333,,,,,,,,,,0.9811702960921872,0.7262970448054117,,
sgf,0,282,a bus stuck in traffic during rush hour,0.9776692438802049,,,0.9884576130159746,,,0.36666666666666664,,,,,,,,,,0.9815447184988247,0.7512864408821895,,
sgf,0,283,a bus accelerating to gain speed,0.9777044188368705,,,0.9826339559998976,,,0.9333333333333333,,,,,,,,,,0.9714245293089138,0.8361068953727854,,
sgf,0,284,a train speeding down the tracks,0.9628914594787469,,,0.9911958220443924,,,0.4666666666666667,,,,,,,,,,0.969920230648851,0.6272260393176613,,
sgf,0,285,a train crossing over a tall bridge,0.980672443134159,,,0.9898045115685459,,,0.9333333333333333,,,,,,,,,,0.977706802147691,0.8322636783123016,,
sgf,0,286,a train accelerating to gain speed,0.9839422145997984,,,0.972400479910922,,,1.0,,,,,,,,,,0.9800976775666718,0.8815381927736874,,
sgf,0,287,a truck turning a corner,0.9777980244718159,,,0.9892618469725855,,,0.6333333333333333,,,,,,,,,,0.9825980065650837,0.7441110608392748,,
sgf,0,288,a truck anchored in a tranquil bay,0.9756669101930451,,,0.9880226826757235,,,0.06666666666666667,,,,,,,,,,0.972006236289137,0.7983974629435046,,
sgf,0,289,a truck stuck in traffic during rush hour,0.9837887369450983,,,0.9891531839032502,,,1.0,,,,,,,,,,0.980241256952286,0.872820989838962,,
sgf,0,290,a truck slowing down to stop,0.977821860012937,,,0.9892844899551702,,,1.0,,,,,,,,,,0.984189268530056,0.7304032108393209,,
sgf,0,291,a truck accelerating to gain speed,0.993707312798248,,,0.9930720682576507,,,0.5666666666666667,,,,,,,,,,0.9931175996859868,0.9777742644836163,,
sgf,0,292,a boat sailing smoothly on a calm lake,0.9891964344248951,,,0.9884795386052686,,,0.9666666666666667,,,,,,,,,,0.9886515962180271,0.9192196891225618,,
sgf,0,293,a boat slowing down to stop,0.9826982095071971,,,0.982945928263726,,,1.0,,,,,,,,,,0.9749901316499197,0.9304343451713694,,
sgf,0,294,a boat accelerating to gain speed,0.9867840719215001,,,0.9853286875413151,,,1.0,,,,,,,,,,0.9891588383784858,0.8406565898451311,,
sgf,0,295,a bird soaring gracefully in the sky,0.9814453874344774,,,0.9814926330422067,,,1.0,,,,,,,,,,0.9720395311873448,0.9359901198025408,,
sgf,0,296,a bird building a nest from twigs and leaves,0.9823239387357258,,,0.9885995935035635,,,0.7,,,,,,,,,,0.9740438371576289,0.932903510743174,,
sgf,0,297,a bird flying over a snowy forest,0.9441206436369085,,,0.9791543227260929,,,1.0,,,,,,,,,,0.9247682794768323,0.682838978952375,,
sgf,0,298,a cat grooming itself meticulously with its tongue,0.9819058342034153,,,0.9877985171481342,,,0.9333333333333333,,,,,,,,,,0.9760963962924095,0.8802677855409425,,
sgf,0,299,a cat playing in park,0.9830627658302157,,,0.9858339094184683,,,0.8,,,,,,,,,,0.9757874970795005,0.9294315586830008,,
sgf,0,300,a cat drinking water,0.9868472540467527,,,0.9904203564264914,,,0.0,,,,,,,,,,0.9818885197562555,0.9462854584743237,,
sgf,0,301,a cat running happily,0.985426844195846,,,0.9685135323271046,,,1.0,,,,,,,,,,0.9834345993175302,0.8744554930719836,,
sgf,0,302,a dog enjoying a peaceful walk,0.9853306622239429,,,0.9826267987749172,,,1.0,,,,,,,,,,0.9796681357006871,0.9377624618596044,,
sgf,0,303,a dog playing in park,0.9758459469366371,,,0.9702596873006978,,,1.0,,,,,,,,,,0.9691066170571953,0.8241199070009692,,
sgf,0,304,a dog drinking water,0.9918919897565607,,,0.987208095923703,,,1.0,,,,,,,,,,0.9901900251385987,0.9724594991782616,,
sgf,0,305,a dog running happily,0.972031740329967,,,0.9774527708458441,,,1.0,,,,,,,,,,0.9597711219902961,0.8395263675985665,,
sgf,0,306,a horse bending down to drink water from a river,0.9853389258791955,,,0.9808317544381832,,,0.9666666666666667,,,,,,,,,,0.9793035014021781,0.9420034926513146,,
sgf,0,307,a horse galloping across an open field,0.9862754540597328,,,0.9831877530264836,,,0.26666666666666666,,,,,,,,,,0.9799641783519458,0.9554852134194868,,
sgf,0,308,a horse taking a peaceful walk,0.9873627053712859,,,0.9880412801950077,,,1.0,,,,,,,,,,0.984251910608302,0.9312735713761429,,
sgf,0,309,a horse running to join a herd of its kind,0.9797272062598854,,,0.9773202960466595,,,0.9333333333333333,,,,,,,,,,0.9700133665274551,0.9135727985151882,,
sgf,0,310,a sheep bending down to drink water from a river,0.98304032376581,,,0.9885308461439538,,,0.7666666666666667,,,,,,,,,,0.9730415371156507,0.9633950724683958,,
sgf,0,311,a sheep taking a peaceful walk,0.983860614666056,,,0.9878257223685711,,,0.3333333333333333,,,,,,,,,,0.9755139839905564,0.95036204518943,,
sgf,0,312,a sheep running to join a herd of its kind,0.9783598337544653,,,0.9636518131043075,,,1.0,,,,,,,,,,0.9678245441887969,0.9034157621449438,,
sgf,0,313,a cow bending down to drink water from a river,0.9891184080323598,,,0.9859915565994917,,,0.9333333333333333,,,,,,,,,,0.9850348872523155,0.9680812235536247,,
sgf,0,314,a cow chewing cud while resting in a tranquil barn,0.989817844602938,,,0.9851903827460174,,,0.7333333333333333,,,,,,,,,,0.9874408697889697,0.9501942909997085,,
sgf,0,315,a cow running to join a herd of its kind,0.9865451338786921,,,0.9803556394588641,,,0.7,,,,,,,,,,0.9848886157876702,0.8889122266193916,,
sgf,0,316,an elephant spraying itself with water using its trunk to cool down,0.9866401554201986,,,0.9848374509527515,,,0.9666666666666667,,,,,,,,,,0.9852407311560005,0.886031711923665,,
sgf,0,317,an elephant taking a peaceful walk,0.9927615170680928,,,0.987781117762276,,,0.23333333333333334,,,,,,,,,,0.9927575018457186,0.9578991080152577,,
sgf,0,318,an elephant running to join a herd of its kind,0.9920110535969887,,,0.9777074173579688,,,1.0,,,,,,,,,,0.9913434457714839,0.9567263218863257,,
sgf,0,319,a bear catching a salmon in its powerful jaws,0.987515303843853,,,0.9898335777549091,,,0.6,,,,,,,,,,0.9825401192711245,0.9541859225980167,,
sgf,0,320,a bear sniffing the air for scents of food,0.9867530559967876,,,0.9898983460246634,,,0.23333333333333334,,,,,,,,,,0.9836325321787148,0.921542621892074,,
sgf,0,321,a bear climbing a tree,0.9738981777111964,,,0.9863493812540153,,,0.9666666666666667,,,,,,,,,,0.9574443274608222,0.9296692414530392,,
sgf,0,322,a bear hunting for prey,0.9879664894041237,,,0.9916207428326863,,,0.5666666666666667,,,,,,,,,,0.9828117980111027,0.9657571778215212,,
sgf,0,323,a zebra bending down to drink water from a river,0.9944370387519025,,,0.9822867338940563,,,0.1,,,,,,,,,,0.9940650735491066,0.9823528045210345,,
sgf,0,324,a zebra running to join a herd of its kind,0.9826864994772697,,,0.9759329023460049,,,0.9,,,,,,,,,,0.9783872894381964,0.8676331166563362,,
sgf,0,325,a zebra taking a peaceful walk,0.9930151526986537,,,0.9896334304604142,,,0.06666666666666667,,,,,,,,,,0.9929680938361793,0.9640599571425339,,
sgf,0,326,a giraffe bending down to drink water from a river,0.9806775323640704,,,0.9873202434425218,,,0.3333333333333333,,,,,,,,,,0.9742641439360956,0.8688333517518537,,
sgf,0,327,a giraffe taking a peaceful walk,0.9818570740476453,,,0.9898357415655901,,,0.06666666666666667,,,,,,,,,,0.9792563065405814,0.8410856271612233,,
sgf,0,328,a giraffe running to join a herd of its kind,0.9785704279905612,,,0.970788693172693,,,1.0,,,,,,,,,,0.9667303004572467,0.9304876378897963,,
sgf,0,329,a person,,,,,,,,1.0,,,,,,,,,,,,
sgf,0,330,a bicycle,,,,,,,,0.9979166666666667,,,,,,,,,,,,
sgf,0,331,a car,,,,,,,,1.0,,,,,,,,,,,,
sgf,0,332,a motorcycle,,,,,,,,1.0,,,,,,,,,,,,
sgf,0,333,an airplane,,,,,,,,1.0,,,,,,,,,,,,
sgf,0,334,a bus,,,,,,,,1.0,,,,,,,,,,,,
sgf,0,335,a train,,,,,,,,1.0,,,,,,,,,,,,
sgf,0,336,a truck,,,,,,,,1.0,,,,,,,,,,,,
sgf,0,337,a boat,,,,,,,,1.0,,,,,,,,,,,,
sgf,0,338,a traffic light,,,,,,,,1.0,,,,,,,,,,,,
sgf,0,339,a fire hydrant,,,,,,,,0.9875,,,,,,,,,,,,
sgf,0,340,a stop sign,,,,,,,,1.0,,,,,,,,,,,,
sgf,0,341,a parking meter,,,,,,,,0.4395833333333333,,,,,,,,,,,,
sgf,0,342,a bench,,,,,,,,1.0,,,,,,,,,,,,
sgf,0,343,a bird,,,,,,,,1.0,,,,,,,,,,,,
sgf,0,344,a cat,,,,,,,,1.0,,,,,,,,,,,,
sgf,0,345,a dog,,,,,,,,1.0,,,,,,,,,,,,
sgf,0,346,a horse,,,,,,,,1.0,,,,,,,,,,,,
sgf,0,347,a sheep,,,,,,,,1.0,,,,,,,,,,,,
sgf,0,348,a cow,,,,,,,,1.0,,,,,,,,,,,,
sgf,0,349,an elephant,,,,,,,,1.0,,,,,,,,,,,,
sgf,0,350,a bear,,,,,,,,1.0,,,,,,,,,,,,
sgf,0,351,a zebra,,,,,,,,1.0,,,,,,,,,,,,
sgf,0,352,a giraffe,,,,,,,,1.0,,,,,,,,,,,,
sgf,0,353,a backpack,,,,,,,,0.7083333333333334,,,,,,,,,,,,
sgf,0,354,an umbrella,,,,,,,,1.0,,,,,,,,,,,,
sgf,0,355,a handbag,,,,,,,,1.0,,,,,,,,,,,,
sgf,0,356,a tie,,,,,,,,0.0,,,,,,,,,,,,
sgf,0,357,a suitcase,,,,,,,,1.0,,,,,,,,,,,,
sgf,0,358,a frisbee,,,,,,,,0.9541666666666667,,,,,,,,,,,,
sgf,0,359,skis,,,,,,,,1.0,,,,,,,,,,,,
sgf,0,360,a snowboard,,,,,,,,0.9979166666666667,,,,,,,,,,,,
sgf,0,361,a sports ball,,,,,,,,0.95,,,,,,,,,,,,
sgf,0,362,a kite,,,,,,,,0.9583333333333334,,,,,,,,,,,,
sgf,0,363,a baseball bat,,,,,,,,0.6020833333333333,,,,,,,,,,,,
sgf,0,364,a baseball glove,,,,,,,,0.0,,,,,,,,,,,,
sgf,0,365,a skateboard,,,,,,,,0.94375,,,,,,,,,,,,
sgf,0,366,a surfboard,,,,,,,,1.0,,,,,,,,,,,,
sgf,0,367,a tennis racket,,,,,,,,0.8125,,,,,,,,,,,,
sgf,0,368,a bottle,,,,,,,,1.0,,,,,,,,,,,,
sgf,0,369,a wine glass,,,,,,,,1.0,,,,,,,,,,,,
sgf,0,370,a cup,,,,,,,,1.0,,,,,,,,,,,,
sgf,0,371,a fork,,,,,,,,0.0,,,,,,,,,,,,
sgf,0,372,a knife,,,,,,,,0.08333333333333333,,,,,,,,,,,,
sgf,0,373,a spoon,,,,,,,,0.035416666666666666,,,,,,,,,,,,
sgf,0,374,a bowl,,,,,,,,1.0,,,,,,,,,,,,
sgf,0,375,a banana,,,,,,,,1.0,,,,,,,,,,,,
sgf,0,376,an apple,,,,,,,,1.0,,,,,,,,,,,,
sgf,0,377,a sandwich,,,,,,,,1.0,,,,,,,,,,,,
sgf,0,378,an orange,,,,,,,,0.83125,,,,,,,,,,,,
sgf,0,379,broccoli,,,,,,,,1.0,,,,,,,,,,,,
sgf,0,380,a carrot,,,,,,,,0.0,,,,,,,,,,,,
sgf,0,381,a hot dog,,,,,,,,0.16041666666666668,,,,,,,,,,,,
sgf,0,382,a pizza,,,,,,,,1.0,,,,,,,,,,,,
sgf,0,383,a donut,,,,,,,,1.0,,,,,,,,,,,,
sgf,0,384,a cake,,,,,,,,1.0,,,,,,,,,,,,
sgf,0,385,a chair,,,,,,,,1.0,,,,,,,,,,,,
sgf,0,386,a couch,,,,,,,,1.0,,,,,,,,,,,,
sgf,0,387,a potted plant,,,,,,,,1.0,,,,,,,,,,,,
sgf,0,388,a bed,,,,,,,,1.0,,,,,,,,,,,,
sgf,0,389,a dining table,,,,,,,,1.0,,,,,,,,,,,,
sgf,0,390,a toilet,,,,,,,,1.0,,,,,,,,,,,,
sgf,0,391,a tv,,,,,,,,1.0,,,,,,,,,,,,
sgf,0,392,a laptop,,,,,,,,1.0,,,,,,,,,,,,
sgf,0,393,a remote,,,,,,,,0.5958333333333333,,,,,,,,,,,,
sgf,0,394,a keyboard,,,,,,,,1.0,,,,,,,,,,,,
sgf,0,395,a cell phone,,,,,,,,0.4979166666666667,,,,,,,,,,,,
sgf,0,396,a microwave,,,,,,,,1.0,,,,,,,,,,,,
sgf,0,397,an oven,,,,,,,,1.0,,,,,,,,,,,,
sgf,0,398,a toaster,,,,,,,,0.06458333333333334,,,,,,,,,,,,
sgf,0,399,a sink,,,,,,,,1.0,,,,,,,,,,,,
sgf,0,400,a refrigerator,,,,,,,,1.0,,,,,,,,,,,,
sgf,0,401,a book,,,,,,,,1.0,,,,,,,,,,,,
sgf,0,402,a clock,,,,,,,,1.0,,,,,,,,,,,,
sgf,0,403,a vase,,,,,,,,1.0,,,,,,,,,,,,
sgf,0,404,scissors,,,,,,,,1.0,,,,,,,,,,,,
sgf,0,405,a teddy bear,,,,,,,,1.0,,,,,,,,,,,,
sgf,0,406,a hair drier,,,,,,,,0.9916666666666667,,,,,,,,,,,,
sgf,0,407,a toothbrush,,,,,,,,0.33125,,,,,,,,,,,,
sgf,0,408,a red bicycle,,,,,,,,,,,1.0,,,,,,,,,
sgf,0,409,a green bicycle,,,,,,,,,,,1.0,,,,,,,,,
sgf,0,410,a blue bicycle,,,,,,,,,,,0.945138888888889,,,,,,,,,
sgf,0,411,a yellow bicycle,,,,,,,,,,,1.0,,,,,,,,,
sgf,0,412,an orange bicycle,,,,,,,,,,,0.029166666666666667,,,,,,,,,
sgf,0,413,a purple bicycle,,,,,,,,,,,0.9561111111111111,,,,,,,,,
sgf,0,414,a pink bicycle,,,,,,,,,,,0.9916666666666667,,,,,,,,,
sgf,0,415,a black bicycle,,,,,,,,,,,1.0,,,,,,,,,
sgf,0,416,a white bicycle,,,,,,,,,,,0.9227777777777778,,,,,,,,,
sgf,0,417,a red car,,,,,,,,,,,1.0,,,,,,,,,
sgf,0,418,a green car,,,,,,,,,,,1.0,,,,,,,,,
sgf,0,419,a blue car,,,,,,,,,,,1.0,,,,,,,,,
sgf,0,420,a yellow car,,,,,,,,,,,0.90625,,,,,,,,,
sgf,0,421,an orange car,,,,,,,,,,,1.0,,,,,,,,,
sgf,0,422,a purple car,,,,,,,,,,,0.9666666666666667,,,,,,,,,
sgf,0,423,a pink car,,,,,,,,,,,0.975,,,,,,,,,
sgf,0,424,a black car,,,,,,,,,,,0.9958333333333333,,,,,,,,,
sgf,0,425,a white car,,,,,,,,,,,0.9738095238095238,,,,,,,,,
sgf,0,426,a red bird,,,,,,,,,,,1.0,,,,,,,,,
sgf,0,427,a green bird,,,,,,,,,,,1.0,,,,,,,,,
sgf,0,428,a blue bird,,,,,,,,,,,1.0,,,,,,,,,
sgf,0,429,a yellow bird,,,,,,,,,,,0.9915277777777778,,,,,,,,,
sgf,0,430,an orange bird,,,,,,,,,,,1.0,,,,,,,,,
sgf,0,431,a purple bird,,,,,,,,,,,0.9750351037851038,,,,,,,,,
sgf,0,432,a pink bird,,,,,,,,,,,0.99375,,,,,,,,,
sgf,0,433,a black bird,,,,,,,,,,,0.8436868686868687,,,,,,,,,
sgf,0,434,a white bird,,,,,,,,,,,0.9958333333333333,,,,,,,,,
sgf,0,435,a black cat,,,,,,,,,,,1.0,,,,,,,,,
sgf,0,436,a white cat,,,,,,,,,,,1.0,,,,,,,,,
sgf,0,437,an orange cat,,,,,,,,,,,0.9833333333333333,,,,,,,,,
sgf,0,438,a yellow cat,,,,,,,,,,,0.0,,,,,,,,,
sgf,0,439,a red umbrella,,,,,,,,,,,1.0,,,,,,,,,
sgf,0,440,a green umbrella,,,,,,,,,,,0.9612794612794614,,,,,,,,,
sgf,0,441,a blue umbrella,,,,,,,,,,,1.0,,,,,,,,,
sgf,0,442,a yellow umbrella,,,,,,,,,,,0.7733409645909646,,,,,,,,,
sgf,0,443,an orange umbrella,,,,,,,,,,,0.016666666666666666,,,,,,,,,
sgf,0,444,a purple umbrella,,,,,,,,,,,0.9343055555555556,,,,,,,,,
sgf,0,445,a pink umbrella,,,,,,,,,,,1.0,,,,,,,,,
sgf,0,446,a black umbrella,,,,,,,,,,,0.8219990914435358,,,,,,,,,
sgf,0,447,a white umbrella,,,,,,,,,,,1.0,,,,,,,,,
sgf,0,448,a red suitcase,,,,,,,,,,,1.0,,,,,,,,,
sgf,0,449,a green suitcase,,,,,,,,,,,0.99375,,,,,,,,,
sgf,0,450,a blue suitcase,,,,,,,,,,,1.0,,,,,,,,,
sgf,0,451,a yellow suitcase,,,,,,,,,,,1.0,,,,,,,,,
sgf,0,452,an orange suitcase,,,,,,,,,,,1.0,,,,,,,,,
sgf,0,453,a purple suitcase,,,,,,,,,,,0.4236721611721611,,,,,,,,,
sgf,0,454,a pink suitcase,,,,,,,,,,,1.0,,,,,,,,,
sgf,0,455,a black suitcase,,,,,,,,,,,1.0,,,,,,,,,
sgf,0,456,a white suitcase,,,,,,,,,,,1.0,,,,,,,,,
sgf,0,457,a red bowl,,,,,,,,,,,1.0,,,,,,,,,
sgf,0,458,a green bowl,,,,,,,,,,,,,,,,,,,,
sgf,0,459,a blue bowl,,,,,,,,,,,0.9056324110671936,,,,,,,,,
sgf,0,460,a yellow bowl,,,,,,,,,,,1.0,,,,,,,,,
sgf,0,461,an orange bowl,,,,,,,,,,,0.7241071428571428,,,,,,,,,
sgf,0,462,a purple bowl,,,,,,,,,,,0.4429166666666667,,,,,,,,,
sgf,0,463,a pink bowl,,,,,,,,,,,1.0,,,,,,,,,
sgf,0,464,a black bowl,,,,,,,,,,,0.9354166666666667,,,,,,,,,
sgf,0,465,a white bowl,,,,,,,,,,,1.0,,,,,,,,,
sgf,0,466,a red chair,,,,,,,,,,,1.0,,,,,,,,,
sgf,0,467,a green chair,,,,,,,,,,,1.0,,,,,,,,,
sgf,0,468,a blue chair,,,,,,,,,,,1.0,,,,,,,,,
sgf,0,469,a yellow chair,,,,,,,,,,,0.37083333333333335,,,,,,,,,
sgf,0,470,an orange chair,,,,,,,,,,,0.9833333333333333,,,,,,,,,
sgf,0,471,a purple chair,,,,,,,,,,,1.0,,,,,,,,,
sgf,0,472,a pink chair,,,,,,,,,,,1.0,,,,,,,,,
sgf,0,473,a black chair,,,,,,,,,,,0.9122222222222223,,,,,,,,,
sgf,0,474,a white chair,,,,,,,,,,,0.980952380952381,,,,,,,,,
sgf,0,475,a red clock,,,,,,,,,,,0.86875,,,,,,,,,
sgf,0,476,a green clock,,,,,,,,,,,0.9616174055829229,,,,,,,,,
sgf,0,477,a blue clock,,,,,,,,,,,1.0,,,,,,,,,
sgf,0,478,a yellow clock,,,,,,,,,,,1.0,,,,,,,,,
sgf,0,479,an orange clock,,,,,,,,,,,1.0,,,,,,,,,
sgf,0,480,a purple clock,,,,,,,,,,,0.60625,,,,,,,,,
sgf,0,481,a pink clock,,,,,,,,,,,1.0,,,,,,,,,
sgf,0,482,a black clock,,,,,,,,,,,0.9845192307692308,,,,,,,,,
sgf,0,483,a white clock,,,,,,,,,,,0.89109126984127,,,,,,,,,
sgf,0,484,a red vase,,,,,,,,,,,1.0,,,,,,,,,
sgf,0,485,a green vase,,,,,,,,,,,1.0,,,,,,,,,
sgf,0,486,a blue vase,,,,,,,,,,,1.0,,,,,,,,,
sgf,0,487,a yellow vase,,,,,,,,,,,0.6791666666666667,,,,,,,,,
sgf,0,488,an orange vase,,,,,,,,,,,0.19791666666666666,,,,,,,,,
sgf,0,489,a purple vase,,,,,,,,,,,1.0,,,,,,,,,
sgf,0,490,a pink vase,,,,,,,,,,,1.0,,,,,,,,,
sgf,0,491,a black vase,,,,,,,,,,,0.9520833333333333,,,,,,,,,
sgf,0,492,a white vase,,,,,,,,,,,1.0,,,,,,,,,
sgf,0,493,"A beautiful coastal beach in spring, waves lapping on sand, Van Gogh style",,,,,,,,,,,,,,0.19837646484375,,,,,,
sgf,0,494,"A beautiful coastal beach in spring, waves lapping on sand, oil painting",,,,,,,,,,,,,,0.21555891927083334,,,,,,
sgf,0,495,"A beautiful coastal beach in spring, waves lapping on sand by Hokusai, in the style of Ukiyo",,,,,,,,,,,,,,0.21586669921875,,,,,,
sgf,0,496,"A beautiful coastal beach in spring, waves lapping on sand, black and white",,,,,,,,,,,,,,0.17643701171875,,,,,,
sgf,0,497,"A beautiful coastal beach in spring, waves lapping on sand, pixel art",,,,,,,,,,,,,,0.26288590494791664,,,,,,
sgf,0,498,"A beautiful coastal beach in spring, waves lapping on sand, in cyberpunk style",,,,,,,,,,,,,,0.22120996093750003,,,,,,
sgf,0,499,"A beautiful coastal beach in spring, waves lapping on sand, animated style",,,,,,,,,,,,,,0.23728531901041666,,,,,,
sgf,0,500,"A beautiful coastal beach in spring, waves lapping on sand, watercolor painting",,,,,,,,,,,,,,0.22205029296875,,,,,,
sgf,0,501,"A beautiful coastal beach in spring, waves lapping on sand, surrealism style",,,,,,,,,,,,,,0.22532307942708335,,,,,,
sgf,0,502,"The bund Shanghai, Van Gogh style",,,,,,,,,,,,,,0.14389558919270834,,,,,,
sgf,0,503,"The bund Shanghai, oil painting",,,,,,,,,,,,,,0.18990022786458335,,,,,,
sgf,0,504,"The bund Shanghai by Hokusai, in the style of Ukiyo",,,,,,,,,,,,,,0.25199479166666666,,,,,,
sgf,0,505,"The bund Shanghai, black and white",,,,,,,,,,,,,,0.21019873046874996,,,,,,
sgf,0,506,"The bund Shanghai, pixel art",,,,,,,,,,,,,,0.19911002604166667,,,,,,
sgf,0,507,"The bund Shanghai, in cyberpunk style",,,,,,,,,,,,,,0.22414290364583336,,,,,,
sgf,0,508,"The bund Shanghai, animated style",,,,,,,,,,,,,,0.2286238606770833,,,,,,
sgf,0,509,"The bund Shanghai, watercolor painting",,,,,,,,,,,,,,0.1795723470052083,,,,,,
sgf,0,510,"The bund Shanghai, surrealism style",,,,,,,,,,,,,,0.21295133463541666,,,,,,
sgf,0,511,"a shark is swimming in the ocean, Van Gogh style",,,,,,,,,,,,,,0.19140999348958337,,,,,,
sgf,0,512,"a shark is swimming in the ocean, oil painting",,,,,,,,,,,,,,0.2049913736979167,,,,,,
sgf,0,513,"a shark is swimming in the ocean by Hokusai, in the style of Ukiyo",,,,,,,,,,,,,,0.17254427083333332,,,,,,
sgf,0,514,"a shark is swimming in the ocean, black and white",,,,,,,,,,,,,,0.19694921875000002,,,,,,
sgf,0,515,"a shark is swimming in the ocean, pixel art",,,,,,,,,,,,,,0.2005830078125,,,,,,
sgf,0,516,"a shark is swimming in the ocean, in cyberpunk style",,,,,,,,,,,,,,0.2087921549479167,,,,,,
sgf,0,517,"a shark is swimming in the ocean, animated style",,,,,,,,,,,,,,0.21473144531250005,,,,,,
sgf,0,518,"a shark is swimming in the ocean, watercolor painting",,,,,,,,,,,,,,0.1895021158854166,,,,,,
sgf,0,519,"a shark is swimming in the ocean, surrealism style",,,,,,,,,,,,,,0.21400081380208333,,,,,,
sgf,0,520,"A panda drinking coffee in a cafe in Paris, Van Gogh style",,,,,,,,,,,,,,0.142902099609375,,,,,,
sgf,0,521,"A panda drinking coffee in a cafe in Paris, oil painting",,,,,,,,,,,,,,0.21278255208333333,,,,,,
sgf,0,522,"A panda drinking coffee in a cafe in Paris by Hokusai, in the style of Ukiyo",,,,,,,,,,,,,,0.1876492513020833,,,,,,
sgf,0,523,"A panda drinking coffee in a cafe in Paris, black and white",,,,,,,,,,,,,,0.20377978515624998,,,,,,
sgf,0,524,"A panda drinking coffee in a cafe in Paris, pixel art",,,,,,,,,,,,,,0.19082340494791666,,,,,,
sgf,0,525,"A panda drinking coffee in a cafe in Paris, in cyberpunk style",,,,,,,,,,,,,,0.1970379231770833,,,,,,
sgf,0,526,"A panda drinking coffee in a cafe in Paris, animated style",,,,,,,,,,,,,,0.22996175130208335,,,,,,
sgf,0,527,"A panda drinking coffee in a cafe in Paris, watercolor painting",,,,,,,,,,,,,,0.20508447265625,,,,,,
sgf,0,528,"A panda drinking coffee in a cafe in Paris, surrealism style",,,,,,,,,,,,,,0.21945361328125,,,,,,
sgf,0,529,"A cute happy Corgi playing in park, sunset, Van Gogh style",,,,,,,,,,,,,,0.18779964192708334,,,,,,
sgf,0,530,"A cute happy Corgi playing in park, sunset, oil painting",,,,,,,,,,,,,,0.21438557942708336,,,,,,
sgf,0,531,"A cute happy Corgi playing in park, sunset by Hokusai, in the style of Ukiyo",,,,,,,,,,,,,,0.18330777994791667,,,,,,
sgf,0,532,"A cute happy Corgi playing in park, sunset, black and white",,,,,,,,,,,,,,0.17678808593749995,,,,,,
sgf,0,533,"A cute happy Corgi playing in park, sunset, pixel art",,,,,,,,,,,,,,0.21367350260416665,,,,,,
sgf,0,534,"A cute happy Corgi playing in park, sunset, in cyberpunk style",,,,,,,,,,,,,,0.19775992838541662,,,,,,
sgf,0,535,"A cute happy Corgi playing in park, sunset, animated style",,,,,,,,,,,,,,0.23300390625,,,,,,
sgf,0,536,"A cute happy Corgi playing in park, sunset, watercolor painting",,,,,,,,,,,,,,0.202728515625,,,,,,
sgf,0,537,"A cute happy Corgi playing in park, sunset, surrealism style",,,,,,,,,,,,,,0.2401223958333333,,,,,,
sgf,0,538,"Gwen Stacy reading a book, Van Gogh style",,,,,,,,,,,,,,0.17627229817708331,,,,,,
sgf,0,539,"Gwen Stacy reading a book, oil painting",,,,,,,,,,,,,,0.22677067057291664,,,,,,
sgf,0,540,"Gwen Stacy reading a book by Hokusai, in the style of Ukiyo",,,,,,,,,,,,,,0.2846692708333333,,,,,,
sgf,0,541,"Gwen Stacy reading a book, black and white",,,,,,,,,,,,,,0.20439599609375,,,,,,
sgf,0,542,"Gwen Stacy reading a book, pixel art",,,,,,,,,,,,,,0.27399088541666666,,,,,,
sgf,0,543,"Gwen Stacy reading a book, in cyberpunk style",,,,,,,,,,,,,,0.25724593098958337,,,,,,
sgf,0,544,"Gwen Stacy reading a book, animated style",,,,,,,,,,,,,,0.2430577799479167,,,,,,
sgf,0,545,"Gwen Stacy reading a book, watercolor painting",,,,,,,,,,,,,,0.19874886067708333,,,,,,
sgf,0,546,"Gwen Stacy reading a book, surrealism style",,,,,,,,,,,,,,0.2085559895833333,,,,,,
sgf,0,547,"A boat sailing leisurely along the Seine River with the Eiffel Tower in background, Van Gogh style",,,,,,,,,,,,,,0.21116487630208336,,,,,,
sgf,0,548,"A boat sailing leisurely along the Seine River with the Eiffel Tower in background, oil painting",,,,,,,,,,,,,,0.19433544921874998,,,,,,
sgf,0,549,"A boat sailing leisurely along the Seine River with the Eiffel Tower in background by Hokusai, in the style of Ukiyo",,,,,,,,,,,,,,0.15969002278645833,,,,,,
sgf,0,550,"A boat sailing leisurely along the Seine River with the Eiffel Tower in background, black and white",,,,,,,,,,,,,,0.1812428385416667,,,,,,
sgf,0,551,"A boat sailing leisurely along the Seine River with the Eiffel Tower in background, pixel art",,,,,,,,,,,,,,0.22641308593750004,,,,,,
sgf,0,552,"A boat sailing leisurely along the Seine River with the Eiffel Tower in background, in cyberpunk style",,,,,,,,,,,,,,0.2805509440104167,,,,,,
sgf,0,553,"A boat sailing leisurely along the Seine River with the Eiffel Tower in background, animated style",,,,,,,,,,,,,,0.20480940755208332,,,,,,
sgf,0,554,"A boat sailing leisurely along the Seine River with the Eiffel Tower in background, watercolor painting",,,,,,,,,,,,,,0.23734016927083337,,,,,,
sgf,0,555,"A boat sailing leisurely along the Seine River with the Eiffel Tower in background, surrealism style",,,,,,,,,,,,,,0.24327539062499998,,,,,,
sgf,0,556,"A couple in formal evening wear going home get caught in a heavy downpour with umbrellas, Van Gogh style",,,,,,,,,,,,,,0.20769384765624999,,,,,,
sgf,0,557,"A couple in formal evening wear going home get caught in a heavy downpour with umbrellas, oil painting",,,,,,,,,,,,,,0.18934440104166667,,,,,,
sgf,0,558,"A couple in formal evening wear going home get caught in a heavy downpour with umbrellas by Hokusai, in the style of Ukiyo",,,,,,,,,,,,,,0.15715307617187496,,,,,,
sgf,0,559,"A couple in formal evening wear going home get caught in a heavy downpour with umbrellas, black and white",,,,,,,,,,,,,,0.18773958333333332,,,,,,
sgf,0,560,"A couple in formal evening wear going home get caught in a heavy downpour with umbrellas, pixel art",,,,,,,,,,,,,,0.20662207031250002,,,,,,
sgf,0,561,"A couple in formal evening wear going home get caught in a heavy downpour with umbrellas, in cyberpunk style",,,,,,,,,,,,,,0.19560872395833329,,,,,,
sgf,0,562,"A couple in formal evening wear going home get caught in a heavy downpour with umbrellas, animated style",,,,,,,,,,,,,,0.23808854166666665,,,,,,
sgf,0,563,"A couple in formal evening wear going home get caught in a heavy downpour with umbrellas, watercolor painting",,,,,,,,,,,,,,0.20263395182291669,,,,,,
sgf,0,564,"A couple in formal evening wear going home get caught in a heavy downpour with umbrellas, surrealism style",,,,,,,,,,,,,,0.2252298177083333,,,,,,
sgf,0,565,"An astronaut flying in space, Van Gogh style",,,,,,,,,,,,,,0.22911604817708334,,,,,,
sgf,0,566,"An astronaut flying in space, oil painting",,,,,,,,,,,,,,0.18111197916666663,,,,,,
sgf,0,567,"An astronaut flying in space by Hokusai, in the style of Ukiyo",,,,,,,,,,,,,,0.18746223958333336,,,,,,
sgf,0,568,"An astronaut flying in space, black and white",,,,,,,,,,,,,,0.17313932291666662,,,,,,
sgf,0,569,"An astronaut flying in space, pixel art",,,,,,,,,,,,,,0.19556380208333332,,,,,,
sgf,0,570,"An astronaut flying in space, in cyberpunk style",,,,,,,,,,,,,,0.22764013671874997,,,,,,
sgf,0,571,"An astronaut flying in space, animated style",,,,,,,,,,,,,,0.22465120442708333,,,,,,
sgf,0,572,"An astronaut flying in space, watercolor painting",,,,,,,,,,,,,,0.166235107421875,,,,,,
sgf,0,573,"An astronaut flying in space, surrealism style",,,,,,,,,,,,,,0.2159798177083333,,,,,,
sgf,0,574,"Snow rocky mountains peaks canyon. snow blanketed rocky mountains surround and shadow deep canyons. the canyons twist and bend through the high elevated mountain peaks, Van Gogh style",,,,,,,,,,,,,,0.18306624348958336,,,,,,
sgf,0,575,"Snow rocky mountains peaks canyon. snow blanketed rocky mountains surround and shadow deep canyons. the canyons twist and bend through the high elevated mountain peaks, oil painting",,,,,,,,,,,,,,0.20411083984375003,,,,,,
sgf,0,576,"Snow rocky mountains peaks canyon. snow blanketed rocky mountains surround and shadow deep canyons. the canyons twist and bend through the high elevated mountain peaks by Hokusai, in the style of Ukiyo",,,,,,,,,,,,,,0.1521246744791667,,,,,,
sgf,0,577,"Snow rocky mountains peaks canyon. snow blanketed rocky mountains surround and shadow deep canyons. the canyons twist and bend through the high elevated mountain peaks, black and white",,,,,,,,,,,,,,0.17041943359375003,,,,,,
sgf,0,578,"Snow rocky mountains peaks canyon. snow blanketed rocky mountains surround and shadow deep canyons. the canyons twist and bend through the high elevated mountain peaks, pixel art",,,,,,,,,,,,,,0.17153653971354169,,,,,,
sgf,0,579,"Snow rocky mountains peaks canyon. snow blanketed rocky mountains surround and shadow deep canyons. the canyons twist and bend through the high elevated mountain peaks, in cyberpunk style",,,,,,,,,,,,,,0.19508219401041668,,,,,,
sgf,0,580,"Snow rocky mountains peaks canyon. snow blanketed rocky mountains surround and shadow deep canyons. the canyons twist and bend through the high elevated mountain peaks, animated style",,,,,,,,,,,,,,0.20685172526041665,,,,,,
sgf,0,581,"Snow rocky mountains peaks canyon. snow blanketed rocky mountains surround and shadow deep canyons. the canyons twist and bend through the high elevated mountain peaks, watercolor painting",,,,,,,,,,,,,,0.1989054361979167,,,,,,
sgf,0,582,"Snow rocky mountains peaks canyon. snow blanketed rocky mountains surround and shadow deep canyons. the canyons twist and bend through the high elevated mountain peaks, surrealism style",,,,,,,,,,,,,,0.19100520833333332,,,,,,
sgf,0,583,"A beautiful coastal beach in spring, waves lapping on sand, in super slow motion",,,,,,,,,,,,,,,0.12014717484513919,,,,,
sgf,0,584,"A beautiful coastal beach in spring, waves lapping on sand, zoom in",,,,,,,,,,,,,,,0.13985123733679453,,,,,
sgf,0,585,"A beautiful coastal beach in spring, waves lapping on sand, zoom out",,,,,,,,,,,,,,,0.20188987255096436,,,,,
sgf,0,586,"A beautiful coastal beach in spring, waves lapping on sand, pan left",,,,,,,,,,,,,,,0.16675707449515662,,,,,
sgf,0,587,"A beautiful coastal beach in spring, waves lapping on sand, pan right",,,,,,,,,,,,,,,0.23725790778795877,,,,,
sgf,0,588,"A beautiful coastal beach in spring, waves lapping on sand, tilt up",,,,,,,,,,,,,,,0.22403095910946527,,,,,
sgf,0,589,"A beautiful coastal beach in spring, waves lapping on sand, tilt down",,,,,,,,,,,,,,,0.14663059016068777,,,,,
sgf,0,590,"A beautiful coastal beach in spring, waves lapping on sand, with an intense shaking effect",,,,,,,,,,,,,,,0.12912953148285547,,,,,
sgf,0,591,"A beautiful coastal beach in spring, waves lapping on sand, featuring a steady and smooth perspective",,,,,,,,,,,,,,,0.19318839410940805,,,,,
sgf,0,592,"A beautiful coastal beach in spring, waves lapping on sand, racking focus",,,,,,,,,,,,,,,0.17050639043251672,,,,,
sgf,0,593,"The bund Shanghai, in super slow motion",,,,,,,,,,,,,,,0.21855458368857703,,,,,
sgf,0,594,"The bund Shanghai, zoom in",,,,,,,,,,,,,,,0.2536682263016701,,,,,
sgf,0,595,"The bund Shanghai, zoom out",,,,,,,,,,,,,,,0.22534780949354172,,,,,
sgf,0,596,"The bund Shanghai, pan left",,,,,,,,,,,,,,,0.23763047407070795,,,,,
sgf,0,597,"The bund Shanghai, pan right",,,,,,,,,,,,,,,0.1710637186964353,,,,,
sgf,0,598,"The bund Shanghai, tilt up",,,,,,,,,,,,,,,0.21084223439296088,,,,,
sgf,0,599,"The bund Shanghai, tilt down",,,,,,,,,,,,,,,0.21309382220109305,,,,,
sgf,0,600,"The bund Shanghai, with an intense shaking effect",,,,,,,,,,,,,,,0.2440792496005694,,,,,
sgf,0,601,"The bund Shanghai, featuring a steady and smooth perspective",,,,,,,,,,,,,,,0.22267760336399078,,,,,
sgf,0,602,"The bund Shanghai, racking focus",,,,,,,,,,,,,,,0.24056529502073923,,,,,
sgf,0,603,"a shark is swimming in the ocean, in super slow motion",,,,,,,,,,,,,,,0.1726985052227974,,,,,
sgf,0,604,"a shark is swimming in the ocean, zoom in",,,,,,,,,,,,,,,0.1826431006193161,,,,,
sgf,0,605,"a shark is swimming in the ocean, zoom out",,,,,,,,,,,,,,,0.17670965691407522,,,,,
sgf,0,606,"a shark is swimming in the ocean, pan left",,,,,,,,,,,,,,,0.16220478216807047,,,,,
sgf,0,607,"a shark is swimming in the ocean, pan right",,,,,,,,,,,,,,,0.1805974617600441,,,,,
sgf,0,608,"a shark is swimming in the ocean, tilt up",,,,,,,,,,,,,,,0.1729913850625356,,,,,
sgf,0,609,"a shark is swimming in the ocean, tilt down",,,,,,,,,,,,,,,0.16337829331556955,,,,,
sgf,0,610,"a shark is swimming in the ocean, with an intense shaking effect",,,,,,,,,,,,,,,0.212893878420194,,,,,
sgf,0,611,"a shark is swimming in the ocean, featuring a steady and smooth perspective",,,,,,,,,,,,,,,0.20321187873681387,,,,,
sgf,0,612,"a shark is swimming in the ocean, racking focus",,,,,,,,,,,,,,,0.18026460210482279,,,,,
sgf,0,613,"A panda drinking coffee in a cafe in Paris, in super slow motion",,,,,,,,,,,,,,,0.2650768756866455,,,,,
sgf,0,614,"A panda drinking coffee in a cafe in Paris, zoom in",,,,,,,,,,,,,,,0.292501504222552,,,,,
sgf,0,615,"A panda drinking coffee in a cafe in Paris, zoom out",,,,,,,,,,,,,,,0.2664853980143865,,,,,
sgf,0,616,"A panda drinking coffee in a cafe in Paris, pan left",,,,,,,,,,,,,,,0.24817596624294916,,,,,
sgf,0,617,"A panda drinking coffee in a cafe in Paris, pan right",,,,,,,,,,,,,,,0.24731353670358658,,,,,
sgf,0,618,"A panda drinking coffee in a cafe in Paris, tilt up",,,,,,,,,,,,,,,0.25690441330273944,,,,,
sgf,0,619,"A panda drinking coffee in a cafe in Paris, tilt down",,,,,,,,,,,,,,,0.28536998728911084,,,,,
sgf,0,620,"A panda drinking coffee in a cafe in Paris, with an intense shaking effect",,,,,,,,,,,,,,,0.2747800449530284,,,,,
sgf,0,621,"A panda drinking coffee in a cafe in Paris, featuring a steady and smooth perspective",,,,,,,,,,,,,,,0.26686230301856995,,,,,
sgf,0,622,"A panda drinking coffee in a cafe in Paris, racking focus",,,,,,,,,,,,,,,0.2511477768421173,,,,,
sgf,0,623,"A cute happy Corgi playing in park, sunset, in super slow motion",,,,,,,,,,,,,,,0.2996027171611786,,,,,
sgf,0,624,"A cute happy Corgi playing in park, sunset, zoom in",,,,,,,,,,,,,,,0.26068615168333054,,,,,
sgf,0,625,"A cute happy Corgi playing in park, sunset, zoom out",,,,,,,,,,,,,,,0.2704775283734004,,,,,
sgf,0,626,"A cute happy Corgi playing in park, sunset, pan left",,,,,,,,,,,,,,,0.27982161939144135,,,,,
sgf,0,627,"A cute happy Corgi playing in park, sunset, pan right",,,,,,,,,,,,,,,0.27351364493370056,,,,,
sgf,0,628,"A cute happy Corgi playing in park, sunset, tilt up",,,,,,,,,,,,,,,0.29530591269334155,,,,,
sgf,0,629,"A cute happy Corgi playing in park, sunset, tilt down",,,,,,,,,,,,,,,0.25094358374675113,,,,,
sgf,0,630,"A cute happy Corgi playing in park, sunset, with an intense shaking effect",,,,,,,,,,,,,,,0.23732718328634897,,,,,
sgf,0,631,"A cute happy Corgi playing in park, sunset, featuring a steady and smooth perspective",,,,,,,,,,,,,,,0.28375332057476044,,,,,
sgf,0,632,"A cute happy Corgi playing in park, sunset, racking focus",,,,,,,,,,,,,,,0.2834786723057429,,,,,
sgf,0,633,"Gwen Stacy reading a book, in super slow motion",,,,,,,,,,,,,,,0.29867446422576904,,,,,
sgf,0,634,"Gwen Stacy reading a book, zoom in",,,,,,,,,,,,,,,0.28944702943166095,,,,,
sgf,0,635,"Gwen Stacy reading a book, zoom out",,,,,,,,,,,,,,,0.1571672037243843,,,,,
sgf,0,636,"Gwen Stacy reading a book, pan left",,,,,,,,,,,,,,,0.2313856283823649,,,,,
sgf,0,637,"Gwen Stacy reading a book, pan right",,,,,,,,,,,,,,,0.26096124450365704,,,,,
sgf,0,638,"Gwen Stacy reading a book, tilt up",,,,,,,,,,,,,,,0.23335264871517816,,,,,
sgf,0,639,"Gwen Stacy reading a book, tilt down",,,,,,,,,,,,,,,0.18499811738729477,,,,,
sgf,0,640,"Gwen Stacy reading a book, with an intense shaking effect",,,,,,,,,,,,,,,0.2589738567670186,,,,,
sgf,0,641,"Gwen Stacy reading a book, featuring a steady and smooth perspective",,,,,,,,,,,,,,,0.2532096430659294,,,,,
sgf,0,642,"Gwen Stacy reading a book, racking focus",,,,,,,,,,,,,,,0.22641249497731528,,,,,
sgf,0,643,"A boat sailing leisurely along the Seine River with the Eiffel Tower in background, in super slow motion",,,,,,,,,,,,,,,0.27086059749126434,,,,,
sgf,0,644,"A boat sailing leisurely along the Seine River with the Eiffel Tower in background, zoom in",,,,,,,,,,,,,,,0.17325962334871292,,,,,
sgf,0,645,"A boat sailing leisurely along the Seine River with the Eiffel Tower in background, zoom out",,,,,,,,,,,,,,,0.1731168453892072,,,,,
sgf,0,646,"A boat sailing leisurely along the Seine River with the Eiffel Tower in background, pan left",,,,,,,,,,,,,,,0.14994294693072638,,,,,
sgf,0,647,"A boat sailing leisurely along the Seine River with the Eiffel Tower in background, pan right",,,,,,,,,,,,,,,0.1316517380376657,,,,,
sgf,0,648,"A boat sailing leisurely along the Seine River with the Eiffel Tower in background, tilt up",,,,,,,,,,,,,,,0.15019444624582926,,,,,
sgf,0,649,"A boat sailing leisurely along the Seine River with the Eiffel Tower in background, tilt down",,,,,,,,,,,,,,,0.1638100023070971,,,,,
sgf,0,650,"A boat sailing leisurely along the Seine River with the Eiffel Tower in background, with an intense shaking effect",,,,,,,,,,,,,,,0.23364146053791046,,,,,
sgf,0,651,"A boat sailing leisurely along the Seine River with the Eiffel Tower in background, featuring a steady and smooth perspective",,,,,,,,,,,,,,,0.2005349745353063,,,,,
sgf,0,652,"A boat sailing leisurely along the Seine River with the Eiffel Tower in background, racking focus",,,,,,,,,,,,,,,0.145118810236454,,,,,
sgf,0,653,"A couple in formal evening wear going home get caught in a heavy downpour with umbrellas, in super slow motion",,,,,,,,,,,,,,,0.27041421830654144,,,,,
sgf,0,654,"A couple in formal evening wear going home get caught in a heavy downpour with umbrellas, zoom in",,,,,,,,,,,,,,,0.19648011277119318,,,,,
sgf,0,655,"A couple in formal evening wear going home get caught in a heavy downpour with umbrellas, zoom out",,,,,,,,,,,,,,,0.21753781537214914,,,,,
sgf,0,656,"A couple in formal evening wear going home get caught in a heavy downpour with umbrellas, pan left",,,,,,,,,,,,,,,0.25075823316971463,,,,,
sgf,0,657,"A couple in formal evening wear going home get caught in a heavy downpour with umbrellas, pan right",,,,,,,,,,,,,,,0.22243625670671463,,,,,
sgf,0,658,"A couple in formal evening wear going home get caught in a heavy downpour with umbrellas, tilt up",,,,,,,,,,,,,,,0.24032099545001984,,,,,
sgf,0,659,"A couple in formal evening wear going home get caught in a heavy downpour with umbrellas, tilt down",,,,,,,,,,,,,,,0.25527436037858325,,,,,
sgf,0,660,"A couple in formal evening wear going home get caught in a heavy downpour with umbrellas, with an intense shaking effect",,,,,,,,,,,,,,,0.25084883471330005,,,,,
sgf,0,661,"A couple in formal evening wear going home get caught in a heavy downpour with umbrellas, featuring a steady and smooth perspective",,,,,,,,,,,,,,,0.24241624027490616,,,,,
sgf,0,662,"A couple in formal evening wear going home get caught in a heavy downpour with umbrellas, racking focus",,,,,,,,,,,,,,,0.2821388592322667,,,,,
sgf,0,663,"An astronaut flying in space, in super slow motion",,,,,,,,,,,,,,,0.17176094899574915,,,,,
sgf,0,664,"An astronaut flying in space, zoom in",,,,,,,,,,,,,,,0.15936230371395746,,,,,
sgf,0,665,"An astronaut flying in space, zoom out",,,,,,,,,,,,,,,0.1875577668348948,,,,,
sgf,0,666,"An astronaut flying in space, pan left",,,,,,,,,,,,,,,0.1181987076997757,,,,,
sgf,0,667,"An astronaut flying in space, pan right",,,,,,,,,,,,,,,0.1710596059759458,,,,,
sgf,0,668,"An astronaut flying in space, tilt up",,,,,,,,,,,,,,,0.18902385234832764,,,,,
sgf,0,669,"An astronaut flying in space, tilt down",,,,,,,,,,,,,,,0.15930304924647012,,,,,
sgf,0,670,"An astronaut flying in space, with an intense shaking effect",,,,,,,,,,,,,,,0.1722943882147471,,,,,
sgf,0,671,"An astronaut flying in space, featuring a steady and smooth perspective",,,,,,,,,,,,,,,0.1901566038529078,,,,,
sgf,0,672,"An astronaut flying in space, racking focus",,,,,,,,,,,,,,,0.20082675417264303,,,,,
sgf,0,673,"Snow rocky mountains peaks canyon. snow blanketed rocky mountains surround and shadow deep canyons. the canyons twist and bend through the high elevated mountain peaks, in super slow motion",,,,,,,,,,,,,,,0.27164315183957416,,,,,
sgf,0,674,"Snow rocky mountains peaks canyon. snow blanketed rocky mountains surround and shadow deep canyons. the canyons twist and bend through the high elevated mountain peaks, zoom in",,,,,,,,,,,,,,,0.2471372683842977,,,,,
sgf,0,675,"Snow rocky mountains peaks canyon. snow blanketed rocky mountains surround and shadow deep canyons. the canyons twist and bend through the high elevated mountain peaks, zoom out",,,,,,,,,,,,,,,0.2756446649630864,,,,,
sgf,0,676,"Snow rocky mountains peaks canyon. snow blanketed rocky mountains surround and shadow deep canyons. the canyons twist and bend through the high elevated mountain peaks, pan left",,,,,,,,,,,,,,,0.2688838293155034,,,,,
sgf,0,677,"Snow rocky mountains peaks canyon. snow blanketed rocky mountains surround and shadow deep canyons. the canyons twist and bend through the high elevated mountain peaks, pan right",,,,,,,,,,,,,,,0.23530263453722,,,,,
sgf,0,678,"Snow rocky mountains peaks canyon. snow blanketed rocky mountains surround and shadow deep canyons. the canyons twist and bend through the high elevated mountain peaks, tilt up",,,,,,,,,,,,,,,0.26836174726486206,,,,,
sgf,0,679,"Snow rocky mountains peaks canyon. snow blanketed rocky mountains surround and shadow deep canyons. the canyons twist and bend through the high elevated mountain peaks, tilt down",,,,,,,,,,,,,,,0.2570827305316925,,,,,
sgf,0,680,"Snow rocky mountains peaks canyon. snow blanketed rocky mountains surround and shadow deep canyons. the canyons twist and bend through the high elevated mountain peaks, with an intense shaking effect",,,,,,,,,,,,,,,0.2669977496067683,,,,,
sgf,0,681,"Snow rocky mountains peaks canyon. snow blanketed rocky mountains surround and shadow deep canyons. the canyons twist and bend through the high elevated mountain peaks, featuring a steady and smooth perspective",,,,,,,,,,,,,,,0.23555075377225876,,,,,
sgf,0,682,"Snow rocky mountains peaks canyon. snow blanketed rocky mountains surround and shadow deep canyons. the canyons twist and bend through the high elevated mountain peaks, racking focus",,,,,,,,,,,,,,,0.22798223793506622,,,,,
sgf,0,683,Close up of grapes on a rotating table.,,,,,0.5081543525060018,0.7487931819756827,,,,,,,,,,0.17771604905525842,,,,
sgf,0,684,Turtle swimming in ocean.,,,,,0.6731152733167013,0.7485643548170725,,,,,,,,,,0.24437510470549265,,,,
sgf,0,685,A storm trooper vacuuming the beach.,,,,,0.7377236684163412,0.7473635816574097,,,,,,,,,,0.2669583857059479,,,,
sgf,0,686,A panda standing on a surfboard in the ocean in sunset.,,,,,0.6727535128593445,0.7225570941766103,,,,,,,,,,0.3415667812029521,,,,
sgf,0,687,"An astronaut feeding ducks on a sunny afternoon, reflection from the water.",,,,,0.7169845104217529,0.789398296991984,,,,,,,,,,0.29665374259154004,,,,
sgf,0,688,Two pandas discussing an academic paper.,,,,,0.6101411680380503,0.778283192396164,,,,,,,,,,0.23110063622395197,,,,
sgf,0,689,Sunset time lapse at the beach with moving clouds and colors in the sky.,,,,,0.7548062403996786,0.6655717933177948,,,,,,,,,,0.18437329679727554,,,,
sgf,0,690,A fat rabbit wearing a purple robe walking through a fantasy landscape.,,,,,0.8072453141212463,0.7894033041000367,,,,,,,,,,0.28422483305136365,,,,
sgf,0,691,A koala bear playing piano in the forest.,,,,,0.6743576029936472,0.7330140642325084,,,,,,,,,,0.2818125933408737,,,,
sgf,0,692,An astronaut flying in space.,,,,,0.6741930544376373,0.709460541009903,,,,,,,,,,0.1764623299241066,,,,
sgf,0,693,Fireworks.,,,,,0.7485701441764832,0.4689855191707611,,,,,,,,,,0.1976941004395485,,,,
sgf,0,694,An animated painting of fluffy white clouds moving in sky.,,,,,0.5644326706727346,0.6019095238844553,,,,,,,,,,0.2924769918123881,,,,
sgf,0,695,Flying through fantasy landscapes.,,,,,0.6874552369117737,0.6462589573860168,,,,,,,,,,0.17038594434658685,,,,
sgf,0,696,A bigfoot walking in the snowstorm.,,,,,0.651170531908671,0.6948676204284032,,,,,,,,,,0.22030150393644968,,,,
sgf,0,697,A squirrel eating a burger.,,,,,0.7532162765661875,0.7511084943612416,,,,,,,,,,0.32412678996721905,,,,
sgf,0,698,A cat wearing sunglasses and working as a lifeguard at a pool.,,,,,0.6733046273390452,0.7406121313571928,,,,,,,,,,0.29535724719365436,,,,
sgf,0,699,Snow rocky mountains peaks canyon. snow blanketed rocky mountains surround and shadow deep canyons. the canyons twist and bend through the high elevated mountain peaks.,,,,,0.6201432049274445,0.7618870028654734,,,,,,,,,,0.2113443985581398,,,,
sgf,0,700,"Splash of turquoise water in extreme slow motion, alpha channel included.",,,,,0.6396355926990509,0.6970301859378815,,,,,,,,,,0.19566607723633447,,,,
sgf,0,701,an ice cream is melting on the table.,,,,,0.6084257264931997,0.757461923042933,,,,,,,,,,0.24742945532004038,,,,
sgf,0,702,a drone flying over a snowy forest.,,,,,0.7081140081087748,0.7370544143517813,,,,,,,,,,0.2149891903003057,,,,
sgf,0,703,a shark is swimming in the ocean.,,,,,0.6416933437188467,0.7290737185875574,,,,,,,,,,0.21011306097110113,,,,
sgf,0,704,Aerial panoramic video from a drone of a fantasy land.,,,,,0.6239777008692423,0.7709158760706584,,,,,,,,,,0.1849226877093315,,,,
sgf,0,705,a teddy bear is swimming in the ocean.,,,,,0.784645289182663,0.7845105016231537,,,,,,,,,,0.28768929342428845,,,,
sgf,0,706,time lapse of sunrise on mars.,,,,,0.5956938962141672,0.5856773025194804,,,,,,,,,,0.21083932866652808,,,,
sgf,0,707,golden fish swimming in the ocean.,,,,,0.6833486358324686,0.7541998783747355,,,,,,,,,,0.2569582040111224,,,,
sgf,0,708,An artist brush painting on a canvas close up.,,,,,0.349895437558492,0.7603157838980357,,,,,,,,,,0.26121266682942706,,,,
sgf,0,709,"A drone view of celebration with Christmas tree and fireworks, starry sky - background.",,,,,0.7892652650674185,0.6258162308931351,,,,,,,,,,0.2104644700884819,,,,
sgf,0,710,"happy dog wearing a yellow turtleneck, studio, portrait, facing camera, dark background",,,,,0.5066661586364111,0.6606468069950739,,,,,,,,,,0.3094366292158763,,,,
sgf,0,711,"Origami dancers in white paper, 3D render, on white background, studio shot, dancing modern dance.",,,,,0.6100253363450369,0.6758154581785202,,,,,,,,,,0.29937173426151276,,,,
sgf,0,712,Campfire at night in a snowy forest with starry sky in the background.,,,,,0.6891756653785706,0.6083946089347203,,,,,,,,,,0.2759292225042979,,,,
sgf,0,713,a fantasy landscape,,,,,0.7585035860538483,0.7481509236494701,,,,,,,,,,0.2241550808151563,,,,
sgf,0,714,A 3D model of a 1800s victorian house.,,,,,0.5869926412900289,0.7906415329774221,,,,,,,,,,0.20700315137704214,,,,
sgf,0,715,this is how I do makeup in the morning.,,,,,0.5671388308207194,0.791193303902944,,,,,,,,,,0.20718594392140707,,,,
sgf,0,716,"A raccoon that looks like a turtle, digital art.",,,,,0.6485946973164877,0.745243413289388,,,,,,,,,,0.15238272647062936,,,,
sgf,0,717,Robot dancing in Times Square.,,,,,0.8317773838837942,0.7335172603925068,,,,,,,,,,0.26134057839711505,,,,
sgf,0,718,Busy freeway at night.,,,,,0.6404410203297933,0.5951908466418584,,,,,,,,,,0.24147111177444458,,,,
sgf,0,719,Balloon full of water exploding in extreme slow motion.,,,,,0.5204176406065623,0.6406053802569708,,,,,,,,,,0.24552580962578455,,,,
sgf,0,720,An astronaut is riding a horse in the space in a photorealistic style.,,,,,0.6809981962045034,0.7008667707840601,,,,,,,,,,0.30189364155133563,,,,
sgf,0,721,Macro slo-mo. Slow motion cropped closeup of roasted coffee beans falling into an empty bowl.,,,,,0.63482732574145,0.6986800626118977,,,,,,,,,,0.2556505004564921,,,,
sgf,0,722,"Sewing machine, old sewing machine working.",,,,,0.7845582763353983,0.7198840865294138,,,,,,,,,,0.19418172538280487,,,,
sgf,0,723,"Motion colour drop in water, ink swirling in water, colourful ink in water, abstraction fancy dream cloud of ink.",,,,,0.6272584696610769,0.720264848391215,,,,,,,,,,0.2659474064906438,,,,
sgf,0,724,Few big purple plums rotating on the turntable. water drops appear on the skin during rotation. isolated on the white background. close-up. macro.,,,,,0.5894069770971934,0.6422325276931127,,,,,,,,,,0.287078191836675,,,,
sgf,0,725,"Vampire makeup face of beautiful girl, red contact lenses.",,,,,0.6373244722684225,0.7202684557437898,,,,,,,,,,0.20526565611362457,,,,
sgf,0,726,"Ashtray full of butts on table, smoke flowing on black background, close-up",,,,,0.5932292342185974,0.7397897850275039,,,,,,,,,,0.2940387924512227,,,,
sgf,0,727,"Pacific coast, carmel by the sea ocean and waves.",,,,,0.7115287085374197,0.7517017317612966,,,,,,,,,,0.12123548239469528,,,,
sgf,0,728,A teddy bear is playing drum kit in NYC Times Square.,,,,,0.8068590958913168,0.7259843802452087,,,,,,,,,,0.3516245832045873,,,,
sgf,0,729,A corgi is playing drum kit.,,,,,0.6527702212333679,0.6896894705692928,,,,,,,,,,0.31105539699395496,,,,
sgf,0,730,"An Iron man is playing the electronic guitar, high electronic guitar.",,,,,0.7531493604183197,0.7399708747069039,,,,,,,,,,0.29649352033933,,,,
sgf,0,731,A raccoon is playing the electronic guitar.,,,,,0.7260397374629974,0.7215218543608982,,,,,,,,,,0.3344872494538625,,,,
sgf,0,732,A boat sailing leisurely along the Seine River with the Eiffel Tower in background by Vincent van Gogh,,,,,0.7171032230059305,0.7742947502930959,,,,,,,,,,0.15232115238904953,,,,
sgf,0,733,A corgi's head depicted as an explosion of a nebula,,,,,0.6954944233099619,0.6559756834109624,,,,,,,,,,0.3310599277416865,,,,
sgf,0,734,A fantasy landscape,,,,,0.7690088351567587,0.7114095632632572,,,,,,,,,,0.23694089551766714,,,,
sgf,0,735,A future where humans have achieved teleportation technology,,,,,0.7509777347246805,0.7086201226711273,,,,,,,,,,0.1916444351275762,,,,
sgf,0,736,"A jellyfish floating through the ocean, with bioluminescent tentacles",,,,,0.6564708948135376,0.7354871884187063,,,,,,,,,,0.26356905202070874,,,,
sgf,0,737,A Mars rover moving on Mars,,,,,0.6371757388114929,0.7652657880783081,,,,,,,,,,0.24784215042988458,,,,
sgf,0,738,A panda drinking coffee in a cafe in Paris,,,,,0.7653491894404093,0.7632648065884907,,,,,,,,,,0.33652277787526447,,,,
sgf,0,739,"A space shuttle launching into orbit, with flames and smoke billowing out from the engines",,,,,0.674228698015213,0.6218407771190008,,,,,,,,,,0.24634799857934317,,,,
sgf,0,740,A steam train moving on a mountainside,,,,,0.5855403443177541,0.6776395478248597,,,,,,,,,,0.24340019126733145,,,,
sgf,0,741,A super cool giant robot in Cyberpunk Beijing,,,,,0.7849750419457754,0.7092038698593774,,,,,,,,,,0.22112387170394263,,,,
sgf,0,742,"A tropical beach at sunrise, with palm trees and crystal-clear water in the foreground",,,,,0.7761113742987314,0.7190226044257481,,,,,,,,,,0.27997054159641266,,,,
sgf,0,743,"Cinematic shot of Van Gogh's selfie, Van Gogh style",,,,,0.5559348364671072,0.7158503460884095,,,,,,,,,,0.15068903068701425,,,,
sgf,0,744,Gwen Stacy reading a book,,,,,0.6332966188589731,0.7339992047150931,,,,,,,,,,0.20616252223650613,,,,
sgf,0,745,Iron Man flying in the sky,,,,,0.6285660862922668,0.7693444990317028,,,,,,,,,,0.3240330268939336,,,,
sgf,0,746,"The bund Shanghai, oil painting",,,,,0.6294653117656708,0.8008789807955425,,,,,,,,,,0.17942709724108377,,,,
sgf,0,747,Yoda playing guitar on the stage,,,,,0.7698024014631907,0.7514063208897909,,,,,,,,,,0.3065012643734614,,,,
sgf,0,748,"A beautiful coastal beach in spring, waves lapping on sand by Hokusai, in the style of Ukiyo",,,,,0.7745437920093536,0.7846684962113698,,,,,,,,,,0.24656350165605545,,,,
sgf,0,749,"A beautiful coastal beach in spring, waves lapping on sand by Vincent van Gogh",,,,,0.7518216470877329,0.7463572908242545,,,,,,,,,,0.07100402067104976,,,,
sgf,0,750,A boat sailing leisurely along the Seine River with the Eiffel Tower in background,,,,,0.7381831010182699,0.7310110655625661,,,,,,,,,,0.13526755074659982,,,,
sgf,0,751,"A car moving slowly on an empty street, rainy evening",,,,,0.6904677947362264,0.6568295600016912,,,,,,,,,,0.1660269945859909,,,,
sgf,0,752,A cat eating food out of a bowl,,,,,0.6250630219777426,0.6318319509426753,,,,,,,,,,0.2026898910601934,,,,
sgf,0,753,A cat wearing sunglasses at a pool,,,,,0.6594833532969157,0.7141694428126016,,,,,,,,,,0.27821017305056256,,,,
sgf,0,754,A confused panda in calculus class,,,,,0.6182501117388407,0.7881693961620332,,,,,,,,,,0.25965837637583417,,,,
sgf,0,755,A cute fluffy panda eating Chinese food in a restaurant,,,,,0.7172475854555765,0.7857121648788451,,,,,,,,,,0.2865818689266841,,,,
sgf,0,756,"A cute happy Corgi playing in park, sunset",,,,,0.7040405571460724,0.683819146434466,,,,,,,,,,0.2769165188074112,,,,
sgf,0,757,A cute raccoon playing guitar in a boat on the ocean,,,,,0.7064522604147593,0.7221818767388662,,,,,,,,,,0.36102696259816486,,,,
sgf,0,758,"A happy fuzzy panda playing guitar nearby a campfire, snow mountain in the background",,,,,0.6593880355358124,0.6959073640505472,,,,,,,,,,0.3652357558409373,,,,
sgf,0,759,"A lightning striking atop of eiffel tower, dark clouds in the sky",,,,,0.6121249695618948,0.7549702348709105,,,,,,,,,,0.32067009806632996,,,,
sgf,0,760,"A modern art museum, with colorful paintings",,,,,0.5181292941172918,0.7392484083970388,,,,,,,,,,0.22837834805250168,,,,
sgf,0,761,A panda cooking in the kitchen,,,,,0.6809399425983429,0.7879454124768576,,,,,,,,,,0.30762578050295514,,,,
sgf,0,762,A panda playing on a swing set,,,,,0.6407934526602427,0.7670468354225158,,,,,,,,,,0.2571745614210765,,,,
sgf,0,763,A polar bear is playing guitar,,,,,0.6864487826824188,0.7742198572158813,,,,,,,,,,0.2996988346179326,,,,
sgf,0,764,"A raccoon dressed in suit playing the trumpet, stage background",,,,,0.75355597337087,0.6867782656351725,,,,,,,,,,0.33781665066878,,,,
sgf,0,765,"A robot DJ is playing the turntable, in heavy raining futuristic tokyo rooftop cyberpunk night, sci-fi, fantasy",,,,,0.8054986298084259,0.6799770297606785,,,,,,,,,,0.30686775346597034,,,,
sgf,0,766,A shark swimming in clear Caribbean ocean,,,,,0.6753614842891693,0.7060275178750356,,,,,,,,,,0.20431302984555563,,,,
sgf,0,767,A super robot protecting city,,,,,0.6745688219865164,0.7286378277142841,,,,,,,,,,0.2634129027525584,,,,
sgf,0,768,A teddy bear washing the dishes,,,,,0.7767042915026346,0.775575902779897,,,,,,,,,,0.22745353976885477,,,,
sgf,0,769,"An epic tornado attacking above a glowing city at night, the tornado is made of smoke",,,,,0.5999083518981934,0.5052408819993337,,,,,,,,,,0.23794679592053095,,,,
sgf,0,770,An oil painting of a couple in formal evening wear going home get caught in a heavy downpour with umbrellas,,,,,0.6538399954636892,0.6710742981831231,,,,,,,,,,0.25274040301640827,,,,
sgf,0,771,Clown fish swimming through the coral reef,,,,,0.6269223292668661,0.782900935014089,,,,,,,,,,0.2523196041584015,,,,
sgf,0,772,Hyper-realistic spaceship landing on Mars,,,,,0.5288740595181783,0.775044426282247,,,,,,,,,,0.22528627018133798,,,,
sgf,0,773,"The bund Shanghai, vibrant color",,,,,0.6974062522252401,0.7631177019278207,,,,,,,,,,0.25161444147427875,,,,
sgf,0,774,Vincent van Gogh is painting in the room,,,,,0.5616075793902079,0.6864154456456503,,,,,,,,,,0.22917215526103973,,,,
sgf,0,775,Yellow flowers swing in the wind,,,,,0.6841753025849661,0.7896121477286021,,,,,,,,,,0.21247052401304245,,,,
sgf,0,776,alley,,0.967220408895954,,,,,,,,,,,1.0,,,,,,0.9613068611391128,0.9188510292562945
sgf,0,777,amusement park,,0.9605308140548267,,,,,,,,,,,0.5041666666666667,,,,,,0.9490307879704303,0.904414923026644
sgf,0,778,aquarium,,0.975432467185943,,,,,,,,,,,0.8625,,,,,,0.9712273710517472,0.9669491134840866
sgf,0,779,arch,,0.9696008307896694,,,,,,,,,,,0.4395833333333333,,,,,,0.9687531502016129,0.8884993688813572
sgf,0,780,art gallery,,0.9599674055592452,,,,,,,,,,,0.15208333333333332,,,,,,0.9503045194892472,0.8759828035173745
sgf,0,781,bathroom,,0.963422485630678,,,,,,,,,,,1.0,,,,,,0.956766633064516,0.8818767194090218
sgf,0,782,bakery shop,,0.9559269958689669,,,,,,,,,,,0.0,,,,,,0.9466584236391128,0.8252951585013291
sgf,0,783,ballroom,,0.9597966752044552,,,,,,,,,,,0.26875,,,,,,0.9484991914482527,0.8947417962140051
sgf,0,784,bar,,0.9709988272452764,,,,,,,,,,,1.0,,,,,,0.9685707010248659,0.9221093171629412
sgf,0,785,barn,,0.9584111808845379,,,,,,,,,,,0.45625,,,,,,0.9486905661962365,0.8608837045472244
sgf,0,786,basement,,0.9678630878978242,,,,,,,,,,,0.0,,,,,,0.9652152112735215,0.8896166980266571
sgf,0,787,beach,,0.9681052223096902,,,,,,,,,,,1.0,,,,,,0.9632584110383065,0.9165710323843462
sgf,0,788,bedroom,,0.968107395021639,,,,,,,,,,,0.8041666666666667,,,,,,0.9659961987567203,0.8843859423851145
sgf,0,789,bridge,,0.96139541126136,,,,,,,,,,,1.0,,,,,,0.9564728767641129,0.8406905562713228
sgf,0,790,botanical garden,,0.9765801054154281,,,,,,,,,,,0.0,,,,,,0.9736973916330645,0.9657851313722545
sgf,0,791,cafeteria,,0.9637943800300024,,,,,,,,,,,0.0,,,,,,0.9588210895497312,0.8667542184221333
sgf,0,792,campsite,,0.9791813824556896,,,,,,,,,,,0.0,,,,,,0.9834107757896506,0.9371589751079165
sgf,0,793,campus,,0.9640589021010991,,,,,,,,,,,0.0,,,,,,0.9575875231014787,0.8899622847293985
sgf,0,794,carrousel,,0.9734777638566607,,,,,,,,,,,0.0,,,,,,0.9706805485551074,0.9471305845112636
sgf,0,795,castle,,0.9625127832930173,,,,,,,,,,,0.79375,,,,,,0.9589158581149192,0.8380769116097483
sgf,0,796,cemetery,,0.9691460783161641,,,,,,,,,,,0.8604166666666667,,,,,,0.9661563340053763,0.9058922673093861
sgf,0,797,classroom,,0.9769225817033063,,,,,,,,,,,0.9333333333333333,,,,,,0.9740675403225806,0.9678820607991054
sgf,0,798,cliff,,0.964863821865221,,,,,,,,,,,0.39375,,,,,,0.9579702725974463,0.9005665871603735
sgf,0,799,crosswalk,,0.9493880612271185,,,,,,,,,,,0.9604166666666667,,,,,,0.9358511319724463,0.7836802149641102
sgf,0,800,construction site,,0.9720408744073427,,,,,,,,,,,1.0,,,,,,0.9687920026881721,0.9402203714025432
sgf,0,801,corridor,,0.9713928674553824,,,,,,,,,,,0.00625,,,,,,0.969764889952957,0.9174334283532768
sgf,0,802,courtyard,,0.974966096737689,,,,,,,,,,,0.10625,,,,,,0.9781604397681452,0.9007689829530388
sgf,0,803,desert,,0.9722243648716602,,,,,,,,,,,0.9875,,,,,,0.9714247836861559,0.9174722936646692
sgf,0,804,downtown,,0.9525927768434793,,,,,,,,,,,0.0,,,,,,0.9388648248487903,0.8407276827713539
sgf,0,805,driveway,,0.9645332535511398,,,,,,,,,,,0.0,,,,,,0.9567829091061828,0.9079718055396244
sgf,0,806,farm,,0.9742475924378992,,,,,,,,,,,0.28541666666666665,,,,,,0.9736034106182796,0.9366005319973518
sgf,0,807,food court,,0.9706713389102181,,,,,,,,,,,0.21458333333333332,,,,,,0.9632232337869623,0.9575140383736841
sgf,0,808,football field,,0.9599728733802304,,,,,,,,,,,0.04583333333333333,,,,,,0.949781060987903,0.8834215361496498
sgf,0,809,forest road,,0.9650738755118307,,,,,,,,,,,0.0,,,,,,0.960699659778226,0.8738497988931064
sgf,0,810,fountain,,0.9752167785327772,,,,,,,,,,,1.0,,,,,,0.9757161458333333,0.9349834590122618
sgf,0,811,gas station,,0.9562591675061451,,,,,,,,,,,0.7270833333333333,,,,,,0.9474136844758063,0.8236305168990431
sgf,0,812,glacier,,0.9797353336413579,,,,,,,,,,,1.0,,,,,,0.9835984753024193,0.9443055216608376
sgf,0,813,golf course,,0.9722639263574228,,,,,,,,,,,1.0,,,,,,0.9707887054771505,0.9253803173015858
sgf,0,814,indoor gymnasium,,0.960599146086081,,,,,,,,,,,0.0,,,,,,0.948566658266129,0.9125555424854673
sgf,0,815,harbor,,0.9733703258448916,,,,,,,,,,,0.0125,,,,,,0.9698520455309139,0.951070636510849
sgf,0,816,highway,,0.9637022432113399,,,,,,,,,,,0.70625,,,,,,0.9548612861223119,0.9114472259735239
sgf,0,817,hospital,,0.95730125735589,,,,,,,,,,,0.6291666666666667,,,,,,0.9455629410282257,0.8692644783135118
sgf,0,818,house,,0.9711189223307948,,,,,,,,,,,0.46458333333333335,,,,,,0.9702137936827958,0.904319383974733
sgf,0,819,iceberg,,0.9669141390219868,,,,,,,,,,,0.03125,,,,,,0.9610398815524194,0.9145202092055617
sgf,0,820,industrial area,,0.9626738558598362,,,,,,,,,,,0.0,,,,,,0.9549172022009408,0.8881773034046436
sgf,0,821,jail cell,,0.9660724637878456,,,,,,,,,,,0.2375,,,,,,0.9597236223118281,0.9099096625015654
sgf,0,822,junkyard,,0.962345940976497,,,,,,,,,,,0.2125,,,,,,0.9583162697412636,0.841459831287121
sgf,0,823,kitchen,,0.9711301508325626,,,,,,,,,,,1.0,,,,,,0.9715337281586023,0.8916390743748895
sgf,0,824,indoor library,,0.9698794843564615,,,,,,,,,,,0.0,,,,,,0.968240454889113,0.8983236982904631
sgf,0,825,lighthouse,,0.9750237295073475,,,,,,,,,,,0.925,,,,,,0.9721448672715053,0.95637882269662
sgf,0,826,laboratory,,0.9751014939078554,,,,,,,,,,,0.4125,,,,,,0.9744164251512097,0.9437049360110842
sgf,0,827,mansion,,0.9736274842633571,,,,,,,,,,,0.125,,,,,,0.9747227822580643,0.9113091898375544
sgf,0,828,marsh,,0.9789850397131734,,,,,,,,,,,0.0,,,,,,0.9805590557795699,0.9538054774547445
sgf,0,829,mountain,,0.9792413975823527,,,,,,,,,,,1.0,,,,,,0.9810155724966397,0.9540996777600256
sgf,0,830,indoor movie theater,,0.9674972958186665,,,,,,,,,,,0.0,,,,,,0.9638527490759408,0.8951442847991812
sgf,0,831,indoor museum,,0.9636960945346938,,,,,,,,,,,0.0,,,,,,0.9550033077116936,0.9094533838074783
sgf,0,832,music studio,,0.9694229883168616,,,,,,,,,,,0.0,,,,,,0.9636884135584679,0.9390655036630302
sgf,0,833,nursery,,0.9815906143775006,,,,,,,,,,,0.4583333333333333,,,,,,0.9808339108702958,0.9811924593201999
sgf,0,834,ocean,,0.9700745122009373,,,,,,,,,,,0.9125,,,,,,0.9662705288138442,0.9268403351306915
sgf,0,835,office,,0.9841666733630797,,,,,,,,,,,0.99375,,,,,,0.9876286332325269,0.973438788076927
sgf,0,836,palace,,0.9777789982114415,,,,,,,,,,,0.925,,,,,,0.9802374726982526,0.9404362388725939
sgf,0,837,parking lot,,0.968965818187231,,,,,,,,,,,0.9875,,,,,,0.9637816070228493,0.9296853213474668
sgf,0,838,pharmacy,,0.9654076380934474,,,,,,,,,,,0.9520833333333333,,,,,,0.9578915175571237,0.9162166694114948
sgf,0,839,phone booth,,0.9663644375615904,,,,,,,,,,,0.9208333333333333,,,,,,0.9584585538474463,0.9308370690921257
sgf,0,840,raceway,,0.963568173643118,,,,,,,,,,,0.0,,,,,,0.95689211609543,0.8848446576759733
sgf,0,841,restaurant,,0.9694368709908537,,,,,,,,,,,0.79375,,,,,,0.9627609417002689,0.9459930966640341
sgf,0,842,river,,0.9603762692495188,,,,,,,,,,,0.8,,,,,,0.9534791351646507,0.8525248334325594
sgf,0,843,science museum,,0.9579464021492771,,,,,,,,,,,0.0,,,,,,0.9459031628024195,0.8802898752278295
sgf,0,844,shower,,0.9617094030284147,,,,,,,,,,,0.99375,,,,,,0.9523214360719086,0.8947688998847172
sgf,0,845,ski slope,,0.9689636598901564,,,,,,,,,,,0.14583333333333334,,,,,,0.9639677314348117,0.9276899818716378
sgf,0,846,sky,,0.9686781601544062,,,,,,,,,,,1.0,,,,,,0.9675993888608869,0.8774653652618671
sgf,0,847,skyscraper,,0.963436415084,,,,,,,,,,,0.0,,,,,,0.9601720010080644,0.8457982509300627
sgf,0,848,baseball stadium,,0.9465233172192027,,,,,,,,,,,0.23333333333333334,,,,,,0.9294806367607528,0.7899985724482043
sgf,0,849,staircase,,0.9729187750664359,,,,,,,,,,,0.7416666666666667,,,,,,0.9713179393481182,0.9331490233026701
sgf,0,850,street,,0.9516899581923426,,,,,,,,,,,0.8125,,,,,,0.9387285786290324,0.811618802876308
sgf,0,851,supermarket,,0.951842163978512,,,,,,,,,,,0.32083333333333336,,,,,,0.932927744875672,0.8918923797278568
sgf,0,852,indoor swimming pool,,0.9518757757807512,,,,,,,,,,,0.9416666666666667,,,,,,0.9341366347446237,0.8758028118774809
sgf,0,853,tower,,0.9694011958858594,,,,,,,,,,,0.21041666666666667,,,,,,0.9660767914146506,0.9137332007802766
sgf,0,854,outdoor track,,0.9557606176002462,,,,,,,,,,,0.0,,,,,,0.948210948000672,0.7874780543919268
sgf,0,855,train railway,,0.9626269727199385,,,,,,,,,,,0.0,,,,,,0.9625840053763443,0.7811662030631098
sgf,0,856,train station platform,,0.9508881820679363,,,,,,,,,,,0.6625,,,,,,0.9334136634744623,0.8630154626122837
sgf,0,857,underwater coral reef,,0.9657661938517125,,,,,,,,,,,0.041666666666666664,,,,,,0.9664241011424732,0.8236970901489258
sgf,0,858,valley,,0.9773900952535666,,,,,,,,,,,0.0,,,,,,0.9806908392137097,0.929049568957296
sgf,0,859,volcano,,0.9656258518792897,,,,,,,,,,,1.0,,,,,,0.9583517095094085,0.9159188363058813
sgf,0,860,waterfall,,0.9731967759702435,,,,,,,,,,,1.0,,,,,,0.9709866431451614,0.9410421252250671
sgf,0,861,windmill,,0.9716979300686059,,,,,,,,,,,0.9541666666666667,,,,,,0.97109375,0.908232313805613
sgf,0,862,"a bicycle on the left of a car, front view",,,,,,,,,,,,1.0,,,,,,,,
sgf,0,863,"a car on the right of a motorcycle, front view",,,,,,,,,,,,0.9990967548076923,,,,,,,,
sgf,0,864,"a motorcycle on the left of a bus, front view",,,,,,,,,,,,0.8665818100114516,,,,,,,,
sgf,0,865,"a bus on the right of a traffic light, front view",,,,,,,,,,,,0.40727716458144536,,,,,,,,
sgf,0,866,"a traffic light on the left of a fire hydrant, front view",,,,,,,,,,,,0.954448173887376,,,,,,,,
sgf,0,867,"a fire hydrant on the right of a stop sign, front view",,,,,,,,,,,,0.8770833333333333,,,,,,,,
sgf,0,868,"a stop sign on the left of a parking meter, front view",,,,,,,,,,,,0.5629067624687742,,,,,,,,
sgf,0,869,"a parking meter on the right of a bench, front view",,,,,,,,,,,,0.7003934197508627,,,,,,,,
sgf,0,870,"a bench on the left of a truck, front view",,,,,,,,,,,,0.16617711134331667,,,,,,,,
sgf,0,871,"a truck on the right of a bicycle, front view",,,,,,,,,,,,0.7049651940237225,,,,,,,,
sgf,0,872,"a bird on the left of a cat, front view",,,,,,,,,,,,1.0,,,,,,,,
sgf,0,873,"a cat on the right of a dog, front view",,,,,,,,,,,,1.0,,,,,,,,
sgf,0,874,"a dog on the left of a horse, front view",,,,,,,,,,,,1.0,,,,,,,,
sgf,0,875,"a horse on the right of a sheep, front view",,,,,,,,,,,,0.9955199858582534,,,,,,,,
sgf,0,876,"a sheep on the left of a cow, front view",,,,,,,,,,,,0.9558247878824608,,,,,,,,
sgf,0,877,"a cow on the right of an elephant, front view",,,,,,,,,,,,1.0,,,,,,,,
sgf,0,878,"an elephant on the left of a bear, front view",,,,,,,,,,,,1.0,,,,,,,,
sgf,0,879,"a bear on the right of a zebra, front view",,,,,,,,,,,,0.9888403153075626,,,,,,,,
sgf,0,880,"a zebra on the left of a giraffe, front view",,,,,,,,,,,,1.0,,,,,,,,
sgf,0,881,"a giraffe on the right of a bird, front view",,,,,,,,,,,,1.0,,,,,,,,
sgf,0,882,"a bottle on the left of a wine glass, front view",,,,,,,,,,,,1.0,,,,,,,,
sgf,0,883,"a wine glass on the right of a cup, front view",,,,,,,,,,,,0.9854166666666667,,,,,,,,
sgf,0,884,"a cup on the left of a fork, front view",,,,,,,,,,,,0.9746563952375468,,,,,,,,
sgf,0,885,"a fork on the right of a knife, front view",,,,,,,,,,,,0.9928373933727034,,,,,,,,
sgf,0,886,"a knife on the left of a spoon, front view",,,,,,,,,,,,0.9333333333333333,,,,,,,,
sgf,0,887,"a spoon on the right of a bowl, front view",,,,,,,,,,,,1.0,,,,,,,,
sgf,0,888,"a bowl on the left of a bottle, front view",,,,,,,,,,,,0.33956764431797476,,,,,,,,
sgf,0,889,"a potted plant on the left of a remote, front view",,,,,,,,,,,,0.9243252942796604,,,,,,,,
sgf,0,890,"a remote on the right of a clock, front view",,,,,,,,,,,,1.0,,,,,,,,
sgf,0,891,"a clock on the left of a vase, front view",,,,,,,,,,,,1.0,,,,,,,,
sgf,0,892,"a vase on the right of scissors, front view",,,,,,,,,,,,0.923381834307977,,,,,,,,
sgf,0,893,"scissors on the left of a teddy bear, front view",,,,,,,,,,,,1.0,,,,,,,,
sgf,0,894,"a teddy bear on the right of a potted plant, front view",,,,,,,,,,,,1.0,,,,,,,,
sgf,0,895,"a frisbee on the left of a sports ball, front view",,,,,,,,,,,,0.8406789339444048,,,,,,,,
sgf,0,896,"a sports ball on the right of a baseball bat, front view",,,,,,,,,,,,0.9833333333333333,,,,,,,,
sgf,0,897,"a baseball bat on the left of a baseball glove, front view",,,,,,,,,,,,0.8932162848674777,,,,,,,,
sgf,0,898,"a baseball glove on the right of a tennis racket, front view",,,,,,,,,,,,0.5133673483636813,,,,,,,,
sgf,0,899,"a tennis racket on the left of a frisbee, front view",,,,,,,,,,,,0.6639001618015924,,,,,,,,
sgf,0,900,"a toilet on the left of a hair drier, front view",,,,,,,,,,,,1.0,,,,,,,,
sgf,0,901,"a hair drier on the right of a toothbrush, front view",,,,,,,,,,,,1.0,,,,,,,,
sgf,0,902,"a toothbrush on the left of a sink, front view",,,,,,,,,,,,0.8982647329066292,,,,,,,,
sgf,0,903,"a sink on the right of a toilet, front view",,,,,,,,,,,,0.99375,,,,,,,,
sgf,0,904,"a chair on the left of a couch, front view",,,,,,,,,,,,0.9939226023818359,,,,,,,,
sgf,0,905,"a couch on the right of a bed, front view",,,,,,,,,,,,1.0,,,,,,,,
sgf,0,906,"a bed on the left of a tv, front view",,,,,,,,,,,,1.0,,,,,,,,
sgf,0,907,"a tv on the right of a dining table, front view",,,,,,,,,,,,1.0,,,,,,,,
sgf,0,908,"a dining table on the left of a chair, front view",,,,,,,,,,,,1.0,,,,,,,,
sgf,0,909,"an airplane on the left of a train, front view",,,,,,,,,,,,0.9976383680555556,,,,,,,,
sgf,0,910,"a train on the right of a boat, front view",,,,,,,,,,,,0.9645833333333333,,,,,,,,
sgf,0,911,"a boat on the left of an airplane, front view",,,,,,,,,,,,0.9913605551997141,,,,,,,,
sgf,0,912,"an oven on the top of a toaster, front view",,,,,,,,,,,,0.027378295064240523,,,,,,,,
sgf,0,913,"an oven on the bottom of a toaster, front view",,,,,,,,,,,,0.21612936456265894,,,,,,,,
sgf,0,914,"a toaster on the top of a microwave, front view",,,,,,,,,,,,0.28345046996806483,,,,,,,,
sgf,0,915,"a toaster on the bottom of a microwave, front view",,,,,,,,,,,,0.05773974614088531,,,,,,,,
sgf,0,916,"a microwave on the top of an oven, front view",,,,,,,,,,,,0.1756058019030866,,,,,,,,
sgf,0,917,"a microwave on the bottom of an oven, front view",,,,,,,,,,,,0.6371767041395938,,,,,,,,
sgf,0,918,"a banana on the top of an apple, front view",,,,,,,,,,,,0.43180331537314276,,,,,,,,
sgf,0,919,"a banana on the bottom of an apple, front view",,,,,,,,,,,,0.8200963381344565,,,,,,,,
sgf,0,920,"an apple on the top of a sandwich, front view",,,,,,,,,,,,0.7868830085431596,,,,,,,,
sgf,0,921,"an apple on the bottom of a sandwich, front view",,,,,,,,,,,,0.21824883671199352,,,,,,,,
sgf,0,922,"a sandwich on the top of an orange, front view",,,,,,,,,,,,0.5014788670503291,,,,,,,,
sgf,0,923,"a sandwich on the bottom of an orange, front view",,,,,,,,,,,,1.0,,,,,,,,
sgf,0,924,"an orange on the top of a carrot, front view",,,,,,,,,,,,1.0,,,,,,,,
sgf,0,925,"an orange on the bottom of a carrot, front view",,,,,,,,,,,,0.43684479320121994,,,,,,,,
sgf,0,926,"a carrot on the top of a hot dog, front view",,,,,,,,,,,,0.8557459293485699,,,,,,,,
sgf,0,927,"a carrot on the bottom of a hot dog, front view",,,,,,,,,,,,0.08338760920175395,,,,,,,,
sgf,0,928,"a hot dog on the top of a pizza, front view",,,,,,,,,,,,0.7699016949208751,,,,,,,,
sgf,0,929,"a hot dog on the bottom of a pizza, front view",,,,,,,,,,,,0.31998309147417614,,,,,,,,
sgf,0,930,"a pizza on the top of a donut, front view",,,,,,,,,,,,0.42421862025857654,,,,,,,,
sgf,0,931,"a pizza on the bottom of a donut, front view",,,,,,,,,,,,0.025037319998216834,,,,,,,,
sgf,0,932,"a donut on the top of broccoli, front view",,,,,,,,,,,,0.7550552543687267,,,,,,,,
sgf,0,933,"a donut on the bottom of broccoli, front view",,,,,,,,,,,,0.564376214069742,,,,,,,,
sgf,0,934,"broccoli on the top of a banana, front view",,,,,,,,,,,,0.9876855740379156,,,,,,,,
sgf,0,935,"broccoli on the bottom of a banana, front view",,,,,,,,,,,,0.6211497614947591,,,,,,,,
sgf,0,936,"skis on the top of a snowboard, front view",,,,,,,,,,,,0.6945367392359382,,,,,,,,
sgf,0,937,"skis on the bottom of a snowboard, front view",,,,,,,,,,,,0.8903831645494336,,,,,,,,
sgf,0,938,"a snowboard on the top of a kite, front view",,,,,,,,,,,,0.956870235451458,,,,,,,,
sgf,0,939,"a snowboard on the bottom of a kite, front view",,,,,,,,,,,,0.8662241523757713,,,,,,,,
sgf,0,940,"a kite on the top of a skateboard, front view",,,,,,,,,,,,0.9593810895184798,,,,,,,,
sgf,0,941,"a kite on the bottom of a skateboard, front view",,,,,,,,,,,,0.523481705513978,,,,,,,,
sgf,0,942,"a skateboard on the top of a surfboard, front view",,,,,,,,,,,,0.7326629406920099,,,,,,,,
sgf,0,943,"a skateboard on the bottom of a surfboard, front view",,,,,,,,,,,,0.5578925720213089,,,,,,,,
sgf,0,944,"a surfboard on the top of skis, front view",,,,,,,,,,,,0.8341160443261545,,,,,,,,
sgf,0,945,"a surfboard on the bottom of skis, front view",,,,,,,,,,,,0.08361232534345953,,,,,,,,
sgf+rule,0,0,"In a still frame, a stop sign",,,0.985546158809288,,,,,,,,,,,,,,,,,
sgf+rule,0,1,"a toilet, frozen in time",,,0.9932972989362829,,,,,,,,,,,,,,,,,
sgf+rule,0,2,"a laptop, frozen in time",,,0.9959104573960398,,,,,,,,,,,,,,,,,
sgf+rule,0,3,A tranquil tableau of alley,,,,,,,,,,,,,,,,,,,,
sgf+rule,0,4,A tranquil tableau of bar,,,0.9922737822813147,,,,,,,,,,,,,,,,,
sgf+rule,0,5,A tranquil tableau of barn,,,0.988816998986637,,,,,,,,,,,,,,,,,
sgf+rule,0,6,A tranquil tableau of bathroom,,,0.9932541442384906,,,,,,,,,,,,,,,,,
sgf+rule,0,7,A tranquil tableau of bedroom,,,0.9930471453012204,,,,,,,,,,,,,,,,,
sgf+rule,0,8,A tranquil tableau of cliff,,,0.983640225354363,,,,,,,,,,,,,,,,,
sgf+rule,0,9,"In a still frame, courtyard",,,0.9843985237794763,,,,,,,,,,,,,,,,,
sgf+rule,0,10,"In a still frame, gas station",,,0.9917607899273143,,,,,,,,,,,,,,,,,
sgf+rule,0,11,A tranquil tableau of house,,,0.9860514184540394,,,,,,,,,,,,,,,,,
sgf+rule,0,12,"indoor gymnasium, frozen in time",,,0.9949698587258656,,,,,,,,,,,,,,,,,
sgf+rule,0,13,A tranquil tableau of indoor library,,,0.9899168548396989,,,,,,,,,,,,,,,,,
sgf+rule,0,14,A tranquil tableau of kitchen,,,0.9887598789439481,,,,,,,,,,,,,,,,,
sgf+rule,0,15,A tranquil tableau of palace,,,0.9773572865654441,,,,,,,,,,,,,,,,,
sgf+rule,0,16,"In a still frame, parking lot",,,0.9914664176164889,,,,,,,,,,,,,,,,,
sgf+rule,0,17,"In a still frame, phone booth",,,,,,,,,,,,,,,,,,,,
sgf+rule,0,18,A tranquil tableau of restaurant,,,,,,,,,,,,,,,,,,,,
sgf+rule,0,19,A tranquil tableau of tower,,,0.9874654695099475,,,,,,,,,,,,,,,,,
sgf+rule,0,20,A tranquil tableau of a bowl,,,0.9908544728958529,,,,,,,,,,,,,,,,,
sgf+rule,0,21,A tranquil tableau of an apple,,,,,,,,,,,,,,,,,,,,
sgf+rule,0,22,A tranquil tableau of a bench,,,0.9876394933812758,,,,,,,,,,,,,,,,,
sgf+rule,0,23,A tranquil tableau of a bed,,,0.9931009786269243,,,,,,,,,,,,,,,,,
sgf+rule,0,24,A tranquil tableau of a chair,,,0.9890781943003338,,,,,,,,,,,,,,,,,
sgf+rule,0,25,A tranquil tableau of a cup,,,,,,,,,,,,,,,,,,,,
sgf+rule,0,26,A tranquil tableau of a dining table,,,,,,,,,,,,,,,,,,,,
sgf+rule,0,27,"In a still frame, a pear",,,0.9947463101499221,,,,,,,,,,,,,,,,,
sgf+rule,0,28,A tranquil tableau of a bunch of grapes,,,0.9908072031245512,,,,,,,,,,,,,,,,,
sgf+rule,0,29,A tranquil tableau of a bowl on the kitchen counter,,,0.988378834069944,,,,,,,,,,,,,,,,,
sgf+rule,0,30,"A tranquil tableau of a beautiful, handcrafted ceramic bowl",,,0.9942653075386495,,,,,,,,,,,,,,,,,
sgf+rule,0,31,A tranquil tableau of an antique bowl,,,0.9921038465873867,,,,,,,,,,,,,,,,,
sgf+rule,0,32,A tranquil tableau of an exquisite mahogany dining table,,,0.9935349125955618,,,,,,,,,,,,,,,,,
sgf+rule,0,33,A tranquil tableau of a wooden bench in the park,,,0.9853808711556827,,,,,,,,,,,,,,,,,
sgf+rule,0,34,A tranquil tableau of a beautiful wrought-iron bench surrounded by blooming flowers,,,0.9820789742937276,,,,,,,,,,,,,,,,,
sgf+rule,0,35,"In a still frame, a park bench with a view of the lake",,,0.9882424508824069,,,,,,,,,,,,,,,,,
sgf+rule,0,36,A tranquil tableau of a vintage rocking chair was placed on the porch,,,0.9809625971551036,,,,,,,,,,,,,,,,,
sgf+rule,0,37,"A tranquil tableau of the jail cell was small and dimly lit, with cold, steel bars",,,0.9907980025983324,,,,,,,,,,,,,,,,,
sgf+rule,0,38,A tranquil tableau of the phone booth was tucked away in a quiet alley,,,0.9906180849262312,,,,,,,,,,,,,,,,,
sgf+rule,0,39,"a dilapidated phone booth stood as a relic of a bygone era on the sidewalk, frozen in time",,,0.9917443979487699,,,,,,,,,,,,,,,,,
sgf+rule,0,40,A tranquil tableau of the old red barn stood weathered and iconic against the backdrop of the countryside,,,0.9824340270547307,,,,,,,,,,,,,,,,,
sgf+rule,0,41,A tranquil tableau of a picturesque barn was painted a warm shade of red and nestled in a picturesque meadow,,,0.9768337654911615,,,,,,,,,,,,,,,,,
sgf+rule,0,42,"In a still frame, within the desolate desert, an oasis unfolded, characterized by the stoic presence of palm trees and a motionless, glassy pool of water",,,,,,,,,,,,,,,,,,,,
sgf+rule,0,43,"In a still frame, the Parthenon's majestic Doric columns stand in serene solitude atop the Acropolis, framed by the tranquil Athenian landscape",,,0.9871200733558805,,,,,,,,,,,,,,,,,
sgf+rule,0,44,"In a still frame, the Temple of Hephaestus, with its timeless Doric grace, stands stoically against the backdrop of a quiet Athens",,,0.9907971865523095,,,,,,,,,,,,,,,,,
sgf+rule,0,45,"In a still frame, the ornate Victorian streetlamp stands solemnly, adorned with intricate ironwork and stained glass panels",,,0.9801325837303609,,,,,,,,,,,,,,,,,
sgf+rule,0,46,"A tranquil tableau of the Stonehenge presented itself as an enigmatic puzzle, each colossal stone meticulously placed against the backdrop of tranquility",,,,,,,,,,,,,,,,,,,,
sgf+rule,0,47,"In a still frame, in the vast desert, an oasis nestled among dunes, featuring tall palm trees and an air of serenity",,,0.9846312267328399,,,,,,,,,,,,,,,,,
sgf+rule,0,48,"static view on a desert scene with an oasis, palm trees, and a clear, calm pool of water",,,0.9713345254636279,,,,,,,,,,,,,,,,,
sgf+rule,0,49,"A tranquil tableau of an ornate Victorian streetlamp standing on a cobblestone street corner, illuminating the empty night",,,0.9948212750285279,,,,,,,,,,,,,,,,,
sgf+rule,0,50,"A tranquil tableau of a tranquil lakeside cabin nestled among tall pines, its reflection mirrored perfectly in the calm water",,,,,,,,,,,,,,,,,,,,
sgf+rule,0,51,"In a still frame, a vintage gas lantern, adorned with intricate details, gracing a historic cobblestone square",,,0.9834760055822485,,,,,,,,,,,,,,,,,
sgf+rule,0,52,"In a still frame, a tranquil Japanese tea ceremony room, with tatami mats, a delicate tea set, and a bonsai tree in the corner",,,0.994760890568004,,,,,,,,,,,,,,,,,
sgf+rule,0,53,"A tranquil tableau of the Parthenon stands resolute in its classical elegance, a timeless symbol of Athens' cultural legacy",,,0.9897389463349885,,,,,,,,,,,,,,,,,
sgf+rule,0,54,"A tranquil tableau of in the heart of Plaka, the neoclassical architecture of the old city harmonizes with the ancient ruins",,,0.9882491030412561,,,,,,,,,,,,,,,,,
sgf+rule,0,55,"A tranquil tableau of in the desolate beauty of the American Southwest, Chaco Canyon's ancient ruins whispered tales of an enigmatic civilization that once thrived amidst the arid landscapes",,,0.9796593404283711,,,,,,,,,,,,,,,,,
sgf+rule,0,56,"A tranquil tableau of at the edge of the Arabian Desert, the ancient city of Petra beckoned with its enigmatic rock-carved façades",,,,,,,,,,,,,,,,,,,,
sgf+rule,0,57,"In a still frame, amidst the cobblestone streets, an Art Nouveau lamppost stood tall",,,,,,,,,,,,,,,,,,,,
sgf+rule,0,58,"A tranquil tableau of in the quaint village square, a traditional wrought-iron streetlamp featured delicate filigree patterns and amber-hued glass panels",,,,,,,,,,,,,,,,,,,,
sgf+rule,0,59,"A tranquil tableau of the lampposts were adorned with Art Deco motifs, their geometric shapes and frosted glass creating a sense of vintage glamour",,,,,,,,,,,,,,,,,,,,
sgf+rule,0,60,"In a still frame, in the picturesque square, a Gothic-style lamppost adorned with intricate stone carvings added a touch of medieval charm to the setting",,,,,,,,,,,,,,,,,,,,
sgf+rule,0,61,"In a still frame, in the heart of the old city, a row of ornate lantern-style streetlamps bathed the narrow alleyway in a warm, welcoming light",,,0.9939622448939903,,,,,,,,,,,,,,,,,
sgf+rule,0,62,"A tranquil tableau of in the heart of the Utah desert, a massive sandstone arch spanned the horizon",,,,,,,,,,,,,,,,,,,,
sgf+rule,0,63,"A tranquil tableau of in the Arizona desert, a massive stone bridge arched across a rugged canyon",,,0.9807407852247649,,,,,,,,,,,,,,,,,
sgf+rule,0,64,"A tranquil tableau of in the corner of the minimalist tea room, a bonsai tree added a touch of nature's beauty to the otherwise simple and elegant space",,,0.9948503545218823,,,,,,,,,,,,,,,,,
sgf+rule,0,65,"In a still frame, amidst the hushed ambiance of the traditional tea room, a meticulously arranged tea set awaited, with porcelain cups, a bamboo whisk",,,0.9804523645662794,,,,,,,,,,,,,,,,,
sgf+rule,0,66,"In a still frame, nestled in the Zen garden, a rustic teahouse featured tatami seating and a traditional charcoal brazier",,,0.9888562535304649,,,,,,,,,,,,,,,,,
sgf+rule,0,67,A tranquil tableau of a country estate's library featured elegant wooden shelves,,,0.9943158170171813,,,,,,,,,,,,,,,,,
sgf+rule,0,68,"A tranquil tableau of beneath the shade of a solitary oak tree, an old wooden park bench sat patiently",,,0.9813977435990875,,,,,,,,,,,,,,,,,
sgf+rule,0,69,"A tranquil tableau of beside a tranquil pond, a weeping willow tree draped its branches gracefully over the water's surface, creating a serene tableau of reflection and calm",,,0.9868343536526549,,,,,,,,,,,,,,,,,
sgf+rule,0,70,"A tranquil tableau of in the Zen garden, a perfectly raked gravel path led to a serene rock garden",,,0.9727399040670957,,,,,,,,,,,,,,,,,
sgf+rule,0,71,"In a still frame, a tranquil pond was fringed by weeping cherry trees, their blossoms drifting lazily onto the glassy surface",,,0.9863898731680477,,,,,,,,,,,,,,,,,
sgf+rule,0,72,"In a still frame, within the historic library's reading room, rows of antique leather chairs and mahogany tables offered a serene haven for literary contemplation",,,0.9895439161038866,,,,,,,,,,,,,,,,,
sgf+rule,0,73,A tranquil tableau of a peaceful orchid garden showcased a variety of delicate blooms,,,0.9830409769918405,,,,,,,,,,,,,,,,,
sgf+rule,0,74,"A tranquil tableau of in the serene courtyard, a centuries-old stone well stood as a symbol of a bygone era, its mossy stones bearing witness to the passage of time",,,0.9907764072979198,,,,,,,,,,,,,,,,,
sgf+rule,0,75,a bird and a cat,,,,,,,,,1.0,,,,,,,,,,,
sgf+rule,0,76,a cat and a dog,,,,,,,,,0.0,,,,,,,,,,,
sgf+rule,0,77,a dog and a horse,,,,,,,,,1.0,,,,,,,,,,,
sgf+rule,0,78,a horse and a sheep,,,,,,,,,1.0,,,,,,,,,,,
sgf+rule,0,79,a sheep and a cow,,,,,,,,,1.0,,,,,,,,,,,
sgf+rule,0,80,a cow and an elephant,,,,,,,,,0.7916666666666666,,,,,,,,,,,
sgf+rule,0,81,an elephant and a bear,,,,,,,,,0.020833333333333332,,,,,,,,,,,
sgf+rule,0,82,a bear and a zebra,,,,,,,,,0.08125,,,,,,,,,,,
sgf+rule,0,83,a zebra and a giraffe,,,,,,,,,1.0,,,,,,,,,,,
sgf+rule,0,84,a giraffe and a bird,,,,,,,,,0.9729166666666667,,,,,,,,,,,
sgf+rule,0,85,a chair and a couch,,,,,,,,,1.0,,,,,,,,,,,
sgf+rule,0,86,a couch and a potted plant,,,,,,,,,1.0,,,,,,,,,,,
sgf+rule,0,87,a potted plant and a tv,,,,,,,,,1.0,,,,,,,,,,,
sgf+rule,0,88,a tv and a laptop,,,,,,,,,1.0,,,,,,,,,,,
sgf+rule,0,89,a laptop and a remote,,,,,,,,,0.8395833333333333,,,,,,,,,,,
sgf+rule,0,90,a remote and a keyboard,,,,,,,,,0.975,,,,,,,,,,,
sgf+rule,0,91,a keyboard and a cell phone,,,,,,,,,0.9666666666666667,,,,,,,,,,,
sgf+rule,0,92,a cell phone and a book,,,,,,,,,0.9958333333333333,,,,,,,,,,,
sgf+rule,0,93,a book and a clock,,,,,,,,,1.0,,,,,,,,,,,
sgf+rule,0,94,a clock and a backpack,,,,,,,,,1.0,,,,,,,,,,,
sgf+rule,0,95,a backpack and an umbrella,,,,,,,,,0.9,,,,,,,,,,,
sgf+rule,0,96,an umbrella and a handbag,,,,,,,,,1.0,,,,,,,,,,,
sgf+rule,0,97,a handbag and a tie,,,,,,,,,0.9833333333333333,,,,,,,,,,,
sgf+rule,0,98,a tie and a suitcase,,,,,,,,,0.06875,,,,,,,,,,,
sgf+rule,0,99,a suitcase and a vase,,,,,,,,,1.0,,,,,,,,,,,
sgf+rule,0,100,a vase and scissors,,,,,,,,,1.0,,,,,,,,,,,
sgf+rule,0,101,scissors and a teddy bear,,,,,,,,,1.0,,,,,,,,,,,
sgf+rule,0,102,a teddy bear and a frisbee,,,,,,,,,0.0,,,,,,,,,,,
sgf+rule,0,103,a frisbee and skis,,,,,,,,,0.07708333333333334,,,,,,,,,,,
sgf+rule,0,104,skis and a snowboard,,,,,,,,,0.9854166666666667,,,,,,,,,,,
sgf+rule,0,105,a snowboard and a sports ball,,,,,,,,,0.19791666666666666,,,,,,,,,,,
sgf+rule,0,106,a sports ball and a kite,,,,,,,,,0.075,,,,,,,,,,,
sgf+rule,0,107,a kite and a baseball bat,,,,,,,,,0.3875,,,,,,,,,,,
sgf+rule,0,108,a baseball bat and a baseball glove,,,,,,,,,1.0,,,,,,,,,,,
sgf+rule,0,109,a baseball glove and a skateboard,,,,,,,,,0.08541666666666667,,,,,,,,,,,
sgf+rule,0,110,a skateboard and a surfboard,,,,,,,,,0.20833333333333334,,,,,,,,,,,
sgf+rule,0,111,a surfboard and a tennis racket,,,,,,,,,0.9625,,,,,,,,,,,
sgf+rule,0,112,a tennis racket and a bottle,,,,,,,,,1.0,,,,,,,,,,,
sgf+rule,0,113,a bottle and a chair,,,,,,,,,0.027083333333333334,,,,,,,,,,,
sgf+rule,0,114,an airplane and a train,,,,,,,,,1.0,,,,,,,,,,,
sgf+rule,0,115,a train and a boat,,,,,,,,,1.0,,,,,,,,,,,
sgf+rule,0,116,a boat and an airplane,,,,,,,,,1.0,,,,,,,,,,,
sgf+rule,0,117,a bicycle and a car,,,,,,,,,0.9916666666666667,,,,,,,,,,,
sgf+rule,0,118,a car and a motorcycle,,,,,,,,,1.0,,,,,,,,,,,
sgf+rule,0,119,a motorcycle and a bus,,,,,,,,,0.9958333333333333,,,,,,,,,,,
sgf+rule,0,120,a bus and a traffic light,,,,,,,,,0.9958333333333333,,,,,,,,,,,
sgf+rule,0,121,a traffic light and a fire hydrant,,,,,,,,,1.0,,,,,,,,,,,
sgf+rule,0,122,a fire hydrant and a stop sign,,,,,,,,,1.0,,,,,,,,,,,
sgf+rule,0,123,a stop sign and a parking meter,,,,,,,,,0.95,,,,,,,,,,,
sgf+rule,0,124,a parking meter and a truck,,,,,,,,,0.22916666666666666,,,,,,,,,,,
sgf+rule,0,125,a truck and a bicycle,,,,,,,,,1.0,,,,,,,,,,,
sgf+rule,0,126,a toilet and a hair drier,,,,,,,,,0.8354166666666667,,,,,,,,,,,
sgf+rule,0,127,a hair drier and a toothbrush,,,,,,,,,0.36875,,,,,,,,,,,
sgf+rule,0,128,a toothbrush and a sink,,,,,,,,,0.9729166666666667,,,,,,,,,,,
sgf+rule,0,129,a sink and a toilet,,,,,,,,,1.0,,,,,,,,,,,
sgf+rule,0,130,a wine glass and a chair,,,,,,,,,1.0,,,,,,,,,,,
sgf+rule,0,131,a cup and a couch,,,,,,,,,1.0,,,,,,,,,,,
sgf+rule,0,132,a fork and a potted plant,,,,,,,,,0.9104166666666667,,,,,,,,,,,
sgf+rule,0,133,a knife and a tv,,,,,,,,,0.35208333333333336,,,,,,,,,,,
sgf+rule,0,134,a spoon and a laptop,,,,,,,,,1.0,,,,,,,,,,,
sgf+rule,0,135,a bowl and a remote,,,,,,,,,1.0,,,,,,,,,,,
sgf+rule,0,136,a banana and a keyboard,,,,,,,,,1.0,,,,,,,,,,,
sgf+rule,0,137,an apple and a cell phone,,,,,,,,,1.0,,,,,,,,,,,
sgf+rule,0,138,a sandwich and a book,,,,,,,,,0.9020833333333333,,,,,,,,,,,
sgf+rule,0,139,an orange and a clock,,,,,,,,,1.0,,,,,,,,,,,
sgf+rule,0,140,broccoli and a backpack,,,,,,,,,0.0,,,,,,,,,,,
sgf+rule,0,141,a carrot and an umbrella,,,,,,,,,0.0,,,,,,,,,,,
sgf+rule,0,142,a hot dog and a handbag,,,,,,,,,0.0,,,,,,,,,,,
sgf+rule,0,143,a pizza and a tie,,,,,,,,,1.0,,,,,,,,,,,
sgf+rule,0,144,a donut and a suitcase,,,,,,,,,0.15416666666666667,,,,,,,,,,,
sgf+rule,0,145,a cake and a vase,,,,,,,,,1.0,,,,,,,,,,,
sgf+rule,0,146,an oven and scissors,,,,,,,,,1.0,,,,,,,,,,,
sgf+rule,0,147,a toaster and a teddy bear,,,,,,,,,1.0,,,,,,,,,,,
sgf+rule,0,148,a microwave and a frisbee,,,,,,,,,0.0,,,,,,,,,,,
sgf+rule,0,149,a refrigerator and skis,,,,,,,,,0.9354166666666667,,,,,,,,,,,
sgf+rule,0,150,a bicycle and an airplane,,,,,,,,,0.9520833333333333,,,,,,,,,,,
sgf+rule,0,151,a car and a train,,,,,,,,,0.9979166666666667,,,,,,,,,,,
sgf+rule,0,152,a motorcycle and a boat,,,,,,,,,1.0,,,,,,,,,,,
sgf+rule,0,153,a person and a toilet,,,,,,,,,1.0,,,,,,,,,,,
sgf+rule,0,154,a person and a hair drier,,,,,,,,,1.0,,,,,,,,,,,
sgf+rule,0,155,a person and a toothbrush,,,,,,,,,1.0,,,,,,,,,,,
sgf+rule,0,156,a person and a sink,,,,,,,,,1.0,,,,,,,,,,,
sgf+rule,0,157,A person is riding a bike,,,,,,,,,,1.0,,,,,,,,,,
sgf+rule,0,158,A person is marching,,,,,,,,,,0.0,,,,,,,,,,
sgf+rule,0,159,A person is roller skating,,,,,,,,,,0.5,,,,,,,,,,
sgf+rule,0,160,A person is tasting beer,,,,,,,,,,1.0,,,,,,,,,,
sgf+rule,0,161,A person is clapping,,,,,,,,,,1.0,,,,,,,,,,
sgf+rule,0,162,A person is drawing,,,,,,,,,,1.0,,,,,,,,,,
sgf+rule,0,163,A person is petting animal (not cat),,,,,,,,,,1.0,,,,,,,,,,
sgf+rule,0,164,A person is eating watermelon,,,,,,,,,,1.0,,,,,,,,,,
sgf+rule,0,165,A person is playing harp,,,,,,,,,,1.0,,,,,,,,,,
sgf+rule,0,166,A person is wrestling,,,,,,,,,,1.0,,,,,,,,,,
sgf+rule,0,167,A person is riding scooter,,,,,,,,,,1.0,,,,,,,,,,
sgf+rule,0,168,A person is sweeping floor,,,,,,,,,,1.0,,,,,,,,,,
sgf+rule,0,169,A person is skateboarding,,,,,,,,,,1.0,,,,,,,,,,
sgf+rule,0,170,A person is dunking basketball,,,,,,,,,,1.0,,,,,,,,,,
sgf+rule,0,171,A person is playing flute,,,,,,,,,,1.0,,,,,,,,,,
sgf+rule,0,172,A person is stretching leg,,,,,,,,,,1.0,,,,,,,,,,
sgf+rule,0,173,A person is tying tie,,,,,,,,,,1.0,,,,,,,,,,
sgf+rule,0,174,A person is skydiving,,,,,,,,,,1.0,,,,,,,,,,
sgf+rule,0,175,A person is shooting goal (soccer),,,,,,,,,,1.0,,,,,,,,,,
sgf+rule,0,176,A person is playing piano,,,,,,,,,,1.0,,,,,,,,,,
sgf+rule,0,177,A person is finger snapping,,,,,,,,,,1.0,,,,,,,,,,
sgf+rule,0,178,A person is canoeing or kayaking,,,,,,,,,,1.0,,,,,,,,,,
sgf+rule,0,179,A person is laughing,,,,,,,,,,0.6666666666666666,,,,,,,,,,
sgf+rule,0,180,A person is digging,,,,,,,,,,1.0,,,,,,,,,,
sgf+rule,0,181,A person is clay pottery making,,,,,,,,,,1.0,,,,,,,,,,
sgf+rule,0,182,A person is shooting basketball,,,,,,,,,,1.0,,,,,,,,,,
sgf+rule,0,183,A person is bending back,,,,,,,,,,0.0,,,,,,,,,,
sgf+rule,0,184,A person is shaking hands,,,,,,,,,,1.0,,,,,,,,,,
sgf+rule,0,185,A person is bandaging,,,,,,,,,,1.0,,,,,,,,,,
sgf+rule,0,186,A person is push up,,,,,,,,,,1.0,,,,,,,,,,
sgf+rule,0,187,A person is catching or throwing frisbee,,,,,,,,,,1.0,,,,,,,,,,
sgf+rule,0,188,A person is playing trumpet,,,,,,,,,,1.0,,,,,,,,,,
sgf+rule,0,189,A person is flying kite,,,,,,,,,,1.0,,,,,,,,,,
sgf+rule,0,190,A person is filling eyebrows,,,,,,,,,,1.0,,,,,,,,,,
sgf+rule,0,191,A person is shuffling cards,,,,,,,,,,1.0,,,,,,,,,,
sgf+rule,0,192,A person is folding clothes,,,,,,,,,,1.0,,,,,,,,,,
sgf+rule,0,193,A person is smoking,,,,,,,,,,1.0,,,,,,,,,,
sgf+rule,0,194,A person is tai chi,,,,,,,,,,1.0,,,,,,,,,,
sgf+rule,0,195,A person is squat,,,,,,,,,,0.0,,,,,,,,,,
sgf+rule,0,196,A person is playing controller,,,,,,,,,,1.0,,,,,,,,,,
sgf+rule,0,197,A person is throwing axe,,,,,,,,,,1.0,,,,,,,,,,
sgf+rule,0,198,A person is giving or receiving award,,,,,,,,,,1.0,,,,,,,,,,
sgf+rule,0,199,A person is air drumming,,,,,,,,,,1.0,,,,,,,,,,
sgf+rule,0,200,A person is taking a shower,,,,,,,,,,1.0,,,,,,,,,,
sgf+rule,0,201,A person is planting trees,,,,,,,,,,1.0,,,,,,,,,,
sgf+rule,0,202,A person is sharpening knives,,,,,,,,,,1.0,,,,,,,,,,
sgf+rule,0,203,A person is robot dancing,,,,,,,,,,1.0,,,,,,,,,,
sgf+rule,0,204,A person is rock climbing,,,,,,,,,,1.0,,,,,,,,,,
sgf+rule,0,205,A person is hula hooping,,,,,,,,,,1.0,,,,,,,,,,
sgf+rule,0,206,A person is writing,,,,,,,,,,1.0,,,,,,,,,,
sgf+rule,0,207,A person is bungee jumping,,,,,,,,,,0.0,,,,,,,,,,
sgf+rule,0,208,A person is pushing cart,,,,,,,,,,1.0,,,,,,,,,,
sgf+rule,0,209,A person is cleaning windows,,,,,,,,,,1.0,,,,,,,,,,
sgf+rule,0,210,A person is cutting watermelon,,,,,,,,,,1.0,,,,,,,,,,
sgf+rule,0,211,A person is cheerleading,,,,,,,,,,1.0,,,,,,,,,,
sgf+rule,0,212,A person is washing hands,,,,,,,,,,1.0,,,,,,,,,,
sgf+rule,0,213,A person is ironing,,,,,,,,,,1.0,,,,,,,,,,
sgf+rule,0,214,A person is cutting nails,,,,,,,,,,0.5,,,,,,,,,,
sgf+rule,0,215,A person is hugging,,,,,,,,,,1.0,,,,,,,,,,
sgf+rule,0,216,A person is trimming or shaving beard,,,,,,,,,,1.0,,,,,,,,,,
sgf+rule,0,217,A person is jogging,,,,,,,,,,1.0,,,,,,,,,,
sgf+rule,0,218,A person is making bed,,,,,,,,,,1.0,,,,,,,,,,
sgf+rule,0,219,A person is washing dishes,,,,,,,,,,1.0,,,,,,,,,,
sgf+rule,0,220,A person is grooming dog,,,,,,,,,,1.0,,,,,,,,,,
sgf+rule,0,221,A person is doing laundry,,,,,,,,,,1.0,,,,,,,,,,
sgf+rule,0,222,A person is knitting,,,,,,,,,,1.0,,,,,,,,,,
sgf+rule,0,223,A person is reading book,,,,,,,,,,1.0,,,,,,,,,,
sgf+rule,0,224,A person is baby waking up,,,,,,,,,,1.0,,,,,,,,,,
sgf+rule,0,225,A person is massaging legs,,,,,,,,,,1.0,,,,,,,,,,
sgf+rule,0,226,A person is brushing teeth,,,,,,,,,,1.0,,,,,,,,,,
sgf+rule,0,227,A person is crawling baby,,,,,,,,,,1.0,,,,,,,,,,
sgf+rule,0,228,A person is motorcycling,,,,,,,,,,1.0,,,,,,,,,,
sgf+rule,0,229,A person is driving car,,,,,,,,,,1.0,,,,,,,,,,
sgf+rule,0,230,A person is sticking tongue out,,,,,,,,,,0.3333333333333333,,,,,,,,,,
sgf+rule,0,231,A person is shaking head,,,,,,,,,,0.5,,,,,,,,,,
sgf+rule,0,232,A person is sword fighting,,,,,,,,,,1.0,,,,,,,,,,
sgf+rule,0,233,A person is doing aerobics,,,,,,,,,,1.0,,,,,,,,,,
sgf+rule,0,234,A person is strumming guitar,,,,,,,,,,1.0,,,,,,,,,,
sgf+rule,0,235,A person is riding or walking with horse,,,,,,,,,,1.0,,,,,,,,,,
sgf+rule,0,236,A person is archery,,,,,,,,,,1.0,,,,,,,,,,
sgf+rule,0,237,A person is catching or throwing baseball,,,,,,,,,,1.0,,,,,,,,,,
sgf+rule,0,238,A person is playing chess,,,,,,,,,,1.0,,,,,,,,,,
sgf+rule,0,239,A person is rock scissors paper,,,,,,,,,,0.6666666666666666,,,,,,,,,,
sgf+rule,0,240,A person is using computer,,,,,,,,,,1.0,,,,,,,,,,
sgf+rule,0,241,A person is arranging flowers,,,,,,,,,,1.0,,,,,,,,,,
sgf+rule,0,242,A person is bending metal,,,,,,,,,,1.0,,,,,,,,,,
sgf+rule,0,243,A person is ice skating,,,,,,,,,,1.0,,,,,,,,,,
sgf+rule,0,244,A person is climbing a rope,,,,,,,,,,0.0,,,,,,,,,,
sgf+rule,0,245,A person is crying,,,,,,,,,,1.0,,,,,,,,,,
sgf+rule,0,246,A person is dancing ballet,,,,,,,,,,1.0,,,,,,,,,,
sgf+rule,0,247,A person is getting a haircut,,,,,,,,,,1.0,,,,,,,,,,
sgf+rule,0,248,A person is running on treadmill,,,,,,,,,,1.0,,,,,,,,,,
sgf+rule,0,249,A person is kissing,,,,,,,,,,1.0,,,,,,,,,,
sgf+rule,0,250,A person is counting money,,,,,,,,,,0.6666666666666666,,,,,,,,,,
sgf+rule,0,251,A person is barbequing,,,,,,,,,,1.0,,,,,,,,,,
sgf+rule,0,252,A person is peeling apples,,,,,,,,,,1.0,,,,,,,,,,
sgf+rule,0,253,A person is milking cow,,,,,,,,,,1.0,,,,,,,,,,
sgf+rule,0,254,A person is shining shoes,,,,,,,,,,1.0,,,,,,,,,,
sgf+rule,0,255,A person is making snowman,,,,,,,,,,1.0,,,,,,,,,,
sgf+rule,0,256,A person is sailing,,,,,,,,,,1.0,,,,,,,,,,
sgf+rule,0,257,a person swimming in ocean,0.9875567622755647,,,0.9880208632286605,,,0.9666666666666667,,,,,,,,,,0.9809218343547597,0.9769779947297327,,
sgf+rule,0,258,a person giving a presentation to a room full of colleagues,0.9929063969391785,,,0.9939738486007531,,,0.0,,,,,,,,,,0.992665611800327,0.9665055326346693,,
sgf+rule,0,259,a person washing the dishes,0.974968377489861,,,0.9897721960001653,,,1.0,,,,,,,,,,0.9624167225373689,0.8764464187211004,,
sgf+rule,0,260,a person eating a burger,0.9815743760712936,,,0.993599602981328,,,0.16666666666666666,,,,,,,,,,0.9744721839504857,0.899242934481851,,
sgf+rule,0,261,a person walking in the snowstorm,0.9786399948602937,,,0.987443598995866,,,0.0,,,,,,,,,,0.9653198164957826,0.9478150143705565,,
sgf+rule,0,262,a person drinking coffee in a cafe,0.9814170096732513,,,0.9903855199910271,,,0.1,,,,,,,,,,0.9838238946853148,0.7954639982560585,,
sgf+rule,0,263,a person playing guitar,0.9961445145396685,,,0.9902880424147045,,,0.8,,,,,,,,,,0.9971420224635832,0.9860084169897539,,
sgf+rule,0,264,a bicycle leaning against a tree,0.9941951291670917,,,0.9863111099763979,,,0.0,,,,,,,,,,0.9945475269068954,0.9743400925192339,,
sgf+rule,0,265,a bicycle gliding through a snowy field,0.9913074244990848,,,0.979895093063935,,,1.0,,,,,,,,,,0.9893967076975814,0.968547842625914,,
sgf+rule,0,266,a bicycle slowing down to stop,0.9810873816350563,,,0.9831731453113655,,,1.0,,,,,,,,,,0.9733976163210406,0.9012335913962332,,
sgf+rule,0,267,a bicycle accelerating to gain speed,0.9870763098215798,,,0.9790705133515004,,,1.0,,,,,,,,,,0.9808653705543089,0.9701410059271187,,
sgf+rule,0,268,a car stuck in traffic during rush hour,0.9739708877388641,,,0.9856790382913316,,,1.0,,,,,,,,,,0.9759127928685118,0.7355295537874617,,
sgf+rule,0,269,a car turning a corner,0.9876191072078314,,,0.986626112738988,,,1.0,,,,,,,,,,0.9857597604874643,0.9142763953784416,,
sgf+rule,0,270,a car slowing down to stop,0.969406584753515,,,0.985309528491774,,,0.9333333333333333,,,,,,,,,,0.9771757600768919,0.6718505775106365,,
sgf+rule,0,271,a car accelerating to gain speed,0.9883085384609943,,,0.9919045119395099,,,1.0,,,,,,,,,,0.9855859178689216,0.9382365633701456,,
sgf+rule,0,272,a motorcycle cruising along a coastal highway,0.9828393934255344,,,0.9882609177734485,,,1.0,,,,,,,,,,0.9797000240254146,0.8560268272613657,,
sgf+rule,0,273,a motorcycle turning a corner,0.9809499200685209,,,0.9852405163148475,,,1.0,,,,,,,,,,0.9738691187353544,0.8858742734481548,,
sgf+rule,0,274,a motorcycle slowing down to stop,0.9782113029920215,,,0.9930473008665718,,,0.7,,,,,,,,,,0.9729588480726364,0.8303285929663428,,
sgf+rule,0,275,a motorcycle gliding through a snowy field,0.9897668990616372,,,0.9900006638799276,,,1.0,,,,,,,,,,0.9866157250058265,0.959958460824243,,
sgf+rule,0,276,a motorcycle accelerating to gain speed,0.9902582844361011,,,0.9859485722908289,,,1.0,,,,,,,,,,0.986630381787977,0.9746685891315855,,
sgf+rule,0,277,an airplane soaring through a clear blue sky,0.9909272441220621,,,0.9881433811309425,,,1.0,,,,,,,,,,0.9880494324430344,0.9740552891945017,,
sgf+rule,0,278,an airplane taking off,0.9849759591205948,,,0.9923758609999673,,,1.0,,,,,,,,,,0.9906361578613201,0.798288206601965,,
sgf+rule,0,279,an airplane landing smoothly on a runway,0.9789831895247241,,,0.9878893766846129,,,1.0,,,,,,,,,,0.986844545250298,0.7281983016893782,,
sgf+rule,0,280,an airplane accelerating to gain speed,0.9936857216498975,,,0.988183825144196,,,1.0,,,,,,,,,,0.9925700366176585,0.982270637462879,,
sgf+rule,0,281,a bus turning a corner,0.972749994117501,,,0.9865736461344687,,,1.0,,,,,,,,,,0.9742642049827881,0.7289125760053766,,
sgf+rule,0,282,a bus stuck in traffic during rush hour,0.9831867346961741,,,0.9843547917917761,,,0.5666666666666667,,,,,,,,,,0.9860050950319538,0.8079355790697295,,
sgf+rule,0,283,a bus accelerating to gain speed,0.9766797872886552,,,0.97758697337672,,,1.0,,,,,,,,,,0.9763996200215433,0.7782921004911949,,
sgf+rule,0,284,a train speeding down the tracks,0.9573264533097569,,,0.9856364076131106,,,1.0,,,,,,,,,,0.9584133252020803,0.630380488161383,,
sgf+rule,0,285,a train crossing over a tall bridge,0.9726261940473347,,,0.9896215661543583,,,1.0,,,,,,,,,,0.9673113749552797,0.7862167671836656,,
sgf+rule,0,286,a train accelerating to gain speed,0.9858921848262094,,,0.9739744574543671,,,1.0,,,,,,,,,,0.9785624515305282,0.9686565450553236,,
sgf+rule,0,287,a truck turning a corner,0.9721262146453193,,,0.9858454483600776,,,1.0,,,,,,,,,,0.9698235908503174,0.7578076422214508,,
sgf+rule,0,288,a truck anchored in a tranquil bay,0.9886240472515094,,,0.9872111382860361,,,0.13333333333333333,,,,,,,,,,0.9887221458137677,0.8958778782137509,,
sgf+rule,0,289,a truck stuck in traffic during rush hour,0.9750737346312651,,,0.9851211900187722,,,1.0,,,,,,,,,,0.9712254049636985,0.7946502818115826,,
sgf+rule,0,290,a truck slowing down to stop,0.9656336685430144,,,0.9873181937141546,,,0.9333333333333333,,,,,,,,,,0.9705550657164665,0.6628916150537031,,
sgf+rule,0,291,a truck accelerating to gain speed,0.9868781989677793,,,0.9882369792975951,,,1.0,,,,,,,,,,0.983112879081439,0.9333964442384655,,
sgf+rule,0,292,a boat sailing smoothly on a calm lake,0.9883339755097864,,,0.9867842224974629,,,1.0,,,,,,,,,,0.9848115959795574,0.9467851098241478,,
sgf+rule,0,293,a boat slowing down to stop,0.98883289764413,,,0.9794832840242282,,,1.0,,,,,,,,,,0.9835683532940445,0.9762655393830661,,
sgf+rule,0,294,a boat accelerating to gain speed,0.980356272046817,,,0.9781741816536086,,,1.0,,,,,,,,,,0.978343372864108,0.8226229671774239,,
sgf+rule,0,295,a bird soaring gracefully in the sky,0.9860912734211613,,,0.9876349381232193,,,1.0,,,,,,,,,,0.9809241265058518,0.9408534354177015,,
sgf+rule,0,296,a bird building a nest from twigs and leaves,0.9864723101705493,,,0.9893079378785287,,,0.4,,,,,,,,,,0.9806697801556639,0.951274598466939,,
sgf+rule,0,297,a bird flying over a snowy forest,0.9577197171409263,,,0.9815266056409208,,,1.0,,,,,,,,,,0.9374950257039838,0.7862436524752913,,
sgf+rule,0,298,a cat grooming itself meticulously with its tongue,0.9860723731938427,,,0.9914357213953363,,,0.8333333333333334,,,,,,,,,,0.9821557588154269,0.9235028655364595,,
sgf+rule,0,299,a cat playing in park,0.9799150169070558,,,0.9744914506638361,,,1.0,,,,,,,,,,0.970780369158714,0.9062742632010887,,
sgf+rule,0,300,a cat drinking water,0.9911029707885404,,,0.9924641799500844,,,0.03333333333333333,,,,,,,,,,0.9891479034577646,0.9639398393959835,,
sgf+rule,0,301,a cat running happily,0.9843070410081973,,,0.9706199067382175,,,1.0,,,,,,,,,,0.9778604286332283,0.9347715963577402,,
sgf+rule,0,302,a dog enjoying a peaceful walk,0.9889616566576899,,,0.9813460593521892,,,1.0,,,,,,,,,,0.9847257215489623,0.9679563970401369,,
sgf+rule,0,303,a dog playing in park,0.9818270223149922,,,0.9712310546256727,,,1.0,,,,,,,,,,0.9756994198086439,0.8845218070622148,,
sgf+rule,0,304,a dog drinking water,0.9920219712142111,,,0.9894812612307505,,,1.0,,,,,,,,,,0.9895604829634389,0.9791835813686766,,
sgf+rule,0,305,a dog running happily,0.9737380787806436,,,0.9662550230404958,,,1.0,,,,,,,,,,0.9588007066198576,0.8992179734953518,,
sgf+rule,0,306,a horse bending down to drink water from a river,0.9898363800337544,,,0.985394537461827,,,0.9666666666666667,,,,,,,,,,0.9859330606076024,0.9735612375982876,,
sgf+rule,0,307,a horse galloping across an open field,0.9887270391102955,,,0.9794382981324949,,,1.0,,,,,,,,,,0.9842185080051423,0.9690494722333448,,
sgf+rule,0,308,a horse taking a peaceful walk,0.9863682228466754,,,0.9769752920213374,,,1.0,,,,,,,,,,0.981708908049009,0.9381913460534195,,
sgf+rule,0,309,a horse running to join a herd of its kind,0.9811689538793764,,,0.9551637970498621,,,1.0,,,,,,,,,,0.9711372286722224,0.9402806265600796,,
sgf+rule,0,310,a sheep bending down to drink water from a river,0.9835495582320813,,,0.9864555134766099,,,0.9666666666666667,,,,,,,,,,0.9754758775234224,0.9444725349031645,,
sgf+rule,0,311,a sheep taking a peaceful walk,0.989194217313727,,,0.9806112378571146,,,0.8333333333333334,,,,,,,,,,0.984434849152001,0.97517807730313,,
sgf+rule,0,312,a sheep running to join a herd of its kind,0.9816745553550137,,,0.964228932064724,,,1.0,,,,,,,,,,0.9715911357633529,0.9458091526195921,,
sgf+rule,0,313,a cow bending down to drink water from a river,0.9915712133698719,,,0.9863806968491634,,,1.0,,,,,,,,,,0.9899530642776079,0.9677195456521265,,
sgf+rule,0,314,a cow chewing cud while resting in a tranquil barn,0.9911889992122139,,,0.9873643937344051,,,0.4666666666666667,,,,,,,,,,0.9892803448502734,0.9650800300055536,,
sgf+rule,0,315,a cow running to join a herd of its kind,0.9868595195675522,,,0.9761379736627259,,,1.0,,,,,,,,,,0.9838854840045334,0.9208627877564266,,
sgf+rule,0,316,an elephant spraying itself with water using its trunk to cool down,0.9892261481848797,,,0.9808387197147971,,,0.9333333333333333,,,,,,,,,,0.9867913657939563,0.9448464461441698,,
sgf+rule,0,317,an elephant taking a peaceful walk,0.9953824499444492,,,0.9898661601118071,,,0.03333333333333333,,,,,,,,,,0.9959312406919335,0.982619459259099,,
sgf+rule,0,318,an elephant running to join a herd of its kind,0.9917627554821686,,,0.9771477673864241,,,1.0,,,,,,,,,,0.9903356197700705,0.9677347633345373,,
sgf+rule,0,319,a bear catching a salmon in its powerful jaws,0.9855200483302451,,,0.989669367240308,,,0.7333333333333333,,,,,,,,,,0.9777270520246157,0.9703360035501677,,
sgf+rule,0,320,a bear sniffing the air for scents of food,0.9927740178363978,,,0.9899822982058148,,,0.13333333333333333,,,,,,,,,,0.9924781512829565,0.9642807923514267,,
sgf+rule,0,321,a bear climbing a tree,0.9812628137642989,,,0.9863037288710591,,,1.0,,,,,,,,,,0.9693990865702271,0.9659114510848604,,
sgf+rule,0,322,a bear hunting for prey,0.9944582336506064,,,0.9901677398143492,,,0.0,,,,,,,,,,0.9942717973263033,0.9805754772548018,,
sgf+rule,0,323,a zebra bending down to drink water from a river,0.9956066788408504,,,0.9828665321013257,,,0.9333333333333333,,,,,,,,,,0.9959940036137896,0.9867908790193755,,
sgf+rule,0,324,a zebra running to join a herd of its kind,0.9854800547955594,,,0.9683844955341765,,,1.0,,,,,,,,,,0.9793264717184088,0.9445756951282764,,
sgf+rule,0,325,a zebra taking a peaceful walk,0.9941038252224484,,,0.9839316249499565,,,0.5,,,,,,,,,,0.9940848507868345,0.9764572268929975,,
sgf+rule,0,326,a giraffe bending down to drink water from a river,0.982739142284651,,,0.9836650714272829,,,1.0,,,,,,,,,,0.9793778796029348,0.8574574178662794,,
sgf+rule,0,327,a giraffe taking a peaceful walk,0.9901209519814295,,,0.9835168887576695,,,0.8333333333333334,,,,,,,,,,0.9873131558459292,0.9602186844266695,,
sgf+rule,0,328,a giraffe running to join a herd of its kind,0.9789695618945541,,,0.9621382713867243,,,1.0,,,,,,,,,,0.9659306964246177,0.9482937085217443,,
sgf+rule,0,329,a person,,,,,,,,1.0,,,,,,,,,,,,
sgf+rule,0,330,a bicycle,,,,,,,,1.0,,,,,,,,,,,,
sgf+rule,0,331,a car,,,,,,,,1.0,,,,,,,,,,,,
sgf+rule,0,332,a motorcycle,,,,,,,,1.0,,,,,,,,,,,,
sgf+rule,0,333,an airplane,,,,,,,,1.0,,,,,,,,,,,,
sgf+rule,0,334,a bus,,,,,,,,1.0,,,,,,,,,,,,
sgf+rule,0,335,a train,,,,,,,,1.0,,,,,,,,,,,,
sgf+rule,0,336,a truck,,,,,,,,1.0,,,,,,,,,,,,
sgf+rule,0,337,a boat,,,,,,,,1.0,,,,,,,,,,,,
sgf+rule,0,338,a traffic light,,,,,,,,1.0,,,,,,,,,,,,
sgf+rule,0,339,a fire hydrant,,,,,,,,1.0,,,,,,,,,,,,
sgf+rule,0,340,a stop sign,,,,,,,,1.0,,,,,,,,,,,,
sgf+rule,0,341,a parking meter,,,,,,,,1.0,,,,,,,,,,,,
sgf+rule,0,342,a bench,,,,,,,,1.0,,,,,,,,,,,,
sgf+rule,0,343,a bird,,,,,,,,1.0,,,,,,,,,,,,
sgf+rule,0,344,a cat,,,,,,,,1.0,,,,,,,,,,,,
sgf+rule,0,345,a dog,,,,,,,,1.0,,,,,,,,,,,,
sgf+rule,0,346,a horse,,,,,,,,1.0,,,,,,,,,,,,
sgf+rule,0,347,a sheep,,,,,,,,1.0,,,,,,,,,,,,
sgf+rule,0,348,a cow,,,,,,,,1.0,,,,,,,,,,,,
sgf+rule,0,349,an elephant,,,,,,,,1.0,,,,,,,,,,,,
sgf+rule,0,350,a bear,,,,,,,,1.0,,,,,,,,,,,,
sgf+rule,0,351,a zebra,,,,,,,,1.0,,,,,,,,,,,,
sgf+rule,0,352,a giraffe,,,,,,,,1.0,,,,,,,,,,,,
sgf+rule,0,353,a backpack,,,,,,,,1.0,,,,,,,,,,,,
sgf+rule,0,354,an umbrella,,,,,,,,1.0,,,,,,,,,,,,
sgf+rule,0,355,a handbag,,,,,,,,0.55625,,,,,,,,,,,,
sgf+rule,0,356,a tie,,,,,,,,0.0,,,,,,,,,,,,
sgf+rule,0,357,a suitcase,,,,,,,,1.0,,,,,,,,,,,,
sgf+rule,0,358,a frisbee,,,,,,,,0.9458333333333333,,,,,,,,,,,,
sgf+rule,0,359,skis,,,,,,,,1.0,,,,,,,,,,,,
sgf+rule,0,360,a snowboard,,,,,,,,0.94375,,,,,,,,,,,,
sgf+rule,0,361,a sports ball,,,,,,,,0.13125,,,,,,,,,,,,
sgf+rule,0,362,a kite,,,,,,,,1.0,,,,,,,,,,,,
sgf+rule,0,363,a baseball bat,,,,,,,,0.03125,,,,,,,,,,,,
sgf+rule,0,364,a baseball glove,,,,,,,,0.19583333333333333,,,,,,,,,,,,
sgf+rule,0,365,a skateboard,,,,,,,,0.9895833333333334,,,,,,,,,,,,
sgf+rule,0,366,a surfboard,,,,,,,,1.0,,,,,,,,,,,,
sgf+rule,0,367,a tennis racket,,,,,,,,1.0,,,,,,,,,,,,
sgf+rule,0,368,a bottle,,,,,,,,1.0,,,,,,,,,,,,
sgf+rule,0,369,a wine glass,,,,,,,,1.0,,,,,,,,,,,,
sgf+rule,0,370,a cup,,,,,,,,1.0,,,,,,,,,,,,
sgf+rule,0,371,a fork,,,,,,,,0.17083333333333334,,,,,,,,,,,,
sgf+rule,0,372,a knife,,,,,,,,0.03125,,,,,,,,,,,,
sgf+rule,0,373,a spoon,,,,,,,,0.0,,,,,,,,,,,,
sgf+rule,0,374,a bowl,,,,,,,,1.0,,,,,,,,,,,,
sgf+rule,0,375,a banana,,,,,,,,1.0,,,,,,,,,,,,
sgf+rule,0,376,an apple,,,,,,,,1.0,,,,,,,,,,,,
sgf+rule,0,377,a sandwich,,,,,,,,1.0,,,,,,,,,,,,
sgf+rule,0,378,an orange,,,,,,,,0.59375,,,,,,,,,,,,
sgf+rule,0,379,broccoli,,,,,,,,1.0,,,,,,,,,,,,
sgf+rule,0,380,a carrot,,,,,,,,0.0,,,,,,,,,,,,
sgf+rule,0,381,a hot dog,,,,,,,,0.23541666666666666,,,,,,,,,,,,
sgf+rule,0,382,a pizza,,,,,,,,1.0,,,,,,,,,,,,
sgf+rule,0,383,a donut,,,,,,,,1.0,,,,,,,,,,,,
sgf+rule,0,384,a cake,,,,,,,,1.0,,,,,,,,,,,,
sgf+rule,0,385,a chair,,,,,,,,1.0,,,,,,,,,,,,
sgf+rule,0,386,a couch,,,,,,,,1.0,,,,,,,,,,,,
sgf+rule,0,387,a potted plant,,,,,,,,1.0,,,,,,,,,,,,
sgf+rule,0,388,a bed,,,,,,,,1.0,,,,,,,,,,,,
sgf+rule,0,389,a dining table,,,,,,,,1.0,,,,,,,,,,,,
sgf+rule,0,390,a toilet,,,,,,,,1.0,,,,,,,,,,,,
sgf+rule,0,391,a tv,,,,,,,,1.0,,,,,,,,,,,,
sgf+rule,0,392,a laptop,,,,,,,,1.0,,,,,,,,,,,,
sgf+rule,0,393,a remote,,,,,,,,0.9916666666666667,,,,,,,,,,,,
sgf+rule,0,394,a keyboard,,,,,,,,1.0,,,,,,,,,,,,
sgf+rule,0,395,a cell phone,,,,,,,,0.58125,,,,,,,,,,,,
sgf+rule,0,396,a microwave,,,,,,,,1.0,,,,,,,,,,,,
sgf+rule,0,397,an oven,,,,,,,,1.0,,,,,,,,,,,,
sgf+rule,0,398,a toaster,,,,,,,,0.0,,,,,,,,,,,,
sgf+rule,0,399,a sink,,,,,,,,1.0,,,,,,,,,,,,
sgf+rule,0,400,a refrigerator,,,,,,,,1.0,,,,,,,,,,,,
sgf+rule,0,401,a book,,,,,,,,1.0,,,,,,,,,,,,
sgf+rule,0,402,a clock,,,,,,,,1.0,,,,,,,,,,,,
sgf+rule,0,403,a vase,,,,,,,,1.0,,,,,,,,,,,,
sgf+rule,0,404,scissors,,,,,,,,1.0,,,,,,,,,,,,
sgf+rule,0,405,a teddy bear,,,,,,,,1.0,,,,,,,,,,,,
sgf+rule,0,406,a hair drier,,,,,,,,0.7270833333333333,,,,,,,,,,,,
sgf+rule,0,407,a toothbrush,,,,,,,,0.43125,,,,,,,,,,,,
sgf+rule,0,408,a red bicycle,,,,,,,,,,,1.0,,,,,,,,,
sgf+rule,0,409,a green bicycle,,,,,,,,,,,1.0,,,,,,,,,
sgf+rule,0,410,a blue bicycle,,,,,,,,,,,1.0,,,,,,,,,
sgf+rule,0,411,a yellow bicycle,,,,,,,,,,,0.9883715986394558,,,,,,,,,
sgf+rule,0,412,an orange bicycle,,,,,,,,,,,0.38958333333333334,,,,,,,,,
sgf+rule,0,413,a purple bicycle,,,,,,,,,,,0.7871626984126985,,,,,,,,,
sgf+rule,0,414,a pink bicycle,,,,,,,,,,,0.9104166666666667,,,,,,,,,
sgf+rule,0,415,a black bicycle,,,,,,,,,,,1.0,,,,,,,,,
sgf+rule,0,416,a white bicycle,,,,,,,,,,,0.6833333333333333,,,,,,,,,
sgf+rule,0,417,a red car,,,,,,,,,,,1.0,,,,,,,,,
sgf+rule,0,418,a green car,,,,,,,,,,,0.96875,,,,,,,,,
sgf+rule,0,419,a blue car,,,,,,,,,,,0.9979166666666667,,,,,,,,,
sgf+rule,0,420,a yellow car,,,,,,,,,,,0.9416666666666667,,,,,,,,,
sgf+rule,0,421,an orange car,,,,,,,,,,,1.0,,,,,,,,,
sgf+rule,0,422,a purple car,,,,,,,,,,,0.9958333333333333,,,,,,,,,
sgf+rule,0,423,a pink car,,,,,,,,,,,1.0,,,,,,,,,
sgf+rule,0,424,a black car,,,,,,,,,,,0.9881944444444445,,,,,,,,,
sgf+rule,0,425,a white car,,,,,,,,,,,0.9458333333333333,,,,,,,,,
sgf+rule,0,426,a red bird,,,,,,,,,,,1.0,,,,,,,,,
sgf+rule,0,427,a green bird,,,,,,,,,,,1.0,,,,,,,,,
sgf+rule,0,428,a blue bird,,,,,,,,,,,1.0,,,,,,,,,
sgf+rule,0,429,a yellow bird,,,,,,,,,,,1.0,,,,,,,,,
sgf+rule,0,430,an orange bird,,,,,,,,,,,0.15625,,,,,,,,,
sgf+rule,0,431,a purple bird,,,,,,,,,,,0.9708333333333333,,,,,,,,,
sgf+rule,0,432,a pink bird,,,,,,,,,,,1.0,,,,,,,,,
sgf+rule,0,433,a black bird,,,,,,,,,,,0.9788888888888889,,,,,,,,,
sgf+rule,0,434,a white bird,,,,,,,,,,,0.9889636752136752,,,,,,,,,
sgf+rule,0,435,a black cat,,,,,,,,,,,1.0,,,,,,,,,
sgf+rule,0,436,a white cat,,,,,,,,,,,1.0,,,,,,,,,
sgf+rule,0,437,an orange cat,,,,,,,,,,,1.0,,,,,,,,,
sgf+rule,0,438,a yellow cat,,,,,,,,,,,0.058333333333333334,,,,,,,,,
sgf+rule,0,439,a red umbrella,,,,,,,,,,,0.9916256157635468,,,,,,,,,
sgf+rule,0,440,a green umbrella,,,,,,,,,,,1.0,,,,,,,,,
sgf+rule,0,441,a blue umbrella,,,,,,,,,,,0.20607179857179858,,,,,,,,,
sgf+rule,0,442,a yellow umbrella,,,,,,,,,,,0.8089285714285714,,,,,,,,,
sgf+rule,0,443,an orange umbrella,,,,,,,,,,,0.00625,,,,,,,,,
sgf+rule,0,444,a purple umbrella,,,,,,,,,,,0.9931746031746032,,,,,,,,,
sgf+rule,0,445,a pink umbrella,,,,,,,,,,,1.0,,,,,,,,,
sgf+rule,0,446,a black umbrella,,,,,,,,,,,0.3260515873015873,,,,,,,,,
sgf+rule,0,447,a white umbrella,,,,,,,,,,,1.0,,,,,,,,,
sgf+rule,0,448,a red suitcase,,,,,,,,,,,1.0,,,,,,,,,
sgf+rule,0,449,a green suitcase,,,,,,,,,,,1.0,,,,,,,,,
sgf+rule,0,450,a blue suitcase,,,,,,,,,,,1.0,,,,,,,,,
sgf+rule,0,451,a yellow suitcase,,,,,,,,,,,1.0,,,,,,,,,
sgf+rule,0,452,an orange suitcase,,,,,,,,,,,1.0,,,,,,,,,
sgf+rule,0,453,a purple suitcase,,,,,,,,,,,0.96875,,,,,,,,,
sgf+rule,0,454,a pink suitcase,,,,,,,,,,,1.0,,,,,,,,,
sgf+rule,0,455,a black suitcase,,,,,,,,,,,1.0,,,,,,,,,
sgf+rule,0,456,a white suitcase,,,,,,,,,,,1.0,,,,,,,,,
sgf+rule,0,457,a red bowl,,,,,,,,,,,1.0,,,,,,,,,
sgf+rule,0,458,a green bowl,,,,,,,,,,,,,,,,,,,,
sgf+rule,0,459,a blue bowl,,,,,,,,,,,1.0,,,,,,,,,
sgf+rule,0,460,a yellow bowl,,,,,,,,,,,1.0,,,,,,,,,
sgf+rule,0,461,an orange bowl,,,,,,,,,,,1.0,,,,,,,,,
sgf+rule,0,462,a purple bowl,,,,,,,,,,,1.0,,,,,,,,,
sgf+rule,0,463,a pink bowl,,,,,,,,,,,1.0,,,,,,,,,
sgf+rule,0,464,a black bowl,,,,,,,,,,,1.0,,,,,,,,,
sgf+rule,0,465,a white bowl,,,,,,,,,,,1.0,,,,,,,,,
sgf+rule,0,466,a red chair,,,,,,,,,,,1.0,,,,,,,,,
sgf+rule,0,467,a green chair,,,,,,,,,,,1.0,,,,,,,,,
sgf+rule,0,468,a blue chair,,,,,,,,,,,1.0,,,,,,,,,
sgf+rule,0,469,a yellow chair,,,,,,,,,,,0.7229166666666667,,,,,,,,,
sgf+rule,0,470,an orange chair,,,,,,,,,,,1.0,,,,,,,,,
sgf+rule,0,471,a purple chair,,,,,,,,,,,1.0,,,,,,,,,
sgf+rule,0,472,a pink chair,,,,,,,,,,,1.0,,,,,,,,,
sgf+rule,0,473,a black chair,,,,,,,,,,,0.8179166666666667,,,,,,,,,
sgf+rule,0,474,a white chair,,,,,,,,,,,1.0,,,,,,,,,
sgf+rule,0,475,a red clock,,,,,,,,,,,0.01722222222222222,,,,,,,,,
sgf+rule,0,476,a green clock,,,,,,,,,,,1.0,,,,,,,,,
sgf+rule,0,477,a blue clock,,,,,,,,,,,1.0,,,,,,,,,
sgf+rule,0,478,a yellow clock,,,,,,,,,,,0.15916606541606543,,,,,,,,,
sgf+rule,0,479,an orange clock,,,,,,,,,,,1.0,,,,,,,,,
sgf+rule,0,480,a purple clock,,,,,,,,,,,0.8505436230436231,,,,,,,,,
sgf+rule,0,481,a pink clock,,,,,,,,,,,1.0,,,,,,,,,
sgf+rule,0,482,a black clock,,,,,,,,,,,0.9479166666666666,,,,,,,,,
sgf+rule,0,483,a white clock,,,,,,,,,,,0.686092796092796,,,,,,,,,
sgf+rule,0,484,a red vase,,,,,,,,,,,1.0,,,,,,,,,
sgf+rule,0,485,a green vase,,,,,,,,,,,0.9852216748768472,,,,,,,,,
sgf+rule,0,486,a blue vase,,,,,,,,,,,1.0,,,,,,,,,
sgf+rule,0,487,a yellow vase,,,,,,,,,,,0.43333333333333335,,,,,,,,,
sgf+rule,0,488,an orange vase,,,,,,,,,,,0.876808608058608,,,,,,,,,
sgf+rule,0,489,a purple vase,,,,,,,,,,,1.0,,,,,,,,,
sgf+rule,0,490,a pink vase,,,,,,,,,,,1.0,,,,,,,,,
sgf+rule,0,491,a black vase,,,,,,,,,,,1.0,,,,,,,,,
sgf+rule,0,492,a white vase,,,,,,,,,,,1.0,,,,,,,,,
sgf+rule,0,493,"A beautiful coastal beach in spring, waves lapping on sand, Van Gogh style",,,,,,,,,,,,,,0.19882503255208336,,,,,,
sgf+rule,0,494,"A beautiful coastal beach in spring, waves lapping on sand, oil painting",,,,,,,,,,,,,,0.21673193359374998,,,,,,
sgf+rule,0,495,"A beautiful coastal beach in spring, waves lapping on sand by Hokusai, in the style of Ukiyo",,,,,,,,,,,,,,0.23916634114583335,,,,,,
sgf+rule,0,496,"A beautiful coastal beach in spring, waves lapping on sand, black and white",,,,,,,,,,,,,,0.18622802734374996,,,,,,
sgf+rule,0,497,"A beautiful coastal beach in spring, waves lapping on sand, pixel art",,,,,,,,,,,,,,0.2751643880208333,,,,,,
sgf+rule,0,498,"A beautiful coastal beach in spring, waves lapping on sand, in cyberpunk style",,,,,,,,,,,,,,0.2307353515625,,,,,,
sgf+rule,0,499,"A beautiful coastal beach in spring, waves lapping on sand, animated style",,,,,,,,,,,,,,0.23416048177083332,,,,,,
sgf+rule,0,500,"A beautiful coastal beach in spring, waves lapping on sand, watercolor painting",,,,,,,,,,,,,,0.22118440755208335,,,,,,
sgf+rule,0,501,"A beautiful coastal beach in spring, waves lapping on sand, surrealism style",,,,,,,,,,,,,,0.24415380859375,,,,,,
sgf+rule,0,502,"The bund Shanghai, Van Gogh style",,,,,,,,,,,,,,0.14177677408854167,,,,,,
sgf+rule,0,503,"The bund Shanghai, oil painting",,,,,,,,,,,,,,0.18524983723958333,,,,,,
sgf+rule,0,504,"The bund Shanghai by Hokusai, in the style of Ukiyo",,,,,,,,,,,,,,0.25558154296875,,,,,,
sgf+rule,0,505,"The bund Shanghai, black and white",,,,,,,,,,,,,,0.21995947265625002,,,,,,
sgf+rule,0,506,"The bund Shanghai, pixel art",,,,,,,,,,,,,,0.18691145833333334,,,,,,
sgf+rule,0,507,"The bund Shanghai, in cyberpunk style",,,,,,,,,,,,,,0.24663590494791665,,,,,,
sgf+rule,0,508,"The bund Shanghai, animated style",,,,,,,,,,,,,,0.2324368489583333,,,,,,
sgf+rule,0,509,"The bund Shanghai, watercolor painting",,,,,,,,,,,,,,0.1850498046875,,,,,,
sgf+rule,0,510,"The bund Shanghai, surrealism style",,,,,,,,,,,,,,0.2264749348958333,,,,,,
sgf+rule,0,511,"a shark is swimming in the ocean, Van Gogh style",,,,,,,,,,,,,,0.17936303710937504,,,,,,
sgf+rule,0,512,"a shark is swimming in the ocean, oil painting",,,,,,,,,,,,,,0.20245947265625,,,,,,
sgf+rule,0,513,"a shark is swimming in the ocean by Hokusai, in the style of Ukiyo",,,,,,,,,,,,,,0.17575569661458335,,,,,,
sgf+rule,0,514,"a shark is swimming in the ocean, black and white",,,,,,,,,,,,,,0.20324121093749997,,,,,,
sgf+rule,0,515,"a shark is swimming in the ocean, pixel art",,,,,,,,,,,,,,0.20786637369791666,,,,,,
sgf+rule,0,516,"a shark is swimming in the ocean, in cyberpunk style",,,,,,,,,,,,,,0.2173907877604167,,,,,,
sgf+rule,0,517,"a shark is swimming in the ocean, animated style",,,,,,,,,,,,,,0.2224039713541667,,,,,,
sgf+rule,0,518,"a shark is swimming in the ocean, watercolor painting",,,,,,,,,,,,,,0.19836393229166666,,,,,,
sgf+rule,0,519,"a shark is swimming in the ocean, surrealism style",,,,,,,,,,,,,,0.20661360677083335,,,,,,
sgf+rule,0,520,"A panda drinking coffee in a cafe in Paris, Van Gogh style",,,,,,,,,,,,,,0.15197290039062497,,,,,,
sgf+rule,0,521,"A panda drinking coffee in a cafe in Paris, oil painting",,,,,,,,,,,,,,0.20891178385416664,,,,,,
sgf+rule,0,522,"A panda drinking coffee in a cafe in Paris by Hokusai, in the style of Ukiyo",,,,,,,,,,,,,,0.1893662109375,,,,,,
sgf+rule,0,523,"A panda drinking coffee in a cafe in Paris, black and white",,,,,,,,,,,,,,0.2000621744791667,,,,,,
sgf+rule,0,524,"A panda drinking coffee in a cafe in Paris, pixel art",,,,,,,,,,,,,,0.1982428385416667,,,,,,
sgf+rule,0,525,"A panda drinking coffee in a cafe in Paris, in cyberpunk style",,,,,,,,,,,,,,0.21296647135416663,,,,,,
sgf+rule,0,526,"A panda drinking coffee in a cafe in Paris, animated style",,,,,,,,,,,,,,0.2403323567708333,,,,,,
sgf+rule,0,527,"A panda drinking coffee in a cafe in Paris, watercolor painting",,,,,,,,,,,,,,0.19646630859375003,,,,,,
sgf+rule,0,528,"A panda drinking coffee in a cafe in Paris, surrealism style",,,,,,,,,,,,,,0.21976839192708333,,,,,,
sgf+rule,0,529,"A cute happy Corgi playing in park, sunset, Van Gogh style",,,,,,,,,,,,,,0.18410343424479167,,,,,,
sgf+rule,0,530,"A cute happy Corgi playing in park, sunset, oil painting",,,,,,,,,,,,,,0.21849820963541663,,,,,,
sgf+rule,0,531,"A cute happy Corgi playing in park, sunset by Hokusai, in the style of Ukiyo",,,,,,,,,,,,,,0.19227490234374997,,,,,,
sgf+rule,0,532,"A cute happy Corgi playing in park, sunset, black and white",,,,,,,,,,,,,,0.1772903645833334,,,,,,
sgf+rule,0,533,"A cute happy Corgi playing in park, sunset, pixel art",,,,,,,,,,,,,,0.2062654622395833,,,,,,
sgf+rule,0,534,"A cute happy Corgi playing in park, sunset, in cyberpunk style",,,,,,,,,,,,,,0.2088629557291667,,,,,,
sgf+rule,0,535,"A cute happy Corgi playing in park, sunset, animated style",,,,,,,,,,,,,,0.23067789713541667,,,,,,
sgf+rule,0,536,"A cute happy Corgi playing in park, sunset, watercolor painting",,,,,,,,,,,,,,0.21119091796874997,,,,,,
sgf+rule,0,537,"A cute happy Corgi playing in park, sunset, surrealism style",,,,,,,,,,,,,,0.2364142252604167,,,,,,
sgf+rule,0,538,"Gwen Stacy reading a book, Van Gogh style",,,,,,,,,,,,,,0.1706095377604167,,,,,,
sgf+rule,0,539,"Gwen Stacy reading a book, oil painting",,,,,,,,,,,,,,0.19893375651041664,,,,,,
sgf+rule,0,540,"Gwen Stacy reading a book by Hokusai, in the style of Ukiyo",,,,,,,,,,,,,,0.2789739583333333,,,,,,
sgf+rule,0,541,"Gwen Stacy reading a book, black and white",,,,,,,,,,,,,,0.22563541666666667,,,,,,
sgf+rule,0,542,"Gwen Stacy reading a book, pixel art",,,,,,,,,,,,,,0.2773331705729166,,,,,,
sgf+rule,0,543,"Gwen Stacy reading a book, in cyberpunk style",,,,,,,,,,,,,,0.2331476236979167,,,,,,
sgf+rule,0,544,"Gwen Stacy reading a book, animated style",,,,,,,,,,,,,,0.2526930338541667,,,,,,
sgf+rule,0,545,"Gwen Stacy reading a book, watercolor painting",,,,,,,,,,,,,,0.2212255859375,,,,,,
sgf+rule,0,546,"Gwen Stacy reading a book, surrealism style",,,,,,,,,,,,,,0.21763834635416668,,,,,,
sgf+rule,0,547,"A boat sailing leisurely along the Seine River with the Eiffel Tower in background, Van Gogh style",,,,,,,,,,,,,,0.2206759440104167,,,,,,
sgf+rule,0,548,"A boat sailing leisurely along the Seine River with the Eiffel Tower in background, oil painting",,,,,,,,,,,,,,0.20841373697916668,,,,,,
sgf+rule,0,549,"A boat sailing leisurely along the Seine River with the Eiffel Tower in background by Hokusai, in the style of Ukiyo",,,,,,,,,,,,,,0.14774080403645837,,,,,,
sgf+rule,0,550,"A boat sailing leisurely along the Seine River with the Eiffel Tower in background, black and white",,,,,,,,,,,,,,0.1755463053385417,,,,,,
sgf+rule,0,551,"A boat sailing leisurely along the Seine River with the Eiffel Tower in background, pixel art",,,,,,,,,,,,,,0.22941992187500002,,,,,,
sgf+rule,0,552,"A boat sailing leisurely along the Seine River with the Eiffel Tower in background, in cyberpunk style",,,,,,,,,,,,,,0.2568323567708333,,,,,,
sgf+rule,0,553,"A boat sailing leisurely along the Seine River with the Eiffel Tower in background, animated style",,,,,,,,,,,,,,0.21660270182291666,,,,,,
sgf+rule,0,554,"A boat sailing leisurely along the Seine River with the Eiffel Tower in background, watercolor painting",,,,,,,,,,,,,,0.24637467447916667,,,,,,
sgf+rule,0,555,"A boat sailing leisurely along the Seine River with the Eiffel Tower in background, surrealism style",,,,,,,,,,,,,,0.2453601888020833,,,,,,
sgf+rule,0,556,"A couple in formal evening wear going home get caught in a heavy downpour with umbrellas, Van Gogh style",,,,,,,,,,,,,,0.20512548828125005,,,,,,
sgf+rule,0,557,"A couple in formal evening wear going home get caught in a heavy downpour with umbrellas, oil painting",,,,,,,,,,,,,,0.18533430989583335,,,,,,
sgf+rule,0,558,"A couple in formal evening wear going home get caught in a heavy downpour with umbrellas by Hokusai, in the style of Ukiyo",,,,,,,,,,,,,,0.1720225423177083,,,,,,
sgf+rule,0,559,"A couple in formal evening wear going home get caught in a heavy downpour with umbrellas, black and white",,,,,,,,,,,,,,0.18806250000000002,,,,,,
sgf+rule,0,560,"A couple in formal evening wear going home get caught in a heavy downpour with umbrellas, pixel art",,,,,,,,,,,,,,0.2135066731770833,,,,,,
sgf+rule,0,561,"A couple in formal evening wear going home get caught in a heavy downpour with umbrellas, in cyberpunk style",,,,,,,,,,,,,,0.20006640624999997,,,,,,
sgf+rule,0,562,"A couple in formal evening wear going home get caught in a heavy downpour with umbrellas, animated style",,,,,,,,,,,,,,0.23837451171875002,,,,,,
sgf+rule,0,563,"A couple in formal evening wear going home get caught in a heavy downpour with umbrellas, watercolor painting",,,,,,,,,,,,,,0.19476643880208336,,,,,,
sgf+rule,0,564,"A couple in formal evening wear going home get caught in a heavy downpour with umbrellas, surrealism style",,,,,,,,,,,,,,0.21422639973958332,,,,,,
sgf+rule,0,565,"An astronaut flying in space, Van Gogh style",,,,,,,,,,,,,,0.22948958333333336,,,,,,
sgf+rule,0,566,"An astronaut flying in space, oil painting",,,,,,,,,,,,,,0.16923933919270834,,,,,,
sgf+rule,0,567,"An astronaut flying in space by Hokusai, in the style of Ukiyo",,,,,,,,,,,,,,0.17721240234375,,,,,,
sgf+rule,0,568,"An astronaut flying in space, black and white",,,,,,,,,,,,,,0.17270141601562503,,,,,,
sgf+rule,0,569,"An astronaut flying in space, pixel art",,,,,,,,,,,,,,0.19214811197916667,,,,,,
sgf+rule,0,570,"An astronaut flying in space, in cyberpunk style",,,,,,,,,,,,,,0.24028987630208334,,,,,,
sgf+rule,0,571,"An astronaut flying in space, animated style",,,,,,,,,,,,,,0.2259431966145833,,,,,,
sgf+rule,0,572,"An astronaut flying in space, watercolor painting",,,,,,,,,,,,,,0.1789109700520833,,,,,,
sgf+rule,0,573,"An astronaut flying in space, surrealism style",,,,,,,,,,,,,,0.21207275390625,,,,,,
sgf+rule,0,574,"Snow rocky mountains peaks canyon. snow blanketed rocky mountains surround and shadow deep canyons. the canyons twist and bend through the high elevated mountain peaks, Van Gogh style",,,,,,,,,,,,,,0.16214851888020834,,,,,,
sgf+rule,0,575,"Snow rocky mountains peaks canyon. snow blanketed rocky mountains surround and shadow deep canyons. the canyons twist and bend through the high elevated mountain peaks, oil painting",,,,,,,,,,,,,,0.18880061848958332,,,,,,
sgf+rule,0,576,"Snow rocky mountains peaks canyon. snow blanketed rocky mountains surround and shadow deep canyons. the canyons twist and bend through the high elevated mountain peaks by Hokusai, in the style of Ukiyo",,,,,,,,,,,,,,0.15286686197916668,,,,,,
sgf+rule,0,577,"Snow rocky mountains peaks canyon. snow blanketed rocky mountains surround and shadow deep canyons. the canyons twist and bend through the high elevated mountain peaks, black and white",,,,,,,,,,,,,,0.16968017578125,,,,,,
sgf+rule,0,578,"Snow rocky mountains peaks canyon. snow blanketed rocky mountains surround and shadow deep canyons. the canyons twist and bend through the high elevated mountain peaks, pixel art",,,,,,,,,,,,,,0.19048111979166665,,,,,,
sgf+rule,0,579,"Snow rocky mountains peaks canyon. snow blanketed rocky mountains surround and shadow deep canyons. the canyons twist and bend through the high elevated mountain peaks, in cyberpunk style",,,,,,,,,,,,,,0.20280566406249995,,,,,,
sgf+rule,0,580,"Snow rocky mountains peaks canyon. snow blanketed rocky mountains surround and shadow deep canyons. the canyons twist and bend through the high elevated mountain peaks, animated style",,,,,,,,,,,,,,0.21006380208333336,,,,,,
sgf+rule,0,581,"Snow rocky mountains peaks canyon. snow blanketed rocky mountains surround and shadow deep canyons. the canyons twist and bend through the high elevated mountain peaks, watercolor painting",,,,,,,,,,,,,,0.18141487630208333,,,,,,
sgf+rule,0,582,"Snow rocky mountains peaks canyon. snow blanketed rocky mountains surround and shadow deep canyons. the canyons twist and bend through the high elevated mountain peaks, surrealism style",,,,,,,,,,,,,,0.18797916666666664,,,,,,
sgf+rule,0,583,"A beautiful coastal beach in spring, waves lapping on sand, in super slow motion",,,,,,,,,,,,,,,0.12137871235609055,,,,,
sgf+rule,0,584,"A beautiful coastal beach in spring, waves lapping on sand, zoom in",,,,,,,,,,,,,,,0.14333636810382208,,,,,
sgf+rule,0,585,"A beautiful coastal beach in spring, waves lapping on sand, zoom out",,,,,,,,,,,,,,,0.18852919340133667,,,,,
sgf+rule,0,586,"A beautiful coastal beach in spring, waves lapping on sand, pan left",,,,,,,,,,,,,,,0.13794613381226858,,,,,
sgf+rule,0,587,"A beautiful coastal beach in spring, waves lapping on sand, pan right",,,,,,,,,,,,,,,0.20843809098005295,,,,,
sgf+rule,0,588,"A beautiful coastal beach in spring, waves lapping on sand, tilt up",,,,,,,,,,,,,,,0.2255889947215716,,,,,
sgf+rule,0,589,"A beautiful coastal beach in spring, waves lapping on sand, tilt down",,,,,,,,,,,,,,,0.16613578548034033,,,,,
sgf+rule,0,590,"A beautiful coastal beach in spring, waves lapping on sand, with an intense shaking effect",,,,,,,,,,,,,,,0.12250256165862083,,,,,
sgf+rule,0,591,"A beautiful coastal beach in spring, waves lapping on sand, featuring a steady and smooth perspective",,,,,,,,,,,,,,,0.20994395514329275,,,,,
sgf+rule,0,592,"A beautiful coastal beach in spring, waves lapping on sand, racking focus",,,,,,,,,,,,,,,0.21790291368961334,,,,,
sgf+rule,0,593,"The bund Shanghai, in super slow motion",,,,,,,,,,,,,,,0.2138060430685679,,,,,
sgf+rule,0,594,"The bund Shanghai, zoom in",,,,,,,,,,,,,,,0.24556676546732584,,,,,
sgf+rule,0,595,"The bund Shanghai, zoom out",,,,,,,,,,,,,,,0.23078477382659912,,,,,
sgf+rule,0,596,"The bund Shanghai, pan left",,,,,,,,,,,,,,,0.24641350905100504,,,,,
sgf+rule,0,597,"The bund Shanghai, pan right",,,,,,,,,,,,,,,0.2255283643802007,,,,,
sgf+rule,0,598,"The bund Shanghai, tilt up",,,,,,,,,,,,,,,0.24040455371141434,,,,,
sgf+rule,0,599,"The bund Shanghai, tilt down",,,,,,,,,,,,,,,0.2478414848446846,,,,,
sgf+rule,0,600,"The bund Shanghai, with an intense shaking effect",,,,,,,,,,,,,,,0.2051392917831739,,,,,
sgf+rule,0,601,"The bund Shanghai, featuring a steady and smooth perspective",,,,,,,,,,,,,,,0.23090857764085135,,,,,
sgf+rule,0,602,"The bund Shanghai, racking focus",,,,,,,,,,,,,,,0.23383276909589767,,,,,
sgf+rule,0,603,"a shark is swimming in the ocean, in super slow motion",,,,,,,,,,,,,,,0.1708524525165558,,,,,
sgf+rule,0,604,"a shark is swimming in the ocean, zoom in",,,,,,,,,,,,,,,0.18078445394833884,,,,,
sgf+rule,0,605,"a shark is swimming in the ocean, zoom out",,,,,,,,,,,,,,,0.1755802035331726,,,,,
sgf+rule,0,606,"a shark is swimming in the ocean, pan left",,,,,,,,,,,,,,,0.14900334179401398,,,,,
sgf+rule,0,607,"a shark is swimming in the ocean, pan right",,,,,,,,,,,,,,,0.17153062919775644,,,,,
sgf+rule,0,608,"a shark is swimming in the ocean, tilt up",,,,,,,,,,,,,,,0.1706006849805514,,,,,
sgf+rule,0,609,"a shark is swimming in the ocean, tilt down",,,,,,,,,,,,,,,0.1647766058643659,,,,,
sgf+rule,0,610,"a shark is swimming in the ocean, with an intense shaking effect",,,,,,,,,,,,,,,0.20550883809725443,,,,,
sgf+rule,0,611,"a shark is swimming in the ocean, featuring a steady and smooth perspective",,,,,,,,,,,,,,,0.20266793916622797,,,,,
sgf+rule,0,612,"a shark is swimming in the ocean, racking focus",,,,,,,,,,,,,,,0.18084003031253815,,,,,
sgf+rule,0,613,"A panda drinking coffee in a cafe in Paris, in super slow motion",,,,,,,,,,,,,,,0.2690071165561676,,,,,
sgf+rule,0,614,"A panda drinking coffee in a cafe in Paris, zoom in",,,,,,,,,,,,,,,0.29364896317323047,,,,,
sgf+rule,0,615,"A panda drinking coffee in a cafe in Paris, zoom out",,,,,,,,,,,,,,,0.26784099141756695,,,,,
sgf+rule,0,616,"A panda drinking coffee in a cafe in Paris, pan left",,,,,,,,,,,,,,,0.273602157831192,,,,,
sgf+rule,0,617,"A panda drinking coffee in a cafe in Paris, pan right",,,,,,,,,,,,,,,0.26565789182980853,,,,,
sgf+rule,0,618,"A panda drinking coffee in a cafe in Paris, tilt up",,,,,,,,,,,,,,,0.2328112373749415,,,,,
sgf+rule,0,619,"A panda drinking coffee in a cafe in Paris, tilt down",,,,,,,,,,,,,,,0.28607606887817383,,,,,
sgf+rule,0,620,"A panda drinking coffee in a cafe in Paris, with an intense shaking effect",,,,,,,,,,,,,,,0.2756185680627823,,,,,
sgf+rule,0,621,"A panda drinking coffee in a cafe in Paris, featuring a steady and smooth perspective",,,,,,,,,,,,,,,0.2723631610472997,,,,,
sgf+rule,0,622,"A panda drinking coffee in a cafe in Paris, racking focus",,,,,,,,,,,,,,,0.2430928349494934,,,,,
sgf+rule,0,623,"A cute happy Corgi playing in park, sunset, in super slow motion",,,,,,,,,,,,,,,0.29544901847839355,,,,,
sgf+rule,0,624,"A cute happy Corgi playing in park, sunset, zoom in",,,,,,,,,,,,,,,0.2620612060030301,,,,,
sgf+rule,0,625,"A cute happy Corgi playing in park, sunset, zoom out",,,,,,,,,,,,,,,0.2868770658969879,,,,,
sgf+rule,0,626,"A cute happy Corgi playing in park, sunset, pan left",,,,,,,,,,,,,,,0.2558513383070628,,,,,
sgf+rule,0,627,"A cute happy Corgi playing in park, sunset, pan right",,,,,,,,,,,,,,,0.28632351259390515,,,,,
sgf+rule,0,628,"A cute happy Corgi playing in park, sunset, tilt up",,,,,,,,,,,,,,,0.2979957063992818,,,,,
sgf+rule,0,629,"A cute happy Corgi playing in park, sunset, tilt down",,,,,,,,,,,,,,,0.2831915070613225,,,,,
sgf+rule,0,630,"A cute happy Corgi playing in park, sunset, with an intense shaking effect",,,,,,,,,,,,,,,0.2823840131362279,,,,,
sgf+rule,0,631,"A cute happy Corgi playing in park, sunset, featuring a steady and smooth perspective",,,,,,,,,,,,,,,0.2663462807734807,,,,,
sgf+rule,0,632,"A cute happy Corgi playing in park, sunset, racking focus",,,,,,,,,,,,,,,0.29718218743801117,,,,,
sgf+rule,0,633,"Gwen Stacy reading a book, in super slow motion",,,,,,,,,,,,,,,0.2839801957209905,,,,,
sgf+rule,0,634,"Gwen Stacy reading a book, zoom in",,,,,,,,,,,,,,,0.2884795169035594,,,,,
sgf+rule,0,635,"Gwen Stacy reading a book, zoom out",,,,,,,,,,,,,,,0.19946474333604178,,,,,
sgf+rule,0,636,"Gwen Stacy reading a book, pan left",,,,,,,,,,,,,,,0.23688673228025436,,,,,
sgf+rule,0,637,"Gwen Stacy reading a book, pan right",,,,,,,,,,,,,,,0.24472087870041528,,,,,
sgf+rule,0,638,"Gwen Stacy reading a book, tilt up",,,,,,,,,,,,,,,0.23050120224555334,,,,,
sgf+rule,0,639,"Gwen Stacy reading a book, tilt down",,,,,,,,,,,,,,,0.18172424534956613,,,,,
sgf+rule,0,640,"Gwen Stacy reading a book, with an intense shaking effect",,,,,,,,,,,,,,,0.27192433675130206,,,,,
sgf+rule,0,641,"Gwen Stacy reading a book, featuring a steady and smooth perspective",,,,,,,,,,,,,,,0.2658321112394333,,,,,
sgf+rule,0,642,"Gwen Stacy reading a book, racking focus",,,,,,,,,,,,,,,0.21995841960112253,,,,,
sgf+rule,0,643,"A boat sailing leisurely along the Seine River with the Eiffel Tower in background, in super slow motion",,,,,,,,,,,,,,,0.27927515904108685,,,,,
sgf+rule,0,644,"A boat sailing leisurely along the Seine River with the Eiffel Tower in background, zoom in",,,,,,,,,,,,,,,0.20764480779568353,,,,,
sgf+rule,0,645,"A boat sailing leisurely along the Seine River with the Eiffel Tower in background, zoom out",,,,,,,,,,,,,,,0.15773806472619376,,,,,
sgf+rule,0,646,"A boat sailing leisurely along the Seine River with the Eiffel Tower in background, pan left",,,,,,,,,,,,,,,0.18991441776355109,,,,,
sgf+rule,0,647,"A boat sailing leisurely along the Seine River with the Eiffel Tower in background, pan right",,,,,,,,,,,,,,,0.16955150167147318,,,,,
sgf+rule,0,648,"A boat sailing leisurely along the Seine River with the Eiffel Tower in background, tilt up",,,,,,,,,,,,,,,0.18723124514023462,,,,,
sgf+rule,0,649,"A boat sailing leisurely along the Seine River with the Eiffel Tower in background, tilt down",,,,,,,,,,,,,,,0.15721064805984497,,,,,
sgf+rule,0,650,"A boat sailing leisurely along the Seine River with the Eiffel Tower in background, with an intense shaking effect",,,,,,,,,,,,,,,0.21996728082497916,,,,,
sgf+rule,0,651,"A boat sailing leisurely along the Seine River with the Eiffel Tower in background, featuring a steady and smooth perspective",,,,,,,,,,,,,,,0.24169265975554785,,,,,
sgf+rule,0,652,"A boat sailing leisurely along the Seine River with the Eiffel Tower in background, racking focus",,,,,,,,,,,,,,,0.15079756826162338,,,,,
sgf+rule,0,653,"A couple in formal evening wear going home get caught in a heavy downpour with umbrellas, in super slow motion",,,,,,,,,,,,,,,0.27790587147076923,,,,,
sgf+rule,0,654,"A couple in formal evening wear going home get caught in a heavy downpour with umbrellas, zoom in",,,,,,,,,,,,,,,0.2033748279015223,,,,,
sgf+rule,0,655,"A couple in formal evening wear going home get caught in a heavy downpour with umbrellas, zoom out",,,,,,,,,,,,,,,0.22306475540002188,,,,,
sgf+rule,0,656,"A couple in formal evening wear going home get caught in a heavy downpour with umbrellas, pan left",,,,,,,,,,,,,,,0.2611791094144185,,,,,
sgf+rule,0,657,"A couple in formal evening wear going home get caught in a heavy downpour with umbrellas, pan right",,,,,,,,,,,,,,,0.23093146085739136,,,,,
sgf+rule,0,658,"A couple in formal evening wear going home get caught in a heavy downpour with umbrellas, tilt up",,,,,,,,,,,,,,,0.2420955573519071,,,,,
sgf+rule,0,659,"A couple in formal evening wear going home get caught in a heavy downpour with umbrellas, tilt down",,,,,,,,,,,,,,,0.24971002340316772,,,,,
sgf+rule,0,660,"A couple in formal evening wear going home get caught in a heavy downpour with umbrellas, with an intense shaking effect",,,,,,,,,,,,,,,0.24880459159612656,,,,,
sgf+rule,0,661,"A couple in formal evening wear going home get caught in a heavy downpour with umbrellas, featuring a steady and smooth perspective",,,,,,,,,,,,,,,0.2760076920191447,,,,,
sgf+rule,0,662,"A couple in formal evening wear going home get caught in a heavy downpour with umbrellas, racking focus",,,,,,,,,,,,,,,0.27441392838954926,,,,,
sgf+rule,0,663,"An astronaut flying in space, in super slow motion",,,,,,,,,,,,,,,0.14402559647957483,,,,,
sgf+rule,0,664,"An astronaut flying in space, zoom in",,,,,,,,,,,,,,,0.16780220965544382,,,,,
sgf+rule,0,665,"An astronaut flying in space, zoom out",,,,,,,,,,,,,,,0.16216080635786057,,,,,
sgf+rule,0,666,"An astronaut flying in space, pan left",,,,,,,,,,,,,,,0.11956765005985896,,,,,
sgf+rule,0,667,"An astronaut flying in space, pan right",,,,,,,,,,,,,,,0.17166347801685333,,,,,
sgf+rule,0,668,"An astronaut flying in space, tilt up",,,,,,,,,,,,,,,0.1643678123752276,,,,,
sgf+rule,0,669,"An astronaut flying in space, tilt down",,,,,,,,,,,,,,,0.17385819305976233,,,,,
sgf+rule,0,670,"An astronaut flying in space, with an intense shaking effect",,,,,,,,,,,,,,,0.18916274855534235,,,,,
sgf+rule,0,671,"An astronaut flying in space, featuring a steady and smooth perspective",,,,,,,,,,,,,,,0.19063516209522882,,,,,
sgf+rule,0,672,"An astronaut flying in space, racking focus",,,,,,,,,,,,,,,0.1956222802400589,,,,,
sgf+rule,0,673,"Snow rocky mountains peaks canyon. snow blanketed rocky mountains surround and shadow deep canyons. the canyons twist and bend through the high elevated mountain peaks, in super slow motion",,,,,,,,,,,,,,,0.25479650994141895,,,,,
sgf+rule,0,674,"Snow rocky mountains peaks canyon. snow blanketed rocky mountains surround and shadow deep canyons. the canyons twist and bend through the high elevated mountain peaks, zoom in",,,,,,,,,,,,,,,0.2449433133006096,,,,,
sgf+rule,0,675,"Snow rocky mountains peaks canyon. snow blanketed rocky mountains surround and shadow deep canyons. the canyons twist and bend through the high elevated mountain peaks, zoom out",,,,,,,,,,,,,,,0.2742377370595932,,,,,
sgf+rule,0,676,"Snow rocky mountains peaks canyon. snow blanketed rocky mountains surround and shadow deep canyons. the canyons twist and bend through the high elevated mountain peaks, pan left",,,,,,,,,,,,,,,0.2676643778880437,,,,,
sgf+rule,0,677,"Snow rocky mountains peaks canyon. snow blanketed rocky mountains surround and shadow deep canyons. the canyons twist and bend through the high elevated mountain peaks, pan right",,,,,,,,,,,,,,,0.2333665813008944,,,,,
sgf+rule,0,678,"Snow rocky mountains peaks canyon. snow blanketed rocky mountains surround and shadow deep canyons. the canyons twist and bend through the high elevated mountain peaks, tilt up",,,,,,,,,,,,,,,0.24404869973659515,,,,,
sgf+rule,0,679,"Snow rocky mountains peaks canyon. snow blanketed rocky mountains surround and shadow deep canyons. the canyons twist and bend through the high elevated mountain peaks, tilt down",,,,,,,,,,,,,,,0.21863573292891184,,,,,
sgf+rule,0,680,"Snow rocky mountains peaks canyon. snow blanketed rocky mountains surround and shadow deep canyons. the canyons twist and bend through the high elevated mountain peaks, with an intense shaking effect",,,,,,,,,,,,,,,0.2283261443177859,,,,,
sgf+rule,0,681,"Snow rocky mountains peaks canyon. snow blanketed rocky mountains surround and shadow deep canyons. the canyons twist and bend through the high elevated mountain peaks, featuring a steady and smooth perspective",,,,,,,,,,,,,,,0.25923966864744824,,,,,
sgf+rule,0,682,"Snow rocky mountains peaks canyon. snow blanketed rocky mountains surround and shadow deep canyons. the canyons twist and bend through the high elevated mountain peaks, racking focus",,,,,,,,,,,,,,,0.23033913473288217,,,,,
sgf+rule,0,683,Close up of grapes on a rotating table.,,,,,0.5853472650051117,0.7251224099000296,,,,,,,,,,0.20890065282583237,,,,
sgf+rule,0,684,Turtle swimming in ocean.,,,,,0.6882785856723785,0.7545247135957083,,,,,,,,,,0.23559594651063284,,,,
sgf+rule,0,685,A storm trooper vacuuming the beach.,,,,,0.7067231833934784,0.7691183621883392,,,,,,,,,,0.24826785176992416,,,,
sgf+rule,0,686,A panda standing on a surfboard in the ocean in sunset.,,,,,0.6605974038441976,0.6629912348985671,,,,,,,,,,0.3433939168850581,,,,
sgf+rule,0,687,"An astronaut feeding ducks on a sunny afternoon, reflection from the water.",,,,,0.6982616384824117,0.7661954987843832,,,,,,,,,,0.30059827864170074,,,,
sgf+rule,0,688,Two pandas discussing an academic paper.,,,,,0.5829796195030212,0.7795794280370076,,,,,,,,,,0.2594494471947352,,,,
sgf+rule,0,689,Sunset time lapse at the beach with moving clouds and colors in the sky.,,,,,0.7487907608350118,0.7429725449085236,,,,,,,,,,0.14622703939676285,,,,
sgf+rule,0,690,A fat rabbit wearing a purple robe walking through a fantasy landscape.,,,,,0.7929765085379282,0.7955794102350872,,,,,,,,,,0.30077646176020306,,,,
sgf+rule,0,691,A koala bear playing piano in the forest.,,,,,0.7320603330930074,0.7584091006914774,,,,,,,,,,0.26774096488952637,,,,
sgf+rule,0,692,An astronaut flying in space.,,,,,0.6733017762502035,0.7432911658287048,,,,,,,,,,0.16836569954951605,,,,
sgf+rule,0,693,Fireworks.,,,,,0.767579197883606,0.5424748647212981,,,,,,,,,,0.20069051285584769,,,,
sgf+rule,0,694,An animated painting of fluffy white clouds moving in sky.,,,,,0.5736118157704672,0.5884154041608175,,,,,,,,,,0.2795197367668152,,,,
sgf+rule,0,695,Flying through fantasy landscapes.,,,,,0.6989968518416086,0.5624662783145905,,,,,,,,,,0.19458924482266107,,,,
sgf+rule,0,696,A bigfoot walking in the snowstorm.,,,,,0.6580644945303599,0.664016417423884,,,,,,,,,,0.24237882594267526,,,,
sgf+rule,0,697,A squirrel eating a burger.,,,,,0.7713199257850647,0.7326645903587341,,,,,,,,,,0.3130210687716802,,,,
sgf+rule,0,698,A cat wearing sunglasses and working as a lifeguard at a pool.,,,,,0.5926997065544128,0.7024131596088409,,,,,,,,,,0.30068405469258624,,,,
sgf+rule,0,699,Snow rocky mountains peaks canyon. snow blanketed rocky mountains surround and shadow deep canyons. the canyons twist and bend through the high elevated mountain peaks.,,,,,0.6248727142810822,0.7658294958273569,,,,,,,,,,0.24112623929977417,,,,
sgf+rule,0,700,"Splash of turquoise water in extreme slow motion, alpha channel included.",,,,,0.6359374125798544,0.6599863052368163,,,,,,,,,,0.18586434175570807,,,,
sgf+rule,0,701,an ice cream is melting on the table.,,,,,0.60235728820165,0.7574251902898154,,,,,,,,,,0.2559984276692073,,,,
sgf+rule,0,702,a drone flying over a snowy forest.,,,,,0.7602085471153259,0.7761206828753152,,,,,,,,,,0.22272463391224542,,,,
sgf+rule,0,703,a shark is swimming in the ocean.,,,,,0.6563413540522257,0.6926610529025395,,,,,,,,,,0.2010475918650627,,,,
sgf+rule,0,704,Aerial panoramic video from a drone of a fantasy land.,,,,,0.6645216544469198,0.7653330056667329,,,,,,,,,,0.16531012207269669,,,,
sgf+rule,0,705,a teddy bear is swimming in the ocean.,,,,,0.7772364020347595,0.7723570155302683,,,,,,,,,,0.2821098466714223,,,,
sgf+rule,0,706,time lapse of sunrise on mars.,,,,,0.6520346701145172,0.6812626918951671,,,,,,,,,,0.21639961749315262,,,,
sgf+rule,0,707,golden fish swimming in the ocean.,,,,,0.6622167825698853,0.7401628903547923,,,,,,,,,,0.23460543900728226,,,,
sgf+rule,0,708,An artist brush painting on a canvas close up.,,,,,0.4161521593729655,0.7387988763650258,,,,,,,,,,0.23590365052223206,,,,
sgf+rule,0,709,"A drone view of celebration with Christmas tree and fireworks, starry sky - background.",,,,,0.7991822163263956,0.6425226491689682,,,,,,,,,,0.21761406461397806,,,,
sgf+rule,0,710,"happy dog wearing a yellow turtleneck, studio, portrait, facing camera, dark background",,,,,0.5736584067344666,0.6942894612153371,,,,,,,,,,0.27147890130678815,,,,
sgf+rule,0,711,"Origami dancers in white paper, 3D render, on white background, studio shot, dancing modern dance.",,,,,0.6680034697055817,0.638522753238678,,,,,,,,,,0.2445340802272161,,,,
sgf+rule,0,712,Campfire at night in a snowy forest with starry sky in the background.,,,,,0.7093516786893209,0.6949094529151917,,,,,,,,,,0.2778918743133545,,,,
sgf+rule,0,713,a fantasy landscape,,,,,0.7472154001394907,0.7750445619424186,,,,,,,,,,0.20916012674570084,,,,
sgf+rule,0,714,A 3D model of a 1800s victorian house.,,,,,0.6748628516991934,0.8072434412638346,,,,,,,,,,0.18708008031050363,,,,
sgf+rule,0,715,this is how I do makeup in the morning.,,,,,0.552369644244512,0.7597194447517396,,,,,,,,,,0.18551109979550043,,,,
sgf+rule,0,716,"A raccoon that looks like a turtle, digital art.",,,,,0.6494763394196829,0.7586606822808584,,,,,,,,,,0.15877076983451843,,,,
sgf+rule,0,717,Robot dancing in Times Square.,,,,,0.8115006585915884,0.7569325904051462,,,,,,,,,,0.25066958367824554,,,,
sgf+rule,0,718,Busy freeway at night.,,,,,0.6028922100861868,0.5977350490887959,,,,,,,,,,0.2563475122054418,,,,
sgf+rule,0,719,Balloon full of water exploding in extreme slow motion.,,,,,0.5951751073201498,0.6772011570930481,,,,,,,,,,0.2399366150299708,,,,
sgf+rule,0,720,An astronaut is riding a horse in the space in a photorealistic style.,,,,,0.6826495031515757,0.6547013680140178,,,,,,,,,,0.3226928561925888,,,,
sgf+rule,0,721,Macro slo-mo. Slow motion cropped closeup of roasted coffee beans falling into an empty bowl.,,,,,0.6184710164864858,0.6788838970263799,,,,,,,,,,0.2713296711444855,,,,
sgf+rule,0,722,"Sewing machine, old sewing machine working.",,,,,0.7224354843298594,0.7624662125110625,,,,,,,,,,0.1983870193362236,,,,
sgf+rule,0,723,"Motion colour drop in water, ink swirling in water, colourful ink in water, abstraction fancy dream cloud of ink.",,,,,0.574417362610499,0.7222368054389953,,,,,,,,,,0.2721135914325714,,,,
sgf+rule,0,724,Few big purple plums rotating on the turntable. water drops appear on the skin during rotation. isolated on the white background. close-up. macro.,,,,,0.6552128493785858,0.6621371721426645,,,,,,,,,,0.2939640035231908,,,,
sgf+rule,0,725,"Vampire makeup face of beautiful girl, red contact lenses.",,,,,0.5460708290338516,0.7275048441092173,,,,,,,,,,0.17258416364590326,,,,
sgf+rule,0,726,"Ashtray full of butts on table, smoke flowing on black background, close-up",,,,,0.5784123341242472,0.6714385848442714,,,,,,,,,,0.27238165338834125,,,,
sgf+rule,0,727,"Pacific coast, carmel by the sea ocean and waves.",,,,,0.6643647054831187,0.7615304751396179,,,,,,,,,,0.0788283534348011,,,,
sgf+rule,0,728,A teddy bear is playing drum kit in NYC Times Square.,,,,,0.8226821422576904,0.7356898664633432,,,,,,,,,,0.32609162231286365,,,,
sgf+rule,0,729,A corgi is playing drum kit.,,,,,0.6528992454210917,0.6606838653882344,,,,,,,,,,0.3086722542842229,,,,
sgf+rule,0,730,"An Iron man is playing the electronic guitar, high electronic guitar.",,,,,0.7416198452313741,0.7732733902931215,,,,,,,,,,0.2997313092152278,,,,
sgf+rule,0,731,A raccoon is playing the electronic guitar.,,,,,0.7080136934916178,0.7241931480566661,,,,,,,,,,0.33938191334406537,,,,
sgf+rule,0,732,A boat sailing leisurely along the Seine River with the Eiffel Tower in background by Vincent van Gogh,,,,,0.7212583422660828,0.7786050871213277,,,,,,,,,,0.20395765950282416,,,,
sgf+rule,0,733,A corgi's head depicted as an explosion of a nebula,,,,,0.7163836856683096,0.6639715861082077,,,,,,,,,,0.32338112592697144,,,,
sgf+rule,0,734,A fantasy landscape,,,,,0.7669658362865448,0.7781843045552571,,,,,,,,,,0.2218173568447431,,,,
sgf+rule,0,735,A future where humans have achieved teleportation technology,,,,,0.7515508135159811,0.7034963366190592,,,,,,,,,,0.20214865853389105,,,,
sgf+rule,0,736,"A jellyfish floating through the ocean, with bioluminescent tentacles",,,,,0.6415194968382517,0.7108257327079773,,,,,,,,,,0.2571314920981725,,,,
sgf+rule,0,737,A Mars rover moving on Mars,,,,,0.6161993443965912,0.7047561999162039,,,,,,,,,,0.22631800919771194,,,,
sgf+rule,0,738,A panda drinking coffee in a cafe in Paris,,,,,0.7500309844811758,0.7660038310686748,,,,,,,,,,0.27763739228248596,,,,
sgf+rule,0,739,"A space shuttle launching into orbit, with flames and smoke billowing out from the engines",,,,,0.7467991511027018,0.6526884469588597,,,,,,,,,,0.21770851562420526,,,,
sgf+rule,0,740,A steam train moving on a mountainside,,,,,0.6393434405326843,0.7598514296213786,,,,,,,,,,0.21591727683941522,,,,
sgf+rule,0,741,A super cool giant robot in Cyberpunk Beijing,,,,,0.7820477982362112,0.7437947199344634,,,,,,,,,,0.22415475795666376,,,,
sgf+rule,0,742,"A tropical beach at sunrise, with palm trees and crystal-clear water in the foreground",,,,,0.7482117116451263,0.722376338760058,,,,,,,,,,0.2708305021127065,,,,
sgf+rule,0,743,"Cinematic shot of Van Gogh's selfie, Van Gogh style",,,,,0.5602145989735922,0.7502022150357565,,,,,,,,,,0.09293315807978313,,,,
sgf+rule,0,744,Gwen Stacy reading a book,,,,,0.7046196361382803,0.7674823412100474,,,,,,,,,,0.18453659365574518,,,,
sgf+rule,0,745,Iron Man flying in the sky,,,,,0.6348233024279276,0.7887858737309773,,,,,,,,,,0.31531885266304016,,,,
sgf+rule,0,746,"The bund Shanghai, oil painting",,,,,0.6768434544404348,0.7906505804856617,,,,,,,,,,0.18414766838153204,,,,
sgf+rule,0,747,Yoda playing guitar on the stage,,,,,0.7465236385663351,0.7692807989915211,,,,,,,,,,0.2870355099439621,,,,
sgf+rule,0,748,"A beautiful coastal beach in spring, waves lapping on sand by Hokusai, in the style of Ukiyo",,,,,0.815952887137731,0.7759200407663981,,,,,,,,,,0.2346321071187655,,,,
sgf+rule,0,749,"A beautiful coastal beach in spring, waves lapping on sand by Vincent van Gogh",,,,,0.7651246786117554,0.7750900453726451,,,,,,,,,,0.08963542059063911,,,,
sgf+rule,0,750,A boat sailing leisurely along the Seine River with the Eiffel Tower in background,,,,,0.7747776309649149,0.7563425973256429,,,,,,,,,,0.15240651617447534,,,,
sgf+rule,0,751,"A car moving slowly on an empty street, rainy evening",,,,,0.616529772679011,0.7051995152632395,,,,,,,,,,0.1580808460712433,,,,
sgf+rule,0,752,A cat eating food out of a bowl,,,,,0.6502303779125214,0.6709074394702913,,,,,,,,,,0.1641821786761284,,,,
sgf+rule,0,753,A cat wearing sunglasses at a pool,,,,,0.6693382859230042,0.75178111855189,,,,,,,,,,0.2785547574361165,,,,
sgf+rule,0,754,A confused panda in calculus class,,,,,0.6287459234396616,0.7919722299575805,,,,,,,,,,0.25980129341284436,,,,
sgf+rule,0,755,A cute fluffy panda eating Chinese food in a restaurant,,,,,0.7439083655675253,0.7916539942423503,,,,,,,,,,0.2887178063392639,,,,
sgf+rule,0,756,"A cute happy Corgi playing in park, sunset",,,,,0.7127246061960856,0.6828543383280437,,,,,,,,,,0.2785806655883789,,,,
sgf+rule,0,757,A cute raccoon playing guitar in a boat on the ocean,,,,,0.7100547154744467,0.74435791238149,,,,,,,,,,0.37973886728286743,,,,
sgf+rule,0,758,"A happy fuzzy panda playing guitar nearby a campfire, snow mountain in the background",,,,,0.6664011975129446,0.7489097123146058,,,,,,,,,,0.36053647100925446,,,,
sgf+rule,0,759,"A lightning striking atop of eiffel tower, dark clouds in the sky",,,,,0.5666621824105581,0.6684392613172531,,,,,,,,,,0.2262997105717659,,,,
sgf+rule,0,760,"A modern art museum, with colorful paintings",,,,,0.5331475734710693,0.7432403020064036,,,,,,,,,,0.23657887677351633,,,,
sgf+rule,0,761,A panda cooking in the kitchen,,,,,0.6673189500967661,0.7845911580721538,,,,,,,,,,0.30167297025521594,,,,
sgf+rule,0,762,A panda playing on a swing set,,,,,0.6277910272280375,0.759439711968104,,,,,,,,,,0.27402718861897785,,,,
sgf+rule,0,763,A polar bear is playing guitar,,,,,0.6827033460140228,0.7262862890561421,,,,,,,,,,0.30601246654987335,,,,
sgf+rule,0,764,"A raccoon dressed in suit playing the trumpet, stage background",,,,,0.7619263728459676,0.7297950429121652,,,,,,,,,,0.33790906767050427,,,,
sgf+rule,0,765,"A robot DJ is playing the turntable, in heavy raining futuristic tokyo rooftop cyberpunk night, sci-fi, fantasy",,,,,0.7909474074840546,0.664284084002177,,,,,,,,,,0.3089696317911148,,,,
sgf+rule,0,766,A shark swimming in clear Caribbean ocean,,,,,0.6717259089152018,0.6636496448119481,,,,,,,,,,0.20062139381965002,,,,
sgf+rule,0,767,A super robot protecting city,,,,,0.7136474549770355,0.6555484735965729,,,,,,,,,,0.26909073193868,,,,
sgf+rule,0,768,A teddy bear washing the dishes,,,,,0.7861737807591757,0.7606140273412069,,,,,,,,,,0.23551283528407416,,,,
sgf+rule,0,769,"An epic tornado attacking above a glowing city at night, the tornado is made of smoke",,,,,0.6230928897857666,0.6363818435271581,,,,,,,,,,0.29035375515619916,,,,
sgf+rule,0,770,An oil painting of a couple in formal evening wear going home get caught in a heavy downpour with umbrellas,,,,,0.5962829689184824,0.7017692906459173,,,,,,,,,,0.21915594736735025,,,,
sgf+rule,0,771,Clown fish swimming through the coral reef,,,,,0.626171886920929,0.7804099382559458,,,,,,,,,,0.2509983256459236,,,,
sgf+rule,0,772,Hyper-realistic spaceship landing on Mars,,,,,0.49786006410916644,0.7690324076811473,,,,,,,,,,0.2616926083962123,,,,
sgf+rule,0,773,"The bund Shanghai, vibrant color",,,,,0.701832781235377,0.7223248038689295,,,,,,,,,,0.24122048914432526,,,,
sgf+rule,0,774,Vincent van Gogh is painting in the room,,,,,0.5747361977895101,0.6789197870492937,,,,,,,,,,0.2480702648560206,,,,
sgf+rule,0,775,Yellow flowers swing in the wind,,,,,0.6802311142285665,0.7865543886820475,,,,,,,,,,0.19944995641708374,,,,
sgf+rule,0,776,alley,,0.9743093669724379,,,,,,,,,,,1.0,,,,,,0.9701051117271506,0.9595775501481418
sgf+rule,0,777,amusement park,,0.9711675553416371,,,,,,,,,,,0.5729166666666666,,,,,,0.9635356287802418,0.9613665979484032
sgf+rule,0,778,aquarium,,0.9808989078101968,,,,,,,,,,,0.975,,,,,,0.9807451801915323,0.975402941991543
sgf+rule,0,779,arch,,0.9811467812491638,,,,,,,,,,,0.5645833333333333,,,,,,0.9806937268985215,0.9784920986356407
sgf+rule,0,780,art gallery,,0.9571039160137315,,,,,,,,,,,0.0125,,,,,,0.9409620715725808,0.9202108732585249
sgf+rule,0,781,bathroom,,0.9652515431693414,,,,,,,,,,,0.9875,,,,,,0.9587047946068548,0.9011424337995464
sgf+rule,0,782,bakery shop,,0.9606862209217755,,,,,,,,,,,0.0,,,,,,0.950279317876344,0.8947330600228803
sgf+rule,0,783,ballroom,,0.9589287658463366,,,,,,,,,,,0.0125,,,,,,0.9424298030073924,0.9411881514664354
sgf+rule,0,784,bar,,0.9778827271196934,,,,,,,,,,,1.0,,,,,,0.9757967384912634,0.9691549416246086
sgf+rule,0,785,barn,,0.968897667991939,,,,,,,,,,,0.008333333333333333,,,,,,0.9584546160954303,0.9649718198282965
sgf+rule,0,786,basement,,0.9755242714327625,,,,,,,,,,,0.0,,,,,,0.9710777364751344,0.9691688675304939
sgf+rule,0,787,beach,,0.971297722265385,,,,,,,,,,,1.0,,,,,,0.9635190902217742,0.9632108632860512
sgf+rule,0,788,bedroom,,0.9727145602205173,,,,,,,,,,,0.9166666666666666,,,,,,0.9637923702116936,0.9787004959994349
sgf+rule,0,789,bridge,,0.9739311355141288,,,,,,,,,,,1.0,,,,,,0.9689012096774193,0.9624428892957753
sgf+rule,0,790,botanical garden,,0.9736634311052402,,,,,,,,,,,0.0,,,,,,0.9706603347614249,0.9498768202189741
sgf+rule,0,791,cafeteria,,0.9629477774209155,,,,,,,,,,,0.0,,,,,,0.9548169207829301,0.8946107533471338
sgf+rule,0,792,campsite,,0.9847190925343289,,,,,,,,,,,0.0,,,,,,0.9878323462701614,0.9785259890145269
sgf+rule,0,793,campus,,0.9638886467634415,,,,,,,,,,,0.0,,,,,,0.9535736412130376,0.9302187695585448
sgf+rule,0,794,carrousel,,0.9737409211647706,,,,,,,,,,,0.0,,,,,,0.9675586987567204,0.9688513823624315
sgf+rule,0,795,castle,,0.9799527819508695,,,,,,,,,,,1.0,,,,,,0.9791149508568547,0.9739237242731554
sgf+rule,0,796,cemetery,,0.9768835851214192,,,,,,,,,,,0.58125,,,,,,0.9754134639616935,0.9587403946909411
sgf+rule,0,797,classroom,,0.9728864461673637,,,,,,,,,,,0.9708333333333333,,,,,,0.965185284358199,0.9727776821317344
sgf+rule,0,798,cliff,,0.9748635776940215,,,,,,,,,,,0.5833333333333334,,,,,,0.9696979481686828,0.9695578792999531
sgf+rule,0,799,crosswalk,,0.9565604469974252,,,,,,,,,,,1.0,,,,,,0.943014690440188,0.8823752495749243
sgf+rule,0,800,construction site,,0.9786426202337472,,,,,,,,,,,0.7416666666666667,,,,,,0.9788826234879032,0.9589964408299019
sgf+rule,0,801,corridor,,0.9710720114450482,,,,,,,,,,,0.0,,,,,,0.9635634555611561,0.9599280059337616
sgf+rule,0,802,courtyard,,0.9723788162277878,,,,,,,,,,,0.95625,,,,,,0.9724953272009408,0.9076721678520071
sgf+rule,0,803,desert,,0.9748046218958991,,,,,,,,,,,1.0,,,,,,0.9733558572748657,0.9469791383578859
sgf+rule,0,804,downtown,,0.9520182090427903,,,,,,,,,,,0.0,,,,,,0.9357904905913978,0.8619373913468986
sgf+rule,0,805,driveway,,0.9643418755393248,,,,,,,,,,,0.0,,,,,,0.956588384156586,0.9053229627938106
sgf+rule,0,806,farm,,0.9727277724701805,,,,,,,,,,,0.5479166666666667,,,,,,0.9661613218245969,0.9646621017620481
sgf+rule,0,807,food court,,0.9674999378869199,,,,,,,,,,,0.4270833333333333,,,,,,0.958115969422043,0.9510460331522185
sgf+rule,0,808,football field,,0.9638944408237548,,,,,,,,,,,0.90625,,,,,,0.9512490549395161,0.9489881684040201
sgf+rule,0,809,forest road,,0.9675303440592614,,,,,,,,,,,0.0,,,,,,0.9599848265288978,0.9383077898929859
sgf+rule,0,810,fountain,,0.9686484815501266,,,,,,,,,,,1.0,,,,,,0.9579429708501342,0.9650602279038265
sgf+rule,0,811,gas station,,0.9473212909243098,,,,,,,,,,,0.6291666666666667,,,,,,0.9248926306283604,0.8773836483215464
sgf+rule,0,812,glacier,,0.9831386111964106,,,,,,,,,,,1.0,,,,,,0.9861293997815859,0.970294923617922
sgf+rule,0,813,golf course,,0.9704340827484221,,,,,,,,,,,0.95,,,,,,0.9639210034442204,0.9513771749775985
sgf+rule,0,814,indoor gymnasium,,0.9699033323220588,,,,,,,,,,,0.0,,,,,,0.9592027889784946,0.9728695195296715
sgf+rule,0,815,harbor,,0.9739161626380017,,,,,,,,,,,0.00625,,,,,,0.9684633316532256,0.9651601530354599
sgf+rule,0,816,highway,,0.9663446289655468,,,,,,,,,,,0.9520833333333333,,,,,,0.9576066868279571,0.9383700150867988
sgf+rule,0,817,hospital,,0.9635434690384082,,,,,,,,,,,0.3458333333333333,,,,,,0.9494256132392475,0.9551157971908306
sgf+rule,0,818,house,,0.9738347594081493,,,,,,,,,,,0.36875,,,,,,0.9707170383904571,0.9514050165127064
sgf+rule,0,819,iceberg,,0.9774474417586457,,,,,,,,,,,0.17916666666666667,,,,,,0.9739908854166666,0.9745638267747287
sgf+rule,0,820,industrial area,,0.9686957564868901,,,,,,,,,,,0.0,,,,,,0.9597086588541667,0.9552285023804369
sgf+rule,0,821,jail cell,,0.9763903272810415,,,,,,,,,,,0.03958333333333333,,,,,,0.972429698000672,0.9714416933470759
sgf+rule,0,822,junkyard,,0.9659447911747936,,,,,,,,,,,0.35,,,,,,0.9588780556955646,0.9173166443561686
sgf+rule,0,823,kitchen,,0.978725176138218,,,,,,,,,,,1.0,,,,,,0.9774382560483871,0.9694439018594807
sgf+rule,0,824,indoor library,,0.9791423655972916,,,,,,,,,,,0.0,,,,,,0.9766228788642474,0.9788422070700546
sgf+rule,0,825,lighthouse,,0.976949092089513,,,,,,,,,,,1.0,,,,,,0.9723480552755378,0.9782114851063696
sgf+rule,0,826,laboratory,,0.977301384490987,,,,,,,,,,,0.36666666666666664,,,,,,0.9752423030073926,0.9651033498089889
sgf+rule,0,827,mansion,,0.9691248833431475,,,,,,,,,,,0.025,,,,,,0.9625262516801076,0.9432627332621607
sgf+rule,0,828,marsh,,0.9814464642756995,,,,,,,,,,,0.0,,,,,,0.979091061827957,0.9848031298867588
sgf+rule,0,829,mountain,,0.9842167593838053,,,,,,,,,,,1.0,,,,,,0.9875968686995968,0.974183621077702
sgf+rule,0,830,indoor movie theater,,0.9650866592088033,,,,,,,,,,,0.0,,,,,,0.9511361727150535,0.9629496921753061
sgf+rule,0,831,indoor museum,,0.9690907173029122,,,,,,,,,,,0.0,,,,,,0.9621146253360214,0.9456705255755062
sgf+rule,0,832,music studio,,0.9704323097628822,,,,,,,,,,,0.03125,,,,,,0.9635193527385754,0.9534612421331734
sgf+rule,0,833,nursery,,0.9787388850396906,,,,,,,,,,,0.24375,,,,,,0.9745786605342741,0.9825621884444664
sgf+rule,0,834,ocean,,0.9745376818294689,,,,,,,,,,,0.99375,,,,,,0.9682034400201613,0.9743827540298988
sgf+rule,0,835,office,,0.9764155962996034,,,,,,,,,,,1.0,,,,,,0.9720464234711022,0.9738907331022723
sgf+rule,0,836,palace,,0.9796692950589612,,,,,,,,,,,0.9666666666666667,,,,,,0.9821079049059143,0.9528614107904763
sgf+rule,0,837,parking lot,,0.9672100460557949,,,,,,,,,,,1.0,,,,,,0.9599714381720429,0.9324909571943611
sgf+rule,0,838,pharmacy,,0.9720197513874577,,,,,,,,,,,0.98125,,,,,,0.9685349987399194,0.9417266372976631
sgf+rule,0,839,phone booth,,0.9728827367950572,,,,,,,,,,,0.8520833333333333,,,,,,0.9674796811995968,0.958384867372184
sgf+rule,0,840,raceway,,0.9583789731111257,,,,,,,,,,,0.0,,,,,,0.9433722383232529,0.9216771680733253
sgf+rule,0,841,restaurant,,0.974816651059985,,,,,,,,,,,0.9708333333333333,,,,,,0.9706109816028227,0.962850940638575
sgf+rule,0,842,river,,0.9669613336657598,,,,,,,,,,,1.0,,,,,,0.9584443779401881,0.9415427734111917
sgf+rule,0,843,science museum,,0.9691536249781464,,,,,,,,,,,0.15625,,,,,,0.9638677125336023,0.9324064090334135
sgf+rule,0,844,shower,,0.9599652077510953,,,,,,,,,,,0.9708333333333333,,,,,,0.9523581884240593,0.8554536895505314
sgf+rule,0,845,ski slope,,0.96124397523024,,,,,,,,,,,0.9125,,,,,,0.9481739331317204,0.9312423138782896
sgf+rule,0,846,sky,,0.9801381930425712,,,,,,,,,,,0.32708333333333334,,,,,,0.9775430002520161,0.9821508074628895
sgf+rule,0,847,skyscraper,,0.9698135660735632,,,,,,,,,,,0.00625,,,,,,0.9621264385920699,0.954274896917672
sgf+rule,0,848,baseball stadium,,0.9706626319856813,,,,,,,,,,,0.8208333333333333,,,,,,0.963717815440188,0.9548337562330838
sgf+rule,0,849,staircase,,0.9781380053896724,,,,,,,,,,,0.9604166666666667,,,,,,0.9773224861391131,0.9623926867698801
sgf+rule,0,850,street,,0.9503379556547292,,,,,,,,,,,0.4479166666666667,,,,,,0.9315616074428762,0.8699544010491207
sgf+rule,0,851,supermarket,,0.9442846110567829,,,,,,,,,,,0.18541666666666667,,,,,,0.9150582262264787,0.9229898689122036
sgf+rule,0,852,indoor swimming pool,,0.9678145241576689,,,,,,,,,,,0.7541666666666667,,,,,,0.959064705141129,0.9491601216381994
sgf+rule,0,853,tower,,0.9827684613026704,,,,,,,,,,,0.5395833333333333,,,,,,0.9842938823084677,0.9764778511277561
sgf+rule,0,854,outdoor track,,0.969339918801753,,,,,,,,,,,0.0,,,,,,0.962660135248656,0.9453401277805197
sgf+rule,0,855,train railway,,0.9716484268195276,,,,,,,,,,,0.0,,,,,,0.970608881468414,0.9132616160244778
sgf+rule,0,856,train station platform,,0.9554926731004862,,,,,,,,,,,0.9416666666666667,,,,,,0.9398547757056452,0.895049139343459
sgf+rule,0,857,underwater coral reef,,0.9736927737087241,,,,,,,,,,,0.00625,,,,,,0.9737850722446236,0.9239273852315443
sgf+rule,0,858,valley,,0.9825511491324193,,,,,,,,,,,0.0,,,,,,0.9841510731686827,0.9748304414338079
sgf+rule,0,859,volcano,,0.9701639190126757,,,,,,,,,,,1.0,,,,,,0.9651078419018817,0.9396445185973726
sgf+rule,0,860,waterfall,,0.9835597952228409,,,,,,,,,,,1.0,,,,,,0.9838609921034945,0.9834545583560549
sgf+rule,0,861,windmill,,0.9783534234798203,,,,,,,,,,,0.8520833333333333,,,,,,0.977706810735887,0.9627025034920923
sgf+rule,0,862,"a bicycle on the left of a car, front view",,,,,,,,,,,,1.0,,,,,,,,
sgf+rule,0,863,"a car on the right of a motorcycle, front view",,,,,,,,,,,,0.9384930420258981,,,,,,,,
sgf+rule,0,864,"a motorcycle on the left of a bus, front view",,,,,,,,,,,,0.9966653260502796,,,,,,,,
sgf+rule,0,865,"a bus on the right of a traffic light, front view",,,,,,,,,,,,0.9958333333333333,,,,,,,,
sgf+rule,0,866,"a traffic light on the left of a fire hydrant, front view",,,,,,,,,,,,0.9985839615875879,,,,,,,,
sgf+rule,0,867,"a fire hydrant on the right of a stop sign, front view",,,,,,,,,,,,0.946725393486169,,,,,,,,
sgf+rule,0,868,"a stop sign on the left of a parking meter, front view",,,,,,,,,,,,0.10066010794743194,,,,,,,,
sgf+rule,0,869,"a parking meter on the right of a bench, front view",,,,,,,,,,,,0.5681844213283519,,,,,,,,
sgf+rule,0,870,"a bench on the left of a truck, front view",,,,,,,,,,,,0.41724259738671216,,,,,,,,
sgf+rule,0,871,"a truck on the right of a bicycle, front view",,,,,,,,,,,,0.5372483430796468,,,,,,,,
sgf+rule,0,872,"a bird on the left of a cat, front view",,,,,,,,,,,,1.0,,,,,,,,
sgf+rule,0,873,"a cat on the right of a dog, front view",,,,,,,,,,,,1.0,,,,,,,,
sgf+rule,0,874,"a dog on the left of a horse, front view",,,,,,,,,,,,1.0,,,,,,,,
sgf+rule,0,875,"a horse on the right of a sheep, front view",,,,,,,,,,,,1.0,,,,,,,,
sgf+rule,0,876,"a sheep on the left of a cow, front view",,,,,,,,,,,,0.9820312519908162,,,,,,,,
sgf+rule,0,877,"a cow on the right of an elephant, front view",,,,,,,,,,,,1.0,,,,,,,,
sgf+rule,0,878,"an elephant on the left of a bear, front view",,,,,,,,,,,,0.9979166666666667,,,,,,,,
sgf+rule,0,879,"a bear on the right of a zebra, front view",,,,,,,,,,,,1.0,,,,,,,,
sgf+rule,0,880,"a zebra on the left of a giraffe, front view",,,,,,,,,,,,1.0,,,,,,,,
sgf+rule,0,881,"a giraffe on the right of a bird, front view",,,,,,,,,,,,1.0,,,,,,,,
sgf+rule,0,882,"a bottle on the left of a wine glass, front view",,,,,,,,,,,,1.0,,,,,,,,
sgf+rule,0,883,"a wine glass on the right of a cup, front view",,,,,,,,,,,,1.0,,,,,,,,
sgf+rule,0,884,"a cup on the left of a fork, front view",,,,,,,,,,,,0.8367511058273644,,,,,,,,
sgf+rule,0,885,"a fork on the right of a knife, front view",,,,,,,,,,,,1.0,,,,,,,,
sgf+rule,0,886,"a knife on the left of a spoon, front view",,,,,,,,,,,,1.0,,,,,,,,
sgf+rule,0,887,"a spoon on the right of a bowl, front view",,,,,,,,,,,,1.0,,,,,,,,
sgf+rule,0,888,"a bowl on the left of a bottle, front view",,,,,,,,,,,,0.9479166666666666,,,,,,,,
sgf+rule,0,889,"a potted plant on the left of a remote, front view",,,,,,,,,,,,0.9346788440110075,,,,,,,,
sgf+rule,0,890,"a remote on the right of a clock, front view",,,,,,,,,,,,1.0,,,,,,,,
sgf+rule,0,891,"a clock on the left of a vase, front view",,,,,,,,,,,,1.0,,,,,,,,
sgf+rule,0,892,"a vase on the right of scissors, front view",,,,,,,,,,,,0.7504074401519184,,,,,,,,
sgf+rule,0,893,"scissors on the left of a teddy bear, front view",,,,,,,,,,,,1.0,,,,,,,,
sgf+rule,0,894,"a teddy bear on the right of a potted plant, front view",,,,,,,,,,,,1.0,,,,,,,,
sgf+rule,0,895,"a frisbee on the left of a sports ball, front view",,,,,,,,,,,,0.9727757414908657,,,,,,,,
sgf+rule,0,896,"a sports ball on the right of a baseball bat, front view",,,,,,,,,,,,0.46016960031700804,,,,,,,,
sgf+rule,0,897,"a baseball bat on the left of a baseball glove, front view",,,,,,,,,,,,0.9556243255546477,,,,,,,,
sgf+rule,0,898,"a baseball glove on the right of a tennis racket, front view",,,,,,,,,,,,0.494876498285483,,,,,,,,
sgf+rule,0,899,"a tennis racket on the left of a frisbee, front view",,,,,,,,,,,,0.5223051934781084,,,,,,,,
sgf+rule,0,900,"a toilet on the left of a hair drier, front view",,,,,,,,,,,,1.0,,,,,,,,
sgf+rule,0,901,"a hair drier on the right of a toothbrush, front view",,,,,,,,,,,,1.0,,,,,,,,
sgf+rule,0,902,"a toothbrush on the left of a sink, front view",,,,,,,,,,,,0.8214646135476619,,,,,,,,
sgf+rule,0,903,"a sink on the right of a toilet, front view",,,,,,,,,,,,1.0,,,,,,,,
sgf+rule,0,904,"a chair on the left of a couch, front view",,,,,,,,,,,,0.9609751659646367,,,,,,,,
sgf+rule,0,905,"a couch on the right of a bed, front view",,,,,,,,,,,,1.0,,,,,,,,
sgf+rule,0,906,"a bed on the left of a tv, front view",,,,,,,,,,,,1.0,,,,,,,,
sgf+rule,0,907,"a tv on the right of a dining table, front view",,,,,,,,,,,,1.0,,,,,,,,
sgf+rule,0,908,"a dining table on the left of a chair, front view",,,,,,,,,,,,1.0,,,,,,,,
sgf+rule,0,909,"an airplane on the left of a train, front view",,,,,,,,,,,,1.0,,,,,,,,
sgf+rule,0,910,"a train on the right of a boat, front view",,,,,,,,,,,,0.9911633190384503,,,,,,,,
sgf+rule,0,911,"a boat on the left of an airplane, front view",,,,,,,,,,,,1.0,,,,,,,,
sgf+rule,0,912,"an oven on the top of a toaster, front view",,,,,,,,,,,,0.004434937454779709,,,,,,,,
sgf+rule,0,913,"an oven on the bottom of a toaster, front view",,,,,,,,,,,,0.07113547140625834,,,,,,,,
sgf+rule,0,914,"a toaster on the top of a microwave, front view",,,,,,,,,,,,0.33675249292329473,,,,,,,,
sgf+rule,0,915,"a toaster on the bottom of a microwave, front view",,,,,,,,,,,,0.0,,,,,,,,
sgf+rule,0,916,"a microwave on the top of an oven, front view",,,,,,,,,,,,0.7392260376015619,,,,,,,,
sgf+rule,0,917,"a microwave on the bottom of an oven, front view",,,,,,,,,,,,0.9632932163623646,,,,,,,,
sgf+rule,0,918,"a banana on the top of an apple, front view",,,,,,,,,,,,0.42745595791602986,,,,,,,,
sgf+rule,0,919,"a banana on the bottom of an apple, front view",,,,,,,,,,,,0.08365216952285569,,,,,,,,
sgf+rule,0,920,"an apple on the top of a sandwich, front view",,,,,,,,,,,,0.8252808134444546,,,,,,,,
sgf+rule,0,921,"an apple on the bottom of a sandwich, front view",,,,,,,,,,,,0.07161235180883954,,,,,,,,
sgf+rule,0,922,"a sandwich on the top of an orange, front view",,,,,,,,,,,,0.9968056185798456,,,,,,,,
sgf+rule,0,923,"a sandwich on the bottom of an orange, front view",,,,,,,,,,,,1.0,,,,,,,,
sgf+rule,0,924,"an orange on the top of a carrot, front view",,,,,,,,,,,,1.0,,,,,,,,
sgf+rule,0,925,"an orange on the bottom of a carrot, front view",,,,,,,,,,,,0.5725463009244312,,,,,,,,
sgf+rule,0,926,"a carrot on the top of a hot dog, front view",,,,,,,,,,,,0.4891127806548493,,,,,,,,
sgf+rule,0,927,"a carrot on the bottom of a hot dog, front view",,,,,,,,,,,,0.20015839772956542,,,,,,,,
sgf+rule,0,928,"a hot dog on the top of a pizza, front view",,,,,,,,,,,,0.7750147837262585,,,,,,,,
sgf+rule,0,929,"a hot dog on the bottom of a pizza, front view",,,,,,,,,,,,0.9982889442500517,,,,,,,,
sgf+rule,0,930,"a pizza on the top of a donut, front view",,,,,,,,,,,,0.8526017142072424,,,,,,,,
sgf+rule,0,931,"a pizza on the bottom of a donut, front view",,,,,,,,,,,,0.39834104795060343,,,,,,,,
sgf+rule,0,932,"a donut on the top of broccoli, front view",,,,,,,,,,,,0.19933445774510025,,,,,,,,
sgf+rule,0,933,"a donut on the bottom of broccoli, front view",,,,,,,,,,,,0.8505672309792001,,,,,,,,
sgf+rule,0,934,"broccoli on the top of a banana, front view",,,,,,,,,,,,0.42925194875976186,,,,,,,,
sgf+rule,0,935,"broccoli on the bottom of a banana, front view",,,,,,,,,,,,0.6329883414493909,,,,,,,,
sgf+rule,0,936,"skis on the top of a snowboard, front view",,,,,,,,,,,,0.6258139472757074,,,,,,,,
sgf+rule,0,937,"skis on the bottom of a snowboard, front view",,,,,,,,,,,,0.31364411409380716,,,,,,,,
sgf+rule,0,938,"a snowboard on the top of a kite, front view",,,,,,,,,,,,0.9911561326085934,,,,,,,,
sgf+rule,0,939,"a snowboard on the bottom of a kite, front view",,,,,,,,,,,,0.32957334799858984,,,,,,,,
sgf+rule,0,940,"a kite on the top of a skateboard, front view",,,,,,,,,,,,0.999888164558013,,,,,,,,
sgf+rule,0,941,"a kite on the bottom of a skateboard, front view",,,,,,,,,,,,0.620183511825078,,,,,,,,
sgf+rule,0,942,"a skateboard on the top of a surfboard, front view",,,,,,,,,,,,0.28947407179237483,,,,,,,,
sgf+rule,0,943,"a skateboard on the bottom of a surfboard, front view",,,,,,,,,,,,0.41022905593879067,,,,,,,,
sgf+rule,0,944,"a surfboard on the top of skis, front view",,,,,,,,,,,,0.9995749427371636,,,,,,,,
sgf+rule,0,945,"a surfboard on the bottom of skis, front view",,,,,,,,,,,,0.0125,,,,,,,,
rf,0,0,"In a still frame, a stop sign",,,0.9921350215463077,,,,,,,,,,,,,,,,,
rf,0,1,"a toilet, frozen in time",,,0.995872916988298,,,,,,,,,,,,,,,,,
rf,0,2,"a laptop, frozen in time",,,0.9981324669660306,,,,,,,,,,,,,,,,,
rf,0,3,A tranquil tableau of alley,,,0.9924548217673707,,,,,,,,,,,,,,,,,
rf,0,4,A tranquil tableau of bar,,,0.9915934084910972,,,,,,,,,,,,,,,,,
rf,0,5,A tranquil tableau of barn,,,0.9837844061384015,,,,,,,,,,,,,,,,,
rf,0,6,A tranquil tableau of bathroom,,,0.993852050818649,,,,,,,,,,,,,,,,,
rf,0,7,A tranquil tableau of bedroom,,,0.9958962333436105,,,,,,,,,,,,,,,,,
rf,0,8,A tranquil tableau of cliff,,,0.9830564154830632,,,,,,,,,,,,,,,,,
rf,0,9,"In a still frame, courtyard",,,0.984791867686253,,,,,,,,,,,,,,,,,
rf,0,10,"In a still frame, gas station",,,0.9928491098740521,,,,,,,,,,,,,,,,,
rf,0,11,A tranquil tableau of house,,,0.9838840301364076,,,,,,,,,,,,,,,,,
rf,0,12,"indoor gymnasium, frozen in time",,,0.9971147184044706,,,,,,,,,,,,,,,,,
rf,0,13,A tranquil tableau of indoor library,,,0.990321228831422,,,,,,,,,,,,,,,,,
rf,0,14,A tranquil tableau of kitchen,,,0.9931663482329425,,,,,,,,,,,,,,,,,
rf,0,15,A tranquil tableau of palace,,,0.9818087114072312,,,,,,,,,,,,,,,,,
rf,0,16,"In a still frame, parking lot",,,0.9914685034284405,,,,,,,,,,,,,,,,,
rf,0,17,"In a still frame, phone booth",,,0.9921661547586029,,,,,,,,,,,,,,,,,
rf,0,18,A tranquil tableau of restaurant,,,0.9857294595007803,,,,,,,,,,,,,,,,,
rf,0,19,A tranquil tableau of tower,,,0.9846488251405603,,,,,,,,,,,,,,,,,
rf,0,20,A tranquil tableau of a bowl,,,0.994814279126186,,,,,,,,,,,,,,,,,
rf,0,21,A tranquil tableau of an apple,,,0.9978432544306213,,,,,,,,,,,,,,,,,
rf,0,22,A tranquil tableau of a bench,,,0.9909230873631497,,,,,,,,,,,,,,,,,
rf,0,23,A tranquil tableau of a bed,,,0.9936438708211861,,,,,,,,,,,,,,,,,
rf,0,24,A tranquil tableau of a chair,,,0.9828080315683403,,,,,,,,,,,,,,,,,
rf,0,25,A tranquil tableau of a cup,,,0.9973794837792713,,,,,,,,,,,,,,,,,
rf,0,26,A tranquil tableau of a dining table,,,0.9937302628685446,,,,,,,,,,,,,,,,,
rf,0,27,"In a still frame, a pear",,,0.9965742377206391,,,,,,,,,,,,,,,,,
rf,0,28,A tranquil tableau of a bunch of grapes,,,0.9945819040840748,,,,,,,,,,,,,,,,,
rf,0,29,A tranquil tableau of a bowl on the kitchen counter,,,0.9918361303385567,,,,,,,,,,,,,,,,,
rf,0,30,"A tranquil tableau of a beautiful, handcrafted ceramic bowl",,,0.9946961538464416,,,,,,,,,,,,,,,,,
rf,0,31,A tranquil tableau of an antique bowl,,,0.9911093940921859,,,,,,,,,,,,,,,,,
rf,0,32,A tranquil tableau of an exquisite mahogany dining table,,,0.9946848443910188,,,,,,,,,,,,,,,,,
rf,0,33,A tranquil tableau of a wooden bench in the park,,,0.9768001227285348,,,,,,,,,,,,,,,,,
rf,0,34,A tranquil tableau of a beautiful wrought-iron bench surrounded by blooming flowers,,,0.9855202865600585,,,,,,,,,,,,,,,,,
rf,0,35,"In a still frame, a park bench with a view of the lake",,,0.9850372985765047,,,,,,,,,,,,,,,,,
rf,0,36,A tranquil tableau of a vintage rocking chair was placed on the porch,,,0.9671066358977674,,,,,,,,,,,,,,,,,
rf,0,37,"A tranquil tableau of the jail cell was small and dimly lit, with cold, steel bars",,,0.9974016312056897,,,,,,,,,,,,,,,,,
rf,0,38,A tranquil tableau of the phone booth was tucked away in a quiet alley,,,0.9877951496722652,,,,,,,,,,,,,,,,,
rf,0,39,"a dilapidated phone booth stood as a relic of a bygone era on the sidewalk, frozen in time",,,0.9863762319789213,,,,,,,,,,,,,,,,,
rf,0,40,A tranquil tableau of the old red barn stood weathered and iconic against the backdrop of the countryside,,,0.9837947205936208,,,,,,,,,,,,,,,,,
rf,0,41,A tranquil tableau of a picturesque barn was painted a warm shade of red and nestled in a picturesque meadow,,,0.9844594443078135,,,,,,,,,,,,,,,,,
rf,0,42,"In a still frame, within the desolate desert, an oasis unfolded, characterized by the stoic presence of palm trees and a motionless, glassy pool of water",,,0.9873363521052342,,,,,,,,,,,,,,,,,
rf,0,43,"In a still frame, the Parthenon's majestic Doric columns stand in serene solitude atop the Acropolis, framed by the tranquil Athenian landscape",,,0.986835983874751,,,,,,,,,,,,,,,,,
rf,0,44,"In a still frame, the Temple of Hephaestus, with its timeless Doric grace, stands stoically against the backdrop of a quiet Athens",,,0.9897088370603674,,,,,,,,,,,,,,,,,
rf,0,45,"In a still frame, the ornate Victorian streetlamp stands solemnly, adorned with intricate ironwork and stained glass panels",,,0.9924448879092347,,,,,,,,,,,,,,,,,
rf,0,46,"A tranquil tableau of the Stonehenge presented itself as an enigmatic puzzle, each colossal stone meticulously placed against the backdrop of tranquility",,,,,,,,,,,,,,,,,,,,
rf,0,47,"In a still frame, in the vast desert, an oasis nestled among dunes, featuring tall palm trees and an air of serenity",,,0.9878045302746342,,,,,,,,,,,,,,,,,
rf,0,48,"static view on a desert scene with an oasis, palm trees, and a clear, calm pool of water",,,0.9888746560788622,,,,,,,,,,,,,,,,,
rf,0,49,"A tranquil tableau of an ornate Victorian streetlamp standing on a cobblestone street corner, illuminating the empty night",,,0.9936865498037899,,,,,,,,,,,,,,,,,
rf,0,50,"A tranquil tableau of a tranquil lakeside cabin nestled among tall pines, its reflection mirrored perfectly in the calm water",,,0.9822640805462606,,,,,,,,,,,,,,,,,
rf,0,51,"In a still frame, a vintage gas lantern, adorned with intricate details, gracing a historic cobblestone square",,,0.9911415804834927,,,,,,,,,,,,,,,,,
rf,0,52,"In a still frame, a tranquil Japanese tea ceremony room, with tatami mats, a delicate tea set, and a bonsai tree in the corner",,,0.9966940902261173,,,,,,,,,,,,,,,,,
rf,0,53,"A tranquil tableau of the Parthenon stands resolute in its classical elegance, a timeless symbol of Athens' cultural legacy",,,0.9868667975594014,,,,,,,,,,,,,,,,,
rf,0,54,"A tranquil tableau of in the heart of Plaka, the neoclassical architecture of the old city harmonizes with the ancient ruins",,,0.9870959455826703,,,,,,,,,,,,,,,,,
rf,0,55,"A tranquil tableau of in the desolate beauty of the American Southwest, Chaco Canyon's ancient ruins whispered tales of an enigmatic civilization that once thrived amidst the arid landscapes",,,0.985831512376374,,,,,,,,,,,,,,,,,
rf,0,56,"A tranquil tableau of at the edge of the Arabian Desert, the ancient city of Petra beckoned with its enigmatic rock-carved façades",,,0.9918668441523134,,,,,,,,,,,,,,,,,
rf,0,57,"In a still frame, amidst the cobblestone streets, an Art Nouveau lamppost stood tall",,,0.984555061564726,,,,,,,,,,,,,,,,,
rf,0,58,"A tranquil tableau of in the quaint village square, a traditional wrought-iron streetlamp featured delicate filigree patterns and amber-hued glass panels",,,0.9826753814547668,,,,,,,,,,,,,,,,,
rf,0,59,"A tranquil tableau of the lampposts were adorned with Art Deco motifs, their geometric shapes and frosted glass creating a sense of vintage glamour",,,0.9945930095279918,,,,,,,,,,,,,,,,,
rf,0,60,"In a still frame, in the picturesque square, a Gothic-style lamppost adorned with intricate stone carvings added a touch of medieval charm to the setting",,,0.9876932564903708,,,,,,,,,,,,,,,,,
rf,0,61,"In a still frame, in the heart of the old city, a row of ornate lantern-style streetlamps bathed the narrow alleyway in a warm, welcoming light",,,,,,,,,,,,,,,,,,,,
rf,0,62,"A tranquil tableau of in the heart of the Utah desert, a massive sandstone arch spanned the horizon",,,0.9901654871772317,,,,,,,,,,,,,,,,,
rf,0,63,"A tranquil tableau of in the Arizona desert, a massive stone bridge arched across a rugged canyon",,,0.981153304530125,,,,,,,,,,,,,,,,,
rf,0,64,"A tranquil tableau of in the corner of the minimalist tea room, a bonsai tree added a touch of nature's beauty to the otherwise simple and elegant space",,,0.9943551098131668,,,,,,,,,,,,,,,,,
rf,0,65,"In a still frame, amidst the hushed ambiance of the traditional tea room, a meticulously arranged tea set awaited, with porcelain cups, a bamboo whisk",,,0.9940989802397935,,,,,,,,,,,,,,,,,
rf,0,66,"In a still frame, nestled in the Zen garden, a rustic teahouse featured tatami seating and a traditional charcoal brazier",,,0.9824277651543711,,,,,,,,,,,,,,,,,
rf,0,67,A tranquil tableau of a country estate's library featured elegant wooden shelves,,,0.9973500622955023,,,,,,,,,,,,,,,,,
rf,0,68,"A tranquil tableau of beneath the shade of a solitary oak tree, an old wooden park bench sat patiently",,,0.9766925291921578,,,,,,,,,,,,,,,,,
rf,0,69,"A tranquil tableau of beside a tranquil pond, a weeping willow tree draped its branches gracefully over the water's surface, creating a serene tableau of reflection and calm",,,0.981293711194805,,,,,,,,,,,,,,,,,
rf,0,70,"A tranquil tableau of in the Zen garden, a perfectly raked gravel path led to a serene rock garden",,,0.9745318797990388,,,,,,,,,,,,,,,,,
rf,0,71,"In a still frame, a tranquil pond was fringed by weeping cherry trees, their blossoms drifting lazily onto the glassy surface",,,0.9805984356824089,,,,,,,,,,,,,,,,,
rf,0,72,"In a still frame, within the historic library's reading room, rows of antique leather chairs and mahogany tables offered a serene haven for literary contemplation",,,0.9930207546084535,,,,,,,,,,,,,,,,,
rf,0,73,A tranquil tableau of a peaceful orchid garden showcased a variety of delicate blooms,,,0.9779723324495203,,,,,,,,,,,,,,,,,
rf,0,74,"A tranquil tableau of in the serene courtyard, a centuries-old stone well stood as a symbol of a bygone era, its mossy stones bearing witness to the passage of time",,,0.9838872326121612,,,,,,,,,,,,,,,,,
rf,0,75,a bird and a cat,,,,,,,,,1.0,,,,,,,,,,,
rf,0,76,a cat and a dog,,,,,,,,,0.00625,,,,,,,,,,,
rf,0,77,a dog and a horse,,,,,,,,,0.5333333333333333,,,,,,,,,,,
rf,0,78,a horse and a sheep,,,,,,,,,0.96875,,,,,,,,,,,
rf,0,79,a sheep and a cow,,,,,,,,,1.0,,,,,,,,,,,
rf,0,80,a cow and an elephant,,,,,,,,,0.1125,,,,,,,,,,,
rf,0,81,an elephant and a bear,,,,,,,,,0.004166666666666667,,,,,,,,,,,
rf,0,82,a bear and a zebra,,,,,,,,,0.0020833333333333333,,,,,,,,,,,
rf,0,83,a zebra and a giraffe,,,,,,,,,0.9916666666666667,,,,,,,,,,,
rf,0,84,a giraffe and a bird,,,,,,,,,1.0,,,,,,,,,,,
rf,0,85,a chair and a couch,,,,,,,,,0.83125,,,,,,,,,,,
rf,0,86,a couch and a potted plant,,,,,,,,,0.775,,,,,,,,,,,
rf,0,87,a potted plant and a tv,,,,,,,,,1.0,,,,,,,,,,,
rf,0,88,a tv and a laptop,,,,,,,,,1.0,,,,,,,,,,,
rf,0,89,a laptop and a remote,,,,,,,,,0.30833333333333335,,,,,,,,,,,
rf,0,90,a remote and a keyboard,,,,,,,,,0.6833333333333333,,,,,,,,,,,
rf,0,91,a keyboard and a cell phone,,,,,,,,,0.63125,,,,,,,,,,,
rf,0,92,a cell phone and a book,,,,,,,,,0.89375,,,,,,,,,,,
rf,0,93,a book and a clock,,,,,,,,,1.0,,,,,,,,,,,
rf,0,94,a clock and a backpack,,,,,,,,,0.6708333333333333,,,,,,,,,,,
rf,0,95,a backpack and an umbrella,,,,,,,,,0.6375,,,,,,,,,,,
rf,0,96,an umbrella and a handbag,,,,,,,,,0.5083333333333333,,,,,,,,,,,
rf,0,97,a handbag and a tie,,,,,,,,,0.9458333333333333,,,,,,,,,,,
rf,0,98,a tie and a suitcase,,,,,,,,,0.95625,,,,,,,,,,,
rf,0,99,a suitcase and a vase,,,,,,,,,0.93125,,,,,,,,,,,
rf,0,100,a vase and scissors,,,,,,,,,0.5541666666666667,,,,,,,,,,,
rf,0,101,scissors and a teddy bear,,,,,,,,,1.0,,,,,,,,,,,
rf,0,102,a teddy bear and a frisbee,,,,,,,,,0.50625,,,,,,,,,,,
rf,0,103,a frisbee and skis,,,,,,,,,0.00625,,,,,,,,,,,
rf,0,104,skis and a snowboard,,,,,,,,,0.03333333333333333,,,,,,,,,,,
rf,0,105,a snowboard and a sports ball,,,,,,,,,0.275,,,,,,,,,,,
rf,0,106,a sports ball and a kite,,,,,,,,,0.55625,,,,,,,,,,,
rf,0,107,a kite and a baseball bat,,,,,,,,,0.09166666666666666,,,,,,,,,,,
rf,0,108,a baseball bat and a baseball glove,,,,,,,,,1.0,,,,,,,,,,,
rf,0,109,a baseball glove and a skateboard,,,,,,,,,0.1125,,,,,,,,,,,
rf,0,110,a skateboard and a surfboard,,,,,,,,,0.90625,,,,,,,,,,,
rf,0,111,a surfboard and a tennis racket,,,,,,,,,0.4,,,,,,,,,,,
rf,0,112,a tennis racket and a bottle,,,,,,,,,1.0,,,,,,,,,,,
rf,0,113,a bottle and a chair,,,,,,,,,0.3770833333333333,,,,,,,,,,,
rf,0,114,an airplane and a train,,,,,,,,,0.30833333333333335,,,,,,,,,,,
rf,0,115,a train and a boat,,,,,,,,,0.5583333333333333,,,,,,,,,,,
rf,0,116,a boat and an airplane,,,,,,,,,0.875,,,,,,,,,,,
rf,0,117,a bicycle and a car,,,,,,,,,0.7083333333333334,,,,,,,,,,,
rf,0,118,a car and a motorcycle,,,,,,,,,0.49583333333333335,,,,,,,,,,,
rf,0,119,a motorcycle and a bus,,,,,,,,,0.56875,,,,,,,,,,,
rf,0,120,a bus and a traffic light,,,,,,,,,0.73125,,,,,,,,,,,
rf,0,121,a traffic light and a fire hydrant,,,,,,,,,0.8583333333333333,,,,,,,,,,,
rf,0,122,a fire hydrant and a stop sign,,,,,,,,,0.71875,,,,,,,,,,,
rf,0,123,a stop sign and a parking meter,,,,,,,,,0.9979166666666667,,,,,,,,,,,
rf,0,124,a parking meter and a truck,,,,,,,,,0.31666666666666665,,,,,,,,,,,
rf,0,125,a truck and a bicycle,,,,,,,,,0.9645833333333333,,,,,,,,,,,
rf,0,126,a toilet and a hair drier,,,,,,,,,0.9916666666666667,,,,,,,,,,,
rf,0,127,a hair drier and a toothbrush,,,,,,,,,0.09791666666666667,,,,,,,,,,,
rf,0,128,a toothbrush and a sink,,,,,,,,,0.9979166666666667,,,,,,,,,,,
rf,0,129,a sink and a toilet,,,,,,,,,1.0,,,,,,,,,,,
rf,0,130,a wine glass and a chair,,,,,,,,,0.9,,,,,,,,,,,
rf,0,131,a cup and a couch,,,,,,,,,0.96875,,,,,,,,,,,
rf,0,132,a fork and a potted plant,,,,,,,,,1.0,,,,,,,,,,,
rf,0,133,a knife and a tv,,,,,,,,,0.50625,,,,,,,,,,,
rf,0,134,a spoon and a laptop,,,,,,,,,0.9333333333333333,,,,,,,,,,,
rf,0,135,a bowl and a remote,,,,,,,,,1.0,,,,,,,,,,,
rf,0,136,a banana and a keyboard,,,,,,,,,1.0,,,,,,,,,,,
rf,0,137,an apple and a cell phone,,,,,,,,,0.32708333333333334,,,,,,,,,,,
rf,0,138,a sandwich and a book,,,,,,,,,0.63125,,,,,,,,,,,
rf,0,139,an orange and a clock,,,,,,,,,1.0,,,,,,,,,,,
rf,0,140,broccoli and a backpack,,,,,,,,,0.0,,,,,,,,,,,
rf,0,141,a carrot and an umbrella,,,,,,,,,0.004166666666666667,,,,,,,,,,,
rf,0,142,a hot dog and a handbag,,,,,,,,,0.004166666666666667,,,,,,,,,,,
rf,0,143,a pizza and a tie,,,,,,,,,0.9708333333333333,,,,,,,,,,,
rf,0,144,a donut and a suitcase,,,,,,,,,1.0,,,,,,,,,,,
rf,0,145,a cake and a vase,,,,,,,,,0.15833333333333333,,,,,,,,,,,
rf,0,146,an oven and scissors,,,,,,,,,0.20208333333333334,,,,,,,,,,,
rf,0,147,a toaster and a teddy bear,,,,,,,,,0.8583333333333333,,,,,,,,,,,
rf,0,148,a microwave and a frisbee,,,,,,,,,0.0020833333333333333,,,,,,,,,,,
rf,0,149,a refrigerator and skis,,,,,,,,,0.00625,,,,,,,,,,,
rf,0,150,a bicycle and an airplane,,,,,,,,,0.4479166666666667,,,,,,,,,,,
rf,0,151,a car and a train,,,,,,,,,0.6708333333333333,,,,,,,,,,,
rf,0,152,a motorcycle and a boat,,,,,,,,,0.58125,,,,,,,,,,,
rf,0,153,a person and a toilet,,,,,,,,,0.9979166666666667,,,,,,,,,,,
rf,0,154,a person and a hair drier,,,,,,,,,0.9041666666666667,,,,,,,,,,,
rf,0,155,a person and a toothbrush,,,,,,,,,0.9979166666666667,,,,,,,,,,,
rf,0,156,a person and a sink,,,,,,,,,0.6604166666666667,,,,,,,,,,,
rf,0,157,A person is riding a bike,,,,,,,,,,1.0,,,,,,,,,,
rf,0,158,A person is marching,,,,,,,,,,0.0,,,,,,,,,,
rf,0,159,A person is roller skating,,,,,,,,,,1.0,,,,,,,,,,
rf,0,160,A person is tasting beer,,,,,,,,,,1.0,,,,,,,,,,
rf,0,161,A person is clapping,,,,,,,,,,1.0,,,,,,,,,,
rf,0,162,A person is drawing,,,,,,,,,,1.0,,,,,,,,,,
rf,0,163,A person is petting animal (not cat),,,,,,,,,,1.0,,,,,,,,,,
rf,0,164,A person is eating watermelon,,,,,,,,,,1.0,,,,,,,,,,
rf,0,165,A person is playing harp,,,,,,,,,,1.0,,,,,,,,,,
rf,0,166,A person is wrestling,,,,,,,,,,1.0,,,,,,,,,,
rf,0,167,A person is riding scooter,,,,,,,,,,1.0,,,,,,,,,,
rf,0,168,A person is sweeping floor,,,,,,,,,,1.0,,,,,,,,,,
rf,0,169,A person is skateboarding,,,,,,,,,,1.0,,,,,,,,,,
rf,0,170,A person is dunking basketball,,,,,,,,,,1.0,,,,,,,,,,
rf,0,171,A person is playing flute,,,,,,,,,,1.0,,,,,,,,,,
rf,0,172,A person is stretching leg,,,,,,,,,,1.0,,,,,,,,,,
rf,0,173,A person is tying tie,,,,,,,,,,1.0,,,,,,,,,,
rf,0,174,A person is skydiving,,,,,,,,,,1.0,,,,,,,,,,
rf,0,175,A person is shooting goal (soccer),,,,,,,,,,0.8333333333333334,,,,,,,,,,
rf,0,176,A person is playing piano,,,,,,,,,,1.0,,,,,,,,,,
rf,0,177,A person is finger snapping,,,,,,,,,,0.8333333333333334,,,,,,,,,,
rf,0,178,A person is canoeing or kayaking,,,,,,,,,,1.0,,,,,,,,,,
rf,0,179,A person is laughing,,,,,,,,,,1.0,,,,,,,,,,
rf,0,180,A person is digging,,,,,,,,,,0.6666666666666666,,,,,,,,,,
rf,0,181,A person is clay pottery making,,,,,,,,,,1.0,,,,,,,,,,
rf,0,182,A person is shooting basketball,,,,,,,,,,1.0,,,,,,,,,,
rf,0,183,A person is bending back,,,,,,,,,,0.0,,,,,,,,,,
rf,0,184,A person is shaking hands,,,,,,,,,,1.0,,,,,,,,,,
rf,0,185,A person is bandaging,,,,,,,,,,1.0,,,,,,,,,,
rf,0,186,A person is push up,,,,,,,,,,1.0,,,,,,,,,,
rf,0,187,A person is catching or throwing frisbee,,,,,,,,,,1.0,,,,,,,,,,
rf,0,188,A person is playing trumpet,,,,,,,,,,1.0,,,,,,,,,,
rf,0,189,A person is flying kite,,,,,,,,,,1.0,,,,,,,,,,
rf,0,190,A person is filling eyebrows,,,,,,,,,,1.0,,,,,,,,,,
rf,0,191,A person is shuffling cards,,,,,,,,,,1.0,,,,,,,,,,
rf,0,192,A person is folding clothes,,,,,,,,,,1.0,,,,,,,,,,
rf,0,193,A person is smoking,,,,,,,,,,1.0,,,,,,,,,,
rf,0,194,A person is tai chi,,,,,,,,,,0.5,,,,,,,,,,
rf,0,195,A person is squat,,,,,,,,,,0.0,,,,,,,,,,
rf,0,196,A person is playing controller,,,,,,,,,,1.0,,,,,,,,,,
rf,0,197,A person is throwing axe,,,,,,,,,,1.0,,,,,,,,,,
rf,0,198,A person is giving or receiving award,,,,,,,,,,1.0,,,,,,,,,,
rf,0,199,A person is air drumming,,,,,,,,,,1.0,,,,,,,,,,
rf,0,200,A person is taking a shower,,,,,,,,,,1.0,,,,,,,,,,
rf,0,201,A person is planting trees,,,,,,,,,,1.0,,,,,,,,,,
rf,0,202,A person is sharpening knives,,,,,,,,,,1.0,,,,,,,,,,
rf,0,203,A person is robot dancing,,,,,,,,,,1.0,,,,,,,,,,
rf,0,204,A person is rock climbing,,,,,,,,,,1.0,,,,,,,,,,
rf,0,205,A person is hula hooping,,,,,,,,,,1.0,,,,,,,,,,
rf,0,206,A person is writing,,,,,,,,,,1.0,,,,,,,,,,
rf,0,207,A person is bungee jumping,,,,,,,,,,0.8333333333333334,,,,,,,,,,
rf,0,208,A person is pushing cart,,,,,,,,,,0.5,,,,,,,,,,
rf,0,209,A person is cleaning windows,,,,,,,,,,1.0,,,,,,,,,,
rf,0,210,A person is cutting watermelon,,,,,,,,,,1.0,,,,,,,,,,
rf,0,211,A person is cheerleading,,,,,,,,,,1.0,,,,,,,,,,
rf,0,212,A person is washing hands,,,,,,,,,,1.0,,,,,,,,,,
rf,0,213,A person is ironing,,,,,,,,,,1.0,,,,,,,,,,
rf,0,214,A person is cutting nails,,,,,,,,,,0.6666666666666666,,,,,,,,,,
rf,0,215,A person is hugging,,,,,,,,,,1.0,,,,,,,,,,
rf,0,216,A person is trimming or shaving beard,,,,,,,,,,1.0,,,,,,,,,,
rf,0,217,A person is jogging,,,,,,,,,,0.8333333333333334,,,,,,,,,,
rf,0,218,A person is making bed,,,,,,,,,,1.0,,,,,,,,,,
rf,0,219,A person is washing dishes,,,,,,,,,,1.0,,,,,,,,,,
rf,0,220,A person is grooming dog,,,,,,,,,,0.5,,,,,,,,,,
rf,0,221,A person is doing laundry,,,,,,,,,,1.0,,,,,,,,,,
rf,0,222,A person is knitting,,,,,,,,,,1.0,,,,,,,,,,
rf,0,223,A person is reading book,,,,,,,,,,1.0,,,,,,,,,,
rf,0,224,A person is baby waking up,,,,,,,,,,0.8333333333333334,,,,,,,,,,
rf,0,225,A person is massaging legs,,,,,,,,,,1.0,,,,,,,,,,
rf,0,226,A person is brushing teeth,,,,,,,,,,1.0,,,,,,,,,,
rf,0,227,A person is crawling baby,,,,,,,,,,1.0,,,,,,,,,,
rf,0,228,A person is motorcycling,,,,,,,,,,1.0,,,,,,,,,,
rf,0,229,A person is driving car,,,,,,,,,,1.0,,,,,,,,,,
rf,0,230,A person is sticking tongue out,,,,,,,,,,1.0,,,,,,,,,,
rf,0,231,A person is shaking head,,,,,,,,,,0.8333333333333334,,,,,,,,,,
rf,0,232,A person is sword fighting,,,,,,,,,,1.0,,,,,,,,,,
rf,0,233,A person is doing aerobics,,,,,,,,,,1.0,,,,,,,,,,
rf,0,234,A person is strumming guitar,,,,,,,,,,1.0,,,,,,,,,,
rf,0,235,A person is riding or walking with horse,,,,,,,,,,1.0,,,,,,,,,,
rf,0,236,A person is archery,,,,,,,,,,1.0,,,,,,,,,,
rf,0,237,A person is catching or throwing baseball,,,,,,,,,,1.0,,,,,,,,,,
rf,0,238,A person is playing chess,,,,,,,,,,1.0,,,,,,,,,,
rf,0,239,A person is rock scissors paper,,,,,,,,,,0.5,,,,,,,,,,
rf,0,240,A person is using computer,,,,,,,,,,1.0,,,,,,,,,,
rf,0,241,A person is arranging flowers,,,,,,,,,,1.0,,,,,,,,,,
rf,0,242,A person is bending metal,,,,,,,,,,1.0,,,,,,,,,,
rf,0,243,A person is ice skating,,,,,,,,,,1.0,,,,,,,,,,
rf,0,244,A person is climbing a rope,,,,,,,,,,1.0,,,,,,,,,,
rf,0,245,A person is crying,,,,,,,,,,1.0,,,,,,,,,,
rf,0,246,A person is dancing ballet,,,,,,,,,,1.0,,,,,,,,,,
rf,0,247,A person is getting a haircut,,,,,,,,,,1.0,,,,,,,,,,
rf,0,248,A person is running on treadmill,,,,,,,,,,1.0,,,,,,,,,,
rf,0,249,A person is kissing,,,,,,,,,,1.0,,,,,,,,,,
rf,0,250,A person is counting money,,,,,,,,,,0.6666666666666666,,,,,,,,,,
rf,0,251,A person is barbequing,,,,,,,,,,1.0,,,,,,,,,,
rf,0,252,A person is peeling apples,,,,,,,,,,1.0,,,,,,,,,,
rf,0,253,A person is milking cow,,,,,,,,,,1.0,,,,,,,,,,
rf,0,254,A person is shining shoes,,,,,,,,,,1.0,,,,,,,,,,
rf,0,255,A person is making snowman,,,,,,,,,,1.0,,,,,,,,,,
rf,0,256,A person is sailing,,,,,,,,,,0.8333333333333334,,,,,,,,,,
rf,0,257,a person swimming in ocean,0.9738149995446804,,,0.9850324983226613,,,0.6,,,,,,,,,,0.9713183468387975,0.7726406660573236,,
rf,0,258,a person giving a presentation to a room full of colleagues,0.9851989257813666,,,0.9945231914418188,,,0.0,,,,,,,,,,0.9859782074728319,0.840747978666733,,
rf,0,259,a person washing the dishes,0.9768218528052751,,,0.9891240519762629,,,1.0,,,,,,,,,,0.9671060860477468,0.8625213709370844,,
rf,0,260,a person eating a burger,0.9701098154079719,,,0.9939001547428682,,,0.36666666666666664,,,,,,,,,,0.9652712632891952,0.762239669931346,,
rf,0,261,a person walking in the snowstorm,0.9618825320904631,,,0.9908643548850272,,,0.13333333333333333,,,,,,,,,,0.9638535308581526,0.6569191042719216,,
rf,0,262,a person drinking coffee in a cafe,0.9810547056601936,,,0.9941962478236784,,,0.0,,,,,,,,,,0.982543814086145,0.8005909082190744,,
rf,0,263,a person playing guitar,0.9947892856224695,,,0.9916567004229279,,,0.0,,,,,,,,,,0.9963361025177021,0.9692480214710893,,
rf,0,264,a bicycle leaning against a tree,0.9553138187800249,,,0.9873338177758342,,,0.9333333333333333,,,,,,,,,,0.9627567971265445,0.5806615239587324,,
rf,0,265,a bicycle gliding through a snowy field,0.9600645215057824,,,0.9842285862754409,,,0.9666666666666667,,,,,,,,,,0.9562958228011287,0.6847434593685742,,
rf,0,266,a bicycle slowing down to stop,0.9470118408307671,,,0.9867726582939383,,,0.5333333333333333,,,,,,,,,,0.9627469392873907,0.49115299985840405,,
rf,0,267,a bicycle accelerating to gain speed,0.9766278462280781,,,0.9747622222425889,,,1.0,,,,,,,,,,0.9734115727486148,0.8031391321585096,,
rf,0,268,a car stuck in traffic during rush hour,0.962493368708629,,,0.979746603818106,,,0.9666666666666667,,,,,,,,,,0.9578156284106675,0.7027767382819077,,
rf,0,269,a car turning a corner,0.924881203236799,,,0.9650206935526763,,,1.0,,,,,,,,,,0.8969102803417431,0.6082450326146751,,
rf,0,270,a car slowing down to stop,0.9493239987387422,,,0.9896592280910169,,,0.9666666666666667,,,,,,,,,,0.967325950277749,0.49143966769093067,,
rf,0,271,a car accelerating to gain speed,0.902780289184295,,,0.9773373019125445,,,1.0,,,,,,,,,,0.8767490787531741,0.48101263005157996,,
rf,0,272,a motorcycle cruising along a coastal highway,0.9651230306494035,,,0.9894029227664771,,,1.0,,,,,,,,,,0.9621722653668414,0.709277413528541,,
rf,0,273,a motorcycle turning a corner,0.9614756801450816,,,0.9326418704786046,,,1.0,,,,,,,,,,0.9485157899959112,0.7578767681943959,,
rf,0,274,a motorcycle slowing down to stop,0.9181882036466639,,,0.9777972832930656,,,1.0,,,,,,,,,,0.9224073946956666,0.41928537218863593,,
rf,0,275,a motorcycle gliding through a snowy field,0.9709564436089891,,,0.9914764615614469,,,0.8,,,,,,,,,,0.9661734643482393,0.7680290631692985,,
rf,0,276,a motorcycle accelerating to gain speed,0.95707216231244,,,0.9837755704188429,,,1.0,,,,,,,,,,0.9357176711802843,0.7900724678203978,,
rf,0,277,an airplane soaring through a clear blue sky,0.9612444408071785,,,0.9892819106430857,,,0.9,,,,,,,,,,0.9655699817083215,0.6368463427342218,,
rf,0,278,an airplane taking off,0.9587503134930334,,,0.9911393587183212,,,1.0,,,,,,,,,,0.9731040775134999,0.560959347363176,,
rf,0,279,an airplane landing smoothly on a runway,0.9613431331907604,,,0.9913613512993339,,,0.8,,,,,,,,,,0.9701666534267446,0.6053741204327551,,
rf,0,280,an airplane accelerating to gain speed,0.945468276589828,,,0.9862682080217235,,,0.9,,,,,,,,,,0.9634579955570158,0.4755657913869825,,
rf,0,281,a bus turning a corner,0.9498787459358512,,,0.9923535506992743,,,0.7,,,,,,,,,,0.9568031312957886,0.5553036130450922,,
rf,0,282,a bus stuck in traffic during rush hour,0.9712097176348524,,,0.9789282395041944,,,0.7666666666666667,,,,,,,,,,0.9686349959783659,0.7511906361785429,,
rf,0,283,a bus accelerating to gain speed,0.9333991559551482,,,0.959639511155394,,,1.0,,,,,,,,,,0.9201344252594056,0.5725108400501054,,
rf,0,284,a train speeding down the tracks,0.9316290297614174,,,0.9771167271701536,,,1.0,,,,,,,,,,0.9282498273157304,0.5183512141992306,,
rf,0,285,a train crossing over a tall bridge,0.9511699833418809,,,0.9883252401300325,,,1.0,,,,,,,,,,0.9471174131478032,0.6219555930844669,,
rf,0,286,a train accelerating to gain speed,0.9784445577209068,,,0.9770703273312827,,,1.0,,,,,,,,,,0.9756340579960937,0.8147335864346603,,
rf,0,287,a truck turning a corner,0.9532271160587632,,,0.992934522730923,,,0.8,,,,,,,,,,0.9593718233608431,0.575316313300924,,
rf,0,288,a truck anchored in a tranquil bay,0.9770555443073872,,,0.9932443504741938,,,0.13333333333333333,,,,,,,,,,0.9813282157464694,0.7422210960809527,,
rf,0,289,a truck stuck in traffic during rush hour,0.9577155049183195,,,0.9857256490340972,,,1.0,,,,,,,,,,0.9673265926620012,0.5823837981784138,,
rf,0,290,a truck slowing down to stop,0.9631979857829268,,,0.9902873335244888,,,0.8,,,,,,,,,,0.9773408837536331,0.589393552328492,,
rf,0,291,a truck accelerating to gain speed,0.9534420269835269,,,0.9894859330338855,,,1.0,,,,,,,,,,0.9513632841328138,0.6244109087976916,,
rf,0,292,a boat sailing smoothly on a calm lake,0.9750861354357846,,,0.9900564377804779,,,0.5,,,,,,,,,,0.9737449985358022,0.7736485590194834,,
rf,0,293,a boat slowing down to stop,0.9773803436110388,,,0.9883647381853086,,,0.9666666666666667,,,,,,,,,,0.9694215713970123,0.8488756973167946,,
rf,0,294,a boat accelerating to gain speed,0.9596120425507089,,,0.9813410478843128,,,1.0,,,,,,,,,,0.9506821978156285,0.7122426546853164,,
rf,0,295,a bird soaring gracefully in the sky,0.9660534099509016,,,0.9910768135480096,,,0.9,,,,,,,,,,0.9671123272308739,0.6908531433035587,,
rf,0,296,a bird building a nest from twigs and leaves,0.9789178856487027,,,0.9913306778863612,,,0.36666666666666664,,,,,,,,,,0.9703697570549542,0.8753810072767323,,
rf,0,297,a bird flying over a snowy forest,0.9538202902761382,,,0.9807654650490892,,,0.8666666666666667,,,,,,,,,,0.9469336946164408,0.6628308738100117,,
rf,0,298,a cat grooming itself meticulously with its tongue,0.9864964851480094,,,0.9937157343252471,,,0.2,,,,,,,,,,0.9888471740868783,0.8378994701237514,,
rf,0,299,a cat playing in park,0.9729751223649,,,0.9733215369282212,,,1.0,,,,,,,,,,0.9662579581301699,0.801749999153203,,
rf,0,300,a cat drinking water,0.9749254526237007,,,0.983522723067147,,,0.5,,,,,,,,,,0.9659643055290305,0.8350222932881323,,
rf,0,301,a cat running happily,0.9730429055925817,,,0.9695171798334123,,,1.0,,,,,,,,,,0.9671644257922327,0.79464400842272,,
rf,0,302,a dog enjoying a peaceful walk,0.9679210437363387,,,0.9886512736718618,,,1.0,,,,,,,,,,0.9771888974533287,0.6497511059559625,,
rf,0,303,a dog playing in park,0.9680153387799463,,,0.988171363899014,,,1.0,,,,,,,,,,0.961846963019781,0.7552905899697336,,
rf,0,304,a dog drinking water,0.9859134114386283,,,0.989080232365976,,,0.8333333333333334,,,,,,,,,,0.9813874867013705,0.9308469963484797,,
rf,0,305,a dog running happily,0.9570102178208135,,,0.9746332723934183,,,1.0,,,,,,,,,,0.94053464720967,0.7483952312633909,,
rf,0,306,a horse bending down to drink water from a river,0.9827206300607781,,,0.9883210864034597,,,0.5,,,,,,,,,,0.979225831134345,0.8588101750817793,,
rf,0,307,a horse galloping across an open field,0.9804457903818229,,,0.9813261711330722,,,1.0,,,,,,,,,,0.976686028351066,0.8385627860652989,,
rf,0,308,a horse taking a peaceful walk,0.9506423030065975,,,0.9918757957394142,,,0.8666666666666667,,,,,,,,,,0.9489681716247272,0.6036198807173762,,
rf,0,309,a horse running to join a herd of its kind,0.9707244715063889,,,0.9638446562430172,,,1.0,,,,,,,,,,0.9659844014272893,0.7660173254794088,,
rf,0,310,a sheep bending down to drink water from a river,0.9835685276663273,,,0.9914660570420296,,,0.6,,,,,,,,,,0.9780496708808408,0.9069719540661779,,
rf,0,311,a sheep taking a peaceful walk,0.9747214607857003,,,0.9926744835309481,,,0.26666666666666666,,,,,,,,,,0.9766930952507964,0.7419308281407274,,
rf,0,312,a sheep running to join a herd of its kind,0.9613109308509734,,,0.9803691806600073,,,1.0,,,,,,,,,,0.9485961885541999,0.7536677435554308,,
rf,0,313,a cow bending down to drink water from a river,0.9843090516528215,,,0.9890607017051539,,,0.3,,,,,,,,,,0.9813343818149259,0.8717856119418966,,
rf,0,314,a cow chewing cud while resting in a tranquil barn,0.9820974565039119,,,0.9929304858652565,,,0.03333333333333333,,,,,,,,,,0.9763497286265896,0.882576719440263,,
rf,0,315,a cow running to join a herd of its kind,0.96491735275595,,,0.9357240648727143,,,0.9666666666666667,,,,,,,,,,0.9484163970716538,0.8159025958899794,,
rf,0,316,an elephant spraying itself with water using its trunk to cool down,0.9896916879681225,,,0.9896875262802474,,,0.0,,,,,,,,,,0.989836954910268,0.9155547721632595,,
rf,0,317,an elephant taking a peaceful walk,0.982531007382288,,,0.9869781659224113,,,0.8,,,,,,,,,,0.9828625750798051,0.8214472552825665,,
rf,0,318,an elephant running to join a herd of its kind,0.9752102416483764,,,0.9780896993577524,,,1.0,,,,,,,,,,0.9650504697715084,0.8491488191588171,,
rf,0,319,a bear catching a salmon in its powerful jaws,0.9865930043665962,,,0.9920894360461124,,,0.1,,,,,,,,,,0.9864864585220172,0.8643686524752913,,
rf,0,320,a bear sniffing the air for scents of food,0.990172517030041,,,0.9929901905576155,,,0.0,,,,,,,,,,0.9920489622380145,0.8907420984629927,,
rf,0,321,a bear climbing a tree,0.9749597279930867,,,0.9896961117017439,,,0.5666666666666667,,,,,,,,,,0.9648309753146224,0.8466601947258259,,
rf,0,322,a bear hunting for prey,0.988470177527076,,,0.9922501713853278,,,0.13333333333333333,,,,,,,,,,0.9867991411557762,0.9260884862521599,,
rf,0,323,a zebra bending down to drink water from a river,0.9894170718237504,,,0.9895183091639432,,,0.16666666666666666,,,,,,,,,,0.9890255281040746,0.9204391796013405,,
rf,0,324,a zebra running to join a herd of its kind,0.9775032166096737,,,0.9469655696027224,,,1.0,,,,,,,,,,0.9693195269633365,0.8525944043850077,,
rf,0,325,a zebra taking a peaceful walk,0.9862937830470447,,,0.9916599533982039,,,0.43333333333333335,,,,,,,,,,0.9852397904601149,0.873048964245566,,
rf,0,326,a giraffe bending down to drink water from a river,0.9807353100734214,,,0.9902985813830814,,,0.3333333333333333,,,,,,,,,,0.9802345166924179,0.814597860492509,,
rf,0,327,a giraffe taking a peaceful walk,0.9860660697550745,,,0.9912738734626091,,,0.3333333333333333,,,,,,,,,,0.9836164957092655,0.8956476521903071,,
rf,0,328,a giraffe running to join a herd of its kind,0.9611065313631092,,,0.9595249364124212,,,1.0,,,,,,,,,,0.9398828274139794,0.8223532623258131,,
rf,0,329,a person,,,,,,,,1.0,,,,,,,,,,,,
rf,0,330,a bicycle,,,,,,,,0.9916666666666667,,,,,,,,,,,,
rf,0,331,a car,,,,,,,,0.9833333333333333,,,,,,,,,,,,
rf,0,332,a motorcycle,,,,,,,,1.0,,,,,,,,,,,,
rf,0,333,an airplane,,,,,,,,0.99375,,,,,,,,,,,,
rf,0,334,a bus,,,,,,,,0.9875,,,,,,,,,,,,
rf,0,335,a train,,,,,,,,0.9854166666666667,,,,,,,,,,,,
rf,0,336,a truck,,,,,,,,1.0,,,,,,,,,,,,
rf,0,337,a boat,,,,,,,,1.0,,,,,,,,,,,,
rf,0,338,a traffic light,,,,,,,,1.0,,,,,,,,,,,,
rf,0,339,a fire hydrant,,,,,,,,0.9395833333333333,,,,,,,,,,,,
rf,0,340,a stop sign,,,,,,,,1.0,,,,,,,,,,,,
rf,0,341,a parking meter,,,,,,,,0.4041666666666667,,,,,,,,,,,,
rf,0,342,a bench,,,,,,,,0.9416666666666667,,,,,,,,,,,,
rf,0,343,a bird,,,,,,,,1.0,,,,,,,,,,,,
rf,0,344,a cat,,,,,,,,0.9625,,,,,,,,,,,,
rf,0,345,a dog,,,,,,,,1.0,,,,,,,,,,,,
rf,0,346,a horse,,,,,,,,1.0,,,,,,,,,,,,
rf,0,347,a sheep,,,,,,,,1.0,,,,,,,,,,,,
rf,0,348,a cow,,,,,,,,1.0,,,,,,,,,,,,
rf,0,349,an elephant,,,,,,,,1.0,,,,,,,,,,,,
rf,0,350,a bear,,,,,,,,1.0,,,,,,,,,,,,
rf,0,351,a zebra,,,,,,,,1.0,,,,,,,,,,,,
rf,0,352,a giraffe,,,,,,,,1.0,,,,,,,,,,,,
rf,0,353,a backpack,,,,,,,,0.7125,,,,,,,,,,,,
rf,0,354,an umbrella,,,,,,,,1.0,,,,,,,,,,,,
rf,0,355,a handbag,,,,,,,,0.96875,,,,,,,,,,,,
rf,0,356,a tie,,,,,,,,0.05416666666666667,,,,,,,,,,,,
rf,0,357,a suitcase,,,,,,,,0.9854166666666667,,,,,,,,,,,,
rf,0,358,a frisbee,,,,,,,,0.7770833333333333,,,,,,,,,,,,
rf,0,359,skis,,,,,,,,1.0,,,,,,,,,,,,
rf,0,360,a snowboard,,,,,,,,0.9208333333333333,,,,,,,,,,,,
rf,0,361,a sports ball,,,,,,,,0.8625,,,,,,,,,,,,
rf,0,362,a kite,,,,,,,,0.875,,,,,,,,,,,,
rf,0,363,a baseball bat,,,,,,,,0.7666666666666667,,,,,,,,,,,,
rf,0,364,a baseball glove,,,,,,,,0.11041666666666666,,,,,,,,,,,,
rf,0,365,a skateboard,,,,,,,,0.9791666666666666,,,,,,,,,,,,
rf,0,366,a surfboard,,,,,,,,0.9979166666666667,,,,,,,,,,,,
rf,0,367,a tennis racket,,,,,,,,0.9583333333333334,,,,,,,,,,,,
rf,0,368,a bottle,,,,,,,,1.0,,,,,,,,,,,,
rf,0,369,a wine glass,,,,,,,,1.0,,,,,,,,,,,,
rf,0,370,a cup,,,,,,,,1.0,,,,,,,,,,,,
rf,0,371,a fork,,,,,,,,0.96875,,,,,,,,,,,,
rf,0,372,a knife,,,,,,,,0.10416666666666667,,,,,,,,,,,,
rf,0,373,a spoon,,,,,,,,0.13541666666666666,,,,,,,,,,,,
rf,0,374,a bowl,,,,,,,,1.0,,,,,,,,,,,,
rf,0,375,a banana,,,,,,,,1.0,,,,,,,,,,,,
rf,0,376,an apple,,,,,,,,1.0,,,,,,,,,,,,
rf,0,377,a sandwich,,,,,,,,1.0,,,,,,,,,,,,
rf,0,378,an orange,,,,,,,,0.17916666666666667,,,,,,,,,,,,
rf,0,379,broccoli,,,,,,,,1.0,,,,,,,,,,,,
rf,0,380,a carrot,,,,,,,,0.16666666666666666,,,,,,,,,,,,
rf,0,381,a hot dog,,,,,,,,0.6958333333333333,,,,,,,,,,,,
rf,0,382,a pizza,,,,,,,,0.7625,,,,,,,,,,,,
rf,0,383,a donut,,,,,,,,1.0,,,,,,,,,,,,
rf,0,384,a cake,,,,,,,,1.0,,,,,,,,,,,,
rf,0,385,a chair,,,,,,,,1.0,,,,,,,,,,,,
rf,0,386,a couch,,,,,,,,0.98125,,,,,,,,,,,,
rf,0,387,a potted plant,,,,,,,,1.0,,,,,,,,,,,,
rf,0,388,a bed,,,,,,,,1.0,,,,,,,,,,,,
rf,0,389,a dining table,,,,,,,,1.0,,,,,,,,,,,,
rf,0,390,a toilet,,,,,,,,1.0,,,,,,,,,,,,
rf,0,391,a tv,,,,,,,,1.0,,,,,,,,,,,,
rf,0,392,a laptop,,,,,,,,1.0,,,,,,,,,,,,
rf,0,393,a remote,,,,,,,,0.25833333333333336,,,,,,,,,,,,
rf,0,394,a keyboard,,,,,,,,1.0,,,,,,,,,,,,
rf,0,395,a cell phone,,,,,,,,0.7666666666666667,,,,,,,,,,,,
rf,0,396,a microwave,,,,,,,,1.0,,,,,,,,,,,,
rf,0,397,an oven,,,,,,,,1.0,,,,,,,,,,,,
rf,0,398,a toaster,,,,,,,,0.4354166666666667,,,,,,,,,,,,
rf,0,399,a sink,,,,,,,,1.0,,,,,,,,,,,,
rf,0,400,a refrigerator,,,,,,,,1.0,,,,,,,,,,,,
rf,0,401,a book,,,,,,,,0.98125,,,,,,,,,,,,
rf,0,402,a clock,,,,,,,,1.0,,,,,,,,,,,,
rf,0,403,a vase,,,,,,,,1.0,,,,,,,,,,,,
rf,0,404,scissors,,,,,,,,1.0,,,,,,,,,,,,
rf,0,405,a teddy bear,,,,,,,,1.0,,,,,,,,,,,,
rf,0,406,a hair drier,,,,,,,,0.9895833333333334,,,,,,,,,,,,
rf,0,407,a toothbrush,,,,,,,,0.9729166666666667,,,,,,,,,,,,
rf,0,408,a red bicycle,,,,,,,,,,,1.0,,,,,,,,,
rf,0,409,a green bicycle,,,,,,,,,,,1.0,,,,,,,,,
rf,0,410,a blue bicycle,,,,,,,,,,,0.9880808080808081,,,,,,,,,
rf,0,411,a yellow bicycle,,,,,,,,,,,1.0,,,,,,,,,
rf,0,412,an orange bicycle,,,,,,,,,,,0.08972222222222222,,,,,,,,,
rf,0,413,a purple bicycle,,,,,,,,,,,0.9967105263157895,,,,,,,,,
rf,0,414,a pink bicycle,,,,,,,,,,,0.9958333333333333,,,,,,,,,
rf,0,415,a black bicycle,,,,,,,,,,,0.9686986863711001,,,,,,,,,
rf,0,416,a white bicycle,,,,,,,,,,,0.9479166666666666,,,,,,,,,
rf,0,417,a red car,,,,,,,,,,,1.0,,,,,,,,,
rf,0,418,a green car,,,,,,,,,,,0.9799404761904762,,,,,,,,,
rf,0,419,a blue car,,,,,,,,,,,0.9623611111111111,,,,,,,,,
rf,0,420,a yellow car,,,,,,,,,,,0.9348484848484849,,,,,,,,,
rf,0,421,an orange car,,,,,,,,,,,0.7020833333333333,,,,,,,,,
rf,0,422,a purple car,,,,,,,,,,,0.8956944444444445,,,,,,,,,
rf,0,423,a pink car,,,,,,,,,,,0.8854166666666666,,,,,,,,,
rf,0,424,a black car,,,,,,,,,,,0.9289257964257964,,,,,,,,,
rf,0,425,a white car,,,,,,,,,,,0.5961123321123322,,,,,,,,,
rf,0,426,a red bird,,,,,,,,,,,0.99375,,,,,,,,,
rf,0,427,a green bird,,,,,,,,,,,1.0,,,,,,,,,
rf,0,428,a blue bird,,,,,,,,,,,0.9944444444444444,,,,,,,,,
rf,0,429,a yellow bird,,,,,,,,,,,1.0,,,,,,,,,
rf,0,430,an orange bird,,,,,,,,,,,0.9791666666666666,,,,,,,,,
rf,0,431,a purple bird,,,,,,,,,,,0.8810730457282181,,,,,,,,,
rf,0,432,a pink bird,,,,,,,,,,,0.9979166666666667,,,,,,,,,
rf,0,433,a black bird,,,,,,,,,,,0.5823913308913309,,,,,,,,,
rf,0,434,a white bird,,,,,,,,,,,0.9729166666666667,,,,,,,,,
rf,0,435,a black cat,,,,,,,,,,,0.8790934065934065,,,,,,,,,
rf,0,436,a white cat,,,,,,,,,,,1.0,,,,,,,,,
rf,0,437,an orange cat,,,,,,,,,,,1.0,,,,,,,,,
rf,0,438,a yellow cat,,,,,,,,,,,0.0,,,,,,,,,
rf,0,439,a red umbrella,,,,,,,,,,,0.9739010989010989,,,,,,,,,
rf,0,440,a green umbrella,,,,,,,,,,,0.7696153846153845,,,,,,,,,
rf,0,441,a blue umbrella,,,,,,,,,,,0.8706926406926406,,,,,,,,,
rf,0,442,a yellow umbrella,,,,,,,,,,,0.7679166666666667,,,,,,,,,
rf,0,443,an orange umbrella,,,,,,,,,,,0.34378815628815623,,,,,,,,,
rf,0,444,a purple umbrella,,,,,,,,,,,1.0,,,,,,,,,
rf,0,445,a pink umbrella,,,,,,,,,,,1.0,,,,,,,,,
rf,0,446,a black umbrella,,,,,,,,,,,0.8852285677285677,,,,,,,,,
rf,0,447,a white umbrella,,,,,,,,,,,0.9916666666666667,,,,,,,,,
rf,0,448,a red suitcase,,,,,,,,,,,1.0,,,,,,,,,
rf,0,449,a green suitcase,,,,,,,,,,,0.9166666666666666,,,,,,,,,
rf,0,450,a blue suitcase,,,,,,,,,,,1.0,,,,,,,,,
rf,0,451,a yellow suitcase,,,,,,,,,,,0.8541666666666666,,,,,,,,,
rf,0,452,an orange suitcase,,,,,,,,,,,1.0,,,,,,,,,
rf,0,453,a purple suitcase,,,,,,,,,,,0.9958333333333333,,,,,,,,,
rf,0,454,a pink suitcase,,,,,,,,,,,1.0,,,,,,,,,
rf,0,455,a black suitcase,,,,,,,,,,,1.0,,,,,,,,,
rf,0,456,a white suitcase,,,,,,,,,,,0.585,,,,,,,,,
rf,0,457,a red bowl,,,,,,,,,,,1.0,,,,,,,,,
rf,0,458,a green bowl,,,,,,,,,,,1.0,,,,,,,,,
rf,0,459,a blue bowl,,,,,,,,,,,1.0,,,,,,,,,
rf,0,460,a yellow bowl,,,,,,,,,,,0.96875,,,,,,,,,
rf,0,461,an orange bowl,,,,,,,,,,,0.9041666666666667,,,,,,,,,
rf,0,462,a purple bowl,,,,,,,,,,,0.9916666666666667,,,,,,,,,
rf,0,463,a pink bowl,,,,,,,,,,,1.0,,,,,,,,,
rf,0,464,a black bowl,,,,,,,,,,,0.7627579365079364,,,,,,,,,
rf,0,465,a white bowl,,,,,,,,,,,1.0,,,,,,,,,
rf,0,466,a red chair,,,,,,,,,,,1.0,,,,,,,,,
rf,0,467,a green chair,,,,,,,,,,,1.0,,,,,,,,,
rf,0,468,a blue chair,,,,,,,,,,,1.0,,,,,,,,,
rf,0,469,a yellow chair,,,,,,,,,,,0.5981944444444445,,,,,,,,,
rf,0,470,an orange chair,,,,,,,,,,,0.9,,,,,,,,,
rf,0,471,a purple chair,,,,,,,,,,,1.0,,,,,,,,,
rf,0,472,a pink chair,,,,,,,,,,,0.8816666666666666,,,,,,,,,
rf,0,473,a black chair,,,,,,,,,,,0.8971230158730158,,,,,,,,,
rf,0,474,a white chair,,,,,,,,,,,1.0,,,,,,,,,
rf,0,475,a red clock,,,,,,,,,,,0.9599358974358975,,,,,,,,,
rf,0,476,a green clock,,,,,,,,,,,1.0,,,,,,,,,
rf,0,477,a blue clock,,,,,,,,,,,0.9729166666666667,,,,,,,,,
rf,0,478,a yellow clock,,,,,,,,,,,0.35648148148148145,,,,,,,,,
rf,0,479,an orange clock,,,,,,,,,,,0.8166666666666667,,,,,,,,,
rf,0,480,a purple clock,,,,,,,,,,,0.5535606060606061,,,,,,,,,
rf,0,481,a pink clock,,,,,,,,,,,0.7381944444444444,,,,,,,,,
rf,0,482,a black clock,,,,,,,,,,,0.8519230769230769,,,,,,,,,
rf,0,483,a white clock,,,,,,,,,,,0.9520833333333333,,,,,,,,,
rf,0,484,a red vase,,,,,,,,,,,1.0,,,,,,,,,
rf,0,485,a green vase,,,,,,,,,,,1.0,,,,,,,,,
rf,0,486,a blue vase,,,,,,,,,,,1.0,,,,,,,,,
rf,0,487,a yellow vase,,,,,,,,,,,0.5291666666666667,,,,,,,,,
rf,0,488,an orange vase,,,,,,,,,,,0.4597701149425287,,,,,,,,,
rf,0,489,a purple vase,,,,,,,,,,,1.0,,,,,,,,,
rf,0,490,a pink vase,,,,,,,,,,,0.9916666666666667,,,,,,,,,
rf,0,491,a black vase,,,,,,,,,,,0.9104166666666667,,,,,,,,,
rf,0,492,a white vase,,,,,,,,,,,1.0,,,,,,,,,
rf,0,493,"A beautiful coastal beach in spring, waves lapping on sand, Van Gogh style",,,,,,,,,,,,,,0.23050423177083335,,,,,,
rf,0,494,"A beautiful coastal beach in spring, waves lapping on sand, oil painting",,,,,,,,,,,,,,0.2178606770833333,,,,,,
rf,0,495,"A beautiful coastal beach in spring, waves lapping on sand by Hokusai, in the style of Ukiyo",,,,,,,,,,,,,,0.23904378255208333,,,,,,
rf,0,496,"A beautiful coastal beach in spring, waves lapping on sand, black and white",,,,,,,,,,,,,,0.18832381184895833,,,,,,
rf,0,497,"A beautiful coastal beach in spring, waves lapping on sand, pixel art",,,,,,,,,,,,,,0.24474137369791665,,,,,,
rf,0,498,"A beautiful coastal beach in spring, waves lapping on sand, in cyberpunk style",,,,,,,,,,,,,,0.22624593098958332,,,,,,
rf,0,499,"A beautiful coastal beach in spring, waves lapping on sand, animated style",,,,,,,,,,,,,,0.23863899739583336,,,,,,
rf,0,500,"A beautiful coastal beach in spring, waves lapping on sand, watercolor painting",,,,,,,,,,,,,,0.22473356119791665,,,,,,
rf,0,501,"A beautiful coastal beach in spring, waves lapping on sand, surrealism style",,,,,,,,,,,,,,0.25440804036458337,,,,,,
rf,0,502,"The bund Shanghai, Van Gogh style",,,,,,,,,,,,,,0.14982324218749998,,,,,,
rf,0,503,"The bund Shanghai, oil painting",,,,,,,,,,,,,,0.20032763671875,,,,,,
rf,0,504,"The bund Shanghai by Hokusai, in the style of Ukiyo",,,,,,,,,,,,,,0.23312841796875003,,,,,,
rf,0,505,"The bund Shanghai, black and white",,,,,,,,,,,,,,0.2130779622395834,,,,,,
rf,0,506,"The bund Shanghai, pixel art",,,,,,,,,,,,,,0.18644319661458336,,,,,,
rf,0,507,"The bund Shanghai, in cyberpunk style",,,,,,,,,,,,,,0.21911116536458336,,,,,,
rf,0,508,"The bund Shanghai, animated style",,,,,,,,,,,,,,0.22052555338541663,,,,,,
rf,0,509,"The bund Shanghai, watercolor painting",,,,,,,,,,,,,,0.18458870442708336,,,,,,
rf,0,510,"The bund Shanghai, surrealism style",,,,,,,,,,,,,,0.222197265625,,,,,,
rf,0,511,"a shark is swimming in the ocean, Van Gogh style",,,,,,,,,,,,,,0.17215950520833329,,,,,,
rf,0,512,"a shark is swimming in the ocean, oil painting",,,,,,,,,,,,,,0.20411507161458337,,,,,,
rf,0,513,"a shark is swimming in the ocean by Hokusai, in the style of Ukiyo",,,,,,,,,,,,,,0.19976253255208334,,,,,,
rf,0,514,"a shark is swimming in the ocean, black and white",,,,,,,,,,,,,,0.18760823567708332,,,,,,
rf,0,515,"a shark is swimming in the ocean, pixel art",,,,,,,,,,,,,,0.18614095052083338,,,,,,
rf,0,516,"a shark is swimming in the ocean, in cyberpunk style",,,,,,,,,,,,,,0.18478491210937503,,,,,,
rf,0,517,"a shark is swimming in the ocean, animated style",,,,,,,,,,,,,,0.22077278645833331,,,,,,
rf,0,518,"a shark is swimming in the ocean, watercolor painting",,,,,,,,,,,,,,0.2056577962239583,,,,,,
rf,0,519,"a shark is swimming in the ocean, surrealism style",,,,,,,,,,,,,,0.20735400390625003,,,,,,
rf,0,520,"A panda drinking coffee in a cafe in Paris, Van Gogh style",,,,,,,,,,,,,,0.1710428059895833,,,,,,
rf,0,521,"A panda drinking coffee in a cafe in Paris, oil painting",,,,,,,,,,,,,,0.20787255859375003,,,,,,
rf,0,522,"A panda drinking coffee in a cafe in Paris by Hokusai, in the style of Ukiyo",,,,,,,,,,,,,,0.19689664713541666,,,,,,
rf,0,523,"A panda drinking coffee in a cafe in Paris, black and white",,,,,,,,,,,,,,0.20954003906249996,,,,,,
rf,0,524,"A panda drinking coffee in a cafe in Paris, pixel art",,,,,,,,,,,,,,0.19720735677083337,,,,,,
rf,0,525,"A panda drinking coffee in a cafe in Paris, in cyberpunk style",,,,,,,,,,,,,,0.20333528645833335,,,,,,
rf,0,526,"A panda drinking coffee in a cafe in Paris, animated style",,,,,,,,,,,,,,0.2210240885416667,,,,,,
rf,0,527,"A panda drinking coffee in a cafe in Paris, watercolor painting",,,,,,,,,,,,,,0.2167433268229167,,,,,,
rf,0,528,"A panda drinking coffee in a cafe in Paris, surrealism style",,,,,,,,,,,,,,0.23574251302083335,,,,,,
rf,0,529,"A cute happy Corgi playing in park, sunset, Van Gogh style",,,,,,,,,,,,,,0.19906803385416666,,,,,,
rf,0,530,"A cute happy Corgi playing in park, sunset, oil painting",,,,,,,,,,,,,,0.21281070963541668,,,,,,
rf,0,531,"A cute happy Corgi playing in park, sunset by Hokusai, in the style of Ukiyo",,,,,,,,,,,,,,0.20895719401041665,,,,,,
rf,0,532,"A cute happy Corgi playing in park, sunset, black and white",,,,,,,,,,,,,,0.175822265625,,,,,,
rf,0,533,"A cute happy Corgi playing in park, sunset, pixel art",,,,,,,,,,,,,,0.20801595052083333,,,,,,
rf,0,534,"A cute happy Corgi playing in park, sunset, in cyberpunk style",,,,,,,,,,,,,,0.20186979166666663,,,,,,
rf,0,535,"A cute happy Corgi playing in park, sunset, animated style",,,,,,,,,,,,,,0.24397965494791665,,,,,,
rf,0,536,"A cute happy Corgi playing in park, sunset, watercolor painting",,,,,,,,,,,,,,0.20792122395833332,,,,,,
rf,0,537,"A cute happy Corgi playing in park, sunset, surrealism style",,,,,,,,,,,,,,0.2259513346354167,,,,,,
rf,0,538,"Gwen Stacy reading a book, Van Gogh style",,,,,,,,,,,,,,0.18310546875000003,,,,,,
rf,0,539,"Gwen Stacy reading a book, oil painting",,,,,,,,,,,,,,0.1946360677083333,,,,,,
rf,0,540,"Gwen Stacy reading a book by Hokusai, in the style of Ukiyo",,,,,,,,,,,,,,0.2502804361979167,,,,,,
rf,0,541,"Gwen Stacy reading a book, black and white",,,,,,,,,,,,,,0.19877490234375,,,,,,
rf,0,542,"Gwen Stacy reading a book, pixel art",,,,,,,,,,,,,,0.22460709635416665,,,,,,
rf,0,543,"Gwen Stacy reading a book, in cyberpunk style",,,,,,,,,,,,,,0.23838753255208334,,,,,,
rf,0,544,"Gwen Stacy reading a book, animated style",,,,,,,,,,,,,,0.24604020182291667,,,,,,
rf,0,545,"Gwen Stacy reading a book, watercolor painting",,,,,,,,,,,,,,0.24138248697916664,,,,,,
rf,0,546,"Gwen Stacy reading a book, surrealism style",,,,,,,,,,,,,,0.22565380859375,,,,,,
rf,0,547,"A boat sailing leisurely along the Seine River with the Eiffel Tower in background, Van Gogh style",,,,,,,,,,,,,,0.21286686197916665,,,,,,
rf,0,548,"A boat sailing leisurely along the Seine River with the Eiffel Tower in background, oil painting",,,,,,,,,,,,,,0.19569807942708337,,,,,,
rf,0,549,"A boat sailing leisurely along the Seine River with the Eiffel Tower in background by Hokusai, in the style of Ukiyo",,,,,,,,,,,,,,0.161086669921875,,,,,,
rf,0,550,"A boat sailing leisurely along the Seine River with the Eiffel Tower in background, black and white",,,,,,,,,,,,,,0.20459537760416666,,,,,,
rf,0,551,"A boat sailing leisurely along the Seine River with the Eiffel Tower in background, pixel art",,,,,,,,,,,,,,0.19682120768229164,,,,,,
rf,0,552,"A boat sailing leisurely along the Seine River with the Eiffel Tower in background, in cyberpunk style",,,,,,,,,,,,,,0.23070475260416665,,,,,,
rf,0,553,"A boat sailing leisurely along the Seine River with the Eiffel Tower in background, animated style",,,,,,,,,,,,,,0.2133089192708333,,,,,,
rf,0,554,"A boat sailing leisurely along the Seine River with the Eiffel Tower in background, watercolor painting",,,,,,,,,,,,,,0.22083219401041665,,,,,,
rf,0,555,"A boat sailing leisurely along the Seine River with the Eiffel Tower in background, surrealism style",,,,,,,,,,,,,,0.24708186848958336,,,,,,
rf,0,556,"A couple in formal evening wear going home get caught in a heavy downpour with umbrellas, Van Gogh style",,,,,,,,,,,,,,0.19037158203124996,,,,,,
rf,0,557,"A couple in formal evening wear going home get caught in a heavy downpour with umbrellas, oil painting",,,,,,,,,,,,,,0.18351920572916666,,,,,,
rf,0,558,"A couple in formal evening wear going home get caught in a heavy downpour with umbrellas by Hokusai, in the style of Ukiyo",,,,,,,,,,,,,,0.14881534830729165,,,,,,
rf,0,559,"A couple in formal evening wear going home get caught in a heavy downpour with umbrellas, black and white",,,,,,,,,,,,,,0.18523974609375002,,,,,,
rf,0,560,"A couple in formal evening wear going home get caught in a heavy downpour with umbrellas, pixel art",,,,,,,,,,,,,,0.165900634765625,,,,,,
rf,0,561,"A couple in formal evening wear going home get caught in a heavy downpour with umbrellas, in cyberpunk style",,,,,,,,,,,,,,0.2064153645833333,,,,,,
rf,0,562,"A couple in formal evening wear going home get caught in a heavy downpour with umbrellas, animated style",,,,,,,,,,,,,,0.24004427083333332,,,,,,
rf,0,563,"A couple in formal evening wear going home get caught in a heavy downpour with umbrellas, watercolor painting",,,,,,,,,,,,,,0.19227685546875006,,,,,,
rf,0,564,"A couple in formal evening wear going home get caught in a heavy downpour with umbrellas, surrealism style",,,,,,,,,,,,,,0.22241927083333332,,,,,,
rf,0,565,"An astronaut flying in space, Van Gogh style",,,,,,,,,,,,,,0.20658528645833327,,,,,,
rf,0,566,"An astronaut flying in space, oil painting",,,,,,,,,,,,,,0.18255338541666669,,,,,,
rf,0,567,"An astronaut flying in space by Hokusai, in the style of Ukiyo",,,,,,,,,,,,,,0.18423160807291664,,,,,,
rf,0,568,"An astronaut flying in space, black and white",,,,,,,,,,,,,,0.18731958007812496,,,,,,
rf,0,569,"An astronaut flying in space, pixel art",,,,,,,,,,,,,,0.19640836588541666,,,,,,
rf,0,570,"An astronaut flying in space, in cyberpunk style",,,,,,,,,,,,,,0.2393981119791667,,,,,,
rf,0,571,"An astronaut flying in space, animated style",,,,,,,,,,,,,,0.23099576822916665,,,,,,
rf,0,572,"An astronaut flying in space, watercolor painting",,,,,,,,,,,,,,0.18076155598958335,,,,,,
rf,0,573,"An astronaut flying in space, surrealism style",,,,,,,,,,,,,,0.21912955729166664,,,,,,
rf,0,574,"Snow rocky mountains peaks canyon. snow blanketed rocky mountains surround and shadow deep canyons. the canyons twist and bend through the high elevated mountain peaks, Van Gogh style",,,,,,,,,,,,,,0.19666438802083333,,,,,,
rf,0,575,"Snow rocky mountains peaks canyon. snow blanketed rocky mountains surround and shadow deep canyons. the canyons twist and bend through the high elevated mountain peaks, oil painting",,,,,,,,,,,,,,0.20261067708333336,,,,,,
rf,0,576,"Snow rocky mountains peaks canyon. snow blanketed rocky mountains surround and shadow deep canyons. the canyons twist and bend through the high elevated mountain peaks by Hokusai, in the style of Ukiyo",,,,,,,,,,,,,,0.18445898437500002,,,,,,
rf,0,577,"Snow rocky mountains peaks canyon. snow blanketed rocky mountains surround and shadow deep canyons. the canyons twist and bend through the high elevated mountain peaks, black and white",,,,,,,,,,,,,,0.18256429036458335,,,,,,
rf,0,578,"Snow rocky mountains peaks canyon. snow blanketed rocky mountains surround and shadow deep canyons. the canyons twist and bend through the high elevated mountain peaks, pixel art",,,,,,,,,,,,,,0.17980200195312498,,,,,,
rf,0,579,"Snow rocky mountains peaks canyon. snow blanketed rocky mountains surround and shadow deep canyons. the canyons twist and bend through the high elevated mountain peaks, in cyberpunk style",,,,,,,,,,,,,,0.20068009440104165,,,,,,
rf,0,580,"Snow rocky mountains peaks canyon. snow blanketed rocky mountains surround and shadow deep canyons. the canyons twist and bend through the high elevated mountain peaks, animated style",,,,,,,,,,,,,,0.20993082682291667,,,,,,
rf,0,581,"Snow rocky mountains peaks canyon. snow blanketed rocky mountains surround and shadow deep canyons. the canyons twist and bend through the high elevated mountain peaks, watercolor painting",,,,,,,,,,,,,,0.18590234374999998,,,,,,
rf,0,582,"Snow rocky mountains peaks canyon. snow blanketed rocky mountains surround and shadow deep canyons. the canyons twist and bend through the high elevated mountain peaks, surrealism style",,,,,,,,,,,,,,0.21713362630208338,,,,,,
rf,0,583,"A beautiful coastal beach in spring, waves lapping on sand, in super slow motion",,,,,,,,,,,,,,,0.1226598396897316,,,,,
rf,0,584,"A beautiful coastal beach in spring, waves lapping on sand, zoom in",,,,,,,,,,,,,,,0.12889383857448897,,,,,
rf,0,585,"A beautiful coastal beach in spring, waves lapping on sand, zoom out",,,,,,,,,,,,,,,0.20170224457979202,,,,,
rf,0,586,"A beautiful coastal beach in spring, waves lapping on sand, pan left",,,,,,,,,,,,,,,0.18016486863295236,,,,,
rf,0,587,"A beautiful coastal beach in spring, waves lapping on sand, pan right",,,,,,,,,,,,,,,0.21988383928934732,,,,,
rf,0,588,"A beautiful coastal beach in spring, waves lapping on sand, tilt up",,,,,,,,,,,,,,,0.21805180609226227,,,,,
rf,0,589,"A beautiful coastal beach in spring, waves lapping on sand, tilt down",,,,,,,,,,,,,,,0.10501084849238396,,,,,
rf,0,590,"A beautiful coastal beach in spring, waves lapping on sand, with an intense shaking effect",,,,,,,,,,,,,,,0.16962645947933197,,,,,
rf,0,591,"A beautiful coastal beach in spring, waves lapping on sand, featuring a steady and smooth perspective",,,,,,,,,,,,,,,0.12111139918367068,,,,,
rf,0,592,"A beautiful coastal beach in spring, waves lapping on sand, racking focus",,,,,,,,,,,,,,,0.15904402981201807,,,,,
rf,0,593,"The bund Shanghai, in super slow motion",,,,,,,,,,,,,,,0.16295738642414412,,,,,
rf,0,594,"The bund Shanghai, zoom in",,,,,,,,,,,,,,,0.2349181870619456,,,,,
rf,0,595,"The bund Shanghai, zoom out",,,,,,,,,,,,,,,0.1982594554622968,,,,,
rf,0,596,"The bund Shanghai, pan left",,,,,,,,,,,,,,,0.2272055223584175,,,,,
rf,0,597,"The bund Shanghai, pan right",,,,,,,,,,,,,,,0.1479963374634584,,,,,
rf,0,598,"The bund Shanghai, tilt up",,,,,,,,,,,,,,,0.24681614836057028,,,,,
rf,0,599,"The bund Shanghai, tilt down",,,,,,,,,,,,,,,0.23176958660284677,,,,,
rf,0,600,"The bund Shanghai, with an intense shaking effect",,,,,,,,,,,,,,,0.18184847881396612,,,,,
rf,0,601,"The bund Shanghai, featuring a steady and smooth perspective",,,,,,,,,,,,,,,0.2534840479493141,,,,,
rf,0,602,"The bund Shanghai, racking focus",,,,,,,,,,,,,,,0.21479778985182443,,,,,
rf,0,603,"a shark is swimming in the ocean, in super slow motion",,,,,,,,,,,,,,,0.18674232065677643,,,,,
rf,0,604,"a shark is swimming in the ocean, zoom in",,,,,,,,,,,,,,,0.1886181061466535,,,,,
rf,0,605,"a shark is swimming in the ocean, zoom out",,,,,,,,,,,,,,,0.1966136321425438,,,,,
rf,0,606,"a shark is swimming in the ocean, pan left",,,,,,,,,,,,,,,0.1615408087770144,,,,,
rf,0,607,"a shark is swimming in the ocean, pan right",,,,,,,,,,,,,,,0.18161553144454956,,,,,
rf,0,608,"a shark is swimming in the ocean, tilt up",,,,,,,,,,,,,,,0.15740064034859338,,,,,
rf,0,609,"a shark is swimming in the ocean, tilt down",,,,,,,,,,,,,,,0.1531049186984698,,,,,
rf,0,610,"a shark is swimming in the ocean, with an intense shaking effect",,,,,,,,,,,,,,,0.1988155593474706,,,,,
rf,0,611,"a shark is swimming in the ocean, featuring a steady and smooth perspective",,,,,,,,,,,,,,,0.192026158173879,,,,,
rf,0,612,"a shark is swimming in the ocean, racking focus",,,,,,,,,,,,,,,0.18431837608416876,,,,,
rf,0,613,"A panda drinking coffee in a cafe in Paris, in super slow motion",,,,,,,,,,,,,,,0.2797377407550812,,,,,
rf,0,614,"A panda drinking coffee in a cafe in Paris, zoom in",,,,,,,,,,,,,,,0.2760645200808843,,,,,
rf,0,615,"A panda drinking coffee in a cafe in Paris, zoom out",,,,,,,,,,,,,,,0.2787305414676666,,,,,
rf,0,616,"A panda drinking coffee in a cafe in Paris, pan left",,,,,,,,,,,,,,,0.2617255101601283,,,,,
rf,0,617,"A panda drinking coffee in a cafe in Paris, pan right",,,,,,,,,,,,,,,0.23305271317561468,,,,,
rf,0,618,"A panda drinking coffee in a cafe in Paris, tilt up",,,,,,,,,,,,,,,0.27826814850171405,,,,,
rf,0,619,"A panda drinking coffee in a cafe in Paris, tilt down",,,,,,,,,,,,,,,0.2834107577800751,,,,,
rf,0,620,"A panda drinking coffee in a cafe in Paris, with an intense shaking effect",,,,,,,,,,,,,,,0.2910493115584056,,,,,
rf,0,621,"A panda drinking coffee in a cafe in Paris, featuring a steady and smooth perspective",,,,,,,,,,,,,,,0.2659994860490163,,,,,
rf,0,622,"A panda drinking coffee in a cafe in Paris, racking focus",,,,,,,,,,,,,,,0.25698090096314746,,,,,
rf,0,623,"A cute happy Corgi playing in park, sunset, in super slow motion",,,,,,,,,,,,,,,0.33674433330694836,,,,,
rf,0,624,"A cute happy Corgi playing in park, sunset, zoom in",,,,,,,,,,,,,,,0.28720203538735706,,,,,
rf,0,625,"A cute happy Corgi playing in park, sunset, zoom out",,,,,,,,,,,,,,,0.2713449224829674,,,,,
rf,0,626,"A cute happy Corgi playing in park, sunset, pan left",,,,,,,,,,,,,,,0.3047849237918854,,,,,
rf,0,627,"A cute happy Corgi playing in park, sunset, pan right",,,,,,,,,,,,,,,0.315187469124794,,,,,
rf,0,628,"A cute happy Corgi playing in park, sunset, tilt up",,,,,,,,,,,,,,,0.310454120238622,,,,,
rf,0,629,"A cute happy Corgi playing in park, sunset, tilt down",,,,,,,,,,,,,,,0.2813684617479642,,,,,
rf,0,630,"A cute happy Corgi playing in park, sunset, with an intense shaking effect",,,,,,,,,,,,,,,0.27540145566066104,,,,,
rf,0,631,"A cute happy Corgi playing in park, sunset, featuring a steady and smooth perspective",,,,,,,,,,,,,,,0.2865893890460332,,,,,
rf,0,632,"A cute happy Corgi playing in park, sunset, racking focus",,,,,,,,,,,,,,,0.33646465837955475,,,,,
rf,0,633,"Gwen Stacy reading a book, in super slow motion",,,,,,,,,,,,,,,0.3063522477944692,,,,,
rf,0,634,"Gwen Stacy reading a book, zoom in",,,,,,,,,,,,,,,0.30689006050427753,,,,,
rf,0,635,"Gwen Stacy reading a book, zoom out",,,,,,,,,,,,,,,0.18164415409167609,,,,,
rf,0,636,"Gwen Stacy reading a book, pan left",,,,,,,,,,,,,,,0.25020550191402435,,,,,
rf,0,637,"Gwen Stacy reading a book, pan right",,,,,,,,,,,,,,,0.253337062895298,,,,,
rf,0,638,"Gwen Stacy reading a book, tilt up",,,,,,,,,,,,,,,0.2216955373684565,,,,,
rf,0,639,"Gwen Stacy reading a book, tilt down",,,,,,,,,,,,,,,0.21586643159389496,,,,,
rf,0,640,"Gwen Stacy reading a book, with an intense shaking effect",,,,,,,,,,,,,,,0.25416354835033417,,,,,
rf,0,641,"Gwen Stacy reading a book, featuring a steady and smooth perspective",,,,,,,,,,,,,,,0.25912155707677204,,,,,
rf,0,642,"Gwen Stacy reading a book, racking focus",,,,,,,,,,,,,,,0.21794349451859793,,,,,
rf,0,643,"A boat sailing leisurely along the Seine River with the Eiffel Tower in background, in super slow motion",,,,,,,,,,,,,,,0.21249318371216455,,,,,
rf,0,644,"A boat sailing leisurely along the Seine River with the Eiffel Tower in background, zoom in",,,,,,,,,,,,,,,0.17748315880695978,,,,,
rf,0,645,"A boat sailing leisurely along the Seine River with the Eiffel Tower in background, zoom out",,,,,,,,,,,,,,,0.13936465109388033,,,,,
rf,0,646,"A boat sailing leisurely along the Seine River with the Eiffel Tower in background, pan left",,,,,,,,,,,,,,,0.21965229759613672,,,,,
rf,0,647,"A boat sailing leisurely along the Seine River with the Eiffel Tower in background, pan right",,,,,,,,,,,,,,,0.17684335509936014,,,,,
rf,0,648,"A boat sailing leisurely along the Seine River with the Eiffel Tower in background, tilt up",,,,,,,,,,,,,,,0.23006712645292282,,,,,
rf,0,649,"A boat sailing leisurely along the Seine River with the Eiffel Tower in background, tilt down",,,,,,,,,,,,,,,0.23849251617987952,,,,,
rf,0,650,"A boat sailing leisurely along the Seine River with the Eiffel Tower in background, with an intense shaking effect",,,,,,,,,,,,,,,0.21226709832747778,,,,,
rf,0,651,"A boat sailing leisurely along the Seine River with the Eiffel Tower in background, featuring a steady and smooth perspective",,,,,,,,,,,,,,,0.23074272771676382,,,,,
rf,0,652,"A boat sailing leisurely along the Seine River with the Eiffel Tower in background, racking focus",,,,,,,,,,,,,,,0.11264762903253238,,,,,
rf,0,653,"A couple in formal evening wear going home get caught in a heavy downpour with umbrellas, in super slow motion",,,,,,,,,,,,,,,0.23934740821520487,,,,,
rf,0,654,"A couple in formal evening wear going home get caught in a heavy downpour with umbrellas, zoom in",,,,,,,,,,,,,,,0.2022590065995852,,,,,
rf,0,655,"A couple in formal evening wear going home get caught in a heavy downpour with umbrellas, zoom out",,,,,,,,,,,,,,,0.21939961363871893,,,,,
rf,0,656,"A couple in formal evening wear going home get caught in a heavy downpour with umbrellas, pan left",,,,,,,,,,,,,,,0.25369862218697864,,,,,
rf,0,657,"A couple in formal evening wear going home get caught in a heavy downpour with umbrellas, pan right",,,,,,,,,,,,,,,0.24577834208806357,,,,,
rf,0,658,"A couple in formal evening wear going home get caught in a heavy downpour with umbrellas, tilt up",,,,,,,,,,,,,,,0.17852398504813513,,,,,
rf,0,659,"A couple in formal evening wear going home get caught in a heavy downpour with umbrellas, tilt down",,,,,,,,,,,,,,,0.25685814519723255,,,,,
rf,0,660,"A couple in formal evening wear going home get caught in a heavy downpour with umbrellas, with an intense shaking effect",,,,,,,,,,,,,,,0.24216009924809137,,,,,
rf,0,661,"A couple in formal evening wear going home get caught in a heavy downpour with umbrellas, featuring a steady and smooth perspective",,,,,,,,,,,,,,,0.247531125942866,,,,,
rf,0,662,"A couple in formal evening wear going home get caught in a heavy downpour with umbrellas, racking focus",,,,,,,,,,,,,,,0.2665869767467181,,,,,
rf,0,663,"An astronaut flying in space, in super slow motion",,,,,,,,,,,,,,,0.18004872649908066,,,,,
rf,0,664,"An astronaut flying in space, zoom in",,,,,,,,,,,,,,,0.19247899452845255,,,,,
rf,0,665,"An astronaut flying in space, zoom out",,,,,,,,,,,,,,,0.17873525122801462,,,,,
rf,0,666,"An astronaut flying in space, pan left",,,,,,,,,,,,,,,0.14436649531126022,,,,,
rf,0,667,"An astronaut flying in space, pan right",,,,,,,,,,,,,,,0.1737368330359459,,,,,
rf,0,668,"An astronaut flying in space, tilt up",,,,,,,,,,,,,,,0.18183661748965582,,,,,
rf,0,669,"An astronaut flying in space, tilt down",,,,,,,,,,,,,,,0.1641202891866366,,,,,
rf,0,670,"An astronaut flying in space, with an intense shaking effect",,,,,,,,,,,,,,,0.1896026978890101,,,,,
rf,0,671,"An astronaut flying in space, featuring a steady and smooth perspective",,,,,,,,,,,,,,,0.2266473894317945,,,,,
rf,0,672,"An astronaut flying in space, racking focus",,,,,,,,,,,,,,,0.1933111622929573,,,,,
rf,0,673,"Snow rocky mountains peaks canyon. snow blanketed rocky mountains surround and shadow deep canyons. the canyons twist and bend through the high elevated mountain peaks, in super slow motion",,,,,,,,,,,,,,,0.2211916372179985,,,,,
rf,0,674,"Snow rocky mountains peaks canyon. snow blanketed rocky mountains surround and shadow deep canyons. the canyons twist and bend through the high elevated mountain peaks, zoom in",,,,,,,,,,,,,,,0.2396461764971415,,,,,
rf,0,675,"Snow rocky mountains peaks canyon. snow blanketed rocky mountains surround and shadow deep canyons. the canyons twist and bend through the high elevated mountain peaks, zoom out",,,,,,,,,,,,,,,0.16130579635500908,,,,,
rf,0,676,"Snow rocky mountains peaks canyon. snow blanketed rocky mountains surround and shadow deep canyons. the canyons twist and bend through the high elevated mountain peaks, pan left",,,,,,,,,,,,,,,0.23122072219848633,,,,,
rf,0,677,"Snow rocky mountains peaks canyon. snow blanketed rocky mountains surround and shadow deep canyons. the canyons twist and bend through the high elevated mountain peaks, pan right",,,,,,,,,,,,,,,0.2100084846218427,,,,,
rf,0,678,"Snow rocky mountains peaks canyon. snow blanketed rocky mountains surround and shadow deep canyons. the canyons twist and bend through the high elevated mountain peaks, tilt up",,,,,,,,,,,,,,,0.21879166861375174,,,,,
rf,0,679,"Snow rocky mountains peaks canyon. snow blanketed rocky mountains surround and shadow deep canyons. the canyons twist and bend through the high elevated mountain peaks, tilt down",,,,,,,,,,,,,,,0.17665258795022964,,,,,
rf,0,680,"Snow rocky mountains peaks canyon. snow blanketed rocky mountains surround and shadow deep canyons. the canyons twist and bend through the high elevated mountain peaks, with an intense shaking effect",,,,,,,,,,,,,,,0.2570420652627945,,,,,
rf,0,681,"Snow rocky mountains peaks canyon. snow blanketed rocky mountains surround and shadow deep canyons. the canyons twist and bend through the high elevated mountain peaks, featuring a steady and smooth perspective",,,,,,,,,,,,,,,0.2031512757142385,,,,,
rf,0,682,"Snow rocky mountains peaks canyon. snow blanketed rocky mountains surround and shadow deep canyons. the canyons twist and bend through the high elevated mountain peaks, racking focus",,,,,,,,,,,,,,,0.20841408520936966,,,,,
rf,0,683,Close up of grapes on a rotating table.,,,,,0.5189402798811594,0.7187561378479003,,,,,,,,,,0.18078256895144781,,,,
rf,0,684,Turtle swimming in ocean.,,,,,0.6256324052810669,0.7489725201129914,,,,,,,,,,0.2451897213856379,,,,
rf,0,685,A storm trooper vacuuming the beach.,,,,,0.6574048300584158,0.7370123235781988,,,,,,,,,,0.2729293604691823,,,,
rf,0,686,A panda standing on a surfboard in the ocean in sunset.,,,,,0.6415306329727173,0.677546544790268,,,,,,,,,,0.31238531569639844,,,,
rf,0,687,"An astronaut feeding ducks on a sunny afternoon, reflection from the water.",,,,,0.6858922839164734,0.759956074635188,,,,,,,,,,0.28499438365300495,,,,
rf,0,688,Two pandas discussing an academic paper.,,,,,0.5455106298128763,0.7614606872399649,,,,,,,,,,0.23510138442118964,,,,
rf,0,689,Sunset time lapse at the beach with moving clouds and colors in the sky.,,,,,0.669353187084198,0.6410955306688945,,,,,,,,,,0.2094284916917483,,,,
rf,0,690,A fat rabbit wearing a purple robe walking through a fantasy landscape.,,,,,0.704862912495931,0.7647896558443704,,,,,,,,,,0.28692002097765607,,,,
rf,0,691,A koala bear playing piano in the forest.,,,,,0.6792917748292288,0.7202205561796825,,,,,,,,,,0.3025376151005427,,,,
rf,0,692,An astronaut flying in space.,,,,,0.5877906183401743,0.7197033027013142,,,,,,,,,,0.1712047134836515,,,,
rf,0,693,Fireworks.,,,,,0.7051162918408712,0.5344617571433385,,,,,,,,,,0.19606548299392065,,,,
rf,0,694,An animated painting of fluffy white clouds moving in sky.,,,,,0.5078405539194742,0.6947487619717915,,,,,,,,,,0.27899287392695743,,,,
rf,0,695,Flying through fantasy landscapes.,,,,,0.6544619798660278,0.7299837805430095,,,,,,,,,,0.17923003186782202,,,,
rf,0,696,A bigfoot walking in the snowstorm.,,,,,0.6012542049090067,0.6553038827975591,,,,,,,,,,0.22048563261826834,,,,
rf,0,697,A squirrel eating a burger.,,,,,0.7212784687678019,0.7531261053085329,,,,,,,,,,0.3342130333185196,,,,
rf,0,698,A cat wearing sunglasses and working as a lifeguard at a pool.,,,,,0.6581713855266571,0.6913893897533417,,,,,,,,,,0.3155631721019745,,,,
rf,0,699,Snow rocky mountains peaks canyon. snow blanketed rocky mountains surround and shadow deep canyons. the canyons twist and bend through the high elevated mountain peaks.,,,,,0.5134037882089615,0.7544423288106917,,,,,,,,,,0.19940491765737534,,,,
rf,0,700,"Splash of turquoise water in extreme slow motion, alpha channel included.",,,,,0.5959618985652924,0.6410916816790899,,,,,,,,,,0.2322633514801661,,,,
rf,0,701,an ice cream is melting on the table.,,,,,0.5074674586455027,0.692097422838211,,,,,,,,,,0.20366010069847107,,,,
rf,0,702,a drone flying over a snowy forest.,,,,,0.725211888551712,0.7722966077327729,,,,,,,,,,0.2021614834666252,,,,
rf,0,703,a shark is swimming in the ocean.,,,,,0.6278567413489023,0.7046063545544943,,,,,,,,,,0.2084249034523964,,,,
rf,0,704,Aerial panoramic video from a drone of a fantasy land.,,,,,0.6424944202105204,0.7955864064693451,,,,,,,,,,0.2187094415227572,,,,
rf,0,705,a teddy bear is swimming in the ocean.,,,,,0.7224595447381338,0.7611110684076946,,,,,,,,,,0.283869410554568,,,,
rf,0,706,time lapse of sunrise on mars.,,,,,0.5915852089722952,0.5868110154072445,,,,,,,,,,0.17565671106179556,,,,
rf,0,707,golden fish swimming in the ocean.,,,,,0.6483657856782278,0.7062212182283402,,,,,,,,,,0.2580800528327624,,,,
rf,0,708,An artist brush painting on a canvas close up.,,,,,0.37029266854127246,0.7035022557179134,,,,,,,,,,0.2531576578815778,,,,
rf,0,709,"A drone view of celebration with Christmas tree and fireworks, starry sky - background.",,,,,0.6793305575847626,0.5988109220663707,,,,,,,,,,0.20952393114566803,,,,
rf,0,710,"happy dog wearing a yellow turtleneck, studio, portrait, facing camera, dark background",,,,,0.5329122642676035,0.6706954512993493,,,,,,,,,,0.2807260602712631,,,,
rf,0,711,"Origami dancers in white paper, 3D render, on white background, studio shot, dancing modern dance.",,,,,0.6055809855461121,0.6485656008323034,,,,,,,,,,0.2605086763699849,,,,
rf,0,712,Campfire at night in a snowy forest with starry sky in the background.,,,,,0.72703884045283,0.6134311140378316,,,,,,,,,,0.27917226900657016,,,,
rf,0,713,a fantasy landscape,,,,,0.5762570103009542,0.6932391145626703,,,,,,,,,,0.18245601654052734,,,,
rf,0,714,A 3D model of a 1800s victorian house.,,,,,0.676080584526062,0.7937516029675802,,,,,,,,,,0.2638182093699773,,,,
rf,0,715,this is how I do makeup in the morning.,,,,,0.5406926969687144,0.788111479918162,,,,,,,,,,0.20999804884195328,,,,
rf,0,716,"A raccoon that looks like a turtle, digital art.",,,,,0.5767738123734792,0.7587262097199758,,,,,,,,,,0.19172431528568268,,,,
rf,0,717,Robot dancing in Times Square.,,,,,0.7489961882432302,0.7199627914031347,,,,,,,,,,0.26748575270175934,,,,
rf,0,718,Busy freeway at night.,,,,,0.6059180299441019,0.555016124367714,,,,,,,,,,0.22612546384334564,,,,
rf,0,719,Balloon full of water exploding in extreme slow motion.,,,,,0.5143134246269861,0.6682144269545874,,,,,,,,,,0.18020383392771086,,,,
rf,0,720,An astronaut is riding a horse in the space in a photorealistic style.,,,,,0.5655163625876108,0.5706274395386378,,,,,,,,,,0.2832661271095276,,,,
rf,0,721,Macro slo-mo. Slow motion cropped closeup of roasted coffee beans falling into an empty bowl.,,,,,0.6154622137546539,0.6374973683357239,,,,,,,,,,0.27873844901720685,,,,
rf,0,722,"Sewing machine, old sewing machine working.",,,,,0.734958549340566,0.742094247420629,,,,,,,,,,0.1995755856235822,,,,
rf,0,723,"Motion colour drop in water, ink swirling in water, colourful ink in water, abstraction fancy dream cloud of ink.",,,,,0.49323200186093646,0.6711133904457092,,,,,,,,,,0.29483817517757416,,,,
rf,0,724,Few big purple plums rotating on the turntable. water drops appear on the skin during rotation. isolated on the white background. close-up. macro.,,,,,0.5077968090772629,0.712117311557134,,,,,,,,,,0.3007560024658839,,,,
rf,0,725,"Vampire makeup face of beautiful girl, red contact lenses.",,,,,0.6201427578926086,0.7503626249631247,,,,,,,,,,0.22960937768220901,,,,
rf,0,726,"Ashtray full of butts on table, smoke flowing on black background, close-up",,,,,0.4622822701931,0.628781445523103,,,,,,,,,,0.22774151961008707,,,,
rf,0,727,"Pacific coast, carmel by the sea ocean and waves.",,,,,0.610398511091868,0.667196565190951,,,,,,,,,,0.15142341951529184,,,,
rf,0,728,A teddy bear is playing drum kit in NYC Times Square.,,,,,0.7860942284266154,0.6834065596262614,,,,,,,,,,0.34332967301209766,,,,
rf,0,729,A corgi is playing drum kit.,,,,,0.6579675177733103,0.6442669483423232,,,,,,,,,,0.2870837599039078,,,,
rf,0,730,"An Iron man is playing the electronic guitar, high electronic guitar.",,,,,0.6579308907190958,0.6939624383449554,,,,,,,,,,0.29876604676246643,,,,
rf,0,731,A raccoon is playing the electronic guitar.,,,,,0.6772213876247406,0.719817769408226,,,,,,,,,,0.3308308770259221,,,,
rf,0,732,A boat sailing leisurely along the Seine River with the Eiffel Tower in background by Vincent van Gogh,,,,,0.5745443403720856,0.7605636627276738,,,,,,,,,,0.1856501599152883,,,,
rf,0,733,A corgi's head depicted as an explosion of a nebula,,,,,0.6680463353792826,0.6477851072947184,,,,,,,,,,0.32094644010066986,,,,
rf,0,734,A fantasy landscape,,,,,0.5214217255512873,0.6598339411815007,,,,,,,,,,0.1893129845460256,,,,
rf,0,735,A future where humans have achieved teleportation technology,,,,,0.7110968828201294,0.6618730177084605,,,,,,,,,,0.20470676571130753,,,,
rf,0,736,"A jellyfish floating through the ocean, with bioluminescent tentacles",,,,,0.6317199269930521,0.7412897166808445,,,,,,,,,,0.25225503494342166,,,,
rf,0,737,A Mars rover moving on Mars,,,,,0.5577758848667145,0.7109452594121297,,,,,,,,,,0.21746507287025452,,,,
rf,0,738,A panda drinking coffee in a cafe in Paris,,,,,0.698460211356481,0.7268277990023296,,,,,,,,,,0.27496620019276935,,,,
rf,0,739,"A space shuttle launching into orbit, with flames and smoke billowing out from the engines",,,,,0.5688417206207911,0.6939196422497432,,,,,,,,,,0.23050166169802347,,,,
rf,0,740,A steam train moving on a mountainside,,,,,0.6634067098299662,0.7482241489092508,,,,,,,,,,0.25556056449810666,,,,
rf,0,741,A super cool giant robot in Cyberpunk Beijing,,,,,0.6645823121070862,0.7072342489560445,,,,,,,,,,0.20036752025286356,,,,
rf,0,742,"A tropical beach at sunrise, with palm trees and crystal-clear water in the foreground",,,,,0.6792402565479279,0.7456087983051937,,,,,,,,,,0.25702738265196484,,,,
rf,0,743,"Cinematic shot of Van Gogh's selfie, Van Gogh style",,,,,0.5887631277243296,0.7337871587673823,,,,,,,,,,0.16655892382065454,,,,
rf,0,744,Gwen Stacy reading a book,,,,,0.6905842423439026,0.7093209077517191,,,,,,,,,,0.21293560415506363,,,,
rf,0,745,Iron Man flying in the sky,,,,,0.6293442149957021,0.7404430756171544,,,,,,,,,,0.32099803785483044,,,,
rf,0,746,"The bund Shanghai, oil painting",,,,,0.5655015806357065,0.7509863782723745,,,,,,,,,,0.20247411727905273,,,,
rf,0,747,Yoda playing guitar on the stage,,,,,0.6896876990795135,0.717115518728892,,,,,,,,,,0.3013707349697749,,,,
rf,0,748,"A beautiful coastal beach in spring, waves lapping on sand by Hokusai, in the style of Ukiyo",,,,,0.6475089987119039,0.6676014473438263,,,,,,,,,,0.2165700967113177,,,,
rf,0,749,"A beautiful coastal beach in spring, waves lapping on sand by Vincent van Gogh",,,,,0.7079114218552908,0.7280588405132294,,,,,,,,,,0.09324280793468158,,,,
rf,0,750,A boat sailing leisurely along the Seine River with the Eiffel Tower in background,,,,,0.6641369760036469,0.760681991537412,,,,,,,,,,0.12149298811952274,,,,
rf,0,751,"A car moving slowly on an empty street, rainy evening",,,,,0.5785881380240122,0.7335738054911296,,,,,,,,,,0.17310423900683722,,,,
rf,0,752,A cat eating food out of a bowl,,,,,0.5585550467173258,0.6426569405396779,,,,,,,,,,0.21750868608554205,,,,
rf,0,753,A cat wearing sunglasses at a pool,,,,,0.6204830706119537,0.6472669012149176,,,,,,,,,,0.27661186705032986,,,,
rf,0,754,A confused panda in calculus class,,,,,0.6408092776934305,0.7194321847756705,,,,,,,,,,0.2624872401356697,,,,
rf,0,755,A cute fluffy panda eating Chinese food in a restaurant,,,,,0.6862904826800028,0.7396810669898987,,,,,,,,,,0.28450092673301697,,,,
rf,0,756,"A cute happy Corgi playing in park, sunset",,,,,0.587750107049942,0.6295558081467946,,,,,,,,,,0.3064557611942291,,,,
rf,0,757,A cute raccoon playing guitar in a boat on the ocean,,,,,0.7006158928076426,0.6777963335514068,,,,,,,,,,0.3813270181417465,,,,
rf,0,758,"A happy fuzzy panda playing guitar nearby a campfire, snow mountain in the background",,,,,0.671672910451889,0.7293957208395004,,,,,,,,,,0.3667211631933848,,,,
rf,0,759,"A lightning striking atop of eiffel tower, dark clouds in the sky",,,,,0.601595958073934,0.695123705069224,,,,,,,,,,0.3150344689687093,,,,
rf,0,760,"A modern art museum, with colorful paintings",,,,,0.5275259564320246,0.6989175239801407,,,,,,,,,,0.2272979641954104,,,,
rf,0,761,A panda cooking in the kitchen,,,,,0.6638268331686655,0.7773047223885855,,,,,,,,,,0.3176611016194026,,,,
rf,0,762,A panda playing on a swing set,,,,,0.6101583937803904,0.7583821698029837,,,,,,,,,,0.27451469004154205,,,,
rf,0,763,A polar bear is playing guitar,,,,,0.6488159994284312,0.6693200795253117,,,,,,,,,,0.31317319472630817,,,,
rf,0,764,"A raccoon dressed in suit playing the trumpet, stage background",,,,,0.7181139588356018,0.7024177930752437,,,,,,,,,,0.3550869474808375,,,,
rf,0,765,"A robot DJ is playing the turntable, in heavy raining futuristic tokyo rooftop cyberpunk night, sci-fi, fantasy",,,,,0.7955897748470306,0.7087541675170262,,,,,,,,,,0.25806060433387756,,,,
rf,0,766,A shark swimming in clear Caribbean ocean,,,,,0.6180712580680847,0.7354538168907165,,,,,,,,,,0.1987784281373024,,,,
rf,0,767,A super robot protecting city,,,,,0.6494946777820587,0.686977331717809,,,,,,,,,,0.22086468587319055,,,,
rf,0,768,A teddy bear washing the dishes,,,,,0.7509380578994751,0.7605961218277613,,,,,,,,,,0.23071962843338648,,,,
rf,0,769,"An epic tornado attacking above a glowing city at night, the tornado is made of smoke",,,,,0.5964037179946899,0.5917430478731791,,,,,,,,,,0.2322456364830335,,,,
rf,0,770,An oil painting of a couple in formal evening wear going home get caught in a heavy downpour with umbrellas,,,,,0.608367845416069,0.7165154654979705,,,,,,,,,,0.212692528963089,,,,
rf,0,771,Clown fish swimming through the coral reef,,,,,0.6372519830862681,0.7812378832499186,,,,,,,,,,0.2521999850869179,,,,
rf,0,772,Hyper-realistic spaceship landing on Mars,,,,,0.5511292368173599,0.7167554535468419,,,,,,,,,,0.26180389275153476,,,,
rf,0,773,"The bund Shanghai, vibrant color",,,,,0.661901573340098,0.7472983401616414,,,,,,,,,,0.22985325753688812,,,,
rf,0,774,Vincent van Gogh is painting in the room,,,,,0.570326546827952,0.7029873010714849,,,,,,,,,,0.232819194595019,,,,
rf,0,775,Yellow flowers swing in the wind,,,,,0.6078608135382334,0.781852433125178,,,,,,,,,,0.20433161656061807,,,,
rf,0,776,alley,,0.9589502284197927,,,,,,,,,,,0.7958333333333333,,,,,,0.9530661962365591,0.8176304143050621
rf,0,777,amusement park,,0.9588437938053034,,,,,,,,,,,0.5958333333333333,,,,,,0.954112325688844,0.7901541981203802
rf,0,778,aquarium,,0.9672432830736707,,,,,,,,,,,0.9229166666666667,,,,,,0.9631129767305107,0.8971004177784098
rf,0,779,arch,,0.9489032782575324,,,,,,,,,,,0.16666666666666666,,,,,,0.9386658371135753,0.7295467514416267
rf,0,780,art gallery,,0.9611373314456472,,,,,,,,,,,0.04791666666666667,,,,,,0.9581214822748656,0.7999260923985777
rf,0,781,bathroom,,0.9768712007560456,,,,,,,,,,,1.0,,,,,,0.9772691952284946,0.9485209070403
rf,0,782,bakery shop,,0.9441160195587742,,,,,,,,,,,0.0,,,,,,0.9248180758568549,0.7884999811649323
rf,0,783,ballroom,,0.9478933463773492,,,,,,,,,,,0.06041666666666667,,,,,,0.9302198840725807,0.8314044979111902
rf,0,784,bar,,0.9666924961922643,,,,,,,,,,,0.9479166666666666,,,,,,0.9634211714549731,0.879887403085314
rf,0,785,barn,,0.9612969883304956,,,,,,,,,,,0.075,,,,,,0.9581311953965054,0.8068663642324251
rf,0,786,basement,,0.949340520464102,,,,,,,,,,,0.03333333333333333,,,,,,0.9387716313844084,0.7458641929873104
rf,0,787,beach,,0.9691815537435661,,,,,,,,,,,0.93125,,,,,,0.9688641948084676,0.8744447611529251
rf,0,788,bedroom,,0.971747540070146,,,,,,,,,,,0.125,,,,,,0.9699100617439516,0.923765437356357
rf,0,789,bridge,,0.9478074784983962,,,,,,,,,,,0.45,,,,,,0.9368085307459678,0.7241479877767891
rf,0,790,botanical garden,,0.9736988332326102,,,,,,,,,,,0.0,,,,,,0.9722664125504031,0.9388215079389769
rf,0,791,cafeteria,,0.9429825132149412,,,,,,,,,,,0.00625,,,,,,0.9211900936659947,0.8156806528568268
rf,0,792,campsite,,0.9692935807875976,,,,,,,,,,,0.0,,,,,,0.9701780913978495,0.8634435544753897
rf,0,793,campus,,0.9654882309318121,,,,,,,,,,,0.0,,,,,,0.9651529947916668,0.8345589123923203
rf,0,794,carrousel,,0.9614563903553114,,,,,,,,,,,0.0,,,,,,0.9555417296706988,0.8534819062413841
rf,0,795,castle,,0.9565463604808603,,,,,,,,,,,0.49375,,,,,,0.9530591082829302,0.7482982555340076
rf,0,796,cemetery,,0.9622960668320605,,,,,,,,,,,0.3625,,,,,,0.959727822580645,0.8186179990398472
rf,0,797,classroom,,0.9734583775442174,,,,,,,,,,,0.9583333333333334,,,,,,0.9709031628024195,0.9452972730685925
rf,0,798,cliff,,0.9549991989289502,,,,,,,,,,,0.2833333333333333,,,,,,0.950505607358871,0.7373405432906645
rf,0,799,crosswalk,,0.9449977166306459,,,,,,,,,,,0.6958333333333333,,,,,,0.9276075793850805,0.7771391365034827
rf,0,800,construction site,,0.9637180564811854,,,,,,,,,,,0.8333333333333334,,,,,,0.9604266423051075,0.849915552755882
rf,0,801,corridor,,0.9506178629450839,,,,,,,,,,,0.0,,,,,,0.942400401125672,0.7246146926592136
rf,0,802,courtyard,,0.9652051261195627,,,,,,,,,,,0.5583333333333333,,,,,,0.9635928574428763,0.8473532456776192
rf,0,803,desert,,0.966656389432241,,,,,,,,,,,1.0,,,,,,0.9659933110719088,0.8529763242294048
rf,0,804,downtown,,0.9446170095057256,,,,,,,,,,,0.0,,,,,,0.9272127541162634,0.7707353912550827
rf,0,805,driveway,,0.961370180096089,,,,,,,,,,,0.0,,,,,,0.9578862672211023,0.8182821890403484
rf,0,806,farm,,0.9624680393421662,,,,,,,,,,,0.35,,,,,,0.9600845829133065,0.8181968341613638
rf,0,807,food court,,0.962286931950048,,,,,,,,,,,0.68125,,,,,,0.9576618153561828,0.8486159341088657
rf,0,808,football field,,0.9508569711335216,,,,,,,,,,,0.0375,,,,,,0.9371910177251345,0.808219331091848
rf,0,809,forest road,,0.9573058244258721,,,,,,,,,,,0.0,,,,,,0.9556191721270163,0.7271526635720812
rf,0,810,fountain,,0.9555693028565211,,,,,,,,,,,0.9979166666666667,,,,,,0.9488023983534947,0.7762369513511658
rf,0,811,gas station,,0.9588291935393973,,,,,,,,,,,0.0,,,,,,0.9541078629032259,0.7898460513558881
rf,0,812,glacier,,0.956038557122832,,,,,,,,,,,0.3645833333333333,,,,,,0.9499188823084679,0.7731279946606735
rf,0,813,golf course,,0.9556262625569037,,,,,,,,,,,0.65,,,,,,0.951101783014113,0.7503802904794956
rf,0,814,indoor gymnasium,,0.9612285237649255,,,,,,,,,,,0.0,,,,,,0.9561129662298388,0.8410392064472725
rf,0,815,harbor,,0.9651900008920224,,,,,,,,,,,0.014583333333333334,,,,,,0.9659198063676075,0.8068081936959562
rf,0,816,highway,,0.9533117407313292,,,,,,,,,,,0.07708333333333334,,,,,,0.9472028834845431,0.7357049789921991
rf,0,817,hospital,,0.9595213214073971,,,,,,,,,,,0.7458333333333333,,,,,,0.9536489835349463,0.8289220795549196
rf,0,818,house,,0.9653354553187369,,,,,,,,,,,0.6375,,,,,,0.9650254116263441,0.8323716274623213
rf,0,819,iceberg,,0.967559424489589,,,,,,,,,,,0.16041666666666668,,,,,,0.9732503255208333,0.7689582679806084
rf,0,820,industrial area,,0.9540259039315949,,,,,,,,,,,0.0,,,,,,0.9458887243783604,0.7732127437303806
rf,0,821,jail cell,,0.9667051330989296,,,,,,,,,,,0.04583333333333333,,,,,,0.9636009954637095,0.878078096899493
rf,0,822,junkyard,,0.9497988996489671,,,,,,,,,,,0.0,,,,,,0.9440844464045698,0.6630934379224119
rf,0,823,kitchen,,0.9670065709360319,,,,,,,,,,,1.0,,,,,,0.96841555359543,0.8317827890659201
rf,0,824,indoor library,,0.9705867668445354,,,,,,,,,,,0.0,,,,,,0.9703647408434138,0.8923330728350014
rf,0,825,lighthouse,,0.9600410834894589,,,,,,,,,,,0.8854166666666666,,,,,,0.9555464549731183,0.8085069944118631
rf,0,826,laboratory,,0.9632392681244532,,,,,,,,,,,0.03125,,,,,,0.9616192561323925,0.8184526603797386
rf,0,827,mansion,,0.954639410635538,,,,,,,,,,,0.35833333333333334,,,,,,0.9488672400033604,0.7536546521145722
rf,0,828,marsh,,0.9661679609058922,,,,,,,,,,,0.0,,,,,,0.9669990129368279,0.827883016446541
rf,0,829,mountain,,0.9595827351078775,,,,,,,,,,,0.5979166666666667,,,,,,0.9593574113743281,0.7438779794450464
rf,0,830,indoor movie theater,,0.9596738233858186,,,,,,,,,,,0.0,,,,,,0.9538183068716396,0.8309439944809881
rf,0,831,indoor museum,,0.9614584375813435,,,,,,,,,,,0.0,,,,,,0.9595524613575268,0.7880115760811444
rf,0,832,music studio,,0.9693651565694104,,,,,,,,,,,0.0,,,,,,0.9672022009408601,0.8984047164177072
rf,0,833,nursery,,0.975083105255223,,,,,,,,,,,0.03333333333333333,,,,,,0.976094957577285,0.928859943973607
rf,0,834,ocean,,0.9601385966234992,,,,,,,,,,,0.7208333333333333,,,,,,0.9601273731518817,0.7503687163879131
rf,0,835,office,,0.9743165540188581,,,,,,,,,,,0.625,,,,,,0.9760876071068549,0.9114760592066008
rf,0,836,palace,,0.9659756892964076,,,,,,,,,,,0.075,,,,,,0.9672499789986557,0.8132640447082191
rf,0,837,parking lot,,0.9520447649356517,,,,,,,,,,,0.8,,,,,,0.9394948651713709,0.809833178232456
rf,0,838,pharmacy,,0.9628602808241147,,,,,,,,,,,0.625,,,,,,0.9558599000336022,0.87867972563053
rf,0,839,phone booth,,0.9635098127036439,,,,,,,,,,,0.39791666666666664,,,,,,0.9614811722950269,0.8310559988021851
rf,0,840,raceway,,0.9381457357857258,,,,,,,,,,,0.0,,,,,,0.9162647534442204,0.7481631400256321
rf,0,841,restaurant,,0.9684967008077557,,,,,,,,,,,0.9229166666666667,,,,,,0.9673612861223118,0.8760041553398659
rf,0,842,river,,0.9426828272862455,,,,,,,,,,,0.29791666666666666,,,,,,0.9287618657594086,0.6823356033399187
rf,0,843,science museum,,0.9690458302814134,,,,,,,,,,,0.0,,,,,,0.9681506741431453,0.8796200813918278
rf,0,844,shower,,0.9566496730911239,,,,,,,,,,,0.58125,,,,,,0.9484193863407258,0.8191322828161305
rf,0,845,ski slope,,0.9490698910599981,,,,,,,,,,,0.31666666666666665,,,,,,0.9390315230174732,0.729022524480162
rf,0,846,sky,,0.960308231380349,,,,,,,,,,,0.63125,,,,,,0.9568850281418011,0.792794886334189
rf,0,847,skyscraper,,0.9589117204101082,,,,,,,,,,,0.0125,,,,,,0.9553206905241934,0.7791462001101724
rf,0,848,baseball stadium,,0.9551621539997637,,,,,,,,,,,0.3770833333333333,,,,,,0.9464439474126344,0.7953130412718346
rf,0,849,staircase,,0.9598476902111307,,,,,,,,,,,0.64375,,,,,,0.9551973076276882,0.8076602729230091
rf,0,850,street,,0.9274120922862407,,,,,,,,,,,0.51875,,,,,,0.8950119182627687,0.7439604350205126
rf,0,851,supermarket,,0.9519645807825411,,,,,,,,,,,0.09583333333333334,,,,,,0.9357765772009408,0.8610756304757349
rf,0,852,indoor swimming pool,,0.9564786576138166,,,,,,,,,,,0.6104166666666667,,,,,,0.9460588352654569,0.8484349281623446
rf,0,853,tower,,0.9458633755775653,,,,,,,,,,,0.00625,,,,,,0.9370167065692204,0.6498633319961613
rf,0,854,outdoor track,,0.9525220689355252,,,,,,,,,,,0.0,,,,,,0.9435882896505376,0.7650728328474636
rf,0,855,train railway,,0.9568586072515508,,,,,,,,,,,0.0,,,,,,0.9539579658098118,0.7429214258646143
rf,0,856,train station platform,,0.9495921451548065,,,,,,,,,,,0.6958333333333333,,,,,,0.9368893859206988,0.7755154520273209
rf,0,857,underwater coral reef,,0.9629000431601782,,,,,,,,,,,0.0,,,,,,0.963081737231183,0.7816433670191929
rf,0,858,valley,,0.9707421837041909,,,,,,,,,,,0.0,,,,,,0.9741231938844087,0.8533850939109408
rf,0,859,volcano,,0.9580130293015465,,,,,,,,,,,0.5958333333333333,,,,,,0.9516409925235216,0.8051181045071832
rf,0,860,waterfall,,0.9645852257421073,,,,,,,,,,,1.0,,,,,,0.9630431472614248,0.8382931690791557
rf,0,861,windmill,,0.9647109566236338,,,,,,,,,,,0.9395833333333333,,,,,,0.9651608702956991,0.8023281138518761
rf,0,862,"a bicycle on the left of a car, front view",,,,,,,,,,,,1.0,,,,,,,,
rf,0,863,"a car on the right of a motorcycle, front view",,,,,,,,,,,,0.8071514898726965,,,,,,,,
rf,0,864,"a motorcycle on the left of a bus, front view",,,,,,,,,,,,1.0,,,,,,,,
rf,0,865,"a bus on the right of a traffic light, front view",,,,,,,,,,,,0.9859966402973596,,,,,,,,
rf,0,866,"a traffic light on the left of a fire hydrant, front view",,,,,,,,,,,,1.0,,,,,,,,
rf,0,867,"a fire hydrant on the right of a stop sign, front view",,,,,,,,,,,,0.9460366616077506,,,,,,,,
rf,0,868,"a stop sign on the left of a parking meter, front view",,,,,,,,,,,,0.5612078290077148,,,,,,,,
rf,0,869,"a parking meter on the right of a bench, front view",,,,,,,,,,,,0.4777415407924591,,,,,,,,
rf,0,870,"a bench on the left of a truck, front view",,,,,,,,,,,,0.4957360487116941,,,,,,,,
rf,0,871,"a truck on the right of a bicycle, front view",,,,,,,,,,,,0.18271569433159154,,,,,,,,
rf,0,872,"a bird on the left of a cat, front view",,,,,,,,,,,,0.9984640045774706,,,,,,,,
rf,0,873,"a cat on the right of a dog, front view",,,,,,,,,,,,1.0,,,,,,,,
rf,0,874,"a dog on the left of a horse, front view",,,,,,,,,,,,1.0,,,,,,,,
rf,0,875,"a horse on the right of a sheep, front view",,,,,,,,,,,,1.0,,,,,,,,
rf,0,876,"a sheep on the left of a cow, front view",,,,,,,,,,,,1.0,,,,,,,,
rf,0,877,"a cow on the right of an elephant, front view",,,,,,,,,,,,1.0,,,,,,,,
rf,0,878,"an elephant on the left of a bear, front view",,,,,,,,,,,,1.0,,,,,,,,
rf,0,879,"a bear on the right of a zebra, front view",,,,,,,,,,,,1.0,,,,,,,,
rf,0,880,"a zebra on the left of a giraffe, front view",,,,,,,,,,,,1.0,,,,,,,,
rf,0,881,"a giraffe on the right of a bird, front view",,,,,,,,,,,,1.0,,,,,,,,
rf,0,882,"a bottle on the left of a wine glass, front view",,,,,,,,,,,,1.0,,,,,,,,
rf,0,883,"a wine glass on the right of a cup, front view",,,,,,,,,,,,0.775,,,,,,,,
rf,0,884,"a cup on the left of a fork, front view",,,,,,,,,,,,0.6844852430014299,,,,,,,,
rf,0,885,"a fork on the right of a knife, front view",,,,,,,,,,,,0.6259788576254807,,,,,,,,
rf,0,886,"a knife on the left of a spoon, front view",,,,,,,,,,,,1.0,,,,,,,,
rf,0,887,"a spoon on the right of a bowl, front view",,,,,,,,,,,,0.9666666666666667,,,,,,,,
rf,0,888,"a bowl on the left of a bottle, front view",,,,,,,,,,,,0.9,,,,,,,,
rf,0,889,"a potted plant on the left of a remote, front view",,,,,,,,,,,,0.49857192378755855,,,,,,,,
rf,0,890,"a remote on the right of a clock, front view",,,,,,,,,,,,0.625,,,,,,,,
rf,0,891,"a clock on the left of a vase, front view",,,,,,,,,,,,1.0,,,,,,,,
rf,0,892,"a vase on the right of scissors, front view",,,,,,,,,,,,0.6369551233977437,,,,,,,,
rf,0,893,"scissors on the left of a teddy bear, front view",,,,,,,,,,,,0.991070801525951,,,,,,,,
rf,0,894,"a teddy bear on the right of a potted plant, front view",,,,,,,,,,,,1.0,,,,,,,,
rf,0,895,"a frisbee on the left of a sports ball, front view",,,,,,,,,,,,0.6937426207395393,,,,,,,,
rf,0,896,"a sports ball on the right of a baseball bat, front view",,,,,,,,,,,,0.8564059465125685,,,,,,,,
rf,0,897,"a baseball bat on the left of a baseball glove, front view",,,,,,,,,,,,0.9237138766438486,,,,,,,,
rf,0,898,"a baseball glove on the right of a tennis racket, front view",,,,,,,,,,,,0.6819655378742504,,,,,,,,
rf,0,899,"a tennis racket on the left of a frisbee, front view",,,,,,,,,,,,0.753535302078777,,,,,,,,
rf,0,900,"a toilet on the left of a hair drier, front view",,,,,,,,,,,,1.0,,,,,,,,
rf,0,901,"a hair drier on the right of a toothbrush, front view",,,,,,,,,,,,1.0,,,,,,,,
rf,0,902,"a toothbrush on the left of a sink, front view",,,,,,,,,,,,0.7298881132805607,,,,,,,,
rf,0,903,"a sink on the right of a toilet, front view",,,,,,,,,,,,0.9999315335090493,,,,,,,,
rf,0,904,"a chair on the left of a couch, front view",,,,,,,,,,,,0.9932478089191757,,,,,,,,
rf,0,905,"a couch on the right of a bed, front view",,,,,,,,,,,,0.979742837958878,,,,,,,,
rf,0,906,"a bed on the left of a tv, front view",,,,,,,,,,,,0.982180622995367,,,,,,,,
rf,0,907,"a tv on the right of a dining table, front view",,,,,,,,,,,,0.6463520744437148,,,,,,,,
rf,0,908,"a dining table on the left of a chair, front view",,,,,,,,,,,,0.9999181406042783,,,,,,,,
rf,0,909,"an airplane on the left of a train, front view",,,,,,,,,,,,0.8583775421206745,,,,,,,,
rf,0,910,"a train on the right of a boat, front view",,,,,,,,,,,,0.9252996231919427,,,,,,,,
rf,0,911,"a boat on the left of an airplane, front view",,,,,,,,,,,,0.9325204944282395,,,,,,,,
rf,0,912,"an oven on the top of a toaster, front view",,,,,,,,,,,,0.011485559136578697,,,,,,,,
rf,0,913,"an oven on the bottom of a toaster, front view",,,,,,,,,,,,0.1570449574828441,,,,,,,,
rf,0,914,"a toaster on the top of a microwave, front view",,,,,,,,,,,,0.50625,,,,,,,,
rf,0,915,"a toaster on the bottom of a microwave, front view",,,,,,,,,,,,0.014872839824885055,,,,,,,,
rf,0,916,"a microwave on the top of an oven, front view",,,,,,,,,,,,1.0,,,,,,,,
rf,0,917,"a microwave on the bottom of an oven, front view",,,,,,,,,,,,0.9044124438143176,,,,,,,,
rf,0,918,"a banana on the top of an apple, front view",,,,,,,,,,,,0.575307034082094,,,,,,,,
rf,0,919,"a banana on the bottom of an apple, front view",,,,,,,,,,,,0.4877592112804719,,,,,,,,
rf,0,920,"an apple on the top of a sandwich, front view",,,,,,,,,,,,0.7076653085501705,,,,,,,,
rf,0,921,"an apple on the bottom of a sandwich, front view",,,,,,,,,,,,0.35908536464450597,,,,,,,,
rf,0,922,"a sandwich on the top of an orange, front view",,,,,,,,,,,,0.8900135941209484,,,,,,,,
rf,0,923,"a sandwich on the bottom of an orange, front view",,,,,,,,,,,,0.9098171647194854,,,,,,,,
rf,0,924,"an orange on the top of a carrot, front view",,,,,,,,,,,,0.8405047995434105,,,,,,,,
rf,0,925,"an orange on the bottom of a carrot, front view",,,,,,,,,,,,0.482231842195576,,,,,,,,
rf,0,926,"a carrot on the top of a hot dog, front view",,,,,,,,,,,,0.8193237049684289,,,,,,,,
rf,0,927,"a carrot on the bottom of a hot dog, front view",,,,,,,,,,,,0.8670081100357352,,,,,,,,
rf,0,928,"a hot dog on the top of a pizza, front view",,,,,,,,,,,,1.0,,,,,,,,
rf,0,929,"a hot dog on the bottom of a pizza, front view",,,,,,,,,,,,0.24620814225127827,,,,,,,,
rf,0,930,"a pizza on the top of a donut, front view",,,,,,,,,,,,0.5436793083924668,,,,,,,,
rf,0,931,"a pizza on the bottom of a donut, front view",,,,,,,,,,,,0.292481562686645,,,,,,,,
rf,0,932,"a donut on the top of broccoli, front view",,,,,,,,,,,,0.7399502899871664,,,,,,,,
rf,0,933,"a donut on the bottom of broccoli, front view",,,,,,,,,,,,0.4849303486805842,,,,,,,,
rf,0,934,"broccoli on the top of a banana, front view",,,,,,,,,,,,0.8695339399883704,,,,,,,,
rf,0,935,"broccoli on the bottom of a banana, front view",,,,,,,,,,,,0.44738624025252943,,,,,,,,
rf,0,936,"skis on the top of a snowboard, front view",,,,,,,,,,,,0.04496507488509163,,,,,,,,
rf,0,937,"skis on the bottom of a snowboard, front view",,,,,,,,,,,,0.9099021188166992,,,,,,,,
rf,0,938,"a snowboard on the top of a kite, front view",,,,,,,,,,,,0.503921713587585,,,,,,,,
rf,0,939,"a snowboard on the bottom of a kite, front view",,,,,,,,,,,,0.34881857906750563,,,,,,,,
rf,0,940,"a kite on the top of a skateboard, front view",,,,,,,,,,,,0.9458115159686018,,,,,,,,
rf,0,941,"a kite on the bottom of a skateboard, front view",,,,,,,,,,,,0.13649427363882966,,,,,,,,
rf,0,942,"a skateboard on the top of a surfboard, front view",,,,,,,,,,,,0.07348596067968362,,,,,,,,
rf,0,943,"a skateboard on the bottom of a surfboard, front view",,,,,,,,,,,,0.7781125123993519,,,,,,,,
rf,0,944,"a surfboard on the top of skis, front view",,,,,,,,,,,,0.15864670865506997,,,,,,,,
rf,0,945,"a surfboard on the bottom of skis, front view",,,,,,,,,,,,0.2735935794696608,,,,,,,,
rf+rule,0,0,"In a still frame, a stop sign",,,0.9933553811615589,,,,,,,,,,,,,,,,,
rf+rule,0,1,"a toilet, frozen in time",,,0.9965635077626096,,,,,,,,,,,,,,,,,
rf+rule,0,2,"a laptop, frozen in time",,,0.9982664115522422,,,,,,,,,,,,,,,,,
rf+rule,0,3,A tranquil tableau of alley,,,0.9922898428112853,,,,,,,,,,,,,,,,,
rf+rule,0,4,A tranquil tableau of bar,,,0.9930267850090475,,,,,,,,,,,,,,,,,
rf+rule,0,5,A tranquil tableau of barn,,,0.9863650580013499,,,,,,,,,,,,,,,,,
rf+rule,0,6,A tranquil tableau of bathroom,,,0.9936717640184888,,,,,,,,,,,,,,,,,
rf+rule,0,7,A tranquil tableau of bedroom,,,0.9957115995182712,,,,,,,,,,,,,,,,,
rf+rule,0,8,A tranquil tableau of cliff,,,0.9849876128925995,,,,,,,,,,,,,,,,,
rf+rule,0,9,"In a still frame, courtyard",,,0.9860758297116149,,,,,,,,,,,,,,,,,
rf+rule,0,10,"In a still frame, gas station",,,0.9939282919378842,,,,,,,,,,,,,,,,,
rf+rule,0,11,A tranquil tableau of house,,,0.987141092150819,,,,,,,,,,,,,,,,,
rf+rule,0,12,"indoor gymnasium, frozen in time",,,0.9972774364901523,,,,,,,,,,,,,,,,,
rf+rule,0,13,A tranquil tableau of indoor library,,,0.9933748747320736,,,,,,,,,,,,,,,,,
rf+rule,0,14,A tranquil tableau of kitchen,,,0.9945121631435321,,,,,,,,,,,,,,,,,
rf+rule,0,15,A tranquil tableau of palace,,,0.981989850249945,,,,,,,,,,,,,,,,,
rf+rule,0,16,"In a still frame, parking lot",,,0.9943386539758421,,,,,,,,,,,,,,,,,
rf+rule,0,17,"In a still frame, phone booth",,,0.9940716308705947,,,,,,,,,,,,,,,,,
rf+rule,0,18,A tranquil tableau of restaurant,,,0.989945214215447,,,,,,,,,,,,,,,,,
rf+rule,0,19,A tranquil tableau of tower,,,0.9900943797242409,,,,,,,,,,,,,,,,,
rf+rule,0,20,A tranquil tableau of a bowl,,,0.9956674266329,,,,,,,,,,,,,,,,,
rf+rule,0,21,A tranquil tableau of an apple,,,0.9982635988908657,,,,,,,,,,,,,,,,,
rf+rule,0,22,A tranquil tableau of a bench,,,0.9918722713694852,,,,,,,,,,,,,,,,,
rf+rule,0,23,A tranquil tableau of a bed,,,0.995184491709167,,,,,,,,,,,,,,,,,
rf+rule,0,24,A tranquil tableau of a chair,,,0.9836381564420812,,,,,,,,,,,,,,,,,
rf+rule,0,25,A tranquil tableau of a cup,,,0.9979899687626782,,,,,,,,,,,,,,,,,
rf+rule,0,26,A tranquil tableau of a dining table,,,0.9943599586860806,,,,,,,,,,,,,,,,,
rf+rule,0,27,"In a still frame, a pear",,,0.9969494566262938,,,,,,,,,,,,,,,,,
rf+rule,0,28,A tranquil tableau of a bunch of grapes,,,0.9950493755995058,,,,,,,,,,,,,,,,,
rf+rule,0,29,A tranquil tableau of a bowl on the kitchen counter,,,0.9916218143350937,,,,,,,,,,,,,,,,,
rf+rule,0,30,"A tranquil tableau of a beautiful, handcrafted ceramic bowl",,,0.9958538811347063,,,,,,,,,,,,,,,,,
rf+rule,0,31,A tranquil tableau of an antique bowl,,,0.9915306222205069,,,,,,,,,,,,,,,,,
rf+rule,0,32,A tranquil tableau of an exquisite mahogany dining table,,,0.9917915246065926,,,,,,,,,,,,,,,,,
rf+rule,0,33,A tranquil tableau of a wooden bench in the park,,,0.9791478422576306,,,,,,,,,,,,,,,,,
rf+rule,0,34,A tranquil tableau of a beautiful wrought-iron bench surrounded by blooming flowers,,,0.9874616153567445,,,,,,,,,,,,,,,,,
rf+rule,0,35,"In a still frame, a park bench with a view of the lake",,,0.9891472848256428,,,,,,,,,,,,,,,,,
rf+rule,0,36,A tranquil tableau of a vintage rocking chair was placed on the porch,,,0.981471702631782,,,,,,,,,,,,,,,,,
rf+rule,0,37,"A tranquil tableau of the jail cell was small and dimly lit, with cold, steel bars",,,0.9968619876749376,,,,,,,,,,,,,,,,,
rf+rule,0,38,A tranquil tableau of the phone booth was tucked away in a quiet alley,,,0.987681411668366,,,,,,,,,,,,,,,,,
rf+rule,0,39,"a dilapidated phone booth stood as a relic of a bygone era on the sidewalk, frozen in time",,,0.9872016740312762,,,,,,,,,,,,,,,,,
rf+rule,0,40,A tranquil tableau of the old red barn stood weathered and iconic against the backdrop of the countryside,,,0.9864796496372596,,,,,,,,,,,,,,,,,
rf+rule,0,41,A tranquil tableau of a picturesque barn was painted a warm shade of red and nestled in a picturesque meadow,,,0.9864508324043424,,,,,,,,,,,,,,,,,
rf+rule,0,42,"In a still frame, within the desolate desert, an oasis unfolded, characterized by the stoic presence of palm trees and a motionless, glassy pool of water",,,0.9897966171713437,,,,,,,,,,,,,,,,,
rf+rule,0,43,"In a still frame, the Parthenon's majestic Doric columns stand in serene solitude atop the Acropolis, framed by the tranquil Athenian landscape",,,0.9863955571604709,,,,,,,,,,,,,,,,,
rf+rule,0,44,"In a still frame, the Temple of Hephaestus, with its timeless Doric grace, stands stoically against the backdrop of a quiet Athens",,,0.9921109134075689,,,,,,,,,,,,,,,,,
rf+rule,0,45,"In a still frame, the ornate Victorian streetlamp stands solemnly, adorned with intricate ironwork and stained glass panels",,,0.9940481272398257,,,,,,,,,,,,,,,,,
rf+rule,0,46,"A tranquil tableau of the Stonehenge presented itself as an enigmatic puzzle, each colossal stone meticulously placed against the backdrop of tranquility",,,0.9897483096403235,,,,,,,,,,,,,,,,,
rf+rule,0,47,"In a still frame, in the vast desert, an oasis nestled among dunes, featuring tall palm trees and an air of serenity",,,0.9879060240352855,,,,,,,,,,,,,,,,,
rf+rule,0,48,"static view on a desert scene with an oasis, palm trees, and a clear, calm pool of water",,,0.991436100099601,,,,,,,,,,,,,,,,,
rf+rule,0,49,"A tranquil tableau of an ornate Victorian streetlamp standing on a cobblestone street corner, illuminating the empty night",,,0.9944229884708629,,,,,,,,,,,,,,,,,
rf+rule,0,50,"A tranquil tableau of a tranquil lakeside cabin nestled among tall pines, its reflection mirrored perfectly in the calm water",,,0.9824083085153618,,,,,,,,,,,,,,,,,
rf+rule,0,51,"In a still frame, a vintage gas lantern, adorned with intricate details, gracing a historic cobblestone square",,,0.9899350708606196,,,,,,,,,,,,,,,,,
rf+rule,0,52,"In a still frame, a tranquil Japanese tea ceremony room, with tatami mats, a delicate tea set, and a bonsai tree in the corner",,,0.9965893974023707,,,,,,,,,,,,,,,,,
rf+rule,0,53,"A tranquil tableau of the Parthenon stands resolute in its classical elegance, a timeless symbol of Athens' cultural legacy",,,0.9890834278218886,,,,,,,,,,,,,,,,,
rf+rule,0,54,"A tranquil tableau of in the heart of Plaka, the neoclassical architecture of the old city harmonizes with the ancient ruins",,,0.989783307243796,,,,,,,,,,,,,,,,,
rf+rule,0,55,"A tranquil tableau of in the desolate beauty of the American Southwest, Chaco Canyon's ancient ruins whispered tales of an enigmatic civilization that once thrived amidst the arid landscapes",,,0.9888318648992801,,,,,,,,,,,,,,,,,
rf+rule,0,56,"A tranquil tableau of at the edge of the Arabian Desert, the ancient city of Petra beckoned with its enigmatic rock-carved façades",,,0.99217642213784,,,,,,,,,,,,,,,,,
rf+rule,0,57,"In a still frame, amidst the cobblestone streets, an Art Nouveau lamppost stood tall",,,0.9881114579493703,,,,,,,,,,,,,,,,,
rf+rule,0,58,"A tranquil tableau of in the quaint village square, a traditional wrought-iron streetlamp featured delicate filigree patterns and amber-hued glass panels",,,0.985841443491917,,,,,,,,,,,,,,,,,
rf+rule,0,59,"A tranquil tableau of the lampposts were adorned with Art Deco motifs, their geometric shapes and frosted glass creating a sense of vintage glamour",,,0.9910102266112184,,,,,,,,,,,,,,,,,
rf+rule,0,60,"In a still frame, in the picturesque square, a Gothic-style lamppost adorned with intricate stone carvings added a touch of medieval charm to the setting",,,0.983508914124732,,,,,,,,,,,,,,,,,
rf+rule,0,61,"In a still frame, in the heart of the old city, a row of ornate lantern-style streetlamps bathed the narrow alleyway in a warm, welcoming light",,,0.9848336280560961,,,,,,,,,,,,,,,,,
rf+rule,0,62,"A tranquil tableau of in the heart of the Utah desert, a massive sandstone arch spanned the horizon",,,0.9917636359906664,,,,,,,,,,,,,,,,,
rf+rule,0,63,"A tranquil tableau of in the Arizona desert, a massive stone bridge arched across a rugged canyon",,,0.9834802936105167,,,,,,,,,,,,,,,,,
rf+rule,0,64,"A tranquil tableau of in the corner of the minimalist tea room, a bonsai tree added a touch of nature's beauty to the otherwise simple and elegant space",,,0.9939862200793097,,,,,,,,,,,,,,,,,
rf+rule,0,65,"In a still frame, amidst the hushed ambiance of the traditional tea room, a meticulously arranged tea set awaited, with porcelain cups, a bamboo whisk",,,0.995420735162847,,,,,,,,,,,,,,,,,
rf+rule,0,66,"In a still frame, nestled in the Zen garden, a rustic teahouse featured tatami seating and a traditional charcoal brazier",,,0.9853805917852065,,,,,,,,,,,,,,,,,
rf+rule,0,67,A tranquil tableau of a country estate's library featured elegant wooden shelves,,,0.9979988263635076,,,,,,,,,,,,,,,,,
rf+rule,0,68,"A tranquil tableau of beneath the shade of a solitary oak tree, an old wooden park bench sat patiently",,,0.9803430400175206,,,,,,,,,,,,,,,,,
rf+rule,0,69,"A tranquil tableau of beside a tranquil pond, a weeping willow tree draped its branches gracefully over the water's surface, creating a serene tableau of reflection and calm",,,0.9840183125290217,,,,,,,,,,,,,,,,,
rf+rule,0,70,"A tranquil tableau of in the Zen garden, a perfectly raked gravel path led to a serene rock garden",,,0.984262169856651,,,,,,,,,,,,,,,,,
rf+rule,0,71,"In a still frame, a tranquil pond was fringed by weeping cherry trees, their blossoms drifting lazily onto the glassy surface",,,0.9828680431141572,,,,,,,,,,,,,,,,,
rf+rule,0,72,"In a still frame, within the historic library's reading room, rows of antique leather chairs and mahogany tables offered a serene haven for literary contemplation",,,0.9946780634861365,,,,,,,,,,,,,,,,,
rf+rule,0,73,A tranquil tableau of a peaceful orchid garden showcased a variety of delicate blooms,,,0.9793859160180185,,,,,,,,,,,,,,,,,
rf+rule,0,74,"A tranquil tableau of in the serene courtyard, a centuries-old stone well stood as a symbol of a bygone era, its mossy stones bearing witness to the passage of time",,,0.984880547803991,,,,,,,,,,,,,,,,,
rf+rule,0,75,a bird and a cat,,,,,,,,,1.0,,,,,,,,,,,
rf+rule,0,76,a cat and a dog,,,,,,,,,0.004166666666666667,,,,,,,,,,,
rf+rule,0,77,a dog and a horse,,,,,,,,,0.6958333333333333,,,,,,,,,,,
rf+rule,0,78,a horse and a sheep,,,,,,,,,1.0,,,,,,,,,,,
rf+rule,0,79,a sheep and a cow,,,,,,,,,1.0,,,,,,,,,,,
rf+rule,0,80,a cow and an elephant,,,,,,,,,0.11875,,,,,,,,,,,
rf+rule,0,81,an elephant and a bear,,,,,,,,,0.0,,,,,,,,,,,
rf+rule,0,82,a bear and a zebra,,,,,,,,,0.0,,,,,,,,,,,
rf+rule,0,83,a zebra and a giraffe,,,,,,,,,1.0,,,,,,,,,,,
rf+rule,0,84,a giraffe and a bird,,,,,,,,,0.9979166666666667,,,,,,,,,,,
rf+rule,0,85,a chair and a couch,,,,,,,,,1.0,,,,,,,,,,,
rf+rule,0,86,a couch and a potted plant,,,,,,,,,0.8520833333333333,,,,,,,,,,,
rf+rule,0,87,a potted plant and a tv,,,,,,,,,1.0,,,,,,,,,,,
rf+rule,0,88,a tv and a laptop,,,,,,,,,1.0,,,,,,,,,,,
rf+rule,0,89,a laptop and a remote,,,,,,,,,0.5,,,,,,,,,,,
rf+rule,0,90,a remote and a keyboard,,,,,,,,,1.0,,,,,,,,,,,
rf+rule,0,91,a keyboard and a cell phone,,,,,,,,,0.15,,,,,,,,,,,
rf+rule,0,92,a cell phone and a book,,,,,,,,,0.6729166666666667,,,,,,,,,,,
rf+rule,0,93,a book and a clock,,,,,,,,,1.0,,,,,,,,,,,
rf+rule,0,94,a clock and a backpack,,,,,,,,,0.80625,,,,,,,,,,,
rf+rule,0,95,a backpack and an umbrella,,,,,,,,,0.8166666666666667,,,,,,,,,,,
rf+rule,0,96,an umbrella and a handbag,,,,,,,,,0.5291666666666667,,,,,,,,,,,
rf+rule,0,97,a handbag and a tie,,,,,,,,,0.975,,,,,,,,,,,
rf+rule,0,98,a tie and a suitcase,,,,,,,,,1.0,,,,,,,,,,,
rf+rule,0,99,a suitcase and a vase,,,,,,,,,1.0,,,,,,,,,,,
rf+rule,0,100,a vase and scissors,,,,,,,,,0.9395833333333333,,,,,,,,,,,
rf+rule,0,101,scissors and a teddy bear,,,,,,,,,1.0,,,,,,,,,,,
rf+rule,0,102,a teddy bear and a frisbee,,,,,,,,,0.5958333333333333,,,,,,,,,,,
rf+rule,0,103,a frisbee and skis,,,,,,,,,0.010416666666666666,,,,,,,,,,,
rf+rule,0,104,skis and a snowboard,,,,,,,,,0.21458333333333332,,,,,,,,,,,
rf+rule,0,105,a snowboard and a sports ball,,,,,,,,,0.23541666666666666,,,,,,,,,,,
rf+rule,0,106,a sports ball and a kite,,,,,,,,,0.29791666666666666,,,,,,,,,,,
rf+rule,0,107,a kite and a baseball bat,,,,,,,,,0.26666666666666666,,,,,,,,,,,
rf+rule,0,108,a baseball bat and a baseball glove,,,,,,,,,1.0,,,,,,,,,,,
rf+rule,0,109,a baseball glove and a skateboard,,,,,,,,,0.11666666666666667,,,,,,,,,,,
rf+rule,0,110,a skateboard and a surfboard,,,,,,,,,0.825,,,,,,,,,,,
rf+rule,0,111,a surfboard and a tennis racket,,,,,,,,,0.6479166666666667,,,,,,,,,,,
rf+rule,0,112,a tennis racket and a bottle,,,,,,,,,1.0,,,,,,,,,,,
rf+rule,0,113,a bottle and a chair,,,,,,,,,0.0,,,,,,,,,,,
rf+rule,0,114,an airplane and a train,,,,,,,,,0.49375,,,,,,,,,,,
rf+rule,0,115,a train and a boat,,,,,,,,,0.6916666666666667,,,,,,,,,,,
rf+rule,0,116,a boat and an airplane,,,,,,,,,0.8666666666666667,,,,,,,,,,,
rf+rule,0,117,a bicycle and a car,,,,,,,,,0.5125,,,,,,,,,,,
rf+rule,0,118,a car and a motorcycle,,,,,,,,,0.7375,,,,,,,,,,,
rf+rule,0,119,a motorcycle and a bus,,,,,,,,,0.9270833333333334,,,,,,,,,,,
rf+rule,0,120,a bus and a traffic light,,,,,,,,,1.0,,,,,,,,,,,
rf+rule,0,121,a traffic light and a fire hydrant,,,,,,,,,1.0,,,,,,,,,,,
rf+rule,0,122,a fire hydrant and a stop sign,,,,,,,,,0.9958333333333333,,,,,,,,,,,
rf+rule,0,123,a stop sign and a parking meter,,,,,,,,,0.9958333333333333,,,,,,,,,,,
rf+rule,0,124,a parking meter and a truck,,,,,,,,,0.33541666666666664,,,,,,,,,,,
rf+rule,0,125,a truck and a bicycle,,,,,,,,,0.875,,,,,,,,,,,
rf+rule,0,126,a toilet and a hair drier,,,,,,,,,0.9229166666666667,,,,,,,,,,,
rf+rule,0,127,a hair drier and a toothbrush,,,,,,,,,0.16458333333333333,,,,,,,,,,,
rf+rule,0,128,a toothbrush and a sink,,,,,,,,,1.0,,,,,,,,,,,
rf+rule,0,129,a sink and a toilet,,,,,,,,,1.0,,,,,,,,,,,
rf+rule,0,130,a wine glass and a chair,,,,,,,,,1.0,,,,,,,,,,,
rf+rule,0,131,a cup and a couch,,,,,,,,,1.0,,,,,,,,,,,
rf+rule,0,132,a fork and a potted plant,,,,,,,,,1.0,,,,,,,,,,,
rf+rule,0,133,a knife and a tv,,,,,,,,,0.64375,,,,,,,,,,,
rf+rule,0,134,a spoon and a laptop,,,,,,,,,1.0,,,,,,,,,,,
rf+rule,0,135,a bowl and a remote,,,,,,,,,1.0,,,,,,,,,,,
rf+rule,0,136,a banana and a keyboard,,,,,,,,,1.0,,,,,,,,,,,
rf+rule,0,137,an apple and a cell phone,,,,,,,,,0.53125,,,,,,,,,,,
rf+rule,0,138,a sandwich and a book,,,,,,,,,0.9583333333333334,,,,,,,,,,,
rf+rule,0,139,an orange and a clock,,,,,,,,,1.0,,,,,,,,,,,
rf+rule,0,140,broccoli and a backpack,,,,,,,,,0.0,,,,,,,,,,,
rf+rule,0,141,a carrot and an umbrella,,,,,,,,,0.19583333333333333,,,,,,,,,,,
rf+rule,0,142,a hot dog and a handbag,,,,,,,,,0.027083333333333334,,,,,,,,,,,
rf+rule,0,143,a pizza and a tie,,,,,,,,,0.9854166666666667,,,,,,,,,,,
rf+rule,0,144,a donut and a suitcase,,,,,,,,,0.9791666666666666,,,,,,,,,,,
rf+rule,0,145,a cake and a vase,,,,,,,,,0.46458333333333335,,,,,,,,,,,
rf+rule,0,146,an oven and scissors,,,,,,,,,0.425,,,,,,,,,,,
rf+rule,0,147,a toaster and a teddy bear,,,,,,,,,0.9375,,,,,,,,,,,
rf+rule,0,148,a microwave and a frisbee,,,,,,,,,0.0,,,,,,,,,,,
rf+rule,0,149,a refrigerator and skis,,,,,,,,,0.00625,,,,,,,,,,,
rf+rule,0,150,a bicycle and an airplane,,,,,,,,,0.6791666666666667,,,,,,,,,,,
rf+rule,0,151,a car and a train,,,,,,,,,0.6645833333333333,,,,,,,,,,,
rf+rule,0,152,a motorcycle and a boat,,,,,,,,,0.83125,,,,,,,,,,,
rf+rule,0,153,a person and a toilet,,,,,,,,,1.0,,,,,,,,,,,
rf+rule,0,154,a person and a hair drier,,,,,,,,,0.8708333333333333,,,,,,,,,,,
rf+rule,0,155,a person and a toothbrush,,,,,,,,,1.0,,,,,,,,,,,
rf+rule,0,156,a person and a sink,,,,,,,,,0.8625,,,,,,,,,,,
rf+rule,0,157,A person is riding a bike,,,,,,,,,,1.0,,,,,,,,,,
rf+rule,0,158,A person is marching,,,,,,,,,,0.0,,,,,,,,,,
rf+rule,0,159,A person is roller skating,,,,,,,,,,1.0,,,,,,,,,,
rf+rule,0,160,A person is tasting beer,,,,,,,,,,1.0,,,,,,,,,,
rf+rule,0,161,A person is clapping,,,,,,,,,,1.0,,,,,,,,,,
rf+rule,0,162,A person is drawing,,,,,,,,,,1.0,,,,,,,,,,
rf+rule,0,163,A person is petting animal (not cat),,,,,,,,,,1.0,,,,,,,,,,
rf+rule,0,164,A person is eating watermelon,,,,,,,,,,1.0,,,,,,,,,,
rf+rule,0,165,A person is playing harp,,,,,,,,,,1.0,,,,,,,,,,
rf+rule,0,166,A person is wrestling,,,,,,,,,,1.0,,,,,,,,,,
rf+rule,0,167,A person is riding scooter,,,,,,,,,,1.0,,,,,,,,,,
rf+rule,0,168,A person is sweeping floor,,,,,,,,,,1.0,,,,,,,,,,
rf+rule,0,169,A person is skateboarding,,,,,,,,,,1.0,,,,,,,,,,
rf+rule,0,170,A person is dunking basketball,,,,,,,,,,1.0,,,,,,,,,,
rf+rule,0,171,A person is playing flute,,,,,,,,,,1.0,,,,,,,,,,
rf+rule,0,172,A person is stretching leg,,,,,,,,,,1.0,,,,,,,,,,
rf+rule,0,173,A person is tying tie,,,,,,,,,,1.0,,,,,,,,,,
rf+rule,0,174,A person is skydiving,,,,,,,,,,1.0,,,,,,,,,,
rf+rule,0,175,A person is shooting goal (soccer),,,,,,,,,,0.6666666666666666,,,,,,,,,,
rf+rule,0,176,A person is playing piano,,,,,,,,,,1.0,,,,,,,,,,
rf+rule,0,177,A person is finger snapping,,,,,,,,,,1.0,,,,,,,,,,
rf+rule,0,178,A person is canoeing or kayaking,,,,,,,,,,1.0,,,,,,,,,,
rf+rule,0,179,A person is laughing,,,,,,,,,,1.0,,,,,,,,,,
rf+rule,0,180,A person is digging,,,,,,,,,,0.8333333333333334,,,,,,,,,,
rf+rule,0,181,A person is clay pottery making,,,,,,,,,,1.0,,,,,,,,,,
rf+rule,0,182,A person is shooting basketball,,,,,,,,,,1.0,,,,,,,,,,
rf+rule,0,183,A person is bending back,,,,,,,,,,0.0,,,,,,,,,,
rf+rule,0,184,A person is shaking hands,,,,,,,,,,1.0,,,,,,,,,,
rf+rule,0,185,A person is bandaging,,,,,,,,,,1.0,,,,,,,,,,
rf+rule,0,186,A person is push up,,,,,,,,,,1.0,,,,,,,,,,
rf+rule,0,187,A person is catching or throwing frisbee,,,,,,,,,,1.0,,,,,,,,,,
rf+rule,0,188,A person is playing trumpet,,,,,,,,,,1.0,,,,,,,,,,
rf+rule,0,189,A person is flying kite,,,,,,,,,,1.0,,,,,,,,,,
rf+rule,0,190,A person is filling eyebrows,,,,,,,,,,1.0,,,,,,,,,,
rf+rule,0,191,A person is shuffling cards,,,,,,,,,,1.0,,,,,,,,,,
rf+rule,0,192,A person is folding clothes,,,,,,,,,,1.0,,,,,,,,,,
rf+rule,0,193,A person is smoking,,,,,,,,,,1.0,,,,,,,,,,
rf+rule,0,194,A person is tai chi,,,,,,,,,,0.6666666666666666,,,,,,,,,,
rf+rule,0,195,A person is squat,,,,,,,,,,0.0,,,,,,,,,,
rf+rule,0,196,A person is playing controller,,,,,,,,,,1.0,,,,,,,,,,
rf+rule,0,197,A person is throwing axe,,,,,,,,,,1.0,,,,,,,,,,
rf+rule,0,198,A person is giving or receiving award,,,,,,,,,,1.0,,,,,,,,,,
rf+rule,0,199,A person is air drumming,,,,,,,,,,1.0,,,,,,,,,,
rf+rule,0,200,A person is taking a shower,,,,,,,,,,1.0,,,,,,,,,,
rf+rule,0,201,A person is planting trees,,,,,,,,,,1.0,,,,,,,,,,
rf+rule,0,202,A person is sharpening knives,,,,,,,,,,1.0,,,,,,,,,,
rf+rule,0,203,A person is robot dancing,,,,,,,,,,1.0,,,,,,,,,,
rf+rule,0,204,A person is rock climbing,,,,,,,,,,1.0,,,,,,,,,,
rf+rule,0,205,A person is hula hooping,,,,,,,,,,1.0,,,,,,,,,,
rf+rule,0,206,A person is writing,,,,,,,,,,1.0,,,,,,,,,,
rf+rule,0,207,A person is bungee jumping,,,,,,,,,,1.0,,,,,,,,,,
rf+rule,0,208,A person is pushing cart,,,,,,,,,,0.8333333333333334,,,,,,,,,,
rf+rule,0,209,A person is cleaning windows,,,,,,,,,,1.0,,,,,,,,,,
rf+rule,0,210,A person is cutting watermelon,,,,,,,,,,1.0,,,,,,,,,,
rf+rule,0,211,A person is cheerleading,,,,,,,,,,1.0,,,,,,,,,,
rf+rule,0,212,A person is washing hands,,,,,,,,,,1.0,,,,,,,,,,
rf+rule,0,213,A person is ironing,,,,,,,,,,1.0,,,,,,,,,,
rf+rule,0,214,A person is cutting nails,,,,,,,,,,0.8333333333333334,,,,,,,,,,
rf+rule,0,215,A person is hugging,,,,,,,,,,1.0,,,,,,,,,,
rf+rule,0,216,A person is trimming or shaving beard,,,,,,,,,,1.0,,,,,,,,,,
rf+rule,0,217,A person is jogging,,,,,,,,,,1.0,,,,,,,,,,
rf+rule,0,218,A person is making bed,,,,,,,,,,1.0,,,,,,,,,,
rf+rule,0,219,A person is washing dishes,,,,,,,,,,1.0,,,,,,,,,,
rf+rule,0,220,A person is grooming dog,,,,,,,,,,0.6666666666666666,,,,,,,,,,
rf+rule,0,221,A person is doing laundry,,,,,,,,,,1.0,,,,,,,,,,
rf+rule,0,222,A person is knitting,,,,,,,,,,1.0,,,,,,,,,,
rf+rule,0,223,A person is reading book,,,,,,,,,,1.0,,,,,,,,,,
rf+rule,0,224,A person is baby waking up,,,,,,,,,,0.8333333333333334,,,,,,,,,,
rf+rule,0,225,A person is massaging legs,,,,,,,,,,1.0,,,,,,,,,,
rf+rule,0,226,A person is brushing teeth,,,,,,,,,,1.0,,,,,,,,,,
rf+rule,0,227,A person is crawling baby,,,,,,,,,,1.0,,,,,,,,,,
rf+rule,0,228,A person is motorcycling,,,,,,,,,,1.0,,,,,,,,,,
rf+rule,0,229,A person is driving car,,,,,,,,,,1.0,,,,,,,,,,
rf+rule,0,230,A person is sticking tongue out,,,,,,,,,,1.0,,,,,,,,,,
rf+rule,0,231,A person is shaking head,,,,,,,,,,1.0,,,,,,,,,,
rf+rule,0,232,A person is sword fighting,,,,,,,,,,1.0,,,,,,,,,,
rf+rule,0,233,A person is doing aerobics,,,,,,,,,,1.0,,,,,,,,,,
rf+rule,0,234,A person is strumming guitar,,,,,,,,,,1.0,,,,,,,,,,
rf+rule,0,235,A person is riding or walking with horse,,,,,,,,,,1.0,,,,,,,,,,
rf+rule,0,236,A person is archery,,,,,,,,,,1.0,,,,,,,,,,
rf+rule,0,237,A person is catching or throwing baseball,,,,,,,,,,1.0,,,,,,,,,,
rf+rule,0,238,A person is playing chess,,,,,,,,,,1.0,,,,,,,,,,
rf+rule,0,239,A person is rock scissors paper,,,,,,,,,,0.16666666666666666,,,,,,,,,,
rf+rule,0,240,A person is using computer,,,,,,,,,,1.0,,,,,,,,,,
rf+rule,0,241,A person is arranging flowers,,,,,,,,,,1.0,,,,,,,,,,
rf+rule,0,242,A person is bending metal,,,,,,,,,,1.0,,,,,,,,,,
rf+rule,0,243,A person is ice skating,,,,,,,,,,1.0,,,,,,,,,,
rf+rule,0,244,A person is climbing a rope,,,,,,,,,,1.0,,,,,,,,,,
rf+rule,0,245,A person is crying,,,,,,,,,,1.0,,,,,,,,,,
rf+rule,0,246,A person is dancing ballet,,,,,,,,,,1.0,,,,,,,,,,
rf+rule,0,247,A person is getting a haircut,,,,,,,,,,1.0,,,,,,,,,,
rf+rule,0,248,A person is running on treadmill,,,,,,,,,,1.0,,,,,,,,,,
rf+rule,0,249,A person is kissing,,,,,,,,,,1.0,,,,,,,,,,
rf+rule,0,250,A person is counting money,,,,,,,,,,0.6666666666666666,,,,,,,,,,
rf+rule,0,251,A person is barbequing,,,,,,,,,,1.0,,,,,,,,,,
rf+rule,0,252,A person is peeling apples,,,,,,,,,,1.0,,,,,,,,,,
rf+rule,0,253,A person is milking cow,,,,,,,,,,1.0,,,,,,,,,,
rf+rule,0,254,A person is shining shoes,,,,,,,,,,1.0,,,,,,,,,,
rf+rule,0,255,A person is making snowman,,,,,,,,,,1.0,,,,,,,,,,
rf+rule,0,256,A person is sailing,,,,,,,,,,1.0,,,,,,,,,,
rf+rule,0,257,a person swimming in ocean,0.9801222520951444,,,0.9858578118599053,,,0.6666666666666666,,,,,,,,,,0.9748100234295733,0.8497186806695215,,
rf+rule,0,258,a person giving a presentation to a room full of colleagues,0.9929921981655274,,,0.9959003180615491,,,0.0,,,,,,,,,,0.9943018828668904,0.9450605542495333,,
rf+rule,0,259,a person washing the dishes,0.97826968354209,,,0.9904915926702766,,,0.9666666666666667,,,,,,,,,,0.9699195680438832,0.8634588625924341,,
rf+rule,0,260,a person eating a burger,0.9678779313928864,,,0.9934242699939367,,,0.5,,,,,,,,,,0.9558994895347986,0.8032512407878349,,
rf+rule,0,261,a person walking in the snowstorm,0.9594364628598674,,,0.9911666333453788,,,0.7,,,,,,,,,,0.9438658283602805,0.7626694882738179,,
rf+rule,0,262,a person drinking coffee in a cafe,0.9896640233632193,,,0.9955877184250065,,,0.0,,,,,,,,,,0.9902247863110676,0.9072656066253267,,
rf+rule,0,263,a person playing guitar,0.9953225650939382,,,0.9918966868412845,,,0.03333333333333333,,,,,,,,,,0.9967818992753184,0.9744950553466534,,
rf+rule,0,264,a bicycle leaning against a tree,0.9679013931984262,,,0.9890284443562861,,,0.5666666666666667,,,,,,,,,,0.9703443191705212,0.6932226691780419,,
rf+rule,0,265,a bicycle gliding through a snowy field,0.9607531160539015,,,0.976400992197538,,,1.0,,,,,,,,,,0.9475557546141328,0.7528955977538536,,
rf+rule,0,266,a bicycle slowing down to stop,0.9541964324668452,,,0.9899850974049401,,,0.3,,,,,,,,,,0.9751821904573389,0.5042387905434288,,
rf+rule,0,267,a bicycle accelerating to gain speed,0.9733123101823016,,,0.9695108188497383,,,1.0,,,,,,,,,,0.9675040317799457,0.7964847334500017,,
rf+rule,0,268,a car stuck in traffic during rush hour,0.9721313334647169,,,0.9816031522403893,,,0.9333333333333333,,,,,,,,,,0.9696613167883247,0.759579076849181,,
rf+rule,0,269,a car turning a corner,0.9307257794962822,,,0.9574088144298852,,,1.0,,,,,,,,,,0.9031330272395124,0.6474251022626614,,
rf+rule,0,270,a car slowing down to stop,0.9429261053138002,,,0.9896540195758382,,,0.9,,,,,,,,,,0.9557117880992991,0.486244079881701,,
rf+rule,0,271,a car accelerating to gain speed,0.9130300213723161,,,0.9736681200741812,,,1.0,,,,,,,,,,0.8797405848580023,0.5702020356367374,,
rf+rule,0,272,a motorcycle cruising along a coastal highway,0.9762479263294132,,,0.9855151057959984,,,1.0,,,,,,,,,,0.967210804582924,0.8483977626109945,,
rf+rule,0,273,a motorcycle turning a corner,0.9625968236136943,,,0.9240085453719415,,,1.0,,,,,,,,,,0.9511215350961173,0.7541446017807928,,
rf+rule,0,274,a motorcycle slowing down to stop,0.9190684934410999,,,0.982797819379562,,,0.9666666666666667,,,,,,,,,,0.9187746381246915,0.436952470705427,,
rf+rule,0,275,a motorcycle gliding through a snowy field,0.9846824182679986,,,0.9911685406163298,,,0.8666666666666667,,,,,,,,,,0.9793776487470954,0.9234722955473538,,
rf+rule,0,276,a motorcycle accelerating to gain speed,0.9544517846242473,,,0.981644116759655,,,1.0,,,,,,,,,,0.9303269239202622,0.791458458736025,,
rf+rule,0,277,an airplane soaring through a clear blue sky,0.9632529402099681,,,0.9908494270571476,,,0.8,,,,,,,,,,0.9696215760643764,0.6365170571310766,,
rf+rule,0,278,an airplane taking off,0.9589811150161526,,,0.990258427536346,,,1.0,,,,,,,,,,0.9733647426610351,0.561919110602346,,
rf+rule,0,279,an airplane landing smoothly on a runway,0.9654136554020751,,,0.9912311765709666,,,0.7666666666666667,,,,,,,,,,0.9757767362620242,0.6205396318230135,,
rf+rule,0,280,an airplane accelerating to gain speed,0.9485287210655033,,,0.986729363655778,,,1.0,,,,,,,,,,0.9609005392559113,0.5232842022488857,,
rf+rule,0,281,a bus turning a corner,0.9438069422248646,,,0.988865335691791,,,0.9333333333333333,,,,,,,,,,0.9397733717035222,0.5804379032603626,,
rf+rule,0,282,a bus stuck in traffic during rush hour,0.9751949649714969,,,0.9806411182874444,,,0.9333333333333333,,,,,,,,,,0.9707057987810462,0.8016753844146071,,
rf+rule,0,283,a bus accelerating to gain speed,0.9282382240019432,,,0.9467551079621366,,,1.0,,,,,,,,,,0.9127655332767836,0.5581659042629702,,
rf+rule,0,284,a train speeding down the tracks,0.9250222228943568,,,0.9774809652379174,,,0.9333333333333333,,,,,,,,,,0.915634108038359,0.5136820018805307,,
rf+rule,0,285,a train crossing over a tall bridge,0.9430612858518934,,,0.9826960286567441,,,0.9666666666666667,,,,,,,,,,0.9357572754544596,0.5944493937081304,,
rf+rule,0,286,a train accelerating to gain speed,0.9856003975389211,,,0.976286941895704,,,1.0,,,,,,,,,,0.9825682395888914,0.8982596274079948,,
rf+rule,0,287,a truck turning a corner,0.9614187155740228,,,0.9937981782471418,,,0.5333333333333333,,,,,,,,,,0.9758155235359746,0.5749107568428434,,
rf+rule,0,288,a truck anchored in a tranquil bay,0.9911318306778726,,,0.9930839095784918,,,0.13333333333333333,,,,,,,,,,0.9930666234864983,0.9090001778355961,,
rf+rule,0,289,a truck stuck in traffic during rush hour,0.9602267199050764,,,0.9873803288311408,,,1.0,,,,,,,,,,0.957043155162565,0.6825073551515053,,
rf+rule,0,290,a truck slowing down to stop,0.9752790730179414,,,0.9905642260659903,,,0.7333333333333333,,,,,,,,,,0.9828360012462063,0.7067450074286297,,
rf+rule,0,291,a truck accelerating to gain speed,0.9642213334421382,,,0.9892537297875585,,,0.9333333333333333,,,,,,,,,,0.9636863940185115,0.6896237345605061,,
rf+rule,0,292,a boat sailing smoothly on a calm lake,0.9825452387672418,,,0.9878288441608244,,,0.8,,,,,,,,,,0.9795379898560944,0.8510135545812804,,
rf+rule,0,293,a boat slowing down to stop,0.979001682833792,,,0.9841358402783595,,,1.0,,,,,,,,,,0.9692393849613846,0.9009900596635095,,
rf+rule,0,294,a boat accelerating to gain speed,0.9608362153197102,,,0.9779653737192289,,,1.0,,,,,,,,,,0.9477548609177272,0.7525576846352939,,
rf+rule,0,295,a bird soaring gracefully in the sky,0.9782385578408453,,,0.9926521061221557,,,0.5,,,,,,,,,,0.9800786982941372,0.7733970222801998,,
rf+rule,0,296,a bird building a nest from twigs and leaves,0.9793322551254001,,,0.9916584606321457,,,0.26666666666666666,,,,,,,,,,0.9701209578142371,0.896271171240971,,
rf+rule,0,297,a bird flying over a snowy forest,0.9591383288223604,,,0.9829480554144437,,,0.7666666666666667,,,,,,,,,,0.9515718906797388,0.6995875429490517,,
rf+rule,0,298,a cat grooming itself meticulously with its tongue,0.990944888079942,,,0.9940751223308054,,,0.2,,,,,,,,,,0.9906791443145404,0.9403793606264838,,
rf+rule,0,299,a cat playing in park,0.9707270897504916,,,0.972952657992803,,,1.0,,,,,,,,,,0.9622971856786359,0.7968211338437837,,
rf+rule,0,300,a cat drinking water,0.9730102646928687,,,0.9827024958597516,,,0.7,,,,,,,,,,0.9611357074911876,0.8448599422800129,,
rf+rule,0,301,a cat running happily,0.9426378559566925,,,0.9627230887793747,,,1.0,,,,,,,,,,0.9290751072988715,0.6300095011448038,,
rf+rule,0,302,a dog enjoying a peaceful walk,0.9811597991285397,,,0.987670351480306,,,0.7666666666666667,,,,,,,,,,0.9807938918311109,0.816671652526691,,
rf+rule,0,303,a dog playing in park,0.9541454709400293,,,0.9772641924101075,,,1.0,,,,,,,,,,0.938725847005844,0.7184824501645977,,
rf+rule,0,304,a dog drinking water,0.9876566732981734,,,0.9887538306533737,,,0.9666666666666667,,,,,,,,,,0.983482378881465,0.9465332606743122,,
rf+rule,0,305,a dog running happily,0.9462970784360777,,,0.9635294927875887,,,1.0,,,,,,,,,,0.9243654538226382,0.710332772855101,,
rf+rule,0,306,a horse bending down to drink water from a river,0.9861116408651266,,,0.9906379842897512,,,0.2,,,,,,,,,,0.9835481864470308,0.8992100275796036,,
rf+rule,0,307,a horse galloping across an open field,0.9828254208163245,,,0.9833875992583047,,,1.0,,,,,,,,,,0.9758840440421975,0.9196997819275692,,
rf+rule,0,308,a horse taking a peaceful walk,0.9637280770449898,,,0.9917785335185534,,,0.9666666666666667,,,,,,,,,,0.9617715188252027,0.6943777131623236,,
rf+rule,0,309,a horse running to join a herd of its kind,0.9656647226362031,,,0.9603189715745628,,,1.0,,,,,,,,,,0.9532033040638894,0.7876826226711273,,
rf+rule,0,310,a sheep bending down to drink water from a river,0.9852242995621526,,,0.9906767439959128,,,0.7666666666666667,,,,,,,,,,0.9793727025870356,0.9387951606306536,,
rf+rule,0,311,a sheep taking a peaceful walk,0.98712466559234,,,0.9938223394468186,,,0.03333333333333333,,,,,,,,,,0.9868373369657866,0.8743155598640442,,
rf+rule,0,312,a sheep running to join a herd of its kind,0.9617581397240382,,,0.9639210801407159,,,1.0,,,,,,,,,,0.9503573401961275,0.745524315998472,,
rf+rule,0,313,a cow bending down to drink water from a river,0.9870608199574046,,,0.9892933071418264,,,0.4,,,,,,,,,,0.9852453307118466,0.9030677635094215,,
rf+rule,0,314,a cow chewing cud while resting in a tranquil barn,0.9869460455106657,,,0.9929910349878615,,,0.03333333333333333,,,,,,,,,,0.9844213252106021,0.9141317914272177,,
rf+rule,0,315,a cow running to join a herd of its kind,0.9679938506251123,,,0.9283293993701469,,,0.9666666666666667,,,,,,,,,,0.9510916230499104,0.8449594429854689,,
rf+rule,0,316,an elephant spraying itself with water using its trunk to cool down,0.9921373866035965,,,0.9895442573986205,,,0.06666666666666667,,,,,,,,,,0.9929420731721387,0.9415903101707327,,
rf+rule,0,317,an elephant taking a peaceful walk,0.9896433955171567,,,0.9877916498205407,,,0.9,,,,,,,,,,0.9889163843726598,0.9299814105033875,,
rf+rule,0,318,an elephant running to join a herd of its kind,0.9752661415108321,,,0.9729496383683754,,,1.0,,,,,,,,,,0.9626079437553242,0.883983541151573,,
rf+rule,0,319,a bear catching a salmon in its powerful jaws,0.9911628284045115,,,0.9917393569871561,,,0.06666666666666667,,,,,,,,,,0.989405558859148,0.9599857967475365,,
rf+rule,0,320,a bear sniffing the air for scents of food,0.9926454949620679,,,0.9931636218239672,,,0.0,,,,,,,,,,0.993852386904019,0.9426408965012123,,
rf+rule,0,321,a bear climbing a tree,0.9758942257663927,,,0.9894899240745977,,,0.8333333333333334,,,,,,,,,,0.9619111610676654,0.9216056486655926,,
rf+rule,0,322,a bear hunting for prey,0.9912631727023814,,,0.9920576503669487,,,0.06666666666666667,,,,,,,,,,0.9901183788814852,0.953071849099521,,
rf+rule,0,323,a zebra bending down to drink water from a river,0.9920292365901912,,,0.9896548049937272,,,0.0,,,,,,,,,,0.9932933223183438,0.934915155172348,,
rf+rule,0,324,a zebra running to join a herd of its kind,0.9755077171969764,,,0.9528505238665089,,,1.0,,,,,,,,,,0.9643498010212376,0.8639817340620632,,
rf+rule,0,325,a zebra taking a peaceful walk,0.9893341301099892,,,0.987948847393302,,,1.0,,,,,,,,,,0.9898528132387387,0.9019420146942139,,
rf+rule,0,326,a giraffe bending down to drink water from a river,0.9863563676142135,,,0.9913968856342986,,,0.23333333333333334,,,,,,,,,,0.9852502723214447,0.8753109635977909,,
rf+rule,0,327,a giraffe taking a peaceful walk,0.9894638929923047,,,0.9910338309996064,,,0.23333333333333334,,,,,,,,,,0.9878037024890224,0.9393968284130096,,
rf+rule,0,328,a giraffe running to join a herd of its kind,0.961534175495823,,,0.958626891930502,,,1.0,,,,,,,,,,0.9369375060642918,0.8578154115841307,,
rf+rule,0,329,a person,,,,,,,,1.0,,,,,,,,,,,,
rf+rule,0,330,a bicycle,,,,,,,,1.0,,,,,,,,,,,,
rf+rule,0,331,a car,,,,,,,,0.975,,,,,,,,,,,,
rf+rule,0,332,a motorcycle,,,,,,,,1.0,,,,,,,,,,,,
rf+rule,0,333,an airplane,,,,,,,,1.0,,,,,,,,,,,,
rf+rule,0,334,a bus,,,,,,,,0.9895833333333334,,,,,,,,,,,,
rf+rule,0,335,a train,,,,,,,,0.9229166666666667,,,,,,,,,,,,
rf+rule,0,336,a truck,,,,,,,,1.0,,,,,,,,,,,,
rf+rule,0,337,a boat,,,,,,,,1.0,,,,,,,,,,,,
rf+rule,0,338,a traffic light,,,,,,,,1.0,,,,,,,,,,,,
rf+rule,0,339,a fire hydrant,,,,,,,,1.0,,,,,,,,,,,,
rf+rule,0,340,a stop sign,,,,,,,,1.0,,,,,,,,,,,,
rf+rule,0,341,a parking meter,,,,,,,,0.63125,,,,,,,,,,,,
rf+rule,0,342,a bench,,,,,,,,1.0,,,,,,,,,,,,
rf+rule,0,343,a bird,,,,,,,,1.0,,,,,,,,,,,,
rf+rule,0,344,a cat,,,,,,,,1.0,,,,,,,,,,,,
rf+rule,0,345,a dog,,,,,,,,1.0,,,,,,,,,,,,
rf+rule,0,346,a horse,,,,,,,,1.0,,,,,,,,,,,,
rf+rule,0,347,a sheep,,,,,,,,1.0,,,,,,,,,,,,
rf+rule,0,348,a cow,,,,,,,,1.0,,,,,,,,,,,,
rf+rule,0,349,an elephant,,,,,,,,1.0,,,,,,,,,,,,
rf+rule,0,350,a bear,,,,,,,,1.0,,,,,,,,,,,,
rf+rule,0,351,a zebra,,,,,,,,1.0,,,,,,,,,,,,
rf+rule,0,352,a giraffe,,,,,,,,1.0,,,,,,,,,,,,
rf+rule,0,353,a backpack,,,,,,,,0.41458333333333336,,,,,,,,,,,,
rf+rule,0,354,an umbrella,,,,,,,,1.0,,,,,,,,,,,,
rf+rule,0,355,a handbag,,,,,,,,0.9333333333333333,,,,,,,,,,,,
rf+rule,0,356,a tie,,,,,,,,0.025,,,,,,,,,,,,
rf+rule,0,357,a suitcase,,,,,,,,1.0,,,,,,,,,,,,
rf+rule,0,358,a frisbee,,,,,,,,0.7645833333333333,,,,,,,,,,,,
rf+rule,0,359,skis,,,,,,,,1.0,,,,,,,,,,,,
rf+rule,0,360,a snowboard,,,,,,,,0.8958333333333334,,,,,,,,,,,,
rf+rule,0,361,a sports ball,,,,,,,,1.0,,,,,,,,,,,,
rf+rule,0,362,a kite,,,,,,,,0.9833333333333333,,,,,,,,,,,,
rf+rule,0,363,a baseball bat,,,,,,,,0.5895833333333333,,,,,,,,,,,,
rf+rule,0,364,a baseball glove,,,,,,,,0.32916666666666666,,,,,,,,,,,,
rf+rule,0,365,a skateboard,,,,,,,,1.0,,,,,,,,,,,,
rf+rule,0,366,a surfboard,,,,,,,,0.9958333333333333,,,,,,,,,,,,
rf+rule,0,367,a tennis racket,,,,,,,,1.0,,,,,,,,,,,,
rf+rule,0,368,a bottle,,,,,,,,1.0,,,,,,,,,,,,
rf+rule,0,369,a wine glass,,,,,,,,1.0,,,,,,,,,,,,
rf+rule,0,370,a cup,,,,,,,,1.0,,,,,,,,,,,,
rf+rule,0,371,a fork,,,,,,,,0.38333333333333336,,,,,,,,,,,,
rf+rule,0,372,a knife,,,,,,,,0.24166666666666667,,,,,,,,,,,,
rf+rule,0,373,a spoon,,,,,,,,0.0,,,,,,,,,,,,
rf+rule,0,374,a bowl,,,,,,,,1.0,,,,,,,,,,,,
rf+rule,0,375,a banana,,,,,,,,1.0,,,,,,,,,,,,
rf+rule,0,376,an apple,,,,,,,,0.9770833333333333,,,,,,,,,,,,
rf+rule,0,377,a sandwich,,,,,,,,1.0,,,,,,,,,,,,
rf+rule,0,378,an orange,,,,,,,,0.6291666666666667,,,,,,,,,,,,
rf+rule,0,379,broccoli,,,,,,,,1.0,,,,,,,,,,,,
rf+rule,0,380,a carrot,,,,,,,,0.016666666666666666,,,,,,,,,,,,
rf+rule,0,381,a hot dog,,,,,,,,0.9916666666666667,,,,,,,,,,,,
rf+rule,0,382,a pizza,,,,,,,,0.99375,,,,,,,,,,,,
rf+rule,0,383,a donut,,,,,,,,1.0,,,,,,,,,,,,
rf+rule,0,384,a cake,,,,,,,,1.0,,,,,,,,,,,,
rf+rule,0,385,a chair,,,,,,,,1.0,,,,,,,,,,,,
rf+rule,0,386,a couch,,,,,,,,1.0,,,,,,,,,,,,
rf+rule,0,387,a potted plant,,,,,,,,1.0,,,,,,,,,,,,
rf+rule,0,388,a bed,,,,,,,,1.0,,,,,,,,,,,,
rf+rule,0,389,a dining table,,,,,,,,1.0,,,,,,,,,,,,
rf+rule,0,390,a toilet,,,,,,,,1.0,,,,,,,,,,,,
rf+rule,0,391,a tv,,,,,,,,1.0,,,,,,,,,,,,
rf+rule,0,392,a laptop,,,,,,,,1.0,,,,,,,,,,,,
rf+rule,0,393,a remote,,,,,,,,0.45625,,,,,,,,,,,,
rf+rule,0,394,a keyboard,,,,,,,,1.0,,,,,,,,,,,,
rf+rule,0,395,a cell phone,,,,,,,,0.8125,,,,,,,,,,,,
rf+rule,0,396,a microwave,,,,,,,,1.0,,,,,,,,,,,,
rf+rule,0,397,an oven,,,,,,,,1.0,,,,,,,,,,,,
rf+rule,0,398,a toaster,,,,,,,,0.42083333333333334,,,,,,,,,,,,
rf+rule,0,399,a sink,,,,,,,,1.0,,,,,,,,,,,,
rf+rule,0,400,a refrigerator,,,,,,,,1.0,,,,,,,,,,,,
rf+rule,0,401,a book,,,,,,,,1.0,,,,,,,,,,,,
rf+rule,0,402,a clock,,,,,,,,1.0,,,,,,,,,,,,
rf+rule,0,403,a vase,,,,,,,,1.0,,,,,,,,,,,,
rf+rule,0,404,scissors,,,,,,,,1.0,,,,,,,,,,,,
rf+rule,0,405,a teddy bear,,,,,,,,1.0,,,,,,,,,,,,
rf+rule,0,406,a hair drier,,,,,,,,0.9979166666666667,,,,,,,,,,,,
rf+rule,0,407,a toothbrush,,,,,,,,0.9729166666666667,,,,,,,,,,,,
rf+rule,0,408,a red bicycle,,,,,,,,,,,1.0,,,,,,,,,
rf+rule,0,409,a green bicycle,,,,,,,,,,,1.0,,,,,,,,,
rf+rule,0,410,a blue bicycle,,,,,,,,,,,0.9666666666666667,,,,,,,,,
rf+rule,0,411,a yellow bicycle,,,,,,,,,,,1.0,,,,,,,,,
rf+rule,0,412,an orange bicycle,,,,,,,,,,,0.10625,,,,,,,,,
rf+rule,0,413,a purple bicycle,,,,,,,,,,,0.9956896551724138,,,,,,,,,
rf+rule,0,414,a pink bicycle,,,,,,,,,,,1.0,,,,,,,,,
rf+rule,0,415,a black bicycle,,,,,,,,,,,1.0,,,,,,,,,
rf+rule,0,416,a white bicycle,,,,,,,,,,,0.9916666666666667,,,,,,,,,
rf+rule,0,417,a red car,,,,,,,,,,,1.0,,,,,,,,,
rf+rule,0,418,a green car,,,,,,,,,,,0.9120879120879122,,,,,,,,,
rf+rule,0,419,a blue car,,,,,,,,,,,0.9059595959595959,,,,,,,,,
rf+rule,0,420,a yellow car,,,,,,,,,,,1.0,,,,,,,,,
rf+rule,0,421,an orange car,,,,,,,,,,,0.7270833333333333,,,,,,,,,
rf+rule,0,422,a purple car,,,,,,,,,,,0.9148484848484848,,,,,,,,,
rf+rule,0,423,a pink car,,,,,,,,,,,0.925,,,,,,,,,
rf+rule,0,424,a black car,,,,,,,,,,,0.9219444444444445,,,,,,,,,
rf+rule,0,425,a white car,,,,,,,,,,,0.7262681159420289,,,,,,,,,
rf+rule,0,426,a red bird,,,,,,,,,,,1.0,,,,,,,,,
rf+rule,0,427,a green bird,,,,,,,,,,,1.0,,,,,,,,,
rf+rule,0,428,a blue bird,,,,,,,,,,,0.9958333333333333,,,,,,,,,
rf+rule,0,429,a yellow bird,,,,,,,,,,,0.9854166666666667,,,,,,,,,
rf+rule,0,430,an orange bird,,,,,,,,,,,0.9145833333333333,,,,,,,,,
rf+rule,0,431,a purple bird,,,,,,,,,,,0.9604166666666667,,,,,,,,,
rf+rule,0,432,a pink bird,,,,,,,,,,,1.0,,,,,,,,,
rf+rule,0,433,a black bird,,,,,,,,,,,0.9220192307692308,,,,,,,,,
rf+rule,0,434,a white bird,,,,,,,,,,,0.8430555555555556,,,,,,,,,
rf+rule,0,435,a black cat,,,,,,,,,,,0.6085683760683761,,,,,,,,,
rf+rule,0,436,a white cat,,,,,,,,,,,1.0,,,,,,,,,
rf+rule,0,437,an orange cat,,,,,,,,,,,1.0,,,,,,,,,
rf+rule,0,438,a yellow cat,,,,,,,,,,,0.01875,,,,,,,,,
rf+rule,0,439,a red umbrella,,,,,,,,,,,0.9904556650246306,,,,,,,,,
rf+rule,0,440,a green umbrella,,,,,,,,,,,0.8666666666666667,,,,,,,,,
rf+rule,0,441,a blue umbrella,,,,,,,,,,,0.9843162393162393,,,,,,,,,
rf+rule,0,442,a yellow umbrella,,,,,,,,,,,0.7151785714285714,,,,,,,,,
rf+rule,0,443,an orange umbrella,,,,,,,,,,,0.6335317460317461,,,,,,,,,
rf+rule,0,444,a purple umbrella,,,,,,,,,,,1.0,,,,,,,,,
rf+rule,0,445,a pink umbrella,,,,,,,,,,,1.0,,,,,,,,,
rf+rule,0,446,a black umbrella,,,,,,,,,,,0.8957395382395383,,,,,,,,,
rf+rule,0,447,a white umbrella,,,,,,,,,,,0.96375,,,,,,,,,
rf+rule,0,448,a red suitcase,,,,,,,,,,,0.9945054945054945,,,,,,,,,
rf+rule,0,449,a green suitcase,,,,,,,,,,,0.8045833333333333,,,,,,,,,
rf+rule,0,450,a blue suitcase,,,,,,,,,,,0.9979166666666667,,,,,,,,,
rf+rule,0,451,a yellow suitcase,,,,,,,,,,,1.0,,,,,,,,,
rf+rule,0,452,an orange suitcase,,,,,,,,,,,0.9821428571428571,,,,,,,,,
rf+rule,0,453,a purple suitcase,,,,,,,,,,,0.96875,,,,,,,,,
rf+rule,0,454,a pink suitcase,,,,,,,,,,,1.0,,,,,,,,,
rf+rule,0,455,a black suitcase,,,,,,,,,,,1.0,,,,,,,,,
rf+rule,0,456,a white suitcase,,,,,,,,,,,0.8938341750841752,,,,,,,,,
rf+rule,0,457,a red bowl,,,,,,,,,,,1.0,,,,,,,,,
rf+rule,0,458,a green bowl,,,,,,,,,,,,,,,,,,,,
rf+rule,0,459,a blue bowl,,,,,,,,,,,1.0,,,,,,,,,
rf+rule,0,460,a yellow bowl,,,,,,,,,,,1.0,,,,,,,,,
rf+rule,0,461,an orange bowl,,,,,,,,,,,0.9770833333333333,,,,,,,,,
rf+rule,0,462,a purple bowl,,,,,,,,,,,0.9895833333333334,,,,,,,,,
rf+rule,0,463,a pink bowl,,,,,,,,,,,1.0,,,,,,,,,
rf+rule,0,464,a black bowl,,,,,,,,,,,0.7833333333333333,,,,,,,,,
rf+rule,0,465,a white bowl,,,,,,,,,,,1.0,,,,,,,,,
rf+rule,0,466,a red chair,,,,,,,,,,,1.0,,,,,,,,,
rf+rule,0,467,a green chair,,,,,,,,,,,1.0,,,,,,,,,
rf+rule,0,468,a blue chair,,,,,,,,,,,1.0,,,,,,,,,
rf+rule,0,469,a yellow chair,,,,,,,,,,,0.42976190476190473,,,,,,,,,
rf+rule,0,470,an orange chair,,,,,,,,,,,1.0,,,,,,,,,
rf+rule,0,471,a purple chair,,,,,,,,,,,1.0,,,,,,,,,
rf+rule,0,472,a pink chair,,,,,,,,,,,0.7041666666666667,,,,,,,,,
rf+rule,0,473,a black chair,,,,,,,,,,,1.0,,,,,,,,,
rf+rule,0,474,a white chair,,,,,,,,,,,1.0,,,,,,,,,
rf+rule,0,475,a red clock,,,,,,,,,,,0.9363888888888889,,,,,,,,,
rf+rule,0,476,a green clock,,,,,,,,,,,1.0,,,,,,,,,
rf+rule,0,477,a blue clock,,,,,,,,,,,0.95625,,,,,,,,,
rf+rule,0,478,a yellow clock,,,,,,,,,,,0.7105955155955155,,,,,,,,,
rf+rule,0,479,an orange clock,,,,,,,,,,,0.8604166666666667,,,,,,,,,
rf+rule,0,480,a purple clock,,,,,,,,,,,0.4586996336996337,,,,,,,,,
rf+rule,0,481,a pink clock,,,,,,,,,,,0.7458333333333333,,,,,,,,,
rf+rule,0,482,a black clock,,,,,,,,,,,0.9622222222222222,,,,,,,,,
rf+rule,0,483,a white clock,,,,,,,,,,,0.8031623931623932,,,,,,,,,
rf+rule,0,484,a red vase,,,,,,,,,,,1.0,,,,,,,,,
rf+rule,0,485,a green vase,,,,,,,,,,,1.0,,,,,,,,,
rf+rule,0,486,a blue vase,,,,,,,,,,,1.0,,,,,,,,,
rf+rule,0,487,a yellow vase,,,,,,,,,,,0.5125,,,,,,,,,
rf+rule,0,488,an orange vase,,,,,,,,,,,0.7625,,,,,,,,,
rf+rule,0,489,a purple vase,,,,,,,,,,,1.0,,,,,,,,,
rf+rule,0,490,a pink vase,,,,,,,,,,,1.0,,,,,,,,,
rf+rule,0,491,a black vase,,,,,,,,,,,0.81875,,,,,,,,,
rf+rule,0,492,a white vase,,,,,,,,,,,1.0,,,,,,,,,
rf+rule,0,493,"A beautiful coastal beach in spring, waves lapping on sand, Van Gogh style",,,,,,,,,,,,,,0.22675699869791666,,,,,,
rf+rule,0,494,"A beautiful coastal beach in spring, waves lapping on sand, oil painting",,,,,,,,,,,,,,0.20831201171875,,,,,,
rf+rule,0,495,"A beautiful coastal beach in spring, waves lapping on sand by Hokusai, in the style of Ukiyo",,,,,,,,,,,,,,0.22254215494791663,,,,,,
rf+rule,0,496,"A beautiful coastal beach in spring, waves lapping on sand, black and white",,,,,,,,,,,,,,0.19051806640625005,,,,,,
rf+rule,0,497,"A beautiful coastal beach in spring, waves lapping on sand, pixel art",,,,,,,,,,,,,,0.24765087890625,,,,,,
rf+rule,0,498,"A beautiful coastal beach in spring, waves lapping on sand, in cyberpunk style",,,,,,,,,,,,,,0.2384619140625,,,,,,
rf+rule,0,499,"A beautiful coastal beach in spring, waves lapping on sand, animated style",,,,,,,,,,,,,,0.24437109375,,,,,,
rf+rule,0,500,"A beautiful coastal beach in spring, waves lapping on sand, watercolor painting",,,,,,,,,,,,,,0.21714013671875004,,,,,,
rf+rule,0,501,"A beautiful coastal beach in spring, waves lapping on sand, surrealism style",,,,,,,,,,,,,,0.237353515625,,,,,,
rf+rule,0,502,"The bund Shanghai, Van Gogh style",,,,,,,,,,,,,,0.15055086263020837,,,,,,
rf+rule,0,503,"The bund Shanghai, oil painting",,,,,,,,,,,,,,0.18521435546875,,,,,,
rf+rule,0,504,"The bund Shanghai by Hokusai, in the style of Ukiyo",,,,,,,,,,,,,,0.25204980468750005,,,,,,
rf+rule,0,505,"The bund Shanghai, black and white",,,,,,,,,,,,,,0.2264554036458333,,,,,,
rf+rule,0,506,"The bund Shanghai, pixel art",,,,,,,,,,,,,,0.18709879557291664,,,,,,
rf+rule,0,507,"The bund Shanghai, in cyberpunk style",,,,,,,,,,,,,,0.2214410807291667,,,,,,
rf+rule,0,508,"The bund Shanghai, animated style",,,,,,,,,,,,,,0.2233917643229166,,,,,,
rf+rule,0,509,"The bund Shanghai, watercolor painting",,,,,,,,,,,,,,0.18529028320312507,,,,,,
rf+rule,0,510,"The bund Shanghai, surrealism style",,,,,,,,,,,,,,0.22429736328125,,,,,,
rf+rule,0,511,"a shark is swimming in the ocean, Van Gogh style",,,,,,,,,,,,,,0.16860001627604163,,,,,,
rf+rule,0,512,"a shark is swimming in the ocean, oil painting",,,,,,,,,,,,,,0.20451285807291664,,,,,,
rf+rule,0,513,"a shark is swimming in the ocean by Hokusai, in the style of Ukiyo",,,,,,,,,,,,,,0.19479134114583332,,,,,,
rf+rule,0,514,"a shark is swimming in the ocean, black and white",,,,,,,,,,,,,,0.19368196614583333,,,,,,
rf+rule,0,515,"a shark is swimming in the ocean, pixel art",,,,,,,,,,,,,,0.177995361328125,,,,,,
rf+rule,0,516,"a shark is swimming in the ocean, in cyberpunk style",,,,,,,,,,,,,,0.19459830729166666,,,,,,
rf+rule,0,517,"a shark is swimming in the ocean, animated style",,,,,,,,,,,,,,0.21176497395833332,,,,,,
rf+rule,0,518,"a shark is swimming in the ocean, watercolor painting",,,,,,,,,,,,,,0.2055328776041666,,,,,,
rf+rule,0,519,"a shark is swimming in the ocean, surrealism style",,,,,,,,,,,,,,0.1995387369791667,,,,,,
rf+rule,0,520,"A panda drinking coffee in a cafe in Paris, Van Gogh style",,,,,,,,,,,,,,0.17816796875000002,,,,,,
rf+rule,0,521,"A panda drinking coffee in a cafe in Paris, oil painting",,,,,,,,,,,,,,0.20556184895833335,,,,,,
rf+rule,0,522,"A panda drinking coffee in a cafe in Paris by Hokusai, in the style of Ukiyo",,,,,,,,,,,,,,0.19525699869791666,,,,,,
rf+rule,0,523,"A panda drinking coffee in a cafe in Paris, black and white",,,,,,,,,,,,,,0.21407096354166671,,,,,,
rf+rule,0,524,"A panda drinking coffee in a cafe in Paris, pixel art",,,,,,,,,,,,,,0.20127685546875002,,,,,,
rf+rule,0,525,"A panda drinking coffee in a cafe in Paris, in cyberpunk style",,,,,,,,,,,,,,0.20258544921875005,,,,,,
rf+rule,0,526,"A panda drinking coffee in a cafe in Paris, animated style",,,,,,,,,,,,,,0.22472981770833333,,,,,,
rf+rule,0,527,"A panda drinking coffee in a cafe in Paris, watercolor painting",,,,,,,,,,,,,,0.21182828776041662,,,,,,
rf+rule,0,528,"A panda drinking coffee in a cafe in Paris, surrealism style",,,,,,,,,,,,,,0.237537109375,,,,,,
rf+rule,0,529,"A cute happy Corgi playing in park, sunset, Van Gogh style",,,,,,,,,,,,,,0.19367854817708327,,,,,,
rf+rule,0,530,"A cute happy Corgi playing in park, sunset, oil painting",,,,,,,,,,,,,,0.21030322265624996,,,,,,
rf+rule,0,531,"A cute happy Corgi playing in park, sunset by Hokusai, in the style of Ukiyo",,,,,,,,,,,,,,0.20765266927083328,,,,,,
rf+rule,0,532,"A cute happy Corgi playing in park, sunset, black and white",,,,,,,,,,,,,,0.1813720703125,,,,,,
rf+rule,0,533,"A cute happy Corgi playing in park, sunset, pixel art",,,,,,,,,,,,,,0.2052166341145833,,,,,,
rf+rule,0,534,"A cute happy Corgi playing in park, sunset, in cyberpunk style",,,,,,,,,,,,,,0.2001194661458333,,,,,,
rf+rule,0,535,"A cute happy Corgi playing in park, sunset, animated style",,,,,,,,,,,,,,0.247056640625,,,,,,
rf+rule,0,536,"A cute happy Corgi playing in park, sunset, watercolor painting",,,,,,,,,,,,,,0.20732682291666674,,,,,,
rf+rule,0,537,"A cute happy Corgi playing in park, sunset, surrealism style",,,,,,,,,,,,,,0.23159147135416666,,,,,,
rf+rule,0,538,"Gwen Stacy reading a book, Van Gogh style",,,,,,,,,,,,,,0.1873424479166667,,,,,,
rf+rule,0,539,"Gwen Stacy reading a book, oil painting",,,,,,,,,,,,,,0.1918313802083333,,,,,,
rf+rule,0,540,"Gwen Stacy reading a book by Hokusai, in the style of Ukiyo",,,,,,,,,,,,,,0.24483398437500004,,,,,,
rf+rule,0,541,"Gwen Stacy reading a book, black and white",,,,,,,,,,,,,,0.21299462890625,,,,,,
rf+rule,0,542,"Gwen Stacy reading a book, pixel art",,,,,,,,,,,,,,0.22492561848958334,,,,,,
rf+rule,0,543,"Gwen Stacy reading a book, in cyberpunk style",,,,,,,,,,,,,,0.2447044270833333,,,,,,
rf+rule,0,544,"Gwen Stacy reading a book, animated style",,,,,,,,,,,,,,0.24605566406249998,,,,,,
rf+rule,0,545,"Gwen Stacy reading a book, watercolor painting",,,,,,,,,,,,,,0.24190999348958334,,,,,,
rf+rule,0,546,"Gwen Stacy reading a book, surrealism style",,,,,,,,,,,,,,0.2180587565104167,,,,,,
rf+rule,0,547,"A boat sailing leisurely along the Seine River with the Eiffel Tower in background, Van Gogh style",,,,,,,,,,,,,,0.21104980468749998,,,,,,
rf+rule,0,548,"A boat sailing leisurely along the Seine River with the Eiffel Tower in background, oil painting",,,,,,,,,,,,,,0.1910760091145833,,,,,,
rf+rule,0,549,"A boat sailing leisurely along the Seine River with the Eiffel Tower in background by Hokusai, in the style of Ukiyo",,,,,,,,,,,,,,0.15829573567708335,,,,,,
rf+rule,0,550,"A boat sailing leisurely along the Seine River with the Eiffel Tower in background, black and white",,,,,,,,,,,,,,0.19462304687499998,,,,,,
rf+rule,0,551,"A boat sailing leisurely along the Seine River with the Eiffel Tower in background, pixel art",,,,,,,,,,,,,,0.20140624999999995,,,,,,
rf+rule,0,552,"A boat sailing leisurely along the Seine River with the Eiffel Tower in background, in cyberpunk style",,,,,,,,,,,,,,0.23527799479166664,,,,,,
rf+rule,0,553,"A boat sailing leisurely along the Seine River with the Eiffel Tower in background, animated style",,,,,,,,,,,,,,0.21373616536458334,,,,,,
rf+rule,0,554,"A boat sailing leisurely along the Seine River with the Eiffel Tower in background, watercolor painting",,,,,,,,,,,,,,0.2191153971354167,,,,,,
rf+rule,0,555,"A boat sailing leisurely along the Seine River with the Eiffel Tower in background, surrealism style",,,,,,,,,,,,,,0.25729150390625,,,,,,
rf+rule,0,556,"A couple in formal evening wear going home get caught in a heavy downpour with umbrellas, Van Gogh style",,,,,,,,,,,,,,0.18661669921875,,,,,,
rf+rule,0,557,"A couple in formal evening wear going home get caught in a heavy downpour with umbrellas, oil painting",,,,,,,,,,,,,,0.19062418619791668,,,,,,
rf+rule,0,558,"A couple in formal evening wear going home get caught in a heavy downpour with umbrellas by Hokusai, in the style of Ukiyo",,,,,,,,,,,,,,0.14411442057291668,,,,,,
rf+rule,0,559,"A couple in formal evening wear going home get caught in a heavy downpour with umbrellas, black and white",,,,,,,,,,,,,,0.1906427408854167,,,,,,
rf+rule,0,560,"A couple in formal evening wear going home get caught in a heavy downpour with umbrellas, pixel art",,,,,,,,,,,,,,0.16991471354166665,,,,,,
rf+rule,0,561,"A couple in formal evening wear going home get caught in a heavy downpour with umbrellas, in cyberpunk style",,,,,,,,,,,,,,0.20227148437500003,,,,,,
rf+rule,0,562,"A couple in formal evening wear going home get caught in a heavy downpour with umbrellas, animated style",,,,,,,,,,,,,,0.23605777994791666,,,,,,
rf+rule,0,563,"A couple in formal evening wear going home get caught in a heavy downpour with umbrellas, watercolor painting",,,,,,,,,,,,,,0.1958709309895833,,,,,,
rf+rule,0,564,"A couple in formal evening wear going home get caught in a heavy downpour with umbrellas, surrealism style",,,,,,,,,,,,,,0.21704785156250003,,,,,,
rf+rule,0,565,"An astronaut flying in space, Van Gogh style",,,,,,,,,,,,,,0.19592236328124998,,,,,,
rf+rule,0,566,"An astronaut flying in space, oil painting",,,,,,,,,,,,,,0.18175048828125007,,,,,,
rf+rule,0,567,"An astronaut flying in space by Hokusai, in the style of Ukiyo",,,,,,,,,,,,,,0.18198575846354162,,,,,,
rf+rule,0,568,"An astronaut flying in space, black and white",,,,,,,,,,,,,,0.18440299479166664,,,,,,
rf+rule,0,569,"An astronaut flying in space, pixel art",,,,,,,,,,,,,,0.19521451822916666,,,,,,
rf+rule,0,570,"An astronaut flying in space, in cyberpunk style",,,,,,,,,,,,,,0.22056787109374998,,,,,,
rf+rule,0,571,"An astronaut flying in space, animated style",,,,,,,,,,,,,,0.23383154296875,,,,,,
rf+rule,0,572,"An astronaut flying in space, watercolor painting",,,,,,,,,,,,,,0.18442968750000002,,,,,,
rf+rule,0,573,"An astronaut flying in space, surrealism style",,,,,,,,,,,,,,0.21399690755208337,,,,,,
rf+rule,0,574,"Snow rocky mountains peaks canyon. snow blanketed rocky mountains surround and shadow deep canyons. the canyons twist and bend through the high elevated mountain peaks, Van Gogh style",,,,,,,,,,,,,,0.19634977213541668,,,,,,
rf+rule,0,575,"Snow rocky mountains peaks canyon. snow blanketed rocky mountains surround and shadow deep canyons. the canyons twist and bend through the high elevated mountain peaks, oil painting",,,,,,,,,,,,,,0.19348559570312499,,,,,,
rf+rule,0,576,"Snow rocky mountains peaks canyon. snow blanketed rocky mountains surround and shadow deep canyons. the canyons twist and bend through the high elevated mountain peaks by Hokusai, in the style of Ukiyo",,,,,,,,,,,,,,0.17228059895833334,,,,,,
rf+rule,0,577,"Snow rocky mountains peaks canyon. snow blanketed rocky mountains surround and shadow deep canyons. the canyons twist and bend through the high elevated mountain peaks, black and white",,,,,,,,,,,,,,0.1734659016927083,,,,,,
rf+rule,0,578,"Snow rocky mountains peaks canyon. snow blanketed rocky mountains surround and shadow deep canyons. the canyons twist and bend through the high elevated mountain peaks, pixel art",,,,,,,,,,,,,,0.16936669921875003,,,,,,
rf+rule,0,579,"Snow rocky mountains peaks canyon. snow blanketed rocky mountains surround and shadow deep canyons. the canyons twist and bend through the high elevated mountain peaks, in cyberpunk style",,,,,,,,,,,,,,0.1916942545572917,,,,,,
rf+rule,0,580,"Snow rocky mountains peaks canyon. snow blanketed rocky mountains surround and shadow deep canyons. the canyons twist and bend through the high elevated mountain peaks, animated style",,,,,,,,,,,,,,0.20286214192708332,,,,,,
rf+rule,0,581,"Snow rocky mountains peaks canyon. snow blanketed rocky mountains surround and shadow deep canyons. the canyons twist and bend through the high elevated mountain peaks, watercolor painting",,,,,,,,,,,,,,0.17550870768229168,,,,,,
rf+rule,0,582,"Snow rocky mountains peaks canyon. snow blanketed rocky mountains surround and shadow deep canyons. the canyons twist and bend through the high elevated mountain peaks, surrealism style",,,,,,,,,,,,,,0.2128221028645833,,,,,,
rf+rule,0,583,"A beautiful coastal beach in spring, waves lapping on sand, in super slow motion",,,,,,,,,,,,,,,0.12674237291018167,,,,,
rf+rule,0,584,"A beautiful coastal beach in spring, waves lapping on sand, zoom in",,,,,,,,,,,,,,,0.12109615032871564,,,,,
rf+rule,0,585,"A beautiful coastal beach in spring, waves lapping on sand, zoom out",,,,,,,,,,,,,,,0.21352252860864004,,,,,
rf+rule,0,586,"A beautiful coastal beach in spring, waves lapping on sand, pan left",,,,,,,,,,,,,,,0.1736861765384674,,,,,
rf+rule,0,587,"A beautiful coastal beach in spring, waves lapping on sand, pan right",,,,,,,,,,,,,,,0.22074449062347412,,,,,
rf+rule,0,588,"A beautiful coastal beach in spring, waves lapping on sand, tilt up",,,,,,,,,,,,,,,0.21419944862524667,,,,,
rf+rule,0,589,"A beautiful coastal beach in spring, waves lapping on sand, tilt down",,,,,,,,,,,,,,,0.1386841138203939,,,,,
rf+rule,0,590,"A beautiful coastal beach in spring, waves lapping on sand, with an intense shaking effect",,,,,,,,,,,,,,,0.18379400918881098,,,,,
rf+rule,0,591,"A beautiful coastal beach in spring, waves lapping on sand, featuring a steady and smooth perspective",,,,,,,,,,,,,,,0.18644668658574423,,,,,
rf+rule,0,592,"A beautiful coastal beach in spring, waves lapping on sand, racking focus",,,,,,,,,,,,,,,0.1611270159482956,,,,,
rf+rule,0,593,"The bund Shanghai, in super slow motion",,,,,,,,,,,,,,,0.1989101047317187,,,,,
rf+rule,0,594,"The bund Shanghai, zoom in",,,,,,,,,,,,,,,0.24305927256743112,,,,,
rf+rule,0,595,"The bund Shanghai, zoom out",,,,,,,,,,,,,,,0.21336823205153146,,,,,
rf+rule,0,596,"The bund Shanghai, pan left",,,,,,,,,,,,,,,0.23770072807868323,,,,,
rf+rule,0,597,"The bund Shanghai, pan right",,,,,,,,,,,,,,,0.18044467518726984,,,,,
rf+rule,0,598,"The bund Shanghai, tilt up",,,,,,,,,,,,,,,0.24278079469998678,,,,,
rf+rule,0,599,"The bund Shanghai, tilt down",,,,,,,,,,,,,,,0.23621822645266852,,,,,
rf+rule,0,600,"The bund Shanghai, with an intense shaking effect",,,,,,,,,,,,,,,0.19126776357491812,,,,,
rf+rule,0,601,"The bund Shanghai, featuring a steady and smooth perspective",,,,,,,,,,,,,,,0.2751847853263219,,,,,
rf+rule,0,602,"The bund Shanghai, racking focus",,,,,,,,,,,,,,,0.21701659013827643,,,,,
rf+rule,0,603,"a shark is swimming in the ocean, in super slow motion",,,,,,,,,,,,,,,0.18482336650292078,,,,,
rf+rule,0,604,"a shark is swimming in the ocean, zoom in",,,,,,,,,,,,,,,0.18931605418523154,,,,,
rf+rule,0,605,"a shark is swimming in the ocean, zoom out",,,,,,,,,,,,,,,0.18205597748359045,,,,,
rf+rule,0,606,"a shark is swimming in the ocean, pan left",,,,,,,,,,,,,,,0.15443759659926096,,,,,
rf+rule,0,607,"a shark is swimming in the ocean, pan right",,,,,,,,,,,,,,,0.17930669834216437,,,,,
rf+rule,0,608,"a shark is swimming in the ocean, tilt up",,,,,,,,,,,,,,,0.16844239582618079,,,,,
rf+rule,0,609,"a shark is swimming in the ocean, tilt down",,,,,,,,,,,,,,,0.16309060156345367,,,,,
rf+rule,0,610,"a shark is swimming in the ocean, with an intense shaking effect",,,,,,,,,,,,,,,0.1945891852180163,,,,,
rf+rule,0,611,"a shark is swimming in the ocean, featuring a steady and smooth perspective",,,,,,,,,,,,,,,0.1985005040963491,,,,,
rf+rule,0,612,"a shark is swimming in the ocean, racking focus",,,,,,,,,,,,,,,0.18163073062896729,,,,,
rf+rule,0,613,"A panda drinking coffee in a cafe in Paris, in super slow motion",,,,,,,,,,,,,,,0.27984073261419934,,,,,
rf+rule,0,614,"A panda drinking coffee in a cafe in Paris, zoom in",,,,,,,,,,,,,,,0.26927095651626587,,,,,
rf+rule,0,615,"A panda drinking coffee in a cafe in Paris, zoom out",,,,,,,,,,,,,,,0.2864973396062851,,,,,
rf+rule,0,616,"A panda drinking coffee in a cafe in Paris, pan left",,,,,,,,,,,,,,,0.2584746330976486,,,,,
rf+rule,0,617,"A panda drinking coffee in a cafe in Paris, pan right",,,,,,,,,,,,,,,0.23309551427761713,,,,,
rf+rule,0,618,"A panda drinking coffee in a cafe in Paris, tilt up",,,,,,,,,,,,,,,0.2788868347803752,,,,,
rf+rule,0,619,"A panda drinking coffee in a cafe in Paris, tilt down",,,,,,,,,,,,,,,0.31437234580516815,,,,,
rf+rule,0,620,"A panda drinking coffee in a cafe in Paris, with an intense shaking effect",,,,,,,,,,,,,,,0.29160258670647937,,,,,
rf+rule,0,621,"A panda drinking coffee in a cafe in Paris, featuring a steady and smooth perspective",,,,,,,,,,,,,,,0.27166057129700977,,,,,
rf+rule,0,622,"A panda drinking coffee in a cafe in Paris, racking focus",,,,,,,,,,,,,,,0.25553898016611737,,,,,
rf+rule,0,623,"A cute happy Corgi playing in park, sunset, in super slow motion",,,,,,,,,,,,,,,0.33117884894212085,,,,,
rf+rule,0,624,"A cute happy Corgi playing in park, sunset, zoom in",,,,,,,,,,,,,,,0.3179498761892319,,,,,
rf+rule,0,625,"A cute happy Corgi playing in park, sunset, zoom out",,,,,,,,,,,,,,,0.30017687877019245,,,,,
rf+rule,0,626,"A cute happy Corgi playing in park, sunset, pan left",,,,,,,,,,,,,,,0.30063452819983166,,,,,
rf+rule,0,627,"A cute happy Corgi playing in park, sunset, pan right",,,,,,,,,,,,,,,0.3181986113389333,,,,,
rf+rule,0,628,"A cute happy Corgi playing in park, sunset, tilt up",,,,,,,,,,,,,,,0.323403721054395,,,,,
rf+rule,0,629,"A cute happy Corgi playing in park, sunset, tilt down",,,,,,,,,,,,,,,0.31065186858177185,,,,,
rf+rule,0,630,"A cute happy Corgi playing in park, sunset, with an intense shaking effect",,,,,,,,,,,,,,,0.2932904561360677,,,,,
rf+rule,0,631,"A cute happy Corgi playing in park, sunset, featuring a steady and smooth perspective",,,,,,,,,,,,,,,0.2853504667679469,,,,,
rf+rule,0,632,"A cute happy Corgi playing in park, sunset, racking focus",,,,,,,,,,,,,,,0.33365269502003986,,,,,
rf+rule,0,633,"Gwen Stacy reading a book, in super slow motion",,,,,,,,,,,,,,,0.30748099088668823,,,,,
rf+rule,0,634,"Gwen Stacy reading a book, zoom in",,,,,,,,,,,,,,,0.30089180171489716,,,,,
rf+rule,0,635,"Gwen Stacy reading a book, zoom out",,,,,,,,,,,,,,,0.18975811948378882,,,,,
rf+rule,0,636,"Gwen Stacy reading a book, pan left",,,,,,,,,,,,,,,0.23610316465298334,,,,,
rf+rule,0,637,"Gwen Stacy reading a book, pan right",,,,,,,,,,,,,,,0.2666870007912318,,,,,
rf+rule,0,638,"Gwen Stacy reading a book, tilt up",,,,,,,,,,,,,,,0.22434363514184952,,,,,
rf+rule,0,639,"Gwen Stacy reading a book, tilt down",,,,,,,,,,,,,,,0.20728928099075952,,,,,
rf+rule,0,640,"Gwen Stacy reading a book, with an intense shaking effect",,,,,,,,,,,,,,,0.2532234638929367,,,,,
rf+rule,0,641,"Gwen Stacy reading a book, featuring a steady and smooth perspective",,,,,,,,,,,,,,,0.2727929800748825,,,,,
rf+rule,0,642,"Gwen Stacy reading a book, racking focus",,,,,,,,,,,,,,,0.21769664684931436,,,,,
rf+rule,0,643,"A boat sailing leisurely along the Seine River with the Eiffel Tower in background, in super slow motion",,,,,,,,,,,,,,,0.23131773372491202,,,,,
rf+rule,0,644,"A boat sailing leisurely along the Seine River with the Eiffel Tower in background, zoom in",,,,,,,,,,,,,,,0.14265413209795952,,,,,
rf+rule,0,645,"A boat sailing leisurely along the Seine River with the Eiffel Tower in background, zoom out",,,,,,,,,,,,,,,0.16501705969373384,,,,,
rf+rule,0,646,"A boat sailing leisurely along the Seine River with the Eiffel Tower in background, pan left",,,,,,,,,,,,,,,0.18042863657077154,,,,,
rf+rule,0,647,"A boat sailing leisurely along the Seine River with the Eiffel Tower in background, pan right",,,,,,,,,,,,,,,0.18600941449403763,,,,,
rf+rule,0,648,"A boat sailing leisurely along the Seine River with the Eiffel Tower in background, tilt up",,,,,,,,,,,,,,,0.20551192263762155,,,,,
rf+rule,0,649,"A boat sailing leisurely along the Seine River with the Eiffel Tower in background, tilt down",,,,,,,,,,,,,,,0.20056953777869543,,,,,
rf+rule,0,650,"A boat sailing leisurely along the Seine River with the Eiffel Tower in background, with an intense shaking effect",,,,,,,,,,,,,,,0.22924054910739264,,,,,
rf+rule,0,651,"A boat sailing leisurely along the Seine River with the Eiffel Tower in background, featuring a steady and smooth perspective",,,,,,,,,,,,,,,0.229293425877889,,,,,
rf+rule,0,652,"A boat sailing leisurely along the Seine River with the Eiffel Tower in background, racking focus",,,,,,,,,,,,,,,0.13830343137184778,,,,,
rf+rule,0,653,"A couple in formal evening wear going home get caught in a heavy downpour with umbrellas, in super slow motion",,,,,,,,,,,,,,,0.2688535799582799,,,,,
rf+rule,0,654,"A couple in formal evening wear going home get caught in a heavy downpour with umbrellas, zoom in",,,,,,,,,,,,,,,0.19335018595059714,,,,,
rf+rule,0,655,"A couple in formal evening wear going home get caught in a heavy downpour with umbrellas, zoom out",,,,,,,,,,,,,,,0.22287062058846155,,,,,
rf+rule,0,656,"A couple in formal evening wear going home get caught in a heavy downpour with umbrellas, pan left",,,,,,,,,,,,,,,0.24985955903927484,,,,,
rf+rule,0,657,"A couple in formal evening wear going home get caught in a heavy downpour with umbrellas, pan right",,,,,,,,,,,,,,,0.25952120621999103,,,,,
rf+rule,0,658,"A couple in formal evening wear going home get caught in a heavy downpour with umbrellas, tilt up",,,,,,,,,,,,,,,0.20328615109125772,,,,,
rf+rule,0,659,"A couple in formal evening wear going home get caught in a heavy downpour with umbrellas, tilt down",,,,,,,,,,,,,,,0.25726841390132904,,,,,
rf+rule,0,660,"A couple in formal evening wear going home get caught in a heavy downpour with umbrellas, with an intense shaking effect",,,,,,,,,,,,,,,0.24107163399457932,,,,,
rf+rule,0,661,"A couple in formal evening wear going home get caught in a heavy downpour with umbrellas, featuring a steady and smooth perspective",,,,,,,,,,,,,,,0.2839488883813222,,,,,
rf+rule,0,662,"A couple in formal evening wear going home get caught in a heavy downpour with umbrellas, racking focus",,,,,,,,,,,,,,,0.2718481371800105,,,,,
rf+rule,0,663,"An astronaut flying in space, in super slow motion",,,,,,,,,,,,,,,0.16460008670886359,,,,,
rf+rule,0,664,"An astronaut flying in space, zoom in",,,,,,,,,,,,,,,0.17926064630349478,,,,,
rf+rule,0,665,"An astronaut flying in space, zoom out",,,,,,,,,,,,,,,0.18075971057017645,,,,,
rf+rule,0,666,"An astronaut flying in space, pan left",,,,,,,,,,,,,,,0.14566525568564734,,,,,
rf+rule,0,667,"An astronaut flying in space, pan right",,,,,,,,,,,,,,,0.17035627365112305,,,,,
rf+rule,0,668,"An astronaut flying in space, tilt up",,,,,,,,,,,,,,,0.18637720247109732,,,,,
rf+rule,0,669,"An astronaut flying in space, tilt down",,,,,,,,,,,,,,,0.18387330571810404,,,,,
rf+rule,0,670,"An astronaut flying in space, with an intense shaking effect",,,,,,,,,,,,,,,0.17049515495697656,,,,,
rf+rule,0,671,"An astronaut flying in space, featuring a steady and smooth perspective",,,,,,,,,,,,,,,0.17073132221897444,,,,,
rf+rule,0,672,"An astronaut flying in space, racking focus",,,,,,,,,,,,,,,0.1856164609392484,,,,,
rf+rule,0,673,"Snow rocky mountains peaks canyon. snow blanketed rocky mountains surround and shadow deep canyons. the canyons twist and bend through the high elevated mountain peaks, in super slow motion",,,,,,,,,,,,,,,0.2484001417954763,,,,,
rf+rule,0,674,"Snow rocky mountains peaks canyon. snow blanketed rocky mountains surround and shadow deep canyons. the canyons twist and bend through the high elevated mountain peaks, zoom in",,,,,,,,,,,,,,,0.2590743700663249,,,,,
rf+rule,0,675,"Snow rocky mountains peaks canyon. snow blanketed rocky mountains surround and shadow deep canyons. the canyons twist and bend through the high elevated mountain peaks, zoom out",,,,,,,,,,,,,,,0.23869967212279639,,,,,
rf+rule,0,676,"Snow rocky mountains peaks canyon. snow blanketed rocky mountains surround and shadow deep canyons. the canyons twist and bend through the high elevated mountain peaks, pan left",,,,,,,,,,,,,,,0.2656273990869522,,,,,
rf+rule,0,677,"Snow rocky mountains peaks canyon. snow blanketed rocky mountains surround and shadow deep canyons. the canyons twist and bend through the high elevated mountain peaks, pan right",,,,,,,,,,,,,,,0.2425854578614235,,,,,
rf+rule,0,678,"Snow rocky mountains peaks canyon. snow blanketed rocky mountains surround and shadow deep canyons. the canyons twist and bend through the high elevated mountain peaks, tilt up",,,,,,,,,,,,,,,0.2341856708129247,,,,,
rf+rule,0,679,"Snow rocky mountains peaks canyon. snow blanketed rocky mountains surround and shadow deep canyons. the canyons twist and bend through the high elevated mountain peaks, tilt down",,,,,,,,,,,,,,,0.22534579783678055,,,,,
rf+rule,0,680,"Snow rocky mountains peaks canyon. snow blanketed rocky mountains surround and shadow deep canyons. the canyons twist and bend through the high elevated mountain peaks, with an intense shaking effect",,,,,,,,,,,,,,,0.25080981105566025,,,,,
rf+rule,0,681,"Snow rocky mountains peaks canyon. snow blanketed rocky mountains surround and shadow deep canyons. the canyons twist and bend through the high elevated mountain peaks, featuring a steady and smooth perspective",,,,,,,,,,,,,,,0.22954965879519781,,,,,
rf+rule,0,682,"Snow rocky mountains peaks canyon. snow blanketed rocky mountains surround and shadow deep canyons. the canyons twist and bend through the high elevated mountain peaks, racking focus",,,,,,,,,,,,,,,0.2290049915512403,,,,,
rf+rule,0,683,Close up of grapes on a rotating table.,,,,,0.5997541646162668,0.7095263515313467,,,,,,,,,,0.20987029373645782,,,,
rf+rule,0,684,Turtle swimming in ocean.,,,,,0.6638843317826589,0.751503901163737,,,,,,,,,,0.24598884085814157,,,,
rf+rule,0,685,A storm trooper vacuuming the beach.,,,,,0.6877693037192026,0.7732362715403239,,,,,,,,,,0.29293808341026306,,,,
rf+rule,0,686,A panda standing on a surfboard in the ocean in sunset.,,,,,0.6302712659041086,0.6769230879147847,,,,,,,,,,0.3117418090502421,,,,
rf+rule,0,687,"An astronaut feeding ducks on a sunny afternoon, reflection from the water.",,,,,0.6901578803857168,0.7770249625841776,,,,,,,,,,0.283373698592186,,,,
rf+rule,0,688,Two pandas discussing an academic paper.,,,,,0.5495625038941702,0.7737907603581746,,,,,,,,,,0.25445684790611267,,,,
rf+rule,0,689,Sunset time lapse at the beach with moving clouds and colors in the sky.,,,,,0.6840802033742269,0.6363268098831177,,,,,,,,,,0.20813580602407455,,,,
rf+rule,0,690,A fat rabbit wearing a purple robe walking through a fantasy landscape.,,,,,0.7316730817159017,0.7643407276471456,,,,,,,,,,0.29364295800526935,,,,
rf+rule,0,691,A koala bear playing piano in the forest.,,,,,0.679102877775828,0.7063797125021617,,,,,,,,,,0.3022787719964981,,,,
rf+rule,0,692,An astronaut flying in space.,,,,,0.6338086823622385,0.7225633281866709,,,,,,,,,,0.17142018179098764,,,,
rf+rule,0,693,Fireworks.,,,,,0.6949375669161478,0.5487623110214869,,,,,,,,,,0.19835143784681955,,,,
rf+rule,0,694,An animated painting of fluffy white clouds moving in sky.,,,,,0.5298793564240137,0.6853005847136181,,,,,,,,,,0.263993742565314,,,,
rf+rule,0,695,Flying through fantasy landscapes.,,,,,0.6730637649695078,0.7415536169608434,,,,,,,,,,0.16378850738207498,,,,
rf+rule,0,696,A bigfoot walking in the snowstorm.,,,,,0.6398526628812155,0.676271827618281,,,,,,,,,,0.214386448264122,,,,
rf+rule,0,697,A squirrel eating a burger.,,,,,0.7194360991319021,0.7346292714277903,,,,,,,,,,0.3323991894721985,,,,
rf+rule,0,698,A cat wearing sunglasses and working as a lifeguard at a pool.,,,,,0.6512923737366995,0.6574943879842757,,,,,,,,,,0.3182702660560608,,,,
rf+rule,0,699,Snow rocky mountains peaks canyon. snow blanketed rocky mountains surround and shadow deep canyons. the canyons twist and bend through the high elevated mountain peaks.,,,,,0.5511753161748251,0.7773296005725859,,,,,,,,,,0.20383616785208383,,,,
rf+rule,0,700,"Splash of turquoise water in extreme slow motion, alpha channel included.",,,,,0.5957038501898447,0.6602901124954224,,,,,,,,,,0.22047593692938486,,,,
rf+rule,0,701,an ice cream is melting on the table.,,,,,0.529656708240509,0.7491358443101247,,,,,,,,,,0.24751648555199304,,,,
rf+rule,0,702,a drone flying over a snowy forest.,,,,,0.7437151869138082,0.7692543328205744,,,,,,,,,,0.2067638859152794,,,,
rf+rule,0,703,a shark is swimming in the ocean.,,,,,0.6322396397590637,0.6814168389240901,,,,,,,,,,0.21167201300462088,,,,
rf+rule,0,704,Aerial panoramic video from a drone of a fantasy land.,,,,,0.687078853448232,0.791545385201772,,,,,,,,,,0.21707738687594733,,,,
rf+rule,0,705,a teddy bear is swimming in the ocean.,,,,,0.7169777750968933,0.7652924109299978,,,,,,,,,,0.2836776276429494,,,,
rf+rule,0,706,time lapse of sunrise on mars.,,,,,0.6216557721296946,0.6413785322904587,,,,,,,,,,0.17785211404164633,,,,
rf+rule,0,707,golden fish swimming in the ocean.,,,,,0.6493994196256002,0.6990118787288666,,,,,,,,,,0.2615214561422666,,,,
rf+rule,0,708,An artist brush painting on a canvas close up.,,,,,0.38473216195901233,0.739548039952914,,,,,,,,,,0.24706692496935526,,,,
rf+rule,0,709,"A drone view of celebration with Christmas tree and fireworks, starry sky - background.",,,,,0.6988095740477244,0.5858891911506653,,,,,,,,,,0.21708657840887705,,,,
rf+rule,0,710,"happy dog wearing a yellow turtleneck, studio, portrait, facing camera, dark background",,,,,0.5308296879132589,0.6607405953407287,,,,,,,,,,0.29174481332302094,,,,
rf+rule,0,711,"Origami dancers in white paper, 3D render, on white background, studio shot, dancing modern dance.",,,,,0.6029994686444601,0.6718981221119563,,,,,,,,,,0.2629752183953921,,,,
rf+rule,0,712,Campfire at night in a snowy forest with starry sky in the background.,,,,,0.7206393579641978,0.6851472336848577,,,,,,,,,,0.28455447653929394,,,,
rf+rule,0,713,a fantasy landscape,,,,,0.55055932700634,0.6372485556602479,,,,,,,,,,0.18343272556861243,,,,
rf+rule,0,714,A 3D model of a 1800s victorian house.,,,,,0.6628156900405884,0.7962590217590332,,,,,,,,,,0.25164396067460376,,,,
rf+rule,0,715,this is how I do makeup in the morning.,,,,,0.531787504752477,0.78600954469045,,,,,,,,,,0.21421192089716592,,,,
rf+rule,0,716,"A raccoon that looks like a turtle, digital art.",,,,,0.5973340570926666,0.7397487567265828,,,,,,,,,,0.16817384709914526,,,,
rf+rule,0,717,Robot dancing in Times Square.,,,,,0.751480758190155,0.730178422053655,,,,,,,,,,0.2722349961598714,,,,
rf+rule,0,718,Busy freeway at night.,,,,,0.5998520851135254,0.5702989377180735,,,,,,,,,,0.23862135161956152,,,,
rf+rule,0,719,Balloon full of water exploding in extreme slow motion.,,,,,0.5362883309523264,0.6915240318377812,,,,,,,,,,0.20774955550829569,,,,
rf+rule,0,720,An astronaut is riding a horse in the space in a photorealistic style.,,,,,0.6163244744141897,0.6654704192876816,,,,,,,,,,0.2803954978783925,,,,
rf+rule,0,721,Macro slo-mo. Slow motion cropped closeup of roasted coffee beans falling into an empty bowl.,,,,,0.5926976005236307,0.5972153730392457,,,,,,,,,,0.28011521200339,,,,
rf+rule,0,722,"Sewing machine, old sewing machine working.",,,,,0.72828209400177,0.752010225613912,,,,,,,,,,0.1947653591632843,,,,
rf+rule,0,723,"Motion colour drop in water, ink swirling in water, colourful ink in water, abstraction fancy dream cloud of ink.",,,,,0.45899202426274616,0.6129268621603648,,,,,,,,,,0.24802562346061072,,,,
rf+rule,0,724,Few big purple plums rotating on the turntable. water drops appear on the skin during rotation. isolated on the white background. close-up. macro.,,,,,0.5198900252580643,0.7216463259855906,,,,,,,,,,0.27493637055158615,,,,
rf+rule,0,725,"Vampire makeup face of beautiful girl, red contact lenses.",,,,,0.6363794306914011,0.7396116472085317,,,,,,,,,,0.2432881941397985,,,,
rf+rule,0,726,"Ashtray full of butts on table, smoke flowing on black background, close-up",,,,,0.5647674798965454,0.7064529280662537,,,,,,,,,,0.2676287591457367,,,,
rf+rule,0,727,"Pacific coast, carmel by the sea ocean and waves.",,,,,0.6211096942424774,0.7005539326270421,,,,,,,,,,0.15165761237343153,,,,
rf+rule,0,728,A teddy bear is playing drum kit in NYC Times Square.,,,,,0.7967400848865509,0.6823996093670527,,,,,,,,,,0.3554265648126602,,,,
rf+rule,0,729,A corgi is playing drum kit.,,,,,0.6551068921883901,0.6343821802139282,,,,,,,,,,0.29264239470163983,,,,
rf+rule,0,730,"An Iron man is playing the electronic guitar, high electronic guitar.",,,,,0.6617713868618011,0.7085147413412729,,,,,,,,,,0.3066200564304988,,,,
rf+rule,0,731,A raccoon is playing the electronic guitar.,,,,,0.6808621287345886,0.7183286470174789,,,,,,,,,,0.33253611624240875,,,,
rf+rule,0,732,A boat sailing leisurely along the Seine River with the Eiffel Tower in background by Vincent van Gogh,,,,,0.6286398569742838,0.7629909776051839,,,,,,,,,,0.19421366850535074,,,,
rf+rule,0,733,A corgi's head depicted as an explosion of a nebula,,,,,0.692037562529246,0.6425230050086975,,,,,,,,,,0.33476121723651886,,,,
rf+rule,0,734,A fantasy landscape,,,,,0.6055628259976705,0.723757709423701,,,,,,,,,,0.2043112888932228,,,,
rf+rule,0,735,A future where humans have achieved teleportation technology,,,,,0.7227801183859507,0.6647114135424297,,,,,,,,,,0.20852807412544885,,,,
rf+rule,0,736,"A jellyfish floating through the ocean, with bioluminescent tentacles",,,,,0.6090699334939321,0.7332289566993714,,,,,,,,,,0.24726147204637527,,,,
rf+rule,0,737,A Mars rover moving on Mars,,,,,0.5863837202390035,0.7381161978244782,,,,,,,,,,0.22926724702119827,,,,
rf+rule,0,738,A panda drinking coffee in a cafe in Paris,,,,,0.7046084105968475,0.7417747459411621,,,,,,,,,,0.2884306013584137,,,,
rf+rule,0,739,"A space shuttle launching into orbit, with flames and smoke billowing out from the engines",,,,,0.6003522475560507,0.603807733019193,,,,,,,,,,0.24775636941194534,,,,
rf+rule,0,740,A steam train moving on a mountainside,,,,,0.6718236108620962,0.7562716115713118,,,,,,,,,,0.24309811741113663,,,,
rf+rule,0,741,A super cool giant robot in Cyberpunk Beijing,,,,,0.7250156501928965,0.7152855333089829,,,,,,,,,,0.21603201826413473,,,,
rf+rule,0,742,"A tropical beach at sunrise, with palm trees and crystal-clear water in the foreground",,,,,0.6940418283144633,0.7017831862767538,,,,,,,,,,0.26695144176483154,,,,
rf+rule,0,743,"Cinematic shot of Van Gogh's selfie, Van Gogh style",,,,,0.6362179418404897,0.7305704805850982,,,,,,,,,,0.15717162440220514,,,,
rf+rule,0,744,Gwen Stacy reading a book,,,,,0.6934212843577067,0.7495865858395895,,,,,,,,,,0.21362277368704477,,,,
rf+rule,0,745,Iron Man flying in the sky,,,,,0.6388976673285166,0.7428106163342793,,,,,,,,,,0.3268880446751912,,,,
rf+rule,0,746,"The bund Shanghai, oil painting",,,,,0.5875440488258997,0.7730320974191031,,,,,,,,,,0.21670410285393396,,,,
rf+rule,0,747,Yoda playing guitar on the stage,,,,,0.7240922351678213,0.7645530704657236,,,,,,,,,,0.31402761737505597,,,,
rf+rule,0,748,"A beautiful coastal beach in spring, waves lapping on sand by Hokusai, in the style of Ukiyo",,,,,0.7604609131813049,0.7716290007829666,,,,,,,,,,0.24596770107746124,,,,
rf+rule,0,749,"A beautiful coastal beach in spring, waves lapping on sand by Vincent van Gogh",,,,,0.7716606259346008,0.7264030079841614,,,,,,,,,,0.08879533720513184,,,,
rf+rule,0,750,A boat sailing leisurely along the Seine River with the Eiffel Tower in background,,,,,0.6413025160630544,0.7417594933112461,,,,,,,,,,0.12714929630359015,,,,
rf+rule,0,751,"A car moving slowly on an empty street, rainy evening",,,,,0.5881331066290537,0.7153954197565714,,,,,,,,,,0.1594624916712443,,,,
rf+rule,0,752,A cat eating food out of a bowl,,,,,0.5866109828154246,0.6098792084058126,,,,,,,,,,0.22309107085069022,,,,
rf+rule,0,753,A cat wearing sunglasses at a pool,,,,,0.6531770428021749,0.7189622934659322,,,,,,,,,,0.2979408452908198,,,,
rf+rule,0,754,A confused panda in calculus class,,,,,0.6427750190099081,0.7621232605775198,,,,,,,,,,0.279496893286705,,,,
rf+rule,0,755,A cute fluffy panda eating Chinese food in a restaurant,,,,,0.6803195377190908,0.7350396430889764,,,,,,,,,,0.2818271021048228,,,,
rf+rule,0,756,"A cute happy Corgi playing in park, sunset",,,,,0.598829597234726,0.5966358548005423,,,,,,,,,,0.31099945803483325,,,,
rf+rule,0,757,A cute raccoon playing guitar in a boat on the ocean,,,,,0.6975806554158529,0.7102108201583226,,,,,,,,,,0.3802480846643448,,,,
rf+rule,0,758,"A happy fuzzy panda playing guitar nearby a campfire, snow mountain in the background",,,,,0.6642097135384878,0.740990405400594,,,,,,,,,,0.3681639035542806,,,,
rf+rule,0,759,"A lightning striking atop of eiffel tower, dark clouds in the sky",,,,,0.6131411492824554,0.715326800664266,,,,,,,,,,0.3208813468615214,,,,
rf+rule,0,760,"A modern art museum, with colorful paintings",,,,,0.5187220921119055,0.723898999452591,,,,,,,,,,0.26040826737880707,,,,
rf+rule,0,761,A panda cooking in the kitchen,,,,,0.6552223066488901,0.7783212231794994,,,,,,,,,,0.31736371914545697,,,,
rf+rule,0,762,A panda playing on a swing set,,,,,0.6183243691921234,0.7578195617198945,,,,,,,,,,0.27290544907251996,,,,
rf+rule,0,763,A polar bear is playing guitar,,,,,0.6456904113292694,0.6828423408667246,,,,,,,,,,0.3139115323623021,,,,
rf+rule,0,764,"A raccoon dressed in suit playing the trumpet, stage background",,,,,0.721027264992396,0.7117612087726594,,,,,,,,,,0.35332539180914563,,,,
rf+rule,0,765,"A robot DJ is playing the turntable, in heavy raining futuristic tokyo rooftop cyberpunk night, sci-fi, fantasy",,,,,0.7917563617229462,0.7341828540960949,,,,,,,,,,0.2710477411746979,,,,
rf+rule,0,766,A shark swimming in clear Caribbean ocean,,,,,0.6138060887654623,0.7342049552202226,,,,,,,,,,0.21111463258663812,,,,
rf+rule,0,767,A super robot protecting city,,,,,0.6583448549111685,0.6928332902987799,,,,,,,,,,0.22510822117328644,,,,
rf+rule,0,768,A teddy bear washing the dishes,,,,,0.760062962770462,0.7729065657456715,,,,,,,,,,0.24716804176568985,,,,
rf+rule,0,769,"An epic tornado attacking above a glowing city at night, the tornado is made of smoke",,,,,0.6082945068677267,0.6562834401130676,,,,,,,,,,0.24135897805293402,,,,
rf+rule,0,770,An oil painting of a couple in formal evening wear going home get caught in a heavy downpour with umbrellas,,,,,0.6235243876775106,0.7154576410849889,,,,,,,,,,0.2068935160835584,,,,
rf+rule,0,771,Clown fish swimming through the coral reef,,,,,0.627214103937149,0.7743124219576517,,,,,,,,,,0.2603510171175003,,,,
rf+rule,0,772,Hyper-realistic spaceship landing on Mars,,,,,0.5809083084265391,0.7416925806601843,,,,,,,,,,0.25584455331166583,,,,
rf+rule,0,773,"The bund Shanghai, vibrant color",,,,,0.664775570233663,0.7681692164738972,,,,,,,,,,0.2535143693288167,,,,
rf+rule,0,774,Vincent van Gogh is painting in the room,,,,,0.5430865238110224,0.7250721184810002,,,,,,,,,,0.2343248948454857,,,,
rf+rule,0,775,Yellow flowers swing in the wind,,,,,0.6372039218743643,0.7932613095442455,,,,,,,,,,0.19720031569401422,,,,
rf+rule,0,776,alley,,0.9664936527687245,,,,,,,,,,,0.9479166666666666,,,,,,0.9622272450436828,0.8919217319324099
rf+rule,0,777,amusement park,,0.960337071360256,,,,,,,,,,,0.5229166666666667,,,,,,0.955886676747312,0.816092546643882
rf+rule,0,778,aquarium,,0.969068816627056,,,,,,,,,,,0.9145833333333333,,,,,,0.9644224105342742,0.9251296489403166
rf+rule,0,779,arch,,0.9562135679644511,,,,,,,,,,,0.14791666666666667,,,,,,0.9482358870967743,0.8007580442675228
rf+rule,0,780,art gallery,,0.9565162805434173,,,,,,,,,,,0.13541666666666666,,,,,,0.9468350974462365,0.8391554509771282
rf+rule,0,781,bathroom,,0.9781655024276685,,,,,,,,,,,1.0,,,,,,0.9779506888440859,0.9588796958841127
rf+rule,0,782,bakery shop,,0.9376973279325126,,,,,,,,,,,0.0,,,,,,0.9137012768817203,0.7673092412537542
rf+rule,0,783,ballroom,,0.9511924627392915,,,,,,,,,,,0.008333333333333333,,,,,,0.9347325478830645,0.8562392674643418
rf+rule,0,784,bar,,0.9734427986482566,,,,,,,,,,,0.99375,,,,,,0.9713644048219086,0.941843686432674
rf+rule,0,785,barn,,0.962074571586329,,,,,,,,,,,0.34791666666666665,,,,,,0.9597493489583334,0.8054494246326643
rf+rule,0,786,basement,,0.9495367666686715,,,,,,,,,,,0.0,,,,,,0.938215095766129,0.7592641207678564
rf+rule,0,787,beach,,0.9723954302084914,,,,,,,,,,,0.99375,,,,,,0.9717789188508065,0.917321844347592
rf+rule,0,788,bedroom,,0.975261213480966,,,,,,,,,,,0.15416666666666667,,,,,,0.9737601331485216,0.9504093949137062
rf+rule,0,789,bridge,,0.9540622881488704,,,,,,,,,,,1.0,,,,,,0.9456136067708333,0.7792897774227734
rf+rule,0,790,botanical garden,,0.9774140705132286,,,,,,,,,,,0.0,,,,,,0.9776629704301077,0.9525184436091061
rf+rule,0,791,cafeteria,,0.9356212706665524,,,,,,,,,,,0.00625,,,,,,0.9064392746135752,0.816611825392164
rf+rule,0,792,campsite,,0.9791955104689862,,,,,,,,,,,0.0,,,,,,0.9839901503696235,0.9320478059094528
rf+rule,0,793,campus,,0.9698772998470347,,,,,,,,,,,0.0,,,,,,0.9673177083333334,0.9101148823211933
rf+rule,0,794,carrousel,,0.9671448710577494,,,,,,,,,,,0.0,,,,,,0.961841082829301,0.910262366821026
rf+rule,0,795,castle,,0.9626252882114276,,,,,,,,,,,0.93125,,,,,,0.9592056766633064,0.8372803916191233
rf+rule,0,796,cemetery,,0.9689991306205259,,,,,,,,,,,0.37916666666666665,,,,,,0.9664073000672044,0.8989352131712025
rf+rule,0,797,classroom,,0.9758124657983611,,,,,,,,,,,1.0,,,,,,0.9744101247479838,0.9527782880026718
rf+rule,0,798,cliff,,0.9621190583908008,,,,,,,,,,,0.36666666666666664,,,,,,0.9590114142305108,0.8258652101302969
rf+rule,0,799,crosswalk,,0.9425817597753454,,,,,,,,,,,0.7375,,,,,,0.9210121072748656,0.7998961919340594
rf+rule,0,800,construction site,,0.9643806657774319,,,,,,,,,,,0.9375,,,,,,0.9566855153729839,0.9050478390578566
rf+rule,0,801,corridor,,0.9518688530861504,,,,,,,,,,,0.0375,,,,,,0.9414928805443548,0.7746406531539457
rf+rule,0,802,courtyard,,0.9671132071124612,,,,,,,,,,,0.8041666666666667,,,,,,0.967152847782258,0.8505661754772581
rf+rule,0,803,desert,,0.9665156015220213,,,,,,,,,,,0.99375,,,,,,0.9628501974126343,0.883713509502082
rf+rule,0,804,downtown,,0.9475530341180807,,,,,,,,,,,0.0,,,,,,0.9318314747143815,0.7871262246164782
rf+rule,0,805,driveway,,0.9694018580128119,,,,,,,,,,,0.0,,,,,,0.9710496471774193,0.8572359722236107
rf+rule,0,806,farm,,0.9685074536076248,,,,,,,,,,,0.425,,,,,,0.9669680359543011,0.8813137545667845
rf+rule,0,807,food court,,0.9610947167128076,,,,,,,,,,,0.8333333333333334,,,,,,0.9505602108534945,0.8992581706622551
rf+rule,0,808,football field,,0.9558052791004705,,,,,,,,,,,0.0375,,,,,,0.9433751260080644,0.8618404968031521
rf+rule,0,809,forest road,,0.960023493674829,,,,,,,,,,,0.0,,,,,,0.9578461021505374,0.773873081495022
rf+rule,0,810,fountain,,0.9634059799599449,,,,,,,,,,,1.0,,,,,,0.9620072559643817,0.8166590589901497
rf+rule,0,811,gas station,,0.959937129645658,,,,,,,,,,,0.00625,,,,,,0.9545042632728494,0.8284888205857113
rf+rule,0,812,glacier,,0.9600252159296379,,,,,,,,,,,0.60625,,,,,,0.9547148017473118,0.8278596031254736
rf+rule,0,813,golf course,,0.9654570672693911,,,,,,,,,,,1.0,,,,,,0.9598924206149194,0.8941303008589251
rf+rule,0,814,indoor gymnasium,,0.9643467174325477,,,,,,,,,,,0.014583333333333334,,,,,,0.9572068737399194,0.8980539913835197
rf+rule,0,815,harbor,,0.9714792208337916,,,,,,,,,,,0.058333333333333334,,,,,,0.9721936953965054,0.8919612837248835
rf+rule,0,816,highway,,0.9560632358020897,,,,,,,,,,,0.5958333333333333,,,,,,0.9479311050907259,0.8008506745100021
rf+rule,0,817,hospital,,0.9619933658265322,,,,,,,,,,,0.4625,,,,,,0.9521823021673387,0.9012288060681574
rf+rule,0,818,house,,0.9657920363247283,,,,,,,,,,,0.75625,,,,,,0.9607684391801073,0.8923908132931282
rf+rule,0,819,iceberg,,0.9683446637497276,,,,,,,,,,,0.19791666666666666,,,,,,0.9702445081485215,0.8423830599620424
rf+rule,0,820,industrial area,,0.9545729566461181,,,,,,,,,,,0.0,,,,,,0.9446743216565859,0.8070645599529661
rf+rule,0,821,jail cell,,0.9727273015691544,,,,,,,,,,,0.26458333333333334,,,,,,0.9730912403393819,0.9090942791823683
rf+rule,0,822,junkyard,,0.9474840555023285,,,,,,,,,,,0.19583333333333333,,,,,,0.9376504221270159,0.6960845430349482
rf+rule,0,823,kitchen,,0.973518846929112,,,,,,,,,,,1.0,,,,,,0.9763309601814516,0.8914716099870617
rf+rule,0,824,indoor library,,0.9748675205790691,,,,,,,,,,,0.0,,,,,,0.9768389301915322,0.9158701680857559
rf+rule,0,825,lighthouse,,0.9656813687815773,,,,,,,,,,,0.9416666666666667,,,,,,0.9589489352318548,0.9098040790393435
rf+rule,0,826,laboratory,,0.9649746539576936,,,,,,,,,,,0.025,,,,,,0.957791761172715,0.9061979754217739
rf+rule,0,827,mansion,,0.9562038322996572,,,,,,,,,,,0.26875,,,,,,0.9478263608870968,0.8095326130760128
rf+rule,0,828,marsh,,0.9701371913010982,,,,,,,,,,,0.0,,,,,,0.9707876554099463,0.8743021066846519
rf+rule,0,829,mountain,,0.9681877948942471,,,,,,,,,,,0.99375,,,,,,0.971767368111559,0.8102018278220604
rf+rule,0,830,indoor movie theater,,0.9595263722023247,,,,,,,,,,,0.0,,,,,,0.9509521484375,0.860595664073681
rf+rule,0,831,indoor museum,,0.9651873825679204,,,,,,,,,,,0.0,,,,,,0.9641680317540324,0.8392693790896185
rf+rule,0,832,music studio,,0.9698143185272371,,,,,,,,,,,0.03125,,,,,,0.9662203881048387,0.921913341201585
rf+rule,0,833,nursery,,0.9783725997903769,,,,,,,,,,,0.0,,,,,,0.9793525285618279,0.9537094019610306
rf+rule,0,834,ocean,,0.9584698941564136,,,,,,,,,,,0.8895833333333333,,,,,,0.955963856686828,0.7605543044106714
rf+rule,0,835,office,,0.9754543546477871,,,,,,,,,,,0.37083333333333335,,,,,,0.97748052125336,0.9221222523985237
rf+rule,0,836,palace,,0.9721399445202737,,,,,,,,,,,0.2125,,,,,,0.9725286668346772,0.9004800576588203
rf+rule,0,837,parking lot,,0.9576708869002335,,,,,,,,,,,0.86875,,,,,,0.9470493111559141,0.862367012377443
rf+rule,0,838,pharmacy,,0.9677070660281675,,,,,,,,,,,0.6583333333333333,,,,,,0.963197769657258,0.9070256465467913
rf+rule,0,839,phone booth,,0.9674957147138414,,,,,,,,,,,0.525,,,,,,0.9630946005544355,0.9025290772832674
rf+rule,0,840,raceway,,0.9397740361049036,,,,,,,,,,,0.0,,,,,,0.9173967258904572,0.773007713515183
rf+rule,0,841,restaurant,,0.9699026331208395,,,,,,,,,,,0.6666666666666666,,,,,,0.9678385416666667,0.9035126700483519
rf+rule,0,842,river,,0.9463546207447967,,,,,,,,,,,0.55,,,,,,0.9320895287298387,0.7562673646828224
rf+rule,0,843,science museum,,0.9724714507801792,,,,,,,,,,,0.0,,,,,,0.9734146610383064,0.8984057995779761
rf+rule,0,844,shower,,0.9587815833358172,,,,,,,,,,,0.8604166666666667,,,,,,0.9509009576612901,0.8452830550999477
rf+rule,0,845,ski slope,,0.9517221453830967,,,,,,,,,,,0.35833333333333334,,,,,,0.9414873676915322,0.7697905713114245
rf+rule,0,846,sky,,0.9662755049463617,,,,,,,,,,,0.825,,,,,,0.9672804309475806,0.8266685584495808
rf+rule,0,847,skyscraper,,0.9601318833203646,,,,,,,,,,,0.00625,,,,,,0.9553808068716398,0.8192308730092542
rf+rule,0,848,baseball stadium,,0.959810790142042,,,,,,,,,,,0.23333333333333334,,,,,,0.9523637012768816,0.8523726751064432
rf+rule,0,849,staircase,,0.9607651494563094,,,,,,,,,,,0.80625,,,,,,0.9574990549395161,0.7978642937438242
rf+rule,0,850,street,,0.9280721282972336,,,,,,,,,,,0.5479166666666667,,,,,,0.8968177713373655,0.7335727995839613
rf+rule,0,851,supermarket,,0.949449747622887,,,,,,,,,,,0.15,,,,,,0.9292097194220431,0.8766791799972797
rf+rule,0,852,indoor swimming pool,,0.9582333937192936,,,,,,,,,,,0.5479166666666667,,,,,,0.9462192330309139,0.8849041122814705
rf+rule,0,853,tower,,0.9557003673900818,,,,,,,,,,,0.0125,,,,,,0.9541564285114249,0.6939931655752247
rf+rule,0,854,outdoor track,,0.95380565141931,,,,,,,,,,,0.0,,,,,,0.944475333921371,0.7857598127989933
rf+rule,0,855,train railway,,0.9603525499522605,,,,,,,,,,,0.0,,,,,,0.9582488029233871,0.7783347321995373
rf+rule,0,856,train station platform,,0.9455003894286874,,,,,,,,,,,0.69375,,,,,,0.9259340347782259,0.8229364742492807
rf+rule,0,857,underwater coral reef,,0.963742595101833,,,,,,,,,,,0.0,,,,,,0.9650758148521507,0.7775150835514069
rf+rule,0,858,valley,,0.9763130078636445,,,,,,,,,,,0.0,,,,,,0.9802406228998657,0.9094042921888417
rf+rule,0,859,volcano,,0.9606724677944295,,,,,,,,,,,0.89375,,,,,,0.9541467153897849,0.8517879422368675
rf+rule,0,860,waterfall,,0.9730648498939446,,,,,,,,,,,1.0,,,,,,0.9717825940860215,0.9315491811982517
rf+rule,0,861,windmill,,0.9711025630839883,,,,,,,,,,,0.9604166666666667,,,,,,0.9739037298387097,0.8624494897908178
rf+rule,0,862,"a bicycle on the left of a car, front view",,,,,,,,,,,,1.0,,,,,,,,
rf+rule,0,863,"a car on the right of a motorcycle, front view",,,,,,,,,,,,0.6044826807682455,,,,,,,,
rf+rule,0,864,"a motorcycle on the left of a bus, front view",,,,,,,,,,,,0.9995672931763285,,,,,,,,
rf+rule,0,865,"a bus on the right of a traffic light, front view",,,,,,,,,,,,0.9773173367010233,,,,,,,,
rf+rule,0,866,"a traffic light on the left of a fire hydrant, front view",,,,,,,,,,,,1.0,,,,,,,,
rf+rule,0,867,"a fire hydrant on the right of a stop sign, front view",,,,,,,,,,,,0.800445005773562,,,,,,,,
rf+rule,0,868,"a stop sign on the left of a parking meter, front view",,,,,,,,,,,,0.8765229181083893,,,,,,,,
rf+rule,0,869,"a parking meter on the right of a bench, front view",,,,,,,,,,,,0.6894825241359965,,,,,,,,
rf+rule,0,870,"a bench on the left of a truck, front view",,,,,,,,,,,,0.37291808332554327,,,,,,,,
rf+rule,0,871,"a truck on the right of a bicycle, front view",,,,,,,,,,,,0.29992931260781014,,,,,,,,
rf+rule,0,872,"a bird on the left of a cat, front view",,,,,,,,,,,,1.0,,,,,,,,
rf+rule,0,873,"a cat on the right of a dog, front view",,,,,,,,,,,,1.0,,,,,,,,
rf+rule,0,874,"a dog on the left of a horse, front view",,,,,,,,,,,,1.0,,,,,,,,
rf+rule,0,875,"a horse on the right of a sheep, front view",,,,,,,,,,,,1.0,,,,,,,,
rf+rule,0,876,"a sheep on the left of a cow, front view",,,,,,,,,,,,0.9909964678778761,,,,,,,,
rf+rule,0,877,"a cow on the right of an elephant, front view",,,,,,,,,,,,1.0,,,,,,,,
rf+rule,0,878,"an elephant on the left of a bear, front view",,,,,,,,,,,,1.0,,,,,,,,
rf+rule,0,879,"a bear on the right of a zebra, front view",,,,,,,,,,,,1.0,,,,,,,,
rf+rule,0,880,"a zebra on the left of a giraffe, front view",,,,,,,,,,,,1.0,,,,,,,,
rf+rule,0,881,"a giraffe on the right of a bird, front view",,,,,,,,,,,,1.0,,,,,,,,
rf+rule,0,882,"a bottle on the left of a wine glass, front view",,,,,,,,,,,,1.0,,,,,,,,
rf+rule,0,883,"a wine glass on the right of a cup, front view",,,,,,,,,,,,0.6708333333333333,,,,,,,,
rf+rule,0,884,"a cup on the left of a fork, front view",,,,,,,,,,,,0.30165754754929525,,,,,,,,
rf+rule,0,885,"a fork on the right of a knife, front view",,,,,,,,,,,,0.9479166666666666,,,,,,,,
rf+rule,0,886,"a knife on the left of a spoon, front view",,,,,,,,,,,,1.0,,,,,,,,
rf+rule,0,887,"a spoon on the right of a bowl, front view",,,,,,,,,,,,1.0,,,,,,,,
rf+rule,0,888,"a bowl on the left of a bottle, front view",,,,,,,,,,,,0.95625,,,,,,,,
rf+rule,0,889,"a potted plant on the left of a remote, front view",,,,,,,,,,,,0.09496577097158689,,,,,,,,
rf+rule,0,890,"a remote on the right of a clock, front view",,,,,,,,,,,,0.6806134110792273,,,,,,,,
rf+rule,0,891,"a clock on the left of a vase, front view",,,,,,,,,,,,1.0,,,,,,,,
rf+rule,0,892,"a vase on the right of scissors, front view",,,,,,,,,,,,0.4791184517009975,,,,,,,,
rf+rule,0,893,"scissors on the left of a teddy bear, front view",,,,,,,,,,,,0.9738341344971547,,,,,,,,
rf+rule,0,894,"a teddy bear on the right of a potted plant, front view",,,,,,,,,,,,1.0,,,,,,,,
rf+rule,0,895,"a frisbee on the left of a sports ball, front view",,,,,,,,,,,,0.6093656205718176,,,,,,,,
rf+rule,0,896,"a sports ball on the right of a baseball bat, front view",,,,,,,,,,,,0.5345230212687794,,,,,,,,
rf+rule,0,897,"a baseball bat on the left of a baseball glove, front view",,,,,,,,,,,,0.9873088346975792,,,,,,,,
rf+rule,0,898,"a baseball glove on the right of a tennis racket, front view",,,,,,,,,,,,0.9067741109883648,,,,,,,,
rf+rule,0,899,"a tennis racket on the left of a frisbee, front view",,,,,,,,,,,,0.5672879774401814,,,,,,,,
rf+rule,0,900,"a toilet on the left of a hair drier, front view",,,,,,,,,,,,1.0,,,,,,,,
rf+rule,0,901,"a hair drier on the right of a toothbrush, front view",,,,,,,,,,,,1.0,,,,,,,,
rf+rule,0,902,"a toothbrush on the left of a sink, front view",,,,,,,,,,,,0.8871405890163491,,,,,,,,
rf+rule,0,903,"a sink on the right of a toilet, front view",,,,,,,,,,,,1.0,,,,,,,,
rf+rule,0,904,"a chair on the left of a couch, front view",,,,,,,,,,,,1.0,,,,,,,,
rf+rule,0,905,"a couch on the right of a bed, front view",,,,,,,,,,,,0.9755566064252044,,,,,,,,
rf+rule,0,906,"a bed on the left of a tv, front view",,,,,,,,,,,,1.0,,,,,,,,
rf+rule,0,907,"a tv on the right of a dining table, front view",,,,,,,,,,,,1.0,,,,,,,,
rf+rule,0,908,"a dining table on the left of a chair, front view",,,,,,,,,,,,1.0,,,,,,,,
rf+rule,0,909,"an airplane on the left of a train, front view",,,,,,,,,,,,1.0,,,,,,,,
rf+rule,0,910,"a train on the right of a boat, front view",,,,,,,,,,,,0.8367577589674575,,,,,,,,
rf+rule,0,911,"a boat on the left of an airplane, front view",,,,,,,,,,,,0.9310639980344526,,,,,,,,
rf+rule,0,912,"an oven on the top of a toaster, front view",,,,,,,,,,,,0.03393284783673755,,,,,,,,
rf+rule,0,913,"an oven on the bottom of a toaster, front view",,,,,,,,,,,,0.2539734928979381,,,,,,,,
rf+rule,0,914,"a toaster on the top of a microwave, front view",,,,,,,,,,,,0.9458333333333333,,,,,,,,
rf+rule,0,915,"a toaster on the bottom of a microwave, front view",,,,,,,,,,,,0.002323804554860874,,,,,,,,
rf+rule,0,916,"a microwave on the top of an oven, front view",,,,,,,,,,,,1.0,,,,,,,,
rf+rule,0,917,"a microwave on the bottom of an oven, front view",,,,,,,,,,,,0.8977845777522624,,,,,,,,
rf+rule,0,918,"a banana on the top of an apple, front view",,,,,,,,,,,,0.8734459494478225,,,,,,,,
rf+rule,0,919,"a banana on the bottom of an apple, front view",,,,,,,,,,,,0.44315373222068993,,,,,,,,
rf+rule,0,920,"an apple on the top of a sandwich, front view",,,,,,,,,,,,0.6733389919661081,,,,,,,,
rf+rule,0,921,"an apple on the bottom of a sandwich, front view",,,,,,,,,,,,0.3104798661835638,,,,,,,,
rf+rule,0,922,"a sandwich on the top of an orange, front view",,,,,,,,,,,,0.9896649241327607,,,,,,,,
rf+rule,0,923,"a sandwich on the bottom of an orange, front view",,,,,,,,,,,,0.9979166666666667,,,,,,,,
rf+rule,0,924,"an orange on the top of a carrot, front view",,,,,,,,,,,,1.0,,,,,,,,
rf+rule,0,925,"an orange on the bottom of a carrot, front view",,,,,,,,,,,,0.7480433250335096,,,,,,,,
rf+rule,0,926,"a carrot on the top of a hot dog, front view",,,,,,,,,,,,0.7491718630499701,,,,,,,,
rf+rule,0,927,"a carrot on the bottom of a hot dog, front view",,,,,,,,,,,,0.6742186465782521,,,,,,,,
rf+rule,0,928,"a hot dog on the top of a pizza, front view",,,,,,,,,,,,1.0,,,,,,,,
rf+rule,0,929,"a hot dog on the bottom of a pizza, front view",,,,,,,,,,,,0.5310925440651124,,,,,,,,
rf+rule,0,930,"a pizza on the top of a donut, front view",,,,,,,,,,,,0.46296422509070845,,,,,,,,
rf+rule,0,931,"a pizza on the bottom of a donut, front view",,,,,,,,,,,,0.20529340068008833,,,,,,,,
rf+rule,0,932,"a donut on the top of broccoli, front view",,,,,,,,,,,,0.8976526007333963,,,,,,,,
rf+rule,0,933,"a donut on the bottom of broccoli, front view",,,,,,,,,,,,0.5033568362115153,,,,,,,,
rf+rule,0,934,"broccoli on the top of a banana, front view",,,,,,,,,,,,1.0,,,,,,,,
rf+rule,0,935,"broccoli on the bottom of a banana, front view",,,,,,,,,,,,0.4779674303499296,,,,,,,,
rf+rule,0,936,"skis on the top of a snowboard, front view",,,,,,,,,,,,0.02268431313675758,,,,,,,,
rf+rule,0,937,"skis on the bottom of a snowboard, front view",,,,,,,,,,,,0.9758454766614582,,,,,,,,
rf+rule,0,938,"a snowboard on the top of a kite, front view",,,,,,,,,,,,0.7283087942854711,,,,,,,,
rf+rule,0,939,"a snowboard on the bottom of a kite, front view",,,,,,,,,,,,0.3566020968445539,,,,,,,,
rf+rule,0,940,"a kite on the top of a skateboard, front view",,,,,,,,,,,,0.9427929113946087,,,,,,,,
rf+rule,0,941,"a kite on the bottom of a skateboard, front view",,,,,,,,,,,,0.1014754854940834,,,,,,,,
rf+rule,0,942,"a skateboard on the top of a surfboard, front view",,,,,,,,,,,,0.10213885942715203,,,,,,,,
rf+rule,0,943,"a skateboard on the bottom of a surfboard, front view",,,,,,,,,,,,0.6660588085278203,,,,,,,,
rf+rule,0,944,"a surfboard on the top of skis, front view",,,,,,,,,,,,0.07952829555854873,,,,,,,,
rf+rule,0,945,"a surfboard on the bottom of skis, front view",,,,,,,,,,,,0.24611150113823313,,,,,,,,
context_forcing,0,0,"In a still frame, a stop sign",,,0.9973867088205675,,,,,,,,,,,,,,,,,
context_forcing,0,1,"a toilet, frozen in time",,,0.9985269015443091,,,,,,,,,,,,,,,,,
context_forcing,0,2,"a laptop, frozen in time",,,0.998901018815882,,,,,,,,,,,,,,,,,
context_forcing,0,3,A tranquil tableau of alley,,,0.9952591246717116,,,,,,,,,,,,,,,,,
context_forcing,0,4,A tranquil tableau of bar,,,0.9959049318818485,,,,,,,,,,,,,,,,,
context_forcing,0,5,A tranquil tableau of barn,,,0.9902971959581561,,,,,,,,,,,,,,,,,
context_forcing,0,6,A tranquil tableau of bathroom,,,0.9973016647264069,,,,,,,,,,,,,,,,,
context_forcing,0,7,A tranquil tableau of bedroom,,,0.9970934660294477,,,,,,,,,,,,,,,,,
context_forcing,0,8,A tranquil tableau of cliff,,,0.9882742247861975,,,,,,,,,,,,,,,,,
context_forcing,0,9,"In a still frame, courtyard",,,0.9938299008911731,,,,,,,,,,,,,,,,,
context_forcing,0,10,"In a still frame, gas station",,,0.9960528359226153,,,,,,,,,,,,,,,,,
context_forcing,0,11,A tranquil tableau of house,,,0.9892307938781439,,,,,,,,,,,,,,,,,
context_forcing,0,12,"indoor gymnasium, frozen in time",,,0.9986591159128675,,,,,,,,,,,,,,,,,
context_forcing,0,13,A tranquil tableau of indoor library,,,0.9969850602336958,,,,,,,,,,,,,,,,,
context_forcing,0,14,A tranquil tableau of kitchen,,,0.9939935039071476,,,,,,,,,,,,,,,,,
context_forcing,0,15,A tranquil tableau of palace,,,0.9873165682250378,,,,,,,,,,,,,,,,,
context_forcing,0,16,"In a still frame, parking lot",,,0.995126472080455,,,,,,,,,,,,,,,,,
context_forcing,0,17,"In a still frame, phone booth",,,,,,,,,,,,,,,,,,,,
context_forcing,0,18,A tranquil tableau of restaurant,,,0.9928160573921951,,,,,,,,,,,,,,,,,
context_forcing,0,19,A tranquil tableau of tower,,,0.9835634448481541,,,,,,,,,,,,,,,,,
context_forcing,0,20,A tranquil tableau of a bowl,,,0.9957628898994596,,,,,,,,,,,,,,,,,
context_forcing,0,21,A tranquil tableau of an apple,,,0.9986863855053396,,,,,,,,,,,,,,,,,
context_forcing,0,22,A tranquil tableau of a bench,,,0.9919174555236218,,,,,,,,,,,,,,,,,
context_forcing,0,23,A tranquil tableau of a bed,,,0.9939415856903674,,,,,,,,,,,,,,,,,
context_forcing,0,24,A tranquil tableau of a chair,,,0.9895067041995478,,,,,,,,,,,,,,,,,
context_forcing,0,25,A tranquil tableau of a cup,,,0.9987196565141865,,,,,,,,,,,,,,,,,
context_forcing,0,26,A tranquil tableau of a dining table,,,0.9932510617200065,,,,,,,,,,,,,,,,,
context_forcing,0,27,"In a still frame, a pear",,,0.9971151743916904,,,,,,,,,,,,,,,,,
context_forcing,0,28,A tranquil tableau of a bunch of grapes,,,0.9979009935435126,,,,,,,,,,,,,,,,,
context_forcing,0,29,A tranquil tableau of a bowl on the kitchen counter,,,0.9941045265571743,,,,,,,,,,,,,,,,,
context_forcing,0,30,"A tranquil tableau of a beautiful, handcrafted ceramic bowl",,,0.9983402824869343,,,,,,,,,,,,,,,,,
context_forcing,0,31,A tranquil tableau of an antique bowl,,,0.9946308853579502,,,,,,,,,,,,,,,,,
context_forcing,0,32,A tranquil tableau of an exquisite mahogany dining table,,,0.9972328421882555,,,,,,,,,,,,,,,,,
context_forcing,0,33,A tranquil tableau of a wooden bench in the park,,,0.9892355867460662,,,,,,,,,,,,,,,,,
context_forcing,0,34,A tranquil tableau of a beautiful wrought-iron bench surrounded by blooming flowers,,,,,,,,,,,,,,,,,,,,
context_forcing,0,35,"In a still frame, a park bench with a view of the lake",,,0.987165247412289,,,,,,,,,,,,,,,,,
context_forcing,0,36,A tranquil tableau of a vintage rocking chair was placed on the porch,,,0.9902289903865142,,,,,,,,,,,,,,,,,
context_forcing,0,37,"A tranquil tableau of the jail cell was small and dimly lit, with cold, steel bars",,,0.9991114441436879,,,,,,,,,,,,,,,,,
context_forcing,0,38,A tranquil tableau of the phone booth was tucked away in a quiet alley,,,0.9928501260046865,,,,,,,,,,,,,,,,,
context_forcing,0,39,"a dilapidated phone booth stood as a relic of a bygone era on the sidewalk, frozen in time",,,0.990917228904425,,,,,,,,,,,,,,,,,
context_forcing,0,40,A tranquil tableau of the old red barn stood weathered and iconic against the backdrop of the countryside,,,0.9846249850591023,,,,,,,,,,,,,,,,,
context_forcing,0,41,A tranquil tableau of a picturesque barn was painted a warm shade of red and nestled in a picturesque meadow,,,0.9902695146261478,,,,,,,,,,,,,,,,,
context_forcing,0,42,"In a still frame, within the desolate desert, an oasis unfolded, characterized by the stoic presence of palm trees and a motionless, glassy pool of water",,,0.9874265508090747,,,,,,,,,,,,,,,,,
context_forcing,0,43,"In a still frame, the Parthenon's majestic Doric columns stand in serene solitude atop the Acropolis, framed by the tranquil Athenian landscape",,,0.9974803002675374,,,,,,,,,,,,,,,,,
context_forcing,0,44,"In a still frame, the Temple of Hephaestus, with its timeless Doric grace, stands stoically against the backdrop of a quiet Athens",,,0.9927198266983032,,,,,,,,,,,,,,,,,
context_forcing,0,45,"In a still frame, the ornate Victorian streetlamp stands solemnly, adorned with intricate ironwork and stained glass panels",,,0.9974177552204506,,,,,,,,,,,,,,,,,
context_forcing,0,46,"A tranquil tableau of the Stonehenge presented itself as an enigmatic puzzle, each colossal stone meticulously placed against the backdrop of tranquility",,,0.992445870147032,,,,,,,,,,,,,,,,,
context_forcing,0,47,"In a still frame, in the vast desert, an oasis nestled among dunes, featuring tall palm trees and an air of serenity",,,0.9962226856456085,,,,,,,,,,,,,,,,,
context_forcing,0,48,"static view on a desert scene with an oasis, palm trees, and a clear, calm pool of water",,,0.9961812064226935,,,,,,,,,,,,,,,,,
context_forcing,0,49,"A tranquil tableau of an ornate Victorian streetlamp standing on a cobblestone street corner, illuminating the empty night",,,0.9988357592096516,,,,,,,,,,,,,,,,,
context_forcing,0,50,"A tranquil tableau of a tranquil lakeside cabin nestled among tall pines, its reflection mirrored perfectly in the calm water",,,0.9865345509847006,,,,,,,,,,,,,,,,,
context_forcing,0,51,"In a still frame, a vintage gas lantern, adorned with intricate details, gracing a historic cobblestone square",,,,,,,,,,,,,,,,,,,,
context_forcing,0,52,"In a still frame, a tranquil Japanese tea ceremony room, with tatami mats, a delicate tea set, and a bonsai tree in the corner",,,0.997606881903667,,,,,,,,,,,,,,,,,
context_forcing,0,53,"A tranquil tableau of the Parthenon stands resolute in its classical elegance, a timeless symbol of Athens' cultural legacy",,,0.9898079137708626,,,,,,,,,,,,,,,,,
context_forcing,0,54,"A tranquil tableau of in the heart of Plaka, the neoclassical architecture of the old city harmonizes with the ancient ruins",,,0.9955632083088745,,,,,,,,,,,,,,,,,
context_forcing,0,55,"A tranquil tableau of in the desolate beauty of the American Southwest, Chaco Canyon's ancient ruins whispered tales of an enigmatic civilization that once thrived amidst the arid landscapes",,,0.991863894369088,,,,,,,,,,,,,,,,,
context_forcing,0,56,"A tranquil tableau of at the edge of the Arabian Desert, the ancient city of Petra beckoned with its enigmatic rock-carved façades",,,,,,,,,,,,,,,,,,,,
context_forcing,0,57,"In a still frame, amidst the cobblestone streets, an Art Nouveau lamppost stood tall",,,,,,,,,,,,,,,,,,,,
context_forcing,0,58,"A tranquil tableau of in the quaint village square, a traditional wrought-iron streetlamp featured delicate filigree patterns and amber-hued glass panels",,,,,,,,,,,,,,,,,,,,
context_forcing,0,59,"A tranquil tableau of the lampposts were adorned with Art Deco motifs, their geometric shapes and frosted glass creating a sense of vintage glamour",,,0.9972310312589009,,,,,,,,,,,,,,,,,
context_forcing,0,60,"In a still frame, in the picturesque square, a Gothic-style lamppost adorned with intricate stone carvings added a touch of medieval charm to the setting",,,,,,,,,,,,,,,,,,,,
context_forcing,0,61,"In a still frame, in the heart of the old city, a row of ornate lantern-style streetlamps bathed the narrow alleyway in a warm, welcoming light",,,0.9940609885197059,,,,,,,,,,,,,,,,,
context_forcing,0,62,"A tranquil tableau of in the heart of the Utah desert, a massive sandstone arch spanned the horizon",,,0.998006459310943,,,,,,,,,,,,,,,,,
context_forcing,0,63,"A tranquil tableau of in the Arizona desert, a massive stone bridge arched across a rugged canyon",,,0.991026347057492,,,,,,,,,,,,,,,,,
context_forcing,0,64,"A tranquil tableau of in the corner of the minimalist tea room, a bonsai tree added a touch of nature's beauty to the otherwise simple and elegant space",,,0.9958687746758554,,,,,,,,,,,,,,,,,
context_forcing,0,65,"In a still frame, amidst the hushed ambiance of the traditional tea room, a meticulously arranged tea set awaited, with porcelain cups, a bamboo whisk",,,0.9930892127167944,,,,,,,,,,,,,,,,,
context_forcing,0,66,"In a still frame, nestled in the Zen garden, a rustic teahouse featured tatami seating and a traditional charcoal brazier",,,0.9854846690682804,,,,,,,,,,,,,,,,,
context_forcing,0,67,A tranquil tableau of a country estate's library featured elegant wooden shelves,,,0.9976253206589643,,,,,,,,,,,,,,,,,
context_forcing,0,68,"A tranquil tableau of beneath the shade of a solitary oak tree, an old wooden park bench sat patiently",,,0.9800804721607882,,,,,,,,,,,,,,,,,
context_forcing,0,69,"A tranquil tableau of beside a tranquil pond, a weeping willow tree draped its branches gracefully over the water's surface, creating a serene tableau of reflection and calm",,,0.9816088781169816,,,,,,,,,,,,,,,,,
context_forcing,0,70,"A tranquil tableau of in the Zen garden, a perfectly raked gravel path led to a serene rock garden",,,0.9796524672414743,,,,,,,,,,,,,,,,,
context_forcing,0,71,"In a still frame, a tranquil pond was fringed by weeping cherry trees, their blossoms drifting lazily onto the glassy surface",,,0.9837998908173805,,,,,,,,,,,,,,,,,
context_forcing,0,72,"In a still frame, within the historic library's reading room, rows of antique leather chairs and mahogany tables offered a serene haven for literary contemplation",,,0.9980064885522806,,,,,,,,,,,,,,,,,
context_forcing,0,73,A tranquil tableau of a peaceful orchid garden showcased a variety of delicate blooms,,,0.993860517389634,,,,,,,,,,,,,,,,,
context_forcing,0,74,"A tranquil tableau of in the serene courtyard, a centuries-old stone well stood as a symbol of a bygone era, its mossy stones bearing witness to the passage of time",,,0.9828067229775822,,,,,,,,,,,,,,,,,
context_forcing,0,75,a bird and a cat,,,,,,,,,1.0,,,,,,,,,,,
context_forcing,0,76,a cat and a dog,,,,,,,,,0.0,,,,,,,,,,,
context_forcing,0,77,a dog and a horse,,,,,,,,,0.016666666666666666,,,,,,,,,,,
context_forcing,0,78,a horse and a sheep,,,,,,,,,1.0,,,,,,,,,,,
context_forcing,0,79,a sheep and a cow,,,,,,,,,0.5666666666666667,,,,,,,,,,,
context_forcing,0,80,a cow and an elephant,,,,,,,,,0.6875,,,,,,,,,,,
context_forcing,0,81,an elephant and a bear,,,,,,,,,0.0,,,,,,,,,,,
context_forcing,0,82,a bear and a zebra,,,,,,,,,0.0875,,,,,,,,,,,
context_forcing,0,83,a zebra and a giraffe,,,,,,,,,1.0,,,,,,,,,,,
context_forcing,0,84,a giraffe and a bird,,,,,,,,,1.0,,,,,,,,,,,
context_forcing,0,85,a chair and a couch,,,,,,,,,1.0,,,,,,,,,,,
context_forcing,0,86,a couch and a potted plant,,,,,,,,,0.8208333333333333,,,,,,,,,,,
context_forcing,0,87,a potted plant and a tv,,,,,,,,,1.0,,,,,,,,,,,
context_forcing,0,88,a tv and a laptop,,,,,,,,,1.0,,,,,,,,,,,
context_forcing,0,89,a laptop and a remote,,,,,,,,,0.88125,,,,,,,,,,,
context_forcing,0,90,a remote and a keyboard,,,,,,,,,1.0,,,,,,,,,,,
context_forcing,0,91,a keyboard and a cell phone,,,,,,,,,1.0,,,,,,,,,,,
context_forcing,0,92,a cell phone and a book,,,,,,,,,1.0,,,,,,,,,,,
context_forcing,0,93,a book and a clock,,,,,,,,,1.0,,,,,,,,,,,
context_forcing,0,94,a clock and a backpack,,,,,,,,,1.0,,,,,,,,,,,
context_forcing,0,95,a backpack and an umbrella,,,,,,,,,0.8416666666666667,,,,,,,,,,,
context_forcing,0,96,an umbrella and a handbag,,,,,,,,,0.775,,,,,,,,,,,
context_forcing,0,97,a handbag and a tie,,,,,,,,,0.8354166666666667,,,,,,,,,,,
context_forcing,0,98,a tie and a suitcase,,,,,,,,,0.33541666666666664,,,,,,,,,,,
context_forcing,0,99,a suitcase and a vase,,,,,,,,,1.0,,,,,,,,,,,
context_forcing,0,100,a vase and scissors,,,,,,,,,0.43125,,,,,,,,,,,
context_forcing,0,101,scissors and a teddy bear,,,,,,,,,0.3854166666666667,,,,,,,,,,,
context_forcing,0,102,a teddy bear and a frisbee,,,,,,,,,0.5979166666666667,,,,,,,,,,,
context_forcing,0,103,a frisbee and skis,,,,,,,,,0.0,,,,,,,,,,,
context_forcing,0,104,skis and a snowboard,,,,,,,,,0.65,,,,,,,,,,,
context_forcing,0,105,a snowboard and a sports ball,,,,,,,,,0.46458333333333335,,,,,,,,,,,
context_forcing,0,106,a sports ball and a kite,,,,,,,,,0.41875,,,,,,,,,,,
context_forcing,0,107,a kite and a baseball bat,,,,,,,,,0.10416666666666667,,,,,,,,,,,
context_forcing,0,108,a baseball bat and a baseball glove,,,,,,,,,1.0,,,,,,,,,,,
context_forcing,0,109,a baseball glove and a skateboard,,,,,,,,,0.020833333333333332,,,,,,,,,,,
context_forcing,0,110,a skateboard and a surfboard,,,,,,,,,0.6270833333333333,,,,,,,,,,,
context_forcing,0,111,a surfboard and a tennis racket,,,,,,,,,0.475,,,,,,,,,,,
context_forcing,0,112,a tennis racket and a bottle,,,,,,,,,1.0,,,,,,,,,,,
context_forcing,0,113,a bottle and a chair,,,,,,,,,0.0,,,,,,,,,,,
context_forcing,0,114,an airplane and a train,,,,,,,,,0.8708333333333333,,,,,,,,,,,
context_forcing,0,115,a train and a boat,,,,,,,,,1.0,,,,,,,,,,,
context_forcing,0,116,a boat and an airplane,,,,,,,,,0.99375,,,,,,,,,,,
context_forcing,0,117,a bicycle and a car,,,,,,,,,0.85,,,,,,,,,,,
context_forcing,0,118,a car and a motorcycle,,,,,,,,,0.63125,,,,,,,,,,,
context_forcing,0,119,a motorcycle and a bus,,,,,,,,,0.9354166666666667,,,,,,,,,,,
context_forcing,0,120,a bus and a traffic light,,,,,,,,,0.9791666666666666,,,,,,,,,,,
context_forcing,0,121,a traffic light and a fire hydrant,,,,,,,,,1.0,,,,,,,,,,,
context_forcing,0,122,a fire hydrant and a stop sign,,,,,,,,,1.0,,,,,,,,,,,
context_forcing,0,123,a stop sign and a parking meter,,,,,,,,,1.0,,,,,,,,,,,
context_forcing,0,124,a parking meter and a truck,,,,,,,,,0.6645833333333333,,,,,,,,,,,
context_forcing,0,125,a truck and a bicycle,,,,,,,,,1.0,,,,,,,,,,,
context_forcing,0,126,a toilet and a hair drier,,,,,,,,,1.0,,,,,,,,,,,
context_forcing,0,127,a hair drier and a toothbrush,,,,,,,,,0.13958333333333334,,,,,,,,,,,
context_forcing,0,128,a toothbrush and a sink,,,,,,,,,0.8416666666666667,,,,,,,,,,,
context_forcing,0,129,a sink and a toilet,,,,,,,,,1.0,,,,,,,,,,,
context_forcing,0,130,a wine glass and a chair,,,,,,,,,1.0,,,,,,,,,,,
context_forcing,0,131,a cup and a couch,,,,,,,,,1.0,,,,,,,,,,,
context_forcing,0,132,a fork and a potted plant,,,,,,,,,1.0,,,,,,,,,,,
context_forcing,0,133,a knife and a tv,,,,,,,,,0.2604166666666667,,,,,,,,,,,
context_forcing,0,134,a spoon and a laptop,,,,,,,,,1.0,,,,,,,,,,,
context_forcing,0,135,a bowl and a remote,,,,,,,,,1.0,,,,,,,,,,,
context_forcing,0,136,a banana and a keyboard,,,,,,,,,1.0,,,,,,,,,,,
context_forcing,0,137,an apple and a cell phone,,,,,,,,,1.0,,,,,,,,,,,
context_forcing,0,138,a sandwich and a book,,,,,,,,,0.99375,,,,,,,,,,,
context_forcing,0,139,an orange and a clock,,,,,,,,,1.0,,,,,,,,,,,
context_forcing,0,140,broccoli and a backpack,,,,,,,,,0.0,,,,,,,,,,,
context_forcing,0,141,a carrot and an umbrella,,,,,,,,,0.0,,,,,,,,,,,
context_forcing,0,142,a hot dog and a handbag,,,,,,,,,0.004166666666666667,,,,,,,,,,,
context_forcing,0,143,a pizza and a tie,,,,,,,,,0.37083333333333335,,,,,,,,,,,
context_forcing,0,144,a donut and a suitcase,,,,,,,,,0.9520833333333333,,,,,,,,,,,
context_forcing,0,145,a cake and a vase,,,,,,,,,1.0,,,,,,,,,,,
context_forcing,0,146,an oven and scissors,,,,,,,,,0.8208333333333333,,,,,,,,,,,
context_forcing,0,147,a toaster and a teddy bear,,,,,,,,,0.9895833333333334,,,,,,,,,,,
context_forcing,0,148,a microwave and a frisbee,,,,,,,,,0.00625,,,,,,,,,,,
context_forcing,0,149,a refrigerator and skis,,,,,,,,,0.010416666666666666,,,,,,,,,,,
context_forcing,0,150,a bicycle and an airplane,,,,,,,,,0.8416666666666667,,,,,,,,,,,
context_forcing,0,151,a car and a train,,,,,,,,,0.85625,,,,,,,,,,,
context_forcing,0,152,a motorcycle and a boat,,,,,,,,,0.9541666666666667,,,,,,,,,,,
context_forcing,0,153,a person and a toilet,,,,,,,,,1.0,,,,,,,,,,,
context_forcing,0,154,a person and a hair drier,,,,,,,,,0.975,,,,,,,,,,,
context_forcing,0,155,a person and a toothbrush,,,,,,,,,1.0,,,,,,,,,,,
context_forcing,0,156,a person and a sink,,,,,,,,,0.08541666666666667,,,,,,,,,,,
context_forcing,0,157,A person is riding a bike,,,,,,,,,,1.0,,,,,,,,,,
context_forcing,0,158,A person is marching,,,,,,,,,,0.0,,,,,,,,,,
context_forcing,0,159,A person is roller skating,,,,,,,,,,1.0,,,,,,,,,,
context_forcing,0,160,A person is tasting beer,,,,,,,,,,1.0,,,,,,,,,,
context_forcing,0,161,A person is clapping,,,,,,,,,,1.0,,,,,,,,,,
context_forcing,0,162,A person is drawing,,,,,,,,,,1.0,,,,,,,,,,
context_forcing,0,163,A person is petting animal (not cat),,,,,,,,,,1.0,,,,,,,,,,
context_forcing,0,164,A person is eating watermelon,,,,,,,,,,1.0,,,,,,,,,,
context_forcing,0,165,A person is playing harp,,,,,,,,,,1.0,,,,,,,,,,
context_forcing,0,166,A person is wrestling,,,,,,,,,,1.0,,,,,,,,,,
context_forcing,0,167,A person is riding scooter,,,,,,,,,,1.0,,,,,,,,,,
context_forcing,0,168,A person is sweeping floor,,,,,,,,,,1.0,,,,,,,,,,
context_forcing,0,169,A person is skateboarding,,,,,,,,,,1.0,,,,,,,,,,
context_forcing,0,170,A person is dunking basketball,,,,,,,,,,1.0,,,,,,,,,,
context_forcing,0,171,A person is playing flute,,,,,,,,,,1.0,,,,,,,,,,
context_forcing,0,172,A person is stretching leg,,,,,,,,,,1.0,,,,,,,,,,
context_forcing,0,173,A person is tying tie,,,,,,,,,,1.0,,,,,,,,,,
context_forcing,0,174,A person is skydiving,,,,,,,,,,1.0,,,,,,,,,,
context_forcing,0,175,A person is shooting goal (soccer),,,,,,,,,,0.3333333333333333,,,,,,,,,,
context_forcing,0,176,A person is playing piano,,,,,,,,,,1.0,,,,,,,,,,
context_forcing,0,177,A person is finger snapping,,,,,,,,,,0.6666666666666666,,,,,,,,,,
context_forcing,0,178,A person is canoeing or kayaking,,,,,,,,,,1.0,,,,,,,,,,
context_forcing,0,179,A person is laughing,,,,,,,,,,1.0,,,,,,,,,,
context_forcing,0,180,A person is digging,,,,,,,,,,0.8333333333333334,,,,,,,,,,
context_forcing,0,181,A person is clay pottery making,,,,,,,,,,1.0,,,,,,,,,,
context_forcing,0,182,A person is shooting basketball,,,,,,,,,,1.0,,,,,,,,,,
context_forcing,0,183,A person is bending back,,,,,,,,,,0.16666666666666666,,,,,,,,,,
context_forcing,0,184,A person is shaking hands,,,,,,,,,,1.0,,,,,,,,,,
context_forcing,0,185,A person is bandaging,,,,,,,,,,1.0,,,,,,,,,,
context_forcing,0,186,A person is push up,,,,,,,,,,1.0,,,,,,,,,,
context_forcing,0,187,A person is catching or throwing frisbee,,,,,,,,,,1.0,,,,,,,,,,
context_forcing,0,188,A person is playing trumpet,,,,,,,,,,1.0,,,,,,,,,,
context_forcing,0,189,A person is flying kite,,,,,,,,,,1.0,,,,,,,,,,
context_forcing,0,190,A person is filling eyebrows,,,,,,,,,,1.0,,,,,,,,,,
context_forcing,0,191,A person is shuffling cards,,,,,,,,,,1.0,,,,,,,,,,
context_forcing,0,192,A person is folding clothes,,,,,,,,,,1.0,,,,,,,,,,
context_forcing,0,193,A person is smoking,,,,,,,,,,1.0,,,,,,,,,,
context_forcing,0,194,A person is tai chi,,,,,,,,,,0.16666666666666666,,,,,,,,,,
context_forcing,0,195,A person is squat,,,,,,,,,,0.0,,,,,,,,,,
context_forcing,0,196,A person is playing controller,,,,,,,,,,1.0,,,,,,,,,,
context_forcing,0,197,A person is throwing axe,,,,,,,,,,1.0,,,,,,,,,,
context_forcing,0,198,A person is giving or receiving award,,,,,,,,,,1.0,,,,,,,,,,
context_forcing,0,199,A person is air drumming,,,,,,,,,,1.0,,,,,,,,,,
context_forcing,0,200,A person is taking a shower,,,,,,,,,,1.0,,,,,,,,,,
context_forcing,0,201,A person is planting trees,,,,,,,,,,1.0,,,,,,,,,,
context_forcing,0,202,A person is sharpening knives,,,,,,,,,,1.0,,,,,,,,,,
context_forcing,0,203,A person is robot dancing,,,,,,,,,,1.0,,,,,,,,,,
context_forcing,0,204,A person is rock climbing,,,,,,,,,,1.0,,,,,,,,,,
context_forcing,0,205,A person is hula hooping,,,,,,,,,,1.0,,,,,,,,,,
context_forcing,0,206,A person is writing,,,,,,,,,,1.0,,,,,,,,,,
context_forcing,0,207,A person is bungee jumping,,,,,,,,,,0.6666666666666666,,,,,,,,,,
context_forcing,0,208,A person is pushing cart,,,,,,,,,,0.16666666666666666,,,,,,,,,,
context_forcing,0,209,A person is cleaning windows,,,,,,,,,,1.0,,,,,,,,,,
context_forcing,0,210,A person is cutting watermelon,,,,,,,,,,1.0,,,,,,,,,,
context_forcing,0,211,A person is cheerleading,,,,,,,,,,1.0,,,,,,,,,,
context_forcing,0,212,A person is washing hands,,,,,,,,,,1.0,,,,,,,,,,
context_forcing,0,213,A person is ironing,,,,,,,,,,1.0,,,,,,,,,,
context_forcing,0,214,A person is cutting nails,,,,,,,,,,1.0,,,,,,,,,,
context_forcing,0,215,A person is hugging,,,,,,,,,,1.0,,,,,,,,,,
context_forcing,0,216,A person is trimming or shaving beard,,,,,,,,,,1.0,,,,,,,,,,
context_forcing,0,217,A person is jogging,,,,,,,,,,1.0,,,,,,,,,,
context_forcing,0,218,A person is making bed,,,,,,,,,,1.0,,,,,,,,,,
context_forcing,0,219,A person is washing dishes,,,,,,,,,,1.0,,,,,,,,,,
context_forcing,0,220,A person is grooming dog,,,,,,,,,,1.0,,,,,,,,,,
context_forcing,0,221,A person is doing laundry,,,,,,,,,,1.0,,,,,,,,,,
context_forcing,0,222,A person is knitting,,,,,,,,,,1.0,,,,,,,,,,
context_forcing,0,223,A person is reading book,,,,,,,,,,1.0,,,,,,,,,,
context_forcing,0,224,A person is baby waking up,,,,,,,,,,0.6666666666666666,,,,,,,,,,
context_forcing,0,225,A person is massaging legs,,,,,,,,,,1.0,,,,,,,,,,
context_forcing,0,226,A person is brushing teeth,,,,,,,,,,1.0,,,,,,,,,,
context_forcing,0,227,A person is crawling baby,,,,,,,,,,1.0,,,,,,,,,,
context_forcing,0,228,A person is motorcycling,,,,,,,,,,1.0,,,,,,,,,,
context_forcing,0,229,A person is driving car,,,,,,,,,,1.0,,,,,,,,,,
context_forcing,0,230,A person is sticking tongue out,,,,,,,,,,1.0,,,,,,,,,,
context_forcing,0,231,A person is shaking head,,,,,,,,,,0.6666666666666666,,,,,,,,,,
context_forcing,0,232,A person is sword fighting,,,,,,,,,,1.0,,,,,,,,,,
context_forcing,0,233,A person is doing aerobics,,,,,,,,,,1.0,,,,,,,,,,
context_forcing,0,234,A person is strumming guitar,,,,,,,,,,1.0,,,,,,,,,,
context_forcing,0,235,A person is riding or walking with horse,,,,,,,,,,1.0,,,,,,,,,,
context_forcing,0,236,A person is archery,,,,,,,,,,1.0,,,,,,,,,,
context_forcing,0,237,A person is catching or throwing baseball,,,,,,,,,,1.0,,,,,,,,,,
context_forcing,0,238,A person is playing chess,,,,,,,,,,1.0,,,,,,,,,,
context_forcing,0,239,A person is rock scissors paper,,,,,,,,,,0.0,,,,,,,,,,
context_forcing,0,240,A person is using computer,,,,,,,,,,1.0,,,,,,,,,,
context_forcing,0,241,A person is arranging flowers,,,,,,,,,,1.0,,,,,,,,,,
context_forcing,0,242,A person is bending metal,,,,,,,,,,1.0,,,,,,,,,,
context_forcing,0,243,A person is ice skating,,,,,,,,,,0.3333333333333333,,,,,,,,,,
context_forcing,0,244,A person is climbing a rope,,,,,,,,,,1.0,,,,,,,,,,
context_forcing,0,245,A person is crying,,,,,,,,,,1.0,,,,,,,,,,
context_forcing,0,246,A person is dancing ballet,,,,,,,,,,1.0,,,,,,,,,,
context_forcing,0,247,A person is getting a haircut,,,,,,,,,,1.0,,,,,,,,,,
context_forcing,0,248,A person is running on treadmill,,,,,,,,,,1.0,,,,,,,,,,
context_forcing,0,249,A person is kissing,,,,,,,,,,1.0,,,,,,,,,,
context_forcing,0,250,A person is counting money,,,,,,,,,,0.6666666666666666,,,,,,,,,,
context_forcing,0,251,A person is barbequing,,,,,,,,,,1.0,,,,,,,,,,
context_forcing,0,252,A person is peeling apples,,,,,,,,,,1.0,,,,,,,,,,
context_forcing,0,253,A person is milking cow,,,,,,,,,,1.0,,,,,,,,,,
context_forcing,0,254,A person is shining shoes,,,,,,,,,,1.0,,,,,,,,,,
context_forcing,0,255,A person is making snowman,,,,,,,,,,1.0,,,,,,,,,,
context_forcing,0,256,A person is sailing,,,,,,,,,,1.0,,,,,,,,,,
context_forcing,0,257,a person swimming in ocean,0.9780382451043991,,,0.9828547019021285,,,0.9333333333333333,,,,,,,,,,0.9809178797468063,0.7637783473935621,,
context_forcing,0,258,a person giving a presentation to a room full of colleagues,0.9940793727524385,,,0.9967799312887548,,,0.0,,,,,,,,,,0.995751482344443,0.9530623534630085,,
context_forcing,0,259,a person washing the dishes,0.9794971156500789,,,0.9915337005148689,,,0.8,,,,,,,,,,0.9746586388157259,0.840005000089777,,
context_forcing,0,260,a person eating a burger,0.9805405189504837,,,0.9935864782635514,,,0.2,,,,,,,,,,0.9755838181382868,0.8503635679853374,,
context_forcing,0,261,a person walking in the snowstorm,0.9732466655490998,,,0.9775966071422338,,,0.16666666666666666,,,,,,,,,,0.9626932930882258,0.8340614263353676,,
context_forcing,0,262,a person drinking coffee in a cafe,0.9935996020332816,,,0.9954768098965606,,,0.0,,,,,,,,,,0.9940323374284209,0.9670720830045897,,
context_forcing,0,263,a person playing guitar,0.9967069318535261,,,0.9946196472889665,,,0.06666666666666667,,,,,,,,,,0.9977936916133407,0.9902321593514805,,
context_forcing,0,264,a bicycle leaning against a tree,0.9913344734944154,,,0.993316931585817,,,0.0,,,,,,,,,,0.9921886170423159,0.9313588491801558,,
context_forcing,0,265,a bicycle gliding through a snowy field,0.9877877879706852,,,0.9848255754741355,,,1.0,,,,,,,,,,0.9873745795539632,0.8889005749390043,,
context_forcing,0,266,a bicycle slowing down to stop,0.9745308168372826,,,0.9906324084330136,,,0.43333333333333335,,,,,,,,,,0.9796216466734485,0.71771950865614,,
context_forcing,0,267,a bicycle accelerating to gain speed,0.9845163825798342,,,0.9803488552490085,,,1.0,,,,,,,,,,0.9828882521519098,0.8579761570897596,,
context_forcing,0,268,a car stuck in traffic during rush hour,0.966176743378049,,,0.9869384067521833,,,1.0,,,,,,,,,,0.9857957599624512,0.571799220196132,,
context_forcing,0,269,a car turning a corner,0.9361083897137659,,,0.9642622206059833,,,1.0,,,,,,,,,,0.9178802760698462,0.6166391254499041,,
context_forcing,0,270,a car slowing down to stop,0.9643151857053183,,,0.993043541525555,,,0.5,,,,,,,,,,0.9798844761425448,0.5871137262418352,,
context_forcing,0,271,a car accelerating to gain speed,0.9235395668365197,,,0.9837436425513938,,,1.0,,,,,,,,,,0.9198945275878394,0.474354084709595,,
context_forcing,0,272,a motorcycle cruising along a coastal highway,0.9782129470004876,,,0.9883089642993059,,,0.9666666666666667,,,,,,,,,,0.9708224198510571,0.85161318861205,,
context_forcing,0,273,a motorcycle turning a corner,0.9712368315008555,,,0.94237706720004,,,1.0,,,,,,,,,,0.964995920690157,0.7825485601507384,,
context_forcing,0,274,a motorcycle slowing down to stop,0.9278245918882336,,,0.9851845666792357,,,1.0,,,,,,,,,,0.9305164261851261,0.4655754392773941,,
context_forcing,0,275,a motorcycle gliding through a snowy field,0.9936082461215416,,,0.9929791476602216,,,0.03333333333333333,,,,,,,,,,0.994270621031843,0.960711512072333,,
context_forcing,0,276,a motorcycle accelerating to gain speed,0.9715245330740305,,,0.981588661146142,,,0.9333333333333333,,,,,,,,,,0.9618395354799045,0.814407577802395,,
context_forcing,0,277,an airplane soaring through a clear blue sky,0.9936481372866531,,,0.994022335678989,,,1.0,,,,,,,,,,0.9948730230010967,0.953278202435066,,
context_forcing,0,278,an airplane taking off,0.9798202452368169,,,0.9911264265526366,,,0.7333333333333333,,,,,,,,,,0.9851831827913561,0.7580999783400831,,
context_forcing,0,279,an airplane landing smoothly on a runway,0.9900666549801256,,,0.9935867138329096,,,0.7,,,,,,,,,,0.9923665120717018,0.8811835543862705,,
context_forcing,0,280,an airplane accelerating to gain speed,0.9588900929619997,,,0.9848536325150015,,,1.0,,,,,,,,,,0.9751689414183299,0.5540054929924423,,
context_forcing,0,281,a bus turning a corner,0.9554957128877516,,,0.9897171389982868,,,0.9666666666666667,,,,,,,,,,0.95700517953724,0.6148239862302254,,
context_forcing,0,282,a bus stuck in traffic during rush hour,0.9747785453633142,,,0.969482589863462,,,0.9666666666666667,,,,,,,,,,0.9615296805417667,0.8858154231104357,,
context_forcing,0,283,a bus accelerating to gain speed,0.9461352163863944,,,0.9621483509490273,,,1.0,,,,,,,,,,0.9378475708666667,0.6170866617868687,,
context_forcing,0,284,a train speeding down the tracks,0.9448790340485023,,,0.9767950528834517,,,1.0,,,,,,,,,,0.9418970937690426,0.5805887763934403,,
context_forcing,0,285,a train crossing over a tall bridge,0.9542902657606049,,,0.9771396251722437,,,1.0,,,,,,,,,,0.9481997140312708,0.6595750862154467,,
context_forcing,0,286,a train accelerating to gain speed,0.9794518902271221,,,0.985552353235038,,,1.0,,,,,,,,,,0.9708773625473823,0.8857977873292463,,
context_forcing,0,287,a truck turning a corner,0.9661856875052279,,,0.9929619076215481,,,0.7666666666666667,,,,,,,,,,0.9845922023378392,0.5799869209014136,,
context_forcing,0,288,a truck anchored in a tranquil bay,0.9910468135975884,,,0.9892089978169863,,,0.16666666666666666,,,,,,,,,,0.9920772597674401,0.9239679225559893,,
context_forcing,0,289,a truck stuck in traffic during rush hour,0.9529875486876983,,,0.9769286477099742,,,1.0,,,,,,,,,,0.9417216006145683,0.6869655051108065,,
context_forcing,0,290,a truck slowing down to stop,0.9501726386217874,,,0.9844969063209923,,,0.8,,,,,,,,,,0.9548742178306785,0.566091655143376,,
context_forcing,0,291,a truck accelerating to gain speed,0.9915577048600277,,,0.9928684274286935,,,0.5,,,,,,,,,,0.9905962907819337,0.954572444332057,,
context_forcing,0,292,a boat sailing smoothly on a calm lake,0.9912795521870237,,,0.9935882903131574,,,0.43333333333333335,,,,,,,,,,0.9950913995504379,0.8754143509371527,,
context_forcing,0,293,a boat slowing down to stop,0.981076716146905,,,0.9886109742763439,,,1.0,,,,,,,,,,0.9743845126962148,0.8812212635730875,,
context_forcing,0,294,a boat accelerating to gain speed,0.9765493184136046,,,0.9780310574333603,,,1.0,,,,,,,,,,0.9794424629980517,0.7498918299017281,,
context_forcing,0,295,a bird soaring gracefully in the sky,0.990503875348047,,,0.9960213680450812,,,0.0,,,,,,,,,,0.9946082857988215,0.8609453223902603,,
context_forcing,0,296,a bird building a nest from twigs and leaves,0.9847668851960208,,,0.9903477754385231,,,0.4,,,,,,,,,,0.9800172492701521,0.9149923920631409,,
context_forcing,0,297,a bird flying over a snowy forest,0.9672142076199496,,,0.9884454213015333,,,0.5,,,,,,,,,,0.9707647845309268,0.6838468220727197,,
context_forcing,0,298,a cat grooming itself meticulously with its tongue,0.9894419570473417,,,0.9916594726653424,,,0.06666666666666667,,,,,,,,,,0.9892460990977543,0.9172737793675785,,
context_forcing,0,299,a cat playing in park,0.9838640985423975,,,0.980856544014359,,,0.5666666666666667,,,,,,,,,,0.9841163361905725,0.8319725908082107,,
context_forcing,0,300,a cat drinking water,0.9879414790165095,,,0.9899449201656566,,,0.03333333333333333,,,,,,,,,,0.9876102845835428,0.8902193451749867,,
context_forcing,0,301,a cat running happily,0.9787429460265991,,,0.9780257298242183,,,1.0,,,,,,,,,,0.9835576586505417,0.752667184533744,,
context_forcing,0,302,a dog enjoying a peaceful walk,0.9872404630519791,,,0.9932318064313214,,,0.4666666666666667,,,,,,,,,,0.9903833321345751,0.837364407448933,,
context_forcing,0,303,a dog playing in park,0.9698319758976607,,,0.9866014881035509,,,0.9666666666666667,,,,,,,,,,0.9724568250999656,0.7030361186841438,,
context_forcing,0,304,a dog drinking water,0.9873665844444941,,,0.9921328884894116,,,0.36666666666666664,,,,,,,,,,0.9904576557938769,0.8393393754959106,,
context_forcing,0,305,a dog running happily,0.967523085791351,,,0.9856370922961124,,,0.8,,,,,,,,,,0.9694418149609719,0.6939677287792337,,
context_forcing,0,306,a horse bending down to drink water from a river,0.9912261706326871,,,0.9910442199530869,,,0.0,,,,,,,,,,0.9902212997277577,0.9506833018927738,,
context_forcing,0,307,a horse galloping across an open field,0.9899759375192503,,,0.9933982911874686,,,0.3333333333333333,,,,,,,,,,0.9928141515101155,0.8693672706340921,,
context_forcing,0,308,a horse taking a peaceful walk,0.9838550714219525,,,0.9947726685572732,,,0.3,,,,,,,,,,0.9928208587951558,0.7618072634113247,,
context_forcing,0,309,a horse running to join a herd of its kind,0.9728813170286056,,,0.9753466015559535,,,1.0,,,,,,,,,,0.9657183427003121,0.804970518268388,,
context_forcing,0,310,a sheep bending down to drink water from a river,0.9831456618196062,,,0.9933613495318,,,0.23333333333333334,,,,,,,,,,0.9769936795516682,0.9108755866001392,,
context_forcing,0,311,a sheep taking a peaceful walk,0.9838009329976395,,,0.9838591672820304,,,0.6,,,,,,,,,,0.9833231824700551,0.8393745684418185,,
context_forcing,0,312,a sheep running to join a herd of its kind,0.9788973052917513,,,0.9793450008539445,,,1.0,,,,,,,,,,0.9735019189055248,0.8395300641142088,,
context_forcing,0,313,a cow bending down to drink water from a river,0.9764541048577566,,,0.9937712199359208,,,0.16666666666666666,,,,,,,,,,0.9863198560091758,0.6989930184750721,,
context_forcing,0,314,a cow chewing cud while resting in a tranquil barn,0.993976654926208,,,0.9931229353748858,,,0.0,,,,,,,,,,0.9939891481591808,0.9752580266574333,,
context_forcing,0,315,a cow running to join a herd of its kind,0.9703389934457564,,,0.9676059118409355,,,1.0,,,,,,,,,,0.9605868046322177,0.805399526809824,,
context_forcing,0,316,an elephant spraying itself with water using its trunk to cool down,0.9937436889853847,,,0.9904899173899736,,,0.3333333333333333,,,,,,,,,,0.9940272620929185,0.9714477668548452,,
context_forcing,0,317,an elephant taking a peaceful walk,0.9809116005885309,,,0.9817510522864179,,,0.9333333333333333,,,,,,,,,,0.9767146963906546,0.8468371989398167,,
context_forcing,0,318,an elephant running to join a herd of its kind,0.978831739462781,,,0.98226094897806,,,1.0,,,,,,,,,,0.9692101426983392,0.8942556114032351,,
context_forcing,0,319,a bear catching a salmon in its powerful jaws,0.9874594147124657,,,0.9932829197012969,,,0.0,,,,,,,,,,0.9896612846723168,0.8481546455416186,,
context_forcing,0,320,a bear sniffing the air for scents of food,0.9956722025521109,,,0.9953056484856527,,,0.03333333333333333,,,,,,,,,,0.9972392772474596,0.976323639524394,,
context_forcing,0,321,a bear climbing a tree,0.9765317644654486,,,0.990528604329018,,,0.6666666666666666,,,,,,,,,,0.9682524657057178,0.844207948651807,,
context_forcing,0,322,a bear hunting for prey,0.9869455500280543,,,0.9923513640706756,,,0.2,,,,,,,,,,0.9857157118538373,0.8884454400374971,,
context_forcing,0,323,a zebra bending down to drink water from a river,0.9946842089514043,,,0.9902209433204965,,,0.0,,,,,,,,,,0.9963432309448078,0.9629943350265766,,
context_forcing,0,324,a zebra running to join a herd of its kind,0.9841290981325965,,,0.9554732798039681,,,1.0,,,,,,,,,,0.9825717100533106,0.8525894643931553,,
context_forcing,0,325,a zebra taking a peaceful walk,0.9914088591513469,,,0.9905927706552706,,,0.23333333333333334,,,,,,,,,,0.9945488512516022,0.8901343047618866,,
context_forcing,0,326,a giraffe bending down to drink water from a river,0.9865636710734835,,,0.9909459005287182,,,0.06666666666666667,,,,,,,,,,0.9843987662946024,0.9003351875420275,,
context_forcing,0,327,a giraffe taking a peaceful walk,0.9898166921181324,,,0.9907736122749197,,,0.06666666666666667,,,,,,,,,,0.9924187023473043,0.8704239304723411,,
context_forcing,0,328,a giraffe running to join a herd of its kind,0.9684756968568492,,,0.9534225795986724,,,1.0,,,,,,,,,,0.9564801360009819,0.8088768669243517,,
context_forcing,0,329,a person,,,,,,,,1.0,,,,,,,,,,,,
context_forcing,0,330,a bicycle,,,,,,,,1.0,,,,,,,,,,,,
context_forcing,0,331,a car,,,,,,,,0.9916666666666667,,,,,,,,,,,,
context_forcing,0,332,a motorcycle,,,,,,,,0.575,,,,,,,,,,,,
context_forcing,0,333,an airplane,,,,,,,,0.8541666666666666,,,,,,,,,,,,
context_forcing,0,334,a bus,,,,,,,,1.0,,,,,,,,,,,,
context_forcing,0,335,a train,,,,,,,,0.68125,,,,,,,,,,,,
context_forcing,0,336,a truck,,,,,,,,1.0,,,,,,,,,,,,
context_forcing,0,337,a boat,,,,,,,,1.0,,,,,,,,,,,,
context_forcing,0,338,a traffic light,,,,,,,,1.0,,,,,,,,,,,,
context_forcing,0,339,a fire hydrant,,,,,,,,1.0,,,,,,,,,,,,
context_forcing,0,340,a stop sign,,,,,,,,1.0,,,,,,,,,,,,
context_forcing,0,341,a parking meter,,,,,,,,1.0,,,,,,,,,,,,
context_forcing,0,342,a bench,,,,,,,,1.0,,,,,,,,,,,,
context_forcing,0,343,a bird,,,,,,,,0.80625,,,,,,,,,,,,
context_forcing,0,344,a cat,,,,,,,,1.0,,,,,,,,,,,,
context_forcing,0,345,a dog,,,,,,,,1.0,,,,,,,,,,,,
context_forcing,0,346,a horse,,,,,,,,1.0,,,,,,,,,,,,
context_forcing,0,347,a sheep,,,,,,,,1.0,,,,,,,,,,,,
context_forcing,0,348,a cow,,,,,,,,1.0,,,,,,,,,,,,
context_forcing,0,349,an elephant,,,,,,,,0.9854166666666667,,,,,,,,,,,,
context_forcing,0,350,a bear,,,,,,,,1.0,,,,,,,,,,,,
context_forcing,0,351,a zebra,,,,,,,,1.0,,,,,,,,,,,,
context_forcing,0,352,a giraffe,,,,,,,,1.0,,,,,,,,,,,,
context_forcing,0,353,a backpack,,,,,,,,0.008333333333333333,,,,,,,,,,,,
context_forcing,0,354,an umbrella,,,,,,,,1.0,,,,,,,,,,,,
context_forcing,0,355,a handbag,,,,,,,,1.0,,,,,,,,,,,,
context_forcing,0,356,a tie,,,,,,,,0.1,,,,,,,,,,,,
context_forcing,0,357,a suitcase,,,,,,,,1.0,,,,,,,,,,,,
context_forcing,0,358,a frisbee,,,,,,,,0.95625,,,,,,,,,,,,
context_forcing,0,359,skis,,,,,,,,1.0,,,,,,,,,,,,
context_forcing,0,360,a snowboard,,,,,,,,0.42083333333333334,,,,,,,,,,,,
context_forcing,0,361,a sports ball,,,,,,,,0.9520833333333333,,,,,,,,,,,,
context_forcing,0,362,a kite,,,,,,,,1.0,,,,,,,,,,,,
context_forcing,0,363,a baseball bat,,,,,,,,0.2875,,,,,,,,,,,,
context_forcing,0,364,a baseball glove,,,,,,,,0.0,,,,,,,,,,,,
context_forcing,0,365,a skateboard,,,,,,,,0.9291666666666667,,,,,,,,,,,,
context_forcing,0,366,a surfboard,,,,,,,,1.0,,,,,,,,,,,,
context_forcing,0,367,a tennis racket,,,,,,,,1.0,,,,,,,,,,,,
context_forcing,0,368,a bottle,,,,,,,,1.0,,,,,,,,,,,,
context_forcing,0,369,a wine glass,,,,,,,,1.0,,,,,,,,,,,,
context_forcing,0,370,a cup,,,,,,,,1.0,,,,,,,,,,,,
context_forcing,0,371,a fork,,,,,,,,1.0,,,,,,,,,,,,
context_forcing,0,372,a knife,,,,,,,,0.0,,,,,,,,,,,,
context_forcing,0,373,a spoon,,,,,,,,1.0,,,,,,,,,,,,
context_forcing,0,374,a bowl,,,,,,,,1.0,,,,,,,,,,,,
context_forcing,0,375,a banana,,,,,,,,1.0,,,,,,,,,,,,
context_forcing,0,376,an apple,,,,,,,,1.0,,,,,,,,,,,,
context_forcing,0,377,a sandwich,,,,,,,,0.9958333333333333,,,,,,,,,,,,
context_forcing,0,378,an orange,,,,,,,,0.48125,,,,,,,,,,,,
context_forcing,0,379,broccoli,,,,,,,,1.0,,,,,,,,,,,,
context_forcing,0,380,a carrot,,,,,,,,0.0,,,,,,,,,,,,
context_forcing,0,381,a hot dog,,,,,,,,0.9625,,,,,,,,,,,,
context_forcing,0,382,a pizza,,,,,,,,1.0,,,,,,,,,,,,
context_forcing,0,383,a donut,,,,,,,,1.0,,,,,,,,,,,,
context_forcing,0,384,a cake,,,,,,,,1.0,,,,,,,,,,,,
context_forcing,0,385,a chair,,,,,,,,1.0,,,,,,,,,,,,
context_forcing,0,386,a couch,,,,,,,,1.0,,,,,,,,,,,,
context_forcing,0,387,a potted plant,,,,,,,,1.0,,,,,,,,,,,,
context_forcing,0,388,a bed,,,,,,,,1.0,,,,,,,,,,,,
context_forcing,0,389,a dining table,,,,,,,,1.0,,,,,,,,,,,,
context_forcing,0,390,a toilet,,,,,,,,1.0,,,,,,,,,,,,
context_forcing,0,391,a tv,,,,,,,,1.0,,,,,,,,,,,,
context_forcing,0,392,a laptop,,,,,,,,0.75,,,,,,,,,,,,
context_forcing,0,393,a remote,,,,,,,,0.8229166666666666,,,,,,,,,,,,
context_forcing,0,394,a keyboard,,,,,,,,1.0,,,,,,,,,,,,
context_forcing,0,395,a cell phone,,,,,,,,1.0,,,,,,,,,,,,
context_forcing,0,396,a microwave,,,,,,,,1.0,,,,,,,,,,,,
context_forcing,0,397,an oven,,,,,,,,1.0,,,,,,,,,,,,
context_forcing,0,398,a toaster,,,,,,,,0.54375,,,,,,,,,,,,
context_forcing,0,399,a sink,,,,,,,,0.9979166666666667,,,,,,,,,,,,
context_forcing,0,400,a refrigerator,,,,,,,,0.9166666666666666,,,,,,,,,,,,
context_forcing,0,401,a book,,,,,,,,1.0,,,,,,,,,,,,
context_forcing,0,402,a clock,,,,,,,,1.0,,,,,,,,,,,,
context_forcing,0,403,a vase,,,,,,,,1.0,,,,,,,,,,,,
context_forcing,0,404,scissors,,,,,,,,1.0,,,,,,,,,,,,
context_forcing,0,405,a teddy bear,,,,,,,,1.0,,,,,,,,,,,,
context_forcing,0,406,a hair drier,,,,,,,,1.0,,,,,,,,,,,,
context_forcing,0,407,a toothbrush,,,,,,,,1.0,,,,,,,,,,,,
context_forcing,0,408,a red bicycle,,,,,,,,,,,1.0,,,,,,,,,
context_forcing,0,409,a green bicycle,,,,,,,,,,,,,,,,,,,,
context_forcing,0,410,a blue bicycle,,,,,,,,,,,0.9916666666666667,,,,,,,,,
context_forcing,0,411,a yellow bicycle,,,,,,,,,,,1.0,,,,,,,,,
context_forcing,0,412,an orange bicycle,,,,,,,,,,,0.075,,,,,,,,,
context_forcing,0,413,a purple bicycle,,,,,,,,,,,0.9791666666666666,,,,,,,,,
context_forcing,0,414,a pink bicycle,,,,,,,,,,,1.0,,,,,,,,,
context_forcing,0,415,a black bicycle,,,,,,,,,,,0.9598611111111112,,,,,,,,,
context_forcing,0,416,a white bicycle,,,,,,,,,,,1.0,,,,,,,,,
context_forcing,0,417,a red car,,,,,,,,,,,1.0,,,,,,,,,
context_forcing,0,418,a green car,,,,,,,,,,,0.9606261022927689,,,,,,,,,
context_forcing,0,419,a blue car,,,,,,,,,,,0.98125,,,,,,,,,
context_forcing,0,420,a yellow car,,,,,,,,,,,1.0,,,,,,,,,
context_forcing,0,421,an orange car,,,,,,,,,,,0.4583333333333333,,,,,,,,,
context_forcing,0,422,a purple car,,,,,,,,,,,0.694229797979798,,,,,,,,,
context_forcing,0,423,a pink car,,,,,,,,,,,1.0,,,,,,,,,
context_forcing,0,424,a black car,,,,,,,,,,,0.874047619047619,,,,,,,,,
context_forcing,0,425,a white car,,,,,,,,,,,0.48053571428571423,,,,,,,,,
context_forcing,0,426,a red bird,,,,,,,,,,,1.0,,,,,,,,,
context_forcing,0,427,a green bird,,,,,,,,,,,1.0,,,,,,,,,
context_forcing,0,428,a blue bird,,,,,,,,,,,1.0,,,,,,,,,
context_forcing,0,429,a yellow bird,,,,,,,,,,,0.9125,,,,,,,,,
context_forcing,0,430,an orange bird,,,,,,,,,,,0.9958333333333333,,,,,,,,,
context_forcing,0,431,a purple bird,,,,,,,,,,,0.35814860426929396,,,,,,,,,
context_forcing,0,432,a pink bird,,,,,,,,,,,0.3194444444444445,,,,,,,,,
context_forcing,0,433,a black bird,,,,,,,,,,,0.7640120145554927,,,,,,,,,
context_forcing,0,434,a white bird,,,,,,,,,,,0.8218055555555556,,,,,,,,,
context_forcing,0,435,a black cat,,,,,,,,,,,0.9083333333333333,,,,,,,,,
context_forcing,0,436,a white cat,,,,,,,,,,,1.0,,,,,,,,,
context_forcing,0,437,an orange cat,,,,,,,,,,,1.0,,,,,,,,,
context_forcing,0,438,a yellow cat,,,,,,,,,,,0.3333333333333333,,,,,,,,,
context_forcing,0,439,a red umbrella,,,,,,,,,,,1.0,,,,,,,,,
context_forcing,0,440,a green umbrella,,,,,,,,,,,0.48486111111111113,,,,,,,,,
context_forcing,0,441,a blue umbrella,,,,,,,,,,,0.5702511377511378,,,,,,,,,
context_forcing,0,442,a yellow umbrella,,,,,,,,,,,0.7843055555555556,,,,,,,,,
context_forcing,0,443,an orange umbrella,,,,,,,,,,,0.5397685185185185,,,,,,,,,
context_forcing,0,444,a purple umbrella,,,,,,,,,,,0.7161816578483247,,,,,,,,,
context_forcing,0,445,a pink umbrella,,,,,,,,,,,1.0,,,,,,,,,
context_forcing,0,446,a black umbrella,,,,,,,,,,,0.5441999092861162,,,,,,,,,
context_forcing,0,447,a white umbrella,,,,,,,,,,,0.8014880952380953,,,,,,,,,
context_forcing,0,448,a red suitcase,,,,,,,,,,,1.0,,,,,,,,,
context_forcing,0,449,a green suitcase,,,,,,,,,,,1.0,,,,,,,,,
context_forcing,0,450,a blue suitcase,,,,,,,,,,,1.0,,,,,,,,,
context_forcing,0,451,a yellow suitcase,,,,,,,,,,,1.0,,,,,,,,,
context_forcing,0,452,an orange suitcase,,,,,,,,,,,1.0,,,,,,,,,
context_forcing,0,453,a purple suitcase,,,,,,,,,,,0.39375,,,,,,,,,
context_forcing,0,454,a pink suitcase,,,,,,,,,,,1.0,,,,,,,,,
context_forcing,0,455,a black suitcase,,,,,,,,,,,1.0,,,,,,,,,
context_forcing,0,456,a white suitcase,,,,,,,,,,,,,,,,,,,,
context_forcing,0,457,a red bowl,,,,,,,,,,,1.0,,,,,,,,,
context_forcing,0,458,a green bowl,,,,,,,,,,,1.0,,,,,,,,,
context_forcing,0,459,a blue bowl,,,,,,,,,,,1.0,,,,,,,,,
context_forcing,0,460,a yellow bowl,,,,,,,,,,,1.0,,,,,,,,,
context_forcing,0,461,an orange bowl,,,,,,,,,,,0.975,,,,,,,,,
context_forcing,0,462,a purple bowl,,,,,,,,,,,0.74375,,,,,,,,,
context_forcing,0,463,a pink bowl,,,,,,,,,,,1.0,,,,,,,,,
context_forcing,0,464,a black bowl,,,,,,,,,,,0.041666666666666664,,,,,,,,,
context_forcing,0,465,a white bowl,,,,,,,,,,,1.0,,,,,,,,,
context_forcing,0,466,a red chair,,,,,,,,,,,1.0,,,,,,,,,
context_forcing,0,467,a green chair,,,,,,,,,,,,,,,,,,,,
context_forcing,0,468,a blue chair,,,,,,,,,,,1.0,,,,,,,,,
context_forcing,0,469,a yellow chair,,,,,,,,,,,0.9354166666666667,,,,,,,,,
context_forcing,0,470,an orange chair,,,,,,,,,,,0.51873778998779,,,,,,,,,
context_forcing,0,471,a purple chair,,,,,,,,,,,1.0,,,,,,,,,
context_forcing,0,472,a pink chair,,,,,,,,,,,1.0,,,,,,,,,
context_forcing,0,473,a black chair,,,,,,,,,,,0.11041666666666666,,,,,,,,,
context_forcing,0,474,a white chair,,,,,,,,,,,1.0,,,,,,,,,
context_forcing,0,475,a red clock,,,,,,,,,,,0.8020833333333334,,,,,,,,,
context_forcing,0,476,a green clock,,,,,,,,,,,1.0,,,,,,,,,
context_forcing,0,477,a blue clock,,,,,,,,,,,1.0,,,,,,,,,
context_forcing,0,478,a yellow clock,,,,,,,,,,,0.9206867206867207,,,,,,,,,
context_forcing,0,479,an orange clock,,,,,,,,,,,0.9895833333333334,,,,,,,,,
context_forcing,0,480,a purple clock,,,,,,,,,,,0.11041666666666666,,,,,,,,,
context_forcing,0,481,a pink clock,,,,,,,,,,,1.0,,,,,,,,,
context_forcing,0,482,a black clock,,,,,,,,,,,0.94375,,,,,,,,,
context_forcing,0,483,a white clock,,,,,,,,,,,0.9056547619047619,,,,,,,,,
context_forcing,0,484,a red vase,,,,,,,,,,,1.0,,,,,,,,,
context_forcing,0,485,a green vase,,,,,,,,,,,1.0,,,,,,,,,
context_forcing,0,486,a blue vase,,,,,,,,,,,1.0,,,,,,,,,
context_forcing,0,487,a yellow vase,,,,,,,,,,,0.8708333333333333,,,,,,,,,
context_forcing,0,488,an orange vase,,,,,,,,,,,1.0,,,,,,,,,
context_forcing,0,489,a purple vase,,,,,,,,,,,1.0,,,,,,,,,
context_forcing,0,490,a pink vase,,,,,,,,,,,1.0,,,,,,,,,
context_forcing,0,491,a black vase,,,,,,,,,,,0.9895833333333334,,,,,,,,,
context_forcing,0,492,a white vase,,,,,,,,,,,1.0,,,,,,,,,
context_forcing,0,493,"A beautiful coastal beach in spring, waves lapping on sand, Van Gogh style",,,,,,,,,,,,,,0.210517578125,,,,,,
context_forcing,0,494,"A beautiful coastal beach in spring, waves lapping on sand, oil painting",,,,,,,,,,,,,,0.23364843749999997,,,,,,
context_forcing,0,495,"A beautiful coastal beach in spring, waves lapping on sand by Hokusai, in the style of Ukiyo",,,,,,,,,,,,,,0.24852164713541666,,,,,,
context_forcing,0,496,"A beautiful coastal beach in spring, waves lapping on sand, black and white",,,,,,,,,,,,,,0.17995743815104165,,,,,,
context_forcing,0,497,"A beautiful coastal beach in spring, waves lapping on sand, pixel art",,,,,,,,,,,,,,0.28187939453125,,,,,,
context_forcing,0,498,"A beautiful coastal beach in spring, waves lapping on sand, in cyberpunk style",,,,,,,,,,,,,,0.23462060546875002,,,,,,
context_forcing,0,499,"A beautiful coastal beach in spring, waves lapping on sand, animated style",,,,,,,,,,,,,,0.24351790364583334,,,,,,
context_forcing,0,500,"A beautiful coastal beach in spring, waves lapping on sand, watercolor painting",,,,,,,,,,,,,,0.22027685546875,,,,,,
context_forcing,0,501,"A beautiful coastal beach in spring, waves lapping on sand, surrealism style",,,,,,,,,,,,,,0.2550349934895833,,,,,,
context_forcing,0,502,"The bund Shanghai, Van Gogh style",,,,,,,,,,,,,,0.15451220703125,,,,,,
context_forcing,0,503,"The bund Shanghai, oil painting",,,,,,,,,,,,,,0.20229638671875003,,,,,,
context_forcing,0,504,"The bund Shanghai by Hokusai, in the style of Ukiyo",,,,,,,,,,,,,,0.25713671875000005,,,,,,
context_forcing,0,505,"The bund Shanghai, black and white",,,,,,,,,,,,,,0.20576888020833328,,,,,,
context_forcing,0,506,"The bund Shanghai, pixel art",,,,,,,,,,,,,,0.20621223958333335,,,,,,
context_forcing,0,507,"The bund Shanghai, in cyberpunk style",,,,,,,,,,,,,,0.22381640625000004,,,,,,
context_forcing,0,508,"The bund Shanghai, animated style",,,,,,,,,,,,,,0.22944547526041664,,,,,,
context_forcing,0,509,"The bund Shanghai, watercolor painting",,,,,,,,,,,,,,0.19882470703125,,,,,,
context_forcing,0,510,"The bund Shanghai, surrealism style",,,,,,,,,,,,,,0.2348463541666667,,,,,,
context_forcing,0,511,"a shark is swimming in the ocean, Van Gogh style",,,,,,,,,,,,,,0.17349283854166664,,,,,,
context_forcing,0,512,"a shark is swimming in the ocean, oil painting",,,,,,,,,,,,,,0.2113427734375,,,,,,
context_forcing,0,513,"a shark is swimming in the ocean by Hokusai, in the style of Ukiyo",,,,,,,,,,,,,,0.19521256510416665,,,,,,
context_forcing,0,514,"a shark is swimming in the ocean, black and white",,,,,,,,,,,,,,0.18320003255208334,,,,,,
context_forcing,0,515,"a shark is swimming in the ocean, pixel art",,,,,,,,,,,,,,0.21071435546874998,,,,,,
context_forcing,0,516,"a shark is swimming in the ocean, in cyberpunk style",,,,,,,,,,,,,,0.2031642252604167,,,,,,
context_forcing,0,517,"a shark is swimming in the ocean, animated style",,,,,,,,,,,,,,0.22795475260416664,,,,,,
context_forcing,0,518,"a shark is swimming in the ocean, watercolor painting",,,,,,,,,,,,,,0.2140929361979166,,,,,,
context_forcing,0,519,"a shark is swimming in the ocean, surrealism style",,,,,,,,,,,,,,0.22307373046875006,,,,,,
context_forcing,0,520,"A panda drinking coffee in a cafe in Paris, Van Gogh style",,,,,,,,,,,,,,0.15653670247395837,,,,,,
context_forcing,0,521,"A panda drinking coffee in a cafe in Paris, oil painting",,,,,,,,,,,,,,0.21133756510416665,,,,,,
context_forcing,0,522,"A panda drinking coffee in a cafe in Paris by Hokusai, in the style of Ukiyo",,,,,,,,,,,,,,0.20275472005208336,,,,,,
context_forcing,0,523,"A panda drinking coffee in a cafe in Paris, black and white",,,,,,,,,,,,,,0.21526367187500003,,,,,,
context_forcing,0,524,"A panda drinking coffee in a cafe in Paris, pixel art",,,,,,,,,,,,,,0.20004182942708332,,,,,,
context_forcing,0,525,"A panda drinking coffee in a cafe in Paris, in cyberpunk style",,,,,,,,,,,,,,0.19725895182291667,,,,,,
context_forcing,0,526,"A panda drinking coffee in a cafe in Paris, animated style",,,,,,,,,,,,,,0.23500797526041667,,,,,,
context_forcing,0,527,"A panda drinking coffee in a cafe in Paris, watercolor painting",,,,,,,,,,,,,,0.21115934244791665,,,,,,
context_forcing,0,528,"A panda drinking coffee in a cafe in Paris, surrealism style",,,,,,,,,,,,,,0.22939925130208333,,,,,,
context_forcing,0,529,"A cute happy Corgi playing in park, sunset, Van Gogh style",,,,,,,,,,,,,,0.20195092773437498,,,,,,
context_forcing,0,530,"A cute happy Corgi playing in park, sunset, oil painting",,,,,,,,,,,,,,0.21279329427083335,,,,,,
context_forcing,0,531,"A cute happy Corgi playing in park, sunset by Hokusai, in the style of Ukiyo",,,,,,,,,,,,,,0.18443652343749997,,,,,,
context_forcing,0,532,"A cute happy Corgi playing in park, sunset, black and white",,,,,,,,,,,,,,0.17804256184895834,,,,,,
context_forcing,0,533,"A cute happy Corgi playing in park, sunset, pixel art",,,,,,,,,,,,,,0.19524169921874998,,,,,,
context_forcing,0,534,"A cute happy Corgi playing in park, sunset, in cyberpunk style",,,,,,,,,,,,,,0.20585172526041667,,,,,,
context_forcing,0,535,"A cute happy Corgi playing in park, sunset, animated style",,,,,,,,,,,,,,0.24045865885416665,,,,,,
context_forcing,0,536,"A cute happy Corgi playing in park, sunset, watercolor painting",,,,,,,,,,,,,,0.22221402994791667,,,,,,
context_forcing,0,537,"A cute happy Corgi playing in park, sunset, surrealism style",,,,,,,,,,,,,,0.22265999348958335,,,,,,
context_forcing,0,538,"Gwen Stacy reading a book, Van Gogh style",,,,,,,,,,,,,,0.18672184244791665,,,,,,
context_forcing,0,539,"Gwen Stacy reading a book, oil painting",,,,,,,,,,,,,,0.21120475260416668,,,,,,
context_forcing,0,540,"Gwen Stacy reading a book by Hokusai, in the style of Ukiyo",,,,,,,,,,,,,,0.22727750651041664,,,,,,
context_forcing,0,541,"Gwen Stacy reading a book, black and white",,,,,,,,,,,,,,0.19931168619791664,,,,,,
context_forcing,0,542,"Gwen Stacy reading a book, pixel art",,,,,,,,,,,,,,0.21519628906250002,,,,,,
context_forcing,0,543,"Gwen Stacy reading a book, in cyberpunk style",,,,,,,,,,,,,,0.23430468749999997,,,,,,
context_forcing,0,544,"Gwen Stacy reading a book, animated style",,,,,,,,,,,,,,0.25325732421875,,,,,,
context_forcing,0,545,"Gwen Stacy reading a book, watercolor painting",,,,,,,,,,,,,,0.21638671874999998,,,,,,
context_forcing,0,546,"Gwen Stacy reading a book, surrealism style",,,,,,,,,,,,,,0.22065901692708334,,,,,,
context_forcing,0,547,"A boat sailing leisurely along the Seine River with the Eiffel Tower in background, Van Gogh style",,,,,,,,,,,,,,0.22832210286458332,,,,,,
context_forcing,0,548,"A boat sailing leisurely along the Seine River with the Eiffel Tower in background, oil painting",,,,,,,,,,,,,,0.21209993489583331,,,,,,
context_forcing,0,549,"A boat sailing leisurely along the Seine River with the Eiffel Tower in background by Hokusai, in the style of Ukiyo",,,,,,,,,,,,,,0.14938793945312503,,,,,,
context_forcing,0,550,"A boat sailing leisurely along the Seine River with the Eiffel Tower in background, black and white",,,,,,,,,,,,,,0.16122542317708335,,,,,,
context_forcing,0,551,"A boat sailing leisurely along the Seine River with the Eiffel Tower in background, pixel art",,,,,,,,,,,,,,0.22070784505208335,,,,,,
context_forcing,0,552,"A boat sailing leisurely along the Seine River with the Eiffel Tower in background, in cyberpunk style",,,,,,,,,,,,,,0.2245294596354167,,,,,,
context_forcing,0,553,"A boat sailing leisurely along the Seine River with the Eiffel Tower in background, animated style",,,,,,,,,,,,,,0.21399007161458333,,,,,,
context_forcing,0,554,"A boat sailing leisurely along the Seine River with the Eiffel Tower in background, watercolor painting",,,,,,,,,,,,,,0.23631038411458333,,,,,,
context_forcing,0,555,"A boat sailing leisurely along the Seine River with the Eiffel Tower in background, surrealism style",,,,,,,,,,,,,,0.24652197265624992,,,,,,
context_forcing,0,556,"A couple in formal evening wear going home get caught in a heavy downpour with umbrellas, Van Gogh style",,,,,,,,,,,,,,0.17866780598958334,,,,,,
context_forcing,0,557,"A couple in formal evening wear going home get caught in a heavy downpour with umbrellas, oil painting",,,,,,,,,,,,,,0.20922477213541665,,,,,,
context_forcing,0,558,"A couple in formal evening wear going home get caught in a heavy downpour with umbrellas by Hokusai, in the style of Ukiyo",,,,,,,,,,,,,,0.136029541015625,,,,,,
context_forcing,0,559,"A couple in formal evening wear going home get caught in a heavy downpour with umbrellas, black and white",,,,,,,,,,,,,,0.17778255208333335,,,,,,
context_forcing,0,560,"A couple in formal evening wear going home get caught in a heavy downpour with umbrellas, pixel art",,,,,,,,,,,,,,0.1904288736979167,,,,,,
context_forcing,0,561,"A couple in formal evening wear going home get caught in a heavy downpour with umbrellas, in cyberpunk style",,,,,,,,,,,,,,0.1884441731770833,,,,,,
context_forcing,0,562,"A couple in formal evening wear going home get caught in a heavy downpour with umbrellas, animated style",,,,,,,,,,,,,,0.2442277018229167,,,,,,
context_forcing,0,563,"A couple in formal evening wear going home get caught in a heavy downpour with umbrellas, watercolor painting",,,,,,,,,,,,,,0.22421207682291666,,,,,,
context_forcing,0,564,"A couple in formal evening wear going home get caught in a heavy downpour with umbrellas, surrealism style",,,,,,,,,,,,,,0.21555305989583332,,,,,,
context_forcing,0,565,"An astronaut flying in space, Van Gogh style",,,,,,,,,,,,,,0.18401375325520833,,,,,,
context_forcing,0,566,"An astronaut flying in space, oil painting",,,,,,,,,,,,,,0.17374658203124996,,,,,,
context_forcing,0,567,"An astronaut flying in space by Hokusai, in the style of Ukiyo",,,,,,,,,,,,,,0.1592103678385417,,,,,,
context_forcing,0,568,"An astronaut flying in space, black and white",,,,,,,,,,,,,,0.17952490234375004,,,,,,
context_forcing,0,569,"An astronaut flying in space, pixel art",,,,,,,,,,,,,,0.21723795572916668,,,,,,
context_forcing,0,570,"An astronaut flying in space, in cyberpunk style",,,,,,,,,,,,,,0.2078642578125,,,,,,
context_forcing,0,571,"An astronaut flying in space, animated style",,,,,,,,,,,,,,0.24261735026041667,,,,,,
context_forcing,0,572,"An astronaut flying in space, watercolor painting",,,,,,,,,,,,,,0.1825139973958333,,,,,,
context_forcing,0,573,"An astronaut flying in space, surrealism style",,,,,,,,,,,,,,0.2162569986979167,,,,,,
context_forcing,0,574,"Snow rocky mountains peaks canyon. snow blanketed rocky mountains surround and shadow deep canyons. the canyons twist and bend through the high elevated mountain peaks, Van Gogh style",,,,,,,,,,,,,,0.22439762369791666,,,,,,
context_forcing,0,575,"Snow rocky mountains peaks canyon. snow blanketed rocky mountains surround and shadow deep canyons. the canyons twist and bend through the high elevated mountain peaks, oil painting",,,,,,,,,,,,,,0.20022265625,,,,,,
context_forcing,0,576,"Snow rocky mountains peaks canyon. snow blanketed rocky mountains surround and shadow deep canyons. the canyons twist and bend through the high elevated mountain peaks by Hokusai, in the style of Ukiyo",,,,,,,,,,,,,,0.189539794921875,,,,,,
context_forcing,0,577,"Snow rocky mountains peaks canyon. snow blanketed rocky mountains surround and shadow deep canyons. the canyons twist and bend through the high elevated mountain peaks, black and white",,,,,,,,,,,,,,0.18483276367187498,,,,,,
context_forcing,0,578,"Snow rocky mountains peaks canyon. snow blanketed rocky mountains surround and shadow deep canyons. the canyons twist and bend through the high elevated mountain peaks, pixel art",,,,,,,,,,,,,,0.19261092122395834,,,,,,
context_forcing,0,579,"Snow rocky mountains peaks canyon. snow blanketed rocky mountains surround and shadow deep canyons. the canyons twist and bend through the high elevated mountain peaks, in cyberpunk style",,,,,,,,,,,,,,0.19300236002604165,,,,,,
context_forcing,0,580,"Snow rocky mountains peaks canyon. snow blanketed rocky mountains surround and shadow deep canyons. the canyons twist and bend through the high elevated mountain peaks, animated style",,,,,,,,,,,,,,0.22313216145833337,,,,,,
context_forcing,0,581,"Snow rocky mountains peaks canyon. snow blanketed rocky mountains surround and shadow deep canyons. the canyons twist and bend through the high elevated mountain peaks, watercolor painting",,,,,,,,,,,,,,0.20476440429687504,,,,,,
context_forcing,0,582,"Snow rocky mountains peaks canyon. snow blanketed rocky mountains surround and shadow deep canyons. the canyons twist and bend through the high elevated mountain peaks, surrealism style",,,,,,,,,,,,,,0.23645117187500003,,,,,,
context_forcing,0,583,"A beautiful coastal beach in spring, waves lapping on sand, in super slow motion",,,,,,,,,,,,,,,0.10551344975829124,,,,,
context_forcing,0,584,"A beautiful coastal beach in spring, waves lapping on sand, zoom in",,,,,,,,,,,,,,,0.10522647574543953,,,,,
context_forcing,0,585,"A beautiful coastal beach in spring, waves lapping on sand, zoom out",,,,,,,,,,,,,,,0.1571979969739914,,,,,
context_forcing,0,586,"A beautiful coastal beach in spring, waves lapping on sand, pan left",,,,,,,,,,,,,,,0.14445533603429794,,,,,
context_forcing,0,587,"A beautiful coastal beach in spring, waves lapping on sand, pan right",,,,,,,,,,,,,,,0.19941491385300955,,,,,
context_forcing,0,588,"A beautiful coastal beach in spring, waves lapping on sand, tilt up",,,,,,,,,,,,,,,0.20680908362070718,,,,,
context_forcing,0,589,"A beautiful coastal beach in spring, waves lapping on sand, tilt down",,,,,,,,,,,,,,,0.09596732382973035,,,,,
context_forcing,0,590,"A beautiful coastal beach in spring, waves lapping on sand, with an intense shaking effect",,,,,,,,,,,,,,,0.11973160629471143,,,,,
context_forcing,0,591,"A beautiful coastal beach in spring, waves lapping on sand, featuring a steady and smooth perspective",,,,,,,,,,,,,,,0.10989433526992798,,,,,
context_forcing,0,592,"A beautiful coastal beach in spring, waves lapping on sand, racking focus",,,,,,,,,,,,,,,0.14014781266450882,,,,,
context_forcing,0,593,"The bund Shanghai, in super slow motion",,,,,,,,,,,,,,,0.185208298265934,,,,,
context_forcing,0,594,"The bund Shanghai, zoom in",,,,,,,,,,,,,,,0.2404837409655253,,,,,
context_forcing,0,595,"The bund Shanghai, zoom out",,,,,,,,,,,,,,,0.21376241246859232,,,,,
context_forcing,0,596,"The bund Shanghai, pan left",,,,,,,,,,,,,,,0.19033691783746085,,,,,
context_forcing,0,597,"The bund Shanghai, pan right",,,,,,,,,,,,,,,0.23025510956843695,,,,,
context_forcing,0,598,"The bund Shanghai, tilt up",,,,,,,,,,,,,,,0.2337180276711782,,,,,
context_forcing,0,599,"The bund Shanghai, tilt down",,,,,,,,,,,,,,,0.2198373501499494,,,,,
context_forcing,0,600,"The bund Shanghai, with an intense shaking effect",,,,,,,,,,,,,,,0.20224490265051523,,,,,
context_forcing,0,601,"The bund Shanghai, featuring a steady and smooth perspective",,,,,,,,,,,,,,,0.23696463306744894,,,,,
context_forcing,0,602,"The bund Shanghai, racking focus",,,,,,,,,,,,,,,0.20233735690514246,,,,,
context_forcing,0,603,"a shark is swimming in the ocean, in super slow motion",,,,,,,,,,,,,,,0.18070273101329803,,,,,
context_forcing,0,604,"a shark is swimming in the ocean, zoom in",,,,,,,,,,,,,,,0.18264423807462057,,,,,
context_forcing,0,605,"a shark is swimming in the ocean, zoom out",,,,,,,,,,,,,,,0.17687178403139114,,,,,
context_forcing,0,606,"a shark is swimming in the ocean, pan left",,,,,,,,,,,,,,,0.1623322789867719,,,,,
context_forcing,0,607,"a shark is swimming in the ocean, pan right",,,,,,,,,,,,,,,0.1701154261827469,,,,,
context_forcing,0,608,"a shark is swimming in the ocean, tilt up",,,,,,,,,,,,,,,0.16383245587348938,,,,,
context_forcing,0,609,"a shark is swimming in the ocean, tilt down",,,,,,,,,,,,,,,0.1599860886732737,,,,,
context_forcing,0,610,"a shark is swimming in the ocean, with an intense shaking effect",,,,,,,,,,,,,,,0.19468121727307638,,,,,
context_forcing,0,611,"a shark is swimming in the ocean, featuring a steady and smooth perspective",,,,,,,,,,,,,,,0.1892388810714086,,,,,
context_forcing,0,612,"a shark is swimming in the ocean, racking focus",,,,,,,,,,,,,,,0.18694038689136505,,,,,
context_forcing,0,613,"A panda drinking coffee in a cafe in Paris, in super slow motion",,,,,,,,,,,,,,,0.25711647669474286,,,,,
context_forcing,0,614,"A panda drinking coffee in a cafe in Paris, zoom in",,,,,,,,,,,,,,,0.2574813986817996,,,,,
context_forcing,0,615,"A panda drinking coffee in a cafe in Paris, zoom out",,,,,,,,,,,,,,,0.27832699318726856,,,,,
context_forcing,0,616,"A panda drinking coffee in a cafe in Paris, pan left",,,,,,,,,,,,,,,0.24885532011588415,,,,,
context_forcing,0,617,"A panda drinking coffee in a cafe in Paris, pan right",,,,,,,,,,,,,,,0.2385608305533727,,,,,
context_forcing,0,618,"A panda drinking coffee in a cafe in Paris, tilt up",,,,,,,,,,,,,,,0.2614653209845225,,,,,
context_forcing,0,619,"A panda drinking coffee in a cafe in Paris, tilt down",,,,,,,,,,,,,,,0.3190973699092865,,,,,
context_forcing,0,620,"A panda drinking coffee in a cafe in Paris, with an intense shaking effect",,,,,,,,,,,,,,,0.26243094106515247,,,,,
context_forcing,0,621,"A panda drinking coffee in a cafe in Paris, featuring a steady and smooth perspective",,,,,,,,,,,,,,,0.2457313189903895,,,,,
context_forcing,0,622,"A panda drinking coffee in a cafe in Paris, racking focus",,,,,,,,,,,,,,,0.24608407666285834,,,,,
context_forcing,0,623,"A cute happy Corgi playing in park, sunset, in super slow motion",,,,,,,,,,,,,,,0.3166990429162979,,,,,
context_forcing,0,624,"A cute happy Corgi playing in park, sunset, zoom in",,,,,,,,,,,,,,,0.26610512286424637,,,,,
context_forcing,0,625,"A cute happy Corgi playing in park, sunset, zoom out",,,,,,,,,,,,,,,0.288264865676562,,,,,
context_forcing,0,626,"A cute happy Corgi playing in park, sunset, pan left",,,,,,,,,,,,,,,0.2505365237593651,,,,,
context_forcing,0,627,"A cute happy Corgi playing in park, sunset, pan right",,,,,,,,,,,,,,,0.2937127848466237,,,,,
context_forcing,0,628,"A cute happy Corgi playing in park, sunset, tilt up",,,,,,,,,,,,,,,0.310477281610171,,,,,
context_forcing,0,629,"A cute happy Corgi playing in park, sunset, tilt down",,,,,,,,,,,,,,,0.24848860750595728,,,,,
context_forcing,0,630,"A cute happy Corgi playing in park, sunset, with an intense shaking effect",,,,,,,,,,,,,,,0.2688702618082364,,,,,
context_forcing,0,631,"A cute happy Corgi playing in park, sunset, featuring a steady and smooth perspective",,,,,,,,,,,,,,,0.28508242468039197,,,,,
context_forcing,0,632,"A cute happy Corgi playing in park, sunset, racking focus",,,,,,,,,,,,,,,0.3273184895515442,,,,,
context_forcing,0,633,"Gwen Stacy reading a book, in super slow motion",,,,,,,,,,,,,,,0.2878424773613612,,,,,
context_forcing,0,634,"Gwen Stacy reading a book, zoom in",,,,,,,,,,,,,,,0.2998923162619273,,,,,
context_forcing,0,635,"Gwen Stacy reading a book, zoom out",,,,,,,,,,,,,,,0.19150053213040033,,,,,
context_forcing,0,636,"Gwen Stacy reading a book, pan left",,,,,,,,,,,,,,,0.245481309791406,,,,,
context_forcing,0,637,"Gwen Stacy reading a book, pan right",,,,,,,,,,,,,,,0.237895039220651,,,,,
context_forcing,0,638,"Gwen Stacy reading a book, tilt up",,,,,,,,,,,,,,,0.22631844878196716,,,,,
context_forcing,0,639,"Gwen Stacy reading a book, tilt down",,,,,,,,,,,,,,,0.19220691422621408,,,,,
context_forcing,0,640,"Gwen Stacy reading a book, with an intense shaking effect",,,,,,,,,,,,,,,0.27541157106558484,,,,,
context_forcing,0,641,"Gwen Stacy reading a book, featuring a steady and smooth perspective",,,,,,,,,,,,,,,0.27861689527829486,,,,,
context_forcing,0,642,"Gwen Stacy reading a book, racking focus",,,,,,,,,,,,,,,0.23341901352008185,,,,,
context_forcing,0,643,"A boat sailing leisurely along the Seine River with the Eiffel Tower in background, in super slow motion",,,,,,,,,,,,,,,0.23425996055205664,,,,,
context_forcing,0,644,"A boat sailing leisurely along the Seine River with the Eiffel Tower in background, zoom in",,,,,,,,,,,,,,,0.15592315047979355,,,,,
context_forcing,0,645,"A boat sailing leisurely along the Seine River with the Eiffel Tower in background, zoom out",,,,,,,,,,,,,,,0.10827567366262277,,,,,
context_forcing,0,646,"A boat sailing leisurely along the Seine River with the Eiffel Tower in background, pan left",,,,,,,,,,,,,,,0.1342548926671346,,,,,
context_forcing,0,647,"A boat sailing leisurely along the Seine River with the Eiffel Tower in background, pan right",,,,,,,,,,,,,,,0.13323229551315308,,,,,
context_forcing,0,648,"A boat sailing leisurely along the Seine River with the Eiffel Tower in background, tilt up",,,,,,,,,,,,,,,0.19601354002952576,,,,,
context_forcing,0,649,"A boat sailing leisurely along the Seine River with the Eiffel Tower in background, tilt down",,,,,,,,,,,,,,,0.11761194467544556,,,,,
context_forcing,0,650,"A boat sailing leisurely along the Seine River with the Eiffel Tower in background, with an intense shaking effect",,,,,,,,,,,,,,,0.1928190936644872,,,,,
context_forcing,0,651,"A boat sailing leisurely along the Seine River with the Eiffel Tower in background, featuring a steady and smooth perspective",,,,,,,,,,,,,,,0.17612061649560928,,,,,
context_forcing,0,652,"A boat sailing leisurely along the Seine River with the Eiffel Tower in background, racking focus",,,,,,,,,,,,,,,0.12167395402987798,,,,,
context_forcing,0,653,"A couple in formal evening wear going home get caught in a heavy downpour with umbrellas, in super slow motion",,,,,,,,,,,,,,,0.23861089597145715,,,,,
context_forcing,0,654,"A couple in formal evening wear going home get caught in a heavy downpour with umbrellas, zoom in",,,,,,,,,,,,,,,0.1759167139728864,,,,,
context_forcing,0,655,"A couple in formal evening wear going home get caught in a heavy downpour with umbrellas, zoom out",,,,,,,,,,,,,,,0.19433845579624176,,,,,
context_forcing,0,656,"A couple in formal evening wear going home get caught in a heavy downpour with umbrellas, pan left",,,,,,,,,,,,,,,0.2443810080488523,,,,,
context_forcing,0,657,"A couple in formal evening wear going home get caught in a heavy downpour with umbrellas, pan right",,,,,,,,,,,,,,,0.24648137390613556,,,,,
context_forcing,0,658,"A couple in formal evening wear going home get caught in a heavy downpour with umbrellas, tilt up",,,,,,,,,,,,,,,0.2520291283726692,,,,,
context_forcing,0,659,"A couple in formal evening wear going home get caught in a heavy downpour with umbrellas, tilt down",,,,,,,,,,,,,,,0.24393965552250543,,,,,
context_forcing,0,660,"A couple in formal evening wear going home get caught in a heavy downpour with umbrellas, with an intense shaking effect",,,,,,,,,,,,,,,0.22192412118117014,,,,,
context_forcing,0,661,"A couple in formal evening wear going home get caught in a heavy downpour with umbrellas, featuring a steady and smooth perspective",,,,,,,,,,,,,,,0.2598528613646825,,,,,
context_forcing,0,662,"A couple in formal evening wear going home get caught in a heavy downpour with umbrellas, racking focus",,,,,,,,,,,,,,,0.2454532285531362,,,,,
context_forcing,0,663,"An astronaut flying in space, in super slow motion",,,,,,,,,,,,,,,0.13067283357183138,,,,,
context_forcing,0,664,"An astronaut flying in space, zoom in",,,,,,,,,,,,,,,0.11548679694533348,,,,,
context_forcing,0,665,"An astronaut flying in space, zoom out",,,,,,,,,,,,,,,0.1612367331981659,,,,,
context_forcing,0,666,"An astronaut flying in space, pan left",,,,,,,,,,,,,,,0.12898547699054083,,,,,
context_forcing,0,667,"An astronaut flying in space, pan right",,,,,,,,,,,,,,,0.17753932873408,,,,,
context_forcing,0,668,"An astronaut flying in space, tilt up",,,,,,,,,,,,,,,0.18328049778938293,,,,,
context_forcing,0,669,"An astronaut flying in space, tilt down",,,,,,,,,,,,,,,0.16834781070550284,,,,,
context_forcing,0,670,"An astronaut flying in space, with an intense shaking effect",,,,,,,,,,,,,,,0.16304060816764832,,,,,
context_forcing,0,671,"An astronaut flying in space, featuring a steady and smooth perspective",,,,,,,,,,,,,,,0.16034991790850958,,,,,
context_forcing,0,672,"An astronaut flying in space, racking focus",,,,,,,,,,,,,,,0.1631772518157959,,,,,
context_forcing,0,673,"Snow rocky mountains peaks canyon. snow blanketed rocky mountains surround and shadow deep canyons. the canyons twist and bend through the high elevated mountain peaks, in super slow motion",,,,,,,,,,,,,,,0.21862769375244775,,,,,
context_forcing,0,674,"Snow rocky mountains peaks canyon. snow blanketed rocky mountains surround and shadow deep canyons. the canyons twist and bend through the high elevated mountain peaks, zoom in",,,,,,,,,,,,,,,0.23705302675565085,,,,,
context_forcing,0,675,"Snow rocky mountains peaks canyon. snow blanketed rocky mountains surround and shadow deep canyons. the canyons twist and bend through the high elevated mountain peaks, zoom out",,,,,,,,,,,,,,,0.20344345023234686,,,,,
context_forcing,0,676,"Snow rocky mountains peaks canyon. snow blanketed rocky mountains surround and shadow deep canyons. the canyons twist and bend through the high elevated mountain peaks, pan left",,,,,,,,,,,,,,,0.20894447714090347,,,,,
context_forcing,0,677,"Snow rocky mountains peaks canyon. snow blanketed rocky mountains surround and shadow deep canyons. the canyons twist and bend through the high elevated mountain peaks, pan right",,,,,,,,,,,,,,,0.21126447866360346,,,,,
context_forcing,0,678,"Snow rocky mountains peaks canyon. snow blanketed rocky mountains surround and shadow deep canyons. the canyons twist and bend through the high elevated mountain peaks, tilt up",,,,,,,,,,,,,,,0.22406107435623804,,,,,
context_forcing,0,679,"Snow rocky mountains peaks canyon. snow blanketed rocky mountains surround and shadow deep canyons. the canyons twist and bend through the high elevated mountain peaks, tilt down",,,,,,,,,,,,,,,0.21884114295244217,,,,,
context_forcing,0,680,"Snow rocky mountains peaks canyon. snow blanketed rocky mountains surround and shadow deep canyons. the canyons twist and bend through the high elevated mountain peaks, with an intense shaking effect",,,,,,,,,,,,,,,0.24964346239964166,,,,,
context_forcing,0,681,"Snow rocky mountains peaks canyon. snow blanketed rocky mountains surround and shadow deep canyons. the canyons twist and bend through the high elevated mountain peaks, featuring a steady and smooth perspective",,,,,,,,,,,,,,,0.17391185462474823,,,,,
context_forcing,0,682,"Snow rocky mountains peaks canyon. snow blanketed rocky mountains surround and shadow deep canyons. the canyons twist and bend through the high elevated mountain peaks, racking focus",,,,,,,,,,,,,,,0.19585766146580377,,,,,
context_forcing,0,683,Close up of grapes on a rotating table.,,,,,0.6110822955767313,0.7058581991593044,,,,,,,,,,0.21508455276489258,,,,
context_forcing,0,684,Turtle swimming in ocean.,,,,,0.6802047491073608,0.7727052516142529,,,,,,,,,,0.2479240670800209,,,,
context_forcing,0,685,A storm trooper vacuuming the beach.,,,,,0.6631809572378794,0.7127622561057408,,,,,,,,,,0.24608405927817026,,,,
context_forcing,0,686,A panda standing on a surfboard in the ocean in sunset.,,,,,0.6337433556715647,0.6767529162168503,,,,,,,,,,0.25447291880846024,,,,
context_forcing,0,687,"An astronaut feeding ducks on a sunny afternoon, reflection from the water.",,,,,0.6883691648642222,0.7751866066455841,,,,,,,,,,0.299245148897171,,,,
context_forcing,0,688,Two pandas discussing an academic paper.,,,,,0.5727870364983877,0.7767910067240398,,,,,,,,,,0.2431283767024676,,,,
context_forcing,0,689,Sunset time lapse at the beach with moving clouds and colors in the sky.,,,,,0.6748268405596415,0.5864419123331707,,,,,,,,,,0.12356650580962499,,,,
context_forcing,0,690,A fat rabbit wearing a purple robe walking through a fantasy landscape.,,,,,0.7200395961602529,0.7567370806535085,,,,,,,,,,0.24440927058458328,,,,
context_forcing,0,691,A koala bear playing piano in the forest.,,,,,0.7126782238483429,0.7349690333207448,,,,,,,,,,0.28684822221597034,,,,
context_forcing,0,692,An astronaut flying in space.,,,,,0.6668876806894938,0.7313784182071686,,,,,,,,,,0.14698774367570877,,,,
context_forcing,0,693,Fireworks.,,,,,0.703636089960734,0.5195803629159927,,,,,,,,,,0.20749502380688986,,,,
context_forcing,0,694,An animated painting of fluffy white clouds moving in sky.,,,,,0.5005173285802206,0.6387528654734295,,,,,,,,,,0.25735055406888324,,,,
context_forcing,0,695,Flying through fantasy landscapes.,,,,,0.6778615812460581,0.7187515716552735,,,,,,,,,,0.11648578320940335,,,,
context_forcing,0,696,A bigfoot walking in the snowstorm.,,,,,0.6425974071025848,0.5881615779002508,,,,,,,,,,0.11796252305308978,,,,
context_forcing,0,697,A squirrel eating a burger.,,,,,0.710470587015152,0.7260087464650472,,,,,,,,,,0.33798253039518994,,,,
context_forcing,0,698,A cat wearing sunglasses and working as a lifeguard at a pool.,,,,,0.668643722931544,0.7028911212285361,,,,,,,,,,0.28835131227970123,,,,
context_forcing,0,699,Snow rocky mountains peaks canyon. snow blanketed rocky mountains surround and shadow deep canyons. the canyons twist and bend through the high elevated mountain peaks.,,,,,0.6296536127726237,0.7010133246978124,,,,,,,,,,0.18923033525546393,,,,
context_forcing,0,700,"Splash of turquoise water in extreme slow motion, alpha channel included.",,,,,0.5649935404459635,0.6790394025246301,,,,,,,,,,0.1729526867469152,,,,
context_forcing,0,701,an ice cream is melting on the table.,,,,,0.5669368306795756,0.7519727957248689,,,,,,,,,,0.21336148182551065,,,,
context_forcing,0,702,a drone flying over a snowy forest.,,,,,0.7300469676653544,0.6516882226864497,,,,,,,,,,0.1484606315692266,,,,
context_forcing,0,703,a shark is swimming in the ocean.,,,,,0.6212566395600637,0.7324969630241395,,,,,,,,,,0.2029748260974884,,,,
context_forcing,0,704,Aerial panoramic video from a drone of a fantasy land.,,,,,0.5932754675547282,0.7338955443700154,,,,,,,,,,0.17676104605197906,,,,
context_forcing,0,705,a teddy bear is swimming in the ocean.,,,,,0.7377415498097738,0.7455610009034475,,,,,,,,,,0.2722928176323573,,,,
context_forcing,0,706,time lapse of sunrise on mars.,,,,,0.5917573273181915,0.6436623850663503,,,,,,,,,,0.17626758168141046,,,,
context_forcing,0,707,golden fish swimming in the ocean.,,,,,0.588655948638916,0.6061952979167303,,,,,,,,,,0.2490637848774592,,,,
context_forcing,0,708,An artist brush painting on a canvas close up.,,,,,0.39455893139044446,0.659451316833496,,,,,,,,,,0.23646139353513718,,,,
context_forcing,0,709,"A drone view of celebration with Christmas tree and fireworks, starry sky - background.",,,,,0.7017635107040405,0.5474246275424958,,,,,,,,,,0.1926476483543714,,,,
context_forcing,0,710,"happy dog wearing a yellow turtleneck, studio, portrait, facing camera, dark background",,,,,0.5798449615637461,0.6603378465970358,,,,,,,,,,0.274081215262413,,,,
context_forcing,0,711,"Origami dancers in white paper, 3D render, on white background, studio shot, dancing modern dance.",,,,,0.5898599127928416,0.7230873753229776,,,,,,,,,,0.28177373111248016,,,,
context_forcing,0,712,Campfire at night in a snowy forest with starry sky in the background.,,,,,0.7438022891680399,0.6251179635127384,,,,,,,,,,0.2572194387515386,,,,
context_forcing,0,713,a fantasy landscape,,,,,0.7484334607919058,0.6930033204158147,,,,,,,,,,0.2066259334484736,,,,
context_forcing,0,714,A 3D model of a 1800s victorian house.,,,,,0.6115763584772745,0.7970414778391519,,,,,,,,,,0.2164034123222033,,,,
context_forcing,0,715,this is how I do makeup in the morning.,,,,,0.5741499960422516,0.7861081136862437,,,,,,,,,,0.2233144516746203,,,,
context_forcing,0,716,"A raccoon that looks like a turtle, digital art.",,,,,0.6443968713283539,0.7486965534687041,,,,,,,,,,0.1693210850159327,,,,
context_forcing,0,717,Robot dancing in Times Square.,,,,,0.7946131726106008,0.6158695793946584,,,,,,,,,,0.24250346422195435,,,,
context_forcing,0,718,Busy freeway at night.,,,,,0.5920997560024261,0.5588073244094849,,,,,,,,,,0.22442571818828583,,,,
context_forcing,0,719,Balloon full of water exploding in extreme slow motion.,,,,,0.5536868174870809,0.7039832316239675,,,,,,,,,,0.18442837645610174,,,,
context_forcing,0,720,An astronaut is riding a horse in the space in a photorealistic style.,,,,,0.6681756476561228,0.6654147880474727,,,,,,,,,,0.30980350573857623,,,,
context_forcing,0,721,Macro slo-mo. Slow motion cropped closeup of roasted coffee beans falling into an empty bowl.,,,,,0.5959655741850535,0.6964067825873693,,,,,,,,,,0.2652212530374527,,,,
context_forcing,0,722,"Sewing machine, old sewing machine working.",,,,,0.731164962053299,0.7570384745597839,,,,,,,,,,0.18196659783522287,,,,
context_forcing,0,723,"Motion colour drop in water, ink swirling in water, colourful ink in water, abstraction fancy dream cloud of ink.",,,,,0.6009568373362223,0.38933478007713956,,,,,,,,,,0.2530102456609408,,,,
context_forcing,0,724,Few big purple plums rotating on the turntable. water drops appear on the skin during rotation. isolated on the white background. close-up. macro.,,,,,0.6064935227235159,0.6598055067857107,,,,,,,,,,0.2644474407037099,,,,
context_forcing,0,725,"Vampire makeup face of beautiful girl, red contact lenses.",,,,,0.6503693163394928,0.7288315188884735,,,,,,,,,,0.20837818334499994,,,,
context_forcing,0,726,"Ashtray full of butts on table, smoke flowing on black background, close-up",,,,,0.6009853283564249,0.7353709042867025,,,,,,,,,,0.2896480957667033,,,,
context_forcing,0,727,"Pacific coast, carmel by the sea ocean and waves.",,,,,0.6340574324131012,0.7413404111067453,,,,,,,,,,0.0952253391345342,,,,
context_forcing,0,728,A teddy bear is playing drum kit in NYC Times Square.,,,,,0.7646466890970866,0.7241847012837727,,,,,,,,,,0.3241482426722844,,,,
context_forcing,0,729,A corgi is playing drum kit.,,,,,0.6730732719103495,0.6685595945119857,,,,,,,,,,0.3104504644870758,,,,
context_forcing,0,730,"An Iron man is playing the electronic guitar, high electronic guitar.",,,,,0.6843911012013754,0.7337289572954178,,,,,,,,,,0.31522278984387714,,,,
context_forcing,0,731,A raccoon is playing the electronic guitar.,,,,,0.6948749919732412,0.7009204554160435,,,,,,,,,,0.33521872262159985,,,,
context_forcing,0,732,A boat sailing leisurely along the Seine River with the Eiffel Tower in background by Vincent van Gogh,,,,,0.7187017599741617,0.7522913096745808,,,,,,,,,,0.23814531912406287,,,,
context_forcing,0,733,A corgi's head depicted as an explosion of a nebula,,,,,0.7363124787807465,0.6468521444002787,,,,,,,,,,0.3104483385880788,,,,
context_forcing,0,734,A fantasy landscape,,,,,0.7285948395729065,0.5963064501285553,,,,,,,,,,0.20714333405097327,,,,
context_forcing,0,735,A future where humans have achieved teleportation technology,,,,,0.768575112024943,0.6599511210123697,,,,,,,,,,0.19234207769234976,,,,
context_forcing,0,736,"A jellyfish floating through the ocean, with bioluminescent tentacles",,,,,0.6176040867964426,0.7383868989944458,,,,,,,,,,0.2435984139641126,,,,
context_forcing,0,737,A Mars rover moving on Mars,,,,,0.5776519874731699,0.7339967156251271,,,,,,,,,,0.24441775927941004,,,,
context_forcing,0,738,A panda drinking coffee in a cafe in Paris,,,,,0.7367832958698273,0.7317030423482259,,,,,,,,,,0.2641984124978383,,,,
context_forcing,0,739,"A space shuttle launching into orbit, with flames and smoke billowing out from the engines",,,,,0.597551703453064,0.6569877040386201,,,,,,,,,,0.25434548407793045,,,,
context_forcing,0,740,A steam train moving on a mountainside,,,,,0.6164367000261942,0.6963467696110407,,,,,,,,,,0.21217272182305655,,,,
context_forcing,0,741,A super cool giant robot in Cyberpunk Beijing,,,,,0.6926159163316091,0.6710229503313702,,,,,,,,,,0.18322273095448813,,,,
context_forcing,0,742,"A tropical beach at sunrise, with palm trees and crystal-clear water in the foreground",,,,,0.710140198469162,0.5584612583716709,,,,,,,,,,0.25829125195741653,,,,
context_forcing,0,743,"Cinematic shot of Van Gogh's selfie, Van Gogh style",,,,,0.552440325419108,0.6994571143388747,,,,,,,,,,0.17548584441343942,,,,
context_forcing,0,744,Gwen Stacy reading a book,,,,,0.6636162300904592,0.6899004854361216,,,,,,,,,,0.19892230878273645,,,,
context_forcing,0,745,Iron Man flying in the sky,,,,,0.6104827423890432,0.7483987181981404,,,,,,,,,,0.29663225015004474,,,,
context_forcing,0,746,"The bund Shanghai, oil painting",,,,,0.6215888063112894,0.7533249932130177,,,,,,,,,,0.22586488972107568,,,,
context_forcing,0,747,Yoda playing guitar on the stage,,,,,0.7439844608306885,0.6973372421264648,,,,,,,,,,0.28960151473681134,,,,
context_forcing,0,748,"A beautiful coastal beach in spring, waves lapping on sand by Hokusai, in the style of Ukiyo",,,,,0.7689097424348196,0.7812807262738546,,,,,,,,,,0.22180795669555664,,,,
context_forcing,0,749,"A beautiful coastal beach in spring, waves lapping on sand by Vincent van Gogh",,,,,0.8704762856165568,0.673372293273608,,,,,,,,,,0.08673945938547452,,,,
context_forcing,0,750,A boat sailing leisurely along the Seine River with the Eiffel Tower in background,,,,,0.6632114350795746,0.7229840172926586,,,,,,,,,,0.12238335857788722,,,,
context_forcing,0,751,"A car moving slowly on an empty street, rainy evening",,,,,0.6339029173056284,0.6821886487404506,,,,,,,,,,0.10303716423610847,,,,
context_forcing,0,752,A cat eating food out of a bowl,,,,,0.643516848484675,0.6121141708691914,,,,,,,,,,0.19020844995975494,,,,
context_forcing,0,753,A cat wearing sunglasses at a pool,,,,,0.6349299748738607,0.6985622520446778,,,,,,,,,,0.2974210282166799,,,,
context_forcing,0,754,A confused panda in calculus class,,,,,0.6865847508112589,0.7594034208456675,,,,,,,,,,0.2609810580809911,,,,
context_forcing,0,755,A cute fluffy panda eating Chinese food in a restaurant,,,,,0.7263360122839609,0.7788026017347972,,,,,,,,,,0.27346981565157574,,,,
context_forcing,0,756,"A cute happy Corgi playing in park, sunset",,,,,0.6252904236316681,0.5906164025465648,,,,,,,,,,0.29968392352263135,,,,
context_forcing,0,757,A cute raccoon playing guitar in a boat on the ocean,,,,,0.7080423931280772,0.7600579431056977,,,,,,,,,,0.36360569794972736,,,,
context_forcing,0,758,"A happy fuzzy panda playing guitar nearby a campfire, snow mountain in the background",,,,,0.6663580735524496,0.6808581660588583,,,,,,,,,,0.3638375053803126,,,,
context_forcing,0,759,"A lightning striking atop of eiffel tower, dark clouds in the sky",,,,,0.6403148372968038,0.7203885538180669,,,,,,,,,,0.30894241233666736,,,,
context_forcing,0,760,"A modern art museum, with colorful paintings",,,,,0.523043101032575,0.7019287700255713,,,,,,,,,,0.24225355684757233,,,,
context_forcing,0,761,A panda cooking in the kitchen,,,,,0.6374373137950897,0.7432746369043985,,,,,,,,,,0.3064332852760951,,,,
context_forcing,0,762,A panda playing on a swing set,,,,,0.5718952020009359,0.7634775235652924,,,,,,,,,,0.2528245026866595,,,,
context_forcing,0,763,A polar bear is playing guitar,,,,,0.668872227271398,0.7180991348425546,,,,,,,,,,0.3194556136926015,,,,
context_forcing,0,764,"A raccoon dressed in suit playing the trumpet, stage background",,,,,0.6825296580791473,0.7314228947957356,,,,,,,,,,0.3527952233950297,,,,
context_forcing,0,765,"A robot DJ is playing the turntable, in heavy raining futuristic tokyo rooftop cyberpunk night, sci-fi, fantasy",,,,,0.8042511145273844,0.6901525558630626,,,,,,,,,,0.24462217837572098,,,,
context_forcing,0,766,A shark swimming in clear Caribbean ocean,,,,,0.6529546876748403,0.6649903860489527,,,,,,,,,,0.16777520130077997,,,,
context_forcing,0,767,A super robot protecting city,,,,,0.6391642888387045,0.6891786600748698,,,,,,,,,,0.2281553422411283,,,,
context_forcing,0,768,A teddy bear washing the dishes,,,,,0.6975168883800507,0.7200637239217759,,,,,,,,,,0.22746972491343817,,,,
context_forcing,0,769,"An epic tornado attacking above a glowing city at night, the tornado is made of smoke",,,,,0.6007409890492758,0.4924715249538421,,,,,,,,,,0.22351901729901633,,,,
context_forcing,0,770,An oil painting of a couple in formal evening wear going home get caught in a heavy downpour with umbrellas,,,,,0.6698738038539886,0.7026852266788483,,,,,,,,,,0.2122146338224411,,,,
context_forcing,0,771,Clown fish swimming through the coral reef,,,,,0.5993322432041168,0.7897881239255269,,,,,,,,,,0.24260473002990088,,,,
context_forcing,0,772,Hyper-realistic spaceship landing on Mars,,,,,0.6202660202980042,0.7445533947944641,,,,,,,,,,0.23713945845762888,,,,
context_forcing,0,773,"The bund Shanghai, vibrant color",,,,,0.7085803945859274,0.7539430238405863,,,,,,,,,,0.2746727168560028,,,,
context_forcing,0,774,Vincent van Gogh is painting in the room,,,,,0.5603902141253153,0.7507938711643218,,,,,,,,,,0.2486467882990837,,,,
context_forcing,0,775,Yellow flowers swing in the wind,,,,,0.6492826441923777,0.7713789967695872,,,,,,,,,,0.18762141217788061,,,,
context_forcing,0,776,alley,,0.9827177572004118,,,,,,,,,,,0.9395833333333333,,,,,,0.9845863260248655,0.9742544046763716
context_forcing,0,777,amusement park,,0.9683218179181611,,,,,,,,,,,0.7583333333333333,,,,,,0.9690692204301075,0.8554751379736538
context_forcing,0,778,aquarium,,0.9744066208914398,,,,,,,,,,,0.16041666666666668,,,,,,0.9786077683971776,0.8841512542346428
context_forcing,0,779,arch,,0.9500867881770861,,,,,,,,,,,0.0125,,,,,,0.9440172421034947,0.6746226579978548
context_forcing,0,780,art gallery,,0.96842647278006,,,,,,,,,,,0.09791666666666667,,,,,,0.9677852507560484,0.8695240976481602
context_forcing,0,781,bathroom,,0.9809050132629656,,,,,,,,,,,1.0,,,,,,0.9825799101142473,0.9642350827825481
context_forcing,0,782,bakery shop,,0.9539985268377738,,,,,,,,,,,0.0,,,,,,0.9459309895833333,0.7715179642726635
context_forcing,0,783,ballroom,,0.9610855059220592,,,,,,,,,,,0.027083333333333334,,,,,,0.952361338625672,0.8780828087494291
context_forcing,0,784,bar,,0.9834340728669192,,,,,,,,,,,1.0,,,,,,0.9858978599630376,0.9749380463156206
context_forcing,0,785,barn,,0.9774923460498763,,,,,,,,,,,1.0,,,,,,0.9835076444892472,0.8979736895396792
context_forcing,0,786,basement,,0.9637744914541259,,,,,,,,,,,0.0,,,,,,0.9651711084509408,0.7769648114155079
context_forcing,0,787,beach,,0.963444986560358,,,,,,,,,,,0.9854166666666667,,,,,,0.9643704322076612,0.7794395063457817
context_forcing,0,788,bedroom,,0.9780607874494157,,,,,,,,,,,0.68125,,,,,,0.9827190440188172,0.9218534303122553
context_forcing,0,789,bridge,,0.9576019887238838,,,,,,,,,,,0.5375,,,,,,0.9573063676075269,0.7097184884137121
context_forcing,0,790,botanical garden,,0.9800108826927035,,,,,,,,,,,0.0,,,,,,0.9834477906586021,0.9492276752817219
context_forcing,0,791,cafeteria,,0.95888850448508,,,,,,,,,,,0.0,,,,,,0.9577599966397852,0.747972931327491
context_forcing,0,792,campsite,,0.968321014775371,,,,,,,,,,,0.0,,,,,,0.97208737609207,0.8089330961992001
context_forcing,0,793,campus,,0.9636181568953271,,,,,,,,,,,0.0,,,,,,0.9651377688172043,0.7720853552736086
context_forcing,0,794,carrousel,,0.9738995090428,,,,,,,,,,,0.0,,,,,,0.9722816385248655,0.9418169434728294
context_forcing,0,795,castle,,0.9657106241623583,,,,,,,,,,,0.90625,,,,,,0.9624312205981183,0.8688070609651762
context_forcing,0,796,cemetery,,0.9515959549772338,,,,,,,,,,,0.25416666666666665,,,,,,0.9476092594926074,0.6643224846700142
context_forcing,0,797,classroom,,0.9801869634028393,,,,,,,,,,,0.9354166666666667,,,,,,0.9818503759240591,0.9596295264260523
context_forcing,0,798,cliff,,0.9606471105099543,,,,,,,,,,,0.25833333333333336,,,,,,0.9624585223454302,0.7246207312263292
context_forcing,0,799,crosswalk,,0.9437136475423491,,,,,,,,,,,0.90625,,,,,,0.9228197979670697,0.8101780157664726
context_forcing,0,800,construction site,,0.960895004794385,,,,,,,,,,,0.9875,,,,,,0.9570630145329303,0.8141052188544438
context_forcing,0,801,corridor,,0.9573603117002688,,,,,,,,,,,0.0,,,,,,0.9537159253192204,0.7608251474026976
context_forcing,0,802,courtyard,,0.9687276973219262,,,,,,,,,,,0.55625,,,,,,0.9716101205477149,0.8348269277605517
context_forcing,0,803,desert,,0.9666286147907086,,,,,,,,,,,1.0,,,,,,0.9681462113575269,0.8237471051257232
context_forcing,0,804,downtown,,0.9454685505427132,,,,,,,,,,,0.0,,,,,,0.9310271232358871,0.7458753303207201
context_forcing,0,805,driveway,,0.9732921910868276,,,,,,,,,,,0.0,,,,,,0.9745631720430107,0.9042794067284157
context_forcing,0,806,farm,,0.9631746899931672,,,,,,,,,,,0.4791666666666667,,,,,,0.9647145917338709,0.7667575956418596
context_forcing,0,807,food court,,0.9674920747943642,,,,,,,,,,,0.05625,,,,,,0.9682218161962364,0.8466187222250576
context_forcing,0,808,football field,,0.9674833997507665,,,,,,,,,,,0.0125,,,,,,0.965482190860215,0.8742773049864275
context_forcing,0,809,forest road,,0.9632175887099038,,,,,,,,,,,0.0,,,,,,0.9618030178931452,0.8109885258921261
context_forcing,0,810,fountain,,0.9757341653957247,,,,,,,,,,,1.0,,,,,,0.97645513062836,0.9377266569384213
context_forcing,0,811,gas station,,0.9707643270069826,,,,,,,,,,,0.0125,,,,,,0.9727557438676075,0.8668025917020338
context_forcing,0,812,glacier,,0.9562580965979003,,,,,,,,,,,0.3,,,,,,0.9542698357694891,0.7152558444388981
context_forcing,0,813,golf course,,0.97124763080911,,,,,,,,,,,0.9458333333333333,,,,,,0.97769525999664,0.8165045205889077
context_forcing,0,814,indoor gymnasium,,0.9720311474607682,,,,,,,,,,,0.0,,,,,,0.9740103116599461,0.8814052117281946
context_forcing,0,815,harbor,,0.9732730857052682,,,,,,,,,,,0.0,,,,,,0.9715313655073925,0.9377415488506186
context_forcing,0,816,highway,,0.9629762957829776,,,,,,,,,,,0.37083333333333335,,,,,,0.9648776146673387,0.761486839117675
context_forcing,0,817,hospital,,0.9821119532625392,,,,,,,,,,,0.6833333333333333,,,,,,0.9845437983030915,0.9672325078783364
context_forcing,0,818,house,,0.9767909218880745,,,,,,,,,,,0.13125,,,,,,0.980082062752016,0.9228723655486929
context_forcing,0,819,iceberg,,0.9694538694403197,,,,,,,,,,,0.2375,,,,,,0.9762742565524192,0.7808068420352607
context_forcing,0,820,industrial area,,0.958531868006706,,,,,,,,,,,0.0,,,,,,0.9521970031081989,0.8186975902524488
context_forcing,0,821,jail cell,,0.9874421356890222,,,,,,,,,,,0.0,,,,,,0.9895240045362904,0.98867159362497
context_forcing,0,822,junkyard,,0.9509844848910601,,,,,,,,,,,0.09375,,,,,,0.9476016465053764,0.6433974011191006
context_forcing,0,823,kitchen,,0.9818703636271616,,,,,,,,,,,1.0,,,,,,0.987579805107527,0.9463306131034062
context_forcing,0,824,indoor library,,0.9879905235732339,,,,,,,,,,,0.0,,,,,,0.9901123046875,0.9899337980253943
context_forcing,0,825,lighthouse,,0.9614494036751843,,,,,,,,,,,0.85,,,,,,0.9624595724126344,0.7540017936764092
context_forcing,0,826,laboratory,,0.978777678458104,,,,,,,,,,,0.34791666666666665,,,,,,0.9884411227318549,0.8699537577300236
context_forcing,0,827,mansion,,0.9525404280546232,,,,,,,,,,,0.09583333333333334,,,,,,0.9464350218413978,0.7215544612243258
context_forcing,0,828,marsh,,0.9658439596464018,,,,,,,,,,,0.0,,,,,,0.9706721480174731,0.76092940414774
context_forcing,0,829,mountain,,0.9762458267235651,,,,,,,,,,,1.0,,,,,,0.9853250483030914,0.8514780741313408
context_forcing,0,830,indoor movie theater,,0.9619792377067592,,,,,,,,,,,0.0,,,,,,0.9581136067708333,0.8348219446067152
context_forcing,0,831,indoor museum,,0.9761044382012007,,,,,,,,,,,0.0,,,,,,0.9775674143145162,0.934279093454624
context_forcing,0,832,music studio,,0.9672187864539984,,,,,,,,,,,0.020833333333333332,,,,,,0.9622114940356182,0.907162379601906
context_forcing,0,833,nursery,,0.9816054432022163,,,,,,,,,,,0.0,,,,,,0.9862598706317203,0.9513973490945224
context_forcing,0,834,ocean,,0.9675659791937566,,,,,,,,,,,0.6958333333333333,,,,,,0.9726903771841399,0.7780776702124497
context_forcing,0,835,office,,0.9868638500260247,,,,,,,,,,,1.0,,,,,,0.9906998172883065,0.9828818460990643
context_forcing,0,836,palace,,0.9711919356202365,,,,,,,,,,,0.07916666666666666,,,,,,0.9718765751008064,0.889551068174428
context_forcing,0,837,parking lot,,0.9575154167730451,,,,,,,,,,,0.925,,,,,,0.9496988932291668,0.8277920453712858
context_forcing,0,838,pharmacy,,0.9744928862611951,,,,,,,,,,,0.9354166666666667,,,,,,0.9794940251176072,0.8743608778920667
context_forcing,0,839,phone booth,,0.9717607462702618,,,,,,,,,,,0.45,,,,,,0.9681504116263441,0.9407908361533592
context_forcing,0,840,raceway,,0.94425472590824,,,,,,,,,,,0.0,,,,,,0.9275293493783603,0.7605935735949154
context_forcing,0,841,restaurant,,0.9725910558470306,,,,,,,,,,,0.5916666666666667,,,,,,0.9744825793850805,0.8914108245537199
context_forcing,0,842,river,,0.9529777765552859,,,,,,,,,,,0.7479166666666667,,,,,,0.948207272765457,0.706439069118993
context_forcing,0,843,science museum,,0.9719586995274736,,,,,,,,,,,0.0,,,,,,0.9761083459341399,0.8577748886470137
context_forcing,0,844,shower,,0.9719891606382612,,,,,,,,,,,0.6979166666666666,,,,,,0.9739908854166668,0.8802504148976557
context_forcing,0,845,ski slope,,0.9641396797752241,,,,,,,,,,,0.30833333333333335,,,,,,0.9644339612735215,0.7947218716144562
context_forcing,0,846,sky,,0.9617964742244101,,,,,,,,,,,0.98125,,,,,,0.9633723433299732,0.7512572936970612
context_forcing,0,847,skyscraper,,0.9559108453496711,,,,,,,,,,,0.00625,,,,,,0.9523665889616933,0.736486682090266
context_forcing,0,848,baseball stadium,,0.9665664273802583,,,,,,,,,,,0.6770833333333334,,,,,,0.9603620631720431,0.9142995713085964
context_forcing,0,849,staircase,,0.9891203428440425,,,,,,,,,,,0.8854166666666666,,,,,,0.9911442582325268,0.9908515071046764
context_forcing,0,850,street,,0.9230481237787236,,,,,,,,,,,0.28958333333333336,,,,,,0.887249033938172,0.7248066951488626
context_forcing,0,851,supermarket,,0.9401948127836006,,,,,,,,,,,0.11875,,,,,,0.9118161437331992,0.8649614329995781
context_forcing,0,852,indoor swimming pool,,0.9658471424002275,,,,,,,,,,,0.0125,,,,,,0.9665816112231184,0.8237774135737583
context_forcing,0,853,tower,,0.9507148404627994,,,,,,,,,,,0.7354166666666667,,,,,,0.9418123634912635,0.7401399376063511
context_forcing,0,854,outdoor track,,0.9469351682161069,,,,,,,,,,,0.0,,,,,,0.9349698630712366,0.7256668287104574
context_forcing,0,855,train railway,,0.9613328827515198,,,,,,,,,,,0.0,,,,,,0.9624186197916668,0.7515904625941967
context_forcing,0,856,train station platform,,0.945689466034984,,,,,,,,,,,0.7895833333333333,,,,,,0.9262099399361559,0.8248085698177074
context_forcing,0,857,underwater coral reef,,0.963972357094875,,,,,,,,,,,0.0020833333333333333,,,,,,0.9686281922043012,0.7333470757665306
context_forcing,0,858,valley,,0.9663632534281409,,,,,,,,,,,0.0,,,,,,0.9708637852822579,0.7689036418651712
context_forcing,0,859,volcano,,0.9673318248480431,,,,,,,,,,,1.0,,,,,,0.9669236706149195,0.8570978744276638
context_forcing,0,860,waterfall,,0.9659657090793261,,,,,,,,,,,1.0,,,,,,0.9627979565692204,0.8701664558772383
context_forcing,0,861,windmill,,0.9831326334443798,,,,,,,,,,,1.0,,,,,,0.9860551075268817,0.9706468386896725
context_forcing,0,862,"a bicycle on the left of a car, front view",,,,,,,,,,,,1.0,,,,,,,,
context_forcing,0,863,"a car on the right of a motorcycle, front view",,,,,,,,,,,,0.40133784955009155,,,,,,,,
context_forcing,0,864,"a motorcycle on the left of a bus, front view",,,,,,,,,,,,0.9756264260815235,,,,,,,,
context_forcing,0,865,"a bus on the right of a traffic light, front view",,,,,,,,,,,,1.0,,,,,,,,
context_forcing,0,866,"a traffic light on the left of a fire hydrant, front view",,,,,,,,,,,,1.0,,,,,,,,
context_forcing,0,867,"a fire hydrant on the right of a stop sign, front view",,,,,,,,,,,,0.9967429314216164,,,,,,,,
context_forcing,0,868,"a stop sign on the left of a parking meter, front view",,,,,,,,,,,,1.0,,,,,,,,
context_forcing,0,869,"a parking meter on the right of a bench, front view",,,,,,,,,,,,0.038251701961925864,,,,,,,,
context_forcing,0,870,"a bench on the left of a truck, front view",,,,,,,,,,,,0.2564036321620973,,,,,,,,
context_forcing,0,871,"a truck on the right of a bicycle, front view",,,,,,,,,,,,0.5230374699381634,,,,,,,,
context_forcing,0,872,"a bird on the left of a cat, front view",,,,,,,,,,,,0.9968550285248047,,,,,,,,
context_forcing,0,873,"a cat on the right of a dog, front view",,,,,,,,,,,,0.7240368302738527,,,,,,,,
context_forcing,0,874,"a dog on the left of a horse, front view",,,,,,,,,,,,1.0,,,,,,,,
context_forcing,0,875,"a horse on the right of a sheep, front view",,,,,,,,,,,,1.0,,,,,,,,
context_forcing,0,876,"a sheep on the left of a cow, front view",,,,,,,,,,,,0.9566696811063661,,,,,,,,
context_forcing,0,877,"a cow on the right of an elephant, front view",,,,,,,,,,,,1.0,,,,,,,,
context_forcing,0,878,"an elephant on the left of a bear, front view",,,,,,,,,,,,0.9995196085845853,,,,,,,,
context_forcing,0,879,"a bear on the right of a zebra, front view",,,,,,,,,,,,0.8076202152977052,,,,,,,,
context_forcing,0,880,"a zebra on the left of a giraffe, front view",,,,,,,,,,,,0.9474891367288172,,,,,,,,
context_forcing,0,881,"a giraffe on the right of a bird, front view",,,,,,,,,,,,1.0,,,,,,,,
context_forcing,0,882,"a bottle on the left of a wine glass, front view",,,,,,,,,,,,1.0,,,,,,,,
context_forcing,0,883,"a wine glass on the right of a cup, front view",,,,,,,,,,,,1.0,,,,,,,,
context_forcing,0,884,"a cup on the left of a fork, front view",,,,,,,,,,,,0.5412770202512057,,,,,,,,
context_forcing,0,885,"a fork on the right of a knife, front view",,,,,,,,,,,,1.0,,,,,,,,
context_forcing,0,886,"a knife on the left of a spoon, front view",,,,,,,,,,,,1.0,,,,,,,,
context_forcing,0,887,"a spoon on the right of a bowl, front view",,,,,,,,,,,,1.0,,,,,,,,
context_forcing,0,888,"a bowl on the left of a bottle, front view",,,,,,,,,,,,0.5229166666666667,,,,,,,,
context_forcing,0,889,"a potted plant on the left of a remote, front view",,,,,,,,,,,,0.47566320577732485,,,,,,,,
context_forcing,0,890,"a remote on the right of a clock, front view",,,,,,,,,,,,1.0,,,,,,,,
context_forcing,0,891,"a clock on the left of a vase, front view",,,,,,,,,,,,1.0,,,,,,,,
context_forcing,0,892,"a vase on the right of scissors, front view",,,,,,,,,,,,0.31718115322337137,,,,,,,,
context_forcing,0,893,"scissors on the left of a teddy bear, front view",,,,,,,,,,,,0.830751085227768,,,,,,,,
context_forcing,0,894,"a teddy bear on the right of a potted plant, front view",,,,,,,,,,,,1.0,,,,,,,,
context_forcing,0,895,"a frisbee on the left of a sports ball, front view",,,,,,,,,,,,0.9767685336965142,,,,,,,,
context_forcing,0,896,"a sports ball on the right of a baseball bat, front view",,,,,,,,,,,,0.8857815013022713,,,,,,,,
context_forcing,0,897,"a baseball bat on the left of a baseball glove, front view",,,,,,,,,,,,0.947729033705495,,,,,,,,
context_forcing,0,898,"a baseball glove on the right of a tennis racket, front view",,,,,,,,,,,,0.6147393545632983,,,,,,,,
context_forcing,0,899,"a tennis racket on the left of a frisbee, front view",,,,,,,,,,,,0.562184078866002,,,,,,,,
context_forcing,0,900,"a toilet on the left of a hair drier, front view",,,,,,,,,,,,0.9645833333333333,,,,,,,,
context_forcing,0,901,"a hair drier on the right of a toothbrush, front view",,,,,,,,,,,,1.0,,,,,,,,
context_forcing,0,902,"a toothbrush on the left of a sink, front view",,,,,,,,,,,,0.8647412103875005,,,,,,,,
context_forcing,0,903,"a sink on the right of a toilet, front view",,,,,,,,,,,,1.0,,,,,,,,
context_forcing,0,904,"a chair on the left of a couch, front view",,,,,,,,,,,,1.0,,,,,,,,
context_forcing,0,905,"a couch on the right of a bed, front view",,,,,,,,,,,,1.0,,,,,,,,
context_forcing,0,906,"a bed on the left of a tv, front view",,,,,,,,,,,,1.0,,,,,,,,
context_forcing,0,907,"a tv on the right of a dining table, front view",,,,,,,,,,,,1.0,,,,,,,,
context_forcing,0,908,"a dining table on the left of a chair, front view",,,,,,,,,,,,1.0,,,,,,,,
context_forcing,0,909,"an airplane on the left of a train, front view",,,,,,,,,,,,1.0,,,,,,,,
context_forcing,0,910,"a train on the right of a boat, front view",,,,,,,,,,,,0.9126654840952649,,,,,,,,
context_forcing,0,911,"a boat on the left of an airplane, front view",,,,,,,,,,,,1.0,,,,,,,,
context_forcing,0,912,"an oven on the top of a toaster, front view",,,,,,,,,,,,0.0802327411657866,,,,,,,,
context_forcing,0,913,"an oven on the bottom of a toaster, front view",,,,,,,,,,,,0.22179449502587942,,,,,,,,
context_forcing,0,914,"a toaster on the top of a microwave, front view",,,,,,,,,,,,0.008333333333333333,,,,,,,,
context_forcing,0,915,"a toaster on the bottom of a microwave, front view",,,,,,,,,,,,0.21325078072240966,,,,,,,,
context_forcing,0,916,"a microwave on the top of an oven, front view",,,,,,,,,,,,1.0,,,,,,,,
context_forcing,0,917,"a microwave on the bottom of an oven, front view",,,,,,,,,,,,1.0,,,,,,,,
context_forcing,0,918,"a banana on the top of an apple, front view",,,,,,,,,,,,0.45674685036850365,,,,,,,,
context_forcing,0,919,"a banana on the bottom of an apple, front view",,,,,,,,,,,,0.49786919475805447,,,,,,,,
context_forcing,0,920,"an apple on the top of a sandwich, front view",,,,,,,,,,,,0.5034935966757197,,,,,,,,
context_forcing,0,921,"an apple on the bottom of a sandwich, front view",,,,,,,,,,,,0.09874747165727708,,,,,,,,
context_forcing,0,922,"a sandwich on the top of an orange, front view",,,,,,,,,,,,1.0,,,,,,,,
context_forcing,0,923,"a sandwich on the bottom of an orange, front view",,,,,,,,,,,,0.8914833082687964,,,,,,,,
context_forcing,0,924,"an orange on the top of a carrot, front view",,,,,,,,,,,,1.0,,,,,,,,
context_forcing,0,925,"an orange on the bottom of a carrot, front view",,,,,,,,,,,,0.6846335825611433,,,,,,,,
context_forcing,0,926,"a carrot on the top of a hot dog, front view",,,,,,,,,,,,0.24008378043625342,,,,,,,,
context_forcing,0,927,"a carrot on the bottom of a hot dog, front view",,,,,,,,,,,,0.15406940151946774,,,,,,,,
context_forcing,0,928,"a hot dog on the top of a pizza, front view",,,,,,,,,,,,0.9916393854273068,,,,,,,,
context_forcing,0,929,"a hot dog on the bottom of a pizza, front view",,,,,,,,,,,,0.6098510969292925,,,,,,,,
context_forcing,0,930,"a pizza on the top of a donut, front view",,,,,,,,,,,,0.17807743593197528,,,,,,,,
context_forcing,0,931,"a pizza on the bottom of a donut, front view",,,,,,,,,,,,0.049201644864007604,,,,,,,,
context_forcing,0,932,"a donut on the top of broccoli, front view",,,,,,,,,,,,0.02434050780849227,,,,,,,,
context_forcing,0,933,"a donut on the bottom of broccoli, front view",,,,,,,,,,,,0.5062853394529434,,,,,,,,
context_forcing,0,934,"broccoli on the top of a banana, front view",,,,,,,,,,,,0.9992818940777729,,,,,,,,
context_forcing,0,935,"broccoli on the bottom of a banana, front view",,,,,,,,,,,,0.3624922371350418,,,,,,,,
context_forcing,0,936,"skis on the top of a snowboard, front view",,,,,,,,,,,,0.0017421764702643455,,,,,,,,
context_forcing,0,937,"skis on the bottom of a snowboard, front view",,,,,,,,,,,,0.7093515954179808,,,,,,,,
context_forcing,0,938,"a snowboard on the top of a kite, front view",,,,,,,,,,,,0.49474883735255193,,,,,,,,
context_forcing,0,939,"a snowboard on the bottom of a kite, front view",,,,,,,,,,,,0.0772385279999262,,,,,,,,
context_forcing,0,940,"a kite on the top of a skateboard, front view",,,,,,,,,,,,0.8345365682202103,,,,,,,,
context_forcing,0,941,"a kite on the bottom of a skateboard, front view",,,,,,,,,,,,0.01222504975680446,,,,,,,,
context_forcing,0,942,"a skateboard on the top of a surfboard, front view",,,,,,,,,,,,0.248392778549956,,,,,,,,
context_forcing,0,943,"a skateboard on the bottom of a surfboard, front view",,,,,,,,,,,,0.8598892198508309,,,,,,,,
context_forcing,0,944,"a surfboard on the top of skis, front view",,,,,,,,,,,,0.027514602785452827,,,,,,,,
context_forcing,0,945,"a surfboard on the bottom of skis, front view",,,,,,,,,,,,0.041484646370585604,,,,,,,,
context_forcing+rule,0,0,"In a still frame, a stop sign",,,0.9973303177777458,,,,,,,,,,,,,,,,,
context_forcing+rule,0,1,"a toilet, frozen in time",,,0.9981713755691752,,,,,,,,,,,,,,,,,
context_forcing+rule,0,2,"a laptop, frozen in time",,,0.9988238948934219,,,,,,,,,,,,,,,,,
context_forcing+rule,0,3,A tranquil tableau of alley,,,0.9971762019512701,,,,,,,,,,,,,,,,,
context_forcing+rule,0,4,A tranquil tableau of bar,,,0.9947330216800465,,,,,,,,,,,,,,,,,
context_forcing+rule,0,5,A tranquil tableau of barn,,,0.9910639413197835,,,,,,,,,,,,,,,,,
context_forcing+rule,0,6,A tranquil tableau of bathroom,,,0.995892670762305,,,,,,,,,,,,,,,,,
context_forcing+rule,0,7,A tranquil tableau of bedroom,,,0.9957981935201907,,,,,,,,,,,,,,,,,
context_forcing+rule,0,8,A tranquil tableau of cliff,,,0.9849531545826034,,,,,,,,,,,,,,,,,
context_forcing+rule,0,9,"In a still frame, courtyard",,,0.993775670481663,,,,,,,,,,,,,,,,,
context_forcing+rule,0,10,"In a still frame, gas station",,,0.9946379740097944,,,,,,,,,,,,,,,,,
context_forcing+rule,0,11,A tranquil tableau of house,,,0.9900562933379528,,,,,,,,,,,,,,,,,
context_forcing+rule,0,12,"indoor gymnasium, frozen in time",,,0.9986730149213006,,,,,,,,,,,,,,,,,
context_forcing+rule,0,13,A tranquil tableau of indoor library,,,0.9941104586919149,,,,,,,,,,,,,,,,,
context_forcing+rule,0,14,A tranquil tableau of kitchen,,,0.9932507801055909,,,,,,,,,,,,,,,,,
context_forcing+rule,0,15,A tranquil tableau of palace,,,0.9908109012304568,,,,,,,,,,,,,,,,,
context_forcing+rule,0,16,"In a still frame, parking lot",,,0.9944415899351531,,,,,,,,,,,,,,,,,
context_forcing+rule,0,17,"In a still frame, phone booth",,,,,,,,,,,,,,,,,,,,
context_forcing+rule,0,18,A tranquil tableau of restaurant,,,0.9922326209498387,,,,,,,,,,,,,,,,,
context_forcing+rule,0,19,A tranquil tableau of tower,,,0.9801649276882994,,,,,,,,,,,,,,,,,
context_forcing+rule,0,20,A tranquil tableau of a bowl,,,0.9964326055844623,,,,,,,,,,,,,,,,,
context_forcing+rule,0,21,A tranquil tableau of an apple,,,0.998696843806435,,,,,,,,,,,,,,,,,
context_forcing+rule,0,22,A tranquil tableau of a bench,,,0.9888708454954859,,,,,,,,,,,,,,,,,
context_forcing+rule,0,23,A tranquil tableau of a bed,,,0.9950184284471998,,,,,,,,,,,,,,,,,
context_forcing+rule,0,24,A tranquil tableau of a chair,,,0.9885425648034788,,,,,,,,,,,,,,,,,
context_forcing+rule,0,25,A tranquil tableau of a cup,,,0.9986230609229967,,,,,,,,,,,,,,,,,
context_forcing+rule,0,26,A tranquil tableau of a dining table,,,0.9917918153837615,,,,,,,,,,,,,,,,,
context_forcing+rule,0,27,"In a still frame, a pear",,,0.9973306079705557,,,,,,,,,,,,,,,,,
context_forcing+rule,0,28,A tranquil tableau of a bunch of grapes,,,0.9984194083073559,,,,,,,,,,,,,,,,,
context_forcing+rule,0,29,A tranquil tableau of a bowl on the kitchen counter,,,0.9933930240892896,,,,,,,,,,,,,,,,,
context_forcing+rule,0,30,"A tranquil tableau of a beautiful, handcrafted ceramic bowl",,,0.9983043552379982,,,,,,,,,,,,,,,,,
context_forcing+rule,0,31,A tranquil tableau of an antique bowl,,,0.9945929861536212,,,,,,,,,,,,,,,,,
context_forcing+rule,0,32,A tranquil tableau of an exquisite mahogany dining table,,,0.9951240956549551,,,,,,,,,,,,,,,,,
context_forcing+rule,0,33,A tranquil tableau of a wooden bench in the park,,,0.9888400231155694,,,,,,,,,,,,,,,,,
context_forcing+rule,0,34,A tranquil tableau of a beautiful wrought-iron bench surrounded by blooming flowers,,,0.990897533940334,,,,,,,,,,,,,,,,,
context_forcing+rule,0,35,"In a still frame, a park bench with a view of the lake",,,0.9858497404584696,,,,,,,,,,,,,,,,,
context_forcing+rule,0,36,A tranquil tableau of a vintage rocking chair was placed on the porch,,,0.9867679387447881,,,,,,,,,,,,,,,,,
context_forcing+rule,0,37,"A tranquil tableau of the jail cell was small and dimly lit, with cold, steel bars",,,0.9991576372642144,,,,,,,,,,,,,,,,,
context_forcing+rule,0,38,A tranquil tableau of the phone booth was tucked away in a quiet alley,,,0.9931924986371807,,,,,,,,,,,,,,,,,
context_forcing+rule,0,39,"a dilapidated phone booth stood as a relic of a bygone era on the sidewalk, frozen in time",,,0.9923888231726254,,,,,,,,,,,,,,,,,
context_forcing+rule,0,40,A tranquil tableau of the old red barn stood weathered and iconic against the backdrop of the countryside,,,0.984652167301552,,,,,,,,,,,,,,,,,
context_forcing+rule,0,41,A tranquil tableau of a picturesque barn was painted a warm shade of red and nestled in a picturesque meadow,,,0.9862947920256971,,,,,,,,,,,,,,,,,
context_forcing+rule,0,42,"In a still frame, within the desolate desert, an oasis unfolded, characterized by the stoic presence of palm trees and a motionless, glassy pool of water",,,0.9840971511018044,,,,,,,,,,,,,,,,,
context_forcing+rule,0,43,"In a still frame, the Parthenon's majestic Doric columns stand in serene solitude atop the Acropolis, framed by the tranquil Athenian landscape",,,0.9974301569134582,,,,,,,,,,,,,,,,,
context_forcing+rule,0,44,"In a still frame, the Temple of Hephaestus, with its timeless Doric grace, stands stoically against the backdrop of a quiet Athens",,,0.9924072234770831,,,,,,,,,,,,,,,,,
context_forcing+rule,0,45,"In a still frame, the ornate Victorian streetlamp stands solemnly, adorned with intricate ironwork and stained glass panels",,,,,,,,,,,,,,,,,,,,
context_forcing+rule,0,46,"A tranquil tableau of the Stonehenge presented itself as an enigmatic puzzle, each colossal stone meticulously placed against the backdrop of tranquility",,,0.9841199603735231,,,,,,,,,,,,,,,,,
context_forcing+rule,0,47,"In a still frame, in the vast desert, an oasis nestled among dunes, featuring tall palm trees and an air of serenity",,,0.9964589672462612,,,,,,,,,,,,,,,,,
context_forcing+rule,0,48,"static view on a desert scene with an oasis, palm trees, and a clear, calm pool of water",,,0.994115870887158,,,,,,,,,,,,,,,,,
context_forcing+rule,0,49,"A tranquil tableau of an ornate Victorian streetlamp standing on a cobblestone street corner, illuminating the empty night",,,0.9983489422470916,,,,,,,,,,,,,,,,,
context_forcing+rule,0,50,"A tranquil tableau of a tranquil lakeside cabin nestled among tall pines, its reflection mirrored perfectly in the calm water",,,0.9901737929325478,,,,,,,,,,,,,,,,,
context_forcing+rule,0,51,"In a still frame, a vintage gas lantern, adorned with intricate details, gracing a historic cobblestone square",,,,,,,,,,,,,,,,,,,,
context_forcing+rule,0,52,"In a still frame, a tranquil Japanese tea ceremony room, with tatami mats, a delicate tea set, and a bonsai tree in the corner",,,0.9975549458054935,,,,,,,,,,,,,,,,,
context_forcing+rule,0,53,"A tranquil tableau of the Parthenon stands resolute in its classical elegance, a timeless symbol of Athens' cultural legacy",,,0.9933181111017862,,,,,,,,,,,,,,,,,
context_forcing+rule,0,54,"A tranquil tableau of in the heart of Plaka, the neoclassical architecture of the old city harmonizes with the ancient ruins",,,0.9936696975838905,,,,,,,,,,,,,,,,,
context_forcing+rule,0,55,"A tranquil tableau of in the desolate beauty of the American Southwest, Chaco Canyon's ancient ruins whispered tales of an enigmatic civilization that once thrived amidst the arid landscapes",,,0.9903136512344959,,,,,,,,,,,,,,,,,
context_forcing+rule,0,56,"A tranquil tableau of at the edge of the Arabian Desert, the ancient city of Petra beckoned with its enigmatic rock-carved façades",,,,,,,,,,,,,,,,,,,,
context_forcing+rule,0,57,"In a still frame, amidst the cobblestone streets, an Art Nouveau lamppost stood tall",,,,,,,,,,,,,,,,,,,,
context_forcing+rule,0,58,"A tranquil tableau of in the quaint village square, a traditional wrought-iron streetlamp featured delicate filigree patterns and amber-hued glass panels",,,,,,,,,,,,,,,,,,,,
context_forcing+rule,0,59,"A tranquil tableau of the lampposts were adorned with Art Deco motifs, their geometric shapes and frosted glass creating a sense of vintage glamour",,,0.9966691769338121,,,,,,,,,,,,,,,,,
context_forcing+rule,0,60,"In a still frame, in the picturesque square, a Gothic-style lamppost adorned with intricate stone carvings added a touch of medieval charm to the setting",,,,,,,,,,,,,,,,,,,,
context_forcing+rule,0,61,"In a still frame, in the heart of the old city, a row of ornate lantern-style streetlamps bathed the narrow alleyway in a warm, welcoming light",,,0.9956123675552069,,,,,,,,,,,,,,,,,
context_forcing+rule,0,62,"A tranquil tableau of in the heart of the Utah desert, a massive sandstone arch spanned the horizon",,,0.9976737965322009,,,,,,,,,,,,,,,,,
context_forcing+rule,0,63,"A tranquil tableau of in the Arizona desert, a massive stone bridge arched across a rugged canyon",,,0.9853037735060148,,,,,,,,,,,,,,,,,
context_forcing+rule,0,64,"A tranquil tableau of in the corner of the minimalist tea room, a bonsai tree added a touch of nature's beauty to the otherwise simple and elegant space",,,0.9962360340941185,,,,,,,,,,,,,,,,,
context_forcing+rule,0,65,"In a still frame, amidst the hushed ambiance of the traditional tea room, a meticulously arranged tea set awaited, with porcelain cups, a bamboo whisk",,,0.9921504268459247,,,,,,,,,,,,,,,,,
context_forcing+rule,0,66,"In a still frame, nestled in the Zen garden, a rustic teahouse featured tatami seating and a traditional charcoal brazier",,,0.9845692980523204,,,,,,,,,,,,,,,,,
context_forcing+rule,0,67,A tranquil tableau of a country estate's library featured elegant wooden shelves,,,0.9975616038546843,,,,,,,,,,,,,,,,,
context_forcing+rule,0,68,"A tranquil tableau of beneath the shade of a solitary oak tree, an old wooden park bench sat patiently",,,0.9830212912840001,,,,,,,,,,,,,,,,,
context_forcing+rule,0,69,"A tranquil tableau of beside a tranquil pond, a weeping willow tree draped its branches gracefully over the water's surface, creating a serene tableau of reflection and calm",,,0.9800856840844248,,,,,,,,,,,,,,,,,
context_forcing+rule,0,70,"A tranquil tableau of in the Zen garden, a perfectly raked gravel path led to a serene rock garden",,,0.9731204874375287,,,,,,,,,,,,,,,,,
context_forcing+rule,0,71,"In a still frame, a tranquil pond was fringed by weeping cherry trees, their blossoms drifting lazily onto the glassy surface",,,0.98048311327018,,,,,,,,,,,,,,,,,
context_forcing+rule,0,72,"In a still frame, within the historic library's reading room, rows of antique leather chairs and mahogany tables offered a serene haven for literary contemplation",,,0.9979899418354033,,,,,,,,,,,,,,,,,
context_forcing+rule,0,73,A tranquil tableau of a peaceful orchid garden showcased a variety of delicate blooms,,,0.9940381377351051,,,,,,,,,,,,,,,,,
context_forcing+rule,0,74,"A tranquil tableau of in the serene courtyard, a centuries-old stone well stood as a symbol of a bygone era, its mossy stones bearing witness to the passage of time",,,0.9786174325382009,,,,,,,,,,,,,,,,,
context_forcing+rule,0,75,a bird and a cat,,,,,,,,,1.0,,,,,,,,,,,
context_forcing+rule,0,76,a cat and a dog,,,,,,,,,0.0,,,,,,,,,,,
context_forcing+rule,0,77,a dog and a horse,,,,,,,,,0.0,,,,,,,,,,,
context_forcing+rule,0,78,a horse and a sheep,,,,,,,,,1.0,,,,,,,,,,,
context_forcing+rule,0,79,a sheep and a cow,,,,,,,,,1.0,,,,,,,,,,,
context_forcing+rule,0,80,a cow and an elephant,,,,,,,,,0.38958333333333334,,,,,,,,,,,
context_forcing+rule,0,81,an elephant and a bear,,,,,,,,,0.0,,,,,,,,,,,
context_forcing+rule,0,82,a bear and a zebra,,,,,,,,,0.0020833333333333333,,,,,,,,,,,
context_forcing+rule,0,83,a zebra and a giraffe,,,,,,,,,1.0,,,,,,,,,,,
context_forcing+rule,0,84,a giraffe and a bird,,,,,,,,,1.0,,,,,,,,,,,
context_forcing+rule,0,85,a chair and a couch,,,,,,,,,1.0,,,,,,,,,,,
context_forcing+rule,0,86,a couch and a potted plant,,,,,,,,,1.0,,,,,,,,,,,
context_forcing+rule,0,87,a potted plant and a tv,,,,,,,,,1.0,,,,,,,,,,,
context_forcing+rule,0,88,a tv and a laptop,,,,,,,,,1.0,,,,,,,,,,,
context_forcing+rule,0,89,a laptop and a remote,,,,,,,,,0.91875,,,,,,,,,,,
context_forcing+rule,0,90,a remote and a keyboard,,,,,,,,,0.9979166666666667,,,,,,,,,,,
context_forcing+rule,0,91,a keyboard and a cell phone,,,,,,,,,1.0,,,,,,,,,,,
context_forcing+rule,0,92,a cell phone and a book,,,,,,,,,1.0,,,,,,,,,,,
context_forcing+rule,0,93,a book and a clock,,,,,,,,,1.0,,,,,,,,,,,
context_forcing+rule,0,94,a clock and a backpack,,,,,,,,,0.9583333333333334,,,,,,,,,,,
context_forcing+rule,0,95,a backpack and an umbrella,,,,,,,,,0.9708333333333333,,,,,,,,,,,
context_forcing+rule,0,96,an umbrella and a handbag,,,,,,,,,0.925,,,,,,,,,,,
context_forcing+rule,0,97,a handbag and a tie,,,,,,,,,0.3645833333333333,,,,,,,,,,,
context_forcing+rule,0,98,a tie and a suitcase,,,,,,,,,0.8166666666666667,,,,,,,,,,,
context_forcing+rule,0,99,a suitcase and a vase,,,,,,,,,1.0,,,,,,,,,,,
context_forcing+rule,0,100,a vase and scissors,,,,,,,,,0.775,,,,,,,,,,,
context_forcing+rule,0,101,scissors and a teddy bear,,,,,,,,,0.15,,,,,,,,,,,
context_forcing+rule,0,102,a teddy bear and a frisbee,,,,,,,,,0.5041666666666667,,,,,,,,,,,
context_forcing+rule,0,103,a frisbee and skis,,,,,,,,,0.0,,,,,,,,,,,
context_forcing+rule,0,104,skis and a snowboard,,,,,,,,,1.0,,,,,,,,,,,
context_forcing+rule,0,105,a snowboard and a sports ball,,,,,,,,,0.025,,,,,,,,,,,
context_forcing+rule,0,106,a sports ball and a kite,,,,,,,,,0.9958333333333333,,,,,,,,,,,
context_forcing+rule,0,107,a kite and a baseball bat,,,,,,,,,0.25,,,,,,,,,,,
context_forcing+rule,0,108,a baseball bat and a baseball glove,,,,,,,,,0.6854166666666667,,,,,,,,,,,
context_forcing+rule,0,109,a baseball glove and a skateboard,,,,,,,,,0.004166666666666667,,,,,,,,,,,
context_forcing+rule,0,110,a skateboard and a surfboard,,,,,,,,,0.5270833333333333,,,,,,,,,,,
context_forcing+rule,0,111,a surfboard and a tennis racket,,,,,,,,,1.0,,,,,,,,,,,
context_forcing+rule,0,112,a tennis racket and a bottle,,,,,,,,,1.0,,,,,,,,,,,
context_forcing+rule,0,113,a bottle and a chair,,,,,,,,,0.0,,,,,,,,,,,
context_forcing+rule,0,114,an airplane and a train,,,,,,,,,0.9,,,,,,,,,,,
context_forcing+rule,0,115,a train and a boat,,,,,,,,,1.0,,,,,,,,,,,
context_forcing+rule,0,116,a boat and an airplane,,,,,,,,,1.0,,,,,,,,,,,
context_forcing+rule,0,117,a bicycle and a car,,,,,,,,,0.9229166666666667,,,,,,,,,,,
context_forcing+rule,0,118,a car and a motorcycle,,,,,,,,,0.43333333333333335,,,,,,,,,,,
context_forcing+rule,0,119,a motorcycle and a bus,,,,,,,,,0.825,,,,,,,,,,,
context_forcing+rule,0,120,a bus and a traffic light,,,,,,,,,1.0,,,,,,,,,,,
context_forcing+rule,0,121,a traffic light and a fire hydrant,,,,,,,,,1.0,,,,,,,,,,,
context_forcing+rule,0,122,a fire hydrant and a stop sign,,,,,,,,,1.0,,,,,,,,,,,
context_forcing+rule,0,123,a stop sign and a parking meter,,,,,,,,,1.0,,,,,,,,,,,
context_forcing+rule,0,124,a parking meter and a truck,,,,,,,,,0.99375,,,,,,,,,,,
context_forcing+rule,0,125,a truck and a bicycle,,,,,,,,,1.0,,,,,,,,,,,
context_forcing+rule,0,126,a toilet and a hair drier,,,,,,,,,1.0,,,,,,,,,,,
context_forcing+rule,0,127,a hair drier and a toothbrush,,,,,,,,,0.33958333333333335,,,,,,,,,,,
context_forcing+rule,0,128,a toothbrush and a sink,,,,,,,,,1.0,,,,,,,,,,,
context_forcing+rule,0,129,a sink and a toilet,,,,,,,,,1.0,,,,,,,,,,,
context_forcing+rule,0,130,a wine glass and a chair,,,,,,,,,1.0,,,,,,,,,,,
context_forcing+rule,0,131,a cup and a couch,,,,,,,,,1.0,,,,,,,,,,,
context_forcing+rule,0,132,a fork and a potted plant,,,,,,,,,1.0,,,,,,,,,,,
context_forcing+rule,0,133,a knife and a tv,,,,,,,,,0.4125,,,,,,,,,,,
context_forcing+rule,0,134,a spoon and a laptop,,,,,,,,,0.7708333333333334,,,,,,,,,,,
context_forcing+rule,0,135,a bowl and a remote,,,,,,,,,1.0,,,,,,,,,,,
context_forcing+rule,0,136,a banana and a keyboard,,,,,,,,,1.0,,,,,,,,,,,
context_forcing+rule,0,137,an apple and a cell phone,,,,,,,,,1.0,,,,,,,,,,,
context_forcing+rule,0,138,a sandwich and a book,,,,,,,,,1.0,,,,,,,,,,,
context_forcing+rule,0,139,an orange and a clock,,,,,,,,,1.0,,,,,,,,,,,
context_forcing+rule,0,140,broccoli and a backpack,,,,,,,,,0.0,,,,,,,,,,,
context_forcing+rule,0,141,a carrot and an umbrella,,,,,,,,,0.0,,,,,,,,,,,
context_forcing+rule,0,142,a hot dog and a handbag,,,,,,,,,0.016666666666666666,,,,,,,,,,,
context_forcing+rule,0,143,a pizza and a tie,,,,,,,,,0.5125,,,,,,,,,,,
context_forcing+rule,0,144,a donut and a suitcase,,,,,,,,,1.0,,,,,,,,,,,
context_forcing+rule,0,145,a cake and a vase,,,,,,,,,0.9875,,,,,,,,,,,
context_forcing+rule,0,146,an oven and scissors,,,,,,,,,0.84375,,,,,,,,,,,
context_forcing+rule,0,147,a toaster and a teddy bear,,,,,,,,,0.9770833333333333,,,,,,,,,,,
context_forcing+rule,0,148,a microwave and a frisbee,,,,,,,,,0.07916666666666666,,,,,,,,,,,
context_forcing+rule,0,149,a refrigerator and skis,,,,,,,,,0.010416666666666666,,,,,,,,,,,
context_forcing+rule,0,150,a bicycle and an airplane,,,,,,,,,1.0,,,,,,,,,,,
context_forcing+rule,0,151,a car and a train,,,,,,,,,0.9583333333333334,,,,,,,,,,,
context_forcing+rule,0,152,a motorcycle and a boat,,,,,,,,,1.0,,,,,,,,,,,
context_forcing+rule,0,153,a person and a toilet,,,,,,,,,1.0,,,,,,,,,,,
context_forcing+rule,0,154,a person and a hair drier,,,,,,,,,0.8708333333333333,,,,,,,,,,,
context_forcing+rule,0,155,a person and a toothbrush,,,,,,,,,1.0,,,,,,,,,,,
context_forcing+rule,0,156,a person and a sink,,,,,,,,,0.025,,,,,,,,,,,
context_forcing+rule,0,157,A person is riding a bike,,,,,,,,,,1.0,,,,,,,,,,
context_forcing+rule,0,158,A person is marching,,,,,,,,,,0.0,,,,,,,,,,
context_forcing+rule,0,159,A person is roller skating,,,,,,,,,,1.0,,,,,,,,,,
context_forcing+rule,0,160,A person is tasting beer,,,,,,,,,,1.0,,,,,,,,,,
context_forcing+rule,0,161,A person is clapping,,,,,,,,,,1.0,,,,,,,,,,
context_forcing+rule,0,162,A person is drawing,,,,,,,,,,1.0,,,,,,,,,,
context_forcing+rule,0,163,A person is petting animal (not cat),,,,,,,,,,1.0,,,,,,,,,,
context_forcing+rule,0,164,A person is eating watermelon,,,,,,,,,,1.0,,,,,,,,,,
context_forcing+rule,0,165,A person is playing harp,,,,,,,,,,1.0,,,,,,,,,,
context_forcing+rule,0,166,A person is wrestling,,,,,,,,,,1.0,,,,,,,,,,
context_forcing+rule,0,167,A person is riding scooter,,,,,,,,,,1.0,,,,,,,,,,
context_forcing+rule,0,168,A person is sweeping floor,,,,,,,,,,1.0,,,,,,,,,,
context_forcing+rule,0,169,A person is skateboarding,,,,,,,,,,1.0,,,,,,,,,,
context_forcing+rule,0,170,A person is dunking basketball,,,,,,,,,,1.0,,,,,,,,,,
context_forcing+rule,0,171,A person is playing flute,,,,,,,,,,1.0,,,,,,,,,,
context_forcing+rule,0,172,A person is stretching leg,,,,,,,,,,1.0,,,,,,,,,,
context_forcing+rule,0,173,A person is tying tie,,,,,,,,,,1.0,,,,,,,,,,
context_forcing+rule,0,174,A person is skydiving,,,,,,,,,,1.0,,,,,,,,,,
context_forcing+rule,0,175,A person is shooting goal (soccer),,,,,,,,,,0.3333333333333333,,,,,,,,,,
context_forcing+rule,0,176,A person is playing piano,,,,,,,,,,1.0,,,,,,,,,,
context_forcing+rule,0,177,A person is finger snapping,,,,,,,,,,1.0,,,,,,,,,,
context_forcing+rule,0,178,A person is canoeing or kayaking,,,,,,,,,,1.0,,,,,,,,,,
context_forcing+rule,0,179,A person is laughing,,,,,,,,,,1.0,,,,,,,,,,
context_forcing+rule,0,180,A person is digging,,,,,,,,,,0.8333333333333334,,,,,,,,,,
context_forcing+rule,0,181,A person is clay pottery making,,,,,,,,,,1.0,,,,,,,,,,
context_forcing+rule,0,182,A person is shooting basketball,,,,,,,,,,1.0,,,,,,,,,,
context_forcing+rule,0,183,A person is bending back,,,,,,,,,,0.5,,,,,,,,,,
context_forcing+rule,0,184,A person is shaking hands,,,,,,,,,,1.0,,,,,,,,,,
context_forcing+rule,0,185,A person is bandaging,,,,,,,,,,1.0,,,,,,,,,,
context_forcing+rule,0,186,A person is push up,,,,,,,,,,1.0,,,,,,,,,,
context_forcing+rule,0,187,A person is catching or throwing frisbee,,,,,,,,,,1.0,,,,,,,,,,
context_forcing+rule,0,188,A person is playing trumpet,,,,,,,,,,1.0,,,,,,,,,,
context_forcing+rule,0,189,A person is flying kite,,,,,,,,,,0.8333333333333334,,,,,,,,,,
context_forcing+rule,0,190,A person is filling eyebrows,,,,,,,,,,1.0,,,,,,,,,,
context_forcing+rule,0,191,A person is shuffling cards,,,,,,,,,,1.0,,,,,,,,,,
context_forcing+rule,0,192,A person is folding clothes,,,,,,,,,,1.0,,,,,,,,,,
context_forcing+rule,0,193,A person is smoking,,,,,,,,,,1.0,,,,,,,,,,
context_forcing+rule,0,194,A person is tai chi,,,,,,,,,,0.6666666666666666,,,,,,,,,,
context_forcing+rule,0,195,A person is squat,,,,,,,,,,0.0,,,,,,,,,,
context_forcing+rule,0,196,A person is playing controller,,,,,,,,,,1.0,,,,,,,,,,
context_forcing+rule,0,197,A person is throwing axe,,,,,,,,,,1.0,,,,,,,,,,
context_forcing+rule,0,198,A person is giving or receiving award,,,,,,,,,,1.0,,,,,,,,,,
context_forcing+rule,0,199,A person is air drumming,,,,,,,,,,1.0,,,,,,,,,,
context_forcing+rule,0,200,A person is taking a shower,,,,,,,,,,1.0,,,,,,,,,,
context_forcing+rule,0,201,A person is planting trees,,,,,,,,,,1.0,,,,,,,,,,
context_forcing+rule,0,202,A person is sharpening knives,,,,,,,,,,1.0,,,,,,,,,,
context_forcing+rule,0,203,A person is robot dancing,,,,,,,,,,1.0,,,,,,,,,,
context_forcing+rule,0,204,A person is rock climbing,,,,,,,,,,1.0,,,,,,,,,,
context_forcing+rule,0,205,A person is hula hooping,,,,,,,,,,1.0,,,,,,,,,,
context_forcing+rule,0,206,A person is writing,,,,,,,,,,1.0,,,,,,,,,,
context_forcing+rule,0,207,A person is bungee jumping,,,,,,,,,,0.6666666666666666,,,,,,,,,,
context_forcing+rule,0,208,A person is pushing cart,,,,,,,,,,0.16666666666666666,,,,,,,,,,
context_forcing+rule,0,209,A person is cleaning windows,,,,,,,,,,1.0,,,,,,,,,,
context_forcing+rule,0,210,A person is cutting watermelon,,,,,,,,,,1.0,,,,,,,,,,
context_forcing+rule,0,211,A person is cheerleading,,,,,,,,,,1.0,,,,,,,,,,
context_forcing+rule,0,212,A person is washing hands,,,,,,,,,,1.0,,,,,,,,,,
context_forcing+rule,0,213,A person is ironing,,,,,,,,,,1.0,,,,,,,,,,
context_forcing+rule,0,214,A person is cutting nails,,,,,,,,,,1.0,,,,,,,,,,
context_forcing+rule,0,215,A person is hugging,,,,,,,,,,1.0,,,,,,,,,,
context_forcing+rule,0,216,A person is trimming or shaving beard,,,,,,,,,,1.0,,,,,,,,,,
context_forcing+rule,0,217,A person is jogging,,,,,,,,,,1.0,,,,,,,,,,
context_forcing+rule,0,218,A person is making bed,,,,,,,,,,1.0,,,,,,,,,,
context_forcing+rule,0,219,A person is washing dishes,,,,,,,,,,1.0,,,,,,,,,,
context_forcing+rule,0,220,A person is grooming dog,,,,,,,,,,1.0,,,,,,,,,,
context_forcing+rule,0,221,A person is doing laundry,,,,,,,,,,1.0,,,,,,,,,,
context_forcing+rule,0,222,A person is knitting,,,,,,,,,,1.0,,,,,,,,,,
context_forcing+rule,0,223,A person is reading book,,,,,,,,,,1.0,,,,,,,,,,
context_forcing+rule,0,224,A person is baby waking up,,,,,,,,,,1.0,,,,,,,,,,
context_forcing+rule,0,225,A person is massaging legs,,,,,,,,,,1.0,,,,,,,,,,
context_forcing+rule,0,226,A person is brushing teeth,,,,,,,,,,1.0,,,,,,,,,,
context_forcing+rule,0,227,A person is crawling baby,,,,,,,,,,1.0,,,,,,,,,,
context_forcing+rule,0,228,A person is motorcycling,,,,,,,,,,1.0,,,,,,,,,,
context_forcing+rule,0,229,A person is driving car,,,,,,,,,,1.0,,,,,,,,,,
context_forcing+rule,0,230,A person is sticking tongue out,,,,,,,,,,1.0,,,,,,,,,,
context_forcing+rule,0,231,A person is shaking head,,,,,,,,,,1.0,,,,,,,,,,
context_forcing+rule,0,232,A person is sword fighting,,,,,,,,,,1.0,,,,,,,,,,
context_forcing+rule,0,233,A person is doing aerobics,,,,,,,,,,1.0,,,,,,,,,,
context_forcing+rule,0,234,A person is strumming guitar,,,,,,,,,,1.0,,,,,,,,,,
context_forcing+rule,0,235,A person is riding or walking with horse,,,,,,,,,,1.0,,,,,,,,,,
context_forcing+rule,0,236,A person is archery,,,,,,,,,,1.0,,,,,,,,,,
context_forcing+rule,0,237,A person is catching or throwing baseball,,,,,,,,,,1.0,,,,,,,,,,
context_forcing+rule,0,238,A person is playing chess,,,,,,,,,,1.0,,,,,,,,,,
context_forcing+rule,0,239,A person is rock scissors paper,,,,,,,,,,0.0,,,,,,,,,,
context_forcing+rule,0,240,A person is using computer,,,,,,,,,,1.0,,,,,,,,,,
context_forcing+rule,0,241,A person is arranging flowers,,,,,,,,,,1.0,,,,,,,,,,
context_forcing+rule,0,242,A person is bending metal,,,,,,,,,,1.0,,,,,,,,,,
context_forcing+rule,0,243,A person is ice skating,,,,,,,,,,1.0,,,,,,,,,,
context_forcing+rule,0,244,A person is climbing a rope,,,,,,,,,,1.0,,,,,,,,,,
context_forcing+rule,0,245,A person is crying,,,,,,,,,,1.0,,,,,,,,,,
context_forcing+rule,0,246,A person is dancing ballet,,,,,,,,,,1.0,,,,,,,,,,
context_forcing+rule,0,247,A person is getting a haircut,,,,,,,,,,1.0,,,,,,,,,,
context_forcing+rule,0,248,A person is running on treadmill,,,,,,,,,,1.0,,,,,,,,,,
context_forcing+rule,0,249,A person is kissing,,,,,,,,,,1.0,,,,,,,,,,
context_forcing+rule,0,250,A person is counting money,,,,,,,,,,0.6666666666666666,,,,,,,,,,
context_forcing+rule,0,251,A person is barbequing,,,,,,,,,,1.0,,,,,,,,,,
context_forcing+rule,0,252,A person is peeling apples,,,,,,,,,,1.0,,,,,,,,,,
context_forcing+rule,0,253,A person is milking cow,,,,,,,,,,1.0,,,,,,,,,,
context_forcing+rule,0,254,A person is shining shoes,,,,,,,,,,1.0,,,,,,,,,,
context_forcing+rule,0,255,A person is making snowman,,,,,,,,,,1.0,,,,,,,,,,
context_forcing+rule,0,256,A person is sailing,,,,,,,,,,1.0,,,,,,,,,,
context_forcing+rule,0,257,a person swimming in ocean,0.9821000606889772,,,0.9865850048312594,,,0.8666666666666667,,,,,,,,,,0.9810736087701654,0.8278689882878599,,
context_forcing+rule,0,258,a person giving a presentation to a room full of colleagues,0.9931349271914777,,,0.9967680153023342,,,0.0,,,,,,,,,,0.9953166957824461,0.9372626409448427,,
context_forcing+rule,0,259,a person washing the dishes,0.9805203157853544,,,0.992372029022762,,,0.5333333333333333,,,,,,,,,,0.9760003932060735,0.8462337543224466,,
context_forcing+rule,0,260,a person eating a burger,0.9856207888864258,,,0.9943062232324079,,,0.06666666666666667,,,,,,,,,,0.9828666762318663,0.8925032677321598,,
context_forcing+rule,0,261,a person walking in the snowstorm,0.9774914817684678,,,0.9866510792867716,,,0.6666666666666666,,,,,,,,,,0.9701202340984858,0.8446646548550705,,
context_forcing+rule,0,262,a person drinking coffee in a cafe,0.9887891143530513,,,0.9946547168061493,,,0.0,,,,,,,,,,0.989034674981589,0.8962712000156271,,
context_forcing+rule,0,263,a person playing guitar,0.9965401264395265,,,0.9947184193329517,,,0.03333333333333333,,,,,,,,,,0.9978435596791647,0.9869784075638344,,
context_forcing+rule,0,264,a bicycle leaning against a tree,0.9938686442590993,,,0.9946924698980969,,,0.03333333333333333,,,,,,,,,,0.9950087455011183,0.9573997403013295,,
context_forcing+rule,0,265,a bicycle gliding through a snowy field,0.987821830011708,,,0.9840060524653536,,,1.0,,,,,,,,,,0.9858029949408704,0.9209835529327393,,
context_forcing+rule,0,266,a bicycle slowing down to stop,0.9724684438227492,,,0.9906054281330884,,,0.3,,,,,,,,,,0.9840174185332429,0.6652285574839033,,
context_forcing+rule,0,267,a bicycle accelerating to gain speed,0.9817340955146624,,,0.9744500550917777,,,1.0,,,,,,,,,,0.9747137956721806,0.9008127625646263,,
context_forcing+rule,0,268,a car stuck in traffic during rush hour,0.977194421968896,,,0.9910006721138717,,,1.0,,,,,,,,,,0.9900050273826044,0.6876545193894156,,
context_forcing+rule,0,269,a car turning a corner,0.9325549384404656,,,0.9603695842832919,,,1.0,,,,,,,,,,0.9082457739819763,0.6363247766576964,,
context_forcing+rule,0,270,a car slowing down to stop,0.9682363178549436,,,0.9917966643652357,,,0.6666666666666666,,,,,,,,,,0.9812584130994735,0.6218870017549087,,
context_forcing+rule,0,271,a car accelerating to gain speed,0.9482365920735597,,,0.982723552855229,,,1.0,,,,,,,,,,0.9491159650266814,0.5771584456850742,,
context_forcing+rule,0,272,a motorcycle cruising along a coastal highway,0.9882848976853572,,,0.9878634529990175,,,0.9666666666666667,,,,,,,,,,0.9859801523788001,0.9327237441621977,,
context_forcing+rule,0,273,a motorcycle turning a corner,0.9734834346251604,,,0.9276009473690948,,,1.0,,,,,,,,,,0.9667605607099429,0.8064528261793071,,
context_forcing+rule,0,274,a motorcycle slowing down to stop,0.9274444868958491,,,0.9768808588076435,,,1.0,,,,,,,,,,0.9203346840476475,0.5148061842753969,,
context_forcing+rule,0,275,a motorcycle gliding through a snowy field,0.9918892192402613,,,0.9931250075502066,,,0.16666666666666666,,,,,,,,,,0.9931794404022154,0.9328405528232969,,
context_forcing+rule,0,276,a motorcycle accelerating to gain speed,0.9769932179940397,,,0.9800779966392124,,,1.0,,,,,,,,,,0.9692324918123985,0.8437030418165798,,
context_forcing+rule,0,277,an airplane soaring through a clear blue sky,0.9916914768447213,,,0.9943602669863648,,,1.0,,,,,,,,,,0.9937458937847485,0.9172595770194613,,
context_forcing+rule,0,278,an airplane taking off,0.9761126159584982,,,0.990025204582961,,,0.6333333333333333,,,,,,,,,,0.9828438880623029,0.7173618869534855,,
context_forcing+rule,0,279,an airplane landing smoothly on a runway,0.9865114172075382,,,0.9927379214586476,,,0.7666666666666667,,,,,,,,,,0.9913094919855877,0.818015278413378,,
context_forcing+rule,0,280,an airplane accelerating to gain speed,0.952335783866994,,,0.9815323069198297,,,1.0,,,,,,,,,,0.9615323168936596,0.556003113245142,,
context_forcing+rule,0,281,a bus turning a corner,0.9451209533776938,,,0.9844030705119475,,,1.0,,,,,,,,,,0.9380829255106627,0.6022604333943334,,
context_forcing+rule,0,282,a bus stuck in traffic during rush hour,0.9754103588872803,,,0.9623699047888387,,,1.0,,,,,,,,,,0.965945856609652,0.8447718938876843,,
context_forcing+rule,0,283,a bus accelerating to gain speed,0.9518904089939798,,,0.9602631128323836,,,1.0,,,,,,,,,,0.9459536996259484,0.6440095901489258,,
context_forcing+rule,0,284,a train speeding down the tracks,0.9484490015671599,,,0.9775815896283727,,,1.0,,,,,,,,,,0.9478575512286155,0.5892856347149816,,
context_forcing+rule,0,285,a train crossing over a tall bridge,0.9533809447148619,,,0.9792201878124823,,,0.9333333333333333,,,,,,,,,,0.9457625271812561,0.6661296563929525,,
context_forcing+rule,0,286,a train accelerating to gain speed,0.9898828899737026,,,0.9863172291061486,,,1.0,,,,,,,,,,0.9874763248107766,0.9514719052561398,,
context_forcing+rule,0,287,a truck turning a corner,0.9521129612851563,,,0.9879441138865032,,,0.7333333333333333,,,,,,,,,,0.9676984447304923,0.5245823220446192,,
context_forcing+rule,0,288,a truck anchored in a tranquil bay,0.9937429369329194,,,0.9907123052948624,,,0.06666666666666667,,,,,,,,,,0.9945075096943045,0.9616467068935263,,
context_forcing+rule,0,289,a truck stuck in traffic during rush hour,0.9544368968174136,,,0.9762093132308716,,,1.0,,,,,,,,,,0.9349773764610291,0.7523404799144844,,
context_forcing+rule,0,290,a truck slowing down to stop,0.9841287658190068,,,0.9881362804379527,,,0.6333333333333333,,,,,,,,,,0.9875136112654079,0.8110734306532761,,
context_forcing+rule,0,291,a truck accelerating to gain speed,0.9924689298007802,,,0.992858961244309,,,0.6,,,,,,,,,,0.9931435949379399,0.9461691564527052,,
context_forcing+rule,0,292,a boat sailing smoothly on a calm lake,0.9920476235151525,,,0.9915354287993687,,,0.8666666666666667,,,,,,,,,,0.9951831821151961,0.90372912534352,,
context_forcing+rule,0,293,a boat slowing down to stop,0.9861522644911427,,,0.9893999844413373,,,1.0,,,,,,,,,,0.984935539384042,0.8734673713815624,,
context_forcing+rule,0,294,a boat accelerating to gain speed,0.9771505315011505,,,0.9778355694601558,,,1.0,,,,,,,,,,0.9834786716007416,0.7263212938760889,,
context_forcing+rule,0,295,a bird soaring gracefully in the sky,0.9915381803685837,,,0.996141276987261,,,0.0,,,,,,,,,,0.9956485763672859,0.874626992077663,,
context_forcing+rule,0,296,a bird building a nest from twigs and leaves,0.9862007236054754,,,0.9924184075566659,,,0.26666666666666666,,,,,,,,,,0.983620791762106,0.9012984869808986,,
context_forcing+rule,0,297,a bird flying over a snowy forest,0.9731150192906012,,,0.9886897475539657,,,0.7,,,,,,,,,,0.9745744564199958,0.7321978303892859,,
context_forcing+rule,0,298,a cat grooming itself meticulously with its tongue,0.9919984201119991,,,0.9940433502536518,,,0.0,,,,,,,,,,0.993049627318177,0.9371884023321086,,
context_forcing+rule,0,299,a cat playing in park,0.9842875769895076,,,0.9807697826326043,,,0.7333333333333333,,,,,,,,,,0.9815614889385879,0.8679520292528744,,
context_forcing+rule,0,300,a cat drinking water,0.9886043490502423,,,0.9914624012654086,,,0.06666666666666667,,,,,,,,,,0.9885235568528535,0.8994344688695053,,
context_forcing+rule,0,301,a cat running happily,0.9830934349121295,,,0.9710967699517484,,,1.0,,,,,,,,,,0.9846665848006487,0.8166328308911159,,
context_forcing+rule,0,302,a dog enjoying a peaceful walk,0.9884215493164239,,,0.9904167987952839,,,0.9,,,,,,,,,,0.9898039249322749,0.8682430283776645,,
context_forcing+rule,0,303,a dog playing in park,0.9754272860922871,,,0.9879505515869692,,,1.0,,,,,,,,,,0.9693981143736071,0.8161757763089805,,
context_forcing+rule,0,304,a dog drinking water,0.9905635570690134,,,0.9908637102443068,,,0.7,,,,,,,,,,0.9905221362908682,0.9329152168898747,,
context_forcing+rule,0,305,a dog running happily,0.9697796627989342,,,0.9846368982819862,,,0.9666666666666667,,,,,,,,,,0.969197848663535,0.7234321236610413,,
context_forcing+rule,0,306,a horse bending down to drink water from a river,0.9906837576088986,,,0.991400365726775,,,0.0,,,,,,,,,,0.9892180813897041,0.9496925308786589,,
context_forcing+rule,0,307,a horse galloping across an open field,0.9896212140358621,,,0.9891429025002095,,,1.0,,,,,,,,,,0.9908708399662409,0.8924292408186814,,
context_forcing+rule,0,308,a horse taking a peaceful walk,0.9860869367322663,,,0.9933618395969501,,,1.0,,,,,,,,,,0.9915840515526392,0.8099616200759493,,
context_forcing+rule,0,309,a horse running to join a herd of its kind,0.9844744533296548,,,0.971701639027673,,,1.0,,,,,,,,,,0.9798324533047214,0.9075096321517023,,
context_forcing+rule,0,310,a sheep bending down to drink water from a river,0.9869875864269999,,,0.9930220163736199,,,0.3333333333333333,,,,,,,,,,0.98127608779938,0.9570020478347252,,
context_forcing+rule,0,311,a sheep taking a peaceful walk,0.987188401852178,,,0.9835767508260129,,,0.9666666666666667,,,,,,,,,,0.9863257150175753,0.8862362617048724,,
context_forcing+rule,0,312,a sheep running to join a herd of its kind,0.9840308402317169,,,0.9771852974563223,,,1.0,,,,,,,,,,0.9805704487587816,0.875878376179728,,
context_forcing+rule,0,313,a cow bending down to drink water from a river,0.9704473856923078,,,0.9926429251435559,,,0.06666666666666667,,,,,,,,,,0.9848895538878697,0.6283995303614386,,
context_forcing+rule,0,314,a cow chewing cud while resting in a tranquil barn,0.9939712832792239,,,0.990995122450096,,,0.03333333333333333,,,,,,,,,,0.994577045274037,0.9707326930144737,,
context_forcing+rule,0,315,a cow running to join a herd of its kind,0.9750970275773572,,,0.9519989390650313,,,1.0,,,,,,,,,,0.9643364090432403,0.8546024160138492,,
context_forcing+rule,0,316,an elephant spraying itself with water using its trunk to cool down,0.9924074544177306,,,0.9902865298202612,,,0.03333333333333333,,,,,,,,,,0.9916518009157591,0.9669639016019886,,
context_forcing+rule,0,317,an elephant taking a peaceful walk,0.9910166770869157,,,0.9920992257037548,,,0.06666666666666667,,,,,,,,,,0.9920130771013996,0.924034329323933,,
context_forcing+rule,0,318,an elephant running to join a herd of its kind,0.9821640790024649,,,0.9780605611898426,,,1.0,,,,,,,,,,0.9740004837192514,0.929255585218298,,
context_forcing+rule,0,319,a bear catching a salmon in its powerful jaws,0.9864683407354029,,,0.9916432607713372,,,0.03333333333333333,,,,,,,,,,0.987423635298206,0.8505496968483103,,
context_forcing+rule,0,320,a bear sniffing the air for scents of food,0.9949260484430964,,,0.9947063694067371,,,0.0,,,,,,,,,,0.9968800010540152,0.9614662949381203,,
context_forcing+rule,0,321,a bear climbing a tree,0.9829995153852796,,,0.9916645234917624,,,0.5,,,,,,,,,,0.9793958648558587,0.8632691142887905,,
context_forcing+rule,0,322,a bear hunting for prey,0.9874704574983839,,,0.9908870452855287,,,0.3333333333333333,,,,,,,,,,0.9856676730096982,0.9104166133650418,,
context_forcing+rule,0,323,a zebra bending down to drink water from a river,0.9947915658266423,,,0.9909835938009165,,,0.0,,,,,,,,,,0.9969546833345967,0.9560484279846323,,
context_forcing+rule,0,324,a zebra running to join a herd of its kind,0.9835841378341107,,,0.9551484567973976,,,1.0,,,,,,,,,,0.9806900984497481,0.8618432612254702,,
context_forcing+rule,0,325,a zebra taking a peaceful walk,0.9907320246258623,,,0.990155638433258,,,0.36666666666666664,,,,,,,,,,0.9928817464459327,0.8971369102083403,,
context_forcing+rule,0,326,a giraffe bending down to drink water from a river,0.9886680265792221,,,0.9922290371057014,,,0.1,,,,,,,,,,0.9877081769128001,0.9170868437865685,,
context_forcing+rule,0,327,a giraffe taking a peaceful walk,0.9907200919281931,,,0.9870655166785375,,,0.16666666666666666,,,,,,,,,,0.9920836713685784,0.9119828281731441,,
context_forcing+rule,0,328,a giraffe running to join a herd of its kind,0.968367093853938,,,0.9391486948471219,,,1.0,,,,,,,,,,0.9496883424699948,0.8683191363153786,,
context_forcing+rule,0,329,a person,,,,,,,,1.0,,,,,,,,,,,,
context_forcing+rule,0,330,a bicycle,,,,,,,,1.0,,,,,,,,,,,,
context_forcing+rule,0,331,a car,,,,,,,,1.0,,,,,,,,,,,,
context_forcing+rule,0,332,a motorcycle,,,,,,,,0.5916666666666667,,,,,,,,,,,,
context_forcing+rule,0,333,an airplane,,,,,,,,1.0,,,,,,,,,,,,
context_forcing+rule,0,334,a bus,,,,,,,,1.0,,,,,,,,,,,,
context_forcing+rule,0,335,a train,,,,,,,,0.99375,,,,,,,,,,,,
context_forcing+rule,0,336,a truck,,,,,,,,1.0,,,,,,,,,,,,
context_forcing+rule,0,337,a boat,,,,,,,,1.0,,,,,,,,,,,,
context_forcing+rule,0,338,a traffic light,,,,,,,,1.0,,,,,,,,,,,,
context_forcing+rule,0,339,a fire hydrant,,,,,,,,1.0,,,,,,,,,,,,
context_forcing+rule,0,340,a stop sign,,,,,,,,1.0,,,,,,,,,,,,
context_forcing+rule,0,341,a parking meter,,,,,,,,1.0,,,,,,,,,,,,
context_forcing+rule,0,342,a bench,,,,,,,,1.0,,,,,,,,,,,,
context_forcing+rule,0,343,a bird,,,,,,,,0.95,,,,,,,,,,,,
context_forcing+rule,0,344,a cat,,,,,,,,1.0,,,,,,,,,,,,
context_forcing+rule,0,345,a dog,,,,,,,,1.0,,,,,,,,,,,,
context_forcing+rule,0,346,a horse,,,,,,,,1.0,,,,,,,,,,,,
context_forcing+rule,0,347,a sheep,,,,,,,,1.0,,,,,,,,,,,,
context_forcing+rule,0,348,a cow,,,,,,,,1.0,,,,,,,,,,,,
context_forcing+rule,0,349,an elephant,,,,,,,,1.0,,,,,,,,,,,,
context_forcing+rule,0,350,a bear,,,,,,,,0.83125,,,,,,,,,,,,
context_forcing+rule,0,351,a zebra,,,,,,,,1.0,,,,,,,,,,,,
context_forcing+rule,0,352,a giraffe,,,,,,,,1.0,,,,,,,,,,,,
context_forcing+rule,0,353,a backpack,,,,,,,,0.029166666666666667,,,,,,,,,,,,
context_forcing+rule,0,354,an umbrella,,,,,,,,1.0,,,,,,,,,,,,
context_forcing+rule,0,355,a handbag,,,,,,,,1.0,,,,,,,,,,,,
context_forcing+rule,0,356,a tie,,,,,,,,0.0,,,,,,,,,,,,
context_forcing+rule,0,357,a suitcase,,,,,,,,1.0,,,,,,,,,,,,
context_forcing+rule,0,358,a frisbee,,,,,,,,0.8729166666666667,,,,,,,,,,,,
context_forcing+rule,0,359,skis,,,,,,,,1.0,,,,,,,,,,,,
context_forcing+rule,0,360,a snowboard,,,,,,,,0.65625,,,,,,,,,,,,
context_forcing+rule,0,361,a sports ball,,,,,,,,0.9625,,,,,,,,,,,,
context_forcing+rule,0,362,a kite,,,,,,,,1.0,,,,,,,,,,,,
context_forcing+rule,0,363,a baseball bat,,,,,,,,0.05625,,,,,,,,,,,,
context_forcing+rule,0,364,a baseball glove,,,,,,,,0.0,,,,,,,,,,,,
context_forcing+rule,0,365,a skateboard,,,,,,,,1.0,,,,,,,,,,,,
context_forcing+rule,0,366,a surfboard,,,,,,,,1.0,,,,,,,,,,,,
context_forcing+rule,0,367,a tennis racket,,,,,,,,1.0,,,,,,,,,,,,
context_forcing+rule,0,368,a bottle,,,,,,,,1.0,,,,,,,,,,,,
context_forcing+rule,0,369,a wine glass,,,,,,,,1.0,,,,,,,,,,,,
context_forcing+rule,0,370,a cup,,,,,,,,1.0,,,,,,,,,,,,
context_forcing+rule,0,371,a fork,,,,,,,,1.0,,,,,,,,,,,,
context_forcing+rule,0,372,a knife,,,,,,,,0.0,,,,,,,,,,,,
context_forcing+rule,0,373,a spoon,,,,,,,,0.40208333333333335,,,,,,,,,,,,
context_forcing+rule,0,374,a bowl,,,,,,,,1.0,,,,,,,,,,,,
context_forcing+rule,0,375,a banana,,,,,,,,1.0,,,,,,,,,,,,
context_forcing+rule,0,376,an apple,,,,,,,,1.0,,,,,,,,,,,,
context_forcing+rule,0,377,a sandwich,,,,,,,,0.9666666666666667,,,,,,,,,,,,
context_forcing+rule,0,378,an orange,,,,,,,,0.11458333333333333,,,,,,,,,,,,
context_forcing+rule,0,379,broccoli,,,,,,,,1.0,,,,,,,,,,,,
context_forcing+rule,0,380,a carrot,,,,,,,,0.0,,,,,,,,,,,,
context_forcing+rule,0,381,a hot dog,,,,,,,,1.0,,,,,,,,,,,,
context_forcing+rule,0,382,a pizza,,,,,,,,1.0,,,,,,,,,,,,
context_forcing+rule,0,383,a donut,,,,,,,,0.9979166666666667,,,,,,,,,,,,
context_forcing+rule,0,384,a cake,,,,,,,,1.0,,,,,,,,,,,,
context_forcing+rule,0,385,a chair,,,,,,,,1.0,,,,,,,,,,,,
context_forcing+rule,0,386,a couch,,,,,,,,1.0,,,,,,,,,,,,
context_forcing+rule,0,387,a potted plant,,,,,,,,1.0,,,,,,,,,,,,
context_forcing+rule,0,388,a bed,,,,,,,,1.0,,,,,,,,,,,,
context_forcing+rule,0,389,a dining table,,,,,,,,1.0,,,,,,,,,,,,
context_forcing+rule,0,390,a toilet,,,,,,,,1.0,,,,,,,,,,,,
context_forcing+rule,0,391,a tv,,,,,,,,1.0,,,,,,,,,,,,
context_forcing+rule,0,392,a laptop,,,,,,,,0.8854166666666666,,,,,,,,,,,,
context_forcing+rule,0,393,a remote,,,,,,,,0.13125,,,,,,,,,,,,
context_forcing+rule,0,394,a keyboard,,,,,,,,1.0,,,,,,,,,,,,
context_forcing+rule,0,395,a cell phone,,,,,,,,1.0,,,,,,,,,,,,
context_forcing+rule,0,396,a microwave,,,,,,,,1.0,,,,,,,,,,,,
context_forcing+rule,0,397,an oven,,,,,,,,1.0,,,,,,,,,,,,
context_forcing+rule,0,398,a toaster,,,,,,,,0.5041666666666667,,,,,,,,,,,,
context_forcing+rule,0,399,a sink,,,,,,,,1.0,,,,,,,,,,,,
context_forcing+rule,0,400,a refrigerator,,,,,,,,1.0,,,,,,,,,,,,
context_forcing+rule,0,401,a book,,,,,,,,0.9666666666666667,,,,,,,,,,,,
context_forcing+rule,0,402,a clock,,,,,,,,1.0,,,,,,,,,,,,
context_forcing+rule,0,403,a vase,,,,,,,,1.0,,,,,,,,,,,,
context_forcing+rule,0,404,scissors,,,,,,,,1.0,,,,,,,,,,,,
context_forcing+rule,0,405,a teddy bear,,,,,,,,1.0,,,,,,,,,,,,
context_forcing+rule,0,406,a hair drier,,,,,,,,1.0,,,,,,,,,,,,
context_forcing+rule,0,407,a toothbrush,,,,,,,,1.0,,,,,,,,,,,,
context_forcing+rule,0,408,a red bicycle,,,,,,,,,,,1.0,,,,,,,,,
context_forcing+rule,0,409,a green bicycle,,,,,,,,,,,,,,,,,,,,
context_forcing+rule,0,410,a blue bicycle,,,,,,,,,,,0.9854166666666667,,,,,,,,,
context_forcing+rule,0,411,a yellow bicycle,,,,,,,,,,,1.0,,,,,,,,,
context_forcing+rule,0,412,an orange bicycle,,,,,,,,,,,0.1,,,,,,,,,
context_forcing+rule,0,413,a purple bicycle,,,,,,,,,,,0.99375,,,,,,,,,
context_forcing+rule,0,414,a pink bicycle,,,,,,,,,,,1.0,,,,,,,,,
context_forcing+rule,0,415,a black bicycle,,,,,,,,,,,0.9770833333333333,,,,,,,,,
context_forcing+rule,0,416,a white bicycle,,,,,,,,,,,1.0,,,,,,,,,
context_forcing+rule,0,417,a red car,,,,,,,,,,,1.0,,,,,,,,,
context_forcing+rule,0,418,a green car,,,,,,,,,,,0.9977011494252873,,,,,,,,,
context_forcing+rule,0,419,a blue car,,,,,,,,,,,1.0,,,,,,,,,
context_forcing+rule,0,420,a yellow car,,,,,,,,,,,1.0,,,,,,,,,
context_forcing+rule,0,421,an orange car,,,,,,,,,,,0.89375,,,,,,,,,
context_forcing+rule,0,422,a purple car,,,,,,,,,,,0.83125,,,,,,,,,
context_forcing+rule,0,423,a pink car,,,,,,,,,,,1.0,,,,,,,,,
context_forcing+rule,0,424,a black car,,,,,,,,,,,0.8998751248751249,,,,,,,,,
context_forcing+rule,0,425,a white car,,,,,,,,,,,0.7209325396825397,,,,,,,,,
context_forcing+rule,0,426,a red bird,,,,,,,,,,,1.0,,,,,,,,,
context_forcing+rule,0,427,a green bird,,,,,,,,,,,1.0,,,,,,,,,
context_forcing+rule,0,428,a blue bird,,,,,,,,,,,1.0,,,,,,,,,
context_forcing+rule,0,429,a yellow bird,,,,,,,,,,,0.521626984126984,,,,,,,,,
context_forcing+rule,0,430,an orange bird,,,,,,,,,,,1.0,,,,,,,,,
context_forcing+rule,0,431,a purple bird,,,,,,,,,,,0.5020833333333333,,,,,,,,,
context_forcing+rule,0,432,a pink bird,,,,,,,,,,,0.575,,,,,,,,,
context_forcing+rule,0,433,a black bird,,,,,,,,,,,0.4211111111111111,,,,,,,,,
context_forcing+rule,0,434,a white bird,,,,,,,,,,,0.9416666666666667,,,,,,,,,
context_forcing+rule,0,435,a black cat,,,,,,,,,,,1.0,,,,,,,,,
context_forcing+rule,0,436,a white cat,,,,,,,,,,,1.0,,,,,,,,,
context_forcing+rule,0,437,an orange cat,,,,,,,,,,,1.0,,,,,,,,,
context_forcing+rule,0,438,a yellow cat,,,,,,,,,,,0.16594827586206898,,,,,,,,,
context_forcing+rule,0,439,a red umbrella,,,,,,,,,,,0.9793978748524204,,,,,,,,,
context_forcing+rule,0,440,a green umbrella,,,,,,,,,,,0.853448275862069,,,,,,,,,
context_forcing+rule,0,441,a blue umbrella,,,,,,,,,,,0.732795399045399,,,,,,,,,
context_forcing+rule,0,442,a yellow umbrella,,,,,,,,,,,0.6916666666666667,,,,,,,,,
context_forcing+rule,0,443,an orange umbrella,,,,,,,,,,,0.8458333333333333,,,,,,,,,
context_forcing+rule,0,444,a purple umbrella,,,,,,,,,,,0.7115079365079366,,,,,,,,,
context_forcing+rule,0,445,a pink umbrella,,,,,,,,,,,0.99375,,,,,,,,,
context_forcing+rule,0,446,a black umbrella,,,,,,,,,,,0.43095419073679947,,,,,,,,,
context_forcing+rule,0,447,a white umbrella,,,,,,,,,,,0.670875850340136,,,,,,,,,
context_forcing+rule,0,448,a red suitcase,,,,,,,,,,,1.0,,,,,,,,,
context_forcing+rule,0,449,a green suitcase,,,,,,,,,,,1.0,,,,,,,,,
context_forcing+rule,0,450,a blue suitcase,,,,,,,,,,,1.0,,,,,,,,,
context_forcing+rule,0,451,a yellow suitcase,,,,,,,,,,,1.0,,,,,,,,,
context_forcing+rule,0,452,an orange suitcase,,,,,,,,,,,0.5603741496598639,,,,,,,,,
context_forcing+rule,0,453,a purple suitcase,,,,,,,,,,,0.775,,,,,,,,,
context_forcing+rule,0,454,a pink suitcase,,,,,,,,,,,1.0,,,,,,,,,
context_forcing+rule,0,455,a black suitcase,,,,,,,,,,,1.0,,,,,,,,,
context_forcing+rule,0,456,a white suitcase,,,,,,,,,,,,,,,,,,,,
context_forcing+rule,0,457,a red bowl,,,,,,,,,,,1.0,,,,,,,,,
context_forcing+rule,0,458,a green bowl,,,,,,,,,,,1.0,,,,,,,,,
context_forcing+rule,0,459,a blue bowl,,,,,,,,,,,1.0,,,,,,,,,
context_forcing+rule,0,460,a yellow bowl,,,,,,,,,,,1.0,,,,,,,,,
context_forcing+rule,0,461,an orange bowl,,,,,,,,,,,1.0,,,,,,,,,
context_forcing+rule,0,462,a purple bowl,,,,,,,,,,,0.6729166666666667,,,,,,,,,
context_forcing+rule,0,463,a pink bowl,,,,,,,,,,,1.0,,,,,,,,,
context_forcing+rule,0,464,a black bowl,,,,,,,,,,,0.03958333333333333,,,,,,,,,
context_forcing+rule,0,465,a white bowl,,,,,,,,,,,1.0,,,,,,,,,
context_forcing+rule,0,466,a red chair,,,,,,,,,,,1.0,,,,,,,,,
context_forcing+rule,0,467,a green chair,,,,,,,,,,,,,,,,,,,,
context_forcing+rule,0,468,a blue chair,,,,,,,,,,,1.0,,,,,,,,,
context_forcing+rule,0,469,a yellow chair,,,,,,,,,,,0.9729166666666667,,,,,,,,,
context_forcing+rule,0,470,an orange chair,,,,,,,,,,,0.6210515873015872,,,,,,,,,
context_forcing+rule,0,471,a purple chair,,,,,,,,,,,1.0,,,,,,,,,
context_forcing+rule,0,472,a pink chair,,,,,,,,,,,1.0,,,,,,,,,
context_forcing+rule,0,473,a black chair,,,,,,,,,,,0.18958333333333333,,,,,,,,,
context_forcing+rule,0,474,a white chair,,,,,,,,,,,1.0,,,,,,,,,
context_forcing+rule,0,475,a red clock,,,,,,,,,,,0.42916666666666664,,,,,,,,,
context_forcing+rule,0,476,a green clock,,,,,,,,,,,1.0,,,,,,,,,
context_forcing+rule,0,477,a blue clock,,,,,,,,,,,1.0,,,,,,,,,
context_forcing+rule,0,478,a yellow clock,,,,,,,,,,,0.5712179487179487,,,,,,,,,
context_forcing+rule,0,479,an orange clock,,,,,,,,,,,1.0,,,,,,,,,
context_forcing+rule,0,480,a purple clock,,,,,,,,,,,0.016666666666666666,,,,,,,,,
context_forcing+rule,0,481,a pink clock,,,,,,,,,,,1.0,,,,,,,,,
context_forcing+rule,0,482,a black clock,,,,,,,,,,,0.8895833333333333,,,,,,,,,
context_forcing+rule,0,483,a white clock,,,,,,,,,,,0.8509181096681097,,,,,,,,,
context_forcing+rule,0,484,a red vase,,,,,,,,,,,1.0,,,,,,,,,
context_forcing+rule,0,485,a green vase,,,,,,,,,,,1.0,,,,,,,,,
context_forcing+rule,0,486,a blue vase,,,,,,,,,,,1.0,,,,,,,,,
context_forcing+rule,0,487,a yellow vase,,,,,,,,,,,0.8729166666666667,,,,,,,,,
context_forcing+rule,0,488,an orange vase,,,,,,,,,,,1.0,,,,,,,,,
context_forcing+rule,0,489,a purple vase,,,,,,,,,,,1.0,,,,,,,,,
context_forcing+rule,0,490,a pink vase,,,,,,,,,,,1.0,,,,,,,,,
context_forcing+rule,0,491,a black vase,,,,,,,,,,,0.9333333333333333,,,,,,,,,
context_forcing+rule,0,492,a white vase,,,,,,,,,,,1.0,,,,,,,,,
context_forcing+rule,0,493,"A beautiful coastal beach in spring, waves lapping on sand, Van Gogh style",,,,,,,,,,,,,,0.21834602864583333,,,,,,
context_forcing+rule,0,494,"A beautiful coastal beach in spring, waves lapping on sand, oil painting",,,,,,,,,,,,,,0.22953889973958336,,,,,,
context_forcing+rule,0,495,"A beautiful coastal beach in spring, waves lapping on sand by Hokusai, in the style of Ukiyo",,,,,,,,,,,,,,0.25323291015625,,,,,,
context_forcing+rule,0,496,"A beautiful coastal beach in spring, waves lapping on sand, black and white",,,,,,,,,,,,,,0.18969319661458334,,,,,,
context_forcing+rule,0,497,"A beautiful coastal beach in spring, waves lapping on sand, pixel art",,,,,,,,,,,,,,0.27262353515625004,,,,,,
context_forcing+rule,0,498,"A beautiful coastal beach in spring, waves lapping on sand, in cyberpunk style",,,,,,,,,,,,,,0.24168831380208333,,,,,,
context_forcing+rule,0,499,"A beautiful coastal beach in spring, waves lapping on sand, animated style",,,,,,,,,,,,,,0.24005794270833336,,,,,,
context_forcing+rule,0,500,"A beautiful coastal beach in spring, waves lapping on sand, watercolor painting",,,,,,,,,,,,,,0.2138445638020833,,,,,,
context_forcing+rule,0,501,"A beautiful coastal beach in spring, waves lapping on sand, surrealism style",,,,,,,,,,,,,,0.26195817057291665,,,,,,
context_forcing+rule,0,502,"The bund Shanghai, Van Gogh style",,,,,,,,,,,,,,0.15940226236979166,,,,,,
context_forcing+rule,0,503,"The bund Shanghai, oil painting",,,,,,,,,,,,,,0.20294173177083333,,,,,,
context_forcing+rule,0,504,"The bund Shanghai by Hokusai, in the style of Ukiyo",,,,,,,,,,,,,,0.2595856119791667,,,,,,
context_forcing+rule,0,505,"The bund Shanghai, black and white",,,,,,,,,,,,,,0.22619108072916666,,,,,,
context_forcing+rule,0,506,"The bund Shanghai, pixel art",,,,,,,,,,,,,,0.21185986328125,,,,,,
context_forcing+rule,0,507,"The bund Shanghai, in cyberpunk style",,,,,,,,,,,,,,0.22307307942708332,,,,,,
context_forcing+rule,0,508,"The bund Shanghai, animated style",,,,,,,,,,,,,,0.21807291666666673,,,,,,
context_forcing+rule,0,509,"The bund Shanghai, watercolor painting",,,,,,,,,,,,,,0.19777864583333338,,,,,,
context_forcing+rule,0,510,"The bund Shanghai, surrealism style",,,,,,,,,,,,,,0.231939453125,,,,,,
context_forcing+rule,0,511,"a shark is swimming in the ocean, Van Gogh style",,,,,,,,,,,,,,0.16753450520833335,,,,,,
context_forcing+rule,0,512,"a shark is swimming in the ocean, oil painting",,,,,,,,,,,,,,0.216380859375,,,,,,
context_forcing+rule,0,513,"a shark is swimming in the ocean by Hokusai, in the style of Ukiyo",,,,,,,,,,,,,,0.20818538411458334,,,,,,
context_forcing+rule,0,514,"a shark is swimming in the ocean, black and white",,,,,,,,,,,,,,0.17883626302083339,,,,,,
context_forcing+rule,0,515,"a shark is swimming in the ocean, pixel art",,,,,,,,,,,,,,0.2251964518229167,,,,,,
context_forcing+rule,0,516,"a shark is swimming in the ocean, in cyberpunk style",,,,,,,,,,,,,,0.20237923177083333,,,,,,
context_forcing+rule,0,517,"a shark is swimming in the ocean, animated style",,,,,,,,,,,,,,0.224033203125,,,,,,
context_forcing+rule,0,518,"a shark is swimming in the ocean, watercolor painting",,,,,,,,,,,,,,0.2108369140625,,,,,,
context_forcing+rule,0,519,"a shark is swimming in the ocean, surrealism style",,,,,,,,,,,,,,0.2229733072916667,,,,,,
context_forcing+rule,0,520,"A panda drinking coffee in a cafe in Paris, Van Gogh style",,,,,,,,,,,,,,0.16478645833333333,,,,,,
context_forcing+rule,0,521,"A panda drinking coffee in a cafe in Paris, oil painting",,,,,,,,,,,,,,0.20942659505208336,,,,,,
context_forcing+rule,0,522,"A panda drinking coffee in a cafe in Paris by Hokusai, in the style of Ukiyo",,,,,,,,,,,,,,0.20172900390624995,,,,,,
context_forcing+rule,0,523,"A panda drinking coffee in a cafe in Paris, black and white",,,,,,,,,,,,,,0.21388574218749998,,,,,,
context_forcing+rule,0,524,"A panda drinking coffee in a cafe in Paris, pixel art",,,,,,,,,,,,,,0.20199430338541666,,,,,,
context_forcing+rule,0,525,"A panda drinking coffee in a cafe in Paris, in cyberpunk style",,,,,,,,,,,,,,0.18982421874999997,,,,,,
context_forcing+rule,0,526,"A panda drinking coffee in a cafe in Paris, animated style",,,,,,,,,,,,,,0.23434082031250003,,,,,,
context_forcing+rule,0,527,"A panda drinking coffee in a cafe in Paris, watercolor painting",,,,,,,,,,,,,,0.20837207031250002,,,,,,
context_forcing+rule,0,528,"A panda drinking coffee in a cafe in Paris, surrealism style",,,,,,,,,,,,,,0.23073567708333334,,,,,,
context_forcing+rule,0,529,"A cute happy Corgi playing in park, sunset, Van Gogh style",,,,,,,,,,,,,,0.19859114583333332,,,,,,
context_forcing+rule,0,530,"A cute happy Corgi playing in park, sunset, oil painting",,,,,,,,,,,,,,0.21168212890625002,,,,,,
context_forcing+rule,0,531,"A cute happy Corgi playing in park, sunset by Hokusai, in the style of Ukiyo",,,,,,,,,,,,,,0.18811360677083327,,,,,,
context_forcing+rule,0,532,"A cute happy Corgi playing in park, sunset, black and white",,,,,,,,,,,,,,0.1815569661458333,,,,,,
context_forcing+rule,0,533,"A cute happy Corgi playing in park, sunset, pixel art",,,,,,,,,,,,,,0.19840494791666669,,,,,,
context_forcing+rule,0,534,"A cute happy Corgi playing in park, sunset, in cyberpunk style",,,,,,,,,,,,,,0.20164892578125,,,,,,
context_forcing+rule,0,535,"A cute happy Corgi playing in park, sunset, animated style",,,,,,,,,,,,,,0.24750748697916666,,,,,,
context_forcing+rule,0,536,"A cute happy Corgi playing in park, sunset, watercolor painting",,,,,,,,,,,,,,0.21294807942708333,,,,,,
context_forcing+rule,0,537,"A cute happy Corgi playing in park, sunset, surrealism style",,,,,,,,,,,,,,0.2370535481770833,,,,,,
context_forcing+rule,0,538,"Gwen Stacy reading a book, Van Gogh style",,,,,,,,,,,,,,0.18822949218749999,,,,,,
context_forcing+rule,0,539,"Gwen Stacy reading a book, oil painting",,,,,,,,,,,,,,0.2110406901041667,,,,,,
context_forcing+rule,0,540,"Gwen Stacy reading a book by Hokusai, in the style of Ukiyo",,,,,,,,,,,,,,0.22523763020833334,,,,,,
context_forcing+rule,0,541,"Gwen Stacy reading a book, black and white",,,,,,,,,,,,,,0.19888053385416668,,,,,,
context_forcing+rule,0,542,"Gwen Stacy reading a book, pixel art",,,,,,,,,,,,,,0.21203043619791667,,,,,,
context_forcing+rule,0,543,"Gwen Stacy reading a book, in cyberpunk style",,,,,,,,,,,,,,0.24187272135416663,,,,,,
context_forcing+rule,0,544,"Gwen Stacy reading a book, animated style",,,,,,,,,,,,,,0.25486083984375,,,,,,
context_forcing+rule,0,545,"Gwen Stacy reading a book, watercolor painting",,,,,,,,,,,,,,0.21674251302083333,,,,,,
context_forcing+rule,0,546,"Gwen Stacy reading a book, surrealism style",,,,,,,,,,,,,,0.22897607421875,,,,,,
context_forcing+rule,0,547,"A boat sailing leisurely along the Seine River with the Eiffel Tower in background, Van Gogh style",,,,,,,,,,,,,,0.22427701822916665,,,,,,
context_forcing+rule,0,548,"A boat sailing leisurely along the Seine River with the Eiffel Tower in background, oil painting",,,,,,,,,,,,,,0.20940592447916673,,,,,,
context_forcing+rule,0,549,"A boat sailing leisurely along the Seine River with the Eiffel Tower in background by Hokusai, in the style of Ukiyo",,,,,,,,,,,,,,0.14740608723958334,,,,,,
context_forcing+rule,0,550,"A boat sailing leisurely along the Seine River with the Eiffel Tower in background, black and white",,,,,,,,,,,,,,0.15891251627604167,,,,,,
context_forcing+rule,0,551,"A boat sailing leisurely along the Seine River with the Eiffel Tower in background, pixel art",,,,,,,,,,,,,,0.2273154296875,,,,,,
context_forcing+rule,0,552,"A boat sailing leisurely along the Seine River with the Eiffel Tower in background, in cyberpunk style",,,,,,,,,,,,,,0.21834423828125002,,,,,,
context_forcing+rule,0,553,"A boat sailing leisurely along the Seine River with the Eiffel Tower in background, animated style",,,,,,,,,,,,,,0.21190315755208336,,,,,,
context_forcing+rule,0,554,"A boat sailing leisurely along the Seine River with the Eiffel Tower in background, watercolor painting",,,,,,,,,,,,,,0.23484944661458332,,,,,,
context_forcing+rule,0,555,"A boat sailing leisurely along the Seine River with the Eiffel Tower in background, surrealism style",,,,,,,,,,,,,,0.23771370442708334,,,,,,
context_forcing+rule,0,556,"A couple in formal evening wear going home get caught in a heavy downpour with umbrellas, Van Gogh style",,,,,,,,,,,,,,0.17631787109375,,,,,,
context_forcing+rule,0,557,"A couple in formal evening wear going home get caught in a heavy downpour with umbrellas, oil painting",,,,,,,,,,,,,,0.20586881510416666,,,,,,
context_forcing+rule,0,558,"A couple in formal evening wear going home get caught in a heavy downpour with umbrellas by Hokusai, in the style of Ukiyo",,,,,,,,,,,,,,0.13903426106770833,,,,,,
context_forcing+rule,0,559,"A couple in formal evening wear going home get caught in a heavy downpour with umbrellas, black and white",,,,,,,,,,,,,,0.1788675130208333,,,,,,
context_forcing+rule,0,560,"A couple in formal evening wear going home get caught in a heavy downpour with umbrellas, pixel art",,,,,,,,,,,,,,0.19394482421875,,,,,,
context_forcing+rule,0,561,"A couple in formal evening wear going home get caught in a heavy downpour with umbrellas, in cyberpunk style",,,,,,,,,,,,,,0.19700244140624998,,,,,,
context_forcing+rule,0,562,"A couple in formal evening wear going home get caught in a heavy downpour with umbrellas, animated style",,,,,,,,,,,,,,0.2493243815104167,,,,,,
context_forcing+rule,0,563,"A couple in formal evening wear going home get caught in a heavy downpour with umbrellas, watercolor painting",,,,,,,,,,,,,,0.2211066080729167,,,,,,
context_forcing+rule,0,564,"A couple in formal evening wear going home get caught in a heavy downpour with umbrellas, surrealism style",,,,,,,,,,,,,,0.21199625651041662,,,,,,
context_forcing+rule,0,565,"An astronaut flying in space, Van Gogh style",,,,,,,,,,,,,,0.19340983072916668,,,,,,
context_forcing+rule,0,566,"An astronaut flying in space, oil painting",,,,,,,,,,,,,,0.17895402018229165,,,,,,
context_forcing+rule,0,567,"An astronaut flying in space by Hokusai, in the style of Ukiyo",,,,,,,,,,,,,,0.17224137369791667,,,,,,
context_forcing+rule,0,568,"An astronaut flying in space, black and white",,,,,,,,,,,,,,0.18149869791666667,,,,,,
context_forcing+rule,0,569,"An astronaut flying in space, pixel art",,,,,,,,,,,,,,0.22270686848958335,,,,,,
context_forcing+rule,0,570,"An astronaut flying in space, in cyberpunk style",,,,,,,,,,,,,,0.2147216796875,,,,,,
context_forcing+rule,0,571,"An astronaut flying in space, animated style",,,,,,,,,,,,,,0.24421907552083333,,,,,,
context_forcing+rule,0,572,"An astronaut flying in space, watercolor painting",,,,,,,,,,,,,,0.18878857421874998,,,,,,
context_forcing+rule,0,573,"An astronaut flying in space, surrealism style",,,,,,,,,,,,,,0.21560091145833332,,,,,,
context_forcing+rule,0,574,"Snow rocky mountains peaks canyon. snow blanketed rocky mountains surround and shadow deep canyons. the canyons twist and bend through the high elevated mountain peaks, Van Gogh style",,,,,,,,,,,,,,0.21758805338541662,,,,,,
context_forcing+rule,0,575,"Snow rocky mountains peaks canyon. snow blanketed rocky mountains surround and shadow deep canyons. the canyons twist and bend through the high elevated mountain peaks, oil painting",,,,,,,,,,,,,,0.17284724934895834,,,,,,
context_forcing+rule,0,576,"Snow rocky mountains peaks canyon. snow blanketed rocky mountains surround and shadow deep canyons. the canyons twist and bend through the high elevated mountain peaks by Hokusai, in the style of Ukiyo",,,,,,,,,,,,,,0.2117509765625,,,,,,
context_forcing+rule,0,577,"Snow rocky mountains peaks canyon. snow blanketed rocky mountains surround and shadow deep canyons. the canyons twist and bend through the high elevated mountain peaks, black and white",,,,,,,,,,,,,,0.1783963216145833,,,,,,
context_forcing+rule,0,578,"Snow rocky mountains peaks canyon. snow blanketed rocky mountains surround and shadow deep canyons. the canyons twist and bend through the high elevated mountain peaks, pixel art",,,,,,,,,,,,,,0.19047957356770837,,,,,,
context_forcing+rule,0,579,"Snow rocky mountains peaks canyon. snow blanketed rocky mountains surround and shadow deep canyons. the canyons twist and bend through the high elevated mountain peaks, in cyberpunk style",,,,,,,,,,,,,,0.20464990234375,,,,,,
context_forcing+rule,0,580,"Snow rocky mountains peaks canyon. snow blanketed rocky mountains surround and shadow deep canyons. the canyons twist and bend through the high elevated mountain peaks, animated style",,,,,,,,,,,,,,0.23226904296875003,,,,,,
context_forcing+rule,0,581,"Snow rocky mountains peaks canyon. snow blanketed rocky mountains surround and shadow deep canyons. the canyons twist and bend through the high elevated mountain peaks, watercolor painting",,,,,,,,,,,,,,0.19970572916666668,,,,,,
context_forcing+rule,0,582,"Snow rocky mountains peaks canyon. snow blanketed rocky mountains surround and shadow deep canyons. the canyons twist and bend through the high elevated mountain peaks, surrealism style",,,,,,,,,,,,,,0.2177815755208333,,,,,,
context_forcing+rule,0,583,"A beautiful coastal beach in spring, waves lapping on sand, in super slow motion",,,,,,,,,,,,,,,0.11842955276370049,,,,,
context_forcing+rule,0,584,"A beautiful coastal beach in spring, waves lapping on sand, zoom in",,,,,,,,,,,,,,,0.09577883407473564,,,,,
context_forcing+rule,0,585,"A beautiful coastal beach in spring, waves lapping on sand, zoom out",,,,,,,,,,,,,,,0.1431585525472959,,,,,
context_forcing+rule,0,586,"A beautiful coastal beach in spring, waves lapping on sand, pan left",,,,,,,,,,,,,,,0.1568534548083941,,,,,
context_forcing+rule,0,587,"A beautiful coastal beach in spring, waves lapping on sand, pan right",,,,,,,,,,,,,,,0.18571003278096518,,,,,
context_forcing+rule,0,588,"A beautiful coastal beach in spring, waves lapping on sand, tilt up",,,,,,,,,,,,,,,0.22575805336236954,,,,,
context_forcing+rule,0,589,"A beautiful coastal beach in spring, waves lapping on sand, tilt down",,,,,,,,,,,,,,,0.11338813975453377,,,,,
context_forcing+rule,0,590,"A beautiful coastal beach in spring, waves lapping on sand, with an intense shaking effect",,,,,,,,,,,,,,,0.12437883267800014,,,,,
context_forcing+rule,0,591,"A beautiful coastal beach in spring, waves lapping on sand, featuring a steady and smooth perspective",,,,,,,,,,,,,,,0.10912856335441272,,,,,
context_forcing+rule,0,592,"A beautiful coastal beach in spring, waves lapping on sand, racking focus",,,,,,,,,,,,,,,0.15995019674301147,,,,,
context_forcing+rule,0,593,"The bund Shanghai, in super slow motion",,,,,,,,,,,,,,,0.19208864122629166,,,,,
context_forcing+rule,0,594,"The bund Shanghai, zoom in",,,,,,,,,,,,,,,0.23740525792042413,,,,,
context_forcing+rule,0,595,"The bund Shanghai, zoom out",,,,,,,,,,,,,,,0.21382309248050055,,,,,
context_forcing+rule,0,596,"The bund Shanghai, pan left",,,,,,,,,,,,,,,0.16983343288302422,,,,,
context_forcing+rule,0,597,"The bund Shanghai, pan right",,,,,,,,,,,,,,,0.21917914599180222,,,,,
context_forcing+rule,0,598,"The bund Shanghai, tilt up",,,,,,,,,,,,,,,0.24842201670010886,,,,,
context_forcing+rule,0,599,"The bund Shanghai, tilt down",,,,,,,,,,,,,,,0.2356124296784401,,,,,
context_forcing+rule,0,600,"The bund Shanghai, with an intense shaking effect",,,,,,,,,,,,,,,0.1981983482837677,,,,,
context_forcing+rule,0,601,"The bund Shanghai, featuring a steady and smooth perspective",,,,,,,,,,,,,,,0.2581055834889412,,,,,
context_forcing+rule,0,602,"The bund Shanghai, racking focus",,,,,,,,,,,,,,,0.21369059135516486,,,,,
context_forcing+rule,0,603,"a shark is swimming in the ocean, in super slow motion",,,,,,,,,,,,,,,0.1816245118776957,,,,,
context_forcing+rule,0,604,"a shark is swimming in the ocean, zoom in",,,,,,,,,,,,,,,0.1741772467891375,,,,,
context_forcing+rule,0,605,"a shark is swimming in the ocean, zoom out",,,,,,,,,,,,,,,0.1769661804040273,,,,,
context_forcing+rule,0,606,"a shark is swimming in the ocean, pan left",,,,,,,,,,,,,,,0.1590989281733831,,,,,
context_forcing+rule,0,607,"a shark is swimming in the ocean, pan right",,,,,,,,,,,,,,,0.16864869246880212,,,,,
context_forcing+rule,0,608,"a shark is swimming in the ocean, tilt up",,,,,,,,,,,,,,,0.164429302016894,,,,,
context_forcing+rule,0,609,"a shark is swimming in the ocean, tilt down",,,,,,,,,,,,,,,0.15560059994459152,,,,,
context_forcing+rule,0,610,"a shark is swimming in the ocean, with an intense shaking effect",,,,,,,,,,,,,,,0.1954767977197965,,,,,
context_forcing+rule,0,611,"a shark is swimming in the ocean, featuring a steady and smooth perspective",,,,,,,,,,,,,,,0.18844333291053772,,,,,
context_forcing+rule,0,612,"a shark is swimming in the ocean, racking focus",,,,,,,,,,,,,,,0.1834108829498291,,,,,
context_forcing+rule,0,613,"A panda drinking coffee in a cafe in Paris, in super slow motion",,,,,,,,,,,,,,,0.25088965396086377,,,,,
context_forcing+rule,0,614,"A panda drinking coffee in a cafe in Paris, zoom in",,,,,,,,,,,,,,,0.28494857748349506,,,,,
context_forcing+rule,0,615,"A panda drinking coffee in a cafe in Paris, zoom out",,,,,,,,,,,,,,,0.2775312562783559,,,,,
context_forcing+rule,0,616,"A panda drinking coffee in a cafe in Paris, pan left",,,,,,,,,,,,,,,0.24949285636345545,,,,,
context_forcing+rule,0,617,"A panda drinking coffee in a cafe in Paris, pan right",,,,,,,,,,,,,,,0.24548854182163873,,,,,
context_forcing+rule,0,618,"A panda drinking coffee in a cafe in Paris, tilt up",,,,,,,,,,,,,,,0.2581484764814377,,,,,
context_forcing+rule,0,619,"A panda drinking coffee in a cafe in Paris, tilt down",,,,,,,,,,,,,,,0.3268079956372579,,,,,
context_forcing+rule,0,620,"A panda drinking coffee in a cafe in Paris, with an intense shaking effect",,,,,,,,,,,,,,,0.2670932710170746,,,,,
context_forcing+rule,0,621,"A panda drinking coffee in a cafe in Paris, featuring a steady and smooth perspective",,,,,,,,,,,,,,,0.24374326566855112,,,,,
context_forcing+rule,0,622,"A panda drinking coffee in a cafe in Paris, racking focus",,,,,,,,,,,,,,,0.24732433756192526,,,,,
context_forcing+rule,0,623,"A cute happy Corgi playing in park, sunset, in super slow motion",,,,,,,,,,,,,,,0.32219456632932025,,,,,
context_forcing+rule,0,624,"A cute happy Corgi playing in park, sunset, zoom in",,,,,,,,,,,,,,,0.2693129430214564,,,,,
context_forcing+rule,0,625,"A cute happy Corgi playing in park, sunset, zoom out",,,,,,,,,,,,,,,0.30247240761915845,,,,,
context_forcing+rule,0,626,"A cute happy Corgi playing in park, sunset, pan left",,,,,,,,,,,,,,,0.25229593366384506,,,,,
context_forcing+rule,0,627,"A cute happy Corgi playing in park, sunset, pan right",,,,,,,,,,,,,,,0.30972764392693836,,,,,
context_forcing+rule,0,628,"A cute happy Corgi playing in park, sunset, tilt up",,,,,,,,,,,,,,,0.32182803253332776,,,,,
context_forcing+rule,0,629,"A cute happy Corgi playing in park, sunset, tilt down",,,,,,,,,,,,,,,0.29284945627053577,,,,,
context_forcing+rule,0,630,"A cute happy Corgi playing in park, sunset, with an intense shaking effect",,,,,,,,,,,,,,,0.28129734098911285,,,,,
context_forcing+rule,0,631,"A cute happy Corgi playing in park, sunset, featuring a steady and smooth perspective",,,,,,,,,,,,,,,0.2927831510702769,,,,,
context_forcing+rule,0,632,"A cute happy Corgi playing in park, sunset, racking focus",,,,,,,,,,,,,,,0.3389807889858882,,,,,
context_forcing+rule,0,633,"Gwen Stacy reading a book, in super slow motion",,,,,,,,,,,,,,,0.2883511980374654,,,,,
context_forcing+rule,0,634,"Gwen Stacy reading a book, zoom in",,,,,,,,,,,,,,,0.30212866763273877,,,,,
context_forcing+rule,0,635,"Gwen Stacy reading a book, zoom out",,,,,,,,,,,,,,,0.18522642056147257,,,,,
context_forcing+rule,0,636,"Gwen Stacy reading a book, pan left",,,,,,,,,,,,,,,0.22945398092269897,,,,,
context_forcing+rule,0,637,"Gwen Stacy reading a book, pan right",,,,,,,,,,,,,,,0.23387710005044937,,,,,
context_forcing+rule,0,638,"Gwen Stacy reading a book, tilt up",,,,,,,,,,,,,,,0.2152605950832367,,,,,
context_forcing+rule,0,639,"Gwen Stacy reading a book, tilt down",,,,,,,,,,,,,,,0.1977949986855189,,,,,
context_forcing+rule,0,640,"Gwen Stacy reading a book, with an intense shaking effect",,,,,,,,,,,,,,,0.2836153308550517,,,,,
context_forcing+rule,0,641,"Gwen Stacy reading a book, featuring a steady and smooth perspective",,,,,,,,,,,,,,,0.28395945330460864,,,,,
context_forcing+rule,0,642,"Gwen Stacy reading a book, racking focus",,,,,,,,,,,,,,,0.2297744353612264,,,,,
context_forcing+rule,0,643,"A boat sailing leisurely along the Seine River with the Eiffel Tower in background, in super slow motion",,,,,,,,,,,,,,,0.23277677595615387,,,,,
context_forcing+rule,0,644,"A boat sailing leisurely along the Seine River with the Eiffel Tower in background, zoom in",,,,,,,,,,,,,,,0.16640840470790863,,,,,
context_forcing+rule,0,645,"A boat sailing leisurely along the Seine River with the Eiffel Tower in background, zoom out",,,,,,,,,,,,,,,0.14184306313594183,,,,,
context_forcing+rule,0,646,"A boat sailing leisurely along the Seine River with the Eiffel Tower in background, pan left",,,,,,,,,,,,,,,0.1662906321386496,,,,,
context_forcing+rule,0,647,"A boat sailing leisurely along the Seine River with the Eiffel Tower in background, pan right",,,,,,,,,,,,,,,0.1776440516114235,,,,,
context_forcing+rule,0,648,"A boat sailing leisurely along the Seine River with the Eiffel Tower in background, tilt up",,,,,,,,,,,,,,,0.1830259052415689,,,,,
context_forcing+rule,0,649,"A boat sailing leisurely along the Seine River with the Eiffel Tower in background, tilt down",,,,,,,,,,,,,,,0.10411232709884644,,,,,
context_forcing+rule,0,650,"A boat sailing leisurely along the Seine River with the Eiffel Tower in background, with an intense shaking effect",,,,,,,,,,,,,,,0.20686486611763635,,,,,
context_forcing+rule,0,651,"A boat sailing leisurely along the Seine River with the Eiffel Tower in background, featuring a steady and smooth perspective",,,,,,,,,,,,,,,0.1995908816655477,,,,,
context_forcing+rule,0,652,"A boat sailing leisurely along the Seine River with the Eiffel Tower in background, racking focus",,,,,,,,,,,,,,,0.12937233845392862,,,,,
context_forcing+rule,0,653,"A couple in formal evening wear going home get caught in a heavy downpour with umbrellas, in super slow motion",,,,,,,,,,,,,,,0.2580482214689255,,,,,
context_forcing+rule,0,654,"A couple in formal evening wear going home get caught in a heavy downpour with umbrellas, zoom in",,,,,,,,,,,,,,,0.18217197308937708,,,,,
context_forcing+rule,0,655,"A couple in formal evening wear going home get caught in a heavy downpour with umbrellas, zoom out",,,,,,,,,,,,,,,0.1978437453508377,,,,,
context_forcing+rule,0,656,"A couple in formal evening wear going home get caught in a heavy downpour with umbrellas, pan left",,,,,,,,,,,,,,,0.2515885531902313,,,,,
context_forcing+rule,0,657,"A couple in formal evening wear going home get caught in a heavy downpour with umbrellas, pan right",,,,,,,,,,,,,,,0.24609767645597458,,,,,
context_forcing+rule,0,658,"A couple in formal evening wear going home get caught in a heavy downpour with umbrellas, tilt up",,,,,,,,,,,,,,,0.22954382499059042,,,,,
context_forcing+rule,0,659,"A couple in formal evening wear going home get caught in a heavy downpour with umbrellas, tilt down",,,,,,,,,,,,,,,0.2402026355266571,,,,,
context_forcing+rule,0,660,"A couple in formal evening wear going home get caught in a heavy downpour with umbrellas, with an intense shaking effect",,,,,,,,,,,,,,,0.2209390178322792,,,,,
context_forcing+rule,0,661,"A couple in formal evening wear going home get caught in a heavy downpour with umbrellas, featuring a steady and smooth perspective",,,,,,,,,,,,,,,0.26219122608502704,,,,,
context_forcing+rule,0,662,"A couple in formal evening wear going home get caught in a heavy downpour with umbrellas, racking focus",,,,,,,,,,,,,,,0.24597797294457754,,,,,
context_forcing+rule,0,663,"An astronaut flying in space, in super slow motion",,,,,,,,,,,,,,,0.12385223805904388,,,,,
context_forcing+rule,0,664,"An astronaut flying in space, zoom in",,,,,,,,,,,,,,,0.14040533329049745,,,,,
context_forcing+rule,0,665,"An astronaut flying in space, zoom out",,,,,,,,,,,,,,,0.15715467433134714,,,,,
context_forcing+rule,0,666,"An astronaut flying in space, pan left",,,,,,,,,,,,,,,0.12241581827402115,,,,,
context_forcing+rule,0,667,"An astronaut flying in space, pan right",,,,,,,,,,,,,,,0.1720770870645841,,,,,
context_forcing+rule,0,668,"An astronaut flying in space, tilt up",,,,,,,,,,,,,,,0.18136179695526758,,,,,
context_forcing+rule,0,669,"An astronaut flying in space, tilt down",,,,,,,,,,,,,,,0.16702661414941153,,,,,
context_forcing+rule,0,670,"An astronaut flying in space, with an intense shaking effect",,,,,,,,,,,,,,,0.16432839135328928,,,,,
context_forcing+rule,0,671,"An astronaut flying in space, featuring a steady and smooth perspective",,,,,,,,,,,,,,,0.17567756523688635,,,,,
context_forcing+rule,0,672,"An astronaut flying in space, racking focus",,,,,,,,,,,,,,,0.17287776867548624,,,,,
context_forcing+rule,0,673,"Snow rocky mountains peaks canyon. snow blanketed rocky mountains surround and shadow deep canyons. the canyons twist and bend through the high elevated mountain peaks, in super slow motion",,,,,,,,,,,,,,,0.1764214833577474,,,,,
context_forcing+rule,0,674,"Snow rocky mountains peaks canyon. snow blanketed rocky mountains surround and shadow deep canyons. the canyons twist and bend through the high elevated mountain peaks, zoom in",,,,,,,,,,,,,,,0.21866586059331894,,,,,
context_forcing+rule,0,675,"Snow rocky mountains peaks canyon. snow blanketed rocky mountains surround and shadow deep canyons. the canyons twist and bend through the high elevated mountain peaks, zoom out",,,,,,,,,,,,,,,0.18421451250712076,,,,,
context_forcing+rule,0,676,"Snow rocky mountains peaks canyon. snow blanketed rocky mountains surround and shadow deep canyons. the canyons twist and bend through the high elevated mountain peaks, pan left",,,,,,,,,,,,,,,0.2068431886533896,,,,,
context_forcing+rule,0,677,"Snow rocky mountains peaks canyon. snow blanketed rocky mountains surround and shadow deep canyons. the canyons twist and bend through the high elevated mountain peaks, pan right",,,,,,,,,,,,,,,0.22210422406593958,,,,,
context_forcing+rule,0,678,"Snow rocky mountains peaks canyon. snow blanketed rocky mountains surround and shadow deep canyons. the canyons twist and bend through the high elevated mountain peaks, tilt up",,,,,,,,,,,,,,,0.195549006263415,,,,,
context_forcing+rule,0,679,"Snow rocky mountains peaks canyon. snow blanketed rocky mountains surround and shadow deep canyons. the canyons twist and bend through the high elevated mountain peaks, tilt down",,,,,,,,,,,,,,,0.2107601116100947,,,,,
context_forcing+rule,0,680,"Snow rocky mountains peaks canyon. snow blanketed rocky mountains surround and shadow deep canyons. the canyons twist and bend through the high elevated mountain peaks, with an intense shaking effect",,,,,,,,,,,,,,,0.22245995700359344,,,,,
context_forcing+rule,0,681,"Snow rocky mountains peaks canyon. snow blanketed rocky mountains surround and shadow deep canyons. the canyons twist and bend through the high elevated mountain peaks, featuring a steady and smooth perspective",,,,,,,,,,,,,,,0.17297616600990295,,,,,
context_forcing+rule,0,682,"Snow rocky mountains peaks canyon. snow blanketed rocky mountains surround and shadow deep canyons. the canyons twist and bend through the high elevated mountain peaks, racking focus",,,,,,,,,,,,,,,0.21511215964953104,,,,,
context_forcing+rule,0,683,Close up of grapes on a rotating table.,,,,,0.6069130698839823,0.6917261831760406,,,,,,,,,,0.20609264572461447,,,,
context_forcing+rule,0,684,Turtle swimming in ocean.,,,,,0.6650879780451456,0.7612672706445057,,,,,,,,,,0.24925151964028677,,,,
context_forcing+rule,0,685,A storm trooper vacuuming the beach.,,,,,0.6753905812899271,0.7435519230365754,,,,,,,,,,0.26977425813674927,,,,
context_forcing+rule,0,686,A panda standing on a surfboard in the ocean in sunset.,,,,,0.6306192576885223,0.647038492600123,,,,,,,,,,0.3185916443665822,,,,
context_forcing+rule,0,687,"An astronaut feeding ducks on a sunny afternoon, reflection from the water.",,,,,0.6767807006835938,0.7806000086466471,,,,,,,,,,0.2852807492017746,,,,
context_forcing+rule,0,688,Two pandas discussing an academic paper.,,,,,0.5741597016652426,0.7791449128786723,,,,,,,,,,0.24433397501707077,,,,
context_forcing+rule,0,689,Sunset time lapse at the beach with moving clouds and colors in the sky.,,,,,0.7001950144767761,0.5747215231657029,,,,,,,,,,0.12654060249527296,,,,
context_forcing+rule,0,690,A fat rabbit wearing a purple robe walking through a fantasy landscape.,,,,,0.7291113436222076,0.776941263993581,,,,,,,,,,0.276192973057429,,,,
context_forcing+rule,0,691,A koala bear playing piano in the forest.,,,,,0.7062554359436035,0.7198396663665773,,,,,,,,,,0.293770710627238,,,,
context_forcing+rule,0,692,An astronaut flying in space.,,,,,0.6562053064505259,0.7194632219473521,,,,,,,,,,0.1532090281446775,,,,
context_forcing+rule,0,693,Fireworks.,,,,,0.7157532870769501,0.530034075498581,,,,,,,,,,0.20992575089136759,,,,
context_forcing+rule,0,694,An animated painting of fluffy white clouds moving in sky.,,,,,0.5008269250392914,0.7322898878653844,,,,,,,,,,0.2536172990997632,,,,
context_forcing+rule,0,695,Flying through fantasy landscapes.,,,,,0.6668315629164377,0.715530525724093,,,,,,,,,,0.1391726682583491,,,,
context_forcing+rule,0,696,A bigfoot walking in the snowstorm.,,,,,0.64647110303243,0.6389070308208465,,,,,,,,,,0.16369514167308807,,,,
context_forcing+rule,0,697,A squirrel eating a burger.,,,,,0.7206089397271475,0.7304352033138275,,,,,,,,,,0.3380696127812068,,,,
context_forcing+rule,0,698,A cat wearing sunglasses and working as a lifeguard at a pool.,,,,,0.6483548482259115,0.7030421559810639,,,,,,,,,,0.27953512966632843,,,,
context_forcing+rule,0,699,Snow rocky mountains peaks canyon. snow blanketed rocky mountains surround and shadow deep canyons. the canyons twist and bend through the high elevated mountain peaks.,,,,,0.6290216743946075,0.769429063240687,,,,,,,,,,0.20915952821572623,,,,
context_forcing+rule,0,700,"Splash of turquoise water in extreme slow motion, alpha channel included.",,,,,0.5764119029045105,0.6038382185300192,,,,,,,,,,0.1953840379913648,,,,
context_forcing+rule,0,701,an ice cream is melting on the table.,,,,,0.5795121292273203,0.7491966540018717,,,,,,,,,,0.23721296340227127,,,,
context_forcing+rule,0,702,a drone flying over a snowy forest.,,,,,0.7552850345770518,0.7109989371697107,,,,,,,,,,0.13880401973923048,,,,
context_forcing+rule,0,703,a shark is swimming in the ocean.,,,,,0.6500089665253957,0.7315365788936615,,,,,,,,,,0.2047886624932289,,,,
context_forcing+rule,0,704,Aerial panoramic video from a drone of a fantasy land.,,,,,0.6211471259593964,0.7373683067162832,,,,,,,,,,0.20049415032068887,,,,
context_forcing+rule,0,705,a teddy bear is swimming in the ocean.,,,,,0.700374166170756,0.7410114342371624,,,,,,,,,,0.2792072147130966,,,,
context_forcing+rule,0,706,time lapse of sunrise on mars.,,,,,0.6270709534486135,0.639280039469401,,,,,,,,,,0.19753198573986688,,,,
context_forcing+rule,0,707,golden fish swimming in the ocean.,,,,,0.6457411249478658,0.6287171405156454,,,,,,,,,,0.26283669968446094,,,,
context_forcing+rule,0,708,An artist brush painting on a canvas close up.,,,,,0.3894357581933339,0.7010052887201308,,,,,,,,,,0.2218980366985003,,,,
context_forcing+rule,0,709,"A drone view of celebration with Christmas tree and fireworks, starry sky - background.",,,,,0.7181659638881683,0.5583785223563512,,,,,,,,,,0.20137439171473184,,,,
context_forcing+rule,0,710,"happy dog wearing a yellow turtleneck, studio, portrait, facing camera, dark background",,,,,0.554437130689621,0.648280623237292,,,,,,,,,,0.27325500051180523,,,,
context_forcing+rule,0,711,"Origami dancers in white paper, 3D render, on white background, studio shot, dancing modern dance.",,,,,0.6154283384482065,0.7064891928434371,,,,,,,,,,0.285361111164093,,,,
context_forcing+rule,0,712,Campfire at night in a snowy forest with starry sky in the background.,,,,,0.7336036662260691,0.6770018232266107,,,,,,,,,,0.2683621843655904,,,,
context_forcing+rule,0,713,a fantasy landscape,,,,,0.7503914535045624,0.7138683669567109,,,,,,,,,,0.20009974390268326,,,,
context_forcing+rule,0,714,A 3D model of a 1800s victorian house.,,,,,0.6077166398366293,0.7918507459958395,,,,,,,,,,0.2194922467072805,,,,
context_forcing+rule,0,715,this is how I do makeup in the morning.,,,,,0.5819022059440613,0.7839228854179382,,,,,,,,,,0.22842192898193994,,,,
context_forcing+rule,0,716,"A raccoon that looks like a turtle, digital art.",,,,,0.6504488786061605,0.7368213010629018,,,,,,,,,,0.1698542982339859,,,,
context_forcing+rule,0,717,Robot dancing in Times Square.,,,,,0.8447227080663046,0.7373800766865412,,,,,,,,,,0.24871202558279037,,,,
context_forcing+rule,0,718,Busy freeway at night.,,,,,0.5977649589379629,0.5651521617571512,,,,,,,,,,0.23182646681865057,,,,
context_forcing+rule,0,719,Balloon full of water exploding in extreme slow motion.,,,,,0.5380843977133433,0.7226882910728456,,,,,,,,,,0.18796371420224509,,,,
context_forcing+rule,0,720,An astronaut is riding a horse in the space in a photorealistic style.,,,,,0.6856330335140228,0.6726130472819011,,,,,,,,,,0.29864750305811566,,,,
context_forcing+rule,0,721,Macro slo-mo. Slow motion cropped closeup of roasted coffee beans falling into an empty bowl.,,,,,0.5912194748719534,0.6492743071317673,,,,,,,,,,0.2725381503502528,,,,
context_forcing+rule,0,722,"Sewing machine, old sewing machine working.",,,,,0.7055049240589142,0.759027440071106,,,,,,,,,,0.18377004067103067,,,,
context_forcing+rule,0,723,"Motion colour drop in water, ink swirling in water, colourful ink in water, abstraction fancy dream cloud of ink.",,,,,0.640604704618454,0.3669231637120247,,,,,,,,,,0.25754043211539585,,,,
context_forcing+rule,0,724,Few big purple plums rotating on the turntable. water drops appear on the skin during rotation. isolated on the white background. close-up. macro.,,,,,0.5867742796738943,0.7005239896376928,,,,,,,,,,0.2550622721513112,,,,
context_forcing+rule,0,725,"Vampire makeup face of beautiful girl, red contact lenses.",,,,,0.5986459751923879,0.7151430877049765,,,,,,,,,,0.19754905005296072,,,,
context_forcing+rule,0,726,"Ashtray full of butts on table, smoke flowing on black background, close-up",,,,,0.6087947686513265,0.7460350623925528,,,,,,,,,,0.29147156576315564,,,,
context_forcing+rule,0,727,"Pacific coast, carmel by the sea ocean and waves.",,,,,0.6305095851421356,0.775245055993398,,,,,,,,,,0.11984807501236598,,,,
context_forcing+rule,0,728,A teddy bear is playing drum kit in NYC Times Square.,,,,,0.7534464100996653,0.7271920081774393,,,,,,,,,,0.3263993759950002,,,,
context_forcing+rule,0,729,A corgi is playing drum kit.,,,,,0.6822233100732168,0.6453430207173029,,,,,,,,,,0.3097757299741109,,,,
context_forcing+rule,0,730,"An Iron man is playing the electronic guitar, high electronic guitar.",,,,,0.6892083287239075,0.7445313845078152,,,,,,,,,,0.3164866119623184,,,,
context_forcing+rule,0,731,A raccoon is playing the electronic guitar.,,,,,0.6872668166955312,0.7081363418896993,,,,,,,,,,0.337881659468015,,,,
context_forcing+rule,0,732,A boat sailing leisurely along the Seine River with the Eiffel Tower in background by Vincent van Gogh,,,,,0.7141111095746359,0.7792631049950917,,,,,,,,,,0.20196031779050827,,,,
context_forcing+rule,0,733,A corgi's head depicted as an explosion of a nebula,,,,,0.7478278080622355,0.6407171010573705,,,,,,,,,,0.3065749555826187,,,,
context_forcing+rule,0,734,A fantasy landscape,,,,,0.7235838373502096,0.6552021944920222,,,,,,,,,,0.19814429183801016,,,,
context_forcing+rule,0,735,A future where humans have achieved teleportation technology,,,,,0.7331422368685404,0.6859651609261831,,,,,,,,,,0.19101433952649435,,,,
context_forcing+rule,0,736,"A jellyfish floating through the ocean, with bioluminescent tentacles",,,,,0.6281643708546957,0.7110529948870341,,,,,,,,,,0.19264728079239526,,,,
context_forcing+rule,0,737,A Mars rover moving on Mars,,,,,0.5708271463712057,0.7389852748711904,,,,,,,,,,0.22989261398712793,,,,
context_forcing+rule,0,738,A panda drinking coffee in a cafe in Paris,,,,,0.744778573513031,0.7481999615033468,,,,,,,,,,0.26079851885636646,,,,
context_forcing+rule,0,739,"A space shuttle launching into orbit, with flames and smoke billowing out from the engines",,,,,0.6537457605202993,0.6248716876109442,,,,,,,,,,0.2464742362499237,,,,
context_forcing+rule,0,740,A steam train moving on a mountainside,,,,,0.6677961647510529,0.7515872089068095,,,,,,,,,,0.23668748637040457,,,,
context_forcing+rule,0,741,A super cool giant robot in Cyberpunk Beijing,,,,,0.744035522143046,0.6996850000222524,,,,,,,,,,0.17667915920416513,,,,
context_forcing+rule,0,742,"A tropical beach at sunrise, with palm trees and crystal-clear water in the foreground",,,,,0.6761577427387238,0.5529497106870016,,,,,,,,,,0.23364384224017462,,,,
context_forcing+rule,0,743,"Cinematic shot of Van Gogh's selfie, Van Gogh style",,,,,0.557578961054484,0.69883191994826,,,,,,,,,,0.16862558076779047,,,,
context_forcing+rule,0,744,Gwen Stacy reading a book,,,,,0.6695963442325592,0.6889619010289509,,,,,,,,,,0.20393104602893194,,,,
context_forcing+rule,0,745,Iron Man flying in the sky,,,,,0.6402104596296946,0.7553592619101206,,,,,,,,,,0.3184984674056371,,,,
context_forcing+rule,0,746,"The bund Shanghai, oil painting",,,,,0.6387706597646078,0.7511095593770345,,,,,,,,,,0.22924179583787918,,,,
context_forcing+rule,0,747,Yoda playing guitar on the stage,,,,,0.7712154487768809,0.7314628267288207,,,,,,,,,,0.2960026264190674,,,,
context_forcing+rule,0,748,"A beautiful coastal beach in spring, waves lapping on sand by Hokusai, in the style of Ukiyo",,,,,0.7426987687746683,0.7840097247759501,,,,,,,,,,0.2104380006591479,,,,
context_forcing+rule,0,749,"A beautiful coastal beach in spring, waves lapping on sand by Vincent van Gogh",,,,,0.8594782650470734,0.6959273830652237,,,,,,,,,,0.0898536927998066,,,,
context_forcing+rule,0,750,A boat sailing leisurely along the Seine River with the Eiffel Tower in background,,,,,0.6970555484294891,0.7162155222098033,,,,,,,,,,0.15854362895091376,,,,
context_forcing+rule,0,751,"A car moving slowly on an empty street, rainy evening",,,,,0.6365898748238882,0.726269871075948,,,,,,,,,,0.07386714095870654,,,,
context_forcing+rule,0,752,A cat eating food out of a bowl,,,,,0.6105629603068033,0.6017211685578029,,,,,,,,,,0.18708701928456625,,,,
context_forcing+rule,0,753,A cat wearing sunglasses at a pool,,,,,0.6751127342383066,0.6962523052692413,,,,,,,,,,0.3081187307834625,,,,
context_forcing+rule,0,754,A confused panda in calculus class,,,,,0.7075015207131704,0.7502547537485759,,,,,,,,,,0.26335248351097107,,,,
context_forcing+rule,0,755,A cute fluffy panda eating Chinese food in a restaurant,,,,,0.7237826685110728,0.7797596040566761,,,,,,,,,,0.2698831806580226,,,,
context_forcing+rule,0,756,"A cute happy Corgi playing in park, sunset",,,,,0.6301827430725098,0.5953639396826427,,,,,,,,,,0.3203468670447667,,,,
context_forcing+rule,0,757,A cute raccoon playing guitar in a boat on the ocean,,,,,0.7261165777842203,0.7616124410629271,,,,,,,,,,0.3704204261302948,,,,
context_forcing+rule,0,758,"A happy fuzzy panda playing guitar nearby a campfire, snow mountain in the background",,,,,0.663431982199351,0.6837019253571829,,,,,,,,,,0.36232271293799084,,,,
context_forcing+rule,0,759,"A lightning striking atop of eiffel tower, dark clouds in the sky",,,,,0.6333426833152771,0.7123853118022282,,,,,,,,,,0.30905017256736755,,,,
context_forcing+rule,0,760,"A modern art museum, with colorful paintings",,,,,0.5174393405516943,0.7040327987670899,,,,,,,,,,0.23198701937993368,,,,
context_forcing+rule,0,761,A panda cooking in the kitchen,,,,,0.6373372177282969,0.7449516898790994,,,,,,,,,,0.3063543935616811,,,,
context_forcing+rule,0,762,A panda playing on a swing set,,,,,0.5686250229676565,0.7689696389834086,,,,,,,,,,0.25971776247024536,,,,
context_forcing+rule,0,763,A polar bear is playing guitar,,,,,0.6723920305569967,0.7012221089204153,,,,,,,,,,0.31985602776209515,,,,
context_forcing+rule,0,764,"A raccoon dressed in suit playing the trumpet, stage background",,,,,0.6764028469721476,0.7261703372001648,,,,,,,,,,0.3483582039674123,,,,
context_forcing+rule,0,765,"A robot DJ is playing the turntable, in heavy raining futuristic tokyo rooftop cyberpunk night, sci-fi, fantasy",,,,,0.8028942743937174,0.7192862904866537,,,,,,,,,,0.25219959517319995,,,,
context_forcing+rule,0,766,A shark swimming in clear Caribbean ocean,,,,,0.6479730606079102,0.694169727007548,,,,,,,,,,0.18817071865002313,,,,
context_forcing+rule,0,767,A super robot protecting city,,,,,0.6683902442455292,0.7054268647034964,,,,,,,,,,0.2212663615743319,,,,
context_forcing+rule,0,768,A teddy bear washing the dishes,,,,,0.6964066922664642,0.7487932223478954,,,,,,,,,,0.22694305330514908,,,,
context_forcing+rule,0,769,"An epic tornado attacking above a glowing city at night, the tornado is made of smoke",,,,,0.6119081676006317,0.5546356873512267,,,,,,,,,,0.21076746533314386,,,,
context_forcing+rule,0,770,An oil painting of a couple in formal evening wear going home get caught in a heavy downpour with umbrellas,,,,,0.6855411231517792,0.6848529602686564,,,,,,,,,,0.20310298601786295,,,,
context_forcing+rule,0,771,Clown fish swimming through the coral reef,,,,,0.5955556035041809,0.7870801866054534,,,,,,,,,,0.2466660812497139,,,,
context_forcing+rule,0,772,Hyper-realistic spaceship landing on Mars,,,,,0.6301368176937103,0.7414064875046412,,,,,,,,,,0.2369675412774086,,,,
context_forcing+rule,0,773,"The bund Shanghai, vibrant color",,,,,0.6661015947659811,0.7632749811013539,,,,,,,,,,0.2699228823184967,,,,
context_forcing+rule,0,774,Vincent van Gogh is painting in the room,,,,,0.5548936327298483,0.7521213142871858,,,,,,,,,,0.2481673633058866,,,,
context_forcing+rule,0,775,Yellow flowers swing in the wind,,,,,0.6504818201065063,0.7705508864720664,,,,,,,,,,0.19826900710662207,,,,
context_forcing+rule,0,776,alley,,0.9761312942808213,,,,,,,,,,,1.0,,,,,,0.9725672568044353,0.9673339128494263
context_forcing+rule,0,777,amusement park,,0.9703515329904975,,,,,,,,,,,0.7020833333333333,,,,,,0.9702350575436828,0.8888481845115793
context_forcing+rule,0,778,aquarium,,0.9771655782447385,,,,,,,,,,,0.15416666666666667,,,,,,0.981661626344086,0.9130304866823656
context_forcing+rule,0,779,arch,,0.9594596445876162,,,,,,,,,,,0.17708333333333334,,,,,,0.9586696173555108,0.7516221732928835
context_forcing+rule,0,780,art gallery,,0.9645823160887829,,,,,,,,,,,0.16458333333333333,,,,,,0.9599732757896505,0.8708442254313107
context_forcing+rule,0,781,bathroom,,0.9808660241030279,,,,,,,,,,,1.0,,,,,,0.9821575205813173,0.9665292285639664
context_forcing+rule,0,782,bakery shop,,0.9552318218019717,,,,,,,,,,,0.0,,,,,,0.9465996198756721,0.7950368050871224
context_forcing+rule,0,783,ballroom,,0.9635024289222707,,,,,,,,,,,0.0375,,,,,,0.9554322601646505,0.8987802102647978
context_forcing+rule,0,784,bar,,0.9839363301437888,,,,,,,,,,,1.0,,,,,,0.9851861769153226,0.9820343800659838
context_forcing+rule,0,785,barn,,0.9752076476034846,,,,,,,,,,,0.61875,,,,,,0.982677041330645,0.8570809652065409
context_forcing+rule,0,786,basement,,0.9676400822402612,,,,,,,,,,,0.0,,,,,,0.9702655094926075,0.8219827567708904
context_forcing+rule,0,787,beach,,0.9671055313696001,,,,,,,,,,,0.99375,,,,,,0.9694149550571235,0.8163765494165749
context_forcing+rule,0,788,bedroom,,0.9774074647775709,,,,,,,,,,,0.4708333333333333,,,,,,0.9804052209341398,0.9321297715450155
context_forcing+rule,0,789,bridge,,0.9574372315928955,,,,,,,,,,,1.0,,,,,,0.950484868531586,0.805219978094101
context_forcing+rule,0,790,botanical garden,,0.9816764101949307,,,,,,,,,,,0.0,,,,,,0.9861777028729838,0.9525705154599815
context_forcing+rule,0,791,cafeteria,,0.9547444557851855,,,,,,,,,,,0.0,,,,,,0.9476793514784948,0.7684031139160025
context_forcing+rule,0,792,campsite,,0.9784064315269829,,,,,,,,,,,0.0,,,,,,0.9868647093413979,0.879703988289011
context_forcing+rule,0,793,campus,,0.9609919942186315,,,,,,,,,,,0.0,,,,,,0.9526587701612904,0.872411335336751
context_forcing+rule,0,794,carrousel,,0.9760511541208942,,,,,,,,,,,0.0,,,,,,0.9763824134744625,0.9432373416834864
context_forcing+rule,0,795,castle,,0.9789720562345546,,,,,,,,,,,1.0,,,,,,0.9794677734375001,0.9593823737111585
context_forcing+rule,0,796,cemetery,,0.9670295070610373,,,,,,,,,,,0.7145833333333333,,,,,,0.9729899088541669,0.7614315563234789
context_forcing+rule,0,797,classroom,,0.9773049510938174,,,,,,,,,,,0.9,,,,,,0.9797279275873657,0.9365096482737311
context_forcing+rule,0,798,cliff,,0.9728020288405381,,,,,,,,,,,0.23125,,,,,,0.9815127793178763,0.7988794014371675
context_forcing+rule,0,799,crosswalk,,0.9439821939489506,,,,,,,,,,,0.8604166666666667,,,,,,0.9231550319220431,0.8168119438763323
context_forcing+rule,0,800,construction site,,0.9643782733421433,,,,,,,,,,,0.90625,,,,,,0.9662366641465054,0.7794454740039234
context_forcing+rule,0,801,corridor,,0.9626116319304522,,,,,,,,,,,0.0,,,,,,0.960714360719086,0.8079039094776943
context_forcing+rule,0,802,courtyard,,0.9733007660073182,,,,,,,,,,,0.12083333333333333,,,,,,0.9762385542674732,0.8869691141720476
context_forcing+rule,0,803,desert,,0.9665666325148978,,,,,,,,,,,0.9416666666666667,,,,,,0.9660271757392473,0.8508849411175169
context_forcing+rule,0,804,downtown,,0.9468391224536457,,,,,,,,,,,0.0,,,,,,0.9339048324092742,0.743199000070835
context_forcing+rule,0,805,driveway,,0.9738183286232502,,,,,,,,,,,0.0,,,,,,0.9759033203124999,0.9002283708802585
context_forcing+rule,0,806,farm,,0.9653364690932114,,,,,,,,,,,0.39375,,,,,,0.9673460601478492,0.7876415889838646
context_forcing+rule,0,807,food court,,0.9709049565151472,,,,,,,,,,,0.08958333333333333,,,,,,0.9705317015288979,0.896295350173424
context_forcing+rule,0,808,football field,,0.9643326913826537,,,,,,,,,,,0.01875,,,,,,0.956602035030242,0.9048723794262985
context_forcing+rule,0,809,forest road,,0.9703223974872976,,,,,,,,,,,0.1,,,,,,0.9721207157258066,0.8645053392854231
context_forcing+rule,0,810,fountain,,0.9817114989071224,,,,,,,,,,,1.0,,,,,,0.9788820984543011,0.9866376529479849
context_forcing+rule,0,811,gas station,,0.9710084607436996,,,,,,,,,,,0.0,,,,,,0.9725848454301076,0.8736623104276329
context_forcing+rule,0,812,glacier,,0.9686978100662442,,,,,,,,,,,0.14791666666666667,,,,,,0.9729019657258065,0.807560878067181
context_forcing+rule,0,813,golf course,,0.9708830851967363,,,,,,,,,,,0.9229166666666667,,,,,,0.9711328650033602,0.8908518151990299
context_forcing+rule,0,814,indoor gymnasium,,0.9742328025893208,,,,,,,,,,,0.0,,,,,,0.9764595934139785,0.9040655308756335
context_forcing+rule,0,815,harbor,,0.9754496159863255,,,,,,,,,,,0.0,,,,,,0.9759030577956989,0.9375687549854147
context_forcing+rule,0,816,highway,,0.9684786118235006,,,,,,,,,,,0.7625,,,,,,0.972175056703629,0.8159183983145089
context_forcing+rule,0,817,hospital,,0.978660347248128,,,,,,,,,,,0.33541666666666664,,,,,,0.9789293514784947,0.9589374219549114
context_forcing+rule,0,818,house,,0.9775393311538562,,,,,,,,,,,0.16041666666666668,,,,,,0.9816141108030915,0.9225032493985933
context_forcing+rule,0,819,iceberg,,0.9696006863465106,,,,,,,,,,,0.08541666666666667,,,,,,0.9746385143649194,0.8091176707169105
context_forcing+rule,0,820,industrial area,,0.9669219613808427,,,,,,,,,,,0.0,,,,,,0.9661253570228495,0.8568879961967468
context_forcing+rule,0,821,jail cell,,0.9875097483408628,,,,,,,,,,,0.0,,,,,,0.9892231602822582,0.9897540622744067
context_forcing+rule,0,822,junkyard,,0.9643374665015073,,,,,,,,,,,0.11875,,,,,,0.969171864499328,0.7375733975706429
context_forcing+rule,0,823,kitchen,,0.9834897562359421,,,,,,,,,,,1.0,,,,,,0.9891824701780916,0.9558262742798904
context_forcing+rule,0,824,indoor library,,0.9905557546498523,,,,,,,,,,,0.0,,,,,,0.9901175550235216,0.9936148113217848
context_forcing+rule,0,825,lighthouse,,0.9655894747738516,,,,,,,,,,,0.7583333333333333,,,,,,0.9588126890120968,0.9091350569807249
context_forcing+rule,0,826,laboratory,,0.9792485278847395,,,,,,,,,,,0.7229166666666667,,,,,,0.9887453797043011,0.8774038409364635
context_forcing+rule,0,827,mansion,,0.9523463824636864,,,,,,,,,,,0.42083333333333334,,,,,,0.9417233702956992,0.7841179031750252
context_forcing+rule,0,828,marsh,,0.9698816046719185,,,,,,,,,,,0.0,,,,,,0.9700310819892475,0.8771749858198494
context_forcing+rule,0,829,mountain,,0.977797517810277,,,,,,,,,,,1.0,,,,,,0.9849780010920699,0.8907144758208044
context_forcing+rule,0,830,indoor movie theater,,0.965924003322924,,,,,,,,,,,0.0,,,,,,0.9641612063172043,0.8565766544177614
context_forcing+rule,0,831,indoor museum,,0.9825174475730992,,,,,,,,,,,0.0,,,,,,0.9855468749999999,0.9659529965499352
context_forcing+rule,0,832,music studio,,0.9711014345507443,,,,,,,,,,,0.0,,,,,,0.9686260920698924,0.9236790887240706
context_forcing+rule,0,833,nursery,,0.982483749367929,,,,,,,,,,,0.0,,,,,,0.9852271295362903,0.9676339102202448
context_forcing+rule,0,834,ocean,,0.9721323813651103,,,,,,,,,,,0.55,,,,,,0.979175067204301,0.823356700354609
context_forcing+rule,0,835,office,,0.9856887544393799,,,,,,,,,,,0.9875,,,,,,0.9904202368951615,0.9748645784526035
context_forcing+rule,0,836,palace,,0.9752948402669424,,,,,,,,,,,0.008333333333333333,,,,,,0.9764380670362901,0.9297019191857042
context_forcing+rule,0,837,parking lot,,0.9599516954292913,,,,,,,,,,,0.8791666666666667,,,,,,0.9547938193044353,0.8237206175409514
context_forcing+rule,0,838,pharmacy,,0.9778956975763486,,,,,,,,,,,0.8833333333333333,,,,,,0.9821202431955647,0.9246678989509056
context_forcing+rule,0,839,phone booth,,0.9731064005082716,,,,,,,,,,,0.29375,,,,,,0.9696076423891127,0.9494463924703926
context_forcing+rule,0,840,raceway,,0.9463419452455064,,,,,,,,,,,0.0,,,,,,0.9306328230006721,0.7712559967205442
context_forcing+rule,0,841,restaurant,,0.9746265409125587,,,,,,,,,,,0.6979166666666666,,,,,,0.9762023269489247,0.9178082819642692
context_forcing+rule,0,842,river,,0.9507380874636996,,,,,,,,,,,0.6083333333333333,,,,,,0.938741441952285,0.7818048616935467
context_forcing+rule,0,843,science museum,,0.9716557606800061,,,,,,,,,,,0.0,,,,,,0.9706868489583333,0.9124682956728442
context_forcing+rule,0,844,shower,,0.9718953980235813,,,,,,,,,,,1.0,,,,,,0.9776377688172043,0.8386093131427107
context_forcing+rule,0,845,ski slope,,0.963507841271339,,,,,,,,,,,0.16041666666666668,,,,,,0.9609666393649193,0.8373313155667536
context_forcing+rule,0,846,sky,,0.9681444867903878,,,,,,,,,,,0.90625,,,,,,0.9696252310147849,0.8453035128527674
context_forcing+rule,0,847,skyscraper,,0.9763433674180323,,,,,,,,,,,0.0,,,,,,0.9868206065188171,0.8350832328714174
context_forcing+rule,0,848,baseball stadium,,0.9714369412208012,,,,,,,,,,,0.39166666666666666,,,,,,0.9624081191196237,0.972089821922368
context_forcing+rule,0,849,staircase,,0.9890955984445765,,,,,,,,,,,0.9333333333333333,,,,,,0.9886766003024192,0.9925659627750002
context_forcing+rule,0,850,street,,0.9126845554354792,,,,,,,,,,,0.4354166666666667,,,,,,0.8674140519993279,0.7106982726475288
context_forcing+rule,0,851,supermarket,,0.9440251223874764,,,,,,,,,,,0.19166666666666668,,,,,,0.9185452368951613,0.874516117161718
context_forcing+rule,0,852,indoor swimming pool,,0.9655559436544752,,,,,,,,,,,0.010416666666666666,,,,,,0.9628853746639784,0.861758149903396
context_forcing+rule,0,853,tower,,0.9631014478042962,,,,,,,,,,,0.27291666666666664,,,,,,0.9648469002016129,0.7641326949514192
context_forcing+rule,0,854,outdoor track,,0.9547689875339959,,,,,,,,,,,0.0,,,,,,0.947265625,0.7751214627561898
context_forcing+rule,0,855,train railway,,0.9729181851086927,,,,,,,,,,,0.0,,,,,,0.9798221711189518,0.8369030705813704
context_forcing+rule,0,856,train station platform,,0.9435228246618146,,,,,,,,,,,0.7895833333333333,,,,,,0.9213801558299733,0.8326173661084011
context_forcing+rule,0,857,underwater coral reef,,0.9697256002174892,,,,,,,,,,,0.00625,,,,,,0.9798345094086021,0.7401276616186931
context_forcing+rule,0,858,valley,,0.9746649495211012,,,,,,,,,,,0.0,,,,,,0.9792845367103494,0.8812867588010328
context_forcing+rule,0,859,volcano,,0.9671704682742701,,,,,,,,,,,0.90625,,,,,,0.9636070333501344,0.8917009429685001
context_forcing+rule,0,860,waterfall,,0.9741442553409634,,,,,,,,,,,1.0,,,,,,0.9738887663810485,0.932037360709289
context_forcing+rule,0,861,windmill,,0.9819384555909887,,,,,,,,,,,1.0,,,,,,0.9888338478662635,0.938003613003369
context_forcing+rule,0,862,"a bicycle on the left of a car, front view",,,,,,,,,,,,1.0,,,,,,,,
context_forcing+rule,0,863,"a car on the right of a motorcycle, front view",,,,,,,,,,,,0.6607998892668865,,,,,,,,
context_forcing+rule,0,864,"a motorcycle on the left of a bus, front view",,,,,,,,,,,,0.9826589506814192,,,,,,,,
context_forcing+rule,0,865,"a bus on the right of a traffic light, front view",,,,,,,,,,,,1.0,,,,,,,,
context_forcing+rule,0,866,"a traffic light on the left of a fire hydrant, front view",,,,,,,,,,,,1.0,,,,,,,,
context_forcing+rule,0,867,"a fire hydrant on the right of a stop sign, front view",,,,,,,,,,,,1.0,,,,,,,,
context_forcing+rule,0,868,"a stop sign on the left of a parking meter, front view",,,,,,,,,,,,1.0,,,,,,,,
context_forcing+rule,0,869,"a parking meter on the right of a bench, front view",,,,,,,,,,,,0.12780885816110518,,,,,,,,
context_forcing+rule,0,870,"a bench on the left of a truck, front view",,,,,,,,,,,,0.291823259653014,,,,,,,,
context_forcing+rule,0,871,"a truck on the right of a bicycle, front view",,,,,,,,,,,,0.5821637739428371,,,,,,,,
context_forcing+rule,0,872,"a bird on the left of a cat, front view",,,,,,,,,,,,0.9970541398678907,,,,,,,,
context_forcing+rule,0,873,"a cat on the right of a dog, front view",,,,,,,,,,,,0.7686269052844757,,,,,,,,
context_forcing+rule,0,874,"a dog on the left of a horse, front view",,,,,,,,,,,,1.0,,,,,,,,
context_forcing+rule,0,875,"a horse on the right of a sheep, front view",,,,,,,,,,,,1.0,,,,,,,,
context_forcing+rule,0,876,"a sheep on the left of a cow, front view",,,,,,,,,,,,0.8572946871281246,,,,,,,,
context_forcing+rule,0,877,"a cow on the right of an elephant, front view",,,,,,,,,,,,1.0,,,,,,,,
context_forcing+rule,0,878,"an elephant on the left of a bear, front view",,,,,,,,,,,,0.8575950878607649,,,,,,,,
context_forcing+rule,0,879,"a bear on the right of a zebra, front view",,,,,,,,,,,,0.8860339949668778,,,,,,,,
context_forcing+rule,0,880,"a zebra on the left of a giraffe, front view",,,,,,,,,,,,1.0,,,,,,,,
context_forcing+rule,0,881,"a giraffe on the right of a bird, front view",,,,,,,,,,,,1.0,,,,,,,,
context_forcing+rule,0,882,"a bottle on the left of a wine glass, front view",,,,,,,,,,,,1.0,,,,,,,,
context_forcing+rule,0,883,"a wine glass on the right of a cup, front view",,,,,,,,,,,,1.0,,,,,,,,
context_forcing+rule,0,884,"a cup on the left of a fork, front view",,,,,,,,,,,,0.3639968704647484,,,,,,,,
context_forcing+rule,0,885,"a fork on the right of a knife, front view",,,,,,,,,,,,0.9875,,,,,,,,
context_forcing+rule,0,886,"a knife on the left of a spoon, front view",,,,,,,,,,,,1.0,,,,,,,,
context_forcing+rule,0,887,"a spoon on the right of a bowl, front view",,,,,,,,,,,,1.0,,,,,,,,
context_forcing+rule,0,888,"a bowl on the left of a bottle, front view",,,,,,,,,,,,0.39166666666666666,,,,,,,,
context_forcing+rule,0,889,"a potted plant on the left of a remote, front view",,,,,,,,,,,,0.699665210170347,,,,,,,,
context_forcing+rule,0,890,"a remote on the right of a clock, front view",,,,,,,,,,,,1.0,,,,,,,,
context_forcing+rule,0,891,"a clock on the left of a vase, front view",,,,,,,,,,,,1.0,,,,,,,,
context_forcing+rule,0,892,"a vase on the right of scissors, front view",,,,,,,,,,,,0.3163889537339484,,,,,,,,
context_forcing+rule,0,893,"scissors on the left of a teddy bear, front view",,,,,,,,,,,,0.7883962033249151,,,,,,,,
context_forcing+rule,0,894,"a teddy bear on the right of a potted plant, front view",,,,,,,,,,,,1.0,,,,,,,,
context_forcing+rule,0,895,"a frisbee on the left of a sports ball, front view",,,,,,,,,,,,0.9111128097907198,,,,,,,,
context_forcing+rule,0,896,"a sports ball on the right of a baseball bat, front view",,,,,,,,,,,,0.4930789234949422,,,,,,,,
context_forcing+rule,0,897,"a baseball bat on the left of a baseball glove, front view",,,,,,,,,,,,0.9495209157939366,,,,,,,,
context_forcing+rule,0,898,"a baseball glove on the right of a tennis racket, front view",,,,,,,,,,,,0.9879818880987105,,,,,,,,
context_forcing+rule,0,899,"a tennis racket on the left of a frisbee, front view",,,,,,,,,,,,0.3092994896773815,,,,,,,,
context_forcing+rule,0,900,"a toilet on the left of a hair drier, front view",,,,,,,,,,,,0.9729166666666667,,,,,,,,
context_forcing+rule,0,901,"a hair drier on the right of a toothbrush, front view",,,,,,,,,,,,1.0,,,,,,,,
context_forcing+rule,0,902,"a toothbrush on the left of a sink, front view",,,,,,,,,,,,0.9692797337015395,,,,,,,,
context_forcing+rule,0,903,"a sink on the right of a toilet, front view",,,,,,,,,,,,1.0,,,,,,,,
context_forcing+rule,0,904,"a chair on the left of a couch, front view",,,,,,,,,,,,1.0,,,,,,,,
context_forcing+rule,0,905,"a couch on the right of a bed, front view",,,,,,,,,,,,1.0,,,,,,,,
context_forcing+rule,0,906,"a bed on the left of a tv, front view",,,,,,,,,,,,1.0,,,,,,,,
context_forcing+rule,0,907,"a tv on the right of a dining table, front view",,,,,,,,,,,,1.0,,,,,,,,
context_forcing+rule,0,908,"a dining table on the left of a chair, front view",,,,,,,,,,,,1.0,,,,,,,,
context_forcing+rule,0,909,"an airplane on the left of a train, front view",,,,,,,,,,,,1.0,,,,,,,,
context_forcing+rule,0,910,"a train on the right of a boat, front view",,,,,,,,,,,,0.8467764860264619,,,,,,,,
context_forcing+rule,0,911,"a boat on the left of an airplane, front view",,,,,,,,,,,,1.0,,,,,,,,
context_forcing+rule,0,912,"an oven on the top of a toaster, front view",,,,,,,,,,,,0.07959727249093426,,,,,,,,
context_forcing+rule,0,913,"an oven on the bottom of a toaster, front view",,,,,,,,,,,,0.1451782275617817,,,,,,,,
context_forcing+rule,0,914,"a toaster on the top of a microwave, front view",,,,,,,,,,,,0.027083333333333334,,,,,,,,
context_forcing+rule,0,915,"a toaster on the bottom of a microwave, front view",,,,,,,,,,,,0.2129386680181877,,,,,,,,
context_forcing+rule,0,916,"a microwave on the top of an oven, front view",,,,,,,,,,,,1.0,,,,,,,,
context_forcing+rule,0,917,"a microwave on the bottom of an oven, front view",,,,,,,,,,,,1.0,,,,,,,,
context_forcing+rule,0,918,"a banana on the top of an apple, front view",,,,,,,,,,,,0.4526374497152778,,,,,,,,
context_forcing+rule,0,919,"a banana on the bottom of an apple, front view",,,,,,,,,,,,0.5022247680018046,,,,,,,,
context_forcing+rule,0,920,"an apple on the top of a sandwich, front view",,,,,,,,,,,,0.11458333333333333,,,,,,,,
context_forcing+rule,0,921,"an apple on the bottom of a sandwich, front view",,,,,,,,,,,,0.12026229563768445,,,,,,,,
context_forcing+rule,0,922,"a sandwich on the top of an orange, front view",,,,,,,,,,,,0.9924485159719957,,,,,,,,
context_forcing+rule,0,923,"a sandwich on the bottom of an orange, front view",,,,,,,,,,,,0.8902476811355812,,,,,,,,
context_forcing+rule,0,924,"an orange on the top of a carrot, front view",,,,,,,,,,,,0.7708333333333334,,,,,,,,
context_forcing+rule,0,925,"an orange on the bottom of a carrot, front view",,,,,,,,,,,,0.2671556458742958,,,,,,,,
context_forcing+rule,0,926,"a carrot on the top of a hot dog, front view",,,,,,,,,,,,0.35921396569356323,,,,,,,,
context_forcing+rule,0,927,"a carrot on the bottom of a hot dog, front view",,,,,,,,,,,,0.13567084263350773,,,,,,,,
context_forcing+rule,0,928,"a hot dog on the top of a pizza, front view",,,,,,,,,,,,0.9821724397022986,,,,,,,,
context_forcing+rule,0,929,"a hot dog on the bottom of a pizza, front view",,,,,,,,,,,,0.6707159032663509,,,,,,,,
context_forcing+rule,0,930,"a pizza on the top of a donut, front view",,,,,,,,,,,,0.7147541985416674,,,,,,,,
context_forcing+rule,0,931,"a pizza on the bottom of a donut, front view",,,,,,,,,,,,0.0020833333333333333,,,,,,,,
context_forcing+rule,0,932,"a donut on the top of broccoli, front view",,,,,,,,,,,,0.012843265796326308,,,,,,,,
context_forcing+rule,0,933,"a donut on the bottom of broccoli, front view",,,,,,,,,,,,0.6144528714805628,,,,,,,,
context_forcing+rule,0,934,"broccoli on the top of a banana, front view",,,,,,,,,,,,0.7393921596029486,,,,,,,,
context_forcing+rule,0,935,"broccoli on the bottom of a banana, front view",,,,,,,,,,,,0.2822165953403225,,,,,,,,
context_forcing+rule,0,936,"skis on the top of a snowboard, front view",,,,,,,,,,,,0.0018099022156849345,,,,,,,,
context_forcing+rule,0,937,"skis on the bottom of a snowboard, front view",,,,,,,,,,,,0.07084475860352589,,,,,,,,
context_forcing+rule,0,938,"a snowboard on the top of a kite, front view",,,,,,,,,,,,0.4350357788878873,,,,,,,,
context_forcing+rule,0,939,"a snowboard on the bottom of a kite, front view",,,,,,,,,,,,0.11636289144315928,,,,,,,,
context_forcing+rule,0,940,"a kite on the top of a skateboard, front view",,,,,,,,,,,,0.6952343225199762,,,,,,,,
context_forcing+rule,0,941,"a kite on the bottom of a skateboard, front view",,,,,,,,,,,,0.027266635588247778,,,,,,,,
context_forcing+rule,0,942,"a skateboard on the top of a surfboard, front view",,,,,,,,,,,,0.17417692653329847,,,,,,,,
context_forcing+rule,0,943,"a skateboard on the bottom of a surfboard, front view",,,,,,,,,,,,0.8162687496636282,,,,,,,,
context_forcing+rule,0,944,"a surfboard on the top of skis, front view",,,,,,,,,,,,0.03819593491342011,,,,,,,,
context_forcing+rule,0,945,"a surfboard on the bottom of skis, front view",,,,,,,,,,,,0.15539597304889546,,,,,,,,
